step,loss,recon_loss,sim_loss,var_loss,cov_loss,per_dim_std
201,3873.459228515625,0.23527731001377106,3819.025146484375,1.9420826435089111,5.576586318056798e-06,
202,3779.85205078125,0.23397959768772125,3725.772705078125,1.9291777610778809,1.950724981725216e-05,
203,3688.98681640625,0.23284856975078583,3635.431396484375,1.9092966318130493,6.863477028673515e-05,
204,3599.30126953125,0.23154646158218384,3545.93505859375,1.903027892112732,7.645559526281431e-05,
205,3513.5732421875,0.230337455868721,3460.490966796875,1.892834186553955,0.0001184444481623359,
206,3433.44287109375,0.22917407751083374,3381.2509765625,1.858081340789795,0.00042298424523323774,
207,3351.912353515625,0.22793251276016235,3300.375732421875,1.8326703310012817,0.0008616037666797638,
208,3268.976806640625,0.22669847309589386,3218.58056640625,1.786085605621338,0.003061985829845071,
209,3188.811767578125,0.22551469504833221,3139.106689453125,1.7584900856018066,0.004196871537715197,
210,3108.714599609375,0.22441667318344116,3059.754150390625,1.7258816957473755,0.0081181600689888,
211,3034.58154296875,0.22322960197925568,2986.6337890625,1.6818370819091797,0.012844341807067394,
212,2967.806884765625,0.2218317985534668,2919.956298828125,1.6797447204589844,0.012444830499589443,
213,2892.07177734375,0.22053885459899902,2845.071533203125,1.6392796039581299,0.020191267132759094,
214,2819.5625,0.21928508579730988,2773.66748046875,1.5716817378997803,0.04483436048030853,
215,2750.861083984375,0.2179809808731079,2705.5888671875,1.5211563110351562,0.07175327837467194,
216,2683.287841796875,0.21666467189788818,2637.585693359375,1.3615355491638184,0.24988877773284912,
217,2601.040771484375,0.21524059772491455,2556.59521484375,1.3994027376174927,0.16317790746688843,
218,2533.024658203125,0.21378028392791748,2487.027099609375,1.2935118675231934,0.33260881900787354,
219,2457.894287109375,0.21226249635219574,2412.580078125,1.3669004440307617,0.23340439796447754,
220,2390.8681640625,0.21085403859615326,2346.086181640625,1.2942087650299072,0.286217600107193,
221,2313.005859375,0.2091718465089798,2269.62890625,1.3018128871917725,0.22409667074680328,
222,2233.1904296875,0.207672119140625,2190.9892578125,1.3589531183242798,0.12141893059015274,
223,2161.46630859375,0.2059813141822815,2120.170654296875,1.3091208934783936,0.13672485947608948,
224,2073.7919921875,0.20435209572315216,2033.0689697265625,1.3706693649291992,0.05389927327632904,
225,2008.720458984375,0.20261423289775848,1966.8212890625,1.3867928981781006,0.08655797690153122,
226,1941.2303466796875,0.20102329552173615,1899.4156494140625,1.4184664487838745,0.05309727415442467,
227,1872.107666015625,0.1990940123796463,1830.9134521484375,1.3895361423492432,0.05913906916975975,
228,1787.1534423828125,0.19748085737228394,1747.499755859375,1.3452695608139038,0.043398525565862656,
229,1721.3289794921875,0.19539153575897217,1679.9969482421875,1.3585236072540283,0.09936682134866714,
230,1649.5433349609375,0.19345350563526154,1611.0584716796875,1.2416659593582153,0.10427694022655487,
231,1582.952392578125,0.19124186038970947,1544.59033203125,1.2521164417266846,0.09112515300512314,
232,1502.058837890625,0.18926572799682617,1465.012451171875,1.2077103853225708,0.08487753570079803,
233,1433.7388916015625,0.1872621327638626,1394.4302978515625,1.1650811433792114,0.22000062465667725,
234,1363.3209228515625,0.18485276401042938,1324.1051025390625,1.1689651012420654,0.2148168981075287,
235,1296.6407470703125,0.18263740837574005,1260.4560546875,1.1060384511947632,0.15871328115463257,
236,1220.5645751953125,0.17969800531864166,1183.9866943359375,1.1754486560821533,0.10796748846769333,
237,1151.5784912109375,0.17798082530498505,1113.0166015625,1.1061815023422241,0.25831401348114014,
238,1084.8380126953125,0.17608694732189178,1045.2730712890625,1.1280267238616943,0.2784850001335144,
239,1019.399658203125,0.17267675697803497,979.1378173828125,1.1773676872253418,0.26042869687080383,
240,956.0411987304688,0.17122961580753326,921.1337280273438,1.1431745290756226,0.08189480751752853,
241,886.9475708007812,0.16846127808094025,853.5770263671875,1.1197515726089478,0.046607840806245804,
242,823.9450073242188,0.16650359332561493,789.8876342773438,1.1248738765716553,0.07091627269983292,
243,758.3792114257812,0.1635914444923401,723.10595703125,1.1674376726150513,0.07990191131830215,
244,700.1127319335938,0.16101936995983124,666.2824096679688,1.1055240631103516,0.08667035400867462,
245,640.6466064453125,0.16019265353679657,608.8253173828125,1.0966894626617432,0.01597001776099205,
246,592.052734375,0.16023339331150055,561.0226440429688,1.0140018463134766,0.06696939468383789,
247,536.3449096679688,0.15653634071350098,505.7650146484375,1.0205051898956299,0.04615418612957001,
248,488.6800842285156,0.15597032010555267,457.3639831542969,1.0433162450790405,0.053357772529125214,
249,440.6340026855469,0.1556776911020279,410.9379577636719,1.0190820693969727,0.013082046993076801,
250,392.74322509765625,0.15232650935649872,364.7255859375,0.9460160136222839,0.022363513708114624,
251,350.9476013183594,0.1503724306821823,323.017822265625,0.942476212978363,0.02434251271188259,
252,310.328369140625,0.14853721857070923,282.1869812011719,0.9528828859329224,0.024235708639025688,
253,277.34503173828125,0.14554740488529205,249.1977081298828,0.8676038980484009,0.11274115741252899,
254,243.84817504882812,0.14049656689167023,216.57810974121094,0.8694295883178711,0.08087649196386337,
255,208.67062377929688,0.13763613998889923,183.19869995117188,0.8426592946052551,0.0385812446475029,
256,191.58209228515625,0.13519437611103058,164.59764099121094,0.8065392374992371,0.13764427602291107,
257,156.7986602783203,0.1321844607591629,133.89627075195312,0.636547863483429,0.14736345410346985,
258,143.33067321777344,0.12821705639362335,118.72544860839844,0.6181179285049438,0.23787376284599304,
259,128.3381805419922,0.123533695936203,103.14605712890625,0.573979914188385,0.3101712167263031,
260,107.59877014160156,0.12366393953561783,82.8120346069336,0.5996642708778381,0.26814135909080505,
261,98.05084991455078,0.11916089057922363,72.72335815429688,0.5598642826080322,0.334074467420578,
262,85.20869445800781,0.11525098234415054,63.64557647705078,0.5010097026824951,0.2462639957666397,
263,76.0453872680664,0.1126871407032013,54.34671401977539,0.47204235196113586,0.2832174301147461,
264,69.89514923095703,0.10755481570959091,48.2217903137207,0.45297160744667053,0.3064079284667969,
265,65.77902221679688,0.10600467771291733,42.58702850341797,0.5795512199401855,0.24212400615215302,
266,57.122127532958984,0.10108514875173569,37.86797332763672,0.5331198573112488,0.1359611451625824,
267,52.81297302246094,0.10001680254936218,31.72919273376465,0.533510148525238,0.20982423424720764,
268,47.46515655517578,0.09800662845373154,26.76095962524414,0.6285139918327332,0.1016472652554512,
269,42.400787353515625,0.09469426423311234,22.42046546936035,0.5644068121910095,0.14011171460151672,
270,40.211570739746094,0.09556486457586288,16.639331817626953,0.6659863591194153,0.1813383847475052,
271,31.238327026367188,0.09237197786569595,12.028756141662598,0.4795161485671997,0.19649474322795868,
272,26.76421546936035,0.09321365505456924,7.9811577796936035,0.5516857504844666,0.10642287135124207,
273,24.44310760498047,0.0907474160194397,6.292557716369629,0.5536801815032959,0.0815943032503128,
274,24.003843307495117,0.09248751401901245,3.076596736907959,0.4961825907230377,0.24841976165771484,
275,25.916845321655273,0.08838427066802979,1.8077484369277954,0.5532695651054382,0.3227100670337677,
276,21.56374740600586,0.08514796942472458,2.4558331966400146,0.5020475387573242,0.17712107300758362,
277,24.310115814208984,0.08421462774276733,4.2719926834106445,0.3900831937789917,0.3272271156311035,
278,24.69654083251953,0.08465686440467834,5.162632465362549,0.5604022145271301,0.1362973302602768,
279,25.402973175048828,0.08462730795145035,6.652126312255859,0.4868535101413727,0.1785530000925064,
280,25.048086166381836,0.08307497948408127,6.61803674697876,0.5029463171958923,0.1511807143688202,
281,29.987499237060547,0.08572905510663986,7.99178409576416,0.5769350528717041,0.2171645164489746,
282,27.385482788085938,0.08050645142793655,6.113887786865234,0.5580422282218933,0.21231511235237122,
283,25.274423599243164,0.08241717517375946,4.675421237945557,0.5960059762001038,0.14553695917129517,
284,22.854515075683594,0.07933836430311203,3.5186476707458496,0.6144012808799744,0.07969505339860916,
285,22.404186248779297,0.0780927836894989,3.135741949081421,0.5497366189956665,0.14290829002857208,
286,21.57680892944336,0.08297904580831528,2.1665031909942627,0.6110987663269043,0.08233435451984406,
287,22.010400772094727,0.08017043769359589,2.006998062133789,0.5470255613327026,0.17294007539749146,
288,19.317203521728516,0.07599183171987534,2.3390746116638184,0.4493967294692993,0.15373656153678894,
289,20.610074996948242,0.07673477381467819,2.307432174682617,0.41504400968551636,0.2403268814086914,
290,20.484691619873047,0.07258322089910507,2.12251615524292,0.43225210905075073,0.22965165972709656,
291,20.268951416015625,0.06959585845470428,2.0481209754943848,0.44025877118110657,0.21897855401039124,
292,19.311080932617188,0.0704219713807106,2.04437255859375,0.4510553181171417,0.16919103264808655,
293,17.01509666442871,0.06887336820363998,2.936289072036743,0.41100141406059265,0.08327750861644745,
294,19.02147102355957,0.0645608976483345,2.5937066078186035,0.45727524161338806,0.1352744698524475,
295,18.630266189575195,0.06801670789718628,2.61576247215271,0.4486580789089203,0.12390533089637756,
296,19.59063148498535,0.06550624966621399,2.6753485202789307,0.41396626830101013,0.19713878631591797,
297,21.256610870361328,0.060041531920433044,2.1775739192962646,0.3638710677623749,0.3392488956451416,
298,12.779827117919922,0.06299148499965668,1.9381846189498901,0.3044295012950897,0.06624472886323929,
299,16.05793571472168,0.0606503002345562,1.8200312852859497,0.32396697998046875,0.18489888310432434,
300,15.985267639160156,0.057743191719055176,1.757814884185791,0.3290463089942932,0.1823086142539978,
301,15.301634788513184,0.06100351735949516,2.0825202465057373,0.2807697355747223,0.18699133396148682,
302,14.187359809875488,0.0577336847782135,2.149951696395874,0.26926639676094055,0.1544962376356125,
303,16.990266799926758,0.05277586355805397,2.3797359466552734,0.22327136993408203,0.30837398767471313,
304,16.406007766723633,0.055760156363248825,2.332033634185791,0.23414523899555206,0.2730535864830017,
305,13.133466720581055,0.05392610654234886,2.262606620788574,0.2246783822774887,0.1562299132347107,
306,16.551279067993164,0.057393450289964676,2.3782289028167725,0.2518305778503418,0.2576979696750641,
307,15.613719940185547,0.05427948758006096,2.1424036026000977,0.3655247986316681,0.11904837936162949,
308,19.291637420654297,0.05381330847740173,2.133697509765625,0.32464882731437683,0.307855486869812,
309,13.801538467407227,0.05330803617835045,1.9958316087722778,0.28276166319847107,0.13615857064723969,
310,15.607683181762695,0.05454673245549202,1.9823060035705566,0.3571872115135193,0.1332811415195465,
311,11.173584938049316,0.050842151045799255,1.7726695537567139,0.2740597426891327,0.05113472416996956,
312,12.607389450073242,0.052207138389348984,1.7567741870880127,0.3470325767993927,0.03478487208485603,
313,13.676939964294434,0.04930208623409271,1.9250574111938477,0.3884207606315613,0.03235243260860443,
314,15.046815872192383,0.04928208887577057,1.905144453048706,0.35963067412376404,0.11675412207841873,
315,12.433236122131348,0.04921926558017731,2.0104820728302,0.27345263957977295,0.0942382887005806,
316,12.260834693908691,0.044514358043670654,2.0191431045532227,0.3029988408088684,0.06215447932481766,
317,12.491674423217773,0.04470750316977501,2.3722996711730957,0.2835536301136017,0.0765138566493988,
318,15.896443367004395,0.04124167189002037,2.0471296310424805,0.33725520968437195,0.17547565698623657,
319,19.596961975097656,0.03903794661164284,2.282294750213623,0.2834620177745819,0.37008675932884216,
320,15.743148803710938,0.0398908331990242,2.119518756866455,0.35372960567474365,0.1513247787952423,
321,20.347761154174805,0.03715883567929268,2.2492425441741943,0.29613783955574036,0.39064404368400574,
322,13.611288070678711,0.03704740107059479,2.1215357780456543,0.29119065403938293,0.1313520073890686,
323,18.625560760498047,0.03707318753004074,2.028482675552368,0.4534628987312317,0.17334705591201782,
324,15.115102767944336,0.03320212662220001,2.0100061893463135,0.44415906071662903,0.046842701733112335,
325,15.568731307983398,0.03195900842547417,1.7995095252990723,0.3426666557788849,0.17614321410655975,
326,13.18426513671875,0.031792134046554565,2.000335454940796,0.2832113802433014,0.13235366344451904,
327,20.31059455871582,0.02895415760576725,2.3249013423919678,0.3822478652000427,0.30822569131851196,
328,12.368790626525879,0.02822345308959484,1.8998709917068481,0.3149019479751587,0.07563140243291855,
329,11.939108848571777,0.02656463533639908,1.407206416130066,0.35265302658081055,0.04205840826034546,
330,15.242127418518066,0.0253133624792099,1.7464418411254883,0.3714425563812256,0.1430714726448059,
331,12.774686813354492,0.026891784742474556,1.4815986156463623,0.36426329612731934,0.060568444430828094,
332,13.567976951599121,0.02392871119081974,1.6696738004684448,0.3919709324836731,0.060032472014427185,
333,13.493440628051758,0.02120770327746868,1.6669862270355225,0.34175196290016174,0.11009851098060608,
334,15.57716178894043,0.021773844957351685,1.956186294555664,0.4321110248565674,0.09095418453216553,
335,14.179320335388184,0.0221962109208107,1.7930972576141357,0.33403918147087097,0.13921354711055756,
336,11.889105796813965,0.02025536634027958,1.8082640171051025,0.3124752938747406,0.07050301879644394,
337,17.168331146240234,0.018391674384474754,1.9366521835327148,0.2629702389240265,0.32790523767471313,
338,13.023042678833008,0.0190376415848732,2.2996439933776855,0.27137577533721924,0.13852253556251526,
339,13.050880432128906,0.019966011866927147,1.9225716590881348,0.2667955756187439,0.1583707481622696,
340,10.874601364135742,0.01851407065987587,2.2142276763916016,0.27422896027565,0.053671903908252716,
341,14.017558097839355,0.018978850916028023,2.13031268119812,0.2729521095752716,0.18355882167816162,
342,13.034431457519531,0.01931537687778473,2.2399349212646484,0.3174457550048828,0.09501872956752777,
343,15.112693786621094,0.018302589654922485,2.4175429344177246,0.27447089552879333,0.21503251791000366,
344,18.38823699951172,0.0196178387850523,2.397216796875,0.27928391098976135,0.34073907136917114,
345,20.608325958251953,0.019044939428567886,2.3305013179779053,0.3137602210044861,0.39830780029296875,
346,13.13263988494873,0.016942651942372322,2.2503747940063477,0.2744344472885132,0.14391347765922546,
347,13.233138084411621,0.01754576899111271,1.9824391603469849,0.3315454125404358,0.10093677043914795,
348,13.236884117126465,0.016208624467253685,2.0181705951690674,0.3776957094669342,0.05484425649046898,
349,13.734234809875488,0.015924543142318726,2.068776845932007,0.3026537597179413,0.14803999662399292,
350,14.571125030517578,0.016773922368884087,2.0457205772399902,0.43089422583580017,0.053348053246736526,
351,12.63578987121582,0.01609352044761181,1.9969909191131592,0.3390325605869293,0.07042586803436279,
352,13.580693244934082,0.015615078620612621,1.7075872421264648,0.321999728679657,0.13730941712856293,
353,16.439861297607422,0.015091572888195515,1.6010886430740356,0.34994566440582275,0.22851361334323883,
354,15.140091896057129,0.0146912457421422,1.9530823230743408,0.29682666063308716,0.2159624695777893,
355,12.723075866699219,0.014884975738823414,1.9830379486083984,0.3473806381225586,0.06733588874340057,
356,12.240108489990234,0.014721822924911976,1.865823745727539,0.3517482280731201,0.04850131645798683,
357,13.970516204833984,0.01477584708482027,2.0197458267211914,0.2837366461753845,0.17951831221580505,
358,13.643783569335938,0.01579541712999344,1.8038442134857178,0.29722321033477783,0.1605789214372635,
359,12.343931198120117,0.01320572104305029,2.0083537101745605,0.2965531051158905,0.10366424173116684,
360,15.512088775634766,0.013823012821376324,1.9081647396087646,0.2475668042898178,0.282767117023468,
361,12.397167205810547,0.014319851994514465,2.0449976921081543,0.2920272648334503,0.1077396497130394,
362,10.709465980529785,0.01394310686737299,1.639758825302124,0.3162226378917694,0.03262251615524292,
363,13.40129280090332,0.011666846461594105,1.7541327476501465,0.3368368446826935,0.11738273501396179,
364,11.93340015411377,0.012350785546004772,1.8422040939331055,0.34936487674713135,0.041932202875614166,
365,11.132722854614258,0.012440764345228672,2.108660936355591,0.2571936547756195,0.09132807701826096,
366,12.1530179977417,0.012295539490878582,1.863457441329956,0.27985504269599915,0.11943184584379196,
367,18.60295295715332,0.012101792730391026,1.866793155670166,0.2556222379207611,0.40172243118286133,
368,13.962779998779297,0.011452511884272099,2.330631732940674,0.26991233229637146,0.18392112851142883,
369,12.80101203918457,0.012284722179174423,1.837256669998169,0.3363238275051117,0.08994167298078537,
370,16.780263900756836,0.01179465651512146,1.8856263160705566,0.3237326741218567,0.26025813817977905,
371,16.047279357910156,0.012190385721623898,1.9853410720825195,0.34601911902427673,0.2042679786682129,
372,11.30610179901123,0.01121543813496828,1.9019076824188232,0.2873823046684265,0.07757002115249634,
373,12.324836730957031,0.010769040323793888,2.074739456176758,0.29572534561157227,0.10350948572158813,
374,10.752809524536133,0.011032253503799438,1.7178516387939453,0.3196789622306824,0.0306871235370636,
375,11.33454704284668,0.011083302088081837,1.82249116897583,0.3373008370399475,0.03209806978702545,
376,11.079360008239746,0.011278606951236725,1.766341209411621,0.3275057375431061,0.033736422657966614,
377,14.760332107543945,0.010199062526226044,1.9227337837219238,0.31024473905563354,0.19306015968322754,
378,10.019046783447266,0.011090452782809734,1.7534656524658203,0.27199023962020874,0.04754256829619408,
379,11.977856636047363,0.011529107578098774,1.9121942520141602,0.30612197518348694,0.08497539162635803,
380,16.85000991821289,0.00965165812522173,2.406700849533081,0.28958651423454285,0.2784942388534546,
381,16.545948028564453,0.010172064416110516,1.8864154815673828,0.26378822326660156,0.3124210238456726,
382,11.888675689697266,0.00972090195864439,1.903747320175171,0.31498509645462036,0.07469110935926437,
383,20.196561813354492,0.009709612466394901,2.029656171798706,0.2977183759212494,0.4192482829093933,
384,18.564220428466797,0.011400471441447735,2.448336124420166,0.2821824550628662,0.35105249285697937,
385,12.655765533447266,0.010055478662252426,2.256289005279541,0.2586713135242462,0.14725226163864136,
386,11.740386962890625,0.00978184025734663,2.04295015335083,0.26751893758773804,0.11059670895338058,
387,21.400094985961914,0.009361214935779572,2.4365806579589844,0.31532853841781616,0.43385082483291626,
388,13.016555786132812,0.009214804507791996,1.9659945964813232,0.27044111490249634,0.16236652433872223,
389,14.464502334594727,0.009042209945619106,1.9949052333831787,0.3457149565219879,0.1440267264842987,
390,11.906549453735352,0.010466977953910828,1.8520066738128662,0.3088803291320801,0.0828344002366066,
391,13.506898880004883,0.009230819530785084,1.861886978149414,0.3561786413192749,0.10039103031158447,
392,13.419211387634277,0.009717177599668503,1.672663927078247,0.3215327560901642,0.13861200213432312,
393,14.670225143432617,0.00955463107675314,1.8910160064697266,0.27111130952835083,0.2305024117231369,
394,11.924002647399902,0.009269011206924915,1.949982762336731,0.2918425500392914,0.09784924238920212,
395,10.95612907409668,0.00840334128588438,1.9730737209320068,0.27720868587493896,0.07371017336845398,
396,15.781055450439453,0.008189721964299679,1.8523659706115723,0.3008786737918854,0.24807922542095184,
397,12.30862808227539,0.009593523107469082,1.9148460626602173,0.32306942343711853,0.08308836072683334,
398,14.797253608703613,0.01065410953015089,1.608703374862671,0.3668615520000458,0.1500263661146164,
399,12.007367134094238,0.01034246664494276,1.7362310886383057,0.32347458600997925,0.07702839374542236,
400,13.776562690734863,0.008989940397441387,1.9972031116485596,0.3054347038269043,0.15674974024295807,
401,13.727392196655273,0.008569441735744476,1.735095739364624,0.3510972559452057,0.1200251430273056,
402,13.506010055541992,0.008736643008887768,2.1286959648132324,0.2881004214286804,0.158255472779274,
403,11.658088684082031,0.009518899954855442,1.8167650699615479,0.3141372501850128,0.06999681144952774,
404,11.78822135925293,0.008724509738385677,1.9141833782196045,0.3261886239051819,0.06004837900400162,
405,14.957924842834473,0.008329423144459724,1.9542624950408936,0.34800460934638977,0.16381242871284485,
406,16.0561466217041,0.008770317770540714,1.7769801616668701,0.3118223249912262,0.250573992729187,
407,15.3553466796875,0.008594303391873837,2.044739007949829,0.3110255300998688,0.21280448138713837,
408,12.89918041229248,0.00961390696465969,1.9528892040252686,0.2947366535663605,0.1335010528564453,
409,12.40473747253418,0.008533756248652935,2.290020227432251,0.29479485750198364,0.10126006603240967,
410,11.52127742767334,0.008539686910808086,2.1983320713043213,0.31425362825393677,0.05012449994683266,
411,13.561779022216797,0.00968465581536293,2.1408729553222656,0.32631003856658936,0.12084156274795532,
412,17.681644439697266,0.008638063445687294,2.0513880252838135,0.31919625401496887,0.2973759174346924,
413,11.296915054321289,0.007990620099008083,2.320140838623047,0.2606017589569092,0.0904785692691803,
414,13.594728469848633,0.008597323670983315,2.3557729721069336,0.2864968776702881,0.1544640064239502,
415,12.485321044921875,0.008918057195842266,1.9979974031448364,0.31345629692077637,0.0971185490489006,
416,10.951176643371582,0.00827991496771574,2.2164907455444336,0.29025521874427795,0.05085229128599167,
417,14.313806533813477,0.008806652389466763,2.1789863109588623,0.26403188705444336,0.21255426108837128,
418,13.700959205627441,0.008078781887888908,2.318927764892578,0.30826735496520996,0.1389351189136505,
419,13.009644508361816,0.007662524003535509,1.5453598499298096,0.30728521943092346,0.14362367987632751,
420,11.712104797363281,0.008160405792295933,2.3898262977600098,0.2572183609008789,0.10751239955425262,
421,14.64259147644043,0.008303157985210419,2.078451633453369,0.2622351348400116,0.2320273071527481,
422,16.700040817260742,0.007811158429831266,1.9297738075256348,0.26576414704322815,0.31723538041114807,
423,13.849489212036133,0.008015330880880356,1.5008968114852905,0.39154526591300964,0.0943831354379654,
424,11.418951034545898,0.008034983649849892,1.8306500911712646,0.34906983375549316,0.026427213102579117,
425,11.751696586608887,0.008129403926432133,1.8477697372436523,0.3134422302246094,0.07458547502756119,
426,11.716063499450684,0.00821270328015089,1.832482099533081,0.30428552627563477,0.08284500986337662,
427,12.194182395935059,0.007860925979912281,1.9641997814178467,0.28263846039772034,0.11869989335536957,
428,10.267525672912598,0.009114409796893597,1.9185998439788818,0.2864849865436554,0.038357608020305634,
429,13.770198822021484,0.0079813776537776,1.8672620058059692,0.35873323678970337,0.10940282791852951,
430,13.997272491455078,0.008083948865532875,1.7822487354278564,0.3594108819961548,0.1211061179637909,
431,15.93899154663086,0.008711484260857105,1.9454280138015747,0.3262580633163452,0.22477303445339203,
432,13.410953521728516,0.007912478409707546,2.1916935443878174,0.30023738741874695,0.14062052965164185,
433,13.825432777404785,0.008694331161677837,2.025573492050171,0.306949257850647,0.156350776553154,
434,15.759807586669922,0.008075294084846973,2.069497585296631,0.3579345643520355,0.18160255253314972,
435,12.127195358276367,0.00769934942945838,2.019103765487671,0.3117588758468628,0.08486540615558624,
436,10.684566497802734,0.008859432302415371,2.099799156188965,0.2849189341068268,0.04961233586072922,
437,10.544166564941406,0.007287296000868082,1.785028338432312,0.30224093794822693,0.040837280452251434,
438,18.053604125976562,0.008492681197822094,1.9348559379577637,0.2590554356575012,0.37720176577568054,
439,10.946807861328125,0.008395358920097351,2.0772082805633545,0.2910712659358978,0.05531734228134155,
440,21.353099822998047,0.008806341327726841,1.6376352310180664,0.28392747044563293,0.4958847165107727,
441,13.709640502929688,0.007922923192381859,1.5775585174560547,0.3590836822986603,0.1182766780257225,
442,12.192180633544922,0.008124065585434437,1.9782177209854126,0.32052773237228394,0.07990670204162598,
443,11.219327926635742,0.008205304853618145,1.613447666168213,0.3394881784915924,0.03654170036315918,
444,11.683876037597656,0.00823840219527483,2.03994083404541,0.276781290769577,0.10073769837617874,
445,12.937753677368164,0.0080547034740448,2.0569560527801514,0.2746274769306183,0.15254972875118256,
446,10.433279037475586,0.007565630134195089,1.7760963439941406,0.2929770052433014,0.04574466869235039,
447,16.564125061035156,0.007615951355546713,1.585843801498413,0.3139928877353668,0.27752238512039185,
448,13.284041404724121,0.007859105244278908,1.5633933544158936,0.36917874217033386,0.09178806096315384,
449,11.208001136779785,0.007236362900584936,1.6161353588104248,0.35462096333503723,0.021817298606038094,
450,11.307474136352539,0.007182454224675894,1.849300742149353,0.29165929555892944,0.07948518544435501,
451,12.842330932617188,0.006978371646255255,2.140310764312744,0.25674208998680115,0.16436031460762024,
452,12.583656311035156,0.007320604752749205,1.8325598239898682,0.344463974237442,0.07825930416584015,
453,17.335472106933594,0.008186147548258305,1.9373977184295654,0.29372963309288025,0.3140072524547577,
454,11.816920280456543,0.007030058652162552,1.9024978876113892,0.3039799928665161,0.08556682616472244,
455,11.381155014038086,0.007465168833732605,2.312485694885254,0.27025356888771057,0.0850280374288559,
456,12.669639587402344,0.007411661092191935,1.8644013404846191,0.31920212507247925,0.10559576004743576,
457,16.584226608276367,0.007554365321993828,1.8393309116363525,0.3722527027130127,0.20998874306678772,
458,10.774667739868164,0.007770668249577284,1.9022266864776611,0.2842528522014618,0.06287412345409393,
459,14.026839256286621,0.00697337044402957,2.102942705154419,0.29264238476753235,0.17734014987945557,
460,13.495341300964355,0.00787202175706625,1.752319097518921,0.26256224513053894,0.19928660988807678,
461,13.660924911499023,0.007565833628177643,1.774202823638916,0.3265412449836731,0.14136183261871338,
462,13.225902557373047,0.007249241229146719,1.9460740089416504,0.3201144337654114,0.1238294243812561,
463,11.52993106842041,0.007641848176717758,1.8136050701141357,0.2999955415725708,0.08101566135883331,
464,11.76905632019043,0.007510247174650431,1.5546891689300537,0.33781906962394714,0.06324534118175507,
465,13.93484115600586,0.007231980562210083,1.987586498260498,0.3463023900985718,0.12435585260391235,
466,12.04183578491211,0.006954286713153124,1.7998976707458496,0.32643261551856995,0.07629060745239258,
467,16.186368942260742,0.00695688696578145,1.6110103130340576,0.3781321942806244,0.19792523980140686,
468,12.377581596374512,0.007262438535690308,1.9298467636108398,0.26930534839630127,0.14134162664413452,
469,12.769732475280762,0.006875934079289436,2.185084104537964,0.29266780614852905,0.12384216487407684,
470,13.818479537963867,0.0066054328344762325,1.9465763568878174,0.32243940234184265,0.14583133161067963,
471,12.25023078918457,0.00707824295386672,2.127166748046875,0.26671653985977173,0.1311277598142624,
472,13.464214324951172,0.007002779748290777,1.8679635524749756,0.2778903543949127,0.17895689606666565,
473,11.628993034362793,0.006819506641477346,2.112484931945801,0.2786286473274231,0.0952121764421463,
474,15.671550750732422,0.007262272294610739,1.9980082511901855,0.3273777365684509,0.21230167150497437,
475,12.282063484191895,0.007188040763139725,2.022080659866333,0.29924118518829346,0.10397011041641235,
476,13.437295913696289,0.007202293258160353,1.79634428024292,0.2780347168445587,0.1804010570049286,
477,12.222024917602539,0.006296426523476839,1.8913404941558838,0.29991793632507324,0.10701300203800201,
478,12.63400936126709,0.007149368524551392,1.7692210674285889,0.38233691453933716,0.04510526359081268,
479,13.881083488464355,0.006245156284421682,1.7272827625274658,0.4125823378562927,0.06732457131147385,
480,17.28719711303711,0.006651394069194794,1.5819213390350342,0.41667547821998596,0.20488418638706207,
481,11.660265922546387,0.007050938904285431,1.6453828811645508,0.3119329512119293,0.08161146193742752,
482,13.556564331054688,0.0069742281921207905,1.8498427867889404,0.3076145350933075,0.15368008613586426,
483,15.34016227722168,0.00622745743021369,1.675464391708374,0.3014553487300873,0.238905131816864,
484,13.326571464538574,0.007274899631738663,1.7824199199676514,0.25996512174606323,0.1945260614156723,
485,15.061131477355957,0.0073387804441154,1.9294424057006836,0.2755577862262726,0.24237099289894104,
486,13.275260925292969,0.006804587319493294,1.912430763244629,0.27991482615470886,0.16779381036758423,
487,11.455047607421875,0.006816086824983358,1.7226850986480713,0.31010571122169495,0.07237270474433899,
488,11.978489875793457,0.0068909116089344025,1.6668806076049805,0.36827370524406433,0.03729977458715439,
489,12.584039688110352,0.006699040066450834,1.7657254934310913,0.29248300194740295,0.13355053961277008,
490,13.900053977966309,0.007357552647590637,1.5350137948989868,0.41485288739204407,0.07239111512899399,
491,15.67724895477295,0.007241132203489542,1.5971057415008545,0.369767963886261,0.18619664013385773,
492,14.21964168548584,0.007009556051343679,1.9869575500488281,0.32795265316963196,0.15434516966342926,
493,9.99794864654541,0.006860231515020132,1.8886905908584595,0.2628147602081299,0.05469533056020737,
494,11.721216201782227,0.006806880235671997,1.7071590423583984,0.3266552686691284,0.0671001449227333,
495,13.448721885681152,0.006901030894368887,1.7059831619262695,0.3240344226360321,0.13877412676811218,
496,15.091484069824219,0.007039188873022795,1.8059072494506836,0.27359065413475037,0.2507932186126709,
497,15.129129409790039,0.006945617031306028,1.7562808990478516,0.41037654876708984,0.11759176850318909,
498,12.684531211853027,0.006826768163591623,2.0186641216278076,0.30604785680770874,0.11376004666090012,
499,12.325190544128418,0.007201015949249268,1.9134948253631592,0.29063355922698975,0.11863324046134949,
500,13.287654876708984,0.006582182366400957,1.6562310457229614,0.32631003856658936,0.13236472010612488,"[0.20657750964164734, 1.0429238080978394, 1.2235305309295654]"
501,14.048788070678711,0.0065685962326824665,1.827995777130127,0.2875586152076721,0.19470451772212982,
502,11.53415584564209,0.0065075308084487915,2.330348014831543,0.2697380781173706,0.09190668165683746,
503,11.203577041625977,0.007280381396412849,1.7376294136047363,0.32300499081611633,0.04835250973701477,
504,12.198073387145996,0.006344854366034269,1.9378039836883545,0.27800554037094116,0.1260603815317154,
505,11.976523399353027,0.006652139592915773,1.9140942096710205,0.27933576703071594,0.11650928854942322,
506,10.995768547058105,0.006400922778993845,1.8258731365203857,0.32847121357917786,0.03192368894815445,
507,11.833983421325684,0.006653632503002882,1.8760300874710083,0.2715208828449249,0.12014361470937729,
508,12.470915794372559,0.006665785331279039,1.9485361576080322,0.35904285311698914,0.05518652871251106,
509,12.432181358337402,0.006710318382829428,1.8635475635528564,0.338613897562027,0.07742112874984741,
510,16.57315444946289,0.006189204286783934,2.1192169189453125,0.2780587077140808,0.29390960931777954,
511,12.467306137084961,0.006749310996383429,1.6505411863327026,0.37446266412734985,0.05145861953496933,
512,10.686092376708984,0.006415377836674452,1.6901049613952637,0.31124863028526306,0.04217547923326492,
513,10.455768585205078,0.006284614559262991,2.0840089321136475,0.27965906262397766,0.0489266999065876,
514,10.310602188110352,0.006229618098586798,1.97206449508667,0.2971867322921753,0.030125169083476067,
515,15.923517227172852,0.006515431683510542,2.4563770294189453,0.2794955372810364,0.2526746392250061,
516,12.143603324890137,0.006719361525028944,1.9551935195922852,0.3128356635570526,0.08798137307167053,
517,14.227282524108887,0.006015267223119736,1.8979406356811523,0.2800581455230713,0.2071002721786499,
518,16.0197811126709,0.006128090899437666,1.8283116817474365,0.351919561624527,0.20961114764213562,
519,17.2392520904541,0.0062874057330191135,2.1650447845458984,0.27262815833091736,0.32405272126197815,
520,11.937803268432617,0.0058351545594632626,2.0763020515441895,0.2880133092403412,0.100611612200737,
521,9.335729598999023,0.005916189402341843,1.8445229530334473,0.2529944181442261,0.04073762893676758,
522,9.698068618774414,0.005983821582049131,1.7595131397247314,0.29018983244895935,0.021368570625782013,
523,9.88785457611084,0.0061802188865840435,1.8459291458129883,0.2707187831401825,0.0447780042886734,
524,11.630703926086426,0.0063195545226335526,2.0595626831054688,0.3341592252254486,0.042366862297058105,
525,15.528271675109863,0.006568910088390112,2.1539719104766846,0.30013954639434814,0.22826355695724487,
526,11.234746932983398,0.006476810202002525,1.7656136751174927,0.33071595430374146,0.041572585701942444,
527,13.869827270507812,0.0062912567518651485,1.739780306816101,0.3634028136730194,0.11550779640674591,
528,12.502182006835938,0.006094358395785093,1.8987009525299072,0.3419182598590851,0.07612664997577667,
529,9.601841926574707,0.006277153734117746,1.8260350227355957,0.2660718262195587,0.03868328034877777,
530,12.256265640258789,0.005974227096885443,1.780656099319458,0.3150378167629242,0.09801235049962997,
531,13.195967674255371,0.006417012307792902,1.6499300003051758,0.3891140818595886,0.06631044298410416,
532,10.464137077331543,0.006252487655729055,1.8214046955108643,0.31532734632492065,0.02412947081029415,
533,12.936898231506348,0.006108270492404699,1.937331199645996,0.31422626972198486,0.11964812874794006,
534,15.98300552368164,0.0062224422581493855,1.5986897945404053,0.2972107231616974,0.2719394564628601,
535,13.247275352478027,0.005860932637006044,1.9218953847885132,0.3023085296154022,0.14484573900699615,
536,10.092754364013672,0.005868082400411367,2.169694185256958,0.2621125876903534,0.04894175007939339,
537,13.98574161529541,0.006044916342943907,2.1170003414154053,0.2995312511920929,0.1691734790802002,
538,12.939577102661133,0.006023775786161423,2.0409226417541504,0.25993940234184265,0.16998301446437836,
539,17.42032241821289,0.005987740587443113,1.9754472970962524,0.2509301006793976,0.3608771562576294,
540,11.021062850952148,0.006015460938215256,1.87199068069458,0.2608353793621063,0.09911205619573593,
541,10.594600677490234,0.00568140484392643,2.1690826416015625,0.2839323580265045,0.04740696772933006,
542,10.7750883102417,0.005669501144438982,1.8538503646850586,0.27769750356674194,0.07348249852657318,
543,12.633356094360352,0.005977284163236618,1.9579182863235474,0.2686334252357483,0.15240681171417236,
544,13.938865661621094,0.005903670098632574,1.9756600856781006,0.2680443823337555,0.204580157995224,
545,9.945344924926758,0.006580426823347807,1.7594971656799316,0.2932177782058716,0.02763570100069046,
546,13.291908264160156,0.0070461914874613285,1.9871668815612793,0.27084270119667053,0.17430077493190765,
547,12.659643173217773,0.007338270545005798,1.9810068607330322,0.2537102997303009,0.16609688103199005,
548,10.505375862121582,0.0060080611146986485,2.118391752243042,0.26622164249420166,0.06324967741966248,
549,14.58473014831543,0.006190188694745302,1.333648443222046,0.300523579120636,0.22332951426506042,
550,12.038301467895508,0.007186353672295809,1.5076487064361572,0.29713258147239685,0.11690718680620193,
551,16.74090003967285,0.0066348533146083355,1.7424514293670654,0.2904958724975586,0.3028072714805603,
552,15.0271635055542,0.005752352997660637,2.1779778003692627,0.2987939417362213,0.20942115783691406,
553,9.913642883300781,0.006246782373636961,1.890430212020874,0.25816652178764343,0.05651519447565079,
554,12.806343078613281,0.006693920586258173,1.5773694515228271,0.4157155156135559,0.0267495010048151,
555,18.547765731811523,0.006413344759494066,2.0133605003356934,0.2845889925956726,0.3703738749027252,
556,10.83302116394043,0.005796806886792183,1.6843814849853516,0.3082714378833771,0.051877327263355255,
557,11.541690826416016,0.006241810042411089,1.91737699508667,0.24467535316944122,0.13405539095401764,
558,11.46272087097168,0.005978456232696772,1.7078585624694824,0.29313817620277405,0.09107784926891327,
559,11.969079971313477,0.005713573191314936,1.8874225616455078,0.2752614915370941,0.12229122221469879,
560,11.259893417358398,0.005866633262485266,1.8611302375793457,0.29782918095588684,0.07225467264652252,
561,10.945291519165039,0.005762070417404175,1.6207079887390137,0.2634880244731903,0.10373322665691376,
562,10.150689125061035,0.005566797684878111,1.730093002319336,0.2755397856235504,0.055717259645462036,
563,11.905923843383789,0.006588529795408249,1.6558773517608643,0.3270303010940552,0.0763830691576004,
564,9.812228202819824,0.005596653092652559,1.781164288520813,0.29758429527282715,0.018061617389321327,
565,11.25240421295166,0.00620293989777565,2.1038691997528076,0.3080642819404602,0.051674164831638336,
566,16.558433532714844,0.006358995568007231,1.9274647235870361,0.2895992696285248,0.2892804443836212,
567,21.702632904052734,0.00578581215813756,1.9224592447280884,0.2982942461967468,0.4871269166469574,
568,10.596214294433594,0.005857209209352732,1.8085017204284668,0.2840237021446228,0.061627574265003204,
569,11.615090370178223,0.0059922258369624615,1.6923551559448242,0.2637232840061188,0.12719391286373138,
570,10.138504981994629,0.006017394829541445,1.9382917881011963,0.29234811663627625,0.02964303269982338,
571,16.33324432373047,0.006166756618767977,1.7350473403930664,0.34645557403564453,0.23130552470684052,
572,13.472954750061035,0.006195314694195986,1.7901524305343628,0.32553741335868835,0.13557936251163483,
573,10.124968528747559,0.005339022260159254,1.9046478271484375,0.29152384400367737,0.0319499596953392,
574,10.682413101196289,0.005934853572398424,1.8979344367980957,0.27392858266830444,0.07151570171117783,
575,13.544425964355469,0.006208118051290512,2.0700185298919678,0.2617936134338379,0.19097453355789185,
576,10.890315055847168,0.005460001993924379,1.6029168367385864,0.2572459876537323,0.10878995060920715,
577,13.024819374084473,0.006161892786622047,2.0086584091186523,0.32969537377357483,0.10478918999433517,
578,11.051994323730469,0.005992142017930746,1.9219346046447754,0.2944161891937256,0.06479402631521225,
579,10.774125099182129,0.005813913885504007,1.8996250629425049,0.21477775275707245,0.13438832759857178,
580,10.042816162109375,0.00544687919318676,1.6901938915252686,0.2303394079208374,0.09831859916448593,
581,9.747937202453613,0.005782678257673979,1.4530442953109741,0.25657838582992554,0.06943464279174805,
582,13.602583885192871,0.0053684301674366,1.7232463359832764,0.2583933472633362,0.2114117443561554,
583,16.778839111328125,0.005680093541741371,1.9287400245666504,0.24806994199752808,0.34025388956069946,
584,9.501171112060547,0.0056218295358121395,1.8115991353988647,0.2406405806541443,0.061320483684539795,
585,8.921906471252441,0.005542135331779718,1.8152103424072266,0.2459682822227478,0.03275741636753082,
586,11.029736518859863,0.0059732780791819096,1.287409782409668,0.3459717333316803,0.037748076021671295,
587,9.648600578308105,0.006005467381328344,1.7057167291641235,0.23956941068172455,0.07214048504829407,
588,12.804988861083984,0.005828501656651497,1.4245595932006836,0.339082270860672,0.11030639708042145,
589,12.558755874633789,0.005152634810656309,1.9257967472076416,0.2358645796775818,0.18430118262767792,
590,13.606972694396973,0.0054860953241586685,1.5463283061981201,0.29775500297546387,0.179184690117836,
591,10.104287147521973,0.005632536485791206,1.5357424020767212,0.2870059311389923,0.05010330304503441,
592,11.8866548538208,0.0053705922327935696,1.448972463607788,0.2839241325855255,0.12821254134178162,
593,11.614728927612305,0.0053509995341300964,1.8695361614227295,0.35192885994911194,0.03252783045172691,
594,14.4259614944458,0.005487784743309021,1.6428749561309814,0.3046919107437134,0.2011438012123108,
595,12.293346405029297,0.005409455392509699,1.5537524223327637,0.3113516569137573,0.11282265186309814,
596,9.405954360961914,0.005778277758508921,1.5888943672180176,0.2639331519603729,0.042970962822437286,
597,10.586577415466309,0.0058429245837032795,1.8109960556030273,0.272132933139801,0.07304736971855164,
598,9.165050506591797,0.005169787909835577,1.6940150260925293,0.23954662680625916,0.054125018417835236,
599,13.240118026733398,0.00536854425445199,2.0041685104370117,0.27095136046409607,0.17311808466911316,
600,10.117383003234863,0.005495889112353325,2.0064268112182617,0.2547936737537384,0.0641486719250679,
601,12.018933296203613,0.005404187832027674,1.897090196609497,0.32340818643569946,0.07606131583452225,
602,6.936337947845459,0.0054635857231915,1.670271873474121,0.18703581392765045,0.01814325526356697,
603,9.230696678161621,0.005517152603715658,1.9352411031723022,0.2130810022354126,0.07322007417678833,
604,12.362569808959961,0.005728546530008316,1.8752264976501465,0.27645352482795715,0.137311652302742,
605,9.401333808898926,0.0057395752519369125,1.9539169073104858,0.20797739923000336,0.08417972922325134,
606,8.884407997131348,0.005158969666808844,1.6196683645248413,0.21538309752941132,0.0700475424528122,
607,9.260627746582031,0.005302491132169962,1.9702832698822021,0.20672418177127838,0.07958708703517914,
608,10.953927993774414,0.005628965795040131,2.2529566287994385,0.2435518503189087,0.0988580733537674,
609,15.789238929748535,0.004904965870082378,1.7554867267608643,0.22397296130657196,0.33247220516204834,
610,11.321298599243164,0.004861537832766771,2.0366246700286865,0.27100929617881775,0.09551608562469482,
611,10.354179382324219,0.0054484158754348755,2.0848770141601562,0.14086632430553436,0.18445733189582825,
612,11.067281723022461,0.005265744403004646,1.9692721366882324,0.2231374979019165,0.1355171650648117,
613,8.916629791259766,0.005245450884103775,2.2075390815734863,0.21923665702342987,0.04388151317834854,
614,9.391483306884766,0.005072217900305986,2.1347179412841797,0.19261400401592255,0.09258440881967545,
615,10.461467742919922,0.005293001886457205,2.0171384811401367,0.1962571144104004,0.13622304797172546,
616,17.128559112548828,0.0052854991517961025,2.3123979568481445,0.1967938393354416,0.3905670940876007,
617,8.353304862976074,0.005486516747623682,2.1139023303985596,0.19287295639514923,0.05121661722660065,
618,11.229361534118652,0.005088021047413349,2.0650413036346436,0.184102401137352,0.17738236486911774,
619,9.181804656982422,0.005536688957363367,1.9284782409667969,0.21803522109985352,0.06656112521886826,
620,7.848904132843018,0.005537301301956177,1.776298999786377,0.21174858510494232,0.02561832405626774,
621,9.02322006225586,0.0051998537965118885,1.54164719581604,0.2337096929550171,0.0603533573448658,
622,14.876380920410156,0.005214976612478495,2.235445499420166,0.2244558334350586,0.2759666442871094,
623,10.46541976928711,0.005079929251223803,2.139335870742798,0.25293219089508057,0.07503122836351395,
624,8.112482070922852,0.004822670482099056,2.230928659439087,0.1560346484184265,0.07440480589866638,
625,11.126171112060547,0.005064584780484438,1.7979655265808105,0.24542510509490967,0.1226385310292244,
626,9.450582504272461,0.00516953831538558,1.866513729095459,0.15542423725128174,0.1427689641714096,
627,10.945770263671875,0.0053679849952459335,1.7728838920593262,0.15805059671401978,0.20349682867527008,
628,7.942500591278076,0.005445437040179968,1.932837963104248,0.18174253404140472,0.053198523819446564,
629,9.420318603515625,0.005697083193808794,1.708812952041626,0.1944553405046463,0.10830783098936081,
630,6.91835880279541,0.005164402071386576,1.9403952360153198,0.148770272731781,0.04518386349081993,
631,11.575604438781738,0.005411966238170862,1.8694181442260742,0.20615161955356598,0.17668388783931732,
632,11.100171089172363,0.005531995091587305,1.649320363998413,0.3091260492801666,0.06337597221136093,
633,10.842947959899902,0.005285811144858599,2.1636478900909424,0.18388338387012482,0.1580028235912323,
634,11.306295394897461,0.006032585632055998,2.196362018585205,0.19115470349788666,0.16721004247665405,
635,11.082223892211914,0.004770513623952866,2.0098366737365723,0.2198113054037094,0.1383136510848999,
636,10.55343246459961,0.005460654851049185,1.945565938949585,0.20285481214523315,0.13599920272827148,
637,8.675651550292969,0.0051631624810397625,2.107353925704956,0.13908229768276215,0.1184864193201065,
638,11.14190673828125,0.005766076967120171,1.7993731498718262,0.18889586627483368,0.17903940379619598,
639,9.790185928344727,0.005544068291783333,1.9337172508239746,0.20624752342700958,0.1024671345949173,
640,8.799532890319824,0.005064188968390226,1.6335790157318115,0.17552626132965088,0.10604771971702576,
641,16.924198150634766,0.005153745412826538,1.6356868743896484,0.22749967873096466,0.37888702750205994,
642,12.499085426330566,0.0052717593498528,2.2112436294555664,0.18401040136814117,0.22223150730133057,
643,11.528188705444336,0.005033791530877352,1.8801325559616089,0.1445109099149704,0.23637755215168,
644,8.79141902923584,0.005764002446085215,1.8246577978134155,0.20033273100852966,0.0725736990571022,
645,8.688058853149414,0.005829555913805962,1.700831651687622,0.16300511360168457,0.11065441370010376,
646,9.7357177734375,0.005016927607357502,1.4331789016723633,0.2615100145339966,0.06557461619377136,
647,8.596294403076172,0.00518549932166934,1.541928768157959,0.20157372951507568,0.07541538774967194,
648,7.208491325378418,0.005212180316448212,1.6820979118347168,0.14931772649288177,0.06652583181858063,
649,11.64816665649414,0.005020080599933863,1.613321304321289,0.20667877793312073,0.18969494104385376,
650,12.082902908325195,0.005294191185384989,1.6197640895843506,0.14938311278820038,0.2638482451438904,
651,8.50971508026123,0.005002032965421677,2.027372360229492,0.1591394990682602,0.09515215456485748,
652,10.617107391357422,0.004853588994592428,2.016331672668457,0.16855281591415405,0.17062461376190186,
653,8.697504997253418,0.005092897918075323,1.7245290279388428,0.18869271874427795,0.08513341844081879,
654,8.490918159484863,0.005250892136245966,1.676267385482788,0.23397743701934814,0.03335771709680557,
655,8.128252029418945,0.005050173029303551,1.8974865674972534,0.10347796976566315,0.140702486038208,
656,7.868193626403809,0.005119569133967161,2.073087692260742,0.16103999316692352,0.06564465910196304,
657,10.157238006591797,0.005258696619421244,1.7933053970336914,0.13311871886253357,0.19617989659309387,
658,12.756118774414062,0.005303459241986275,2.0402417182922363,0.1368514597415924,0.286480188369751,
659,8.471149444580078,0.005192866083234549,1.8738046884536743,0.15712173283100128,0.10157918930053711,
660,10.09510612487793,0.005183569621294737,1.8468575477600098,0.1234518513083458,0.20129451155662537,
661,10.5276460647583,0.004827228374779224,1.8227545022964478,0.2364039123058319,0.10696452111005783,
662,7.6772356033325195,0.004781307186931372,1.566624641418457,0.18784257769584656,0.05180055648088455,
663,10.080886840820312,0.005267040804028511,1.747696876525879,0.11926853656768799,0.20879203081130981,
664,7.700484275817871,0.004550098441541195,1.828643560409546,0.15039899945259094,0.07992453873157501,
665,6.990878105163574,0.005122854840010405,1.968165636062622,0.07513455301523209,0.12065108120441437,
666,13.093367576599121,0.005011491011828184,1.8358180522918701,0.15594924986362457,0.2893412411212921,
667,11.75506591796875,0.0050224182195961475,1.8634874820709229,0.07607416063547134,0.31456655263900757,
668,7.709904670715332,0.005479056853801012,1.982070803642273,0.13215501606464386,0.09147927165031433,
669,11.903156280517578,0.005169327836483717,1.5824265480041504,0.19920188188552856,0.20845800638198853,
670,9.097082138061523,0.005398963112384081,1.7910465002059937,0.059444326907396317,0.22739815711975098,
671,8.730255126953125,0.005297768861055374,1.4412965774536133,0.1503811776638031,0.13587941229343414,
672,8.267814636230469,0.0049719056114554405,1.767416000366211,0.15995663404464722,0.09508737921714783,
673,7.887910842895508,0.005149754695594311,1.9356638193130493,0.14331302046775818,0.08962711691856384,
674,6.355741500854492,0.004873598460108042,1.7558443546295166,0.13103041052818298,0.04809187352657318,
675,10.308104515075684,0.005065900273621082,1.4131146669387817,0.1429484784603119,0.2077852189540863,
676,10.933938026428223,0.0052929469384253025,1.7879689931869507,0.1992577165365219,0.1612880975008011,
677,8.540453910827637,0.004806266166269779,1.6224310398101807,0.22424457967281342,0.04767008498311043,
678,10.454058647155762,0.005380054470151663,1.628767967224121,0.13810665905475616,0.20952489972114563,
679,10.459184646606445,0.004685994237661362,1.884422779083252,0.13345834612846375,0.20484615862369537,
680,8.124330520629883,0.005073708016425371,1.805124282836914,0.1381177008152008,0.10957685112953186,
681,9.982344627380371,0.00475227041170001,1.8569456338882446,0.11051285266876221,0.20975080132484436,
682,7.794222831726074,0.004861421417444944,1.6615822315216064,0.12341292947530746,0.1170312762260437,
683,6.96376371383667,0.004894204903393984,2.209059238433838,0.05708609148859978,0.12820789217948914,
684,7.312567710876465,0.00494987890124321,1.7422587871551514,0.1433667093515396,0.07449577748775482,
685,6.287834167480469,0.004341417457908392,1.8928006887435913,0.05649568513035774,0.11496423184871674,
686,5.8887619972229,0.004743446130305529,1.8841452598571777,0.08273579925298691,0.07270544022321701,
687,7.917538642883301,0.004559226334095001,1.893208622932434,0.06215544417500496,0.1742585450410843,
688,7.0591607093811035,0.004611417185515165,2.2343077659606934,0.03131324052810669,0.15706945955753326,
689,11.060734748840332,0.004726122599095106,1.7066890001296997,0.10152077674865723,0.26791495084762573,
690,7.323856353759766,0.004816046450287104,2.0518362522125244,0.026537280529737473,0.17952747642993927,
691,7.048888683319092,0.00479882350191474,2.0889363288879395,0.06926866620779037,0.12433060258626938,
692,6.830150604248047,0.004556762520223856,1.93265700340271,0.0967416763305664,0.09460131824016571,
693,10.284607887268066,0.004953108262270689,1.662951111793518,0.1500566005706787,0.18985657393932343,
694,10.88347053527832,0.004842020105570555,1.7531373500823975,0.12218108028173447,0.2381901890039444,
695,8.435118675231934,0.00472906744107604,1.838547945022583,0.11686904728412628,0.142264723777771,
696,4.967013359069824,0.004853533115237951,1.9739811420440674,0.0014595190295949578,0.11340822279453278,
697,7.9207963943481445,0.0045873564667999744,1.8752119541168213,0.04320881888270378,0.19402720034122467,
698,14.870612144470215,0.004749462474137545,1.9628565311431885,0.09136389195919037,0.42019689083099365,
699,5.27959680557251,0.0047509390860795975,1.5415174961090088,0.09037560224533081,0.054396629333496094,
700,6.809301853179932,0.004457114730030298,1.8238201141357422,0.07480446249246597,0.12015768885612488,
701,10.879860877990723,0.004778384696692228,1.754225492477417,0.0605669803917408,0.29968005418777466,
702,5.769567489624023,0.004604438319802284,1.762606143951416,0.09723199903964996,0.058442018926143646,
703,6.6219282150268555,0.004670263733714819,1.8480359315872192,0.06137361377477646,0.12491181492805481,
704,9.545034408569336,0.006161014083772898,1.6905674934387207,0.06276937574148178,0.24524825811386108,
705,9.58294677734375,0.005411364603787661,1.6090097427368164,0.18298377096652985,0.13056232035160065,
706,10.450889587402344,0.005027081351727247,1.7772860527038574,0.07115854322910309,0.2707585096359253,
707,6.1110029220581055,0.004694614093750715,1.69930100440979,0.057558853179216385,0.11421459913253784,
708,10.045350074768066,0.004966267850250006,1.7307294607162476,0.1656205654144287,0.16199800372123718,
709,8.236944198608398,0.004914823919534683,1.5371966361999512,0.1967785656452179,0.06629650294780731,
710,7.045265197753906,0.004670391790568829,1.9808423519134521,0.13915897905826569,0.05874752253293991,
711,6.292679309844971,0.004487995523959398,1.6118898391723633,0.10535871982574463,0.07738486677408218,
712,5.35203742980957,0.004448752384632826,2.190720558166504,0.015851715579628944,0.10615221410989761,
713,4.668586730957031,0.004531246144324541,1.9693472385406494,0.01636570692062378,0.08707262575626373,
714,12.647921562194824,0.004904209636151791,1.7930946350097656,0.057687778025865555,0.3716011047363281,
715,8.019912719726562,0.004280765075236559,1.7513155937194824,0.08202240616083145,0.16444072127342224,
716,8.294968605041504,0.004884356167167425,2.0102779865264893,0.03809060901403427,0.20841264724731445,
717,4.351181983947754,0.004723503720015287,1.5644888877868652,0.07473967224359512,0.032004546374082565,
718,9.94448471069336,0.004797781351953745,2.1569690704345703,0.03460220620036125,0.27210065722465515,
719,12.57025146484375,0.004459412302821875,2.111295223236084,0.024611929431557655,0.3892868757247925,
720,7.732339859008789,0.004445287864655256,2.147176504135132,0.02539207600057125,0.19356918334960938,
721,9.862775802612305,0.004476179834455252,2.2086615562438965,0.01927773281931877,0.2824106812477112,
722,9.533193588256836,0.00476899603381753,1.8969523906707764,0.07907205820083618,0.22160860896110535,
723,7.435730457305908,0.0047167097218334675,1.885015845298767,0.08474105596542358,0.13257081806659698,
724,10.6082763671875,0.004526081960648298,1.8135734796524048,0.0323856882750988,0.31487634778022766,
725,7.713353633880615,0.004474765155464411,2.210310459136963,0.09232523292303085,0.12332173436880112,
726,10.631218910217285,0.004573549143970013,2.1322410106658936,0.01902935840189457,0.31635618209838867,
727,7.710308074951172,0.004635955207049847,1.9411286115646362,0.037015438079833984,0.18911579251289368,
728,14.637393951416016,0.004527218174189329,1.9535276889801025,0.05583544448018074,0.4469919800758362,
729,9.493892669677734,0.004583265166729689,1.8102855682373047,0.0517377033829689,0.2510233223438263,
730,5.3577046394348145,0.004882770124822855,1.7640447616577148,0.06845269352197647,0.07041093707084656,
731,6.134291648864746,0.004832228645682335,1.776181697845459,0.1242193952202797,0.04527277499437332,
732,3.4477758407592773,0.004367993678897619,1.9616159200668335,0.025439977645874023,0.02963842637836933,
733,7.024723052978516,0.004538366105407476,1.7965221405029297,0.12816302478313446,0.07642665505409241,
734,6.237812042236328,0.004843783099204302,1.9476196765899658,0.017150282859802246,0.1496136337518692,
735,7.0425705909729,0.004739077761769295,1.902106761932373,0.04526378586888313,0.1556156873703003,
736,9.820903778076172,0.004487368278205395,1.895668625831604,0.0769578218460083,0.2355642020702362,
737,6.795310020446777,0.004474780987948179,2.036203145980835,0.005477269645780325,0.18041223287582397,
738,7.309165954589844,0.0045117964036762714,2.0454461574554443,0.06358059495687485,0.14245639741420746,
739,8.077335357666016,0.004591313190758228,1.546065092086792,0.14603471755981445,0.11062479019165039,
740,6.487196922302246,0.005212387535721064,1.5895518064498901,0.14479835331439972,0.0458950512111187,
741,5.720749855041504,0.0042345840483903885,1.8028178215026855,0.051861345767974854,0.10062135756015778,
742,6.888350486755371,0.004607972223311663,1.9286167621612549,0.06328195333480835,0.13049940764904022,
743,3.9958395957946777,0.004267487674951553,1.8213571310043335,0.009623587131500244,0.07308822870254517,
744,5.863266944885254,0.004575189668685198,2.0751585960388184,0.06201249361038208,0.08493664860725403,
745,7.28582763671875,0.004862141329795122,1.712620496749878,0.0652550458908081,0.15281109511852264,
746,5.764688491821289,0.004519571550190449,1.9940898418426514,0.07704571634531021,0.0692586600780487,
747,6.234149932861328,0.00442396430298686,2.288224220275879,0.04505239054560661,0.10836068540811539,
748,8.416065216064453,0.004373197443783283,2.441988706588745,0.013364732265472412,0.22122514247894287,
749,5.778905868530273,0.004261039197444916,1.8811304569244385,0.026954611763358116,0.12469536066055298,
750,12.29418659210205,0.004162705969065428,2.174363851547241,0.073628269135952,0.3270019292831421,
751,13.984153747558594,0.004949415568262339,2.0521841049194336,0.11599087715148926,0.3563385009765625,
752,15.557401657104492,0.00465526944026351,1.890211582183838,0.027906376868486404,0.5141259431838989,
753,6.241586685180664,0.004306429997086525,2.0351808071136475,0.06677969545125961,0.09717009216547012,
754,8.566742897033691,0.004311821889132261,2.204961061477661,0.06317659467458725,0.18698284029960632,
755,7.377251625061035,0.004107513464987278,2.364952325820923,0.01117706298828125,0.18520739674568176,
756,11.691173553466797,0.004180943127721548,1.8389534950256348,0.004688540939241648,0.3852193355560303,
757,10.476446151733398,0.004127531312406063,1.9517078399658203,0.046798866242170334,0.29006311297416687,
758,8.632204055786133,0.004272707272320986,1.924853801727295,0.07293754816055298,0.19108375906944275,
759,15.668213844299316,0.004558962304145098,1.8532453775405884,0.08769669383764267,0.46034306287765503,
760,9.086992263793945,0.0042544398456811905,1.992091417312622,0.01605600118637085,0.2634856104850769,
761,6.407188415527344,0.004232184495776892,2.1461668014526367,0.018106797710061073,0.14810188114643097,
762,8.493135452270508,0.004406855907291174,1.7913389205932617,0.09580286592245102,0.16786213219165802,
763,18.91568374633789,0.004386037588119507,1.875588297843933,0.06881431490182877,0.6084035038948059,
764,8.931392669677734,0.003965221811085939,1.8213144540786743,0.10547113418579102,0.17496676743030548,
765,17.909786224365234,0.004470041021704674,2.0684423446655273,0.0780164822936058,0.5511671900749207,
766,12.977080345153809,0.004277423955500126,1.7277727127075195,0.11931097507476807,0.32638394832611084,
767,5.947666168212891,0.004596394952386618,1.6462639570236206,0.14374107122421265,0.023718617856502533,
768,6.9951629638671875,0.004520724061876535,1.6128265857696533,0.09940490871667862,0.1113678440451622,
769,11.196810722351074,0.0043122549541294575,1.4936288595199585,0.16696879267692566,0.21684622764587402,
770,6.560894966125488,0.004277631174772978,1.6017506122589111,0.127702534198761,0.06638559699058533,
771,13.553987503051758,0.004242925439029932,1.9258151054382324,0.10395070165395737,0.35693326592445374,
772,10.151609420776367,0.004243024624884129,1.8352208137512207,0.12872730195522308,0.1996852457523346,
773,8.549890518188477,0.004176149610430002,1.6225733757019043,0.0749807357788086,0.19793583452701569,
774,9.923986434936523,0.004436231683939695,1.7214126586914062,0.1681176722049713,0.1555490493774414,
775,11.319965362548828,0.004136316012591124,1.9707310199737549,0.0824693813920021,0.2873637080192566,
776,9.681901931762695,0.0041757370345294476,1.655189037322998,0.051053207367658615,0.2658395767211914,
777,5.976291656494141,0.004466711077839136,1.7738248109817505,0.06494486331939697,0.09868711233139038,
778,6.496280670166016,0.003968918230384588,1.5763781070709229,0.08471754938364029,0.10810962319374084,
779,5.468148231506348,0.004314419347792864,1.7746412754058838,0.03315049409866333,0.11027535796165466,
780,7.902683734893799,0.0038593679200857878,1.6583819389343262,0.14498251676559448,0.10093018412590027,
781,5.023972034454346,0.0044602337293326855,1.990769386291504,0.010088562965393066,0.1067793071269989,
782,9.099883079528809,0.0045408327132463455,1.5206221342086792,0.16471055150032043,0.13391906023025513,
783,7.930681228637695,0.0038596803788095713,2.0041680335998535,0.015528857707977295,0.21767199039459229,
784,6.502660274505615,0.004181830678135157,1.9677205085754395,0.08218512684106827,0.09503063559532166,
785,5.5757598876953125,0.004146649967879057,1.7342426776885986,0.03081446886062622,0.1186995804309845,
786,7.867128849029541,0.004000973422080278,1.79802668094635,0.12549501657485962,0.11326809972524643,
787,9.008359909057617,0.004203437827527523,2.059091806411743,0.03302333503961563,0.24074393510818481,
788,10.56456184387207,0.003978709224611521,2.224013328552246,0.03818132355809212,0.29146191477775574,
789,14.51618766784668,0.004308229777961969,1.76820707321167,0.10105323791503906,0.4045577645301819,
790,9.093164443969727,0.004090545233339071,1.5526742935180664,0.12075209617614746,0.1767769455909729,
791,8.809362411499023,0.00412454130128026,1.9134306907653809,0.03330051898956299,0.23841220140457153,
792,6.275885581970215,0.003926455043256283,2.106377363204956,0.0,0.1628538817167282,
793,13.598215103149414,0.004222776275128126,2.0541281700134277,0.031050363555550575,0.42649030685424805,
794,7.959863662719727,0.0044319205917418,1.8879430294036865,0.021856268867850304,0.21658863127231598,
795,8.616684913635254,0.003920088522136211,1.8034312725067139,0.08788026869297028,0.18072979152202606,
796,10.753254890441895,0.004250137601047754,1.9062983989715576,0.048447370529174805,0.30118075013160706,
797,5.173093318939209,0.003865586593747139,1.8765983581542969,0.024412313476204872,0.10358190536499023,
798,5.492223739624023,0.003793586976826191,1.8510196208953857,0.06791524589061737,0.07393933087587357,
799,7.604806900024414,0.004124106839299202,1.9179866313934326,0.0,0.2233486920595169,
800,8.297709465026855,0.004069150425493717,1.8341761827468872,0.009788553230464458,0.24468360841274261,
801,7.009079456329346,0.003966073039919138,1.648756980895996,0.18029318749904633,0.030153654515743256,
802,7.890956878662109,0.0040144892409443855,1.4874659776687622,0.17734530568122864,0.07477983832359314,
803,7.455634117126465,0.004148508887737989,1.872056245803833,0.07657720893621445,0.14261741936206818,
804,5.9436845779418945,0.003950245678424835,1.9636869430541992,0.046799976378679276,0.10844967514276505,
805,11.950357437133789,0.004358693957328796,1.944664716720581,0.03386533260345459,0.3620036840438843,
806,5.8738789558410645,0.0044168224558234215,2.0919854640960693,0.00035578012466430664,0.14650313556194305,
807,5.793144226074219,0.003925152588635683,1.7909390926361084,0.10679218918085098,0.04937086999416351,
808,8.185327529907227,0.0046232701279222965,1.867016077041626,0.09171675145626068,0.156392440199852,
809,4.724542617797852,0.004174073692411184,1.9733197689056396,0.0014642676105722785,0.1044105589389801,
810,16.676433563232422,0.0038649514317512512,1.8824748992919922,0.17394036054611206,0.4139530658721924,
811,8.604829788208008,0.0040087332017719746,1.817898154258728,0.08646979182958603,0.180998757481575,
812,8.855123519897461,0.0039018364623188972,1.8835002183914185,0.048166949301958084,0.22679615020751953,
813,6.357916831970215,0.0037504874635487795,1.7051928043365479,0.04712953045964241,0.1352289319038391,
814,12.65254020690918,0.003826701082289219,1.8453893661499023,0.0043160319328308105,0.42414331436157227,
815,15.095771789550781,0.004028583411127329,2.0193874835968018,0.07895630598068237,0.4400705099105835,
816,8.18459701538086,0.00449460418894887,1.771278738975525,0.13473153114318848,0.11730662733316422,
817,4.861978530883789,0.004575681407004595,1.7679522037506104,0.04442763328552246,0.07475773990154266,
818,7.639100074768066,0.004368954338133335,2.0177371501922607,0.052197299897670746,0.16828826069831848,
819,6.211642742156982,0.0038839150220155716,1.6501392126083374,0.09457260370254517,0.08400362730026245,
820,4.984943866729736,0.004001003224402666,1.6322789192199707,0.08088284730911255,0.04922274872660637,
821,3.911928653717041,0.0036377504002302885,1.9242417812347412,0.021836141124367714,0.05403358116745949,
822,9.400412559509277,0.004027177579700947,1.6350586414337158,0.11635468900203705,0.1902323067188263,
823,7.220491886138916,0.003849402070045471,1.4961013793945312,0.13593187928199768,0.08919433504343033,
824,6.938248157501221,0.003723621368408203,1.8454556465148926,0.03589818999171257,0.1640898883342743,
825,7.381814002990723,0.0036956716794520617,1.6365604400634766,0.07187217473983765,0.15424230694770813,
826,7.029341697692871,0.0037755537778139114,1.8566126823425293,0.0062765879556536674,0.1968570053577423,
827,7.625348091125488,0.003947587218135595,2.0127172470092773,0.014619867317378521,0.20593778789043427,
828,8.52630615234375,0.003935866057872772,1.8914358615875244,0.06172166392207146,0.1997372955083847,
829,8.607634544372559,0.0038005055394023657,1.7544457912445068,0.05320880934596062,0.21711823344230652,
830,6.53048038482666,0.0035749664530158043,1.568253993988037,0.0752125158905983,0.1197015643119812,
831,10.11945629119873,0.0039059435948729515,2.0124082565307617,0.0,0.3203759789466858,
832,8.030305862426758,0.00398063100874424,1.66412353515625,0.06614790111780167,0.1845187544822693,
833,6.995657920837402,0.003759900340810418,1.661966323852539,0.06874314695596695,0.14084461331367493,
834,9.633113861083984,0.0037548989057540894,1.9387646913528442,0.05407486483454704,0.24994421005249023,
835,5.654202938079834,0.003981530200690031,2.091942548751831,0.015284419059753418,0.12322446703910828,
836,8.92707347869873,0.004036444704979658,1.7308517694473267,0.014442205429077148,0.2693702280521393,
837,8.976521492004395,0.003906581550836563,1.6115978956222534,0.0982576385140419,0.1924327313899994,
838,9.005974769592285,0.003713929792866111,1.4666862487792969,0.09528044611215591,0.2025771588087082,
839,5.7146453857421875,0.0038902072701603174,1.8539683818817139,0.024913549423217773,0.12562331557273865,
840,5.879175186157227,0.003955229185521603,1.6518149375915527,0.053595662117004395,0.11154352128505707,
841,8.432741165161133,0.003963409457355738,1.7276339530944824,0.0516776442527771,0.21256321668624878,
842,8.626683235168457,0.0035422928631305695,1.7302708625793457,0.04307371377944946,0.22924049198627472,
843,5.19887638092041,0.0037779947742819786,1.5606117248535156,0.02615984156727791,0.11559274792671204,
844,7.140473365783691,0.003869157051667571,1.5421119928359985,0.12163306772708893,0.09843222796916962,
845,13.993022918701172,0.004072720650583506,1.631784200668335,0.07543740421533585,0.41493943333625793,
846,12.589997291564941,0.003914879634976387,1.7864265441894531,0.07025811821222305,0.35796982049942017,
847,5.640743255615234,0.0037123237270861864,1.6701191663742065,0.07116430997848511,0.08394831418991089,
848,6.693880081176758,0.0036646202206611633,1.6649054288864136,0.06903032958507538,0.12846404314041138,
849,11.38258171081543,0.0036667492240667343,1.4690022468566895,0.041364867240190506,0.35151153802871704,
850,7.685253620147705,0.0038391861598938704,1.648110270500183,0.042438846081495285,0.19520768523216248,
851,8.45897388458252,0.003689551493152976,1.9322559833526611,0.043005943298339844,0.21437320113182068,
852,4.619104385375977,0.0037722389679402113,1.8411362171173096,0.020486870780587196,0.08685962855815887,
853,7.804023742675781,0.0036475977394729853,1.9768531322479248,0.00458294153213501,0.22485630214214325,
854,10.275308609008789,0.003686723066493869,1.8675100803375244,0.0449833869934082,0.28764185309410095,
855,9.276571273803711,0.00392033951357007,1.3649704456329346,0.1696331799030304,0.14291052520275116,
856,7.039867401123047,0.004161626100540161,1.9757969379425049,0.007509847637265921,0.1908913552761078,
857,7.996762275695801,0.0035002240911126137,1.3695111274719238,0.2164800763130188,0.04510973393917084,
858,6.56684684753418,0.0037749388720840216,1.5544863939285278,0.10430294275283813,0.09241653233766556,
859,6.128398895263672,0.004059926141053438,1.5395675897598267,0.14855100214481354,0.03094233199954033,
860,4.551862716674805,0.0037599746137857437,1.982142686843872,0.0,0.0990288257598877,
861,8.509705543518066,0.0037915280554443598,1.9376683235168457,0.048783063888549805,0.21030688285827637,
862,16.98665428161621,0.0036236904561519623,2.216191530227661,0.0,0.5871948003768921,
863,7.52199125289917,0.003659866750240326,1.664576530456543,0.06820819526910782,0.16242852807044983,
864,6.49824333190918,0.004104676190763712,1.65523362159729,0.09701021760702133,0.09260547906160355,
865,5.521173477172852,0.003693266771733761,1.7752764225006104,0.029124438762664795,0.11701817810535431,
866,3.854271411895752,0.003550338326022029,1.9774072170257568,0.017944633960723877,0.05357959866523743,
867,6.985671043395996,0.004109440371394157,1.7120782136917114,0.015305101871490479,0.19152916967868805,
868,3.802745819091797,0.003992232959717512,1.8617829084396362,0.0,0.07364627718925476,
869,6.41747522354126,0.003658084198832512,1.7175307273864746,0.13784290850162506,0.046496786177158356,
870,6.647871971130371,0.003675665706396103,1.7078783512115479,0.041794419288635254,0.152129665017128,
871,4.786422252655029,0.0032111788168549538,1.6909656524658203,0.0,0.12060707807540894,
872,5.9114179611206055,0.003344946540892124,1.9188697338104248,0.021796882152557373,0.13456010818481445,
873,4.895582675933838,0.0035242734011262655,2.0425121784210205,0.012281377799808979,0.09831716865301132,
874,6.108738899230957,0.003841562895104289,1.886664628982544,0.0,0.16504141688346863,
875,6.815227031707764,0.0036678772885352373,1.621800422668457,0.05525805801153183,0.14881113171577454,
876,5.588097095489502,0.003540994832292199,1.6180262565612793,0.07343144714832306,0.08183039724826813,
877,12.733100891113281,0.0034688645973801613,1.9439492225646973,0.05288366228342056,0.37521353363990784,
878,9.470060348510742,0.0037006745114922523,1.558330774307251,0.1208321824669838,0.19193631410598755,
879,7.608560085296631,0.003555952338501811,1.7265620231628418,0.04235947132110596,0.189364492893219,
880,18.711078643798828,0.0035847416147589684,2.0303146839141846,0.06152729317545891,0.6021184921264648,
881,9.059850692749023,0.0036515078973025084,1.7552783489227295,0.07152720540761948,0.21700416505336761,
882,6.583461761474609,0.0038039234932512045,1.9061229228973389,0.062473833560943604,0.12081580609083176,
883,10.764103889465332,0.0035934720654040575,1.505273461341858,0.13379517197608948,0.23296454548835754,
884,6.656487464904785,0.0038381293416023254,1.947134256362915,0.0,0.18453598022460938,
885,6.863552093505859,0.0031238507945090532,1.5436432361602783,0.14620864391326904,0.06346384435892105,
886,5.536293029785156,0.0035863236989825964,1.8199989795684814,0.0930536761879921,0.052011750638484955,
887,6.17685079574585,0.0037588365375995636,1.9455257654190063,0.0,0.1654941737651825,
888,9.368634223937988,0.00348717556335032,1.7426927089691162,0.10372684895992279,0.1978236436843872,
889,9.329394340515137,0.0032877542544156313,1.9967873096466064,0.008863468654453754,0.2811530530452728,
890,6.103303909301758,0.003389243735000491,2.0010452270507812,0.04292817786335945,0.11777292191982269,
891,7.55057430267334,0.0036505244206637144,1.8194782733917236,0.07555564492940903,0.15003767609596252,
892,12.035954475402832,0.003314526053145528,1.8106073141098022,0.0773981437087059,0.32830125093460083,
893,8.206399917602539,0.0036322101950645447,1.6544246673583984,0.07178598642349243,0.18666082620620728,
894,12.95460319519043,0.0032909910660237074,1.4795231819152832,0.08770332485437393,0.36800888180732727,
895,10.602517127990723,0.003278088988736272,1.6571619510650635,0.06168319657444954,0.29285290837287903,
896,9.334123611450195,0.003504914464429021,1.7814085483551025,0.07637685537338257,0.2222268283367157,
897,9.471346855163574,0.0036161206662654877,1.7434724569320679,0.14684174954891205,0.15865713357925415,
898,4.947292327880859,0.003647204488515854,1.6502838134765625,0.04835456609725952,0.07987856864929199,
899,7.30213737487793,0.0032215509563684464,1.5321686267852783,0.10052435100078583,0.12705284357070923,
900,8.442527770996094,0.0037047669757157564,1.5803909301757812,0.10317791998386383,0.1676027774810791,
901,6.466006278991699,0.0032496966887265444,1.8116557598114014,0.06921440362930298,0.11370991170406342,
902,7.504814147949219,0.00351620907895267,1.5833499431610107,0.08793912827968597,0.14540323615074158,
903,3.994277000427246,0.0033295161556452513,1.9517006874084473,0.043676137924194336,0.03469739854335785,
904,10.04754638671875,0.0034961223136633635,1.4148268699645996,0.09488681703805923,0.24692583084106445,
905,8.552451133728027,0.0031390630174428225,1.6765683889389038,0.11116133630275726,0.1607348918914795,
906,6.916975498199463,0.0033459689002484083,1.6418747901916504,0.1361137181520462,0.0715443342924118,
907,10.453041076660156,0.003683134214952588,1.6791033744812012,0.03480327129364014,0.31247109174728394,
908,4.717716217041016,0.003251429880037904,1.7125428915023804,0.027233699336647987,0.08972179889678955,
909,9.992354393005371,0.0034528772812336683,1.5696086883544922,0.03536059334874153,0.29809635877609253,
910,4.48872184753418,0.003153647528961301,1.9029524326324463,0.036099813878536224,0.06417731940746307,
911,6.444047927856445,0.0032869691494852304,1.4896748065948486,0.10999822616577148,0.084889717400074,
912,3.7517411708831787,0.003389130113646388,2.264343738555908,0.013054410926997662,0.04305235296487808,
913,16.011127471923828,0.003481880994513631,1.9689335823059082,0.007420837879180908,0.5507850646972656,
914,10.132349967956543,0.003100649220868945,2.1773722171783447,0.008565743453800678,0.30653271079063416,
915,4.3656005859375,0.0032319112215191126,1.8139052391052246,0.02434861660003662,0.07448729127645493,
916,9.504730224609375,0.003193833166733384,2.2262091636657715,0.0,0.28794699907302856,
917,23.246932983398438,0.003047248348593712,1.967808485031128,0.006604671478271484,0.8415130972862244,
918,7.488354206085205,0.00357770174741745,1.8278559446334839,0.06875653564929962,0.1540856808423996,
919,7.532048225402832,0.0034275611396878958,1.8973371982574463,0.14489944279193878,0.07706142961978912,
920,8.309886932373047,0.003513982752338052,1.7341758012771606,0.0852883830666542,0.1742260754108429,
921,5.650694847106934,0.0031518416944891214,1.8613650798797607,0.034141283482313156,0.11428005993366241,
922,6.800931930541992,0.0033241722267121077,1.8019583225250244,0.024305960163474083,0.17232881486415863,
923,14.689560890197754,0.0031800586730241776,1.5144250392913818,0.07525944709777832,0.44856590032577515,
924,10.550328254699707,0.003361458657309413,1.9154560565948486,0.018341341987252235,0.32369208335876465,
925,10.581024169921875,0.0030812460463494062,1.334981918334961,0.18033385276794434,0.18642657995224,
926,6.471501350402832,0.0032295354176312685,1.5614709854125977,0.00010883808135986328,0.19306284189224243,
927,8.8357515335083,0.0032296956051141024,1.5750892162322998,0.062391381710767746,0.22480541467666626,
928,3.198946237564087,0.0033627983648329973,1.72418212890625,0.0,0.055627766996622086,
929,5.879691123962402,0.0034059493336826563,1.6152009963989258,0.026356559246778488,0.1408170908689499,
930,10.508654594421387,0.0030520332511514425,1.5039710998535156,0.1090078204870224,0.2481275051832199,
931,9.033367156982422,0.003352084895595908,1.5801533460617065,0.16898831725120544,0.1257881224155426,
932,10.885560035705566,0.0033153248950839043,1.8380426168441772,0.04535752534866333,0.31322789192199707,
933,5.718141555786133,0.003267548978328705,1.425133228302002,0.09392578899860382,0.07452699542045593,
934,5.976563453674316,0.0032552711199969053,1.498417615890503,0.10635743290185928,0.06951313465833664,
935,6.786067962646484,0.003666841657832265,1.3352606296539307,0.11497720330953598,0.0993882343173027,
936,6.32559871673584,0.0031560640782117844,1.4620263576507568,0.0760563388466835,0.11533048748970032,
937,4.268688201904297,0.0031233839690685272,1.6251293420791626,0.07465282827615738,0.027966134250164032,
938,7.030415058135986,0.0031960532069206238,1.6566076278686523,0.05888773873448372,0.15286850929260254,
939,5.541098594665527,0.0032534960191696882,1.622527837753296,0.03836003690958023,0.11512929201126099,
940,4.982701778411865,0.0031292634084820747,1.787384033203125,0.023306965827941895,0.1013764888048172,
941,8.303297996520996,0.0032962418626993895,1.9412072896957397,0.0330512709915638,0.21813611686229706,
942,9.188043594360352,0.0033116114791482687,1.6955678462982178,0.011916756629943848,0.28447067737579346,
943,11.341328620910645,0.003159918123856187,1.803598403930664,0.036564331501722336,0.3417849838733673,
944,6.248199939727783,0.0036542750895023346,1.5837435722351074,0.05280721187591553,0.1301167756319046,
945,5.6859025955200195,0.0033021445851773024,1.4265053272247314,0.141993448138237,0.025080308318138123,
946,10.001970291137695,0.0036413229536265135,1.6137707233428955,0.061613619327545166,0.2702730596065521,
947,5.94732666015625,0.003443814581260085,1.8347747325897217,0.07647323608398438,0.08458501845598221,
948,6.139495849609375,0.0032458817586302757,1.702937126159668,0.09276095777750015,0.0814555212855339,
949,10.489206314086914,0.0035071643069386482,1.8752738237380981,0.11631742864847183,0.22473272681236267,
950,8.081838607788086,0.0033436708617955446,1.5893094539642334,0.12473670393228531,0.13162079453468323,
951,14.333606719970703,0.003294592723250389,1.6003212928771973,0.06710390001535416,0.4389329254627228,
952,6.822202205657959,0.0038185270968824625,1.896622657775879,0.03305252268910408,0.1601521372795105,
953,6.289925575256348,0.0034516898449510336,1.8688879013061523,0.0631316676735878,0.11025815457105637,
954,11.095090866088867,0.0033466157037764788,1.6115245819091797,0.12416770309209824,0.2518283426761627,
955,8.933998107910156,0.003507291665300727,1.5961284637451172,0.017960289493203163,0.2720471918582916,
956,6.192643642425537,0.0037587881088256836,1.7175102233886719,0.008610646240413189,0.1666359007358551,
957,6.223613739013672,0.0033750550355762243,1.582800030708313,0.033590178936719894,0.1486673206090927,
958,11.637840270996094,0.0031821003649383783,1.6330304145812988,0.04083969071507454,0.3561705946922302,
959,10.99799919128418,0.0031967004761099815,1.4438729286193848,0.07960878312587738,0.2993595600128174,
960,9.25601577758789,0.003200378967449069,1.5535030364990234,0.15485931932926178,0.15004079043865204,
961,5.002181529998779,0.0034644559491425753,1.5350364446640015,0.05918703228235245,0.07603432238101959,
962,4.974193096160889,0.0035771706607192755,1.5572680234909058,0.05852609872817993,0.07457374036312103,
963,7.2207489013671875,0.0032488664146512747,1.409414529800415,0.07440141588449478,0.1548030972480774,
964,16.26753807067871,0.0032077606301754713,1.9103965759277344,0.0,0.5710778832435608,
965,6.5313239097595215,0.003058936446905136,1.8639005422592163,0.01163897942751646,0.1719990074634552,
966,5.823064804077148,0.002991531975567341,1.489944338798523,0.07801930606365204,0.0923139750957489,
967,4.749680519104004,0.0033675525337457657,1.6438599824905396,0.06609296798706055,0.054772309958934784,
968,6.807712078094482,0.0033187351655215025,1.6825499534606934,0.07042977958917618,0.13125798106193542,
969,6.229068279266357,0.0030901823192834854,1.757784366607666,0.0808570384979248,0.09490412473678589,
970,6.067715644836426,0.0029500483069568872,1.5177700519561768,0.06521608680486679,0.11383167654275894,
971,4.882701873779297,0.0029468098655343056,1.5730812549591064,0.06183888763189316,0.06759912520647049,
972,12.264053344726562,0.003247481770813465,1.7197566032409668,0.049356818199157715,0.3691675662994385,
973,8.40782356262207,0.003331082174554467,2.0299484729766846,0.04514588788151741,0.20663803815841675,
974,9.111961364746094,0.0031670955941081047,1.9415571689605713,0.07205233722925186,0.2115967571735382,
975,5.096519470214844,0.003042135387659073,1.7970364093780518,0.06921136379241943,0.05972582846879959,
976,5.683755874633789,0.003241682657971978,1.7749290466308594,0.03548566624522209,0.11762573570013046,
977,8.92078685760498,0.0030745547264814377,1.7372105121612549,0.05015699192881584,0.23411151766777039,
978,7.16684627532959,0.0029806403908878565,1.6940622329711914,0.14816366136074066,0.06776706874370575,
979,6.387984275817871,0.003169909818097949,1.8372911214828491,0.04333984851837158,0.13551795482635498,
980,6.692666053771973,0.0031380129512399435,1.9270079135894775,0.0,0.18748833239078522,
981,6.395519256591797,0.0030540667939931154,1.6982042789459229,0.06018998101353645,0.12464854121208191,
982,7.007969379425049,0.0029173081275075674,1.6233888864517212,0.06512194871902466,0.1473439633846283,
983,5.306554794311523,0.0029377632308751345,1.7053773403167725,0.07880022376775742,0.06230912357568741,
984,5.033692359924316,0.0031338054686784744,1.968571662902832,0.009056826122105122,0.11041419208049774,
985,7.293633460998535,0.0029601796995848417,1.6395426988601685,0.11005119979381561,0.11315225064754486,
986,5.242890357971191,0.003268338507041335,1.4609344005584717,0.05621560290455818,0.09179429709911346,
987,16.175390243530273,0.003020969917997718,1.7478735446929932,0.00911961030215025,0.5649600625038147,
988,5.603569030761719,0.003301532007753849,1.7262678146362305,0.1063050627708435,0.04548543691635132,
989,7.911302089691162,0.0027326783165335655,1.768341064453125,6.232658779481426e-05,0.24292343854904175,
990,5.82546329498291,0.0029356826562434435,1.735248327255249,0.03206248953938484,0.12861043214797974,
991,6.151267051696777,0.002846549265086651,1.6742013692855835,0.0008051395416259766,0.17543092370033264,
992,4.775078296661377,0.0030228141695261,1.797849178314209,0.0665375366806984,0.0495288148522377,
993,10.21535587310791,0.003259364515542984,1.820918083190918,0.07083531469106674,0.26168280839920044,
994,9.328094482421875,0.0028469350654631853,1.675748348236084,0.0071059465408325195,0.2961409389972687,
995,7.46613073348999,0.0031323302537202835,1.815590262413025,0.007363279815763235,0.2155260145664215,
996,7.215249061584473,0.0030802497640252113,1.6684200763702393,0.03634160757064819,0.1824512779712677,
997,6.600222587585449,0.0027697382029145956,1.6618576049804688,0.10053452104330063,0.09423033893108368,
998,7.678489685058594,0.0026800904888659716,1.5474746227264404,0.02964286133646965,0.21291762590408325,
999,7.020940780639648,0.0030074920505285263,1.693699598312378,0.0657096728682518,0.14437246322631836,
1000,2.778059482574463,0.0027335372287780046,1.693577527999878,0.010380327701568604,0.03026541881263256,"[1.121993899345398, 1.0615825653076172, 1.1087641716003418]"
1001,5.243418216705322,0.0030882444698363543,1.9597218036651611,0.00805675983428955,0.12020285427570343,
1002,6.940841197967529,0.002893839031457901,1.8536829948425293,0.055605847388505936,0.14498664438724518,
1003,5.616073131561279,0.0030823356937617064,2.02123761177063,0.005380968097597361,0.13533011078834534,
1004,8.350791931152344,0.002835172461345792,1.9319751262664795,0.059681277722120285,0.19423621892929077,
1005,4.676413536071777,0.00282440148293972,1.932248830795288,0.07416460663080215,0.0327775813639164,
1006,5.235260963439941,0.002831042977049947,1.7241780757904053,0.0,0.13761228322982788,
1007,4.957262992858887,0.0032711199019104242,1.7480473518371582,0.0,0.12509749829769135,
1008,6.264545440673828,0.002843555063009262,1.7232117652893066,0.029962262138724327,0.1488475203514099,
1009,18.038856506347656,0.003024417208507657,2.18623948097229,0.03361735865473747,0.5974628925323486,
1010,7.909897804260254,0.0030493000522255898,1.5986603498458862,0.11020021140575409,0.13919997215270996,
1011,10.800857543945312,0.0031666781287640333,1.6491764783859253,0.08145739883184433,0.28144314885139465,
1012,7.257604598999023,0.002824411727488041,1.390045166015625,0.08403728902339935,0.1478406935930252,
1013,10.495850563049316,0.0027855634689331055,1.5655168294906616,0.0456920862197876,0.308735728263855,
1014,5.607293128967285,0.0028318872209638357,1.4781358242034912,0.0928427204489708,0.0694916844367981,
1015,8.572263717651367,0.0030267771799117327,1.3041322231292725,0.06671464443206787,0.2209838479757309,
1016,9.157621383666992,0.0028652315959334373,1.289684772491455,0.11250913143157959,0.19934311509132385,
1017,9.438177108764648,0.0029999089892953634,1.687689185142517,0.040463726967573166,0.26655587553977966,
1018,4.856558322906494,0.0031013686675578356,1.6940830945968628,0.05309231951832771,0.07030532509088516,
1019,7.3226728439331055,0.003001387929543853,1.3063496351242065,0.09872482717037201,0.13892672955989838,
1020,5.083214282989502,0.002977202646434307,1.5957787036895752,0.02601800486445427,0.1105022132396698,
1021,7.773767471313477,0.0029682626482099295,1.5233306884765625,0.0989951342344284,0.1480540633201599,
1022,13.300540924072266,0.0028362551238387823,1.8863723278045654,0.03065202571451664,0.4230784773826599,
1023,6.686500549316406,0.0029141514096409082,1.7195518016815186,0.09334535896778107,0.102418452501297,
1024,6.669777870178223,0.002661114791408181,1.675605058670044,0.030496716499328613,0.16660909354686737,
1025,6.801616668701172,0.002745332894846797,1.4515154361724854,0.06921565532684326,0.14204305410385132,
1026,5.761668682098389,0.00340787204913795,1.8321839570999146,0.007582108024507761,0.14618940651416779,
1027,4.553109169006348,0.0029820390045642853,1.6837530136108398,0.08822856098413467,0.023563653230667114,
1028,4.538732528686523,0.002997867064550519,1.6214778423309326,0.04867112636566162,0.06502119451761246,
1029,6.556134223937988,0.0030680568888783455,1.8627872467041016,0.0329822301864624,0.15168359875679016,
1030,11.377891540527344,0.002663513645529747,1.8958051204681396,0.04621380567550659,0.330406129360199,
1031,14.022130966186523,0.0030398338567465544,2.0942728519439697,0.09162265062332153,0.3824518620967865,
1032,6.022465705871582,0.002970348810777068,1.6778111457824707,0.03390967845916748,0.13690614700317383,
1033,4.770049095153809,0.002591629745438695,1.8456878662109375,0.024257004261016846,0.09012582153081894,
1034,12.329710960388184,0.002768475329503417,1.6595468521118164,0.04002906754612923,0.3840090036392212,
1035,7.044886589050293,0.002962743164971471,1.692183017730713,0.07299137115478516,0.1381540298461914,
1036,6.97028923034668,0.0026606840547174215,1.7756445407867432,0.04673260450363159,0.1583925187587738,
1037,3.7297892570495605,0.0030655304435640574,1.736717939376831,0.01288747787475586,0.06376983970403671,
1038,5.407417297363281,0.0030189547687768936,1.6081656217575073,0.03039715625345707,0.11855395138263702,
1039,8.788738250732422,0.002848417265340686,1.7529401779174805,0.031984250992536545,0.2465992271900177,
1040,4.480047225952148,0.0027798034716397524,1.7345528602600098,0.026709577068686485,0.08033040165901184,
1041,7.846097946166992,0.0027595898136496544,1.6259193420410156,0.15679560601711273,0.08925195783376694,
1042,13.702415466308594,0.002647913759574294,2.008495807647705,0.05336791276931763,0.4117409884929657,
1043,5.769989967346191,0.002631569281220436,1.5542879104614258,0.010758161544799805,0.1552383452653885,
1044,8.168818473815918,0.002662532962858677,1.7298953533172607,0.030633151531219482,0.22426122426986694,
1045,12.158381462097168,0.0028729562181979418,1.7527339458465576,0.028740664944052696,0.3846122622489929,
1046,6.418729782104492,0.0027672189753502607,1.9750654697418213,0.044940829277038574,0.1300385296344757,
1047,7.062348365783691,0.0027505161706358194,1.6392948627471924,0.10455292463302612,0.10961868613958359,
1048,7.697709083557129,0.0027539406437426805,1.9254233837127686,0.05801917985081673,0.1701182872056961,
1049,5.628866195678711,0.002735436661168933,1.4605287313461304,0.08804929256439209,0.07594875991344452,
1050,5.705079078674316,0.0029534550849348307,1.7885072231292725,0.0019534032326191664,0.15175601840019226,
1051,5.804490566253662,0.0027118155267089605,1.8085591793060303,0.0,0.15712544322013855,
1052,11.187320709228516,0.0027285804972052574,1.775505542755127,0.0638759508728981,0.30986806750297546,
1053,6.449254989624023,0.0029045988339930773,1.4945204257965088,0.07892879098653793,0.11635598540306091,
1054,6.567139625549316,0.00280879158526659,1.5142700672149658,0.06563818454742432,0.13366781175136566,
1055,12.253263473510742,0.0025425131898373365,1.8512835502624512,0.05144323781132698,0.36209341883659363,
1056,5.212148666381836,0.0024546587374061346,1.5161559581756592,0.017879128456115723,0.12750592827796936,
1057,7.217896461486816,0.0028772589284926653,1.7073304653167725,0.029384315013885498,0.18816107511520386,
1058,7.478182792663574,0.002892647637054324,1.4059371948242188,0.09087838232517242,0.1491187959909439,
1059,8.055583953857422,0.0028826280031353235,1.2391347885131836,0.20996060967445374,0.05981471762061119,
1060,4.478806495666504,0.0027786928694695234,1.4704029560089111,0.06248605251312256,0.05507141351699829,
1061,10.42581558227539,0.00257024634629488,1.3188730478286743,0.06640851497650146,0.2952989339828491,
1062,8.547042846679688,0.0027068015187978745,1.6892437934875488,0.11142943054437637,0.16017574071884155,
1063,8.81081771850586,0.002822813345119357,1.41741943359375,0.12227147817611694,0.17064164578914642,
1064,7.943667888641357,0.002781588351354003,1.438761830329895,0.07206688076257706,0.185347780585289,
1065,6.725687026977539,0.002701033605262637,1.3237147331237793,0.1732923984527588,0.04008547216653824,
1066,6.974786281585693,0.0027900415007025003,1.4287036657333374,0.09679770469665527,0.12225554883480072,
1067,6.882580280303955,0.002885890891775489,1.4766368865966797,0.07379132509231567,0.1395605206489563,
1068,11.872968673706055,0.0024553961120545864,1.630615472793579,0.023993631824851036,0.3832451105117798,
1069,14.9705810546875,0.0027471024077385664,1.9808504581451416,0.09922003746032715,0.41762205958366394,
1070,6.962593078613281,0.0026731276884675026,1.5112022161483765,0.11825108528137207,0.09713141620159149,
1071,13.52374267578125,0.002495309105142951,2.0400962829589844,0.09588462114334106,0.36096590757369995,
1072,13.168424606323242,0.0025934893637895584,1.5264087915420532,0.08277767896652222,0.38030946254730225,
1073,8.519439697265625,0.0026008952409029007,1.7315402030944824,0.03948742151260376,0.22942766547203064,
1074,8.418463706970215,0.0026752923149615526,1.6041042804718018,0.04361502453684807,0.22628407180309296,
1075,12.691916465759277,0.002722981385886669,1.6694610118865967,0.010858218185603619,0.4273169934749603,
1076,4.06635046005249,0.002643439220264554,1.7830040454864502,0.048792462795972824,0.03989795595407486,
1077,8.920890808105469,0.0027896177489310503,1.4182062149047852,0.11525478214025497,0.18206296861171722,
1078,3.9771430492401123,0.0027226638048887253,1.5935206413269043,0.05674334242939949,0.03587889298796654,
1079,15.389878273010254,0.002481004921719432,1.8498480319976807,0.07266847044229507,0.4664517641067505,
1080,9.367696762084961,0.002538331551477313,2.323904037475586,0.0,0.2792133688926697,
1081,13.23221492767334,0.002947357250377536,2.000516176223755,0.032677728682756424,0.41364288330078125,
1082,14.731781959533691,0.002885217545554042,1.7564594745635986,0.09647706896066666,0.4196506142616272,
1083,5.4429779052734375,0.0026604386512190104,1.6270465850830078,0.06310874223709106,0.08686806261539459,
1084,4.77977991104126,0.002562539419159293,1.5906621217727661,0.03484324365854263,0.09015892446041107,
1085,5.089968204498291,0.0027203510981053114,1.5309324264526367,0.12377725541591644,0.01586381532251835,
1086,9.546232223510742,0.0027127861976623535,1.8619194030761719,0.014418144710361958,0.2902415990829468,
1087,5.904836177825928,0.002974041970446706,1.7056431770324707,0.00032993158674798906,0.16466376185417175,
1088,4.36191987991333,0.0027331251185387373,1.3938865661621094,0.09536310285329819,0.02062510885298252,
1089,7.652371406555176,0.0026134441141039133,1.3884086608886719,0.11033613979816437,0.13760891556739807,
1090,18.209918975830078,0.003006265265867114,1.742354154586792,0.004259625915437937,0.6514368057250977,
1091,7.495364665985107,0.0030811289325356483,2.0940017700195312,0.03722802922129631,0.17574535310268402,
1092,6.477465629577637,0.0027511941734701395,1.7416930198669434,0.05262833833694458,0.1340513825416565,
1093,6.215771675109863,0.0026572856586426497,1.8227264881134033,0.0,0.17306452989578247,
1094,4.382719039916992,0.0028069873806089163,1.562396764755249,0.00884181261062622,0.1011640876531601,
1095,9.484001159667969,0.0024915551766753197,1.6484715938568115,0.09155849367380142,0.21937112510204315,
1096,7.944196701049805,0.0024306324776262045,1.5899364948272705,0.032569289207458496,0.219170480966568,
1097,8.626382827758789,0.0028059929609298706,1.157733678817749,0.18302951753139496,0.1129104495048523,
1098,5.1648712158203125,0.002591364551335573,1.4145123958587646,0.11340494453907013,0.034018054604530334,
1099,10.51095962524414,0.002579874126240611,1.6920130252838135,0.004406233783811331,0.34577175974845886,
1100,4.010019779205322,0.0026305324863642454,1.6020432710647583,0.00964548159390688,0.08404305577278137,
1101,8.860448837280273,0.002744141034781933,1.337550163269043,0.12880311906337738,0.1693686693906784,
1102,8.841611862182617,0.002702292986214161,1.6692028045654297,0.02981734275817871,0.25437673926353455,
1103,10.553464889526367,0.0025026071816682816,1.8871328830718994,0.03377159312367439,0.3103790879249573,
1104,3.8083457946777344,0.0028089184779673815,1.4724175930023193,0.05408531427383423,0.036542899906635284,
1105,10.813763618469238,0.002577367937192321,1.8072712421417236,0.0701674222946167,0.28751492500305176,
1106,7.944127559661865,0.002790561644360423,1.5638989210128784,0.031175851821899414,0.2212427407503128,
1107,15.4825439453125,0.0026250111404806376,1.4580239057540894,0.06916248798370361,0.48919329047203064,
1108,9.213040351867676,0.0026165808085352182,1.7616647481918335,0.025681236758828163,0.2697572410106659,
1109,4.841649055480957,0.0025180710945278406,1.6533921957015991,0.0,0.12501220405101776,
1110,9.007462501525879,0.002575588645413518,1.6193931102752686,0.15271876752376556,0.14022843539714813,
1111,6.923412322998047,0.0025832667015492916,1.4914560317993164,0.10856999456882477,0.10612499713897705,
1112,6.378289222717285,0.0025841554161161184,1.7588846683502197,0.06155210733413696,0.12063993513584137,
1113,4.748424053192139,0.002564202295616269,1.3905740976333618,0.08669184148311615,0.04505795240402222,
1114,7.676891803741455,0.002582214307039976,1.5733609199523926,0.0505252480506897,0.19103378057479858,
1115,4.8254876136779785,0.0025205358397215605,1.742724895477295,0.029274344444274902,0.09151563048362732,
1116,6.283733367919922,0.0024484300520271063,1.8029530048370361,0.07835062593221664,0.09843217581510544,
1117,9.58963394165039,0.0026860448997467756,1.3499822616577148,0.23637425899505615,0.09052576124668121,
1118,5.2821760177612305,0.002501732436940074,1.6159305572509766,0.047981757670640945,0.09616632759571075,
1119,6.513033866882324,0.0026809426490217447,1.2784039974212646,0.158069908618927,0.04863434657454491,
1120,8.969011306762695,0.00242872373200953,1.419449806213379,0.10173942148685455,0.19781431555747986,
1121,8.372953414916992,0.0024542708415538073,1.8096911907196045,0.049442749470472336,0.21063345670700073,
1122,4.140041351318359,0.002588011557236314,1.596526861190796,0.04897046089172363,0.05018210783600807,
1123,7.694962978363037,0.0025689618196338415,1.7890315055847168,0.001139263273216784,0.23252902925014496,
1124,6.52423095703125,0.002433312823995948,1.8212257623672485,0.0,0.1856868863105774,
1125,8.782076835632324,0.002400497207418084,1.5253026485443115,0.04839599132537842,0.23947447538375854,
1126,6.159321308135986,0.002674144459888339,1.5006979703903198,0.026043931022286415,0.15762685239315033,
1127,4.330739974975586,0.0026408396661281586,1.6797618865966797,0.0,0.10339827090501785,
1128,8.453601837158203,0.002607695059850812,1.858231544494629,0.008030910976231098,0.253176212310791,
1129,9.503210067749023,0.0026057588402181864,1.814781665802002,0.03125897794961929,0.2736724019050598,
1130,6.8816728591918945,0.002617371268570423,1.6457716226577759,0.05639104172587395,0.15042763948440552,
1131,3.7893564701080322,0.002393497386947274,1.5646073818206787,0.02550375461578369,0.06109271198511124,
1132,6.619003772735596,0.00258965278044343,1.7746224403381348,0.031135160475969315,0.16005045175552368,
1133,12.27392864227295,0.0026416853070259094,1.6717751026153564,0.13012909889221191,0.29131534695625305,
1134,9.023634910583496,0.0025734873488545418,1.39310622215271,0.20130343735218048,0.10134421288967133,
1135,6.446321487426758,0.0026607990730553865,1.4459552764892578,0.09307163953781128,0.1042822003364563,
1136,9.086191177368164,0.0024870906490832567,1.3336799144744873,0.09795713424682617,0.2096562385559082,
1137,10.302842140197754,0.002403384307399392,1.556810736656189,0.01075694989413023,0.33668094873428345,
1138,5.144927978515625,0.0026081122923642397,1.8356220722198486,0.030162591487169266,0.09960153698921204,
1139,8.234715461730957,0.0025743613950908184,1.5045862197875977,0.14080336689949036,0.12582744657993317,
1140,8.068154335021973,0.002440046053379774,1.6372101306915283,0.0970684289932251,0.15772929787635803,
1141,3.2802953720092773,0.002382033271715045,1.4458574056625366,0.007143378257751465,0.06385210901498795,
1142,9.565126419067383,0.002448761835694313,1.4739832878112793,0.0618247389793396,0.2593722343444824,
1143,7.828083038330078,0.002824836177751422,1.7451999187469482,0.026462018489837646,0.2140284776687622,
1144,5.529128074645996,0.0026139828842133284,1.6554014682769775,0.028166135773062706,0.12416895478963852,
1145,5.486286163330078,0.0024470745120197535,1.725273609161377,0.0302647165954113,0.11772871762514114,
1146,7.207669258117676,0.0024548519868403673,1.5227129459381104,0.059623777866363525,0.16531963646411896,
1147,10.422917366027832,0.0026637220289558172,1.8182909488677979,0.06049678847193718,0.2810245752334595,
1148,5.6317524909973145,0.0028686958830803633,1.4077821969985962,0.0781228169798851,0.08796731382608414,
1149,3.8226046562194824,0.0026290230453014374,1.682578682899475,0.028171876445412636,0.05480014160275459,
1150,9.080180168151855,0.002643103711307049,1.6002789735794067,0.14776618778705597,0.1487867385149002,
1151,15.07581615447998,0.0025272804778069258,1.733178734779358,0.04308110475540161,0.4880971312522888,
1152,9.049715042114258,0.002468631137162447,1.660796880722046,0.04795660451054573,0.2451314926147461,
1153,12.506467819213867,0.0025536876637488604,1.708838939666748,0.14696432650089264,0.2823871374130249,
1154,6.081431865692139,0.0027283786330372095,1.6937999725341797,0.0913170576095581,0.08145983517169952,
1155,11.444400787353516,0.00260120234452188,1.6150708198547363,0.11386396735906601,0.2767080068588257,
1156,8.64150619506836,0.002398876240476966,1.6568996906280518,0.014296014793217182,0.26268935203552246,
1157,4.492070198059082,0.0022938584443181753,1.5113401412963867,0.06852873414754868,0.04840661585330963,
1158,22.47935676574707,0.0026283340994268656,1.7912482023239136,0.002309560775756836,0.8225864171981812,
1159,5.319399833679199,0.0023617404513061047,1.6647032499313354,0.051613371819257736,0.0922127515077591,
1160,4.3585205078125,0.0025620979722589254,1.6608078479766846,0.029198646545410156,0.07614776492118835,
1161,4.907948017120361,0.002692951587960124,1.714403748512268,0.0058011808432638645,0.11924764513969421,
1162,6.48325777053833,0.0025347115006297827,1.4322738647460938,0.03254963830113411,0.16695500910282135,
1163,6.844985008239746,0.0024423731956630945,1.3287023305892944,0.080380879342556,0.1378280520439148,
1164,11.931062698364258,0.0024979410227388144,1.6129045486450195,0.07395663112401962,0.336271733045578,
1165,9.010451316833496,0.0025865507777780294,1.114479660987854,0.20832763612270355,0.10492465645074844,
1166,14.76499080657959,0.0024693890009075403,1.457707405090332,0.1541183441877365,0.3757036328315735,
1167,6.1064348220825195,0.0025855477433651686,1.2726659774780273,0.07310278713703156,0.11766241490840912,
1168,7.552300930023193,0.0024810514878481627,1.6734061241149902,0.10737812519073486,0.12529660761356354,
1169,7.622818946838379,0.0025945401284843683,1.3041603565216064,0.22172172367572784,0.028430083766579628,
1170,9.320679664611816,0.0022680771071463823,1.3910017013549805,0.05959240719676018,0.25532662868499756,
1171,6.613588333129883,0.002526766387745738,1.819962501525879,0.0,0.18921826779842377,
1172,7.698848247528076,0.0023150392808020115,1.6876834630966187,0.005610346794128418,0.2325212061405182,
1173,6.277055263519287,0.0024851763155311346,1.6460394859313965,0.026397427543997765,0.1563580334186554,
1174,4.370732307434082,0.0024876256939023733,1.4524766206741333,0.056835394352674484,0.0574072040617466,
1175,7.907758712768555,0.002416687086224556,1.5153307914733887,0.044506411999464035,0.20877401530742645,
1176,2.936457633972168,0.0023128767497837543,1.637864112854004,0.0,0.049630869179964066,
1177,7.673188209533691,0.0026454187463968992,1.6953518390655518,0.05037687346339226,0.18609116971492767,
1178,6.976751327514648,0.002332070143893361,1.516672134399414,0.10425528138875961,0.11181581765413284,
1179,9.337471961975098,0.002613629214465618,1.686905860900879,0.018695414066314697,0.28471359610557556,
1180,7.791913986206055,0.002209704602137208,1.655616283416748,0.009892463684082031,0.2333497405052185,
1181,6.740231513977051,0.0027116655837744474,1.6236355304718018,0.006614526268094778,0.19533763825893402,
1182,5.449241638183594,0.0023500912357121706,1.660595417022705,0.08157119899988174,0.06762455403804779,
1183,6.245829105377197,0.0027430986519902945,1.7383012771606445,0.04535168409347534,0.13220632076263428,
1184,5.70701789855957,0.002591536147519946,1.6262235641479492,0.030035993084311485,0.13060425221920013,
1185,3.7060232162475586,0.002311341231688857,1.7285010814666748,0.05496370792388916,0.021825842559337616,
1186,6.170292854309082,0.002433037618175149,1.7777693271636963,0.07262077182531357,0.10064712911844254,
1187,5.633766174316406,0.002582933520898223,1.4948341846466064,0.05690642073750496,0.10606792569160461,
1188,8.436065673828125,0.002561035566031933,1.624833106994629,0.0,0.2698882520198822,
1189,4.195493698120117,0.0024576708674430847,1.4086213111877441,0.07379939407110214,0.03521783649921417,
1190,14.227970123291016,0.002541020279750228,1.5412216186523438,0.05342338606715202,0.45150554180145264,
1191,11.43963623046875,0.0024967368226498365,1.685526967048645,0.09477889537811279,0.29288873076438904,
1192,7.449840545654297,0.002613418037071824,1.5368623733520508,0.03688790276646614,0.19701780378818512,
1193,10.45664119720459,0.0023360212799161673,1.5929653644561768,0.07033562660217285,0.2818753719329834,
1194,19.40741539001465,0.002751173684373498,1.768192172050476,0.0708606019616127,0.6319571733474731,
1195,4.463009834289551,0.0026266956701874733,1.7071092128753662,0.0663042813539505,0.04130503162741661,
1196,9.553958892822266,0.00269528292119503,1.5454773902893066,0.08677450567483902,0.23086947202682495,
1197,5.5878801345825195,0.002594259101897478,1.6213903427124023,0.03587061166763306,0.12019473314285278,
1198,13.209354400634766,0.002540219807997346,1.1710091829299927,0.188696950674057,0.29029664397239685,
1199,6.219944953918457,0.002752891508862376,1.4483014345169067,0.03491673991084099,0.15319612622261047,
1200,5.9795637130737305,0.0024209192488342524,1.4485204219818115,0.06786295026540756,0.11095786094665527,
1201,13.512236595153809,0.0025402558967471123,1.3314920663833618,0.1701839715242386,0.31450551748275757,
1202,8.379790306091309,0.002531812759116292,1.4252700805664062,0.14349541068077087,0.13215360045433044,
1203,6.707791328430176,0.002769006183370948,1.5362248420715332,0.14373154938220978,0.060362108051776886,
1204,5.725839138031006,0.0026752736885100603,1.4045709371566772,0.06475714594125748,0.10541828721761703,
1205,5.344486236572266,0.0025806112680584192,1.3016737699508667,0.08866731822490692,0.07046455889940262,
1206,7.252864360809326,0.00276310951448977,1.6631722450256348,0.1030348539352417,0.11778971552848816,
1207,8.483728408813477,0.002528488403186202,1.482429027557373,0.16134876012802124,0.11617471277713776,
1208,6.5355963706970215,0.002373591996729374,1.5279461145401,0.08359871804714203,0.11433370411396027,
1209,6.921438217163086,0.002519833156839013,1.5797098875045776,0.08823668956756592,0.12291260063648224,
1210,10.702959060668945,0.0024197434540838003,1.4995653629302979,0.09470386803150177,0.2710121273994446,
1211,4.6431684494018555,0.00247269612737,1.5989735126495361,0.020357826724648476,0.09893728047609329,
1212,4.851332664489746,0.002352173672989011,1.5334839820861816,0.022378286346793175,0.10798349231481552,
1213,5.623321056365967,0.0026024056132882833,1.601435661315918,0.02441118098795414,0.13386182487010956,
1214,9.838216781616211,0.0023431514855474234,1.7441699504852295,0.14330488443374634,0.17811383306980133,
1215,15.274917602539062,0.002329512033611536,1.8098454475402832,0.02429366111755371,0.5119796991348267,
1216,8.719983100891113,0.002392033813521266,1.8543403148651123,0.0,0.2722336947917938,
1217,9.942706108093262,0.002444702433422208,1.8681743144989014,0.024377763271331787,0.2961587905883789,
1218,7.228073596954346,0.0028061410412192345,1.2687087059020996,0.13537569344043732,0.10019277036190033,
1219,9.392325401306152,0.00231719808652997,1.9467902183532715,0.0,0.29550421237945557,
1220,4.411725997924805,0.0022418431472033262,1.4197757244110107,0.03656858205795288,0.08086757361888885,
1221,7.443079948425293,0.0025163155514746904,1.8570361137390137,0.0,0.2209254503250122,
1222,6.6356964111328125,0.0025250648614019156,1.6432545185089111,0.008348524570465088,0.18882407248020172,
1223,6.335395812988281,0.002323305932804942,1.3651483058929443,0.09291527420282364,0.1035713255405426,
1224,9.661050796508789,0.002736576832830906,1.5368714332580566,0.05489504337310791,0.26733553409576416,
1225,6.361334800720215,0.0027115624397993088,1.3047353029251099,0.10246433317661285,0.09708808362483978,
1226,6.703298568725586,0.0022818699944764376,1.373664379119873,0.14786072075366974,0.0630427822470665,
1227,5.629148483276367,0.0027277665212750435,1.5057255029678345,0.10275308042764664,0.05945608764886856,
1228,6.146702766418457,0.002263683592900634,1.438186526298523,0.021645087748765945,0.1644318848848343,
1229,5.485249996185303,0.002318611601367593,1.5628046989440918,0.06719744205474854,0.0873817503452301,
1230,9.970165252685547,0.0024260159116238356,1.3248467445373535,0.11037179082632065,0.23301497101783752,
1231,5.922161102294922,0.002436653943732381,1.3853962421417236,0.08773944526910782,0.09129448235034943,
1232,5.138666152954102,0.002162746386602521,1.486311912536621,0.03728020191192627,0.10665121674537659,
1233,5.975320816040039,0.002361570717766881,1.8145737648010254,0.0,0.1640683263540268,
1234,7.809925556182861,0.002247055759653449,1.7641587257385254,0.06266069412231445,0.17692291736602783,
1235,8.00068473815918,0.0025066614616662264,1.6444649696350098,0.0049962797202169895,0.24674583971500397,
1236,4.747872352600098,0.0024629661347717047,1.7305018901824951,0.06225230172276497,0.055979542434215546,
1237,4.530171871185303,0.0023758180905133486,1.7861182689666748,0.028776267543435097,0.07861006259918213,
1238,2.3824820518493652,0.0024296718183904886,1.7433899641036987,0.0032142598647624254,0.019919753074645996,
1239,4.354395866394043,0.0024232191499322653,1.520268440246582,0.006762027740478516,0.10417985916137695,
1240,6.100485324859619,0.0024485797621309757,1.508888602256775,0.08127355575561523,0.09994173049926758,
1241,4.874812126159668,0.0023125901352614164,1.2511775493621826,0.07182256877422333,0.0708102136850357,
1242,7.229264259338379,0.0022399453446269035,1.385772943496704,0.06235216185450554,0.1691475212574005,
1243,4.621665000915527,0.002254965715110302,1.637422800064087,0.031653665006160736,0.08546105027198792,
1244,7.611196517944336,0.0024328369181603193,1.856133222579956,0.00988354254513979,0.21788613498210907,
1245,8.91694450378418,0.0022925373632460833,1.636359691619873,0.0,0.28893083333969116,
1246,5.001364707946777,0.0023292142432183027,1.7544032335281372,0.03852303698658943,0.08902621269226074,
1247,6.978515625,0.002297961385920644,1.9000623226165771,0.08689834922552109,0.11394180357456207,
1248,5.509658336639404,0.0022713514044880867,1.7042829990386963,0.0,0.14994366466999054,
1249,6.654721260070801,0.0024558298755437136,1.638772964477539,0.0033546884078532457,0.19482740759849548,
1250,9.120746612548828,0.002303974935784936,1.6840345859527588,0.006592293735593557,0.2885722219944,
1251,4.245373249053955,0.002391514601185918,1.682721734046936,0.004278123378753662,0.09583641588687897,
1252,8.823074340820312,0.0025732156354933977,1.3717721700668335,0.026209313422441483,0.26926958560943604,
1253,9.787498474121094,0.0023146001622080803,1.2635502815246582,0.09130237251520157,0.24734094738960266,
1254,9.212039947509766,0.0023849953431636095,1.6397466659545898,0.0,0.3005067706108093,
1255,6.97635555267334,0.0022159244399517775,1.425237774848938,0.14489687979221344,0.07493190467357635,
1256,10.310352325439453,0.002381594618782401,1.3123762607574463,0.11737857758998871,0.24015888571739197,
1257,6.138059139251709,0.002366043860092759,1.708274483680725,0.040600914508104324,0.13422444462776184,
1258,8.103837013244629,0.002192646497860551,1.2896987199783325,0.06451869010925293,0.20585419237613678,
1259,9.305022239685059,0.002225118689239025,1.4135470390319824,0.17776153981685638,0.13567236065864563,
1260,10.377091407775879,0.0022728173062205315,1.3461778163909912,0.04435610771179199,0.3146076202392578,
1261,17.933643341064453,0.00242544524371624,1.7724080085754395,0.03960597515106201,0.6044180393218994,
1262,8.753177642822266,0.002071871655061841,1.2653093338012695,0.07528288662433624,0.2221599817276001,
1263,8.617204666137695,0.0021051117219030857,1.3855600357055664,0.152058407664299,0.13510224223136902,
1264,5.254864692687988,0.0021579700987786055,1.577594518661499,0.06599289178848267,0.07893994450569153,
1265,6.735196113586426,0.0020779233891516924,1.350970983505249,0.05170120671391487,0.16158989071846008,
1266,6.1112775802612305,0.0022794781252741814,1.3201954364776611,0.07660138607025146,0.11276241391897202,
1267,5.532415390014648,0.0019536183681339025,1.4420320987701416,0.07494255155324936,0.08671915531158447,
1268,3.0574746131896973,0.002636325778439641,1.4869463443756104,0.003625929355621338,0.05655887722969055,
1269,8.406518936157227,0.0023074813652783632,1.3835604190826416,0.07579978555440903,0.20281106233596802,
1270,5.172251224517822,0.002170142251998186,1.404541015625,0.08656066656112671,0.06197759509086609,
1271,3.9048025608062744,0.002131046960130334,1.3291420936584473,0.0819254145026207,0.01896996796131134,
1272,11.785194396972656,0.0024853311479091644,1.5871808528900146,0.04370780661702156,0.36172741651535034,
1273,6.968911647796631,0.002608557464554906,1.7279343605041504,0.08065015077590942,0.12638038396835327,
1274,4.968477725982666,0.002373950555920601,1.4482536315917969,0.032355230301618576,0.10607978701591492,
1275,4.440221786499023,0.0022413067054003477,1.5949079990386963,0.034020423889160156,0.07755082100629807,
1276,5.475733757019043,0.0022348312195390463,1.7469372749328613,0.0,0.14691701531410217,
1277,5.802099704742432,0.002334546996280551,1.7938255071640015,0.01943916082382202,0.13855725526809692,
1278,5.577645778656006,0.0021375110372900963,1.497179627418518,0.006309866905212402,0.15477126836776733,
1279,6.067002296447754,0.0021539111621677876,1.7673423290252686,0.0,0.1698324978351593,
1280,6.309595108032227,0.002098390366882086,1.5946853160858154,0.08505378663539886,0.10144419223070145,
1281,5.261868476867676,0.002081397222355008,1.5718638896942139,0.0,0.14551879465579987,
1282,4.852848052978516,0.002040180843323469,1.5988738536834717,0.016791721805930138,0.11132706701755524,
1283,4.731786251068115,0.002076799049973488,1.8600753545761108,0.022967159748077393,0.08982446789741516,
1284,5.743833541870117,0.002178451744839549,1.4935038089752197,0.053955454379320145,0.11387927830219269,
1285,6.360068321228027,0.002139208372682333,1.3414974212646484,0.041789669543504715,0.15681394934654236,
1286,5.128958702087402,0.002354350406676531,2.1583995819091797,0.06882745027542114,0.047640569508075714,
1287,12.712998390197754,0.0027267925906926394,1.8693476915359497,0.08128684759140015,0.3497323989868164,
1288,5.5285844802856445,0.0023153023794293404,1.7488160133361816,0.041317541152238846,0.10755788534879684,
1289,5.121309757232666,0.0021698714699596167,1.7402845621109009,0.0,0.13307112455368042,
1290,4.47553825378418,0.0022812604438513517,1.5580403804779053,0.0,0.11441865563392639,
1291,9.075084686279297,0.002287463052198291,1.4457066059112549,0.10172958672046661,0.2011580616235733,
1292,6.781064987182617,0.002302611945196986,1.9546616077423096,0.0,0.1907535195350647,
1293,12.084986686706543,0.0021627715323120356,1.435564637184143,0.02551082707941532,0.3983032703399658,
1294,9.714674949645996,0.0020573572255671024,1.6825215816497803,0.039406221359968185,0.27982255816459656,
1295,9.874786376953125,0.00239844829775393,1.3586050271987915,0.03568359091877937,0.30256521701812744,
1296,10.083236694335938,0.001996575389057398,1.698721170425415,0.03236611932516098,0.3010179400444031,
1297,6.289813995361328,0.002307444578036666,1.567284345626831,0.06324104219675064,0.12335267663002014,
1298,6.898409366607666,0.002132597379386425,1.3236441612243652,0.0689372792840004,0.15192073583602905,
1299,5.069302082061768,0.0022221982944756746,1.4474135637283325,0.019186774268746376,0.12346656620502472,
1300,4.324542045593262,0.0020852319430559874,1.7677397727966309,0.025540689006447792,0.07464616000652313,
1301,6.678619384765625,0.0020218389108777046,1.9040485620498657,0.0363377146422863,0.15262329578399658,
1302,6.734361171722412,0.002093853196129203,1.3784394264221191,0.17619262635707855,0.03595038503408432,
1303,7.174071311950684,0.0022887573577463627,1.4801445007324219,0.08527467399835587,0.1401936262845993,
1304,3.918485641479492,0.0022857917938381433,1.607039451599121,0.022028466686606407,0.0681435838341713,
1305,4.941831588745117,0.0023033542092889547,1.3998992443084717,0.008501827716827393,0.13087210059165955,
1306,6.396496772766113,0.0022583839017897844,1.3186923265457153,0.13648590445518494,0.06436789780855179,
1307,4.757349491119385,0.002128007123246789,1.6216626167297363,0.0,0.12329946458339691,
1308,5.710431098937988,0.0021536501590162516,1.4976966381072998,0.026994189247488976,0.13936154544353485,
1309,5.715986251831055,0.0020991226192563772,1.2487077713012695,0.14106644690036774,0.035525575280189514,
1310,6.65275764465332,0.0022337737027555704,1.4909213781356812,0.050134677439928055,0.15410499274730682,
1311,3.137498378753662,0.002470689592882991,1.4090256690979004,0.015115022659301758,0.05155319720506668,
1312,4.610804557800293,0.002106568543240428,1.2998054027557373,0.024183908477425575,0.10614949464797974,
1313,5.173707008361816,0.002560338005423546,1.3434185981750488,0.11552673578262329,0.03512446582317352,
1314,9.454288482666016,0.0021316881757229567,1.4675229787826538,0.13708043098449707,0.18025851249694824,
1315,3.7902233600616455,0.002418593503534794,1.3112890720367432,0.04300488904118538,0.053733889013528824,
1316,10.1818208694458,0.002180776558816433,1.420633316040039,0.0,0.34826672077178955,
1317,5.948812961578369,0.0019278769614174962,1.7152312994003296,0.03272358700633049,0.13469180464744568,
1318,4.30032205581665,0.002092323498800397,1.689271330833435,0.0,0.10234971344470978,
1319,5.518484115600586,0.002242902060970664,1.5658793449401855,0.053158145397901535,0.10270315408706665,
1320,2.483588218688965,0.002234075916931033,1.3590596914291382,0.0,0.04274705797433853,
1321,5.024109840393066,0.0018947363132610917,1.579673171043396,0.020527979359030724,0.1153547614812851,
1322,8.764530181884766,0.0020919404923915863,1.7359986305236816,0.0132282180711627,0.26582109928131104,
1323,7.5160980224609375,0.002107202308252454,1.905193567276001,0.030184805393218994,0.19214418530464172,
1324,7.327683925628662,0.002418461488559842,1.6344283819198608,0.0,0.2253117561340332,
1325,12.3046875,0.0022146787960082293,1.6935441493988037,0.0,0.4222310781478882,
1326,6.507568359375,0.0022551151923835278,1.818697452545166,0.0038915674667805433,0.18140816688537598,
1327,5.087932586669922,0.0020589474588632584,1.6081575155258179,0.013063947670161724,0.12406811118125916,
1328,4.193872451782227,0.002101209945976734,1.5953991413116455,0.006298542022705078,0.0955391675233841,
1329,4.588029384613037,0.002500940812751651,1.6041847467422485,0.06429845094680786,0.052554406225681305,
1330,5.388819694519043,0.0024143026676028967,1.4193487167358398,0.013496358878910542,0.14286817610263824,
1331,6.275957107543945,0.002034309320151806,1.4029417037963867,0.020922759547829628,0.17196354269981384,
1332,5.82852840423584,0.0020842752419412136,1.3484301567077637,0.04572447016835213,0.13139519095420837,
1333,9.204217910766602,0.0022201098036020994,1.3449437618255615,0.09616069495677948,0.21599017083644867,
1334,9.091756820678711,0.002143522957339883,1.5216541290283203,0.056480348110198975,0.24418023228645325,
1335,5.138568878173828,0.002332935342565179,1.2843618392944336,0.06189757585525513,0.08993777632713318,
1336,7.886657238006592,0.0021685503888875246,1.5233691930770874,0.02208048105239868,0.2302824705839157,
1337,10.392005920410156,0.002111546928063035,1.587262511253357,0.03286824747920036,0.31720995903015137,
1338,7.211334705352783,0.002462462056428194,1.3995180130004883,0.03349979594349861,0.1965104192495346,
1339,4.026179313659668,0.0020994930528104305,1.4200105667114258,0.035131990909576416,0.06701527535915375,
1340,8.183588981628418,0.001964705064892769,1.2846227884292603,0.07519976049661636,0.1987941563129425,
1341,6.551320552825928,0.002253039972856641,1.3471975326538086,0.045518338680267334,0.16039353609085083,
1342,5.869132041931152,0.002523452043533325,1.3821009397506714,0.07425765693187714,0.1027001291513443,
1343,7.784706115722656,0.0021336956415325403,1.3307619094848633,0.04628543183207512,0.20973864197731018,
1344,3.5784854888916016,0.002155125606805086,1.4173990488052368,0.0,0.0842883363366127,
1345,3.7366135120391846,0.0022064801305532455,1.6325159072875977,0.0,0.08195742964744568,
1346,5.0883026123046875,0.0022758860141038895,1.453383445739746,0.046526748687028885,0.09659412503242493,
1347,11.097600936889648,0.002283500274643302,1.539346694946289,0.019833644852042198,0.3602130115032196,
1348,9.894351959228516,0.0022028980311006308,1.4516963958740234,0.020965993404388428,0.31453731656074524,
1349,17.416521072387695,0.001882848679088056,1.5800405740737915,0.017724037170410156,0.613852322101593,
1350,6.020656585693359,0.0022096598986536264,1.589400053024292,0.044492822140455246,0.13054777681827545,
1351,8.303303718566895,0.0021470095962285995,1.3808743953704834,0.11257094144821167,0.16217923164367676,
1352,5.204064846038818,0.0021151076070964336,1.2534129619598389,0.027258336544036865,0.1286526322364807,
1353,5.770617961883545,0.002544836373999715,1.5019097328186035,0.05983328819274902,0.10837020725011826,
1354,5.515628814697266,0.0022769044153392315,1.3553045988082886,0.06713078171014786,0.09700529277324677,
1355,5.811131000518799,0.002062785206362605,1.4512696266174316,0.06360337883234024,0.10872829705476761,
1356,7.997641086578369,0.0020624916069209576,1.2543214559555054,0.08411145210266113,0.183558851480484,
1357,6.5520124435424805,0.0020504924468696117,1.3361258506774902,0.12612950801849365,0.08045545220375061,
1358,10.305017471313477,0.00221700849942863,1.4879393577575684,0.09526211023330688,0.2552040219306946,
1359,3.664000988006592,0.002091389847919345,1.4190281629562378,0.027344923466444016,0.060362592339515686,
1360,6.920422077178955,0.0021914883982390165,1.36503267288208,0.07759467512369156,0.1424294114112854,
1361,10.180919647216797,0.0017876554047688842,1.609999179840088,0.042486608028411865,0.29856258630752563,
1362,13.060669898986816,0.0024853248614817858,1.2312357425689697,0.06721743196249008,0.4034746289253235,
1363,9.715473175048828,0.0021862417925149202,1.5104031562805176,0.06733914464712143,0.2586774230003357,
1364,7.653934955596924,0.0020970359910279512,1.6922802925109863,0.014867921359837055,0.22150123119354248,
1365,7.911628723144531,0.002072068862617016,1.3342503309249878,0.09650969505310059,0.16451334953308105,
1366,7.286252975463867,0.002253754297271371,1.1958179473876953,0.02669084072113037,0.21467280387878418,
1367,6.692118167877197,0.002111077541485429,1.423513412475586,0.054913125932216644,0.15371999144554138,
1368,9.991714477539062,0.0017789782723411918,1.2738912105560303,0.16000913083553314,0.1869248002767563,
1369,6.243194103240967,0.0017331718700006604,1.3172935247421265,0.08553795516490936,0.10976488888263702,
1370,10.509014129638672,0.0020924380514770746,1.318155288696289,0.02004084922373295,0.3455010652542114,
1371,7.951779365539551,0.0021297738421708345,1.377382516860962,0.0616212859749794,0.1992248296737671,
1372,4.106960296630859,0.002428343752399087,1.3456783294677734,0.07083050161600113,0.03719243034720421,
1373,6.443445205688477,0.0021171532571315765,1.1731537580490112,0.10504108667373657,0.1036534234881401,
1374,8.102964401245117,0.0022002605255693197,1.5096538066864014,0.004784127231687307,0.2567480206489563,
1375,6.4397478103637695,0.002127161482349038,1.0398879051208496,0.16235491633415222,0.05151231586933136,
1376,4.512373447418213,0.0021324565168470144,1.3139249086380005,0.09214918315410614,0.033656299114227295,
1377,8.410576820373535,0.0022702112328261137,1.4758907556533813,0.11695408821105957,0.1581631302833557,
1378,7.453392505645752,0.0018611947307363153,1.5479092597961426,1.5974044799804688e-05,0.23434215784072876,
1379,3.4510297775268555,0.0020668439101427794,1.3229961395263672,0.04870516061782837,0.034349337220191956,
1380,6.701344013214111,0.002027603331953287,1.69514799118042,0.032551366835832596,0.16566887497901917,
1381,10.777780532836914,0.0018162383930757642,1.5192174911499023,0.0263607706874609,0.3421655297279358,
1382,7.293457508087158,0.0019704701844602823,1.3068199157714844,0.09249600023031235,0.14499902725219727,
1383,8.463138580322266,0.0021014942321926355,1.4669926166534424,0.022565683349967003,0.25517866015434265,
1384,5.005123138427734,0.0019613225013017654,1.6742584705352783,0.05724998190999031,0.07402326911687851,
1385,9.940896987915039,0.0021855563391000032,1.6285548210144043,0.0008957783575169742,0.32941240072250366,
1386,8.278287887573242,0.0020640746224671602,1.5146011114120483,0.04189630597829819,0.22658710181713104,
1387,10.148664474487305,0.0019515281310305,1.4300498962402344,0.07648519426584244,0.27030783891677856,
1388,4.934291839599609,0.002233255887404084,1.389818787574768,0.011082848533987999,0.12846282124519348,
1389,2.8551292419433594,0.001976574305444956,1.494388222694397,0.016171375289559364,0.03628169000148773,
1390,5.745626926422119,0.0020747773814946413,1.6749424934387207,0.0026559431571513414,0.15809665620326996,
1391,3.265423059463501,0.00197671283967793,1.449783205986023,0.019143283367156982,0.05150559917092323,
1392,3.1740474700927734,0.00198093568906188,1.3908312320709229,0.003239969490095973,0.06610774248838425,
1393,3.7608230113983154,0.0020665270276367664,1.3696002960205078,0.040765244513750076,0.05281713977456093,
1394,7.320461273193359,0.0021053103264421225,1.2634146213531494,0.12706609070301056,0.11311046779155731,
1395,8.98230266571045,0.002085433341562748,1.2329438924789429,0.03189200162887573,0.2759969234466553,
1396,9.227628707885742,0.00192087737377733,1.3125925064086914,0.10360565036535263,0.21107491850852966,
1397,6.010180473327637,0.0018499832367524505,1.5204524993896484,0.016065120697021484,0.16167402267456055,
1398,4.259541034698486,0.0021001268178224564,1.3671413660049438,0.0046785869635641575,0.10891727358102798,
1399,3.7607054710388184,0.002127591520547867,1.5940839052200317,0.042134206742048264,0.042403072118759155,
1400,5.425078392028809,0.0022989704739302397,1.544975757598877,0.011296887882053852,0.14160823822021484,
1401,11.255104064941406,0.001965051284059882,1.3264271020889282,0.09127793461084366,0.30390408635139465,
1402,6.3486738204956055,0.0021157118026167154,1.6044156551361084,0.0,0.18765461444854736,
1403,3.2287378311157227,0.002150327432900667,1.5536940097808838,0.013797919265925884,0.05105350911617279,
1404,7.57163143157959,0.002096395241096616,1.535083532333374,0.07898720353841782,0.1603783220052719,
1405,10.469204902648926,0.0018568518571555614,1.3139936923980713,0.10223062336444855,0.26212096214294434,
1406,9.672983169555664,0.0019765631295740604,1.2757233381271362,0.13943618535995483,0.1944776326417923,
1407,4.254692554473877,0.0018631123239174485,1.308375358581543,0.04822653532028198,0.06776303797960281,
1408,4.054630756378174,0.0018551837420091033,1.4451963901519775,0.06273708492517471,0.03978510573506355,
1409,2.528308153152466,0.001977988053113222,1.4957778453826904,0.004007299896329641,0.035315923392772675,
1410,9.452542304992676,0.0021034819073975086,1.4793440103530884,0.2017829418182373,0.11504149436950684,
1411,5.747252464294434,0.0021794550120830536,1.3355143070220947,0.08285333961248398,0.09143675118684769,
1412,6.549481391906738,0.0018751878524199128,1.4817122220993042,0.03441472724080086,0.1664208471775055,
1413,6.676797866821289,0.0017782592913135886,1.5272862911224365,0.09562750160694122,0.10857468843460083,
1414,11.514837265014648,0.002033128635957837,1.6719393730163574,0.01408209465444088,0.37760066986083984,
1415,8.721517562866211,0.0019494346342980862,1.7172822952270508,0.035376787185668945,0.24284318089485168,
1416,5.152580261230469,0.0020992925856262445,1.4089932441711426,0.07248421758413315,0.0751599669456482,
1417,5.670176982879639,0.0021769118029624224,1.5017695426940918,0.05629897117614746,0.10826040804386139,
1418,4.276125431060791,0.0019448809325695038,1.3128528594970703,0.023807326331734657,0.09277869760990143,
1419,5.682246685028076,0.002115525072440505,1.5971192121505737,0.07474914938211441,0.08654041588306427,
1420,12.022771835327148,0.0018901802832260728,1.5393452644348145,0.01897662878036499,0.39847028255462646,
1421,5.791622638702393,0.0019310720963403583,1.3418083190917969,0.03475119546055794,0.14131030440330505,
1422,7.302626609802246,0.0019339225254952908,1.651299238204956,0.05110448598861694,0.17301468551158905,
1423,8.177057266235352,0.0016738558188080788,1.4246430397033691,0.0,0.2684227228164673,
1424,4.810439109802246,0.0019674268551170826,1.655011534690857,0.0,0.12424967437982559,
1425,4.390336990356445,0.0019265883602201939,1.5618493556976318,0.0018921891460195184,0.1093207374215126,
1426,8.326705932617188,0.002279080916196108,1.676905632019043,0.007233122829347849,0.25647979974746704,
1427,8.361888885498047,0.0017741521587595344,1.8762344121932983,0.0,0.25765201449394226,
1428,7.39277982711792,0.001941697672009468,1.4570469856262207,0.05822606757283211,0.1772615611553192,
1429,7.184613227844238,0.0019641818944364786,1.7120115756988525,0.02086416818201542,0.19607572257518768,
1430,7.443665504455566,0.0018667392432689667,1.5867865085601807,0.07323610782623291,0.15917231142520905,
1431,22.434988021850586,0.001927170786075294,1.61669921875,0.0009182493085972965,0.8298861980438232,
1432,5.424554824829102,0.0018222577637061477,1.4574790000915527,0.03780484199523926,0.11905592679977417,
1433,10.69937515258789,0.0018311605090275407,1.3773460388183594,0.038515906780958176,0.3325341045856476,
1434,5.611482620239258,0.0019184605916962028,1.3851665258407593,0.03216312453150749,0.13497105240821838,
1435,2.7745001316070557,0.0018844995647668839,1.3258991241455078,0.0026352405548095703,0.053424298763275146,
1436,7.009680271148682,0.0018303213873878121,1.1477123498916626,0.13448280096054077,0.0981656014919281,
1437,4.128968715667725,0.0020648452918976545,1.279779076576233,0.05505138635635376,0.05685136094689369,
1438,5.6052727699279785,0.0021055431570857763,1.1038137674331665,0.10397322475910187,0.07397960871458054,
1439,3.0973784923553467,0.0022305173333734274,1.250343918800354,0.015159924514591694,0.0564909428358078,
1440,5.571791648864746,0.002099367091432214,1.3193070888519287,0.02938079833984375,0.13861921429634094,
1441,7.8951263427734375,0.0020440600346773863,1.4452956914901733,0.0023042161483317614,0.2536449432373047,
1442,10.877046585083008,0.0020225958433002234,1.534425973892212,0.03335559368133545,0.33832666277885437,
1443,4.897649765014648,0.002150725107640028,1.244924783706665,0.0749325305223465,0.06902574002742767,
1444,9.920794486999512,0.0019177611684426665,1.3347939252853394,0.04345812276005745,0.29806414246559143,
1445,6.920064926147461,0.002138432115316391,1.2539260387420654,0.04921956732869148,0.17528757452964783,
1446,6.165310859680176,0.002003879053518176,1.355525016784668,0.07846653461456299,0.111921027302742,
1447,13.149513244628906,0.0020812361035495996,1.3159037828445435,0.1407046914100647,0.3305584788322449,
1448,4.01487922668457,0.002144597703590989,1.2938507795333862,0.014946679584681988,0.09174986183643341,
1449,5.647836685180664,0.0021156303118914366,1.2789394855499268,0.07467565685510635,0.09796459227800369,
1450,4.448697090148926,0.00204709661193192,1.6349303722381592,0.0359792523086071,0.07452431321144104,
1451,10.341708183288574,0.0020688229706138372,1.2959975004196167,0.054383713752031326,0.305375874042511,
1452,6.120521545410156,0.0021722642704844475,1.0433731079101562,0.14843705296516418,0.05247661471366882,
1453,9.34561538696289,0.0020405177492648363,1.4186217784881592,0.03957043215632439,0.2754687964916229,
1454,6.400391578674316,0.0019762006122618914,1.292421817779541,0.06328896433115005,0.13905362784862518,
1455,8.77448844909668,0.001975525403395295,1.5085562467575073,0.06169037148356438,0.22697140276432037,
1456,5.252352714538574,0.00200257427059114,1.5388293266296387,0.02331322431564331,0.1232251226902008,
1457,4.528793811798096,0.002049410017207265,1.3629732131958008,0.07029601186513901,0.05428740382194519,
1458,5.005923271179199,0.002221510512754321,1.1476078033447266,0.07712118327617645,0.0749899297952652,
1459,7.093597888946533,0.0017691334942355752,1.3484617471694946,0.023340919986367226,0.20469540357589722,
1460,8.350629806518555,0.002003992907702923,1.3158140182495117,0.08765894174575806,0.19172972440719604,
1461,4.899209022521973,0.0020122576970607042,1.377428650856018,0.08621903508901596,0.0526399165391922,
1462,5.468077182769775,0.001950759906321764,1.24412202835083,0.08186361938714981,0.08514381945133209,
1463,6.608024597167969,0.0019614933989942074,1.4205734729766846,0.03845300152897835,0.16708356142044067,
1464,11.051081657409668,0.0020565635059028864,1.248313069343567,0.07023654133081436,0.3198176622390747,
1465,8.031820297241211,0.0019251233898103237,1.3240656852722168,0.07846584171056747,0.18791921436786652,
1466,7.294140338897705,0.002125660190358758,1.3910762071609497,0.12772059440612793,0.10627631098031998,
1467,4.859991073608398,0.0021581051405519247,1.3926842212677002,0.0382486991584301,0.09828547388315201,
1468,13.056806564331055,0.002064780332148075,1.550889492034912,0.06963832676410675,0.3885335922241211,
1469,6.25218391418457,0.0018415898084640503,1.4260475635528564,0.020573455840349197,0.17063042521476746,
1470,5.73206090927124,0.0019946550019085407,1.4131474494934082,0.052251797169446945,0.11851008981466293,
1471,12.05880355834961,0.001847880776040256,1.706535816192627,0.03898435831069946,0.37325847148895264,
1472,9.377697944641113,0.0020013332832604647,1.8251268863677979,0.016001680865883827,0.28409984707832336,
1473,8.702180862426758,0.0020442521199584007,1.5759817361831665,0.02662414312362671,0.2563795745372772,
1474,7.609178066253662,0.0018405942246317863,1.481286883354187,0.004019737243652344,0.23925530910491943,
1475,9.75653076171875,0.0018987226067110896,1.478817105293274,0.035101037472486496,0.2941087782382965,
1476,5.963128089904785,0.0018646082608029246,1.255176067352295,0.07458122819662094,0.11187224090099335,
1477,4.003480434417725,0.0019168936414644122,1.1974337100982666,0.029246311634778976,0.0810786634683609,
1478,9.442235946655273,0.0017536637606099248,1.3373327255249023,0.07731272280216217,0.24512973427772522,
1479,8.162766456604004,0.0018806048901751637,1.48439621925354,0.0454493947327137,0.2198048233985901,
1480,9.16118049621582,0.0018103198381140828,1.6507484912872314,0.0774340033531189,0.22117295861244202,
1481,10.869647979736328,0.0019883057102560997,1.3267953395843506,0.07554600387811661,0.3041797876358032,
1482,10.948736190795898,0.0018508954672142863,1.3683913946151733,0.10958079248666763,0.27178213000297546,
1483,8.048175811767578,0.001747851725667715,1.2411184310913086,0.17918258905410767,0.09135183691978455,
1484,5.837764263153076,0.0018987595103681087,1.311286449432373,0.09330582618713379,0.08585453778505325,
1485,6.46038293838501,0.0019249137258157134,1.2115315198898315,0.05103011801838875,0.15699902176856995,
1486,5.356436252593994,0.0018942294409498572,1.4066877365112305,0.0051423110999166965,0.15095339715480804,
1487,5.422362327575684,0.0017787991091609001,1.2277122735977173,0.099570631980896,0.06643656641244888,
1488,7.642775535583496,0.0017171087674796581,1.343148946762085,0.1787761151790619,0.07149183005094528,
1489,6.025461196899414,0.0019304730230942369,1.404038906097412,0.0,0.18292643129825592,
1490,8.913609504699707,0.0017669840017333627,1.6533186435699463,0.0,0.2886446416378021,
1491,7.344266891479492,0.001873915665782988,1.340998888015747,0.008666913025081158,0.22958989441394806,
1492,7.410219669342041,0.0018399195978417993,1.569685935974121,0.04571247100830078,0.18606895208358765,
1493,8.051219940185547,0.0019372826209291816,1.1285319328308105,0.09505709260702133,0.17991311848163605,
1494,4.863902568817139,0.001841419842094183,1.5578778982162476,0.0384441614151001,0.09195539355278015,
1495,6.571349620819092,0.0020503278356045485,1.3989171981811523,0.05676700547337532,0.14807996153831482,
1496,5.740922927856445,0.001766460482031107,1.627375602722168,0.01066058874130249,0.1521148383617401,
1497,8.044628143310547,0.0019274678779765964,1.1868791580200195,0.06369676440954208,0.2086857408285141,
1498,11.142288208007812,0.0019695961382240057,1.497754693031311,0.08822085708379745,0.295590877532959,
1499,8.58455753326416,0.0017171693034470081,1.4402821063995361,0.07879519462585449,0.20525866746902466,
1500,6.806525230407715,0.0018838634714484215,1.4619348049163818,0.059048913419246674,0.15285083651542664,"[1.1708805561065674, 0.9509323835372925, 1.235341191291809]"
1501,4.933534622192383,0.0020686970092356205,1.4013298749923706,0.008839249610900879,0.13038024306297302,
1502,9.141277313232422,0.0017687809886410832,1.2699589729309082,0.06860550493001938,0.24447843432426453,
1503,5.739893913269043,0.001768360030837357,1.274092674255371,0.08669779449701309,0.0901658833026886,
1504,4.911460876464844,0.0018430493073537946,1.5577013492584229,0.053249042481184006,0.07905829697847366,
1505,8.9410400390625,0.001820947858504951,1.598724365234375,0.01873292587697506,0.27313873171806335,
1506,7.317246437072754,0.0018164418870583177,1.4408280849456787,0.05015121027827263,0.18308906257152557,
1507,9.216621398925781,0.0017804462695494294,1.6971681118011475,0.02198348380625248,0.27701419591903687,
1508,7.126048564910889,0.0017952510388568044,1.4319276809692383,0.050407588481903076,0.17556199431419373,
1509,7.580852508544922,0.0017667239299044013,1.7567164897918701,0.034678757190704346,0.19651995599269867,
1510,7.510231018066406,0.0019442983902990818,1.4799692630767822,0.05862845852971077,0.18063771724700928,
1511,9.268909454345703,0.0018863944569602609,1.483165979385376,0.02709329128265381,0.2824500501155853,
1512,3.803093194961548,0.0020819557830691338,1.2596948146820068,0.04840276762843132,0.05125121772289276,
1513,13.053924560546875,0.0017469133017584682,1.343209981918335,0.01689920760691166,0.44978243112564087,
1514,9.146501541137695,0.001798954326659441,1.2207484245300293,0.10990102589130402,0.20533016324043274,
1515,6.84918212890625,0.0016987230628728867,1.229290246963501,0.013862590305507183,0.20923437178134918,
1516,12.437458038330078,0.0018678521737456322,1.5617749691009521,0.00911994744092226,0.42403948307037354,
1517,9.088603973388672,0.001960733672603965,1.3971493244171143,0.013064463622868061,0.2926329970359802,
1518,8.59714126586914,0.0017747189849615097,1.0453189611434937,0.1344311237335205,0.16586706042289734,
1519,13.356229782104492,0.0018919460708275437,1.446229338645935,0.1010839119553566,0.3734241724014282,
1520,12.357540130615234,0.0018686255207285285,1.3268940448760986,0.09044510126113892,0.3489121198654175,
1521,7.07403039932251,0.0018038855632767081,1.1366801261901855,0.11908237636089325,0.11660775542259216,
1522,9.683460235595703,0.0018948049983009696,1.19119393825531,0.16229823231697083,0.1754976361989975,
1523,5.776763916015625,0.0018010195344686508,1.3167102336883545,0.017700832337141037,0.15890030562877655,
1524,2.739863634109497,0.001704433117993176,1.3648631572723389,0.03173144534230232,0.021564137190580368,
1525,6.0628814697265625,0.0016655727522447705,1.4886343479156494,0.09255918115377426,0.08874514698982239,
1526,7.7714009284973145,0.0019231882179155946,1.346463680267334,0.06985988467931747,0.18521441519260406,
1527,6.5663838386535645,0.0018110823584720492,1.2179484367370605,0.06641067564487457,0.14571566879749298,
1528,9.931270599365234,0.00196746620349586,1.188906192779541,0.14912733435630798,0.19859978556632996,
1529,7.5408525466918945,0.00203472631983459,1.0380239486694336,0.1732386350631714,0.08483976870775223,
1530,4.555562973022461,0.001922781695611775,1.4893462657928467,0.04922842979431152,0.07149747014045715,
1531,7.335930347442627,0.0018864864250645041,1.4273053407669067,0.02013208530843258,0.21432644128799438,
1532,5.105438709259033,0.0018056133994832635,1.382713794708252,0.0,0.14710338413715363,
1533,8.895506858825684,0.0019813315011560917,1.2032045125961304,0.14906656742095947,0.15664421021938324,
1534,7.600194931030273,0.001824415405280888,1.2746551036834717,0.10438825190067291,0.1468089073896408,
1535,5.393857002258301,0.0018256307812407613,1.3714931011199951,0.059806764125823975,0.09926215559244156,
1536,6.084385871887207,0.0017283220076933503,1.428360939025879,0.0519917830824852,0.1325208991765976,
1537,9.453956604003906,0.0018610600382089615,1.388282299041748,0.039501309394836426,0.28126460313796997,
1538,4.6876678466796875,0.0016628942685201764,1.4174933433532715,0.04640759900212288,0.08273649215698242,
1539,10.889902114868164,0.0019149876898154616,1.6926589012145996,0.0011234283447265625,0.36485129594802856,
1540,7.343902587890625,0.0018044584430754185,1.4127957820892334,0.0,0.23543982207775116,
1541,8.942987442016602,0.0018561439355835319,1.3717799186706543,0.0819096788764,0.21908248960971832,
1542,8.413618087768555,0.0016994435572996736,1.5181994438171387,0.0402686782181263,0.23384860157966614,
1543,5.011630058288574,0.0018243854865431786,1.2360285520553589,0.0830639973282814,0.06613567471504211,
1544,6.999433517456055,0.0018380037508904934,1.6165592670440674,0.02265697717666626,0.19082000851631165,
1545,4.758557319641113,0.0016228947788476944,1.4782884120941162,0.0,0.12958785891532898,
1546,9.786473274230957,0.0017209979705512524,1.622213363647461,0.027981022372841835,0.29686835408210754,
1547,7.124129295349121,0.0018776884535327554,1.6550779342651367,0.0,0.21688435971736908,
1548,7.433810234069824,0.0017780036432668567,1.2820415496826172,0.08848726749420166,0.15580546855926514,
1549,5.637777328491211,0.001768583315424621,1.341459035873413,0.07815378904342651,0.0919303372502327,
1550,6.9798431396484375,0.0016691284254193306,1.4825341701507568,0.0916052907705307,0.1266179233789444,
1551,6.291943073272705,0.0016400945605710149,1.1629081964492798,0.11388999223709106,0.0896313264966011,
1552,5.128631114959717,0.0016310381470248103,1.3690491914749146,0.030177036300301552,0.11857521533966064,
1553,7.284385681152344,0.001845735707320273,1.3559513092041016,0.04982612282037735,0.18546552956104279,
1554,7.004316806793213,0.001741154701448977,1.3337101936340332,0.0,0.2250830978155136,
1555,5.839607238769531,0.0016683541471138597,1.3575541973114014,0.0009072820539586246,0.176706463098526,
1556,5.846710205078125,0.0016490882262587547,1.3304373025894165,0.031206071376800537,0.14779575169086456,
1557,6.266944885253906,0.001858255942352116,1.1671732664108276,0.11896777153015137,0.08316484838724136,
1558,7.590035438537598,0.001576308743096888,1.32097327709198,0.01818680763244629,0.23099938035011292,
1559,5.810427665710449,0.0017403466627001762,1.25411057472229,0.06573949009180069,0.11477285623550415,
1560,10.445025444030762,0.0017079832032322884,1.3286854028701782,0.12086617946624756,0.24207940697669983,
1561,17.707687377929688,0.0018436475656926632,1.4273992776870728,0.1144942045211792,0.5348737239837646,
1562,4.810115814208984,0.0016662400448694825,1.4539434909820557,0.007546067237854004,0.12503458559513092,
1563,7.686850547790527,0.0018906975165009499,1.142261266708374,0.04438430070877075,0.2155085653066635,
1564,6.886065483093262,0.001894226297736168,1.2567031383514404,0.02323857881128788,0.20004166662693024,
1565,7.610273361206055,0.0021451932843774557,1.2211058139801025,0.0696900486946106,0.18373145163059235,
1566,7.082034111022949,0.0017518947133794427,1.1236026287078857,0.17693489789962769,0.05965046584606171,
1567,4.446377277374268,0.0020785159431397915,1.1465200185775757,0.11839205026626587,0.011523735709488392,
1568,8.848736763000488,0.002028391230851412,1.1881225109100342,0.1825006604194641,0.12189552187919617,
1569,8.57948112487793,0.00192037143278867,1.3266164064407349,0.11711364984512329,0.17108054459095,
1570,5.434325218200684,0.0021032008808106184,1.5172350406646729,0.05617360398173332,0.09840679168701172,
1571,4.174465656280518,0.0018702447414398193,1.3657387495040894,0.06012988090515137,0.05034894123673439,
1572,6.666560173034668,0.0018089908408001065,1.1933566331863403,0.06089864298701286,0.15622051060199738,
1573,7.179473400115967,0.0017729558749124408,1.2275080680847168,0.1026824563741684,0.13362321257591248,
1574,9.330907821655273,0.0018712086603045464,1.280126929283142,0.1029035821557045,0.21725644171237946,
1575,7.198080062866211,0.001961752772331238,1.1749330759048462,0.16249001026153564,0.0764741376042366,
1576,6.025399684906006,0.0018158168531954288,1.2813973426818848,0.10236500203609467,0.0855792909860611,
1577,9.707176208496094,0.0017307344824075699,1.1154241561889648,0.12783768773078918,0.2141016572713852,
1578,5.386087417602539,0.0019549427088350058,1.3717164993286133,0.09094987064599991,0.06767003238201141,
1579,5.49130392074585,0.0020243891049176455,1.4097198247909546,0.016349216923117638,0.1448897421360016,
1580,7.635159492492676,0.0019165746634826064,1.3034868240356445,0.03695476055145264,0.21439558267593384,
1581,8.383630752563477,0.002001958666369319,1.0667918920516968,0.15715818107128143,0.133513405919075,
1582,6.183194160461426,0.0019681230187416077,1.4612618684768677,0.05237814038991928,0.13453103601932526,
1583,4.88995885848999,0.001904184464365244,1.3637865781784058,0.052664000540971756,0.08647871017456055,
1584,8.664779663085938,0.0018875887617468834,1.3006198406219482,0.024994412437081337,0.2676844000816345,
1585,11.249528884887695,0.0017087535234168172,1.352105736732483,0.023153623566031456,0.37103453278541565,
1586,4.7439656257629395,0.0017250258242711425,1.3593617677688599,0.04878169298171997,0.08487744629383087,
1587,12.907404899597168,0.0017280221218243241,1.1766961812973022,0.005710581783205271,0.4617897570133209,
1588,4.623554229736328,0.0017612989759072661,1.6970351934432983,0.0034747521858662367,0.11182470619678497,
1589,3.855745792388916,0.001790557405911386,1.523423671722412,0.01987687684595585,0.07162544876337051,
1590,5.565902233123779,0.0016956542385742068,1.2113739252090454,0.05406709387898445,0.11841839551925659,
1591,6.340183258056641,0.0018856395035982132,1.3527452945709229,0.014133632183074951,0.1834782361984253,
1592,3.846231698989868,0.0017522755078971386,1.2816720008850098,0.054475706070661545,0.04635440185666084,
1593,5.710102081298828,0.0017621292499825358,1.3937914371490479,0.0055127739906311035,0.16537751257419586,
1594,8.18943977355957,0.0018991148099303246,1.7647719383239746,0.0,0.25508761405944824,
1595,6.895135402679443,0.0017482837429270148,1.7740554809570312,0.007855136878788471,0.19523976743221283,
1596,9.630735397338867,0.0017571687931194901,1.7739770412445068,0.0013221303233876824,0.31119102239608765,
1597,4.599376678466797,0.001781331840902567,1.4043407440185547,0.028953632339835167,0.0970664769411087,
1598,10.720589637756348,0.0018087484641000628,1.3956406116485596,0.009262402541935444,0.361926794052124,
1599,8.325983047485352,0.0017204227624461055,1.4482407569885254,0.0,0.2733892798423767,
1600,4.214997291564941,0.0018319139489904046,1.4210188388824463,0.0,0.109927237033844,
1601,17.80988121032715,0.0017610928043723106,1.4737942218780518,0.06879842281341553,0.5828839540481567,
1602,3.4628827571868896,0.0018221205100417137,1.3611817359924316,0.049316029995679855,0.03292989358305931,
1603,9.650960922241211,0.0017794491723179817,1.3255767822265625,0.05912313610315323,0.27211278676986694,
1604,8.139230728149414,0.0016716723330318928,1.18815279006958,0.11022579669952393,0.16614562273025513,
1605,11.354692459106445,0.001614958979189396,1.242422342300415,0.07614541053771973,0.3267304599285126,
1606,7.461029052734375,0.001546920626424253,1.2067253589630127,0.09489677846431732,0.1537284553050995,
1607,7.424501419067383,0.0019092824077233672,1.0612504482269287,0.1531365066766739,0.09948422014713287,
1608,8.290093421936035,0.0017886190908029675,1.0023689270019531,0.1789764016866684,0.11074395477771759,
1609,11.74791145324707,0.0018131843535229564,1.0767264366149902,0.17997141182422638,0.24506281316280365,
1610,7.763401985168457,0.0016660956898704171,1.1836986541748047,0.15723854303359985,0.10428349673748016,
1611,5.233157634735107,0.0017924392595887184,1.3918628692626953,0.05398279428482056,0.09787655621767044,
1612,7.048418045043945,0.0017044651322066784,1.3053925037384033,0.16705690324306488,0.06095965951681137,
1613,8.086101531982422,0.001885127741843462,1.1213679313659668,0.19699399173259735,0.0797102153301239,
1614,11.519044876098633,0.0018058951245620847,1.2732985019683838,0.1730850338935852,0.23493893444538116,
1615,5.160869121551514,0.0017463946714997292,1.3093000650405884,0.09173987060785294,0.06057649105787277,
1616,9.914141654968262,0.0016917692264541984,1.3322632312774658,0.07242144644260406,0.2691619098186493,
1617,6.640836715698242,0.001809016801416874,1.2341415882110596,0.11600110679864883,0.0984576940536499,
1618,3.446749687194824,0.0018475929973646998,1.066609263420105,0.051580172032117844,0.04177786037325859,
1619,5.550240516662598,0.0015861104475334287,1.2753591537475586,0.10373346507549286,0.06567566841840744,
1620,10.064803123474121,0.0018098553409799933,1.1554399728775024,0.032899778336286545,0.32166486978530884,
1621,8.651963233947754,0.001721218228340149,1.1344598531723022,0.03745736554265022,0.2615215480327606,
1622,9.404914855957031,0.0015901807928457856,1.0908410549163818,0.15994958579540253,0.1710231751203537,
1623,6.818488121032715,0.0018650480778887868,1.4117728471755981,0.04015926271677017,0.17424431443214417,
1624,7.466751575469971,0.0016495081363245845,1.408575415611267,0.029999155551195145,0.21067838370800018,
1625,5.552115440368652,0.001758270780555904,1.4220232963562012,0.06203395128250122,0.10141146928071976,
1626,5.390655040740967,0.0019818719010800123,1.3630523681640625,0.06323599815368652,0.09588623046875,
1627,5.9064202308654785,0.0016441917978227139,1.3677574396133423,0.05658014491200447,0.12332217395305634,
1628,4.034762859344482,0.0018809182802215219,1.4686765670776367,0.004315932746976614,0.09644660353660583,
1629,7.26790189743042,0.0018417841056361794,1.4256362915039062,0.035729486495256424,0.19611933827400208,
1630,3.2903170585632324,0.001680954941548407,1.4814213514328003,0.0,0.07067486643791199,
1631,7.8134870529174805,0.0015881884610280395,1.4369471073150635,0.03083910420536995,0.22263430058956146,
1632,9.05889892578125,0.0017163697630167007,1.4037797451019287,0.08033164590597153,0.22415676712989807,
1633,2.5819406509399414,0.0018310280283913016,1.3980016708374023,0.0,0.04552652686834335,
1634,10.594758033752441,0.0016333498060703278,1.5123376846313477,0.0,0.36166346073150635,
1635,6.555527687072754,0.001762151368893683,1.53318190574646,0.0,0.19913169741630554,
1636,8.412671089172363,0.001572762499563396,1.5078104734420776,0.01829572580754757,0.25632596015930176,
1637,10.443643569946289,0.0017946953885257244,1.231642246246338,0.0,0.3666853606700897,
1638,12.012815475463867,0.0015653101727366447,1.2551368474960327,0.05689027160406113,0.3718515932559967,
1639,5.553110599517822,0.0016720229759812355,1.2948894500732422,0.04641932249069214,0.12223750352859497,
1640,5.419620037078857,0.0016297126421704888,1.3115801811218262,0.03587454557418823,0.12681734561920166,
1641,7.322476387023926,0.0017145010642707348,1.144968032836914,0.01591303013265133,0.2294728010892868,
1642,4.328952789306641,0.0017764974618330598,1.423094391822815,0.0007462501525878906,0.11371158808469772,
1643,7.582401275634766,0.0017114662332460284,1.477738618850708,0.05994471162557602,0.18253032863140106,
1644,8.958133697509766,0.0016860287869349122,1.280166745185852,0.08002009242773056,0.2254125326871872,
1645,6.945868492126465,0.0016906351083889604,1.19037926197052,0.046605147421360016,0.1819237917661667,
1646,7.185541152954102,0.0015849858755245805,1.2413229942321777,0.07127229124307632,0.1649114489555359,
1647,4.5261993408203125,0.0017632353119552135,1.201500415802002,0.03147552162408829,0.09974919259548187,
1648,8.27046012878418,0.0016250568442046642,1.3789136409759521,0.044607777148485184,0.22942900657653809,
1649,7.3894758224487305,0.0016614962369203568,1.257690191268921,0.07486474514007568,0.16874518990516663,
1650,7.4666290283203125,0.0014882483519613743,1.0024616718292236,0.1280270218849182,0.12905143201351166,
1651,6.868122577667236,0.0017336489399895072,1.4330134391784668,0.03358791023492813,0.18208280205726624,
1652,5.734524726867676,0.0016110441647469997,1.0800046920776367,0.07489321380853653,0.1096765473484993,
1653,9.65174674987793,0.001589520717971027,1.298383116722107,0.062338687479496,0.2702063322067261,
1654,4.17063045501709,0.001641328795813024,1.3025403022766113,0.04048808664083481,0.07259418070316315,
1655,8.31523323059082,0.0016587668797001243,1.5274596214294434,0.01087409257888794,0.25897809863090515,
1656,4.320356369018555,0.0016027806559577584,1.3735215663909912,0.02977863885462284,0.08649197220802307,
1657,8.773170471191406,0.0018185480730608106,1.105069875717163,0.07032538950443268,0.23458009958267212,
1658,8.070967674255371,0.0015395373338833451,1.054427981376648,0.16254745423793793,0.11657458543777466,
1659,5.45697546005249,0.0014879408990964293,1.1271939277648926,0.10145145654678345,0.07025187462568283,
1660,7.555300235748291,0.0017587343463674188,1.1771292686462402,0.06330540031194687,0.19006270170211792,
1661,3.405900001525879,0.0015902522718533874,1.3571598529815674,0.02726139687001705,0.053097959607839584,
1662,4.152586936950684,0.0014827889390289783,1.270533800125122,0.06464328616857529,0.04915603995323181,
1663,7.082607269287109,0.0016874404391273856,1.4288520812988281,0.0,0.22446277737617493,
1664,11.601900100708008,0.0016445067012682557,1.3235948085784912,0.03831970691680908,0.37116798758506775,
1665,4.15320348739624,0.0017342129722237587,1.314143419265747,0.018183549866080284,0.0936446413397789,
1666,3.9688479900360107,0.001495153526775539,1.3369650840759277,0.019854962825775146,0.08392520248889923,
1667,5.959615707397461,0.0014645805349573493,1.3427767753601074,0.02283223532140255,0.16037674248218536,
1668,7.2669267654418945,0.0017149037448689342,1.515117883682251,0.0,0.2283574491739273,
1669,8.467517852783203,0.0016010015970095992,1.2646780014038086,0.026390671730041504,0.2601219415664673,
1670,11.474493026733398,0.001548576750792563,1.5026805400848389,0.0,0.3973239064216614,
1671,3.845247745513916,0.0016759015852585435,1.3127446174621582,0.0020995736122131348,0.09752465039491653,
1672,5.388761043548584,0.0016015340806916356,1.1928353309631348,0.04706199839711189,0.11917349696159363,
1673,10.138275146484375,0.0015698372153565288,1.2425227165222168,0.09058447927236557,0.2636757493019104,
1674,10.220303535461426,0.0016113125020638108,1.351557731628418,0.046174902468919754,0.30696359276771545,
1675,4.438971042633057,0.0017982827266678214,1.0896583795547485,0.05513717606663704,0.07703705132007599,
1676,5.686603546142578,0.0016230987384915352,1.1121091842651367,0.10943478345870972,0.07192189246416092,
1677,4.457541465759277,0.0015862119616940618,1.2018147706985474,0.05749388411641121,0.07114897668361664,
1678,4.8177571296691895,0.0015007745241746306,1.3649482727050781,0.05179373547434807,0.08481783419847488,
1679,8.432389259338379,0.0016061275964602828,1.5216889381408691,0.0032484333496540785,0.2715734541416168,
1680,3.381824016571045,0.0017127125756815076,1.3275799751281738,0.023789048194885254,0.0566680021584034,
1681,7.642819404602051,0.001584370038472116,1.5359418392181396,0.017659107223153114,0.22503164410591125,
1682,9.301192283630371,0.0016430363757535815,1.228180170059204,0.07304537296295166,0.24823209643363953,
1683,6.091174125671387,0.0017116140807047486,1.1436585187911987,0.07717879116535187,0.11901020258665085,
1684,7.6135172843933105,0.001707830117084086,1.1699379682540894,0.08054248243570328,0.17549285292625427,
1685,9.143507957458496,0.001673482358455658,1.3821723461151123,0.0766126736998558,0.23216727375984192,
1686,6.99276065826416,0.0014982004649937153,1.3587843179702759,0.02506929636001587,0.19879156351089478,
1687,9.194485664367676,0.0014814200112596154,1.1982526779174805,0.0647180899977684,0.2536498010158539,
1688,3.7315824031829834,0.001656726119108498,1.1831223964691162,0.010770738124847412,0.08951093256473541,
1689,7.79288387298584,0.001512906514108181,1.1103975772857666,0.08513113111257553,0.18065541982650757,
1690,10.387781143188477,0.0016131201991811395,1.4514107704162598,0.06611642986536026,0.28972530364990234,
1691,4.838552474975586,0.0016719928244128823,1.1760939359664917,0.07041569799184799,0.07441064715385437,
1692,5.299124240875244,0.001468219212256372,1.235421061515808,0.08786779642105103,0.07321210950613022,
1693,3.3141984939575195,0.001691631623543799,0.9847620129585266,0.039883773773908615,0.05160205811262131,
1694,9.357527732849121,0.001420878223143518,1.381605625152588,0.051270466297864914,0.2663455307483673,
1695,11.72886848449707,0.001617264817468822,1.285243272781372,0.058403413742780685,0.3577243387699127,
1696,5.380990505218506,0.0015686447732150555,1.3267717361450195,0.004597822669893503,0.15600228309631348,
1697,7.90761137008667,0.0016594663029536605,1.178229808807373,0.10291796922683716,0.16459782421588898,
1698,8.353063583374023,0.0016608753940090537,1.2756413221359253,0.11913515627384186,0.16230086982250214,
1699,8.20804214477539,0.0017740753246471286,1.2621259689331055,0.03588825464248657,0.2401743233203888,
1700,6.180270195007324,0.0016014581779018044,1.5206315517425537,0.0,0.18478408455848694,
1701,14.681584358215332,0.0016100212233141065,1.277146339416504,0.07354380935430527,0.4610236883163452,
1702,6.217452049255371,0.0015891086077317595,1.426882028579712,0.0,0.1900337040424347,
1703,5.367443084716797,0.0016597617650404572,1.4564979076385498,0.0008786718244664371,0.1538993865251541,
1704,6.149353504180908,0.0015308823203667998,1.1714576482772827,0.05531684681773186,0.1422680914402008,
1705,3.6750946044921875,0.00176288525108248,1.160646915435791,0.033173780888319016,0.06564124673604965,
1706,7.762272834777832,0.001701334142126143,1.2093884944915771,0.01982690952718258,0.24058714509010315,
1707,3.914504051208496,0.0015976177528500557,1.0330170392990112,0.006460169795900583,0.10720168799161911,
1708,13.634864807128906,0.0016198925441130996,1.1431292295455933,0.04673190787434578,0.4513176381587982,
1709,5.361172676086426,0.0016928649274632335,1.5014939308166504,0.021528402343392372,0.13116587698459625,
1710,5.752755641937256,0.0017253219848498702,1.2051235437393188,0.09293637424707413,0.08724358677864075,
1711,6.4535722732543945,0.0017453072359785438,1.0027787685394287,0.09572063386440277,0.12056580185890198,
1712,9.519373893737793,0.0016122856177389622,1.0603166818618774,0.17987599968910217,0.15687400102615356,
1713,9.452041625976562,0.0016687503084540367,1.23514723777771,0.06818004697561264,0.25882697105407715,
1714,5.756264686584473,0.0014652308309450746,1.232919454574585,0.07288384437561035,0.10658474266529083,
1715,6.632678985595703,0.0015308648580685258,0.9869812726974487,0.08616683632135391,0.13813018798828125,
1716,7.6919474601745605,0.0015458925627171993,1.271338939666748,0.1520540565252304,0.10322440415620804,
1717,6.3544206619262695,0.0016178953228518367,1.2677528858184814,0.0481986403465271,0.1536501795053482,
1718,4.9245076179504395,0.001506894826889038,1.0495500564575195,0.07047367095947266,0.0830177366733551,
1719,6.791388988494873,0.0014774068258702755,1.2603813409805298,0.052229464054107666,0.16753344237804413,
1720,6.004240036010742,0.0016386053757742047,1.2064576148986816,0.04435485601425171,0.1459178328514099,
1721,5.060120582580566,0.001600258401595056,1.2837419509887695,0.06473048776388168,0.08472439646720886,
1722,9.133217811584473,0.001611915766261518,1.0787376165390015,0.13661979138851166,0.18394750356674194,
1723,12.488799095153809,0.0016910098493099213,1.4989982843399048,0.0492112822830677,0.38868972659111023,
1724,7.425723075866699,0.0016091259894892573,1.3454310894012451,0.02163243293762207,0.21997013688087463,
1725,5.620665550231934,0.0015886161709204316,1.0095990896224976,0.08986891806125641,0.0929851233959198,
1726,4.185587406158447,0.0015733427135273814,1.1986370086669922,0.06625403463840485,0.05165064334869385,
1727,7.911449432373047,0.0017486060969531536,1.2004153728485107,0.08925533294677734,0.177437424659729,
1728,10.652939796447754,0.0015557901933789253,1.2660186290740967,0.07042255252599716,0.3034985065460205,
1729,6.866556167602539,0.0016187966102734208,1.2819054126739502,0.0,0.22176721692085266,
1730,6.46483039855957,0.0015489646466448903,1.2710851430892944,0.021978039294481277,0.18422280251979828,
1731,6.8005452156066895,0.0016230192268267274,1.2551952600479126,0.0566006675362587,0.16359031200408936,
1732,6.1735029220581055,0.0016794530674815178,1.276733160018921,0.025300363078713417,0.16889099776744843,
1733,5.7733588218688965,0.001711114658974111,1.0890206098556519,0.0713532567024231,0.114309161901474,
1734,8.001703262329102,0.001721782609820366,1.2032060623168945,0.0,0.2702181041240692,
1735,3.6340298652648926,0.0014781798236072063,1.2796825170516968,0.05248194932937622,0.04021377116441727,
1736,2.9584250450134277,0.0016778473509475589,1.336271047592163,0.027715245261788368,0.035493068397045135,
1737,7.889256477355957,0.001650606864131987,1.131237268447876,0.07804950326681137,0.19062066078186035,
1738,8.83044147491455,0.0015125875361263752,1.3716847896575928,0.006877461913973093,0.28996023535728455,
1739,6.258465766906738,0.0014856936177238822,1.3706961870193481,0.00430248212069273,0.18972261250019073,
1740,14.430889129638672,0.0017069176537916064,1.3422679901123047,0.09571943432092667,0.42611852288246155,
1741,8.60806655883789,0.001644500414840877,1.0966410636901855,0.04464300721883774,0.2541694939136505,
1742,6.770662307739258,0.0016649781027808785,1.1667664051055908,0.066714808344841,0.15577605366706848,
1743,5.291550159454346,0.001467374269850552,1.2714028358459473,0.04877261444926262,0.11056589335203171,
1744,10.616949081420898,0.0014979718253016472,1.258042335510254,0.0,0.37285831570625305,
1745,7.458826065063477,0.0015102075412869453,1.3059437274932861,0.01704672910273075,0.22755835950374603,
1746,6.16354513168335,0.0016918010078370571,1.1484588384628296,0.04977059364318848,0.14914104342460632,
1747,4.644221305847168,0.0017942568520084023,1.241227388381958,0.0,0.13432550430297852,
1748,5.722813606262207,0.001666563213802874,1.3465412855148315,0.02508888579905033,0.14829543232917786,
1749,4.981128692626953,0.0016941959038376808,1.2690238952636719,0.02063252590596676,0.1261574625968933,
1750,5.067052364349365,0.001681643188931048,1.207095742225647,0.033998630940914154,0.11871799826622009,
1751,4.790213584899902,0.001698782085441053,1.2095438241958618,0.01770651340484619,0.12382149696350098,
1752,6.579528331756592,0.0015594903379678726,1.2006478309631348,0.11217603832483292,0.10141970217227936,
1753,8.07548713684082,0.001644161413423717,1.1981925964355469,0.08557149022817612,0.1878761202096939,
1754,11.4920015335083,0.0017290450632572174,1.3755558729171753,0.027017375454306602,0.3759114146232605,
1755,6.753198146820068,0.0015478618443012238,1.0616393089294434,0.14907638728618622,0.07703811675310135,
1756,6.207444667816162,0.0015875324606895447,1.1061820983886719,0.16840903460979462,0.03405392915010452,
1757,5.8632354736328125,0.0015916437841951847,1.370448350906372,0.032306868582963943,0.1458129733800888,
1758,7.6829400062561035,0.0016102306544780731,1.0910717248916626,0.16973966360092163,0.09232486039400101,
1759,7.177491664886475,0.0016074762679636478,1.1421360969543457,0.05396338179707527,0.18584337830543518,
1760,5.678954601287842,0.0015089232474565506,1.1590687036514282,0.0719539150595665,0.10733258724212646,
1761,4.8559746742248535,0.0017896713688969612,1.0690892934799194,0.02282382920384407,0.12686191499233246,
1762,4.909835338592529,0.0016819766024127603,1.0417839288711548,0.09269934892654419,0.06034074351191521,
1763,4.35922908782959,0.0014178039273247123,1.095839500427246,0.09394444525241852,0.035173337906599045,
1764,6.5400614738464355,0.0015101894969120622,1.112497329711914,0.06562831252813339,0.14996406435966492,
1765,5.2995076179504395,0.0015867621405050159,1.2305463552474976,0.09363800287246704,0.06753367930650711,
1766,7.332178115844727,0.0014342119684442878,1.3174690008163452,0.0503060407936573,0.1888481229543686,
1767,6.156632900238037,0.0015359424287453294,1.0588126182556152,0.06711143255233765,0.13526542484760284,
1768,4.687721252441406,0.001697951927781105,1.341097116470337,0.03011808730661869,0.10204891115427017,
1769,4.257739067077637,0.0016546217957511544,1.0640431642532349,0.0344630666077137,0.09163014590740204,
1770,6.702589988708496,0.0016036018496379256,1.4062039852142334,0.10102973133325577,0.10922211408615112,
1771,7.14431095123291,0.001536720315925777,1.2168407440185547,0.04110179468989372,0.19446030259132385,
1772,10.701982498168945,0.0017293045530095696,1.3952620029449463,0.0,0.37053951621055603,
1773,4.51120662689209,0.001650840393267572,1.1946144104003906,0.03268609568476677,0.09832674264907837,
1774,10.619108200073242,0.001686262316070497,1.274203896522522,0.0,0.37210988998413086,
1775,8.700509071350098,0.0014975485391914845,1.3967018127441406,0.014981786720454693,0.27567294239997864,
1776,9.548116683959961,0.0016707251779735088,1.5575757026672363,0.0,0.31795090436935425,
1777,9.432049751281738,0.0016418127343058586,1.3081492185592651,0.05233253911137581,0.27098166942596436,
1778,7.225099563598633,0.0016116038896143436,1.2623872756958008,0.022657889872789383,0.2142389863729477,
1779,4.327198028564453,0.0015787803567945957,1.256041169166565,0.00512095307931304,0.11614654958248138,
1780,5.4297051429748535,0.001761224470101297,1.314964771270752,0.0032578706741333008,0.15957051515579224,
1781,9.239563941955566,0.0015581273473799229,1.2185261249542236,0.03955654427409172,0.27972686290740967,
1782,6.108432769775391,0.001402802299708128,1.472257375717163,0.008566677570343018,0.175477534532547,
1783,6.099210739135742,0.0015582414343953133,1.307389497756958,0.028163691982626915,0.16195091605186462,
1784,7.812952041625977,0.0015239422209560871,1.334076166152954,0.0,0.2576310932636261,
1785,12.709163665771484,0.0016214922070503235,1.2643128633499146,0.10540412366390228,0.35076841711997986,
1786,15.86587905883789,0.0016317301196977496,1.3954927921295166,0.0,0.577183723449707,
1787,5.4715070724487305,0.0017145081656053662,1.3085181713104248,0.06625288724899292,0.0985521674156189,
1788,6.459148406982422,0.0017010122537612915,1.2338659763336182,0.03926076367497444,0.16804951429367065,
1789,3.672421932220459,0.0018466217443346977,1.2530394792556763,0.013957043178379536,0.08097163587808609,
1790,6.424036979675293,0.0014651032397523522,1.2862918376922607,0.16362135112285614,0.04042334109544754,
1791,6.049525260925293,0.001672564190812409,1.2496063709259033,0.04592055082321167,0.1444036364555359,
1792,4.444122314453125,0.001825252897106111,1.259569764137268,0.009772419929504395,0.1157844215631485,
1793,8.222697257995605,0.0016477544559165835,1.169628381729126,0.07102708518505096,0.2094479352235794,
1794,7.371034622192383,0.0017723263008520007,1.0693368911743164,0.07052312046289444,0.17977246642112732,
1795,7.686959266662598,0.0017113611102104187,1.1185853481292725,0.09236186742782593,0.1686617136001587,
1796,7.335122585296631,0.0015225131064653397,1.1973414421081543,0.011789282783865929,0.23219944536685944,
1797,6.061161994934082,0.0017024329863488674,1.3100498914718628,0.08128869533538818,0.10705335438251495,
1798,5.13671875,0.0017246213974431157,1.1930994987487793,0.12412897497415543,0.03189116716384888,
1799,7.696019649505615,0.0016176389763131738,1.337503433227539,0.05859726667404175,0.19412574172019958,
1800,4.77858829498291,0.0018515874398872256,1.158491849899292,0.05595728009939194,0.08699499070644379,
1801,8.161511421203613,0.0016881892224773765,1.3096745014190674,0.09017135947942734,0.1822139471769333,
1802,6.031179904937744,0.0017381970537826419,1.039929747581482,0.07919798791408539,0.11871381849050522,
1803,9.341435432434082,0.0017368203261867166,1.3432116508483887,0.08755692094564438,0.23063519597053528,
1804,4.495701789855957,0.0016617659712210298,1.208117961883545,0.06012551113963127,0.06971606612205505,
1805,6.383106231689453,0.0015152528649196029,1.3658506870269775,0.04456617310643196,0.1546088010072708,
1806,15.091376304626465,0.0017298538004979491,1.3415639400482178,0.05569954589009285,0.4925630986690521,
1807,4.666021347045898,0.0015728847356513143,1.2528929710388184,0.05758744478225708,0.07736480236053467,
1808,5.573186874389648,0.0017106402665376663,1.4648785591125488,0.006153285503387451,0.15646840631961823,
1809,5.927724361419678,0.0016857478767633438,1.1102275848388672,0.08324003219604492,0.10777409374713898,
1810,2.97632098197937,0.00147781812120229,1.0653924942016602,0.03928234055638313,0.0356769822537899,
1811,4.24838924407959,0.001831884030252695,1.2918663024902344,0.024281641468405724,0.09214738011360168,
1812,3.8550214767456055,0.0016872611595317721,1.1056349277496338,0.013583381660282612,0.09470481425523758,
1813,10.24614143371582,0.0015003731241449714,1.092618465423584,0.10169707238674164,0.26294344663619995,
1814,4.314566612243652,0.0017427606508135796,1.2792775630950928,0.015628376975655556,0.10404042899608612,
1815,3.668067455291748,0.0017144422745332122,1.2530018091201782,0.02486664056777954,0.07002155482769012,
1816,4.102272033691406,0.001557731069624424,1.23007071018219,0.028231481090188026,0.08509884774684906,
1817,4.098067760467529,0.0015369189204648137,1.2851611375808716,0.029891708865761757,0.0810876339673996,
1818,8.298433303833008,0.0015447119949385524,1.3357844352722168,0.07229308038949966,0.20466814935207367,
1819,7.07302188873291,0.0018368740566074848,1.2362163066864014,0.008084794506430626,0.22355055809020996,
1820,6.651224613189697,0.00162155379075557,1.2546790838241577,0.0582212395966053,0.15601903200149536,
1821,5.036592483520508,0.0015925603220239282,1.1472207307815552,0.010246376506984234,0.14373593032360077,
1822,1.7793543338775635,0.0016163135878741741,1.3400958776474,0.004473606590181589,0.011480418965220451,
1823,6.07041072845459,0.0017746808007359505,1.0980342626571655,0.07747312635183334,0.11964724212884903,
1824,4.004863739013672,0.0016381638124585152,1.4188863039016724,0.02306586503982544,0.07873507589101791,
1825,5.914881706237793,0.0020301188342273235,1.2156612873077393,0.010328789241611958,0.17560988664627075,
1826,5.136054992675781,0.001516033778898418,1.369560956954956,0.0,0.14914372563362122,
1827,5.110871315002441,0.001726588816381991,1.276634693145752,0.05479512736201286,0.09684775769710541,
1828,3.99381685256958,0.001727725495584309,1.3012728691101074,0.0,0.10597403347492218,
1829,5.962723731994629,0.0017383922822773457,1.2029399871826172,0.09343495219945908,0.0952179953455925,
1830,4.075355529785156,0.0016120377695187926,1.4084126949310303,0.0,0.10506566613912582,
1831,4.122203826904297,0.002044911729171872,1.2017767429351807,0.0,0.11477217078208923,
1832,4.555402755737305,0.001718097715638578,1.2263699769973755,0.0,0.13144320249557495,
1833,9.640213966369629,0.0015630749985575676,1.365121841430664,0.07853826135396957,0.25090235471725464,
1834,3.9167885780334473,0.002117826836183667,1.1738883256912231,0.054834842681884766,0.05276335030794144,
1835,4.057160377502441,0.00153629994019866,1.3337416648864746,0.022100845351815224,0.08529961109161377,
1836,10.178921699523926,0.0016405499773100019,1.2165204286575317,0.05453328415751457,0.3023222088813782,
1837,9.580301284790039,0.0016038803150877357,1.3448350429534912,0.08864764869213104,0.23916709423065186,
1838,6.9711456298828125,0.0013484279625117779,1.0794856548309326,0.006491442676633596,0.22782652080059052,
1839,6.21975040435791,0.001527311746031046,1.1529051065444946,0.09295155107975006,0.10819495469331741,
1840,8.083431243896484,0.0016584614058956504,1.2071409225463867,0.03998267650604248,0.23341046273708344,
1841,5.186172008514404,0.0015773079358041286,1.1393475532531738,0.11032839119434357,0.04996727779507637,
1842,4.10573673248291,0.001492102281190455,1.0426512956619263,0.023639440536499023,0.09739188104867935,
1843,11.88580322265625,0.0014464901760220528,1.2379775047302246,0.03479611873626709,0.3896704316139221,
1844,6.474052429199219,0.0016228356398642063,0.9873479008674622,0.11181430518627167,0.10603103041648865,
1845,4.566994667053223,0.0016661813715472817,1.064129114151001,0.02418516017496586,0.11426328867673874,
1846,5.208749294281006,0.001863835728727281,1.262613296508789,0.05644462630152702,0.09953698515892029,
1847,6.282008647918701,0.0016184082487598062,1.241273283958435,0.10916906595230103,0.09084194153547287,
1848,5.718449592590332,0.0017397956689819694,1.0664912462234497,0.10868147760629654,0.07565706968307495,
1849,21.431800842285156,0.0013807844370603561,1.1815359592437744,0.04982670024037361,0.7588030695915222,
1850,6.566396236419678,0.001454952172935009,1.1048364639282227,0.16397082805633545,0.053036611527204514,
1851,8.665197372436523,0.0015762178227305412,1.2367730140686035,0.1211361289024353,0.17442460358142853,
1852,7.569053649902344,0.0015265430556610227,1.1170986890792847,0.07782500982284546,0.17872664332389832,
1853,11.544783592224121,0.0017491519683972,1.0697200298309326,0.07001453638076782,0.34723883867263794,
1854,8.295086860656738,0.001483797444961965,1.1034879684448242,0.1520158052444458,0.13416436314582825,
1855,7.924005508422852,0.001630331389605999,1.573293685913086,0.03996427729725838,0.212433859705925,
1856,5.95793342590332,0.0015218273038044572,0.9906991720199585,0.12988650798797607,0.06728102266788483,
1857,5.296847343444824,0.0014394157333299518,1.1777493953704834,0.04629647731781006,0.11702802032232285,
1858,3.552577495574951,0.001483847969211638,1.300649881362915,0.01284225843846798,0.07575099915266037,
1859,3.865182399749756,0.0013138948706910014,1.3404922485351562,0.05702243372797966,0.04265126958489418,
1860,5.2482829093933105,0.001478261430747807,1.238722324371338,0.14077764749526978,0.01812651939690113,
1861,3.192119598388672,0.002042735693976283,1.27220618724823,0.005990902427583933,0.0687628984451294,
1862,4.5215654373168945,0.0013648964231833816,1.3394566774368286,0.03275907039642334,0.09316038340330124,
1863,10.59488582611084,0.001364549738354981,1.3130066394805908,0.04638977721333504,0.32352083921432495,
1864,4.6206512451171875,0.0016333488747477531,1.0368247032165527,0.09444467723369598,0.047275036573410034,
1865,7.9838175773620605,0.0016502348007634282,1.2150620222091675,0.03559136390686035,0.2335086315870285,
1866,10.868839263916016,0.0014164596796035767,1.4167743921279907,0.0,0.3766660988330841,
1867,7.542576789855957,0.001560008036904037,1.1006499528884888,0.04296388104557991,0.2131531834602356,
1868,5.39061164855957,0.0016031028935685754,1.3451507091522217,0.06164554879069328,0.09856976568698883,
1869,6.549829483032227,0.0016014031134545803,1.2162649631500244,0.0160421933978796,0.19569897651672363,
1870,7.047328948974609,0.0016809118678793311,1.1096293926239014,0.06232929229736328,0.17349779605865479,
1871,4.223528861999512,0.0013396594440564513,1.1991400718688965,0.05702129751443863,0.06261458992958069,
1872,7.758355140686035,0.0016253115609288216,0.9485150575637817,0.10927077382802963,0.16149751842021942,
1873,10.42225456237793,0.0014211785746738315,1.1860158443450928,0.022239387035369873,0.34578895568847656,
1874,3.894728422164917,0.0013580522499978542,1.2048029899597168,0.011836647987365723,0.09440231323242188,
1875,4.422363758087158,0.0014916295185685158,1.1984403133392334,0.003197232959792018,0.1242680698633194,
1876,5.2256269454956055,0.001964889233931899,1.2040520906448364,0.042138755321502686,0.11675935983657837,
1877,5.242496490478516,0.0013331143418326974,1.3847304582595825,0.0,0.15297752618789673,
1878,2.6613450050354004,0.0013944256352260709,1.2241352796554565,0.002408961532637477,0.053685009479522705,
1879,6.714956283569336,0.00158026407007128,1.2793934345245361,0.03004268929362297,0.18579956889152527,
1880,4.251269817352295,0.0013814904959872365,1.2177218198776245,0.0658995509147644,0.05406086891889572,
1881,4.356091499328613,0.001552581787109375,1.2231324911117554,0.04758685827255249,0.07617892324924469,
1882,1.8652055263519287,0.0014162654988467693,1.1583786010742188,0.012311537750065327,0.014545275829732418,
1883,3.871701955795288,0.0017621846636757255,1.0354030132293701,0.007396399974822998,0.10429337620735168,
1884,6.624231338500977,0.0015519438311457634,1.2583107948303223,0.0,0.2130848616361618,
1885,4.535578727722168,0.001605419791303575,1.2752639055252075,0.056779325008392334,0.07202784717082977,
1886,3.971560478210449,0.0016503003425896168,1.3628697395324707,0.05957996845245361,0.043117355555295944,
1887,8.347244262695312,0.0013208581367507577,1.1156316995620728,0.09207838773727417,0.19586524367332458,
1888,6.80918025970459,0.0014789471169933677,1.1615569591522217,0.0637086033821106,0.16071736812591553,
1889,8.521366119384766,0.0015498808352276683,1.340179681777954,0.028194108977913857,0.257503479719162,
1890,3.6356325149536133,0.0014590206556022167,1.2721869945526123,0.0,0.09307880699634552,
1891,3.381255626678467,0.0015327382134273648,1.2504955530166626,0.02139272354543209,0.062304943799972534,
1892,5.069882392883301,0.001552523230202496,1.2901172637939453,0.057440996170043945,0.09219707548618317,
1893,4.959916591644287,0.0015641703503206372,1.0048516988754272,0.1050499677658081,0.05158846080303192,
1894,5.755237102508545,0.001445446745492518,1.0352425575256348,0.11495742946863174,0.0723969116806984,
1895,4.634241104125977,0.0014610420912504196,1.299404501914978,0.0405348539352417,0.09139757603406906,
1896,11.499460220336914,0.0016748070484027267,1.4688773155212402,0.06218010187149048,0.3373683989048004,
1897,5.161333084106445,0.0015529304509982467,1.1027777194976807,0.05991731211543083,0.1008719801902771,
1898,6.959505081176758,0.0015065910993143916,1.374448537826538,0.0,0.22189566493034363,
1899,4.431608200073242,0.0014620207948610187,1.2058007717132568,0.0,0.1275702863931656,
1900,4.511004447937012,0.0017507477896288037,1.3298842906951904,0.008946497924625874,0.11654756963253021,
1901,7.754795074462891,0.0014850989682599902,1.3260879516601562,0.032226044684648514,0.2234371453523636,
1902,6.2982025146484375,0.0015166322700679302,1.2882952690124512,0.06831951439380646,0.13056014478206635,
1903,9.228126525878906,0.0014685910427942872,1.2361277341842651,0.054720599204301834,0.26349076628685,
1904,3.086874008178711,0.0014326522359624505,1.3156564235687256,0.013981103897094727,0.055434949696063995,
1905,5.106698036193848,0.0014441991224884987,1.3102259635925293,0.0014282664051279426,0.14898642897605896,
1906,9.5429105758667,0.0014872737228870392,1.3093661069869995,0.0,0.3278544843196869,
1907,4.517075061798096,0.001419631764292717,1.0964447259902954,0.008450408466160297,0.12695516645908356,
1908,4.21873664855957,0.0012512520188465714,1.2271254062652588,0.04704701900482178,0.07136616855859756,
1909,9.296650886535645,0.0013681845739483833,1.2258573770523071,0.017590859904885292,0.3038727045059204,
1910,3.671194314956665,0.0014180936850607395,1.1225435733795166,0.05022720620036125,0.050300728529691696,
1911,4.590041160583496,0.0013914444716647267,1.0944173336029053,0.10125990211963654,0.037173595279455185,
1912,6.419919967651367,0.001377575215883553,1.0954480171203613,0.040545422583818436,0.1710558980703354,
1913,6.480137348175049,0.0015323912957683206,1.033604621887207,0.10237482935190201,0.1139540895819664,
1914,4.503337860107422,0.0014500635443255305,1.174293041229248,0.01434171199798584,0.11737002432346344,
1915,5.1764607429504395,0.001381068374030292,1.2112503051757812,0.04729408025741577,0.1099332720041275,
1916,4.2868757247924805,0.0014372296864166856,1.268499493598938,0.0,0.11929783225059509,
1917,6.192770957946777,0.0012797891395166516,1.3292701244354248,0.0,0.19326022267341614,
1918,4.592046737670898,0.0019081932259723544,1.2450817823410034,0.0,0.13197040557861328,
1919,2.513568878173828,0.0012958059087395668,1.1084266901016235,0.0,0.054909881204366684,
1920,5.109273433685303,0.0013027465902268887,1.2472108602523804,0.024225333705544472,0.1289544254541397,
1921,4.871442794799805,0.0014804037055000663,1.205889344215393,0.03412860631942749,0.11101312190294266,
1922,14.278313636779785,0.0013183866394683719,1.1819162368774414,0.08307286351919174,0.43946462869644165,
1923,12.002424240112305,0.0013992738677188754,1.3178856372833252,0.0,0.4259822964668274,
1924,5.145387172698975,0.001423982554115355,1.1734263896942139,0.022673964500427246,0.13478048145771027,
1925,4.076361656188965,0.001280399621464312,1.2375297546386719,0.0,0.11227287352085114,
1926,4.623558044433594,0.0012596013257279992,1.1424980163574219,0.0,0.1379827857017517,
1927,8.184078216552734,0.0012737695360556245,1.0107293128967285,0.09932887554168701,0.18633133172988892,
1928,7.542034149169922,0.0012949822703376412,1.3308327198028564,0.0733179822564125,0.17383511364459991,
1929,4.6286821365356445,0.0012554079294204712,1.184706449508667,0.07037176191806793,0.06613186001777649,
1930,9.808375358581543,0.001371819875203073,1.248250961303711,0.02664605714380741,0.31438711285591125,
1931,4.784889221191406,0.0014429813018068671,1.0200200080871582,0.02864120341837406,0.12051057815551758,
1932,5.250730514526367,0.0016859457828104496,1.0971567630767822,0.03504753112792969,0.12940946221351624,
1933,7.694338321685791,0.001564473262988031,1.0638012886047363,0.12675149738788605,0.1369055211544037,
1934,3.2747397422790527,0.0015250379219651222,1.072710633277893,0.0215276088565588,0.06502851843833923,
1935,6.126419544219971,0.0014754487201571465,0.9134907722473145,0.11225565522909164,0.09478603303432465,
1936,8.016458511352539,0.0013772477395832539,1.195087194442749,0.07227381318807602,0.19920380413532257,
1937,4.64431095123291,0.0012866822071373463,0.955256462097168,0.0988859161734581,0.04738958179950714,
1938,11.351884841918945,0.001423837966285646,1.0814075469970703,0.0922631025314331,0.3171321451663971,
1939,7.236383438110352,0.0013554147444665432,0.9985568523406982,0.151151642203331,0.09700599312782288,
1940,5.5784735679626465,0.001448691007681191,1.1241365671157837,0.08553260564804077,0.09119218587875366,
1941,5.766057014465332,0.0015261160442605615,1.1365811824798584,0.0383484773337841,0.14530442655086517,
1942,4.637429237365723,0.001626234850846231,0.9850623607635498,0.03544362634420395,0.10902480781078339,
1943,7.6301164627075195,0.0014982823049649596,1.0841416120529175,0.0544462613761425,0.20589444041252136,
1944,8.99681568145752,0.0015271789161488414,1.1595665216445923,0.06640919297933578,0.24555358290672302,
1945,5.265839099884033,0.0015261066146194935,1.2261319160461426,0.08850953727960587,0.07155264914035797,
1946,3.236786365509033,0.0014700385509058833,1.177233099937439,0.03539397194981575,0.04551812261343002,
1947,6.4795989990234375,0.0014626391930505633,0.9179980754852295,0.08853622525930405,0.1324651837348938,
1948,5.75513219833374,0.0014581534778699279,1.119013786315918,0.125889852643013,0.05809672921895981,
1949,6.624268054962158,0.0014958049869164824,1.212345004081726,0.02254507876932621,0.19243602454662323,
1950,5.959603309631348,0.0013955343747511506,1.2691080570220947,0.05130771920084953,0.1349165439605713,
1951,9.071653366088867,0.0015667277621105313,1.1497855186462402,0.12332570552825928,0.19198229908943176,
1952,5.363862991333008,0.001463896594941616,1.1728501319885254,0.03692237287759781,0.12925423681735992,
1953,11.96439266204834,0.0014484863495454192,1.191577672958374,0.07074103504419327,0.35872307419776917,
1954,6.043374061584473,0.0015080063603818417,1.359839677810669,0.10512769222259521,0.0807056799530983,
1955,3.7726669311523438,0.0013832644326612353,1.1132092475891113,0.031787216663360596,0.07320783287286758,
1956,10.637125015258789,0.001360571593977511,1.2693876028060913,0.0,0.3733489215373993,
1957,8.672340393066406,0.001409867312759161,1.3460142612457275,0.04632391408085823,0.24531924724578857,
1958,4.306504249572754,0.00144807284232229,1.2880709171295166,0.014896869659423828,0.1043923944234848,
1959,6.6725873947143555,0.001388976932503283,1.1329638957977295,0.06261491775512695,0.15758103132247925,
1960,4.007940292358398,0.0014232560060918331,1.017667531967163,0.02767282724380493,0.09051480889320374,
1961,9.956432342529297,0.0015204910887405276,1.2619898319244385,0.004234492778778076,0.34202274680137634,
1962,5.972750663757324,0.001440325635485351,1.2025206089019775,0.11189451068639755,0.07747437804937363,
1963,6.864137649536133,0.001705717178992927,1.3984326124191284,0.036100804805755615,0.18082167208194733,
1964,6.655332565307617,0.0014090758049860597,1.0763721466064453,0.05890675261616707,0.16284258663654327,
1965,7.7136993408203125,0.0015178757021203637,1.1270942687988281,0.06401795148849487,0.19792836904525757,
1966,2.6071386337280273,0.0015173288993537426,1.285131812095642,0.0,0.05136294662952423,
1967,5.971802711486816,0.0014517497038468719,1.248579740524292,0.04275093600153923,0.1447262465953827,
1968,7.808367729187012,0.001472870004363358,1.2664309740066528,0.07057902961969376,0.1896255612373352,
1969,9.954423904418945,0.0014989530900493264,1.3768004179000854,0.14231300354003906,0.19929298758506775,
1970,3.705188274383545,0.0013687018072232604,1.3222975730895996,0.0,0.0939469262957573,
1971,7.537252426147461,0.0014746993547305465,1.1480035781860352,0.10861524194478989,0.14548000693321228,
1972,18.747947692871094,0.00175068702083081,1.4447906017303467,0.0,0.690375566482544,
1973,10.906347274780273,0.001622286974452436,1.3174405097961426,0.09506819397211075,0.28686583042144775,
1974,6.682426452636719,0.0013648215681314468,1.4139227867126465,0.05351537466049194,0.15585994720458984,
1975,3.8482680320739746,0.0013984892284497619,0.9891515970230103,0.04212190583348274,0.07084426283836365,
1976,7.454766273498535,0.001541924080811441,1.1324055194854736,0.052859287708997726,0.19849324226379395,
1977,5.624276638031006,0.0014521591365337372,0.9892129898071289,0.019711831584572792,0.16423854231834412,
1978,7.201374053955078,0.0013674013316631317,1.1192353963851929,0.016773799434304237,0.22514435648918152,
1979,10.252588272094727,0.0015220408095046878,1.0552244186401367,0.036170799285173416,0.3302017152309418,
1980,5.769256591796875,0.001495309523306787,0.9558951258659363,0.14203637838363647,0.04900277033448219,
1981,7.61686897277832,0.001374368672259152,1.0146780014038086,0.10798263549804688,0.1547306329011917,
1982,7.833696365356445,0.0014217225834727287,0.9704703092575073,0.0837232694029808,0.18938404321670532,
1983,6.949097633361816,0.0015302659012377262,1.0296523571014404,0.11603391170501709,0.11921364068984985,
1984,4.54691743850708,0.0013149866135790944,0.9806203842163086,0.011119166389107704,0.13021773099899292,
1985,4.334073543548584,0.0020162146538496017,1.1127543449401855,0.0756210908293724,0.051215458661317825,
1986,3.954928398132324,0.001705355942249298,0.9486908912658691,0.010265748016536236,0.10827840119600296,
1987,5.724465370178223,0.0015244997339323163,1.0676238536834717,0.04799997806549072,0.13674919307231903,
1988,3.934515953063965,0.0015651966677978635,1.0449199676513672,0.024862507358193398,0.0891561284661293,
1989,7.620158672332764,0.0014146299799904227,0.8434380292892456,0.12220241129398346,0.14745177328586578,
1990,14.210155487060547,0.0014372589066624641,0.9246845245361328,0.06992720067501068,0.4600543677806854,
1991,6.414463520050049,0.0013493086444213986,1.1749323606491089,0.09836582094430923,0.10986611247062683,
1992,7.8057098388671875,0.0013377888826653361,0.9666041135787964,0.05604209378361702,0.2161843329668045,
1993,5.3724446296691895,0.0017925993306562304,1.2054630517959595,0.010676205158233643,0.15421046316623688,
1994,8.384984970092773,0.001332610845565796,1.0130113363265991,0.018977662548422813,0.27456867694854736,
1995,6.45442533493042,0.0016184145351871848,1.1204805374145508,0.0,0.21173936128616333,
1996,5.345860958099365,0.0015023084124550223,0.9271072149276733,0.024726292118430138,0.15052154660224915,
1997,9.271499633789062,0.001438794774003327,1.0105040073394775,0.16127724945545197,0.16772377490997314,
1998,10.703864097595215,0.0013368426589295268,1.0093410015106201,0.14011026918888092,0.2463337928056717,
1999,8.424036026000977,0.0014226888306438923,1.0956454277038574,0.1218622475862503,0.169850692152977,
2000,7.945603370666504,0.0015138937160372734,0.8818740844726562,0.194288969039917,0.08674629032611847,"[0.7999489307403564, 0.7866957187652588, 0.9501869678497314]"
2001,5.987552642822266,0.0015066122869029641,0.7800095081329346,0.09792482852935791,0.10887028276920319,
2002,5.9374799728393555,0.0015746952267363667,0.9031941890716553,0.04784470796585083,0.15195202827453613,
2003,4.90981912612915,0.0013604030245915055,1.0513505935668945,0.09287059307098389,0.06010773032903671,
2004,9.944071769714355,0.0012415366945788264,0.9813635349273682,0.12464942783117294,0.2326173633337021,
2005,5.898346900939941,0.001332969986833632,1.0795763731002808,0.0580274872481823,0.1333903670310974,
2006,7.0708770751953125,0.001536573632620275,1.053650140762329,0.08752726018428802,0.15162526071071625,
2007,8.774961471557617,0.0012968932278454304,1.0291086435317993,0.17718572914600372,0.13135148584842682,
2008,6.797197341918945,0.0014276724541559815,1.0665156841278076,0.059904731810092926,0.16789484024047852,
2009,6.894474029541016,0.0014335550367832184,1.1310889720916748,0.02295883558690548,0.20614299178123474,
2010,5.277144432067871,0.001293002744205296,1.0376837253570557,0.05223721265792847,0.11604820191860199,
2011,3.0489516258239746,0.0011745133670046926,1.0833194255828857,0.009792625904083252,0.06765814125537872,
2012,3.939286470413208,0.001343550975434482,1.0890247821807861,0.054018933326005936,0.05864797905087471,
2013,4.356651782989502,0.0012989337556064129,1.0641840696334839,0.0693570151925087,0.06104276329278946,
2014,5.1172194480896,0.001618054579012096,1.09830904006958,0.00224689650349319,0.15689146518707275,
2015,7.904695510864258,0.0013004831271246076,1.1278892755508423,0.07832469046115875,0.19144707918167114,
2016,5.597490310668945,0.0014342161593958735,1.1275067329406738,0.020570239052176476,0.15679489076137543,
2017,7.259833335876465,0.0013826685026288033,1.3677189350128174,0.026102641597390175,0.20819924771785736,
2018,6.675858974456787,0.0013611242175102234,0.9642623662948608,0.039682112634181976,0.18742063641548157,
2019,8.061822891235352,0.0012069458607584238,1.2852461338043213,0.11336489766836166,0.156491219997406,
2020,4.236624717712402,0.0013197995722293854,1.035942554473877,0.021709978580474854,0.10499751567840576,
2021,6.599457740783691,0.0014549408806487918,1.2867395877838135,0.015414655208587646,0.19563913345336914,
2022,4.0736284255981445,0.0013136555207893252,1.1063543558120728,0.053092241287231445,0.06428506225347519,
2023,8.007089614868164,0.001376364496536553,1.1476653814315796,0.10702461004257202,0.16597601771354675,
2024,9.38115406036377,0.0015064998297020793,1.132487177848816,0.03259551525115967,0.2958446443080902,
2025,8.257977485656738,0.0012698172358796,1.2742054462432861,0.0060840449295938015,0.27199703454971313,
2026,5.275503158569336,0.0013022897765040398,1.264937162399292,0.07510538399219513,0.08401495218276978,
2027,4.152803421020508,0.001293359906412661,0.9586562514305115,0.03640363737940788,0.09006889164447784,
2028,16.460851669311523,0.001427625771611929,1.2772982120513916,0.07344011217355728,0.5324743986129761,
2029,3.4211294651031494,0.0012590208789333701,1.1631109714508057,0.056155383586883545,0.03290633484721184,
2030,9.380415916442871,0.0015635195886716247,1.142791748046875,0.0015033086529001594,0.32643812894821167,
2031,8.601587295532227,0.001407832489348948,1.1162842512130737,0.05037478730082512,0.24762949347496033,
2032,4.483067989349365,0.0013429209357127547,1.1257253885269165,0.014264960773289204,0.11868582665920258,
2033,14.508405685424805,0.0015532243996858597,1.2153677940368652,0.04516444727778435,0.485003799200058,
2034,6.138753890991211,0.0013870951952412724,0.9196807146072388,0.19684259593486786,0.010533241555094719,
2035,3.488515615463257,0.0015736670466139913,1.0206420421600342,0.042702436447143555,0.054438844323158264,
2036,9.440116882324219,0.0014083528658375144,1.1507439613342285,0.06426511704921722,0.26590144634246826,
2037,4.085316181182861,0.0015426590107381344,0.9704370498657227,0.038081783801317215,0.08497072011232376,
2038,7.126148223876953,0.0016551082953810692,1.1984342336654663,0.011797587387263775,0.2236558496952057,
2039,8.606420516967773,0.0014656651765108109,1.1832942962646484,0.23401068150997162,0.06144868582487106,
2040,4.795753479003906,0.0013657215749844909,1.2905231714248657,0.054796021431684494,0.08404746651649475,
2041,4.9784626960754395,0.0012970828684046865,1.041451096534729,0.015032192692160606,0.14115118980407715,
2042,6.846752166748047,0.0012652328005060554,1.101093053817749,0.15518851578235626,0.07337260991334915,
2043,5.2215375900268555,0.0013369438238441944,1.1060891151428223,0.025320112705230713,0.13796088099479675,
2044,4.849566459655762,0.0013762760208919644,0.898530125617981,0.11049510538578033,0.04617006331682205,
2045,4.315121650695801,0.0012910449877381325,0.9862314462661743,0.02104572393000126,0.11081883311271667,
2046,7.23065710067749,0.0014422893291339278,0.9574481248855591,0.07892151176929474,0.17056456208229065,
2047,9.045356750488281,0.0014617483830079436,1.0772488117218018,0.012067198753356934,0.3051953911781311,
2048,6.296138286590576,0.0013656025985255837,1.4514989852905273,0.0,0.19241997599601746,
2049,3.5873024463653564,0.001321079209446907,1.0887048244476318,0.02608633041381836,0.07253649830818176,
2050,5.252962589263916,0.0014641141751781106,1.0649337768554688,0.045652568340301514,0.12040447443723679,
2051,9.607053756713867,0.001323919277638197,1.1036946773529053,0.1008363589644432,0.23797407746315002,
2052,10.932364463806152,0.0014405882684513927,1.1668263673782349,0.10686539113521576,0.28231555223464966,
2053,10.059925079345703,0.0013594975462183356,1.403158187866211,0.0,0.3449111878871918,
2054,6.995438575744629,0.0013948810519650578,1.3521311283111572,0.0,0.2243373990058899,
2055,5.1759138107299805,0.0015168400714173913,1.2158703804016113,0.0,0.15688489377498627,
2056,5.16707181930542,0.0014054818311706185,1.183129072189331,0.039656300097703934,0.11829592287540436,
2057,11.444981575012207,0.0013451902195811272,1.103209376335144,0.0,0.4123257100582123,
2058,5.0345845222473145,0.0013634267961606383,0.9660810232162476,0.09471578896045685,0.06666091829538345,
2059,17.00798988342285,0.0012992090778425336,0.7439079284667969,0.00671154260635376,0.6425524950027466,
2060,7.060999870300293,0.0013827552320435643,1.1936794519424438,0.014833688735961914,0.21847636997699738,
2061,2.62266206741333,0.001323042786680162,0.981403112411499,0.007979472167789936,0.056347839534282684,
2062,6.344537734985352,0.0013470480917021632,0.9409630298614502,0.07571681588888168,0.13907912373542786,
2063,13.565369606018066,0.0012100323801860213,1.0843394994735718,0.015334884636104107,0.4826962947845459,
2064,8.892720222473145,0.0013184683630242944,1.1972227096557617,0.08198503404855728,0.2245163917541504,
2065,7.05974006652832,0.0013946034014225006,1.0439140796661377,0.14956963062286377,0.08966882526874542,
2066,5.263890266418457,0.0013960478827357292,1.0598033666610718,0.09625868499279022,0.07050873339176178,
2067,6.980746746063232,0.0013769058277830482,0.8796167969703674,0.06455779075622559,0.1781104952096939,
2068,6.5256805419921875,0.0012999563477933407,0.8240354061126709,0.11026431620121002,0.11650153994560242,
2069,6.601223468780518,0.0014679435407742858,1.0037647485733032,0.03391444683074951,0.18851597607135773,
2070,3.67048716545105,0.0012562557822093368,0.8634342551231384,0.06870629638433456,0.042319562286138535,
2071,5.956325531005859,0.001233642571605742,0.9124681949615479,0.08878674358129501,0.11173390597105026,
2072,5.9326491355896,0.001287448569200933,0.9012165069580078,0.11426471173763275,0.08570514619350433,
2073,5.306144714355469,0.0011906556319445372,0.9308348894119263,0.09119957685470581,0.08262217044830322,
2074,6.99001932144165,0.0013630716130137444,1.0718622207641602,0.15597230195999146,0.07939091324806213,
2075,4.597248077392578,0.0013288796180859208,1.097453236579895,0.03670336678624153,0.10195954144001007,
2076,11.854833602905273,0.0013291910290718079,1.3267664909362793,0.03141770884394646,0.38837575912475586,
2077,6.1407670974731445,0.001306400285102427,1.0567429065704346,0.09587307274341583,0.10618150234222412,
2078,6.446593761444092,0.001354064210318029,1.1665681600570679,0.03936169669032097,0.170485258102417,
2079,6.0528154373168945,0.0011798730120062828,1.232372522354126,0.029696086421608925,0.1619417816400528,
2080,3.4381532669067383,0.0011723089264705777,1.1247365474700928,0.060466866940259933,0.030897490680217743,
2081,5.598756790161133,0.0013079176424071193,1.2462468147277832,0.0,0.1727924644947052,
2082,6.981919288635254,0.001310488791204989,1.2901949882507324,0.041819553822278976,0.18453893065452576,
2083,8.647026062011719,0.001148412935435772,1.3795661926269531,0.0,0.28954997658729553,
2084,7.9108734130859375,0.0013261144049465656,1.2095919847488403,0.006196737289428711,0.26052841544151306,
2085,7.569965362548828,0.0014755023876205087,1.1403248310089111,0.014916419982910156,0.24079370498657227,
2086,8.948081970214844,0.00143328623380512,1.383350133895874,0.0,0.30115601420402527,
2087,2.9576239585876465,0.0012108575319871306,1.1695280075073242,0.0,0.0703129842877388,
2088,8.975017547607422,0.0013319359859451652,1.0208951234817505,0.031427282840013504,0.2854056656360626,
2089,5.340939521789551,0.0013719123089686036,1.1118106842041016,0.06055023521184921,0.10724300146102905,
2090,8.146790504455566,0.0011844298569485545,1.1423109769821167,0.0005524953012354672,0.27844226360321045,
2091,4.21960973739624,0.0012092305114492774,1.2588032484054565,0.029879549518227577,0.08734346926212311,
2092,5.609601020812988,0.0015102903125807643,0.9629641175270081,0.0866694226861,0.09768577665090561,
2093,8.78097152709961,0.0011993477819487453,0.9446171522140503,0.09869074821472168,0.21356409788131714,
2094,5.885227680206299,0.0012783290585502982,0.9910088777542114,0.05845266580581665,0.13603776693344116,
2095,7.583061218261719,0.0012433364754542708,1.2258105278015137,0.012345314025878906,0.240701362490654,
2096,4.135433197021484,0.0012226080289110541,0.9468114376068115,0.026630481705069542,0.09969177842140198,
2097,2.0615859031677246,0.0015920723089948297,1.0991506576538086,0.0,0.03690534085035324,
2098,11.851781845092773,0.0013905614614486694,1.071303129196167,0.10720551013946533,0.32262304425239563,
2099,3.351071357727051,0.0013837640872225165,0.9352971315383911,0.03232308104634285,0.06292411684989929,
2100,4.732231140136719,0.0012926874915137887,0.9981787204742432,0.09868435561656952,0.04938504099845886,
2101,7.628946304321289,0.001237734337337315,0.8149384260177612,0.1367129534482956,0.13460960984230042,
2102,6.506986141204834,0.0012628979748114944,1.1264985799789429,0.023554006591439247,0.19040259718894958,
2103,6.212063312530518,0.0014178948476910591,1.1437559127807617,0.12428849935531616,0.07702590525150299,
2104,8.858012199401855,0.0015039843274280429,1.0788041353225708,0.03506537154316902,0.27459895610809326,
2105,8.115142822265625,0.0013412078842520714,1.2098808288574219,0.05771555379033089,0.21715369820594788,
2106,9.815092086791992,0.0013149915030226111,1.1251113414764404,0.032579679042100906,0.31370455026626587,
2107,7.4055609703063965,0.0014223313191905618,1.198443055152893,0.07632998377084732,0.17053239047527313,
2108,4.360084056854248,0.0011494852369651198,0.9527521133422852,0.08103738725185394,0.05410640686750412,
2109,5.985049247741699,0.0013170978054404259,1.001415729522705,0.06745139509439468,0.13057684898376465,
2110,15.342430114746094,0.0013203920098021626,0.9827817678451538,0.097248375415802,0.4758172035217285,
2111,3.9123446941375732,0.0016452763229608536,1.072073221206665,0.03589983657002449,0.07606574147939682,
2112,5.716348648071289,0.001379314810037613,1.0621120929718018,0.06309124082326889,0.12169890850782394,
2113,7.440287113189697,0.0014133360236883163,0.9370578527450562,0.09534019231796265,0.1633756160736084,
2114,6.314578056335449,0.0014389291172847152,1.021796464920044,0.027073165401816368,0.18319916725158691,
2115,7.267027854919434,0.0012082377215847373,1.1415239572525024,0.017998576164245605,0.2258133590221405,
2116,4.760468482971191,0.0013484867522493005,1.16011643409729,0.09689317643642426,0.045772433280944824,
2117,3.629910945892334,0.0012615489540621638,0.9004169702529907,0.024936893954873085,0.08298131823539734,
2118,4.85591459274292,0.0011712330160662532,1.0860981941223145,0.06983623653650284,0.07978518307209015,
2119,6.275720119476318,0.0014130230993032455,1.0185952186584473,0.06962352991104126,0.13924846053123474,
2120,5.768497467041016,0.001740589621476829,0.9128904342651367,0.15041229128837585,0.0420713908970356,
2121,9.03679084777832,0.001290127052925527,1.016575813293457,0.09413285553455353,0.2253856062889099,
2122,2.130575656890869,0.0012842939468100667,1.128464937210083,0.0,0.038800135254859924,
2123,3.7962725162506104,0.0012023233575746417,1.224365234375,0.027682781219482422,0.07399118691682816,
2124,8.297201156616211,0.001498072873800993,1.006615161895752,0.12003733962774277,0.1700880229473114,
2125,3.93178653717041,0.0014134974917396903,1.1436395645141602,0.060010433197021484,0.05010194331407547,
2126,6.160305976867676,0.0014047661097720265,1.0527069568634033,0.06031974032521248,0.14257946610450745,
2127,7.283371448516846,0.0013269485207274556,1.1812448501586914,0.03457587957382202,0.20818224549293518,
2128,7.919957160949707,0.001252557267434895,1.0111037492752075,0.04097215458750725,0.2341294288635254,
2129,5.827353477478027,0.0012214482994750142,1.1981441974639893,0.003981053829193115,0.17996585369110107,
2130,5.9945573806762695,0.0012179202167317271,1.1679449081420898,0.0091768903657794,0.18266969919204712,
2131,7.054561614990234,0.0011928410967811942,1.055161714553833,0.06124929338693619,0.17753386497497559,
2132,9.311322212219238,0.0012830860214307904,1.146893858909607,0.0,0.3252940773963928,
2133,5.245220184326172,0.0014523986028507352,1.1338438987731934,0.04440581798553467,0.11859683692455292,
2134,4.329460144042969,0.0013989023864269257,1.107529878616333,0.0,0.12747830152511597,
2135,5.521374702453613,0.001239537145011127,1.1138683557510376,0.10083695501089096,0.07422377169132233,
2136,7.398035049438477,0.0012571344850584865,1.1403465270996094,0.0035832126159220934,0.2454671859741211,
2137,8.280887603759766,0.0014030461898073554,1.2731168270111084,0.10714850574731827,0.17175927758216858,
2138,6.643906116485596,0.0014078269014135003,1.1059775352478027,0.08697676658630371,0.13313254714012146,
2139,6.524402618408203,0.0013692952925339341,1.1474722623825073,0.02510788105428219,0.18860003352165222,
2140,3.6705055236816406,0.0014387662522494793,0.969576895236969,0.0,0.1065983772277832,
2141,21.398208618164062,0.0015009986236691475,1.1193504333496094,0.004539966583251953,0.8051133751869202,
2142,7.713415145874023,0.0013275366509333253,1.0194177627563477,0.03705576807260513,0.22937658429145813,
2143,3.6444828510284424,0.001513892668299377,1.0063409805297852,0.05464935302734375,0.0493624284863472,
2144,3.5266003608703613,0.0012752049369737506,1.0035862922668457,0.01981276273727417,0.07983259856700897,
2145,10.23908805847168,0.001337741850875318,0.8196215629577637,0.10276129096746445,0.2726796269416809,
2146,2.9938278198242188,0.001371558872051537,1.00764799118042,0.007170498371124268,0.07090513408184052,
2147,3.2357988357543945,0.0013229819014668465,0.9756227731704712,0.0389549545943737,0.05012911185622215,
2148,4.197850227355957,0.0013356866547837853,0.9897418022155762,0.044619202613830566,0.08236944675445557,
2149,12.573205947875977,0.0015189150581136346,0.9671577215194702,0.004417836666107178,0.4583052098751068,
2150,11.84826946258545,0.0012584876967594028,1.1482210159301758,0.05925057455897331,0.3674928545951843,
2151,7.5289225578308105,0.001261850935406983,0.8152765035629272,0.10682892799377441,0.16045506298542023,
2152,4.863542556762695,0.001513063907623291,1.0046237707138062,0.06297401338815689,0.0898696705698967,
2153,11.323077201843262,0.0014904594281688333,0.8742141723632812,0.15107764303684235,0.2653864026069641,
2154,5.577925205230713,0.001492378651164472,0.8497015237808228,0.05872845649719238,0.12890812754631042,
2155,6.380941390991211,0.0015051759546622634,1.1529407501220703,0.13192807137966156,0.07568676769733429,
2156,5.580676078796387,0.0015734214102849364,1.026273488998413,0.10622936487197876,0.07437331974506378,
2157,6.651518821716309,0.0013686837628483772,0.9492113590240479,0.07098042964935303,0.15574319660663605,
2158,7.3105645179748535,0.00129699835088104,0.8814629912376404,0.03954724594950676,0.21631979942321777,
2159,4.862910270690918,0.001410663011483848,0.9729403853416443,0.07060209661722183,0.08358603715896606,
2160,5.473069667816162,0.0015223895898088813,1.0135993957519531,0.0741967186331749,0.10265970230102539,
2161,4.441863536834717,0.0012565673096105456,0.870665431022644,0.056977588683366776,0.08461376279592514,
2162,7.680599212646484,0.0014670818345621228,0.9690027832984924,0.08941594511270523,0.1775808334350586,
2163,11.023393630981445,0.001259152777493,1.048821210861206,0.026809433475136757,0.3709143102169037,
2164,8.564661979675293,0.00141917762812227,1.1315971612930298,0.0,0.29590341448783875,
2165,3.119412422180176,0.0014248224906623363,1.0671371221542358,0.010602752678096294,0.07006344199180603,
2166,4.171058177947998,0.0016737185651436448,0.9849040508270264,0.009122530929744244,0.11664991080760956,
2167,4.305826187133789,0.001421276363544166,1.200262188911438,0.0341467447578907,0.0886545479297638,
2168,5.911192417144775,0.0014137058751657605,0.927800178527832,0.020006179809570312,0.1779157966375351,
2169,4.226597785949707,0.001379863009788096,0.8532071113586426,0.07104643434286118,0.06250933557748795,
2170,11.999432563781738,0.0013179023517295718,0.9827145338058472,0.09092891216278076,0.3484219014644623,
2171,5.617743492126465,0.0014285483630374074,1.0739612579345703,0.028674164786934853,0.15164858102798462,
2172,7.447902202606201,0.0012829710030928254,1.1379200220108032,0.028595129027962685,0.22252118587493896,
2173,5.588072776794434,0.0012713517062366009,1.0013898611068726,0.04831741377711296,0.13387854397296906,
2174,4.109136581420898,0.001218303688801825,0.9647061824798584,0.04075690358877182,0.0838019996881485,
2175,9.351997375488281,0.0012610398698598146,0.8888411521911621,0.05820391699671745,0.27906131744384766,
2176,9.589827537536621,0.0012651773868128657,0.8474992513656616,0.07415829598903656,0.2742696702480316,
2177,10.278443336486816,0.0012136287987232208,0.9701884388923645,0.09172103554010391,0.27939555048942566,
2178,4.6436872482299805,0.0013140426017343998,1.0592825412750244,0.02747178077697754,0.1145903691649437,
2179,4.608600616455078,0.0015632431022822857,0.9000297784805298,0.09418048709630966,0.05259910225868225,
2180,8.352351188659668,0.0011979610426351428,1.0097383260726929,0.09931860119104385,0.19318796694278717,
2181,6.177151679992676,0.0013033243594691157,1.1429002285003662,0.04593976214528084,0.15412697196006775,
2182,6.566997528076172,0.0015668434789404273,1.0644991397857666,0.046817779541015625,0.17171531915664673,
2183,5.426433086395264,0.001252761110663414,0.8914130330085754,0.129042848944664,0.05110517889261246,
2184,6.177393436431885,0.0012372919591143727,0.8094903230667114,0.04986343905329704,0.1636153906583786,
2185,6.107036113739014,0.001317444839514792,1.111276626586914,0.03773699328303337,0.16077594459056854,
2186,7.3851237297058105,0.0013617583317682147,1.165970802307129,0.041078466922044754,0.20632588863372803,
2187,5.299413681030273,0.0012620185734704137,1.2795944213867188,0.022099653258919716,0.1374311000108719,
2188,3.874424934387207,0.0014187642373144627,1.0941632986068726,0.0,0.10979169607162476,
2189,8.10742473602295,0.0012000788701698184,0.9592083096504211,0.05227603390812874,0.23245254158973694,
2190,6.2099289894104,0.001109843491576612,1.0825538635253906,0.0,0.20398515462875366,
2191,4.753222942352295,0.0011881287209689617,1.3001728057861328,0.0,0.13693387806415558,
2192,4.755620956420898,0.0012028003111481667,1.0334839820861816,0.09527061879634857,0.05241205543279648,
2193,3.896723747253418,0.0013968351995572448,0.9725344777107239,0.028758883476257324,0.0868118554353714,
2194,6.57731819152832,0.0011628748616203666,0.9907839298248291,0.006627003662288189,0.21567147970199585,
2195,14.775823593139648,0.0013315932592377067,1.0856471061706543,0.06547385454177856,0.4808015823364258,
2196,6.404874801635742,0.001197048812173307,1.1194231510162354,0.004472414497286081,0.20574858784675598,
2197,3.7291462421417236,0.0011845690896734595,1.2019000053405762,0.036807674914598465,0.06309760361909866,
2198,4.4488844871521,0.0013436218723654747,1.0077115297317505,0.053451914340257645,0.08285138010978699,
2199,7.384376525878906,0.0013086149701848626,0.8935253620147705,0.10618612915277481,0.1521393209695816,
2200,7.151611328125,0.0011467443546280265,1.0217595100402832,0.010817090980708599,0.23323023319244385,
2201,6.242279529571533,0.0012057808926329017,1.128201961517334,0.006974021438509226,0.1963832974433899,
2202,5.773555755615234,0.001230498543009162,1.051159381866455,0.01217834185808897,0.17548702657222748,
2203,5.103599548339844,0.001395822619087994,1.0066088438034058,0.07829489558935165,0.08418890833854675,
2204,10.319660186767578,0.0012309123994782567,1.0942944288253784,0.09875071048736572,0.2690330147743225,
2205,13.215523719787598,0.00142465450335294,0.9556189775466919,0.07119628041982651,0.4177752733230591,
2206,5.203016757965088,0.0013181004906073213,1.078883171081543,0.04808817431330681,0.11555907130241394,
2207,5.488217353820801,0.0011478079250082374,1.0375683307647705,0.042432110756635666,0.13444602489471436,
2208,7.734622478485107,0.001181971631012857,0.8716615438461304,0.06769808381795883,0.2056383639574051,
2209,7.652382850646973,0.0014248547377064824,0.8910889625549316,0.20376940071582794,0.06525750458240509,
2210,3.958211660385132,0.0012482638703659177,0.8976657390594482,0.007710635662078857,0.11346293240785599,
2211,6.7993669509887695,0.0013865531655028462,0.8536736965179443,0.1470862329006195,0.08935493230819702,
2212,6.650749206542969,0.0012056482955813408,1.0222601890563965,0.07553678750991821,0.14839711785316467,
2213,5.348924160003662,0.0015868045156821609,0.9627385139465332,0.11271943897008896,0.061141178011894226,
2214,7.146873474121094,0.0013062660582363605,1.0345332622528076,0.11928937584161758,0.12389795482158661,
2215,8.505179405212402,0.0012889979407191277,0.9652644395828247,0.05766663700342178,0.24264095723628998,
2216,5.30603551864624,0.0012099203886464238,1.0625354051589966,0.031114181503653526,0.13741591572761536,
2217,8.6538724899292,0.001140724285505712,0.8771416544914246,0.061123691499233246,0.24880479276180267,
2218,3.287858486175537,0.001266809063963592,1.1113429069519043,0.018636446446180344,0.06715736538171768,
2219,6.164203643798828,0.0015958561562001705,1.0367114543914795,0.06291351467370987,0.14059031009674072,
2220,4.680448055267334,0.0013617194490507245,0.9037227630615234,0.10478724539279938,0.04492004215717316,
2221,3.2034215927124023,0.0013457323657348752,1.0783023834228516,0.0,0.08365903794765472,
2222,7.372250556945801,0.0013256618985906243,1.169812560081482,0.11002656072378159,0.13674528896808624,
2223,6.9506025314331055,0.0013953275047242641,1.1870653629302979,0.036400020122528076,0.1927461177110672,
2224,9.965007781982422,0.0011825300753116608,1.1387437582015991,0.0,0.35186806321144104,
2225,3.8390843868255615,0.0011868939036503434,1.1218721866607666,0.05421237275004387,0.05328921228647232,
2226,4.613515853881836,0.001103354268707335,1.145374059677124,0.048472605645656586,0.08914972096681595,
2227,6.808862686157227,0.0012856399407610297,0.9314205646514893,0.01992466114461422,0.21388737857341766,
2228,4.984634876251221,0.0012142532505095005,1.1332685947418213,0.0,0.15284039080142975,
2229,7.328293323516846,0.001236783224157989,1.1141523122787476,0.06956452131271362,0.17776431143283844,
2230,6.933128356933594,0.0013261603889986873,1.0086582899093628,0.028900284320116043,0.20675235986709595,
2231,5.01447057723999,0.0013193221529945731,1.0305949449539185,0.05330045893788338,0.10473524034023285,
2232,8.325798034667969,0.0012657366460189223,1.1724003553390503,0.10603872686624527,0.17883144319057465,
2233,7.335381507873535,0.0012894626706838608,0.9647794961929321,0.0076354146003723145,0.24589920043945312,
2234,15.644651412963867,0.001343770301900804,0.9702194333076477,0.04037244990468025,0.545261025428772,
2235,9.170490264892578,0.0011926059378311038,0.9896440505981445,0.10322346538305283,0.2228177785873413,
2236,6.635831356048584,0.001398403779603541,0.9071356654167175,0.05875504016876221,0.16899439692497253,
2237,7.917263984680176,0.00123798253480345,1.1527050733566284,0.04176604747772217,0.2275783121585846,
2238,7.916067600250244,0.001396557199768722,1.170318603515625,0.04122072458267212,0.22721268236637115,
2239,6.935173034667969,0.0012264264514669776,1.0605065822601318,0.0008879303932189941,0.23287230730056763,
2240,7.793575286865234,0.001255639479495585,0.9679576754570007,0.03501804545521736,0.2367510199546814,
2241,5.382586479187012,0.0012339133536443114,1.0653712749481201,0.0795169249176979,0.09193778038024902,
2242,3.5997328758239746,0.0011772681027650833,0.9282146692276001,0.06402995437383652,0.04165349900722504,
2243,5.526194095611572,0.001273788046091795,0.9760080575942993,0.1267799586057663,0.05395369604229927,
2244,4.993741989135742,0.0012826542370021343,1.056488275527954,0.059053678065538406,0.09715382754802704,
2245,7.405429363250732,0.0013744947500526905,0.9519798159599304,0.14304357767105103,0.11371992528438568,
2246,7.996593952178955,0.0012453831732273102,0.9438101053237915,0.08220966905355453,0.19865630567073822,
2247,3.2624452114105225,0.0012822331627830863,0.9269240498542786,0.06069429591298103,0.03144432231783867,
2248,3.773385763168335,0.0012570510152727365,0.9904553890228271,0.010763783939182758,0.09929637610912323,
2249,9.032526016235352,0.0013539226492866874,1.006617546081543,0.10250431299209595,0.2171781063079834,
2250,8.11689281463623,0.0013724708696827292,0.9941093921661377,0.06560178101062775,0.21793709695339203,
2251,4.654747009277344,0.001215835683979094,0.9481085538864136,0.03536907956004143,0.11168062686920166,
2252,2.6660516262054443,0.0012255414621904492,1.04508376121521,0.031635403633117676,0.03197776898741722,
2253,7.321712970733643,0.001235269010066986,1.333397388458252,0.05985637381672859,0.17844098806381226,
2254,3.7164840698242188,0.0013036975869908929,1.483047604560852,0.041154444217681885,0.046879325062036514,
2255,8.411072731018066,0.001322725205682218,1.2020130157470703,0.07014165073633194,0.21689800918102264,
2256,5.272059440612793,0.0012138955062255263,1.0444461107254028,0.0,0.16789063811302185,
2257,8.489653587341309,0.0011570719070732594,1.0413070917129517,0.0292702317237854,0.26750656962394714,
2258,5.769036293029785,0.0012609530240297318,1.1670866012573242,0.037809908390045166,0.14500713348388672,
2259,7.888776779174805,0.0012837875401601195,1.0215803384780884,0.04883444309234619,0.22456961870193481,
2260,7.685871601104736,0.001212292700074613,1.0514326095581055,0.09733638912439346,0.16682887077331543,
2261,4.928495407104492,0.0011386178666725755,0.8959560990333557,0.0609123520553112,0.09925061464309692,
2262,8.872560501098633,0.001070427242666483,0.8276126384735107,0.11305371671915054,0.20767375826835632,
2263,3.6657872200012207,0.0012407380854710937,0.9286171197891235,0.09307398647069931,0.015172073617577553,
2264,5.977184295654297,0.0011569607304409146,0.8551253080368042,0.014754056930541992,0.18897132575511932,
2265,6.424018859863281,0.0011289065005257726,0.8249245285987854,0.12785422801971436,0.0949806272983551,
2266,3.225792646408081,0.0014925462892279029,1.0131919384002686,0.013668736442923546,0.07334274798631668,
2267,9.881634712219238,0.0010684484150260687,1.1978204250335693,0.0,0.34628409147262573,
2268,4.923945426940918,0.00101761135738343,0.9291365146636963,0.0654873475432396,0.093287393450737,
2269,6.528431415557861,0.001138550927862525,1.1556944847106934,0.022869626060128212,0.19090129435062408,
2270,8.428953170776367,0.001187918707728386,0.9527856111526489,0.0680977925658226,0.22976097464561462,
2271,5.307104110717773,0.0012201442150399089,1.0368149280548096,0.07142897695302963,0.098162442445755,
2272,5.403883934020996,0.0011517610400915146,1.0029077529907227,0.08956477791070938,0.08532249927520752,
2273,8.286431312561035,0.0011815838515758514,0.9757540225982666,0.017323175445199013,0.273922324180603,
2274,5.298641681671143,0.0010590599849820137,1.0140870809555054,0.0638948306441307,0.10642828792333603,
2275,3.106811285018921,0.0012938143918290734,0.8973730206489563,0.016500214114785194,0.07058350741863251,
2276,5.147853851318359,0.0011172041995450854,0.774484395980835,0.13251210749149323,0.041305456310510635,
2277,7.176566123962402,0.0010415733559057117,1.1025646924972534,0.10687936842441559,0.13503910601139069,
2278,5.1760053634643555,0.0011431471211835742,0.9609463214874268,0.039278723299503326,0.12818050384521484,
2279,5.637660980224609,0.0013085288228467107,0.9106290340423584,0.13431359827518463,0.05345914512872696,
2280,5.526378631591797,0.0010889231925830245,0.767653226852417,0.054154396057128906,0.135105699300766,
2281,8.242283821105957,0.0012825269950553775,0.8245437145233154,0.1067153811454773,0.18871170282363892,
2282,7.721689224243164,0.0011269530514255166,1.1218005418777466,0.07015639543533325,0.19271220266819,
2283,5.977590560913086,0.0011524903820827603,1.0789580345153809,0.03823043778538704,0.15656237304210663,
2284,4.577665328979492,0.0010357742430642247,0.9503085613250732,0.05203070491552353,0.09202778339385986,
2285,4.845450401306152,0.0012326999567449093,0.8967080116271973,0.010962526313960552,0.14575447142124176,
2286,7.016301155090332,0.0012283424148336053,0.8071935176849365,0.03956294059753418,0.2075730264186859,
2287,4.004892826080322,0.0011812435695901513,0.9492037296295166,0.04676961898803711,0.07427670061588287,
2288,3.257966995239258,0.0011505951406434178,0.800338625907898,0.056925058364868164,0.04022948443889618,
2289,10.47830581665039,0.0011526375310495496,0.8569031953811646,0.0545477457344532,0.32915574312210083,
2290,6.402538299560547,0.0012137801386415958,0.9330233335494995,0.04581856727600098,0.17174825072288513,
2291,7.031632900238037,0.0012994377175346017,0.9832628965377808,0.03884232044219971,0.20179304480552673,
2292,4.891897678375244,0.001189831760711968,1.0045166015625,0.07008440792560577,0.0842209979891777,
2293,8.423355102539062,0.0012288285652175546,1.156938910484314,0.0,0.28942781686782837,
2294,3.984456777572632,0.0012175829615443945,0.8468368053436279,0.02582937479019165,0.09845784306526184,
2295,7.558717250823975,0.001297211623750627,1.1197423934936523,0.08614902198314667,0.1701127588748932,
2296,5.892233848571777,0.001168050104752183,1.2055914402008057,0.0,0.18629765510559082,
2297,5.39180326461792,0.0012069883523508906,1.170588493347168,0.022139331325888634,0.1455022692680359,
2298,6.616107940673828,0.0011139697162434459,1.232561469078064,0.006426513195037842,0.20780137181282043,
2299,6.534562110900879,0.001132509089075029,0.8216466903686523,0.06511910259723663,0.16226500272750854,
2300,4.2225022315979,0.0012224578531458974,1.0602995157241821,0.0,0.12526565790176392,
2301,5.762510299682617,0.0011515449732542038,1.1071736812591553,0.046229004859924316,0.1388329118490219,
2302,7.437243938446045,0.0012530385283753276,0.8964074850082397,0.07999765872955322,0.18038275837898254,
2303,7.044981002807617,0.0010413791751489043,1.2828906774520874,0.09206044673919678,0.13738177716732025,
2304,6.416597366333008,0.0010941874934360385,1.362170934677124,0.03941556066274643,0.16166731715202332,
2305,5.806824684143066,0.0012402132852002978,1.3163950443267822,0.0,0.1783769577741623,
2306,10.32998275756836,0.001181874773465097,1.3017505407333374,0.0,0.35994744300842285,
2307,11.694245338439941,0.001151500386185944,0.9035528898239136,0.008593042381107807,0.42188316583633423,
2308,8.109246253967285,0.001006630016490817,0.871783971786499,0.19131126999855042,0.09718059003353119,
2309,5.9108123779296875,0.0010906470706686378,0.9555776119232178,0.0,0.19711875915527344,
2310,3.240572690963745,0.0010939848143607378,0.8986026644706726,0.02495499514043331,0.06762982159852982,
2311,7.385646820068359,0.001005989732220769,1.0444563627243042,0.09034612029790878,0.16229549050331116,
2312,3.145517349243164,0.0010983479442074895,0.9524768590927124,0.06410397589206696,0.022519303485751152,
2313,7.452308177947998,0.0011056471848860383,1.0135951042175293,0.0,0.2564428746700287,
2314,6.426567077636719,0.001216514385305345,0.9956314563751221,0.042821843177080154,0.17319908738136292,
2315,7.469937324523926,0.0011503868736326694,1.2041664123535156,0.001390953897498548,0.2480895072221756,
2316,5.910333156585693,0.0011444330448284745,0.9719625115394592,0.11394443362951279,0.08244596421718597,
2317,7.271772384643555,0.001085683354176581,0.9658663272857666,0.08444690704345703,0.16670364141464233,
2318,4.869897365570068,0.0010871837148442864,0.9522448778152466,0.03746896982192993,0.11814995110034943,
2319,3.852346181869507,0.0010657625971361995,1.091564655303955,0.001892129541374743,0.10747337341308594,
2320,7.8362135887146,0.001071118633262813,0.8804528117179871,0.0605032853782177,0.21665602922439575,
2321,5.002298355102539,0.0012127379886806011,1.022970199584961,0.0011411706218495965,0.1568192094564438,
2322,11.371939659118652,0.0012017684057354927,0.9814422130584717,0.12176696211099625,0.2926511764526367,
2323,6.496983051300049,0.0010662880958989263,0.8422476053237915,0.0014689763775095344,0.2236541509628296,
2324,9.131942749023438,0.0011017249198630452,1.0341150760650635,0.135126531124115,0.18768484890460968,
2325,6.046058654785156,0.0012740729143843055,1.0569065809249878,0.020928600803017616,0.17736339569091797,
2326,9.287737846374512,0.0012846760218963027,0.8544225692749023,0.0012094577541574836,0.33483847975730896,
2327,4.8191962242126465,0.0011593239614740014,1.2181483507156372,0.0,0.1428825855255127,
2328,6.797918796539307,0.001175376703031361,1.0479906797409058,0.1529327630996704,0.075888991355896,
2329,2.488971710205078,0.0011100978590548038,1.0635837316513062,0.006706079002469778,0.04919934645295143,
2330,7.492274284362793,0.0011504361173138022,1.0916252136230469,0.09217038005590439,0.16270515322685242,
2331,6.072786808013916,0.0011298427125439048,1.0455108880996704,0.06761442124843597,0.13234677910804749,
2332,5.132750511169434,0.0011597160482779145,0.9899954795837402,0.08806633949279785,0.07648414373397827,
2333,4.684793949127197,0.0010866483207792044,0.9513369798660278,0.06215246394276619,0.08609916269779205,
2334,3.118208408355713,0.0011871029855683446,1.0684947967529297,0.0031011104583740234,0.07770033180713654,
2335,4.220227241516113,0.0012692812597379088,1.0054596662521362,0.07597720623016357,0.051344215869903564,
2336,8.375998497009277,0.0012835330562666059,0.8456451892852783,0.1816614270210266,0.118269182741642,
2337,4.071041107177734,0.0010867997771129012,0.8775482773780823,0.09941327571868896,0.027239635586738586,
2338,7.40697717666626,0.0011443115072324872,0.9078326225280762,0.005757153034210205,0.2530643343925476,
2339,6.596127510070801,0.0010475805029273033,1.0788772106170654,0.09796231985092163,0.12168008834123611,
2340,6.577900409698486,0.001154546975158155,0.928542971611023,0.14286121726036072,0.08195853233337402,
2341,7.796907901763916,0.001050125458277762,0.8234353065490723,0.13457277417182922,0.14331600069999695,
2342,2.7953436374664307,0.0012011810904368758,0.8668549060821533,0.0,0.07593836635351181,
2343,7.214792251586914,0.0010565074626356363,0.8977153897285461,0.03735436871647835,0.21427220106124878,
2344,5.116121292114258,0.001332589890807867,1.023780107498169,0.032904524356126785,0.1294565498828888,
2345,13.77733325958252,0.0011430872837081552,0.790538489818573,0.05941985175013542,0.4589088261127472,
2346,6.064126014709473,0.0010938800405710936,0.856456995010376,0.0632331594824791,0.1439797282218933,
2347,9.447358131408691,0.0011323693906888366,0.8676725625991821,0.058472611010074615,0.2835824191570282,
2348,5.970211982727051,0.0014432506868615746,0.7901902198791504,0.0,0.20575761795043945,
2349,3.8094234466552734,0.001143769477494061,1.0379873514175415,0.049447476863861084,0.060266196727752686,
2350,3.5943682193756104,0.0012436312390491366,0.7626481056213379,0.029756983742117882,0.08226819336414337,
2351,5.76019287109375,0.0011673497501760721,0.6873303055763245,0.09983297437429428,0.101914182305336,
2352,6.125924587249756,0.0010552675230428576,0.8068551421165466,0.06639325618743896,0.14531424641609192,
2353,7.747918605804443,0.0012896927073597908,0.8459795713424683,0.026460766792297363,0.2483271062374115,
2354,9.308820724487305,0.0012744938721880317,0.9806607961654663,0.08071526139974594,0.2511366605758667,
2355,4.561028480529785,0.0012469989014789462,0.7960043549537659,0.044435955584049225,0.10491801053285599,
2356,5.05827522277832,0.0011192522943019867,0.9051406383514404,0.05050595849752426,0.11450018733739853,
2357,5.816878318786621,0.0012370414333418012,1.036863088607788,0.04388294741511345,0.1460806280374527,
2358,7.115813255310059,0.0011174442479386926,0.9972050189971924,0.09930038452148438,0.14432650804519653,
2359,11.5978422164917,0.0012982572661712766,1.100342035293579,0.0009040434961207211,0.4176977276802063,
2360,4.803434371948242,0.0011686813086271286,0.8342726230621338,0.07630834728479385,0.08128944039344788,
2361,9.81389045715332,0.0011153013911098242,1.0465294122695923,0.03892485424876213,0.31065428256988525,
2362,5.1796674728393555,0.0011172116501256824,1.0867668390274048,0.04333553835749626,0.11926327645778656,
2363,9.7756929397583,0.0011834930628538132,1.0116641521453857,0.08263123035430908,0.2667464017868042,
2364,3.4586429595947266,0.0010993870673701167,1.1608872413635254,0.03989124298095703,0.05091960355639458,
2365,7.11977481842041,0.0012958615552634,1.0675078630447388,0.026936570182442665,0.2138582468032837,
2366,8.395598411560059,0.0011331390123814344,1.0858534574508667,0.050201691687107086,0.2410549819469452,
2367,5.797157287597656,0.0012807882158085704,1.0704214572906494,0.037646908313035965,0.15014174580574036,
2368,11.848301887512207,0.0012208883417770267,1.1496431827545166,0.08636411279439926,0.3403613567352295,
2369,9.074259757995605,0.0012269704602658749,0.9637987017631531,0.051497042179107666,0.27169445157051086,
2370,5.221750259399414,0.001322754193097353,0.984788179397583,0.06535681337118149,0.10279891639947891,
2371,11.489381790161133,0.0012903288006782532,1.0600149631500244,0.02113119699060917,0.3947531580924988,
2372,9.035030364990234,0.0012689022114500403,0.8776267766952515,0.11495774984359741,0.21006950736045837,
2373,5.445011138916016,0.0013060682686045766,0.959150493144989,0.10121991485357285,0.07690845429897308,
2374,8.528712272644043,0.0011249015806242824,1.097987413406372,0.13015994429588318,0.1659441739320755,
2375,5.2510552406311035,0.0013126133708283305,0.9007018804550171,0.06646127998828888,0.10624022036790848,
2376,6.2914252281188965,0.001138100167736411,1.0095576047897339,0.04247329384088516,0.1676633059978485,
2377,5.514540672302246,0.0012162768980488181,0.9302816390991211,0.08405768871307373,0.09809638559818268,
2378,10.471453666687012,0.0013065757229924202,0.8098021745681763,0.04925777390599251,0.33590173721313477,
2379,1.7799339294433594,0.001207653316669166,0.884238600730896,0.007072150707244873,0.027548011392354965,
2380,5.449298858642578,0.0011739175533875823,0.8991443514823914,0.12801705300807953,0.052815210074186325,
2381,6.89603853225708,0.0010965120745822787,0.9795231819152832,0.053034424781799316,0.18252968788146973,
2382,4.034635543823242,0.0011151289800181985,0.8851614594459534,0.029089709743857384,0.09577412903308868,
2383,5.125262260437012,0.0011309540132060647,0.8919373750686646,0.04296433925628662,0.12523770332336426,
2384,3.7352118492126465,0.001082735718227923,0.949233889579773,0.027102669700980186,0.08325371891260147,
2385,6.586945533752441,0.0010903020156547427,0.9853196144104004,0.007511317729949951,0.21546339988708496,
2386,12.497004508972168,0.0012362559791654348,1.051581621170044,0.10897903144359589,0.34760162234306335,
2387,10.980484008789062,0.0010487785330042243,0.9558558464050293,0.026820918545126915,0.3731154799461365,
2388,7.448036193847656,0.0013273200020194054,1.0961346626281738,0.06987389177083969,0.18287484347820282,
2389,3.8503451347351074,0.0010063460795208812,0.8199858069419861,0.07076416164636612,0.04944387078285217,
2390,8.435295104980469,0.0010963515378534794,0.8596739768981934,0.11748713254928589,0.18444137275218964,
2391,7.343048095703125,0.0011359285563230515,1.1124244928359985,0.05530627444386482,0.19278274476528168,
2392,2.6047019958496094,0.0011826100526377559,0.8682011365890503,0.021493157371878624,0.04678427428007126,
2393,5.202216148376465,0.0011975878151133657,1.1560931205749512,0.0,0.16064733266830444,
2394,7.167592525482178,0.0011164642637595534,1.184984564781189,0.0418655090034008,0.19632232189178467,
2395,3.7512025833129883,0.00115642708260566,0.8575160503387451,0.09808506816625595,0.01650596223771572,
2396,3.7275664806365967,0.0011209867661818862,0.9449612498283386,0.019094744697213173,0.09108847379684448,
2397,6.739928245544434,0.0011634890688583255,1.0065810680389404,0.07023036479949951,0.15794003009796143,
2398,4.431601524353027,0.0011409297585487366,0.8886492252349854,0.0,0.14057715237140656,
2399,6.838273525238037,0.0011619779979810119,0.9859804511070251,0.07789812237024307,0.15503162145614624,
2400,1.7458865642547607,0.0010530673898756504,0.8332778811454773,0.0,0.03545127809047699,
2401,8.664495468139648,0.0010244549484923482,0.9730080962181091,0.06032625958323479,0.24630877375602722,
2402,10.41716480255127,0.0012293396284803748,0.8901937007904053,0.037751734256744385,0.34209775924682617,
2403,5.027207851409912,0.0010384649503976107,0.989423394203186,0.0771096721291542,0.08336325734853745,
2404,5.5221476554870605,0.0013706791214644909,0.9428062438964844,0.013012449257075787,0.1687905341386795,
2405,2.167715311050415,0.0011995249660685658,0.9944790005683899,0.0012796521186828613,0.044450271874666214,
2406,9.205364227294922,0.00108894903678447,0.8058186769485474,0.05787932872772217,0.27701354026794434,
2407,5.304765701293945,0.0011488855816423893,0.9175280332565308,0.07497251033782959,0.09936811774969101,
2408,9.470651626586914,0.0010119532234966755,1.2365012168884277,0.0,0.3283540606498718,
2409,10.116169929504395,0.0011965354206040502,1.0502771139144897,0.05058932304382324,0.3108498752117157,
2410,3.900266647338867,0.001311842235736549,0.8919729590415955,0.059682149440050125,0.05933775007724762,
2411,4.562878608703613,0.0011756321182474494,0.9833723306655884,0.024458786472678185,0.11754582822322845,
2412,4.66312313079834,0.0011272275587543845,1.1492973566055298,0.033280014991760254,0.10614578425884247,
2413,5.307065963745117,0.0010667050955817103,0.85979163646698,0.050598204135894775,0.12622606754302979,
2414,5.35327672958374,0.001187931396998465,1.0200300216674805,0.11607050895690918,0.05607141926884651,
2415,8.852823257446289,0.0011176458792760968,0.6488299369812012,0.11816318333148956,0.20887890458106995,
2416,6.912890434265137,0.0011240137973800302,0.976706862449646,0.04714670032262802,0.18917661905288696,
2417,5.319108009338379,0.0011175906984135509,0.9502209424972534,0.08722075074911118,0.08641713857650757,
2418,9.224274635314941,0.0010457998141646385,0.7818089723587036,0.06899501383304596,0.2676578164100647,
2419,3.074165105819702,0.0011713338317349553,0.7903671860694885,0.05873507261276245,0.03144551068544388,
2420,6.1642351150512695,0.0011846051784232259,0.8053562641143799,0.025903305038809776,0.1872672289609909,
2421,7.801661491394043,0.0010549066355451941,0.7656818628311157,0.0476248674094677,0.23275941610336304,
2422,6.208173751831055,0.0011501624248921871,0.9371986389160156,0.04024152085185051,0.16944731771945953,
2423,7.260503768920898,0.0012724132975563407,0.7234899997711182,0.039142511785030365,0.22106561064720154,
2424,7.335792064666748,0.0011853651376441121,1.0699758529663086,0.03549611568450928,0.21395117044448853,
2425,6.059109687805176,0.0011869660811498761,0.8176036477088928,0.06204358860850334,0.14642968773841858,
2426,3.6836349964141846,0.0009756408981047571,0.6951639652252197,0.01830611564218998,0.10025708377361298,
2427,3.0662717819213867,0.001071192673407495,0.9358066320419312,0.019772270694375038,0.064375139772892,
2428,3.39615535736084,0.0011408845894038677,0.823379397392273,0.05049188807606697,0.051278263330459595,
2429,4.597404479980469,0.001156497746706009,1.016019344329834,0.010492702014744282,0.13160622119903564,
2430,7.665511131286621,0.0012626266106963158,0.9206545352935791,0.02858302928507328,0.2399486005306244,
2431,5.325923919677734,0.0012205286184325814,0.7893049716949463,0.030005555599927902,0.15023866295814514,
2432,11.845283508300781,0.0012583276256918907,0.8626117706298828,0.009605824947357178,0.42844271659851074,
2433,3.1431095600128174,0.0011958397226408124,0.9513983726501465,0.008381068706512451,0.07809153944253922,
2434,9.054718017578125,0.0012881767470389605,1.0459580421447754,0.08386123180389404,0.23520098626613617,
2435,2.7220542430877686,0.00123984448146075,0.8840570449829102,0.03763266280293465,0.0346473790705204,
2436,5.927857398986816,0.0012495286064222455,0.8134963512420654,0.006332437042146921,0.19699248671531677,
2437,8.18072509765625,0.0013026073575019836,1.0237284898757935,0.047667741775512695,0.2373095005750656,
2438,11.680148124694824,0.001327752135694027,1.0356743335723877,0.0,0.42445123195648193,
2439,6.387943744659424,0.0011938126990571618,0.8764582872390747,0.048209287226200104,0.17105633020401,
2440,8.39001750946045,0.0011815091129392385,0.7271891832351685,0.12490113824605942,0.18043047189712524,
2441,2.449739456176758,0.0011907879961654544,0.9113467931747437,0.027310550212860107,0.03303436189889908,
2442,7.075844764709473,0.0010434977011755109,1.115799903869629,0.03939245268702507,0.1979658603668213,
2443,6.575811386108398,0.001243717153556645,0.9088305234909058,0.1063871830701828,0.11904832720756531,
2444,9.95553970336914,0.0013187577715143561,0.7694780826568604,0.03197942301630974,0.3341442942619324,
2445,5.0603485107421875,0.0011353499721735716,0.859626829624176,0.054240643978118896,0.11265288293361664,
2446,7.08585786819458,0.0011125152232125401,1.0276641845703125,0.1283513307571411,0.11286389827728271,
2447,10.226090431213379,0.0011019646190106869,0.8597548007965088,0.029473602771759033,0.34407785534858704,
2448,5.947275161743164,0.0011430458398535848,0.9514610171318054,0.03936576843261719,0.15932375192642212,
2449,7.131056785583496,0.0012724747648462653,0.7595983743667603,0.10272274911403656,0.15086311101913452,
2450,9.95757007598877,0.0010524796089157462,0.6831468939781189,0.14376984536647797,0.2261546403169632,
2451,4.50025749206543,0.001156312064267695,0.8586223125457764,0.08864283561706543,0.055866263806819916,
2452,6.5279974937438965,0.0011799762723967433,0.7518237829208374,0.13035574555397034,0.09951122105121613,
2453,2.713714599609375,0.0011393140302971005,0.8942500352859497,0.030076762661337852,0.04156250134110451,
2454,5.2032060623168945,0.0012148803798481822,0.7776732444763184,0.0,0.1758064180612564,
2455,5.890843868255615,0.0011101440759375691,0.8790534734725952,0.08894649893045425,0.11041498184204102,
2456,9.069510459899902,0.0009842904983088374,0.8160972595214844,0.030730923637747765,0.29842132329940796,
2457,6.019181251525879,0.001152478507719934,0.9627988338470459,0.015460233204066753,0.18564258515834808,
2458,9.743677139282227,0.0010798857547342777,0.9328961372375488,0.039542894810438156,0.31180843710899353,
2459,5.656808376312256,0.0010446958476677537,0.7919221520423889,0.12155337631702423,0.07199738919734955,
2460,3.7313969135284424,0.0011031697504222393,0.7229378819465637,0.06079878285527229,0.05843641608953476,
2461,7.480284690856934,0.0012239463394507766,0.9311642646789551,0.0,0.26074087619781494,
2462,4.256877899169922,0.0012339632958173752,0.7988450527191162,0.05921250581741333,0.07787484675645828,
2463,6.770205497741699,0.001156420330516994,0.898354172706604,0.02476123906672001,0.20895639061927795,
2464,4.219645977020264,0.001039249007590115,0.9807696342468262,0.05362113565206528,0.07489466667175293,
2465,3.486422538757324,0.0010828992817550898,1.0318330526351929,0.020218610763549805,0.07688206434249878,
2466,7.68264627456665,0.0010937671177089214,0.9878790974617004,0.14819130301475525,0.11850561201572418,
2467,5.609786033630371,0.0011125514283776283,1.0124624967575073,0.05052069574594498,0.13225968182086945,
2468,9.336746215820312,0.0011796423932537436,0.8071509599685669,0.01605413295328617,0.32395005226135254,
2469,3.6772193908691406,0.0011587103363126516,1.1148009300231934,0.0,0.10133802145719528,
2470,5.4795942306518555,0.0011686455691233277,1.0117032527923584,0.08627454936504364,0.09127242863178253,
2471,8.688164710998535,0.0013224673457443714,0.8599371910095215,0.0003164211811963469,0.3114902079105377,
2472,4.008255958557129,0.0013379588490352035,0.8388022184371948,0.004204988479614258,0.1212351992726326,
2473,3.0760293006896973,0.0011349263368174434,0.8599256277084351,0.03234263136982918,0.05516659468412399,
2474,3.9098992347717285,0.001102119917050004,1.05412757396698,0.0,0.11312875151634216,
2475,7.099425315856934,0.0011440279195085168,1.0402741432189941,0.12025012075901031,0.12097190320491791,
2476,5.174510955810547,0.0012938432628288865,0.915648341178894,0.045871932059526443,0.12318873405456543,
2477,8.55831527709961,0.0011231483658775687,0.7473469972610474,0.006140629295259714,0.30517494678497314,
2478,2.879244804382324,0.0011582752922549844,1.0162979364395142,0.00530773401260376,0.06805185973644257,
2479,5.237534523010254,0.0012764270650222898,0.93011474609375,0.027049899101257324,0.14397045969963074,
2480,9.236491203308105,0.0012940437300130725,0.8392679691314697,0.06849159300327301,0.2661032974720001,
2481,5.598043441772461,0.0011854723561555147,0.9472715854644775,0.09165535867214203,0.09319005906581879,
2482,7.688922882080078,0.0013134136097505689,1.0855400562286377,0.05476975440979004,0.2080521583557129,
2483,7.671072959899902,0.0012665317626670003,0.8227530717849731,0.09899288415908813,0.1736733764410019,
2484,8.492923736572266,0.0012701989617198706,1.081132411956787,0.0,0.29520145058631897,
2485,5.524216175079346,0.0012821161653846502,1.0319575071334839,0.049980659037828445,0.12842756509780884,
2486,13.950052261352539,0.0014306252123788,0.9260729551315308,0.016982117667794228,0.5025464296340942,
2487,5.5744404792785645,0.0013770671794191003,0.842492401599884,0.040661174803972244,0.14723967015743256,
2488,11.405302047729492,0.001281876233406365,0.8210355639457703,0.11329557746648788,0.30879324674606323,
2489,5.229363441467285,0.001359301619231701,0.9721067547798157,0.07924399524927139,0.08968695998191833,
2490,4.87251615524292,0.0012803752906620502,0.9899665117263794,0.030278483405709267,0.12374312430620193,
2491,5.4680867195129395,0.0013121729716658592,0.8765920996665955,0.07869461923837662,0.10365299880504608,
2492,4.156830787658691,0.001266665873117745,0.9253908395767212,0.03416375443339348,0.09382717311382294,
2493,8.835836410522461,0.001330787781625986,0.8054400682449341,0.05671260505914688,0.263172447681427,
2494,5.9951395988464355,0.0015296326018869877,0.9228472709655762,0.09543498605489731,0.10592707991600037,
2495,6.279200077056885,0.0014010128797963262,0.7632021903991699,0.15851324796676636,0.06072565168142319,
2496,5.079080104827881,0.0012729689478874207,1.064867615699768,0.07203551381826401,0.08726002275943756,
2497,9.307619094848633,0.0012777374358847737,0.8052653074264526,0.17591513693332672,0.16290126740932465,
2498,7.487412929534912,0.001215138821862638,0.8346409797668457,0.06233467534184456,0.20256108045578003,
2499,3.4565987586975098,0.0015174475265666842,0.9919774532318115,0.08949995040893555,0.007567454129457474,
2500,5.703388214111328,0.001375990454107523,0.8588047027587891,0.10952436923980713,0.08288299292325974,"[0.9506658911705017, 0.8143930435180664, 1.0582075119018555]"
2501,5.611964702606201,0.0012255244655534625,0.7995601892471313,0.10789909213781357,0.08337156474590302,
2502,7.996788501739502,0.0012538681039586663,0.656470000743866,0.19662609696388245,0.09573277086019516,
2503,6.132498741149902,0.0012936248676851392,1.1010732650756836,0.04020577669143677,0.1597576141357422,
2504,6.545620441436768,0.0013904235092923045,0.7754368782043457,0.0,0.22941692173480988,
2505,6.5023956298828125,0.0012103294720873237,0.9966076016426086,0.07111239433288574,0.1479087918996811,
2506,6.3565239906311035,0.0012231700820848346,0.8965380787849426,0.10797150433063507,0.10920476168394089,
2507,6.653181552886963,0.0012691637966781855,0.838243842124939,0.09317672252655029,0.138151615858078,
2508,3.2365915775299072,0.0011992616346105933,0.889582633972168,0.0446673221886158,0.048013776540756226,
2509,8.679935455322266,0.0013674525544047356,1.0097118616104126,0.038974981755018234,0.26646649837493896,
2510,5.661474227905273,0.0014745653606951237,1.062888264656067,0.07283467054367065,0.10963420569896698,
2511,9.089122772216797,0.0014101200504228473,1.1846542358398438,0.0,0.31476861238479614,
2512,5.359456539154053,0.0012037549167871475,0.8476238250732422,0.13551653921604156,0.0437530092895031,
2513,2.777942180633545,0.0014654308324679732,0.9133976697921753,0.01711682416498661,0.0559995211660862,
2514,7.370489120483398,0.0011638343567028642,1.0395116806030273,0.038783710449934006,0.21329154074192047,
2515,10.690762519836426,0.001268343417905271,1.0570237636566162,0.036464910954236984,0.3476162850856781,
2516,9.318578720092773,0.0014898910885676742,1.2660489082336426,0.0,0.32061129808425903,
2517,4.69390869140625,0.0014626355841755867,1.101414442062378,0.0,0.14223712682724,
2518,4.5879364013671875,0.0011578294215723872,0.847147524356842,0.056281208992004395,0.09219252318143845,
2519,3.8920717239379883,0.0011637172428891063,0.8676167726516724,0.007778147701174021,0.11203634738922119,
2520,4.675457000732422,0.0012229917338117957,0.9920377731323242,0.005988776683807373,0.14012500643730164,
2521,4.129371166229248,0.0013039548648521304,0.9975408911705017,0.031083762645721436,0.09288549423217773,
2522,10.149290084838867,0.0014025975251570344,0.9482271075248718,0.0,0.3666399419307709,
2523,4.391768455505371,0.0014067571610212326,0.8544649481773376,0.0,0.1400853842496872,
2524,8.394794464111328,0.0010936963371932507,0.7961185574531555,0.08690682798624039,0.2159465253353119,
2525,5.356535911560059,0.0013764984905719757,0.7806919813156128,0.00363989663310349,0.17801734805107117,
2526,8.235312461853027,0.0011783947702497244,0.9122896194458008,0.06826388835906982,0.22347863018512726,
2527,14.957657814025879,0.0012111717369407415,1.0760679244995117,0.06480053812265396,0.48925188183784485,
2528,4.451181888580322,0.001319780363701284,0.8805389404296875,0.005840659141540527,0.13566528260707855,
2529,5.671066761016846,0.0011153380619361997,0.79974764585495,0.0697798952460289,0.12395753711462021,
2530,6.592297554016113,0.0012753673363476992,0.9888571500778198,0.08257444947957993,0.14028780162334442,
2531,5.2927350997924805,0.0011174501851201057,0.7686947584152222,0.06074969097971916,0.11909445375204086,
2532,4.627542972564697,0.0011157536646351218,0.7781864404678345,0.09601593017578125,0.05684258043766022,
2533,5.984732627868652,0.001382544287480414,0.7603472471237183,0.08248088508844376,0.12511196732521057,
2534,5.422989368438721,0.0012485170736908913,0.8836012482643127,0.08621732145547867,0.09410969167947769,
2535,5.001676559448242,0.001099215354770422,0.7234116792678833,0.14122259616851807,0.028808802366256714,
2536,5.00538444519043,0.0012071799719706178,0.8689824342727661,0.09665167331695557,0.06759723275899887,
2537,4.65069580078125,0.0009895506082102656,0.8778455257415771,0.09630103409290314,0.05362342670559883,
2538,2.5643928050994873,0.0011218261206522584,0.9870004653930664,0.0,0.06197386980056763,
2539,3.8924694061279297,0.001250222441740334,0.773379921913147,0.04032081365585327,0.08319254219532013,
2540,9.123222351074219,0.0012349438620731235,1.0182175636291504,0.0,0.32296523451805115,
2541,2.871549129486084,0.001193021540530026,1.0307836532592773,0.02789570949971676,0.044541891664266586,
2542,3.6456758975982666,0.0010691947536543012,1.034148931503296,0.003297746181488037,0.10009413957595825,
2543,5.842765808105469,0.0013031917624175549,0.9392082691192627,0.017750343307852745,0.17708876729011536,
2544,4.376662731170654,0.001215970260091126,0.9357578158378601,0.0032161076087504625,0.1332041174173355,
2545,2.5331990718841553,0.0012067656498402357,1.1237748861312866,0.0,0.055170200765132904,
2546,9.298949241638184,0.0012532154796645045,1.0165996551513672,0.003645439865067601,0.32639533281326294,
2547,3.978891372680664,0.0013502024812623858,1.0757458209991455,0.06345269829034805,0.051322922110557556,
2548,5.060873985290527,0.0012040426954627037,0.7305194735527039,0.014949639327824116,0.15706050395965576,
2549,3.942875623703003,0.001451699179597199,1.1063611507415771,0.0488385371863842,0.06317033618688583,
2550,4.942256927490234,0.0013474427396431565,0.8321515321731567,0.0805433988571167,0.08251336216926575,
2551,9.368152618408203,0.0013214090140536427,1.0980334281921387,0.0,0.3294833302497864,
2552,6.692713737487793,0.0015160298207774758,1.0813401937484741,0.02703237533569336,0.19590651988983154,
2553,8.474180221557617,0.0011720862239599228,1.0654544830322266,0.007529994007200003,0.28764694929122925,
2554,9.074156761169434,0.001258660457096994,0.9364591836929321,0.04997096583247185,0.2742782533168793,
2555,6.936535358428955,0.001416518003679812,1.2052158117294312,0.04128319025039673,0.18655307590961456,
2556,4.436561584472656,0.0015635710442438722,0.8014004230499268,0.05345630645751953,0.09038658440113068,
2557,9.604415893554688,0.0012129220413044095,0.881611704826355,0.15625077486038208,0.19144847989082336,
2558,3.635775327682495,0.0016260944539681077,0.8056403994560242,0.07264798879623413,0.038931310176849365,
2559,6.210091590881348,0.0012179859913885593,0.9320334792137146,0.12873439490795135,0.08116993308067322,
2560,8.08344841003418,0.0013957073679193854,0.7417789697647095,0.10523410886526108,0.18703694641590118,
2561,4.588683128356934,0.0014541870914399624,0.9262650012969971,0.027876416221261024,0.11716613173484802,
2562,4.626611709594727,0.001208940870128572,0.8253304958343506,0.07054875046014786,0.08029355108737946,
2563,3.157735824584961,0.0011440010275691748,0.7959046363830566,0.03428244590759277,0.059046804904937744,
2564,4.986664772033691,0.0013653141213580966,0.692581057548523,0.0,0.1703980267047882,
2565,5.171726226806641,0.0013159759109839797,0.888505220413208,0.09917481988668442,0.07083805650472641,
2566,2.921328544616699,0.001266386709176004,0.9719943404197693,0.012910962104797363,0.0637960135936737,
2567,6.979231834411621,0.0011740966001525521,1.0409531593322754,0.1089010238647461,0.12745602428913116,
2568,8.378929138183594,0.0012470417423173785,0.9130488634109497,0.16905243694782257,0.12833574414253235,
2569,10.97453498840332,0.0013245489681139588,0.8979194164276123,0.09912385791540146,0.3026162087917328,
2570,4.357746601104736,0.0011276794830337167,0.8135771751403809,0.08422593027353287,0.056413158774375916,
2571,5.597049236297607,0.0014207932399585843,0.9581130743026733,0.0,0.18413665890693665,
2572,5.760068893432617,0.001605834811925888,0.7884806394577026,0.03771396353840828,0.1595437228679657,
2573,3.395965576171875,0.0012777531519532204,0.8012250661849976,0.032005567103624344,0.07050630450248718,
2574,8.322549819946289,0.001332843559794128,0.7125705480575562,0.14987985789775848,0.15318647027015686,
2575,7.983484745025635,0.0012583917705342174,0.7358344793319702,0.0670815110206604,0.2215661108493805,
2576,5.339412212371826,0.0011138580739498138,0.9763959646224976,0.06143597885966301,0.11197080463171005,
2577,4.295628547668457,0.0014103910652920604,0.8719403743743896,0.04043300822377205,0.0951041430234909,
2578,9.201770782470703,0.0011751905549317598,0.8188221454620361,0.05363796278834343,0.2805047929286957,
2579,2.468993902206421,0.0010835165157914162,0.7070656418800354,0.038150012493133545,0.03124360367655754,
2580,1.2739074230194092,0.0010898642940446734,0.8932988047599792,0.0,0.01413448341190815,
2581,4.979864120483398,0.0011322192149236798,0.7311469316482544,0.058455485850572586,0.11036098748445511,
2582,5.4946675300598145,0.0012175923911854625,0.9513362646102905,0.0894513726234436,0.09106428921222687,
2583,3.2561395168304443,0.0012353418860584497,0.7763156890869141,0.04165325313806534,0.05630435794591904,
2584,4.845251560211182,0.0010371963726356626,0.8532778024673462,0.08614315837621689,0.07249860465526581,
2585,5.903236389160156,0.0012976848520338535,0.9306809902191162,0.11026866734027863,0.08733584731817245,
2586,7.590198993682861,0.001071081031113863,1.0753270387649536,0.0492011122405529,0.21032267808914185,
2587,5.314013957977295,0.001051665167324245,0.8044077157974243,0.012240787968039513,0.16709181666374207,
2588,3.288942337036133,0.0012201961362734437,0.6882897615432739,0.0,0.10280589759349823,
2589,4.346224784851074,0.0009979283204302192,0.9411481022834778,0.01611538790166378,0.1190897524356842,
2590,6.832483291625977,0.001097498694434762,0.8990466594696045,0.09338486194610596,0.14285510778427124,
2591,12.632707595825195,0.0012076826533302665,1.0008141994476318,0.01513655949383974,0.4489314556121826,
2592,6.1435136795043945,0.0011222409084439278,1.0169456005096436,0.03233812376856804,0.17160235345363617,
2593,5.777474880218506,0.0011053032940253615,0.7859748601913452,0.10185088962316513,0.09670379757881165,
2594,3.5126638412475586,0.0013742595911026,0.9208059310913086,0.043581265956163406,0.058718789368867874,
2595,5.03843879699707,0.00106326665263623,0.8890683650970459,0.007925431244075298,0.15698611736297607,
2596,6.042623996734619,0.0012198424665257335,1.1408486366271973,0.0,0.19485117495059967,
2597,5.980380058288574,0.0011474451748654246,0.9575134515762329,0.06608965247869492,0.13367757201194763,
2598,6.563510417938232,0.001069131656549871,0.9248170852661133,0.034505266696214676,0.18997333943843842,
2599,12.373808860778809,0.0013037562603130937,0.9574425220489502,0.06304192543029785,0.39230895042419434,
2600,9.394097328186035,0.001270865905098617,0.9706294536590576,0.022714316844940186,0.31295353174209595,
2601,7.959920883178711,0.0010634259087964892,0.7909599542617798,0.060285747051239014,0.22540925443172455,
2602,8.65481948852539,0.001227285829372704,0.9061053991317749,0.03149757534265518,0.27722370624542236,
2603,9.92509937286377,0.001051825238391757,0.806350588798523,0.05093652009963989,0.3127616047859192,
2604,4.16922664642334,0.0011783866211771965,0.8563926219940186,0.0,0.13133496046066284,
2605,7.194946765899658,0.001372445491142571,0.907320499420166,0.020795106887817383,0.22933749854564667,
2606,9.789565086364746,0.001175570534542203,0.9764373898506165,0.10897453129291534,0.2423749715089798,
2607,8.689453125,0.0012339745881035924,0.9036970138549805,0.1022375226020813,0.20795872807502747,
2608,8.989795684814453,0.0011145694879814982,0.8601865768432617,0.08916245400905609,0.2349073439836502,
2609,4.907642364501953,0.0013411479303613305,0.8336389064788818,0.0471278615295887,0.11449112743139267,
2610,2.6781864166259766,0.0012190615525469184,0.9330662488937378,0.024552782997488976,0.04403296485543251,
2611,4.717502117156982,0.0010288131888955832,0.7395468950271606,0.023819705471396446,0.13426968455314636,
2612,6.401256561279297,0.0011175299296155572,0.7738370299339294,0.031879723072052,0.19209952652454376,
2613,9.964973449707031,0.00133833650033921,0.6745537519454956,0.14431673288345337,0.22596171498298645,
2614,6.2069854736328125,0.0010735570685938,0.8447226285934448,0.16999360918998718,0.0434233583509922,
2615,4.100200653076172,0.0011721075279638171,0.6452444791793823,0.06650539487600327,0.07052073627710342,
2616,6.111415863037109,0.0012723623076453805,0.9065985083580017,0.0032270352821797132,0.20369330048561096,
2617,4.70977258682251,0.0012078597210347652,0.8451962471008301,0.07177253812551498,0.08160266280174255,
2618,5.309624195098877,0.0012157098390161991,0.7726163864135742,0.027433495968580246,0.15283110737800598,
2619,6.403803825378418,0.0012095262063667178,0.8057070970535278,0.07497421652078629,0.14774012565612793,
2620,5.804495334625244,0.0011384653626009822,0.771945595741272,0.032619673758745193,0.16754385828971863,
2621,9.327168464660645,0.0011780639179050922,0.8053969740867615,0.06371595710515976,0.27597683668136597,
2622,5.046939849853516,0.001247032661922276,0.764454185962677,0.05655109882354736,0.11350129544734955,
2623,9.181062698364258,0.0010647316230461001,0.9664784669876099,0.040047407150268555,0.2874712347984314,
2624,6.4356889724731445,0.001059390720911324,0.8531242609024048,0.08055084943771362,0.1416923552751541,
2625,4.137502193450928,0.0010869366815313697,0.8344152569770813,0.041675370186567307,0.08936116844415665,
2626,7.4135823249816895,0.0010832013795152307,0.714316189289093,0.031607963144779205,0.23527947068214417,
2627,3.2911033630371094,0.0012939970474690199,0.9463671445846558,0.0,0.09249544888734818,
2628,8.574469566345215,0.0011692357948049903,0.8542593717575073,0.0,0.30763915181159973,
2629,6.283477783203125,0.0011531574418768287,0.778275728225708,0.11305197328329086,0.10600294172763824,
2630,2.347156286239624,0.0009680550429038703,0.8714206218719482,0.005958000663667917,0.05210337042808533,
2631,3.876384735107422,0.001164147281087935,0.7562718391418457,0.05727364495396614,0.06636672466993332,
2632,9.920072555541992,0.0009648834238760173,0.9812407493591309,0.019576648250222206,0.33701175451278687,
2633,3.0033812522888184,0.0010639039101079106,1.0179609060287476,0.0,0.0783529132604599,
2634,4.035350322723389,0.0009804066503420472,0.730438768863678,0.09450066089630127,0.036715395748615265,
2635,2.689596652984619,0.0009760118555277586,0.7582660913467407,0.04536493867635727,0.030912265181541443,
2636,3.471618175506592,0.0010339055443182588,0.9033933877944946,0.0,0.10169508308172226,
2637,9.21924877166748,0.0011822975939139724,0.7788184285163879,0.11910969018936157,0.21732524037361145,
2638,9.643850326538086,0.0010347714414820075,0.8171834945678711,0.07051561027765274,0.28151631355285645,
2639,6.724712371826172,0.0011062403209507465,0.8375593423843384,0.0023497939109802246,0.23203007876873016,
2640,5.910994052886963,0.0010690225753933191,0.7505119442939758,0.017657101154327393,0.18769314885139465,
2641,4.952071189880371,0.0009448249475099146,0.7835687398910522,0.1368202269077301,0.028975043445825577,
2642,7.377103805541992,0.0010632573394104838,0.891498327255249,0.04504229500889778,0.21331867575645447,
2643,7.9613542556762695,0.0010580044472590089,0.8160400390625,0.07713719457387924,0.20761738717556,
2644,8.930770874023438,0.0010896363528445363,0.979546308517456,0.10766029357910156,0.2092990279197693,
2645,10.387531280517578,0.0011648987419903278,0.8260941505432129,0.011102855205535889,0.37018975615501404,
2646,5.144990921020508,0.0011265643406659365,0.8133852481842041,0.06815242767333984,0.1039852499961853,
2647,11.63508415222168,0.0010888264514505863,0.7681903839111328,0.02774488925933838,0.40584203600883484,
2648,2.9551939964294434,0.0009959613671526313,0.9218798875808716,0.01652304269373417,0.06381355226039886,
2649,3.06276273727417,0.0010438587050884962,1.0030616521835327,0.010169684886932373,0.0711745023727417,
2650,9.464816093444824,0.0009855706011876464,0.8215277791023254,0.04895418882369995,0.29579177498817444,
2651,4.888811111450195,0.0010048727272078395,0.738781213760376,0.08942081034183502,0.07557550817728043,
2652,4.054903507232666,0.0009855210082605481,0.8805752396583557,0.11460621654987335,0.011381395161151886,
2653,4.27834415435791,0.0009557792800478637,0.8403408527374268,0.0,0.13656435906887054,
2654,8.03978157043457,0.0011346209794282913,0.7475210428237915,0.06473162025213242,0.22582417726516724,
2655,5.445168495178223,0.001105896313674748,0.7351696491241455,0.09117472171783447,0.09611932933330536,
2656,6.894344806671143,0.0011224583722651005,0.8269332647323608,0.16003726422786713,0.08153673261404037,
2657,6.873815536499023,0.001017584465444088,1.082336664199829,0.04476243257522583,0.1858791559934616,
2658,7.631697654724121,0.0009969993261620402,0.8504562377929688,0.10010731220245361,0.17014534771442413,
2659,4.907543659210205,0.0010012249695137143,0.9219716787338257,0.05437880754470825,0.10404285788536072,
2660,6.068681716918945,0.0009887194028124213,0.8846062421798706,0.0,0.20637430250644684,
2661,5.42772912979126,0.0010730818612501025,0.7809368968009949,0.05341207981109619,0.13138653337955475,
2662,9.263214111328125,0.0009059118456207216,0.946295440196991,0.09214361011981964,0.23962721228599548,
2663,5.688979148864746,0.0011537839891389012,0.810014009475708,0.09899630397558212,0.09500852972269058,
2664,4.216274261474609,0.0010396334109827876,0.9448872804641724,0.0752052292227745,0.05461062118411064,
2665,2.8286755084991455,0.0010488120606169105,0.8323788642883301,0.037515461444854736,0.04128758981823921,
2666,5.648649215698242,0.0010936997132375836,0.8554446697235107,0.07319823652505875,0.1174362450838089,
2667,2.437163829803467,0.0011204233160242438,0.9595417976379395,0.014308313839137554,0.04367614537477493,
2668,7.006816864013672,0.0009691600571386516,0.8345480561256409,0.15007774531841278,0.0958438515663147,
2669,5.4077959060668945,0.0009456329862587154,0.8935635089874268,0.0392460823059082,0.14037756621837616,
2670,3.8109540939331055,0.0010689772898331285,1.1169006824493408,0.0,0.10669316351413727,
2671,8.321073532104492,0.0010456163436174393,1.083006739616394,0.0,0.2884770631790161,
2672,6.769644737243652,0.0010430872207507491,1.069244384765625,0.020226040855050087,0.2067468762397766,
2673,7.042923927307129,0.0009675128385424614,0.6520786285400391,0.11179552227258682,0.14287078380584717,
2674,3.9020633697509766,0.0010833821725100279,1.001097321510315,0.031310319900512695,0.08364494144916534,
2675,3.427365779876709,0.0010784972691908479,0.8811960220336914,0.0,0.10076829046010971,
2676,5.4359025955200195,0.000969035376328975,0.7925267219543457,0.03041795827448368,0.15434804558753967,
2677,3.6579296588897705,0.0009753560298122466,0.8744254112243652,0.016994118690490723,0.0933706983923912,
2678,4.4040961265563965,0.0010074264137074351,0.9566758871078491,0.05046810582280159,0.08642128109931946,
2679,5.943285942077637,0.0010269436752423644,0.8271958827972412,0.0,0.2036166787147522,
2680,5.330496311187744,0.0010563315590843558,0.8907641172409058,0.02749844454228878,0.1490345001220703,
2681,9.020455360412598,0.0010585830314084888,0.8302533030509949,0.09953347593545914,0.22701600193977356,
2682,9.84621810913086,0.0009924931218847632,0.7523821592330933,0.11531811952590942,0.2474428117275238,
2683,11.768575668334961,0.0010609383461996913,0.9152171611785889,0.01104829739779234,0.4220251142978668,
2684,2.851121425628662,0.0010682077845558524,0.7712770700454712,0.0007192890043370426,0.08140626549720764,
2685,9.455371856689453,0.0009509902447462082,0.7913900017738342,0.06846293061971664,0.2771453559398651,
2686,4.392706394195557,0.001004901365377009,0.8450852632522583,0.10166580975055695,0.03923412412405014,
2687,4.747796058654785,0.001041665324009955,0.7034449577331543,0.0630347728729248,0.09769760817289352,
2688,3.8661036491394043,0.0010177289368584752,0.8063493967056274,0.08799514919519424,0.03337729722261429,
2689,6.723789215087891,0.0009723516996018589,0.8819496631622314,0.04118760675191879,0.19151364266872406,
2690,7.781610488891602,0.0011091787600889802,0.6668814420700073,0.17760765552520752,0.10587231814861298,
2691,6.20936393737793,0.0010222302516922355,0.7928227186203003,0.10509346425533295,0.11054594814777374,
2692,3.286060094833374,0.0010621557012200356,0.9146180152893066,0.08100386708974838,0.012791658751666546,
2693,7.772187232971191,0.0009050878579728305,0.7318985462188721,0.13582617044448853,0.1448802947998047,
2694,3.921654224395752,0.0010201631812378764,0.8414489030838013,0.0,0.12218805402517319,
2695,3.4691162109375,0.0010445796651765704,0.9013581275939941,0.017977893352508545,0.08368784934282303,
2696,5.003089904785156,0.001019996707327664,0.650744616985321,0.03297557309269905,0.14009824395179749,
2697,3.815744400024414,0.0009524074848741293,0.8190794587135315,0.08772651106119156,0.03118768148124218,
2698,4.24729585647583,0.001086187083274126,0.6516898274421692,0.09571778774261475,0.04702025651931763,
2699,8.925490379333496,0.0010845247888937593,0.8690216541290283,0.054561059921979904,0.2666131854057312,
2700,3.880347728729248,0.0010003754869103432,0.9267009496688843,0.0074468650855124,0.10969863086938858,
2701,10.644693374633789,0.0010037730680778623,0.8392546772956848,0.006604889873415232,0.3846088647842407,
2702,4.9938788414001465,0.0008603516034781933,0.9441771507263184,0.04030531644821167,0.12082239985466003,
2703,2.547853708267212,0.000994873116724193,0.9751082062721252,0.012266436591744423,0.04964851215481758,
2704,3.139943838119507,0.0011979787377640605,0.8475794792175293,0.02848462201654911,0.062011972069740295,
2705,3.647554397583008,0.0010028965771198273,0.9114817380905151,0.0012376904487609863,0.10720232129096985,
2706,6.303518772125244,0.0009407547186128795,0.9159122705459595,0.036232929676771164,0.17833057045936584,
2707,5.22958517074585,0.0010469247354194522,1.0177712440490723,0.0,0.16742563247680664,
2708,6.57118034362793,0.0010857112938538194,1.014789342880249,0.04108065366744995,0.18008926510810852,
2709,8.435731887817383,0.0010772638488560915,0.8988550305366516,0.024746576324105263,0.2756512463092804,
2710,3.2193193435668945,0.000979341915808618,0.8322783708572388,0.0,0.09450230002403259,
2711,6.612663745880127,0.000986160826869309,0.7355457544326782,0.09343080222606659,0.14066776633262634,
2712,4.8504180908203125,0.0009378492832183838,0.8198919296264648,0.07116182893514633,0.08912135660648346,
2713,2.603513717651367,0.0010584046831354499,1.022412657737732,0.015774747356772423,0.04641088470816612,
2714,5.061284065246582,0.0010256693931296468,1.0046560764312744,0.0,0.16123944520950317,
2715,9.554007530212402,0.0010672403732314706,0.6434909701347351,0.0068625411950051785,0.3484908938407898,
2716,4.557098865509033,0.0008693102863617241,0.8694778084754944,0.03702332451939583,0.10961219668388367,
2717,6.226571559906006,0.000979431439191103,0.8707793951034546,0.07525835186243057,0.13799390196800232,
2718,6.883734703063965,0.0009026348707266152,0.9005876779556274,0.044646263122558594,0.19377698004245758,
2719,7.406523704528809,0.0009634541347622871,0.8090791702270508,0.09843838214874268,0.16449594497680664,
2720,11.067092895507812,0.0009208332630805671,0.8878011703491211,0.07892074435949326,0.327330082654953,
2721,4.566836357116699,0.0010523394448682666,0.6291211843490601,0.10828914493322372,0.04816712066531181,
2722,3.356170654296875,0.000998780713416636,0.6412979960441589,0.02907065488398075,0.07852546870708466,
2723,5.533799171447754,0.000934777082875371,1.085102915763855,0.05971682071685791,0.1172962486743927,
2724,7.776325225830078,0.0010057397885248065,0.6933931112289429,0.05971503257751465,0.22259651124477386,
2725,5.27963924407959,0.0010643407003954053,0.7479313015937805,0.012163996696472168,0.1680399626493454,
2726,8.75515365600586,0.001009544706903398,0.7515120506286621,0.020786920562386513,0.29834920167922974,
2727,2.0881237983703613,0.0009750882163643837,0.8655732870101929,0.013983190059661865,0.033943742513656616,
2728,6.882232189178467,0.0010222592391073704,0.6845957040786743,0.06551840156316757,0.18136480450630188,
2729,4.59721040725708,0.0009571537375450134,0.8272991180419922,0.09639762341976166,0.05344167724251747,
2730,7.005054950714111,0.000979792675934732,0.8073087930679321,0.03609919548034668,0.21083086729049683,
2731,6.053894519805908,0.0009249858558177948,0.748283863067627,0.056964874267578125,0.15433456003665924,
2732,5.683952331542969,0.001036482979543507,0.9231967329978943,0.0,0.18939372897148132,
2733,8.89432430267334,0.000898218248039484,0.7622697353363037,0.12947653234004974,0.19490744173526764,
2734,6.395479202270508,0.0008840383379720151,0.9689369201660156,0.035395342856645584,0.18078230321407318,
2735,4.631564140319824,0.0009136961307376623,0.8529718518257141,0.02420763112604618,0.1260223686695099,
2736,10.532875061035156,0.000983296544291079,0.8729928731918335,0.1304806023836136,0.25493139028549194,
2737,5.502985954284668,0.0009777761297300458,0.8490558862686157,0.11472966521978378,0.07044976949691772,
2738,4.04387092590332,0.0010085393441841006,0.823908805847168,0.03806845471262932,0.08972150087356567,
2739,22.75081443786621,0.0009594676666893065,1.0452319383621216,0.06005094572901726,0.8072128295898438,
2740,5.42458963394165,0.0009687796700745821,0.8380032777786255,0.0,0.18249467015266418,
2741,6.4730353355407715,0.0009711261955089867,0.731895923614502,0.19740799069404602,0.0312664695084095,
2742,4.14005184173584,0.0009688054560683668,0.8364031314849854,0.0752396360039711,0.0559375062584877,
2743,15.7705717086792,0.0010026487288996577,0.7940019369125366,0.06234751269221306,0.5357126593589783,
2744,8.86827278137207,0.0009202694054692984,0.8352919816970825,0.18069195747375488,0.13970699906349182,
2745,6.5677642822265625,0.0008917725645005703,0.8240851759910583,0.06401120126247406,0.16484418511390686,
2746,6.730979919433594,0.0008823827956803143,0.7278430461883545,0.038408976048231125,0.20083412528038025,
2747,5.568935871124268,0.0010714292293414474,0.8426641821861267,0.08013887703418732,0.10784056782722473,
2748,3.6543807983398438,0.0009701781091280282,0.7197461128234863,0.04559723660349846,0.0708179697394371,
2749,2.967768907546997,0.0010978721547871828,0.7441763877868652,0.024702349677681923,0.06314348429441452,
2750,3.1385016441345215,0.0009435410611331463,0.8809745907783508,0.008957345969974995,0.08040019869804382,
2751,7.842544078826904,0.000979739474132657,0.7339588403701782,0.1502259373664856,0.13313773274421692,
2752,14.27849292755127,0.0009690066799521446,0.8011934161186218,0.02523481845855713,0.5128881335258484,
2753,6.0340352058410645,0.0010016151936724782,0.8347669839859009,0.1185375452041626,0.08843158185482025,
2754,3.766927480697632,0.0009587022941559553,0.5278598666191101,0.07394164800643921,0.054662346839904785,
2755,4.479790687561035,0.0009681563242338598,0.8789905309677124,0.0,0.14306384325027466,
2756,6.969140529632568,0.0009807869791984558,0.7954164743423462,0.07389633357524872,0.17207185924053192,
2757,6.288337707519531,0.0009418456465937197,0.8010247945785522,0.01828080415725708,0.20026986300945282,
2758,4.317390441894531,0.0010630717733874917,0.8029245138168335,0.01161156129091978,0.1279039978981018,
2759,4.7081403732299805,0.0009329012245871127,0.5991629362106323,0.08570468425750732,0.077721506357193,
2760,7.447971820831299,0.0009536694269627333,0.7333329916000366,0.050490301102399826,0.21714156866073608,
2761,3.421773910522461,0.000887977599631995,0.7651654481887817,0.057845354080200195,0.04753100872039795,
2762,6.293430328369141,0.0009968484519049525,0.6489933133125305,0.1521265208721161,0.0726541131734848,
2763,6.180220603942871,0.0008945930749177933,0.7137486934661865,0.007773438934236765,0.20999082922935486,
2764,9.565996170043945,0.0010186848230659962,0.9435632228851318,0.10416162014007568,0.2397170066833496,
2765,5.283417224884033,0.0008973347139544785,0.7568858861923218,0.07177780568599701,0.1083860993385315,
2766,5.9897966384887695,0.0009045425686053932,0.7666910886764526,0.08151106536388397,0.12650860846042633,
2767,5.306953430175781,0.0009476015693508089,0.8479982614517212,0.0,0.17741060256958008,
2768,7.227044582366943,0.0009272907045669854,0.6997061371803284,0.11969824135303497,0.14046801626682281,
2769,3.315516233444214,0.000947136664763093,0.8726391792297363,0.0,0.09676794707775116,
2770,4.7879157066345215,0.0009614708833396435,0.8926087617874146,0.0762537494301796,0.0785970687866211,
2771,6.8654985427856445,0.0009090211242437363,0.7905404567718506,0.04167846962809563,0.2004108428955078,
2772,4.828526496887207,0.0008419342339038849,0.7476692199707031,0.09608541429042816,0.0663069486618042,
2773,4.2082014083862305,0.0010467440588399768,0.6974590420722961,0.07930022478103638,0.06008271872997284,
2774,6.124685764312744,0.0010731437942013144,0.6891669034957886,0.05241107940673828,0.1639365255832672,
2775,7.6674652099609375,0.001098203589208424,0.7003601789474487,0.07426822185516357,0.2033177763223648,
2776,6.038800239562988,0.0010011637350544333,0.7259601354598999,0.08207005262374878,0.12944237887859344,
2777,6.531819820404053,0.0009098423761315644,0.8419625163078308,0.04843197390437126,0.17825248837471008,
2778,6.309836387634277,0.0008726820233277977,0.872759222984314,0.07883813232183456,0.13777226209640503,
2779,7.134851455688477,0.001038764021359384,0.7888443470001221,0.05370908975601196,0.19909243285655975,
2780,6.708870887756348,0.000939259713049978,0.7600439786911011,0.08770110458135605,0.14931270480155945,
2781,4.615861415863037,0.001054094755090773,0.7187590599060059,0.0359160490334034,0.11891394853591919,
2782,4.222409248352051,0.0008512786007486284,0.7340992093086243,0.08623882383108139,0.05244230479001999,
2783,8.801939010620117,0.0010063770459964871,0.8461112976074219,0.0660581961274147,0.25116854906082153,
2784,6.813106536865234,0.0011086161248385906,0.777112603187561,0.07205399125814438,0.16827714443206787,
2785,6.118570327758789,0.001010799198411405,0.7447264194488525,0.08022433519363403,0.13371863961219788,
2786,25.388763427734375,0.0011108902981504798,0.8078168630599976,0.05053943395614624,0.9315875172615051,
2787,3.1215007305145264,0.0010885265655815601,0.7356194853782654,0.03333250433206558,0.06101421266794205,
2788,5.123065948486328,0.0010956135811284184,0.7126390933990479,0.044616859406232834,0.1307045817375183,
2789,6.40252685546875,0.0010566964047029614,0.889037013053894,0.07465759664773941,0.1448253095149994,
2790,6.058056831359863,0.0009806734742596745,0.8132753968238831,0.0,0.20881056785583496,
2791,4.080294609069824,0.0009682987001724541,0.7206307053565979,0.007867395877838135,0.12555085122585297,
2792,5.292638778686523,0.0009531526011414826,0.7071150541305542,0.07789627462625504,0.10457151383161545,
2793,3.998692750930786,0.0008492874330841005,0.8190554976463318,0.03768876940011978,0.08864743262529373,
2794,8.650872230529785,0.0009063140605576336,1.0571181774139404,0.10934697091579437,0.19349685311317444,
2795,6.279928684234619,0.0010880519403144717,0.8411135673522949,0.03358771279454231,0.1828768402338028,
2796,7.410747051239014,0.0009909707587212324,0.9152151346206665,0.03288264945149422,0.22594766318798065,
2797,11.097745895385742,0.0009941419120877981,0.6975275874137878,0.013675074093043804,0.40133950114250183,
2798,12.293282508850098,0.0009949823142960668,0.8534048199653625,0.007428228855133057,0.44917190074920654,
2799,6.3684468269348145,0.0009038536809384823,0.9410845637321472,0.03551586717367172,0.18067479133605957,
2800,14.640654563903809,0.0010573930339887738,0.9240667819976807,0.026990452781319618,0.5206156969070435,
2801,13.866211891174316,0.0010990457376465201,0.678610622882843,0.061131276190280914,0.4652737081050873,
2802,5.710406303405762,0.000924695807043463,0.659250020980835,0.1768334060907364,0.024288158863782883,
2803,4.535116672515869,0.001056147157214582,1.0323987007141113,0.05371014401316643,0.0853424221277237,
2804,4.457035064697266,0.001149690360762179,0.9285850524902344,0.008925537578761578,0.13106276094913483,
2805,5.188105583190918,0.0010983423562720418,0.8340808153152466,0.0600813627243042,0.11298130452632904,
2806,6.479488849639893,0.0009681994561105967,0.8499761819839478,0.05477841570973396,0.16943389177322388,
2807,4.798055648803711,0.001082112081348896,0.8183772563934326,0.0478375144302845,0.1102675199508667,
2808,7.0172200202941895,0.0009948560036718845,0.8003886938095093,0.024433335289359093,0.2232450395822525,
2809,4.606333255767822,0.0011206704657524824,0.6374417543411255,0.0035703976172953844,0.1540645956993103,
2810,4.133002281188965,0.0010294856037944555,0.835749089717865,0.05456956475973129,0.07629106938838959,
2811,4.312017917633057,0.0011234692065045238,0.8371430039405823,0.04521840810775757,0.09265311062335968,
2812,4.502374649047852,0.00099362398032099,0.8941112160682678,0.040395479649305344,0.10294143855571747,
2813,6.557381629943848,0.0009852075017988682,0.7925942540168762,0.17829012870788574,0.051316145807504654,
2814,5.987733840942383,0.0009883939055725932,0.7954953908920288,0.0,0.2067011445760727,
2815,4.054516315460205,0.0009788592578843236,0.672019898891449,0.05117899179458618,0.0831420049071312,
2816,4.568857669830322,0.0010492528090253472,0.7904235124588013,0.08087482303380966,0.06921329349279404,
2817,4.603006362915039,0.0010158042423427105,0.788840651512146,0.08664573729038239,0.06490508466959,
2818,2.0255184173583984,0.0010296567343175411,0.8467466235160828,0.0,0.04612120985984802,
2819,5.073914527893066,0.0009837328689172864,0.8711010217666626,0.010366043075919151,0.1567627638578415,
2820,7.471914291381836,0.000918597390409559,0.7215250730514526,0.12401556968688965,0.14508140087127686,
2821,4.6202545166015625,0.0009834739612415433,0.8284939527511597,0.07451798766851425,0.076168954372406,
2822,7.900907039642334,0.0010939319618046284,0.7648127675056458,0.06022083759307861,0.22412899136543274,
2823,8.47688102722168,0.0010370101081207395,0.7697420120239258,0.0650838240981102,0.2421647012233734,
2824,2.5833563804626465,0.0009514567791484296,0.7241427898406982,0.0,0.07341708242893219,
2825,8.538087844848633,0.0009717331267893314,0.8730285167694092,0.03980114310979843,0.26582950353622437,
2826,6.232088565826416,0.0009198563639074564,0.8795987963676453,0.09600760787725449,0.11717213690280914,
2827,5.883186340332031,0.0008892558398656547,0.7290703058242798,0.037546295672655106,0.16772909462451935,
2828,2.504686117172241,0.0009425744065083563,0.8614999055862427,0.05298968404531479,0.011795192956924438,
2829,6.471029281616211,0.000996953691355884,0.8874582052230835,0.03748695179820061,0.18485893309116364,
2830,7.03926944732666,0.000988724990747869,0.7933244705200195,0.06069217249751091,0.18815690279006958,
2831,8.581926345825195,0.0009723689872771502,0.8994770050048828,0.014910638332366943,0.2914149761199951,
2832,2.489579439163208,0.0009166831150650978,0.7638790607452393,0.007082859519869089,0.06102847307920456,
2833,4.2219953536987305,0.0009645736427046359,0.6299132108688354,0.050853610038757324,0.09186509251594543,
2834,5.515071392059326,0.0008093058131635189,0.6147860288619995,0.0,0.19520209729671478,
2835,6.821786403656006,0.0010253771906718612,0.765644371509552,0.059402547776699066,0.18181774020195007,
2836,4.423666000366211,0.0009841958526521921,0.5095517635345459,0.10494478791952133,0.050635576248168945,
2837,3.0724756717681885,0.0009296837379224598,0.6922066807746887,0.06431039422750473,0.029970688745379448,
2838,12.617593765258789,0.0008930492331273854,0.7428718209266663,0.035293299704790115,0.4388025104999542,
2839,3.9108378887176514,0.001055734814144671,0.6943714022636414,0.06828967481851578,0.05931324511766434,
2840,3.7985761165618896,0.0008915001526474953,0.6156228184700012,0.045882560312747955,0.08054408431053162,
2841,3.5604653358459473,0.0010571033926680684,0.9168599843978882,0.06093645095825195,0.04375065863132477,
2842,12.949278831481934,0.0009363538702018559,0.7205861210823059,0.057047050446271896,0.43116432428359985,
2843,8.593809127807617,0.0009057511924766004,0.9578832387924194,0.02043869160115719,0.28409260511398315,
2844,12.087726593017578,0.0010556402849033475,0.7563021183013916,0.12819808721542358,0.3240032494068146,
2845,7.798577308654785,0.0010074867168441415,0.937023401260376,0.04915297031402588,0.22430172562599182,
2846,8.231491088867188,0.0009352194028906524,0.941906750202179,0.04310232400894165,0.24754583835601807,
2847,6.221035957336426,0.0010870654368773103,0.6496018171310425,0.03519260883331299,0.1865776777267456,
2848,5.849586009979248,0.0010409271344542503,0.7932237386703491,0.0588352270424366,0.1423783302307129,
2849,6.7374749183654785,0.00103123695589602,0.8417450189590454,0.028728485107421875,0.2060694843530655,
2850,7.413952350616455,0.0009549219976179302,0.7985507249832153,0.0,0.26366114616394043,
2851,6.161192417144775,0.0010301665170118213,0.7656895518302917,0.05677129700779915,0.15801864862442017,
2852,5.1314287185668945,0.0010846242075785995,0.549392819404602,0.09343504905700684,0.08876176178455353,
2853,5.152954578399658,0.0010296039981767535,0.7451566457748413,0.0610625334084034,0.1142197698354721,
2854,9.011837005615234,0.0009821271523833275,0.8110846877098083,0.1582406461238861,0.16880729794502258,
2855,4.54278039932251,0.0009756851359270513,0.539378821849823,0.1436539590358734,0.015506437048316002,
2856,7.410444736480713,0.0011765408562496305,0.6506792902946472,0.1401914358139038,0.12902264297008514,
2857,11.380387306213379,0.0011940543772652745,0.7530698776245117,0.10871277004480362,0.31518587470054626,
2858,6.609072685241699,0.0010498714400455356,0.7654559016227722,0.18258017301559448,0.05011465772986412,
2859,8.847505569458008,0.0010430481052026153,0.7396184206008911,0.16720519959926605,0.15606725215911865,
2860,13.551422119140625,0.0010831092949956656,0.7495079636573792,0.027821162715554237,0.48317229747772217,
2861,4.441340923309326,0.001122486894018948,0.845920979976654,0.03300044685602188,0.10969386994838715,
2862,9.478497505187988,0.0011663128389045596,0.7510489821434021,0.12514503300189972,0.22278659045696259,
2863,6.413512229919434,0.001065930468030274,0.6240137815475464,0.15010647475719452,0.0804075226187706,
2864,4.5034332275390625,0.0010493617737665772,0.7529105544090271,0.10437852144241333,0.04459301382303238,
2865,7.3340325355529785,0.0011352058500051498,0.8350809812545776,0.11811938136816025,0.1407034695148468,
2866,6.320326805114746,0.0008977570687420666,0.7427713871002197,0.09661594778299332,0.125588521361351,
2867,4.55301570892334,0.0010612626792863011,0.825415849685669,0.06993401050567627,0.07810870558023453,
2868,4.387998104095459,0.0009854690870270133,0.947877049446106,0.065627321600914,0.07099205255508423,
2869,4.503346920013428,0.0009272799361497164,0.8590174913406372,0.05128965899348259,0.0935562402009964,
2870,7.763099193572998,0.0009639325435273349,0.6833167672157288,0.0,0.28222736716270447,
2871,2.542231559753418,0.0010439504403620958,0.7710121870040894,0.0,0.0698048323392868,
2872,3.5466084480285645,0.0009058539289981127,0.9045239686965942,0.042751848697662354,0.06202568858861923,
2873,3.593430280685425,0.0009627854451537132,0.8404946327209473,0.0,0.10915464162826538,
2874,6.545229434967041,0.0010398186277598143,0.6289796829223633,0.09291441738605499,0.14269575476646423,
2875,7.465287208557129,0.001034994376823306,0.680578351020813,0.13042262196540833,0.13993075489997864,
2876,7.629443168640137,0.0009992084233090281,0.9088976383209229,0.015653371810913086,0.25216925144195557,
2877,5.320956707000732,0.000994373462162912,0.6840807199478149,0.02217288874089718,0.16230778396129608,
2878,9.167409896850586,0.0009846917819231749,0.8609673976898193,0.02280382253229618,0.30846917629241943,
2879,6.3632001876831055,0.0009352885535918176,0.8733673095703125,0.06207307055592537,0.1565849632024765,
2880,2.848715305328369,0.0009511203388683498,0.618324339389801,0.007782260421663523,0.08048226684331894,
2881,7.168112754821777,0.0009759920067153871,0.7894843816757202,0.08008521795272827,0.1740839183330536,
2882,5.933284282684326,0.0009255104814656079,0.9854884743690491,0.05484282970428467,0.14214348793029785,
2883,5.729188442230225,0.0010046034585684538,0.779805064201355,0.10965273529291153,0.08731799572706223,
2884,7.496823310852051,0.0009949945379048586,0.7077293395996094,0.013978242874145508,0.25659051537513733,
2885,17.011566162109375,0.0010136081837117672,0.9287712574005127,0.0,0.64229816198349,
2886,7.191647052764893,0.0010854213032871485,0.7534780502319336,0.015655219554901123,0.2407861053943634,
2887,8.591594696044922,0.0010092511074617505,0.7856745719909668,0.027156611904501915,0.2840709090232849,
2888,2.0553245544433594,0.0010035400046035647,0.7702301740646362,0.0007245540618896484,0.04967567324638367,
2889,4.821127891540527,0.0009241646039299667,0.843399167060852,0.025523683056235313,0.13266129791736603,
2890,7.3145952224731445,0.0010886546224355698,0.6070250272750854,0.11338754743337631,0.15382659435272217,
2891,5.340781211853027,0.0010509390849620104,0.7086607217788696,0.010534167289733887,0.17369972169399261,
2892,10.130184173583984,0.0010830152314156294,0.6761282682418823,0.026735445484519005,0.3503437936306,
2893,4.865725517272949,0.0010452814167365432,0.7621524333953857,0.08322825282812119,0.07986938208341599,
2894,6.310487270355225,0.0009204575908370316,0.7524815797805786,0.020587265491485596,0.20081251859664917,
2895,15.840847969055176,0.0011078724637627602,0.675048828125,0.05932631343603134,0.546197772026062,
2896,16.13446617126465,0.0009906790219247341,0.671622633934021,0.08291852474212646,0.5346044898033142,
2897,5.843343257904053,0.001066961558535695,0.9862217903137207,0.06492713838815689,0.12829077243804932,
2898,3.662019729614258,0.0009787671733647585,0.7480316162109375,0.06193256378173828,0.053648192435503006,
2899,3.5913264751434326,0.0009450612706132233,0.6977112293243408,0.08898140490055084,0.02581813931465149,
2900,6.530109405517578,0.0010382632026448846,0.7180835604667664,0.15019884705543518,0.08124393224716187,
2901,5.978280544281006,0.0011406912235543132,0.5845271348953247,0.13787764310836792,0.07673180103302002,
2902,6.633258819580078,0.001089537632651627,0.5484868884086609,0.149856835603714,0.092444509267807,
2903,3.9543373584747314,0.001045803539454937,0.6488885879516602,0.03248894214630127,0.09868320822715759,
2904,6.127565383911133,0.000983377336524427,0.7428170442581177,0.023325085639953613,0.1910814642906189,
2905,5.613628387451172,0.0010429484536871314,0.5577044486999512,0.11574294418096542,0.08545106649398804,
2906,6.573451042175293,0.0009671168518252671,0.7790789604187012,0.19723208248615265,0.03357568755745888,
2907,6.662765026092529,0.0009625537204556167,0.6536152958869934,0.07494888454675674,0.16445454955101013,
2908,7.8743743896484375,0.0010816174326464534,0.7123290300369263,0.12864772975444794,0.15675248205661774,
2909,4.757171630859375,0.0011488412274047732,0.9337217807769775,0.0011876026401296258,0.1506015509366989,
2910,4.703894138336182,0.0009993530111387372,0.8001345992088318,0.04879804328083992,0.10635297745466232,
2911,2.9368741512298584,0.0008525120210833848,0.6332128047943115,0.06413435935974121,0.02715957723557949,
2912,4.783080577850342,0.000908489862922579,1.0565567016601562,0.0458395890891552,0.10231287032365799,
2913,7.902402877807617,0.0010279155103489757,0.9459340572357178,0.09053758531808853,0.1866932213306427,
2914,5.139198303222656,0.0008469782769680023,0.9485511779785156,0.035595137625932693,0.13118377327919006,
2915,6.924147605895996,0.0009498652652837336,0.8865877389907837,0.0017434557667002082,0.23880907893180847,
2916,9.768539428710938,0.0008937880047596991,0.8524951934814453,0.033045630902051926,0.3227023482322693,
2917,2.710712194442749,0.0009729564771987498,0.8961769938468933,0.0,0.07160845398902893,
2918,7.597867965698242,0.0009738352964632213,0.8409218192100525,0.0,0.2693040072917938,
2919,6.725161552429199,0.001045853248797357,0.8856344223022461,0.0,0.2325352281332016,
2920,7.074147701263428,0.0009303770493716002,0.8604539036750793,0.03391502425074577,0.21370235085487366,
2921,6.146817207336426,0.0009492308017797768,1.000694751739502,0.0,0.20489566028118134,
2922,9.545604705810547,0.0009707334102131426,0.8904507160186768,0.12275159358978271,0.222483828663826,
2923,5.7168145179748535,0.0010752170346677303,0.7436932325363159,0.10340598970651627,0.09444363415241241,
2924,2.330014705657959,0.0009265251574106514,0.8713558912277222,0.0,0.05741983652114868,
2925,6.246544361114502,0.0010188377927988768,0.7739415168762207,0.005671521183103323,0.21221373975276947,
2926,5.056196212768555,0.0009097674046643078,0.891704797744751,0.00556260347366333,0.16010728478431702,
2927,6.080653667449951,0.0009773701895028353,0.8502858877182007,0.0799594521522522,0.12827789783477783,
2928,4.683991432189941,0.0008941322448663414,0.657278835773468,0.015421251766383648,0.1447531133890152,
2929,3.3962974548339844,0.0008769222185947001,0.6415427923202515,0.0314568467438221,0.0778564065694809,
2930,3.870938777923584,0.0010102959349751472,0.6680593490600586,0.028075357899069786,0.0990295261144638,
2931,3.604806661605835,0.0008866589632816613,0.7202607989311218,0.07705897092819214,0.03743620216846466,
2932,5.608982563018799,0.0010698982514441013,0.8138942718505859,0.04177524894475937,0.14895838499069214,
2933,3.637885570526123,0.0010761648882180452,0.7303032875061035,0.06673705577850342,0.04849007725715637,
2934,2.8289618492126465,0.000989090302027762,0.6376539468765259,0.053012389689683914,0.03365083411335945,
2935,4.824848175048828,0.001054042368195951,0.8404725790023804,0.029040733352303505,0.12928025424480438,
2936,4.784503936767578,0.001017850125208497,0.7865855693817139,0.08717286586761475,0.07172603160142899,
2937,4.661771297454834,0.0009881461737677455,0.7489895820617676,0.02490180730819702,0.1306213140487671,
2938,10.49011516571045,0.0009970819810405374,0.7749756574630737,0.02643219567835331,0.3611763119697571,
2939,3.0385560989379883,0.0010827260557562113,0.7369868755340576,0.07050788402557373,0.02047215774655342,
2940,6.109067440032959,0.0010958575876429677,0.8300734758377075,0.10293042659759521,0.10713347792625427,
2941,8.191402435302734,0.0011858142679557204,0.6821037530899048,0.044693052768707275,0.2544930875301361,
2942,6.744839668273926,0.001016240450553596,0.8403488397598267,0.04700319096446037,0.18816021084785461,
2943,6.712016582489014,0.0009273439645767212,0.6003936529159546,0.08534573018550873,0.15819182991981506,
2944,5.161608695983887,0.0011127920588478446,0.7504297494888306,0.03970503807067871,0.1356293261051178,
2945,6.19222354888916,0.0009722845279611647,0.7758011817932129,0.03560064360499382,0.1800839602947235,
2946,5.122643947601318,0.0009737689979374409,0.4992351830005646,0.03604574874043465,0.14791683852672577,
2947,7.704848766326904,0.0009098481386899948,0.8049939870834351,0.07026483863592148,0.20481950044631958,
2948,5.842743873596191,0.0009373948560096323,0.7884832620620728,0.06232650950551033,0.13890652358531952,
2949,10.135009765625,0.0009987574303522706,0.9527601599693298,0.1455751210451126,0.22071613371372223,
2950,2.500422954559326,0.0009552822448313236,0.8168951272964478,0.046237409114837646,0.020148426294326782,
2951,7.135599136352539,0.0010678202379494905,0.7869039177894592,0.0,0.2528799772262573,
2952,9.775103569030762,0.0009111515828408301,0.7620373368263245,0.11251537501811981,0.24709612131118774,
2953,3.9679789543151855,0.0008848139550536871,0.8555106520652771,0.04214994236826897,0.08146396279335022,
2954,3.3220691680908203,0.0008588733617216349,0.857661247253418,0.025174856185913086,0.07254258543252945,
2955,6.498317718505859,0.0009567001834511757,0.7698431015014648,0.0643000602722168,0.16388222575187683,
2956,3.891867160797119,0.0009261981467716396,0.7860998511314392,0.08290612697601318,0.040398355573415756,
2957,3.742584705352783,0.000961680372711271,0.9223009347915649,0.015289822593331337,0.09655984491109848,
2958,9.791881561279297,0.0010078115155920386,1.0099290609359741,0.0592728853225708,0.2909974157810211,
2959,5.919558048248291,0.0008449408342130482,0.8329296112060547,0.0,0.20262019336223602,
2960,4.215449810028076,0.0008922743145376444,0.8396491408348083,0.013989487662911415,0.12015026807785034,
2961,8.80677604675293,0.0009152002749033272,0.8315119743347168,0.11770129203796387,0.20039404928684235,
2962,5.053395748138428,0.0008921081316657364,0.7564663887023926,0.005163808818906546,0.16582126915454865,
2963,5.542154788970947,0.0009714294574223459,0.7106972932815552,0.0,0.19228686392307281,
2964,3.3730952739715576,0.0010141917737200856,0.8071005344390869,0.0,0.10162559151649475,
2965,6.190561294555664,0.0009975462453439832,0.8995716571807861,0.0,0.2106420248746872,
2966,8.969671249389648,0.0008727715467102826,0.7572174668312073,0.0586639828979969,0.2689613997936249,
2967,3.6185312271118164,0.0010124281980097294,0.7631590366363525,0.0,0.11320246011018753,
2968,1.9762542247772217,0.0008785317768342793,0.8004293441772461,0.00877690315246582,0.03737756237387657,
2969,6.738121032714844,0.0011268331436440349,0.8247581720352173,0.020221391692757607,0.21518629789352417,
2970,10.429888725280762,0.0009357072412967682,0.842084527015686,0.03366108611226082,0.34891536831855774,
2971,2.8496077060699463,0.0010023266077041626,0.692154586315155,0.00916898250579834,0.0761268138885498,
2972,5.875067234039307,0.0010937137994915247,0.6910194158554077,0.10682366043329239,0.09944452345371246,
2973,3.841865062713623,0.0009684493415988982,0.7212069034576416,0.07826004177331924,0.04559783637523651,
2974,4.14579963684082,0.0011415403569117188,0.8186492919921875,0.06468608230352402,0.06725838780403137,
2975,7.897524356842041,0.0010750325163826346,0.802591860294342,0.05629432201385498,0.22642795741558075,
2976,7.35865592956543,0.0010434830328449607,0.6858233213424683,0.008620619773864746,0.25724920630455017,
2977,1.9451942443847656,0.0010032433783635497,0.8249566555023193,0.00943396519869566,0.034372296184301376,
2978,5.682424068450928,0.0009227695409208536,0.7206921577453613,0.0947076678276062,0.10283884406089783,
2979,8.85655403137207,0.0009636344038881361,0.8738009929656982,0.04303479194641113,0.2753117084503174,
2980,2.560776948928833,0.001050201477482915,0.7496038675308228,0.0,0.07139672338962555,
2981,5.6336774826049805,0.0010595872299745679,0.8221436738967896,0.03371912240982056,0.1576826572418213,
2982,6.694684028625488,0.001034572720527649,0.6909116506576538,0.09153982251882553,0.1475764960050583,
2983,8.777952194213867,0.0010403762571513653,0.8222938179969788,0.010308603756129742,0.30687737464904785,
2984,4.112765312194824,0.0008821833762340248,0.7429728507995605,0.009391347877681255,0.12451816350221634,
2985,5.502769470214844,0.000918834179174155,0.6898287534713745,0.07088547945022583,0.12071330845355988,
2986,9.703339576721191,0.0009984715143218637,0.9274615049362183,0.04781122878193855,0.30222541093826294,
2987,4.917038917541504,0.0009210911230184138,0.6773902177810669,0.06164171174168587,0.10702315717935562,
2988,7.363220691680908,0.001123486552387476,0.6047824025154114,0.09433112293481827,0.1748829036951065,
2989,6.358243942260742,0.0009444337338209152,0.5893985033035278,0.044597625732421875,0.18521177768707275,
2990,3.1529667377471924,0.0010576066561043262,0.6086114048957825,0.010360459797084332,0.09035614877939224,
2991,6.814764976501465,0.0009228222188539803,0.8502982258796692,0.07290583848953247,0.16475000977516174,
2992,1.7515883445739746,0.0009215499158017337,0.8250187039375305,0.003229717491194606,0.032911516726017,
2993,4.831057548522949,0.0009021746809594333,0.7148077487945557,0.07114342600107193,0.0926043838262558,
2994,5.445553302764893,0.0009903255850076675,0.7754998207092285,0.041630666702985764,0.14418113231658936,
2995,12.766895294189453,0.0008889769087545574,0.9304817318916321,0.013585646636784077,0.4589819014072418,
2996,8.122834205627441,0.001003617886453867,0.7460510730743408,0.09578589349985123,0.19828180968761444,
2997,5.874511241912842,0.0010258269030600786,0.7859077453613281,0.02784717082977295,0.17467114329338074,
2998,4.89028263092041,0.0008691448601894081,0.7278631329536438,0.07530409097671509,0.0903235375881195,
2999,3.925124406814575,0.0009069684310816228,0.8834636807441711,0.056592583656311035,0.06416688114404678,
3000,6.878610610961914,0.0010102929081767797,0.9309778213500977,0.05058674141764641,0.18630826473236084,"[0.9312190413475037, 1.2782407999038696, 0.954365074634552]"
3001,5.980891704559326,0.0008882952970452607,0.7885355949401855,0.12331278622150421,0.08349314332008362,
3002,4.484510898590088,0.0009059721487574279,0.9026296734809875,0.09199784696102142,0.0503714345395565,
3003,7.373917579650879,0.000997904222458601,0.8359148502349854,0.047132767736911774,0.21338942646980286,
3004,5.746559143066406,0.000975778850261122,0.942712664604187,0.0771910548210144,0.1139870136976242,
3005,2.7215099334716797,0.0009159566834568977,0.7950083017349243,0.023456692695617676,0.052687421441078186,
3006,5.584975242614746,0.0008326253737322986,0.9783686399459839,0.01715874671936035,0.16627287864685059,
3007,3.877650022506714,0.0009807428577914834,0.9221342206001282,0.015112658031284809,0.10212723910808563,
3008,6.12453031539917,0.000871744763571769,0.7178341150283813,0.013830602169036865,0.20156550407409668,
3009,5.199595928192139,0.0008647905196994543,0.7038024663925171,0.039077840745449066,0.13988910615444183,
3010,4.747570037841797,0.0007961269584484398,0.661131739616394,0.08153422176837921,0.08112717419862747,
3011,2.8833556175231934,0.0009531195391900837,0.7576974630355835,0.0,0.08407320827245712,
3012,4.250149726867676,0.0008936270605772734,0.7693005800247192,0.009825070388615131,0.12851525843143463,
3013,7.876363277435303,0.0008134946692734957,0.6815695762634277,0.15925824642181396,0.12771999835968018,
3014,7.042332649230957,0.0008210024680010974,0.8548703193664551,0.03494155406951904,0.21173593401908875,
3015,6.846316814422607,0.000919495418202132,0.8942815065383911,0.05623195692896843,0.18092995882034302,
3016,4.458767414093018,0.000959544675424695,1.0199952125549316,0.1011091098189354,0.035482220351696014,
3017,2.7205028533935547,0.0009032633970491588,0.7463921308517456,0.0017393628368154168,0.0763217955827713,
3018,4.6613898277282715,0.0008579138084314764,0.6417618989944458,0.0205217394977808,0.13940547406673431,
3019,5.014498710632324,0.0008345905225723982,0.8619066476821899,0.00980261992663145,0.1554664671421051,
3020,4.799472808837891,0.0009351090993732214,0.731518030166626,0.07716993987560272,0.0846131443977356,
3021,4.105330944061279,0.0008693712297827005,0.8123720288276672,0.00928562879562378,0.12156336009502411,
3022,5.349793434143066,0.000886187597643584,0.8581184148788452,0.021003982052206993,0.1577768325805664,
3023,6.527124404907227,0.0008744157967157662,0.8018143177032471,0.0,0.22813798487186432,
3024,7.659067153930664,0.0008723321370780468,0.8479063510894775,0.025898754596710205,0.24567535519599915,
3025,7.391592979431152,0.0009661705116741359,0.8811060190200806,0.003731151344254613,0.25572216510772705,
3026,12.73264217376709,0.0008587358170188963,1.2618119716644287,0.029587268829345703,0.42838719487190247,
3027,4.591394424438477,0.0008533467189408839,0.9029560089111328,0.0,0.1466841995716095,
3028,7.095616817474365,0.0009180207271128893,0.8184105157852173,0.13715189695358276,0.11301834881305695,
3029,6.427314758300781,0.0009626182727515697,0.8519276976585388,0.028669675812125206,0.19338317215442657,
3030,8.304190635681152,0.0008838881622068584,0.9951924085617065,0.11981993913650513,0.17165611684322357,
3031,7.121163368225098,0.0008525129524059594,0.7409875392913818,0.0017275214195251465,0.25262701511383057,
3032,4.133598327636719,0.0009441340225748718,0.7783304452896118,0.010715206153690815,0.12255138158798218,
3033,6.061984062194824,0.0008605063776485622,0.6243807077407837,0.023079514503479004,0.19356411695480347,
3034,6.571506023406982,0.0009067682549357414,0.7501252889633179,0.05942825600504875,0.17252019047737122,
3035,4.5973358154296875,0.0009060202282853425,0.6979727745056152,0.061586737632751465,0.09348176419734955,
3036,7.4870076179504395,0.000856068916618824,0.8052743673324585,0.05310940742492676,0.2133038491010666,
3037,3.6379570960998535,0.0009294014889746904,0.7041286826133728,0.07581949234008789,0.04060424119234085,
3038,4.391216278076172,0.0008775063906796277,0.6665256023406982,0.02119213342666626,0.1269180029630661,
3039,3.447237253189087,0.0008953704382292926,0.5858845710754395,0.033582549542188644,0.07997618615627289,
3040,3.564023971557617,0.0008337902254424989,0.8698019981384277,0.049153923988342285,0.0577811598777771,
3041,5.052423477172852,0.0008266079239547253,0.6980941295623779,0.07752752304077148,0.09581902623176575,
3042,5.13301944732666,0.0007747464696876705,0.7980993390083313,0.07934945821762085,0.0932726040482521,
3043,2.95879864692688,0.0008928778115659952,0.7495510578155518,0.014168540947139263,0.07330848276615143,
3044,3.346062660217285,0.0008732110145501792,0.6127269268035889,0.05096276476979256,0.057497452944517136,
3045,4.242930889129639,0.0008185199112631381,0.6100500226020813,0.03611687943339348,0.10837983340024948,
3046,5.425014495849609,0.0009411736973561347,0.8184021711349487,0.09047119319438934,0.0928521379828453,
3047,4.639045715332031,0.0008474449277855456,0.8372687101364136,0.020863452926278114,0.1303601861000061,
3048,6.991524696350098,0.0008484566933475435,0.514341413974762,0.08125068247318268,0.17698818445205688,
3049,7.2996368408203125,0.0009722815011627972,0.6093113422393799,0.04627577215433121,0.22036495804786682,
3050,3.4085397720336914,0.0008896035142242908,0.8158589601516724,0.026911934837698936,0.0759056955575943,
3051,3.9127440452575684,0.0007941030780784786,0.836814284324646,0.0,0.12224307656288147,
3052,4.019363880157471,0.0008513243519701064,0.5481175780296326,0.037286579608917236,0.10071195662021637,
3053,12.760929107666016,0.0008685888606123626,0.6659020185470581,0.0,0.4829324781894684,
3054,3.3235952854156494,0.0008727875538170338,0.647782564163208,0.03055937960743904,0.07560034096240997,
3055,5.5320634841918945,0.0008076405501924455,0.8326749801635742,0.07546969503164291,0.1116982102394104,
3056,3.3745737075805664,0.0008256077417172492,0.9589155316352844,0.0,0.0958007201552391,
3057,5.7435760498046875,0.0008074395009316504,0.5908892154693604,0.14396488666534424,0.061335157603025436,
3058,9.624360084533691,0.0009078948642127216,0.7544792890548706,0.0,0.35388731956481934,
3059,7.211806774139404,0.0009433323866687715,0.8997431993484497,0.019377052783966064,0.23216216266155243,
3060,5.04653263092041,0.0008237918955273926,0.9908543229103088,0.0,0.1614033579826355,
3061,6.827638626098633,0.0008071984048001468,0.88353431224823,0.022759834304451942,0.21419714391231537,
3062,15.771500587463379,0.0009126667864620686,0.7533643841743469,0.04704537242650986,0.5527673959732056,
3063,3.9706544876098633,0.0009385707671754062,0.6467355489730835,0.045469462871551514,0.08654871582984924,
3064,5.987729072570801,0.0009371943306177855,0.6554781198501587,0.07855900377035141,0.13379384577274323,
3065,6.391757965087891,0.0008946721791289747,0.8633279204368591,0.049221377819776535,0.17102114856243134,
3066,6.238856315612793,0.0010326281189918518,0.7358306050300598,0.059126514941453934,0.15996187925338745,
3067,5.538335800170898,0.0008434028713963926,0.6672722101211548,0.12336888164281845,0.0706302672624588,
3068,3.4585769176483154,0.0009092542459256947,0.747605562210083,0.0535491518676281,0.053980451077222824,
3069,5.249245643615723,0.0008683938067406416,0.7853050231933594,0.06502705812454224,0.1126621812582016,
3070,5.584212303161621,0.0008896019426174462,0.6766387224197388,0.04233598709106445,0.1530773639678955,
3071,6.973971366882324,0.0007781561580486596,1.0758757591247559,0.0,0.2351456582546234,
3072,3.5554847717285156,0.001038176123984158,0.955872654914856,0.0732065811753273,0.029739733785390854,
3073,2.3618195056915283,0.0008552244398742914,0.7575826048851013,0.0029309194069355726,0.06038333475589752,
3074,4.498723030090332,0.000855729216709733,0.6082148551940918,0.05750753730535507,0.09725706279277802,
3075,7.77994441986084,0.0008979923441074789,0.5387719869613647,0.046750664710998535,0.24199822545051575,
3076,1.9142723083496094,0.0008427505381405354,0.727087676525116,0.017137685790657997,0.029506947845220566,
3077,8.70210075378418,0.000841799657791853,0.8205908536911011,0.05002961680293083,0.2643890082836151,
3078,4.523411273956299,0.00085453997598961,0.9242671728134155,0.05567552521824837,0.08743569254875183,
3079,3.8686962127685547,0.0009443906019441783,0.7986394166946411,0.053050119429826736,0.06880777329206467,
3080,6.233358860015869,0.0008864805568009615,0.8115001916885376,0.04588707163929939,0.17010080814361572,
3081,4.6895318031311035,0.0008872092585079372,0.5818327069282532,0.06524726003408432,0.09817349165678024,
3082,5.60711669921875,0.0008508213795721531,0.9218918085098267,0.013217151165008545,0.1733410358428955,
3083,4.7109270095825195,0.0008376211044378579,0.8409171104431152,0.011336982250213623,0.14262579381465912,
3084,4.406169414520264,0.0008492476190440357,0.7366001605987549,0.04573656991124153,0.1001969501376152,
3085,6.521783828735352,0.0008442800026386976,0.7959342002868652,0.07713699340820312,0.15105271339416504,
3086,1.6850531101226807,0.0008037884836085141,0.6763293743133545,0.022234240546822548,0.017310921102762222,
3087,3.9171314239501953,0.0008270837715826929,0.7577704191207886,0.10291582345962524,0.022631533443927765,
3088,5.758333206176758,0.0008730734116397798,0.7396833896636963,0.0,0.1998729109764099,
3089,8.866071701049805,0.0008650824893265963,0.6165294647216797,0.00047069787979125977,0.32864588499069214,
3090,8.055131912231445,0.000916183169465512,0.8334636688232422,0.07948716729879379,0.2084634006023407,
3091,5.597190856933594,0.0008866097778081894,0.6679598093032837,0.04810728505253792,0.14817535877227783,
3092,4.331510543823242,0.0008447892614640296,0.7834630012512207,0.02921825647354126,0.11185886710882187,
3093,5.247815132141113,0.000820875633507967,0.6121214628219604,0.040801625698804855,0.14380523562431335,
3094,8.539497375488281,0.0008768131374381483,0.7688953876495361,0.030071139335632324,0.27987614274024963,
3095,4.595434188842773,0.0008352701552212238,0.837497353553772,0.06358853727579117,0.0858936682343483,
3096,4.444849967956543,0.0010204912396147847,0.7971993088722229,0.019194146618247032,0.12569138407707214,
3097,4.035901069641113,0.0008189756772480905,0.7351893186569214,0.0,0.13120949268341064,
3098,3.490248918533325,0.0008506425656378269,0.6729269027709961,0.00810976792126894,0.10373246669769287,
3099,3.837873697280884,0.0008459400269202888,0.7281937599182129,0.05071892589330673,0.07282233238220215,
3100,9.127497673034668,0.0009516706340946257,0.8109018802642822,0.022246262058615685,0.3094659149646759,
3101,1.5717672109603882,0.0009686536504887044,0.6725846529006958,0.021103164181113243,0.013895484618842602,
3102,5.771845817565918,0.0008452334441244602,0.6958416700363159,0.13789643347263336,0.06429849565029144,
3103,4.190213203430176,0.0008186391205526888,0.7333955764770508,0.06940585374832153,0.06804820895195007,
3104,6.109309196472168,0.0008887888980098069,0.746941089630127,0.04131196066737175,0.17229397594928741,
3105,10.639734268188477,0.0009478139691054821,0.7727322578430176,0.0,0.39373230934143066,
3106,5.442761421203613,0.0011575425742194057,0.6324671506881714,0.08246400207281113,0.10879021883010864,
3107,4.399661064147949,0.0009220121428370476,0.8405869603157043,0.0,0.14144094288349152,
3108,4.400996685028076,0.0009027990163303912,0.6532784700393677,0.024230917915701866,0.12477501481771469,
3109,5.143029689788818,0.0009342916309833527,0.815824031829834,0.012060403823852539,0.1600935459136963,
3110,5.349647521972656,0.0008176692645065486,0.6435007452964783,0.0,0.18742820620536804,
3111,2.554041862487793,0.0008658849983476102,0.5413685441017151,0.017786800861358643,0.061854250729084015,
3112,7.027169704437256,0.0008994124364107847,0.6256545186042786,0.038040440529584885,0.21712075173854828,
3113,3.830153465270996,0.0008758737239986658,0.6611310839653015,0.05186398699879646,0.07402103394269943,
3114,3.3359806537628174,0.0008970865164883435,0.7067360877990723,0.05116574093699455,0.05310695245862007,
3115,5.86023473739624,0.0009189799311570823,0.8355045318603516,0.07598521560430527,0.12408501654863358,
3116,8.054265975952148,0.0009440500289201736,0.5972551107406616,0.0829334706068039,0.2144029140472412,
3117,5.904867649078369,0.0008360457140952349,0.6147724390029907,0.036899011582136154,0.17386876046657562,
3118,12.212284088134766,0.0009930479573085904,0.8393629789352417,0.08166509866714478,0.3722586929798126,
3119,14.736680030822754,0.0010317944688722491,0.8217498064041138,0.0,0.5555654168128967,
3120,6.194699287414551,0.0009372038766741753,0.767363429069519,0.009004771709442139,0.20715145766735077,
3121,7.191498756408691,0.0009426751639693975,0.756096363067627,0.030995726585388184,0.2254776954650879,
3122,3.3844470977783203,0.00091192388208583,0.7082599401473999,0.07349710166454315,0.032638467848300934,
3123,6.657825946807861,0.0009336943621747196,0.5812586545944214,0.046759963035583496,0.19536903500556946,
3124,5.778245449066162,0.0008602378075011075,0.7322507500648499,0.0,0.2009795606136322,
3125,4.401125431060791,0.0009161730413325131,0.7096977233886719,0.0027171571273356676,0.14402377605438232,
3126,7.034520149230957,0.0009801123524084687,0.7531349658966064,0.013921895995736122,0.23635339736938477,
3127,4.294476509094238,0.0008931365446187556,0.6576826572418213,0.04091465473175049,0.10366395860910416,
3128,2.495668649673462,0.0010319373104721308,0.5932132005691528,0.0017541846027597785,0.07331209629774094,
3129,7.075628757476807,0.0008172348025254905,0.679038941860199,0.21260125935077667,0.042445093393325806,
3130,4.722048282623291,0.0010395265417173505,0.7286219596862793,0.07738766819238663,0.08130985498428345,
3131,8.046271324157715,0.0009185061207972467,0.5199331641197205,0.11249605566263199,0.18763896822929382,
3132,3.596522808074951,0.0009010829962790012,0.7561108469963074,0.030239125713706017,0.08247626572847366,
3133,3.1874496936798096,0.000884442066308111,0.6712587475776672,0.07378286123275757,0.025980331003665924,
3134,4.712173938751221,0.000978486961685121,0.6726709604263306,0.03126879781484604,0.12933284044265747,
3135,6.552518367767334,0.0008634629193693399,0.6246076822280884,0.08016836643218994,0.15608461201190948,
3136,5.960080146789551,0.0008038650848902762,0.7637481689453125,0.048819400370121,0.1582300215959549,
3137,7.5700788497924805,0.0008942072163335979,0.7226486802101135,0.07260309159755707,0.20039990544319153,
3138,4.418630123138428,0.0008628774085082114,0.7177184820175171,0.012407342903316021,0.13476623594760895,
3139,4.899142265319824,0.0009881635196506977,0.6676183342933655,0.07918637990951538,0.08908641338348389,
3140,6.113611698150635,0.000986785045824945,0.7894368171691895,0.09768293052911758,0.1142972856760025,
3141,8.43992805480957,0.0009016942349262536,0.8692044019699097,0.029885172843933105,0.27204206585884094,
3142,5.809858322143555,0.0009488678188063204,0.7490030527114868,0.0816098004579544,0.11987555027008057,
3143,4.792490005493164,0.0009767612209543586,0.7222487926483154,0.016638359054923058,0.14519453048706055,
3144,3.725658655166626,0.0011025267885997891,0.7041851878166199,0.038078345358371735,0.08167806267738342,
3145,2.097592353820801,0.0009202934452332556,0.6399736404418945,0.008871992118656635,0.04851246997714043,
3146,5.9046454429626465,0.0008443359402008355,0.7365297079086304,0.1024986058473587,0.1033816859126091,
3147,8.007770538330078,0.0009344271384179592,0.8140016794204712,0.07793551683425903,0.20888081192970276,
3148,1.936258316040039,0.0008825257536955178,0.7611455917358398,0.005984047893434763,0.04013793542981148,
3149,6.13837194442749,0.0009178351028822362,0.7665900588035583,0.0,0.21395343542099,
3150,4.108859539031982,0.0009352164342999458,0.639604926109314,0.01703987643122673,0.12079508602619171,
3151,5.6426310539245605,0.0008960588020272553,0.5305566787719727,0.06401395797729492,0.13957296311855316,
3152,6.088894367218018,0.000925174739677459,0.7016083002090454,0.026138663291931152,0.1884276121854782,
3153,5.279021263122559,0.0008457254734821618,0.5906713604927063,0.0060461959801614285,0.18064206838607788,
3154,4.660152435302734,0.000896049605216831,0.8347727656364441,0.0445786714553833,0.10754047334194183,
3155,5.8085150718688965,0.0008636176935397089,0.728093147277832,0.04109370708465576,0.16125956177711487,
3156,4.791152477264404,0.0008774002199061215,0.8935500979423523,0.02660503052175045,0.12842166423797607,
3157,3.313234329223633,0.0009314611670561135,0.725378155708313,0.0,0.10258277505636215,
3158,11.040471076965332,0.0009379486436955631,0.7089279890060425,0.020149311050772667,0.39217445254325867,
3159,6.046576499938965,0.0009572108392603695,0.7613919377326965,0.002397557022050023,0.2080526202917099,
3160,3.9510977268218994,0.0008909404277801514,0.8323662877082825,0.02395164966583252,0.09990666061639786,
3161,4.31559944152832,0.0009183564106933773,0.6827764511108398,0.09237736463546753,0.0520172044634819,
3162,5.694958686828613,0.0009554880671203136,0.5837780833244324,0.029437562450766563,0.17405419051647186,
3163,6.060351371765137,0.0008849948644638062,0.6436920166015625,0.02979113534092903,0.18599022924900055,
3164,3.6773509979248047,0.001053695916198194,0.696747899055481,0.018877962604165077,0.09929245710372925,
3165,4.41345739364624,0.0011087196180596948,0.7151879668235779,0.08464942127466202,0.062172625213861465,
3166,4.278997898101807,0.0009394217631779611,0.6480849981307983,0.07093299925327301,0.07336409389972687,
3167,5.095600128173828,0.0012242288794368505,0.7231508493423462,0.0,0.17367374897003174,
3168,3.4379546642303467,0.0009753121994435787,0.8050701022148132,0.03219626471400261,0.0721438080072403,
3169,14.890519142150879,0.0009216873440891504,0.5642834901809692,0.0997907891869545,0.47233694791793823,
3170,8.15505313873291,0.0010498369811102748,0.6799976825714111,0.07890508323907852,0.21904730796813965,
3171,5.518610000610352,0.0011552873766049743,0.5915316343307495,0.10557184368371964,0.09035598486661911,
3172,4.078586578369141,0.0009445939213037491,0.6921666860580444,0.04139290377497673,0.09311928600072861,
3173,5.534573078155518,0.0010442464845255017,0.7806921601295471,0.0,0.18911099433898926,
3174,8.534506797790527,0.0011436511995270848,0.7127863168716431,0.05947333574295044,0.25225183367729187,
3175,4.404143333435059,0.0009319909731857479,0.8703855276107788,0.044569987803697586,0.09584832191467285,
3176,7.193413734436035,0.000992703135125339,0.6983978152275085,0.10127248615026474,0.15753544867038727,
3177,3.0915353298187256,0.0008862766553647816,0.6943973898887634,0.05319499969482422,0.0418042354285717,
3178,6.9197540283203125,0.0009599205222912133,0.7971749901771545,0.05842047929763794,0.18552276492118835,
3179,7.934212684631348,0.0009490644442848861,0.6887417435646057,0.05255105346441269,0.23631872236728668,
3180,5.85788106918335,0.0008698036544956267,0.6549490094184875,0.03897615149617195,0.16827131807804108,
3181,4.453332424163818,0.0010221867123618722,0.6331477761268616,0.05147296190261841,0.1003122329711914,
3182,4.142299652099609,0.000927523709833622,0.7496786117553711,0.09135790914297104,0.04341941699385643,
3183,6.613069534301758,0.0008668236550875008,0.6000306606292725,0.18354631960391998,0.05610840022563934,
3184,6.602863788604736,0.0009744992130436003,0.4856830835342407,0.06900860369205475,0.17470413446426392,
3185,3.788785696029663,0.0009526894427835941,0.7346914410591125,0.029401004314422607,0.09181007742881775,
3186,3.833265781402588,0.0009138418827205896,0.6284885406494141,0.05292320251464844,0.07435403764247894,
3187,5.512973785400391,0.0010071854339912534,0.6419321298599243,0.02787979505956173,0.16595469415187836,
3188,5.4663238525390625,0.0009095817804336548,0.7623943090438843,0.04316997528076172,0.1440776288509369,
3189,7.239140510559082,0.0009678074275143445,0.7348573803901672,0.01165290642529726,0.2475506067276001,
3190,7.678893089294434,0.0009246766567230225,0.7211337089538574,0.014760415069758892,0.2626252770423889,
3191,6.902871131896973,0.001003165845759213,0.6471219062805176,0.0,0.24922680854797363,
3192,5.2663373947143555,0.0010676446836441755,0.6205258369445801,0.1395825445652008,0.04518226534128189,
3193,6.826828956604004,0.0008295411826111376,0.6385613083839417,0.00965787936002016,0.23704327642917633,
3194,3.2667768001556396,0.0009602064383216202,0.6139833927154541,0.0,0.10515152662992477,
3195,9.075289726257324,0.0008533382788300514,0.7100000381469727,0.05250964313745499,0.28124862909317017,
3196,2.4949536323547363,0.001002855715341866,0.6273224353790283,0.017618000507354736,0.056084394454956055,
3197,7.511146545410156,0.0008762715733610094,0.8061373233795166,0.062346577644348145,0.20497751235961914,
3198,5.785369873046875,0.0008865346317179501,0.5829982757568359,0.07089044898748398,0.1363178789615631,
3199,7.385427951812744,0.0009842579020187259,0.6403059959411621,0.0001684427261352539,0.26865217089653015,
3200,3.906447649002075,0.0009350288310088217,0.5292103290557861,0.08252827078104019,0.051626190543174744,
3201,5.655210018157959,0.0009296447969973087,0.7848467826843262,0.07286503165960312,0.12101984024047852,
3202,7.430933952331543,0.0008436977514065802,0.5363791584968567,0.06353962421417236,0.2113988697528839,
3203,5.795148849487305,0.0009334573405794799,0.5849048495292664,0.04748380184173584,0.159992516040802,
3204,6.730993747711182,0.0009492007084190845,0.6410835981369019,0.12690339982509613,0.11574380099773407,
3205,6.583863735198975,0.0008659877348691225,0.693688690662384,0.08184905350208282,0.15289196372032166,
3206,10.339698791503906,0.0009382450953125954,0.7281434535980225,0.045464713126420975,0.3380592465400696,
3207,6.814826965332031,0.0009239520877599716,0.6221559047698975,0.05215473845601082,0.19462814927101135,
3208,4.264194965362549,0.0009528868831694126,0.5683165192604065,0.03358874469995499,0.11329349875450134,
3209,6.268359661102295,0.0010427589295431972,0.663917064666748,0.023523926734924316,0.19961100816726685,
3210,6.356176853179932,0.00104457326233387,0.7845230102539062,0.021006742492318153,0.2008148431777954,
3211,5.27235221862793,0.0008564828312955797,0.8148633241653442,0.09235060214996338,0.08509248495101929,
3212,8.02546501159668,0.0009852004004642367,0.6586563587188721,0.12387342751026154,0.16981372237205505,
3213,6.234579563140869,0.00090989307500422,0.7646869421005249,0.0,0.2178857922554016,
3214,3.730311632156372,0.0007972252205945551,0.636145293712616,0.046261291950941086,0.07670813053846359,
3215,4.9678955078125,0.000806433439720422,0.6302549839019775,0.08897598832845688,0.08372320234775543,
3216,6.291975498199463,0.0008652277174405754,0.6612463593482971,0.0788607969880104,0.14550314843654633,
3217,5.903655052185059,0.0008963266736827791,0.6658589839935303,0.0764295682311058,0.1321859359741211,
3218,2.369831085205078,0.0009789002360776067,0.7190679311752319,0.01572638750076294,0.049325235188007355,
3219,1.5438542366027832,0.0008831136510707438,0.5922049283981323,0.02740093134343624,0.009781924076378345,
3220,4.926694393157959,0.0009502584580332041,0.7788906097412109,0.023187657818198204,0.1417742371559143,
3221,4.205285549163818,0.0007389120291918516,0.4654695391654968,0.03647593781352043,0.11237779259681702,
3222,7.171052932739258,0.0008871447644196451,0.5685582160949707,0.058029234409332275,0.20518341660499573,
3223,2.412950038909912,0.0008591755758970976,0.5749796628952026,0.05400071665644646,0.018658917397260666,
3224,7.830101013183594,0.0007414974388666451,0.540188729763031,0.20165425539016724,0.08920072764158249,
3225,10.651082038879395,0.0008223280892707407,0.7371493577957153,0.07462406158447266,0.32111090421676636,
3226,3.455068349838257,0.0008945573936216533,0.6076960563659668,0.007974247448146343,0.10502608120441437,
3227,12.302346229553223,0.000765087257605046,0.8596765995025635,0.0,0.45694172382354736,
3228,7.577289581298828,0.0008733700378797948,0.7319672107696533,0.08877134323120117,0.18416818976402283,
3229,3.01522159576416,0.0008048684685491025,0.6583367586135864,0.012626071460545063,0.0808444619178772,
3230,4.722454071044922,0.0008302011410705745,0.790541410446167,0.08910872787237167,0.06733758747577667,
3231,8.06498908996582,0.0008466923609375954,0.8452588319778442,0.08839962631464005,0.19954288005828857,
3232,7.912306785583496,0.0008390089496970177,0.825778603553772,0.08117872476577759,0.2014434039592743,
3233,2.7778244018554688,0.0008520268020220101,0.8128204345703125,0.021513044834136963,0.05623508617281914,
3234,6.095973014831543,0.0009636524482630193,0.7321628332138062,0.0675932765007019,0.14599546790122986,
3235,5.212442398071289,0.0009030188084580004,0.833291232585907,0.05860821157693863,0.11565481871366501,
3236,6.922008037567139,0.0008746475796215236,0.7443394660949707,0.12124551832675934,0.12498658150434494,
3237,4.456804275512695,0.0008150935173034668,0.7290546894073486,0.04082000255584717,0.10747488588094711,
3238,12.961310386657715,0.0008105882443487644,0.9781256914138794,0.0,0.4785168170928955,
3239,3.979220390319824,0.0007701420690864325,0.7692617177963257,0.013614793308079243,0.1140134185552597,
3240,3.0923821926116943,0.0008338180487044156,0.7842031121253967,0.0,0.09149335324764252,
3241,6.580621719360352,0.0007880269549787045,0.8029187917709351,0.08039700984954834,0.14992307126522064,
3242,7.490471363067627,0.0010398522717878222,0.8171052932739258,0.024699945002794266,0.24119484424591064,
3243,5.747954845428467,0.000726949016097933,0.8430806994438171,0.04419843479990959,0.1512695848941803,
3244,4.9491143226623535,0.0008132089860737324,0.7331122756004333,0.018590927124023438,0.14923594892024994,
3245,5.413144111633301,0.0009302768739871681,0.6943581104278564,0.02642049454152584,0.1614006757736206,
3246,4.571768283843994,0.0008335912134498358,0.7383286356925964,0.05393804982304573,0.09856593608856201,
3247,3.4536027908325195,0.0008532365318387747,0.841591477394104,0.01230051089078188,0.09132670611143112,
3248,5.8592681884765625,0.0009007740882225335,0.7506876587867737,0.08730510622262955,0.11613733321428299,
3249,6.3794450759887695,0.0008621363085694611,0.6735316514968872,0.08068909496068954,0.14668530225753784,
3250,6.038600921630859,0.0008629029616713524,0.622065007686615,0.09060940891504288,0.12518912553787231,
3251,3.7799911499023438,0.0008228994556702673,0.6553820371627808,0.06226499751210213,0.06189645826816559,
3252,5.527386665344238,0.0007761614979244769,0.6998037695884705,0.023216625675559044,0.16911053657531738,
3253,3.272812843322754,0.0006852603983134031,0.5541605353355408,0.05367599055171013,0.05438483878970146,
3254,4.369799613952637,0.0008142943843267858,0.6016933917999268,0.06007260084152222,0.08983736485242844,
3255,4.418465614318848,0.000771801162045449,0.6396893858909607,0.016479313373565674,0.13389992713928223,
3256,5.121688365936279,0.0007852445705793798,0.7142367959022522,0.11784081161022186,0.05767201632261276,
3257,6.188755035400391,0.0007291657966561615,0.5484836101531982,0.012573699466884136,0.21230798959732056,
3258,5.223516464233398,0.0008745011873543262,0.6166735887527466,0.06021782010793686,0.12318138778209686,
3259,6.529417991638184,0.0008724765502847731,0.531906008720398,0.06378944963216782,0.17523854970932007,
3260,6.696919918060303,0.0009008213528431952,0.6951384544372559,0.0272050891071558,0.21196535229682922,
3261,5.423553466796875,0.0008416476775892079,0.5351945757865906,0.10081396251916885,0.09387876093387604,
3262,7.805877685546875,0.0008339277119375765,0.7618492841720581,0.08790035545825958,0.1930268406867981,
3263,8.430401802062988,0.0007693179068155587,0.6681476831436157,0.034944456070661545,0.2747763991355896,
3264,7.433096408843994,0.0008940955740399659,0.8748060464859009,0.021087488159537315,0.24035003781318665,
3265,5.539892196655273,0.0008178450516425073,0.6921852231025696,0.0810173898935318,0.11207304894924164,
3266,9.698540687561035,0.0010438940953463316,0.6596275568008423,0.0945015400648117,0.2660110592842102,
3267,5.687263488769531,0.0007803933694958687,0.4948039650917053,0.15053822100162506,0.056379761546850204,
3268,5.525215148925781,0.0008373705786652863,0.7218340635299683,0.006973882671445608,0.1843239814043045,
3269,6.541245460510254,0.000836184888612479,0.7623658776283264,0.12847116589546204,0.10184784233570099,
3270,2.781261444091797,0.0009730905876494944,0.6958046555519104,0.05989772081375122,0.022547461092472076,
3271,6.117643356323242,0.0008743498474359512,0.5757386684417725,0.0273983683437109,0.1934034824371338,
3272,4.3370747566223145,0.0008587303454987705,0.6819249987602234,0.041555363684892654,0.10379189252853394,
3273,4.088024139404297,0.000778579618781805,0.6389566659927368,0.00945502519607544,0.12772908806800842,
3274,4.079161643981934,0.0010070806602016091,0.7883632183074951,0.054239653050899506,0.07638521492481232,
3275,13.03864860534668,0.0008743538055568933,0.7737880945205688,0.04628215357661247,0.4434378743171692,
3276,1.9433212280273438,0.0009920060401782393,0.6237301230430603,0.0026272335089743137,0.04916440695524216,
3277,5.731414794921875,0.0009069519583135843,0.7100948095321655,0.02835736609995365,0.1715884804725647,
3278,6.033710479736328,0.0010113626485690475,0.6425029039382935,0.0,0.2146369367837906,
3279,6.339540481567383,0.0010310749057680368,0.7419108152389526,0.018390536308288574,0.20448356866836548,
3280,5.576692581176758,0.0008307807729579508,0.89543616771698,0.021077314391732216,0.16534216701984406,
3281,14.141728401184082,0.0007872749119997025,0.8982881307601929,0.1255490630865097,0.40340131521224976,
3282,6.372568130493164,0.0009139414760284126,0.8086577653884888,0.05618941783905029,0.16545304656028748,
3283,6.631107330322266,0.0008021646062843502,0.7283529043197632,0.0,0.2353079915046692,
3284,3.533458948135376,0.0008300840272568166,0.7628938555717468,0.0464303083717823,0.06356221437454224,
3285,4.993525981903076,0.0009345098515041173,0.7684188485145569,0.0,0.1680697798728943,
3286,9.832010269165039,0.0008414068724960089,0.583840012550354,0.08509363234043121,0.2839917540550232,
3287,6.658501625061035,0.0008266405784524977,0.7328356504440308,0.029049396514892578,0.20715059340000153,
3288,3.0914273262023926,0.0007898534531705081,0.671698808670044,0.027014950290322304,0.06898433715105057,
3289,5.043435096740723,0.0008608931675553322,0.5697319507598877,0.10533362627029419,0.07275360822677612,
3290,4.599387168884277,0.0008511617197655141,0.598271369934082,0.07561252266168594,0.08358094841241837,
3291,3.7325141429901123,0.0007866692612878978,0.6934430599212646,0.10349605977535248,0.01728012226521969,
3292,4.5019917488098145,0.0007934097084216774,0.8705019354820251,0.0,0.14446619153022766,
3293,10.000727653503418,0.0008486933074891567,0.5995128154754639,0.0890955775976181,0.286104291677475,
3294,4.486462593078613,0.0008066845475696027,0.6932550668716431,0.028621414676308632,0.12230020761489868,
3295,3.7735865116119385,0.0008244704804383218,0.603243350982666,0.018037956207990646,0.10795129835605621,
3296,4.400354385375977,0.0008205340127460659,0.6545068025588989,0.06774401664733887,0.08126934617757797,
3297,7.793078422546387,0.000857419625390321,0.69908607006073,0.0,0.2829022705554962,
3298,3.948030710220337,0.0009121082839556038,0.6762052178382874,0.07204321771860123,0.05791769549250603,
3299,5.722701549530029,0.0009287956054322422,0.6404527425765991,0.003856400726363063,0.1985047459602356,
3300,7.217151641845703,0.00082442257553339,0.6587193608283997,0.0411747507750988,0.2203381210565567,
3301,5.930683135986328,0.0008473561028949916,0.5421362519264221,0.0513773187994957,0.16331720352172852,
3302,2.1022963523864746,0.0008593366364948452,0.6667805910110474,0.01223816443234682,0.04432313144207001,
3303,5.823420524597168,0.0009101143223233521,0.5062000751495361,0.16362205147743225,0.04815664887428284,
3304,3.0989701747894287,0.0008640614687465131,0.7352725863456726,0.0666152834892273,0.027068547904491425,
3305,10.749505043029785,0.0008213307592086494,0.7599905133247375,0.0582972951233387,0.34046196937561035,
3306,3.766099691390991,0.0009202943765558302,0.6080763339996338,0.10959144681692123,0.01580919325351715,
3307,7.409170150756836,0.0008328731055371463,0.7153208255767822,0.1008269339799881,0.16609418392181396,
3308,6.694518566131592,0.0008931467309594154,0.8630930185317993,0.09488037973642349,0.13748349249362946,
3309,8.527884483337402,0.000866240996401757,0.7742835283279419,0.07566193491220474,0.23361586034297943,
3310,6.006290435791016,0.000942374870646745,0.6798699498176575,0.057207345962524414,0.15490709245204926,
3311,4.488656997680664,0.0008353474549949169,0.6922206878662109,0.017543813213706017,0.1334782838821411,
3312,10.2359037399292,0.0008480346878059208,0.6878520846366882,0.10491245985031128,0.2761615514755249,
3313,5.152632713317871,0.0008610052173025906,0.642035722732544,0.046896059066057205,0.13266681134700775,
3314,11.91943645477295,0.0008206461207009852,0.8960564732551575,0.13103501498699188,0.30907952785491943,
3315,7.031722545623779,0.0009868612978607416,0.7004216313362122,0.10378557443618774,0.14847959578037262,
3316,5.040901184082031,0.0008966508903540671,0.7692620754241943,0.04873836040496826,0.12123054265975952,
3317,4.657790184020996,0.000854470010381192,0.5900722146034241,0.00385361909866333,0.1580006331205368,
3318,2.846031904220581,0.0008798151393420994,0.7850162982940674,0.010554413311183453,0.0710063949227333,
3319,3.2500832080841064,0.0008942307904362679,0.6370189189910889,0.036669451743364334,0.06695888936519623,
3320,6.714260101318359,0.0007612149347551167,0.5614292621612549,0.06771401315927505,0.1776379942893982,
3321,2.3709168434143066,0.0009206566028296947,0.7422119379043579,0.013305584900081158,0.0509219616651535,
3322,5.4642767906188965,0.0008568085613660514,0.617742121219635,0.09062912315130234,0.10237545520067215,
3323,3.527865409851074,0.0008197139832191169,0.48109567165374756,0.05489392951130867,0.06615714728832245,
3324,5.480587482452393,0.0009214733727276325,0.6515424847602844,0.0491703562438488,0.14306996762752533,
3325,4.8744425773620605,0.0008815859328024089,0.7572649717330933,0.028213640674948692,0.13559186458587646,
3326,5.2333221435546875,0.0009390880004502833,0.6829644441604614,0.022540587931871414,0.15853463113307953,
3327,14.283751487731934,0.0008454135968349874,0.6934548020362854,0.03443920612335205,0.5083272457122803,
3328,5.650198936462402,0.0010619949316605926,0.47987431287765503,0.00026988983154296875,0.20548111200332642,
3329,2.7616004943847656,0.0008752650464884937,0.6681251525878906,0.04600965976715088,0.036854088306427,
3330,4.000496864318848,0.0009390445775352418,0.8232901096343994,0.05041436105966568,0.07573485374450684,
3331,7.223322868347168,0.0011103132274001837,0.6733307242393494,0.03815414384007454,0.2227352261543274,
3332,5.445408344268799,0.0008382917731069028,0.6622484922409058,0.046160001307725906,0.14432808756828308,
3333,7.041844844818115,0.0010430747643113136,0.5401996970176697,0.08041463792324066,0.17860808968544006,
3334,2.9228339195251465,0.0008405482512898743,0.6775916814804077,0.019720355048775673,0.06924878060817719,
3335,2.878699779510498,0.0008568154298700392,0.6232050657272339,0.06294173002243042,0.026421237736940384,
3336,3.0362024307250977,0.0009439404238946736,0.6972849369049072,0.016781050711870193,0.07583170384168625,
3337,7.985172748565674,0.0011434819316491485,0.6650360822677612,0.029031217098236084,0.26263076066970825,
3338,4.530621528625488,0.0009475458064116538,0.6664180755615234,0.10804218053817749,0.045578405261039734,
3339,2.8895702362060547,0.0010060962522402406,0.7157725095748901,0.03251693770289421,0.053428880870342255,
3340,6.903499603271484,0.0009593061986379325,0.6004722118377686,0.06325920671224594,0.18790258467197418,
3341,6.301373481750488,0.0009634682792238891,0.6708555817604065,0.04924456402659416,0.17501269280910492,
3342,2.6229300498962402,0.0010369897354394197,0.773564338684082,0.0,0.07293763756752014,
3343,5.55806303024292,0.0010079118655994534,0.5959123373031616,0.06753001362085342,0.12994810938835144,
3344,11.238900184631348,0.0010309400968253613,0.7741737961769104,0.0,0.41755813360214233,
3345,7.606754302978516,0.0011322629870846868,0.7090733051300049,0.0,0.274774968624115,
3346,9.729613304138184,0.0009336018119938672,0.8019968867301941,0.061558764427900314,0.2946122884750366,
3347,5.170952796936035,0.0010059274500235915,0.6446549892425537,0.03418109938502312,0.14586487412452698,
3348,4.437726974487305,0.0011646592756733298,0.6861844062805176,0.058777015656232834,0.09012001752853394,
3349,11.650582313537598,0.0009994389256462455,0.5977112054824829,0.020868659019470215,0.4202467203140259,
3350,9.479598999023438,0.0008580885478295386,0.7830634713172913,0.06658413261175156,0.28041917085647583,
3351,8.431403160095215,0.0009759199456311762,0.5916383266448975,0.07227820158004761,0.24033644795417786,
3352,4.278153419494629,0.0009417617111466825,0.9523741006851196,0.05538852885365486,0.07670088112354279,
3353,2.2366418838500977,0.0008969628252089024,0.6590547561645508,0.008118350990116596,0.054088179022073746,
3354,4.700593948364258,0.0009390395716764033,0.7090737819671631,0.036678873002529144,0.12204289436340332,
3355,4.644688129425049,0.0010267061879858375,0.7672205567359924,0.06163817644119263,0.09243381768465042,
3356,3.433265447616577,0.0010235488880425692,0.7406104207038879,0.0461152009665966,0.06056744605302811,
3357,8.039046287536621,0.0010396012803539634,0.6039041876792908,0.13996288180351257,0.15640321373939514,
3358,6.385077476501465,0.0009100086172111332,0.5464451313018799,0.05741182714700699,0.1752234697341919,
3359,7.666296482086182,0.0009473637328483164,0.5849491953849792,0.17161354422569275,0.11069300770759583,
3360,3.980299472808838,0.0010160621022805572,0.7378584146499634,0.06312461942434311,0.06555696576833725,
3361,3.871005058288574,0.0009734504856169224,0.6751710176467896,0.0,0.1268599033355713,
3362,3.888279438018799,0.0008854258339852095,0.5218156576156616,0.08613839000463486,0.047634728252887726,
3363,6.985162734985352,0.0009489837102591991,0.7725173830986023,0.03854433819651604,0.20901250839233398,
3364,4.817427158355713,0.0011189597425982356,0.6347899436950684,0.09330109506845474,0.0728854313492775,
3365,4.244181156158447,0.0009119007736444473,0.652083158493042,0.0613529272377491,0.08141909539699554,
3366,5.923381328582764,0.0010125257540494204,0.6744973063468933,0.04403344914317131,0.16490940749645233,
3367,5.687654972076416,0.0009004056337289512,0.803290843963623,0.015618364326655865,0.1788557916879654,
3368,4.664140224456787,0.000958021788392216,0.864101767539978,0.08459275960922241,0.06645074486732483,
3369,4.236081123352051,0.0008276542066596448,0.6420993804931641,0.028188088908791542,0.11474352329969406,
3370,4.768929481506348,0.0009406619356013834,0.5233666896820068,0.07158905267715454,0.09729281067848206,
3371,6.2482194900512695,0.001067318837158382,0.7579925060272217,0.02800009585916996,0.19054166972637177,
3372,4.2473835945129395,0.0009363347780890763,0.6714754104614258,0.06897889077663422,0.0731211006641388,
3373,5.364303112030029,0.0008670912939123809,0.6442955732345581,0.04789908975362778,0.14003410935401917,
3374,5.438366889953613,0.000845164991915226,0.7354913949966431,0.07791167497634888,0.10935818403959274,
3375,2.7269182205200195,0.0009042141609825194,0.6480237245559692,0.025766590610146523,0.05648498237133026,
3376,5.280966758728027,0.0008641195599921048,0.5318580269813538,0.024760544300079346,0.16433969140052795,
3377,4.471373081207275,0.0008252596599049866,0.6711834073066711,0.033697664737701416,0.11748465895652771,
3378,12.084351539611816,0.0009198756888508797,0.8293808698654175,0.10438837110996246,0.3448905944824219,
3379,4.683446884155273,0.0010076332837343216,0.608802080154419,0.024500170722603798,0.13747797906398773,
3380,2.005664110183716,0.0008589366916567087,0.6180147528648376,0.019039848819375038,0.035607192665338516,
3381,4.431248664855957,0.0008849338628351688,0.6589542627334595,0.0452912263572216,0.10471562296152115,
3382,5.731329917907715,0.0007885810337029397,0.6892573833465576,0.09848908334970474,0.10240522772073746,
3383,3.954557418823242,0.0010157411452382803,0.6511048078536987,0.025535663589835167,0.1055866926908493,
3384,6.763073921203613,0.0009309886954724789,0.8741233348846436,0.02023700810968876,0.21439000964164734,
3385,6.84124755859375,0.0009059538715519011,0.8038794994354248,0.0,0.24058876931667328,
3386,7.109281539916992,0.0009023958700709045,0.6228116750717163,0.016512811183929443,0.242043599486351,
3387,5.187947750091553,0.000840622466057539,0.8088887929916382,0.04604959487915039,0.1282721310853958,
3388,1.2859911918640137,0.0008497919770888984,0.7070010304450989,0.0,0.022309811785817146,
3389,7.210497856140137,0.0008376939222216606,0.7407810688018799,0.015593807213008404,0.24235716462135315,
3390,7.633841037750244,0.0009933416731655598,0.6274971961975098,0.0,0.27926039695739746,
3391,7.5855889320373535,0.0009228051058016717,0.6071401834487915,0.0,0.2782151401042938,
3392,4.937204837799072,0.0008729207329452038,0.6430715322494507,0.06167304515838623,0.10921936482191086,
3393,5.24177360534668,0.0009536692523397505,0.7258931398391724,0.018614768981933594,0.16106677055358887,
3394,9.909318923950195,0.0010786651400849223,0.6461899280548096,0.0,0.3694464862346649,
3395,2.5661067962646484,0.0008266728254966438,0.6277199983596802,0.008815228939056396,0.06789357215166092,
3396,5.080850601196289,0.0009996723383665085,0.5537973642349243,0.006158014293760061,0.17392444610595703,
3397,2.776763677597046,0.0009752652258612216,0.5654664039611816,0.05157345533370972,0.035903166979551315,
3398,9.165499687194824,0.000905944500118494,0.7299373149871826,0.11829540878534317,0.21822114288806915,
3399,4.96587610244751,0.0009429550846107304,0.5548020005226135,0.09987201541662216,0.07562799751758575,
3400,4.137214660644531,0.0009435717365704477,0.7191243767738342,0.08441666513681412,0.05136337876319885,
3401,3.617867946624756,0.0010725344764068723,0.6045410633087158,0.08469866216182709,0.034761883318424225,
3402,5.039640426635742,0.0009826351888477802,0.5161565542221069,0.00970691442489624,0.170249804854393,
3403,6.0254693031311035,0.0010022592032328248,0.6751588582992554,0.10101379454135895,0.1119963750243187,
3404,6.907970905303955,0.0008755485177971423,0.5592051148414612,0.10188291221857071,0.15119217336177826,
3405,4.084809303283691,0.0009241809020750225,0.7532668113708496,0.0198439359664917,0.1124935895204544,
3406,5.070783615112305,0.0008135003154166043,0.6627169251441956,0.10262840986251831,0.07288075983524323,
3407,4.610118865966797,0.0008706751395948231,0.5977156162261963,0.10199389606714249,0.05763154476881027,
3408,4.320692539215088,0.0008538737893104553,0.6248258352279663,0.016162315383553505,0.1308184713125229,
3409,3.6023483276367188,0.0009923084871843457,0.5626561641693115,0.0,0.12059538066387177,
3410,2.9903082847595215,0.0009938578587025404,0.6978374719619751,2.8173128157504834e-05,0.09067680686712265,
3411,7.412674427032471,0.0008628226933069527,0.4707837402820587,0.10720900446176529,0.16960380971431732,
3412,5.671703338623047,0.0008674855343997478,0.5915043354034424,0.026921430602669716,0.17541906237602234,
3413,6.176103115081787,0.0008126441389322281,0.7811724543571472,0.047219496220350266,0.1677650809288025,
3414,2.8679375648498535,0.0009061482269316912,0.8051730394363403,0.0,0.08160443603992462,
3415,3.755108118057251,0.0009183583897538483,0.6210911273956299,0.04593648388981819,0.07850582897663116,
3416,6.246797561645508,0.0008538377587683499,0.6656630635261536,0.06846128404140472,0.15393024682998657,
3417,4.230127811431885,0.0008139589917846024,0.6266895532608032,0.04899130389094353,0.09433227777481079,
3418,4.193542003631592,0.0007579584489576519,0.6684108972549438,0.017552951350808144,0.12269432842731476,
3419,5.204216480255127,0.0008083333377726376,0.5650542974472046,0.09741789102554321,0.08734027296304703,
3420,4.052570343017578,0.0008375789038836956,0.6400232911109924,0.05753932148218155,0.0781249925494194,
3421,2.5500476360321045,0.0008574090898036957,0.6278150677680969,0.047096747905015945,0.0289351474493742,
3422,7.432497024536133,0.0008562553557567298,0.6457221508026123,0.032604556530714035,0.23801018297672272,
3423,3.1873064041137695,0.0009212102158926427,0.7226876020431519,0.010582844726741314,0.0870806872844696,
3424,5.155817985534668,0.0008740344201214612,0.5941668748855591,0.043891310691833496,0.13770070672035217,
3425,3.6117208003997803,0.0009295503259636462,0.5766150951385498,0.0471983328461647,0.0732763484120369,
3426,4.957302570343018,0.0008140499121509492,0.7031893730163574,0.021855134516954422,0.1474953442811966,
3427,3.6723687648773193,0.0009150022524408996,0.7810614109039307,0.01526641845703125,0.09947086870670319,
3428,9.37391471862793,0.000846409413497895,0.6509100198745728,0.10609345138072968,0.24198029935359955,
3429,8.817584991455078,0.000923586543649435,0.6319777965545654,0.01349174976348877,0.3130089342594147,
3430,5.592450141906738,0.0009874571114778519,0.6773349642753601,0.030993381515145302,0.16462378203868866,
3431,10.401323318481445,0.0008950952906161547,0.7103903293609619,0.07438526302576065,0.31235697865486145,
3432,8.773849487304688,0.0009132956038229167,0.6524593830108643,0.061497509479522705,0.26244479417800903,
3433,2.995582103729248,0.0008443525875918567,0.6365855932235718,0.007036765571683645,0.08647874742746353,
3434,4.330987930297852,0.0008490195614285767,0.6904599666595459,0.09025184065103531,0.05452025681734085,
3435,5.071864128112793,0.00096801487961784,0.6544199585914612,0.016520241275429726,0.15920951962471008,
3436,4.926419734954834,0.000904691347386688,0.5944467782974243,0.01409884262830019,0.15827539563179016,
3437,5.027798652648926,0.000921062717679888,0.6146036982536316,0.04575769230723381,0.12984904646873474,
3438,4.040454864501953,0.0008627015049569309,0.6763673424720764,0.0,0.13370078802108765,
3439,7.802251815795898,0.0008890404715202749,0.5200462341308594,0.12654855847358704,0.1638506054878235,
3440,9.707450866699219,0.0008725697989575565,0.6174333095550537,0.05134187266230583,0.31138625741004944,
3441,15.153560638427734,0.0009081221651285887,0.6533234119415283,0.0,0.5791013836860657,
3442,4.405799865722656,0.0010157250799238682,0.7464385032653809,0.0,0.14535874128341675,
3443,11.6629056930542,0.0008478874806314707,0.696643590927124,0.048307180404663086,0.3894953727722168,
3444,6.411029815673828,0.001027944847010076,0.7582334876060486,0.06199665740132332,0.16308724880218506,
3445,6.048362731933594,0.0009983262280002236,0.6054601669311523,0.12894092500209808,0.08777683973312378,
3446,1.9103419780731201,0.0009084860212169588,0.7668041586875916,0.019448161125183105,0.02538486197590828,
3447,4.079489707946777,0.001058947411365807,0.6598832607269287,0.034351129084825516,0.10137417912483215,
3448,6.649266242980957,0.0008136387332342565,0.8029627799987793,0.06112144514918327,0.17191705107688904,
3449,3.138172149658203,0.0009952205000445247,0.6475040316581726,0.08231935650110245,0.01631215028464794,
3450,11.82973575592041,0.0008473084308207035,0.4992840886116028,0.06470557302236557,0.3876652121543884,
3451,5.809447288513184,0.0008869409211911261,0.6132067441940308,0.043582696467638016,0.163379967212677,
3452,10.167394638061523,0.0009601616184227169,0.7302908897399902,0.08887839317321777,0.2876456081867218,
3453,3.8516526222229004,0.0009779155952855945,0.6660594940185547,0.05072417110204697,0.0757216364145279,
3454,2.8891043663024902,0.000804985174909234,0.5901094079017639,0.06099247932434082,0.030162332579493523,
3455,4.373289108276367,0.0008491321932524443,0.6401147842407227,0.016985932365059853,0.13149189949035645,
3456,5.394319534301758,0.0009976743021979928,0.6108302474021912,0.07823161035776138,0.11211027950048447,
3457,6.934797286987305,0.0009292465983889997,0.6662623882293701,0.1306687295436859,0.11914342641830444,
3458,4.041156768798828,0.0008332852157764137,0.7144083976745605,0.02602905035018921,0.10620760172605515,
3459,5.627151012420654,0.0008912549237720668,0.6124509572982788,0.14777277410030365,0.0519239604473114,
3460,3.0992960929870605,0.0008500479161739349,0.611240804195404,0.038309235125780106,0.06036292016506195,
3461,6.431474685668945,0.0007834000862203538,0.6029051542282104,0.10808767378330231,0.1242717057466507,
3462,3.8779685497283936,0.0009423817391507328,0.6019107699394226,0.044467389583587646,0.08563253283500671,
3463,7.062612056732178,0.0008948210743255913,0.7219727635383606,0.03391818329691887,0.21881255507469177,
3464,5.87343692779541,0.0008517925743944943,0.8379622101783752,0.0788717046380043,0.12169548869132996,
3465,2.083150863647461,0.0008580641006119549,0.5869160890579224,0.03681250289082527,0.02217881567776203,
3466,2.9004006385803223,0.0009435142856091261,0.553052544593811,0.04883422330021858,0.04411618784070015,
3467,7.075425148010254,0.0009960662573575974,0.6181089878082275,0.08313515037298203,0.17416143417358398,
3468,12.517255783081055,0.0009299779194407165,0.7821650505065918,0.00368354725651443,0.46479007601737976,
3469,9.117900848388672,0.0008603918831795454,0.6800903677940369,0.053893107920885086,0.2827589213848114,
3470,4.3882856369018555,0.0008847580174915493,0.7178387641906738,0.03627578541636467,0.10965734720230103,
3471,4.61568546295166,0.0010188304586336017,0.6396961212158203,0.05262432247400284,0.10539642721414566,
3472,6.141161918640137,0.0008670641109347343,0.5611876249313354,0.012813587673008442,0.20951831340789795,
3473,6.082892417907715,0.0008448291919194162,0.8764507174491882,0.04274747893214226,0.1646653711795807,
3474,3.6696314811706543,0.0008932541240938008,0.7128903865814209,0.0,0.11737639456987381,
3475,6.7031660079956055,0.0008479994139634073,0.6856725215911865,0.0,0.239851713180542,
3476,1.920281171798706,0.0009749826858751476,0.680604875087738,0.0,0.048612069338560104,
3477,7.331844329833984,0.0008518397225998342,0.5682638883590698,0.15369060635566711,0.11600076407194138,
3478,11.141497611999512,0.0008333877194672823,0.57951819896698,0.001047631143592298,0.4205981492996216,
3479,10.773405075073242,0.00094223563792184,0.6423851847648621,0.04649198055267334,0.357806533575058,
3480,4.698392868041992,0.000907367852050811,0.5962277054786682,0.022160610184073448,0.14101862907409668,
3481,3.169342279434204,0.0010013390565291047,0.5858120322227478,0.04661939665675163,0.05572047084569931,
3482,4.636988639831543,0.0007774064433760941,0.6125895977020264,0.06499828398227692,0.09520026296377182,
3483,5.362074851989746,0.0008714525611139834,0.554465651512146,0.043181221932172775,0.14825168251991272,
3484,10.414373397827148,0.0009285266860388219,0.6553993225097656,0.0212502870708704,0.36818015575408936,
3485,2.7321548461914062,0.0010392018593847752,0.5170334577560425,0.057781100273132324,0.029784560203552246,
3486,6.148286819458008,0.0010119405342265964,0.5766642093658447,0.053811270743608475,0.16804170608520508,
3487,11.334864616394043,0.0009028604836203158,0.6163550615310669,0.05283244326710701,0.3750050663948059,
3488,6.068611145019531,0.0009130569524131715,0.4686480760574341,0.1199069619178772,0.10317851603031158,
3489,3.899815559387207,0.0008706950466148555,0.6192890405654907,0.04108715057373047,0.08926321566104889,
3490,8.249032974243164,0.000978404888883233,0.6291446089744568,0.07339350879192352,0.23042362928390503,
3491,3.432697296142578,0.0009600232006050646,0.5881571173667908,0.04041443392634392,0.07240714877843857,
3492,1.8629595041275024,0.0009105257340706885,0.7421143054962158,0.0,0.043923281133174896,
3493,6.160342216491699,0.0009623562800697982,0.5612564086914062,0.017771760001778603,0.20522931218147278,
3494,1.9300100803375244,0.0010491620050743222,0.6543022394180298,0.01631118915975094,0.03366796299815178,
3495,4.299110412597656,0.001022044918499887,0.6449545621871948,0.050407785922288895,0.09473639726638794,
3496,5.265820503234863,0.0009930743835866451,0.7271365523338318,0.1140042319893837,0.06655004620552063,
3497,2.6605963706970215,0.0009397598914802074,0.6664016246795654,0.02373085357248783,0.055097177624702454,
3498,5.708456039428711,0.0009780738037079573,0.6700782775878906,0.047485727816820145,0.1530713140964508,
3499,3.4810614585876465,0.000892277283128351,0.7386854887008667,0.0,0.10880275815725327,
3500,10.575843811035156,0.0008607190102338791,0.5428162217140198,0.05971513316035271,0.3407452404499054,"[1.302323579788208, 0.9095776081085205, 0.9403009414672852]"
3501,6.375436782836914,0.0009029136854223907,0.5874131917953491,0.07748818397521973,0.15312983095645905,
3502,4.011829853057861,0.0010496568866074085,0.5799280405044556,0.06011273339390755,0.07611368596553802,
3503,3.972519874572754,0.0008410856244154274,0.6754196882247925,0.08975531905889511,0.041287608444690704,
3504,4.828823089599609,0.0008854612824507058,0.6030490398406982,0.11682949215173721,0.0513160265982151,
3505,5.937253475189209,0.0010087460977956653,0.7364808320999146,0.0222907867282629,0.1847313642501831,
3506,4.7528204917907715,0.0008938039536587894,0.6429190039634705,0.033415138721466064,0.13008710741996765,
3507,4.936895847320557,0.0008835988119244576,0.6215806007385254,0.0357496552169323,0.13597935438156128,
3508,4.703217506408691,0.0008757147006690502,0.5928897857666016,0.036902982741594315,0.126634418964386,
3509,7.603879928588867,0.0008641157764941454,0.6583194732666016,0.1268242746591568,0.15013402700424194,
3510,3.5165090560913086,0.0009699367801658809,0.6273062229156494,0.028664013370871544,0.08593416213989258,
3511,6.563076496124268,0.0007554758922196925,0.6551870107650757,0.07223311811685562,0.16332696378231049,
3512,5.59834623336792,0.0009950780076906085,0.624806821346283,0.022048115730285645,0.17589837312698364,
3513,5.2359161376953125,0.0009522931068204343,0.5300018787384033,0.1069110631942749,0.08037322014570236,
3514,3.8304343223571777,0.0010827009100466967,0.5153419971466064,0.06547901779413223,0.0660419762134552,
3515,5.423224925994873,0.001109971897676587,0.5413246750831604,0.06812868267297745,0.1260373592376709,
3516,7.4587507247924805,0.0009454062092117965,0.4944394826889038,0.09464653581380844,0.1829805076122284,
3517,4.812711715698242,0.0009502160246483982,0.7268204092979431,0.045587122440338135,0.1168983057141304,
3518,3.920531749725342,0.0008551478385925293,0.6614359617233276,0.0,0.12950867414474487,
3519,4.174868583679199,0.0010594691848382354,0.7065578699111938,0.0,0.13767296075820923,
3520,10.8499116897583,0.00092784856678918,0.5507317781448364,0.02839726209640503,0.38264209032058716,
3521,4.947768211364746,0.0008581381407566369,0.7239139080047607,0.0,0.16809603571891785,
3522,4.727469444274902,0.0009519039303995669,0.6534595489501953,0.021376511082053185,0.14063197374343872,
3523,2.5040998458862305,0.00103283254429698,0.6004232168197632,0.0,0.07511422783136368,
3524,2.7476649284362793,0.0010023621143773198,0.6313782334327698,0.034222107380628586,0.04942700266838074,
3525,8.438697814941406,0.0009747284348122776,0.7445580363273621,0.014025549404323101,0.2927653193473816,
3526,3.8570096492767334,0.0009649270214140415,0.7992834448814392,0.0,0.12134411931037903,
3527,5.079985618591309,0.0010639129905030131,0.685517430305481,0.06093506142497063,0.11377976089715958,
3528,6.741064071655273,0.0008960330742411315,0.4664882719516754,0.14612968266010284,0.10395731031894684,
3529,6.97012186050415,0.0009777519153431058,0.5524164438247681,0.15240201354026794,0.10332845151424408,
3530,7.137011528015137,0.0011025576386600733,0.5820643901824951,0.07706383615732193,0.18403150141239166,
3531,4.5190582275390625,0.0011711474508047104,0.6348379254341125,0.08283162117004395,0.07136604189872742,
3532,4.743102073669434,0.0009029028587974608,0.6584433317184448,0.04130357503890991,0.12117987871170044,
3533,3.541541337966919,0.000875355675816536,0.6408770084381104,0.06557512283325195,0.04957609623670578,
3534,3.5162112712860107,0.0009484025649726391,0.7375187873840332,0.02251855656504631,0.08768074214458466,
3535,7.635926246643066,0.0008955441298894584,0.6290838718414307,0.10562379658222198,0.17375434935092926,
3536,7.319237232208252,0.0008801852236501873,0.8565750122070312,0.07034681737422943,0.18727949261665344,
3537,4.175593376159668,0.0009851845679804683,0.6530923247337341,0.0031537215691059828,0.1367611438035965,
3538,6.815104961395264,0.0008962370338849723,0.6843615770339966,9.79304313659668e-05,0.2442355751991272,
3539,5.428178787231445,0.0009346362785436213,0.840140700340271,0.031189441680908203,0.1513974368572235,
3540,2.4507699012756348,0.0008086364832706749,0.6465235948562622,0.055561721324920654,0.01579948700964451,
3541,6.53184700012207,0.000846982526127249,0.4978419542312622,0.12865932285785675,0.11185389012098312,
3542,5.6923627853393555,0.0008990070782601833,0.6256566047668457,0.0327596478164196,0.16900958120822906,
3543,9.740091323852539,0.000973888672888279,0.5881918668746948,0.0532064251601696,0.3118956685066223,
3544,3.8190383911132812,0.0009565246873535216,0.629111647605896,0.028425157070159912,0.09821538627147675,
3545,6.763723373413086,0.0008307471871376038,0.5367544293403625,0.1743416041135788,0.07390640676021576,
3546,3.061659336090088,0.0008250363753177226,0.600347638130188,0.022234877571463585,0.07539255172014236,
3547,9.910955429077148,0.000913544325158,0.5272260904312134,0.035528600215911865,0.33890700340270996,
3548,6.792799472808838,0.0010347542120143771,0.6294332146644592,0.07746902853250504,0.16803087294101715,
3549,6.406879901885986,0.0009487245115451515,0.6236539483070374,0.03168090060353279,0.19869941473007202,
3550,6.694154262542725,0.0009468659409321845,0.5237939953804016,0.0989651307463646,0.1469024121761322,
3551,2.1524922847747803,0.0008794846944510937,0.7205862402915955,0.010656853206455708,0.045739904046058655,
3552,2.9273264408111572,0.0008057972299866378,0.6375942826271057,0.06899495422840118,0.02178853563964367,
3553,4.730966567993164,0.0008336115279234946,0.6513092517852783,0.06243336200714111,0.09991931170225143,
3554,9.59327220916748,0.0010231141932308674,0.7637242078781128,0.08619070053100586,0.26596808433532715,
3555,8.692328453063965,0.0010417201556265354,0.6091873645782471,0.051738619804382324,0.2705453038215637,
3556,6.328042984008789,0.0008853948675096035,0.7225573062896729,0.1055147796869278,0.11781926453113556,
3557,4.6085991859436035,0.000927549961488694,0.620427668094635,0.011796633712947369,0.14680267870426178,
3558,4.130580425262451,0.0008997281547635794,0.6296757459640503,0.04536547139286995,0.09377098083496094,
3559,8.063158988952637,0.0008492301567457616,0.5269898176193237,0.022527536377310753,0.27807000279426575,
3560,7.822214603424072,0.0008355052559636533,0.6431896090507507,0.0,0.28632548451423645,
3561,4.738964080810547,0.0009160051122307777,0.681169867515564,0.0448712483048439,0.11652451008558273,
3562,7.53207540512085,0.0008965684683062136,0.5818133354187012,0.08147736638784409,0.1956365555524826,
3563,3.2251205444335938,0.0008819576469250023,0.6630309820175171,0.03718332573771477,0.06441830098628998,
3564,5.490037441253662,0.000942777085583657,0.6864963173866272,0.03205619007349014,0.15914268791675568,
3565,7.515776634216309,0.0010913029545918107,0.6434414386749268,0.058708589524030685,0.2150934934616089,
3566,3.6784067153930664,0.0009783909190446138,0.6145392656326294,0.05337085202336311,0.06820546090602875,
3567,3.1944637298583984,0.0009919758886098862,0.5924115777015686,0.026170015335083008,0.07692009955644608,
3568,4.513751983642578,0.0008843589457683265,0.5917344093322754,0.12933829426765442,0.026658041402697563,
3569,4.7644453048706055,0.0010381954489275813,0.6143214702606201,0.06998149305582047,0.0949852466583252,
3570,5.683069229125977,0.0008901751134544611,0.6854448318481445,0.1288282722234726,0.0701865404844284,
3571,6.271363258361816,0.0008397181518375874,0.6582181453704834,0.11249451339244843,0.11119155585765839,
3572,6.138618469238281,0.001004365854896605,0.5605928301811218,0.031581342220306396,0.19053532183170319,
3573,4.650373935699463,0.0010306797921657562,0.534908652305603,0.07162980735301971,0.09195812046527863,
3574,6.7758612632751465,0.0008864556439220905,0.6358200907707214,0.09590718895196915,0.14880800247192383,
3575,7.979701519012451,0.0009862391743808985,0.7010022401809692,0.0016611615428701043,0.28850057721138,
3576,3.774486780166626,0.0009661544463597238,0.5846846103668213,0.033307671546936035,0.09331826120615005,
3577,3.759399890899658,0.0009565918589942157,0.6775122880935669,0.02549056150019169,0.09682834893465042,
3578,4.914538383483887,0.0009649393032304943,0.6984905004501343,0.05774569511413574,0.10993127524852753,
3579,6.485822677612305,0.0009588725515641272,0.6433842182159424,0.0430765375494957,0.1896621286869049,
3580,4.262732982635498,0.0008238813024945557,0.6756101846694946,0.06598851829767227,0.0766725242137909,
3581,4.808805465698242,0.0010279546258971095,0.7628016471862793,0.0,0.16081219911575317,
3582,5.429258346557617,0.0009721083915792406,0.707434892654419,0.0810304507613182,0.10687036067247391,
3583,4.432218551635742,0.0009122701012529433,0.5730471611022949,0.0,0.15345458686351776,
3584,2.7255866527557373,0.0009817067766562104,0.701076328754425,0.019111236557364464,0.060887470841407776,
3585,3.5158050060272217,0.0010644810972735286,0.8165825009346008,0.03471936658024788,0.07218505442142487,
3586,4.495908737182617,0.0008802409283816814,0.6376460790634155,0.02286630868911743,0.1305839568376541,
3587,4.957766532897949,0.000910792441572994,0.6938350200653076,0.0,0.1696464717388153,
3588,5.784369468688965,0.0008988337940536439,0.6640843152999878,0.0,0.20391255617141724,
3589,2.8197832107543945,0.0008676157449372113,0.7012358903884888,0.0,0.08387427031993866,
3590,3.138571262359619,0.0008467310690321028,0.8381420373916626,0.0034414727706462145,0.08772896230220795,
3591,4.068540096282959,0.0008586429175920784,0.6669362783432007,0.06552287191152573,0.06968263536691666,
3592,10.995530128479004,0.0008265629294328392,0.8514770269393921,0.07753566652536392,0.3273999094963074,
3593,2.820462226867676,0.0008679463644511998,0.5751789808273315,0.057710789144039154,0.03123258799314499,
3594,3.9525434970855713,0.0009268606081604958,0.6300909519195557,0.03676251694560051,0.09520871937274933,
3595,5.929120063781738,0.00083680241368711,0.48510825634002686,0.045991022139787674,0.17093265056610107,
3596,1.4814077615737915,0.0009616885799914598,0.5451384782791138,0.005860567092895508,0.030628515407443047,
3597,5.449350357055664,0.0008914435748010874,0.6030504703521729,0.0,0.19296056032180786,
3598,7.833585739135742,0.0008936366648413241,0.8709907531738281,0.11236325651407242,0.1652469038963318,
3599,7.448468208312988,0.0009571756236255169,0.8207383155822754,0.053986210376024246,0.2101658135652542,
3600,6.434197425842285,0.0009287144057452679,0.6979284286499023,0.0839495062828064,0.14457252621650696,
3601,5.015048027038574,0.0009401475545018911,0.6466630101203918,0.05253744125366211,0.12125781178474426,
3602,5.168025970458984,0.0009790986077859998,0.6109342575073242,0.08062931150197983,0.10067526996135712,
3603,9.14052677154541,0.0008168877684511244,0.6497915983200073,0.0704202875494957,0.2683922350406647,
3604,4.742397308349609,0.0009134574793279171,0.7902071475982666,0.0,0.15717415511608124,
3605,4.057788372039795,0.0009742454276420176,0.599296510219574,0.036981482058763504,0.1003839522600174,
3606,3.253896474838257,0.0008900400134734809,0.5648219585418701,0.07781717926263809,0.028855767101049423,
3607,11.108902931213379,0.0009707214776426554,0.6362953782081604,0.020882567390799522,0.39705100655555725,
3608,12.283607482910156,0.0009074622648768127,0.6864124536514282,0.05344180390238762,0.40953850746154785,
3609,3.5827531814575195,0.0010515399044379592,0.7359055280685425,0.005745053291320801,0.10707730799913406,
3610,4.149969577789307,0.0010932853911072016,0.602188229560852,0.010554373264312744,0.13026359677314758,
3611,6.316876411437988,0.0011684154160320759,0.6410410404205322,0.11368850618600845,0.11217650771141052,
3612,4.854289531707764,0.0009688333957456052,0.43897944688796997,0.056310515850782394,0.11933305859565735,
3613,6.410213947296143,0.0009353616624139249,0.7437977194786072,0.13454559445381165,0.09117569029331207,
3614,4.445864677429199,0.0011558636324480176,0.6401565074920654,0.1109829917550087,0.040089476853609085,
3615,5.899986267089844,0.0009645583922974765,0.5909347534179688,0.0751245990395546,0.13627290725708008,
3616,4.1315388679504395,0.0009432537481188774,0.5395602583885193,0.06489042192697525,0.07784546166658401,
3617,3.3584442138671875,0.0008020750829018652,0.5463908910751343,0.06563323736190796,0.046046819537878036,
3618,2.431682586669922,0.000902439234778285,0.8536075353622437,0.01907459832727909,0.04314596951007843,
3619,7.456610202789307,0.0009408269543200731,0.6547292470932007,0.07584025710821152,0.19529415667057037,
3620,5.082655429840088,0.0009694701875559986,0.44211345911026,0.10688464343547821,0.07776758074760437,
3621,6.050992488861084,0.0009385822340846062,0.7386703491210938,0.0,0.21155428886413574,
3622,9.806078910827637,0.0008977272664196789,0.7914879322052002,0.049682218581438065,0.31000369787216187,
3623,6.970131874084473,0.00103643792681396,0.7673180103302002,0.05533502623438835,0.19174110889434814,
3624,4.95025634765625,0.0009574037394486368,0.7290818691253662,0.05303388833999634,0.11485569179058075,
3625,2.9873452186584473,0.0009209922864101827,0.7639051675796509,0.01820007897913456,0.06981652975082397,
3626,6.19997501373291,0.000996293849311769,0.596250057220459,0.03856470435857773,0.1845880001783371,
3627,3.649142265319824,0.0010383317712694407,0.6536503434181213,0.037097036838531494,0.08168431371450424,
3628,4.331674098968506,0.001039175665937364,0.8211420774459839,0.024756768718361855,0.11462534219026566,
3629,3.4147849082946777,0.0009043014724738896,0.7858036756515503,0.0,0.10425494611263275,
3630,3.7714991569519043,0.0009170573321171105,0.6430090665817261,0.05482326075434685,0.06939928233623505,
3631,6.617260456085205,0.0009400353883393109,0.711143970489502,0.0,0.23530462384223938,
3632,2.6603262424468994,0.0010106951231136918,0.7683910727500916,0.018003186210989952,0.05666352063417435,
3633,8.016519546508789,0.000899782229680568,0.797574520111084,0.05960436537861824,0.22825366258621216,
3634,5.182307243347168,0.0011010400485247374,0.7561912536621094,0.04036800190806389,0.13557559251785278,
3635,11.729496955871582,0.0008995759417302907,0.6815329790115356,0.016169071197509766,0.4248499274253845,
3636,1.6861985921859741,0.0010217161616310477,0.586003303527832,0.0,0.04298609867691994,
3637,3.035231590270996,0.0008742377976886928,0.8113459348678589,0.0,0.08808119595050812,
3638,6.093764305114746,0.0008293930441141129,0.8407335877418518,0.031928736716508865,0.1773630827665329,
3639,2.6888465881347656,0.0009895921684801579,0.7669991850852966,0.0,0.07588429749011993,
3640,3.245455026626587,0.0008908906020224094,0.6866466999053955,0.03625820204615593,0.0652032420039177,
3641,3.345273494720459,0.0008831098093651235,0.8893142938613892,0.0,0.09735524654388428,
3642,3.157332181930542,0.0008553777006454766,0.678178608417511,0.04000936076045036,0.0583014115691185,
3643,5.352578163146973,0.0009251356241293252,0.7079633474349976,0.05856356769800186,0.12629587948322296,
3644,6.443843364715576,0.0008988604531623423,0.8678625822067261,0.027290284633636475,0.19485008716583252,
3645,6.0796427726745605,0.000843545189127326,0.6742448806762695,0.008946199901401997,0.20642615854740143,
3646,5.533443927764893,0.0007760802400298417,0.7086455225944519,0.07199021428823471,0.12022565305233002,
3647,3.3269362449645996,0.001113029313273728,0.6469665765762329,0.0,0.10608574748039246,
3648,6.045067310333252,0.0008972934447228909,0.8183187246322632,0.0585833378136158,0.14958931505680084,
3649,3.4217629432678223,0.0009118513553403318,0.5898122191429138,0.06880316883325577,0.043563008308410645,
3650,3.8982980251312256,0.0009080370073206723,0.7763729095458984,0.0,0.12396895885467529,
3651,2.4606943130493164,0.0008631093078292906,0.6531563997268677,0.021404245868325233,0.050034165382385254,
3652,4.029088020324707,0.0009314343333244324,0.6635679006576538,0.0,0.13368937373161316,
3653,8.143741607666016,0.0009335411596111953,0.7188452482223511,0.05171213671565056,0.24435018002986908,
3654,7.0028886795043945,0.0008825504337437451,0.7683882713317871,0.0688399076461792,0.17965756356716156,
3655,8.45104694366455,0.0007832779665477574,0.7628965377807617,0.15681704878807068,0.14992567896842957,
3656,4.5030999183654785,0.0008497812668792903,0.479012131690979,0.0861453041434288,0.07396841794252396,
3657,3.5810787677764893,0.0008977854740805924,0.6642971038818359,0.07663408666849136,0.03913939744234085,
3658,2.4200706481933594,0.0008389365393668413,0.5580428838729858,0.04518739506602287,0.028454767540097237,
3659,4.947019100189209,0.0008778541232459247,0.6879273653030396,0.04789978265762329,0.12158603221178055,
3660,5.05076789855957,0.0008867760770954192,0.6917507648468018,0.03992259502410889,0.13355131447315216,
3661,8.910823822021484,0.0007174708298407495,0.6141213178634644,0.10468126833438873,0.22646933794021606,
3662,4.084139823913574,0.0008905629510991275,0.6563702821731567,0.011372566223144531,0.1248476505279541,
3663,4.840763568878174,0.0007659904658794403,0.803464412689209,0.0,0.16072596609592438,
3664,2.9134597778320312,0.0007967107812874019,0.6367537975311279,0.02557007409632206,0.06470145285129547,
3665,2.8838188648223877,0.0008566572214476764,0.5643137097358704,0.0456850528717041,0.0462384968996048,
3666,6.25380802154541,0.0008797620539553463,0.6783453226089478,0.0036519765853881836,0.21848677098751068,
3667,5.16392183303833,0.0008098155376501381,0.6997401118278503,0.0052912235260009766,0.1724662482738495,
3668,4.007343292236328,0.0008303655777126551,0.6466085910797119,0.07124316692352295,0.06235584616661072,
3669,3.5549521446228027,0.0009374989313073456,0.5798166990280151,0.04510084539651871,0.0729670599102974,
3670,13.863208770751953,0.000774953281506896,0.6211293935775757,0.017528275027871132,0.5113799571990967,
3671,3.545560598373413,0.0009596389718353748,0.6406523585319519,0.0,0.11523669213056564,
3672,3.20815372467041,0.000867560796905309,0.5970006585121155,0.02093585394322872,0.08264270424842834,
3673,12.27534294128418,0.0008330291602760553,0.5712203979492188,0.041238050907850266,0.42609381675720215,
3674,3.8267927169799805,0.000833617290481925,0.7878900766372681,0.07015442848205566,0.05056806653738022,
3675,4.949149131774902,0.0009083946351893246,0.5812377333641052,0.057054419070482254,0.11675363779067993,
3676,5.684353828430176,0.0008769187261350453,0.43182289600372314,0.09082163870334625,0.11840267479419708,
3677,4.505089282989502,0.0008582361624576151,0.7721447944641113,0.1047075167298317,0.043752025812864304,
3678,5.867901802062988,0.0009967932710424066,0.5685312747955322,0.09522732347249985,0.11575070023536682,
3679,4.161984443664551,0.000921743456274271,0.6291241645812988,0.02030334807932377,0.1200893297791481,
3680,4.479974746704102,0.0008210410014726222,0.5423264503479004,0.06807965040206909,0.08860523998737335,
3681,4.746644496917725,0.0009076466667465866,0.5801252126693726,0.08121296018362045,0.08454015105962753,
3682,3.28120493888855,0.0008751311688683927,0.6089670658111572,0.03134594485163689,0.07466843724250793,
3683,5.671474456787109,0.0008945874869823456,0.5039283633232117,0.051672399044036865,0.1541348546743393,
3684,5.649481773376465,0.0008494551293551922,0.5384284853935242,0.04948170855641365,0.15411096811294556,
3685,5.549304485321045,0.0009027309715747833,0.7861799001693726,0.0,0.18962225317955017,
3686,5.375362873077393,0.0008421969250775874,0.630233883857727,0.0,0.18896296620368958,
3687,8.449520111083984,0.0008383599924854934,0.6302281022071838,0.033541083335876465,0.2783922255039215,
3688,14.489849090576172,0.000961060228291899,0.7293061017990112,0.011594395153224468,0.5378662347793579,
3689,2.2574801445007324,0.0007697981782257557,0.6237109303474426,0.020716190338134766,0.04386478289961815,
3690,6.387653350830078,0.0007982126553542912,0.612297773361206,0.01844247244298458,0.21177354454994202,
3691,5.970045566558838,0.0007602341938763857,0.6652992367744446,0.03231602907180786,0.17911358177661896,
3692,5.238007545471191,0.0008158267010003328,0.5681157112121582,0.05119631811976433,0.134783536195755,
3693,4.228358268737793,0.0008371028234250844,0.6625150442123413,0.05711217597126961,0.08468444645404816,
3694,5.677807331085205,0.0007951699080877006,0.6940889358520508,0.009328305721282959,0.18922525644302368,
3695,17.02654266357422,0.0008231441606767476,0.62333083152771,0.08928070217370987,0.5660246014595032,
3696,2.9746124744415283,0.0009189476841129363,0.6749556660652161,0.031219899654388428,0.05984742194414139,
3697,5.209160327911377,0.0008944647270254791,0.5454353094100952,0.06805535405874252,0.11759917438030243,
3698,4.215590476989746,0.0008201149757951498,0.5935709476470947,0.020291486755013466,0.12376917898654938,
3699,3.751640558242798,0.0007820436730980873,0.608483076095581,0.03874804452061653,0.08619621396064758,
3700,7.855800628662109,0.0008928412571549416,0.6521416902542114,0.043521981686353683,0.2437315285205841,
3701,1.989532470703125,0.0009098105947487056,0.5751765966415405,0.00607617711648345,0.04958824813365936,
3702,3.3980250358581543,0.00083155621541664,0.4709552824497223,0.05900510028004646,0.0572461262345314,
3703,6.56662654876709,0.0007871633861213923,0.5221738219261169,0.056444067507982254,0.18454687297344208,
3704,4.177173137664795,0.0008830750011838973,0.6325645446777344,0.05974660441279411,0.08115465939044952,
3705,6.248106956481934,0.0008947108290158212,0.5894036889076233,0.04940301179885864,0.17605042457580566,
3706,3.6210646629333496,0.0008167803753167391,0.6509255170822144,0.05961098521947861,0.05837779492139816,
3707,3.030740261077881,0.0008318754844367504,0.5936481952667236,0.008391241542994976,0.08826056867837906,
3708,4.950189590454102,0.0008664924534969032,0.5691602230072021,0.10732245445251465,0.06705224514007568,
3709,3.9335110187530518,0.0008510983898304403,0.4646943211555481,0.0757649764418602,0.06213659793138504,
3710,5.459614276885986,0.0008686369401402771,0.6198726296424866,0.10540316998958588,0.08731785416603088,
3711,4.857881546020508,0.0008543122676201165,0.48018980026245117,0.01664724014699459,0.1576061248779297,
3712,1.7267470359802246,0.0009298452641814947,0.6513972878456116,0.014141579158604145,0.027942568063735962,
3713,3.5836658477783203,0.0008673057891428471,0.4989830255508423,0.053957439959049225,0.0685625672340393,
3714,7.589451313018799,0.0007756214472465217,0.7409672737121582,0.07409199327230453,0.1990717500448227,
3715,3.776582717895508,0.0009239462087862194,0.5700401663780212,0.05384749174118042,0.07349025458097458,
3716,4.264091491699219,0.0009151114500127733,0.5973697900772095,0.027050474658608437,0.11870328336954117,
3717,5.3995890617370605,0.0008111069910228252,0.6169237494468689,0.02182571031153202,0.16866979002952576,
3718,5.473191738128662,0.0008821111987344921,0.5248993635177612,0.034194450825452805,0.1628551334142685,
3719,6.342156410217285,0.0009355934453196824,0.701674222946167,0.05282648280262947,0.17185720801353455,
3720,5.442061424255371,0.0009862350998446345,0.6068270206451416,0.08889607340097427,0.10352708399295807,
3721,6.091319561004639,0.0008145393803715706,0.6737708449363708,0.08122429996728897,0.13466310501098633,
3722,3.9943594932556152,0.0008906343136914074,0.5791691541671753,0.05904332920908928,0.07667363435029984,
3723,2.9912734031677246,0.0008465205901302397,0.6058197021484375,0.042746465653181076,0.051825158298015594,
3724,8.296849250793457,0.0008689102251082659,0.6497385501861572,0.010378281585872173,0.2946372330188751,
3725,5.868596076965332,0.0009423865121789277,0.7033204436302185,0.07478438317775726,0.13088425993919373,
3726,8.987053871154785,0.0008921644766815007,0.7553564310073853,0.0,0.3283756971359253,
3727,6.949370384216309,0.0008186597842723131,0.5650589466094971,0.00840743351727724,0.24614638090133667,
3728,4.732610702514648,0.0008769166306592524,0.880518913269043,0.0068454742431640625,0.14636129140853882,
3729,7.061127662658691,0.0007703762385062873,0.709794282913208,0.03351088613271713,0.2197720855474472,
3730,6.638796806335449,0.0008628842770121992,0.68755704164505,0.06972797960042953,0.16745872795581818,
3731,8.866865158081055,0.0008187016937881708,0.7679464817047119,0.026274720206856728,0.2968633472919464,
3732,5.296971321105957,0.0009046000777743757,0.5826090574264526,0.0,0.18766988813877106,
3733,6.885828018188477,0.0008697753655724227,0.7964317798614502,0.025065084919333458,0.2176409661769867,
3734,13.207453727722168,0.0009376741363666952,0.798783540725708,0.02026222087442875,0.4751468896865845,
3735,4.031253337860107,0.000860750675201416,0.7830955386161804,0.05631269887089729,0.07275287061929703,
3736,3.1509082317352295,0.000956823059823364,0.6731932163238525,0.0,0.0981517806649208,
3737,7.277817726135254,0.0009166885283775628,0.6891766786575317,0.17397810518741608,0.08865086734294891,
3738,2.345811367034912,0.0008591287187300622,0.6065817475318909,0.0070709786377847195,0.061639077961444855,
3739,7.745937824249268,0.0010773376561701298,0.655606210231781,0.01248439121991396,0.2700515389442444,
3740,4.741308689117432,0.000871068041305989,0.5917590856552124,0.1024833470582962,0.06262756139039993,
3741,9.398676872253418,0.0008729207329452038,0.5963911414146423,0.17258083820343018,0.17863771319389343,
3742,6.811554908752441,0.000865043664816767,0.6101095676422119,0.022445479407906532,0.22474727034568787,
3743,8.626128196716309,0.0008245494682341814,0.5652326345443726,0.09384175390005112,0.22776955366134644,
3744,7.240799427032471,0.0008803747477941215,0.5980600118637085,0.18063019216060638,0.08419900387525558,
3745,11.145658493041992,0.0008704609354026616,0.539082944393158,0.028742054477334023,0.39465051889419556,
3746,4.995519161224365,0.0009048089268617332,0.493222177028656,0.01957005262374878,0.15961702167987823,
3747,5.105053901672363,0.0008946938323788345,0.5881019234657288,0.06477963924407959,0.11500374972820282,
3748,5.196030139923096,0.0008258765446953475,0.5560771822929382,0.09894776344299316,0.08582448959350586,
3749,6.234793663024902,0.0009726145653985441,0.46514391899108887,0.15192510187625885,0.07788825780153275,
3750,4.700479984283447,0.0009021519799716771,0.6160001754760742,0.09292447566986084,0.06955257058143616,
3751,2.239727020263672,0.0010164821287617087,0.56926429271698,0.028644999489188194,0.03715702146291733,
3752,8.508525848388672,0.0008918338571675122,0.5445576310157776,0.12176631391048431,0.1959005892276764,
3753,4.1960649490356445,0.0008724361541680992,0.6917726993560791,0.04021601006388664,0.09908322989940643,
3754,3.077836513519287,0.0007624893332831562,0.6710625290870667,0.0,0.09550847113132477,
3755,8.85232162475586,0.0008244570344686508,0.7449088096618652,0.07108503580093384,0.25238704681396484,
3756,4.402460098266602,0.0008612089441157877,0.7470301389694214,0.0,0.14535599946975708,
3757,6.936318397521973,0.0007984097464941442,0.5813812017440796,0.09094367176294327,0.16245540976524353,
3758,6.3221845626831055,0.0007233405485749245,0.719426691532135,0.15102636814117432,0.07236060500144958,
3759,6.304005146026611,0.0008875340572558343,0.6697360277175903,0.046099644154310226,0.17838358879089355,
3760,4.9077630043029785,0.0007864804938435555,0.6769604682922363,0.03468690440058708,0.13375872373580933,
3761,6.646275043487549,0.0008036464569158852,0.6090275049209595,0.045792996883392334,0.1948932707309723,
3762,2.9818549156188965,0.0008385914843529463,0.561240553855896,0.06077412888407707,0.03521185740828514,
3763,2.8211960792541504,0.0008568307966925204,0.6713498830795288,0.0009556412696838379,0.08418137580156326,
3764,5.188079833984375,0.000823821930680424,0.5201445817947388,0.03921268507838249,0.14668090641498566,
3765,6.632660865783691,0.0008332822471857071,0.5565388202667236,0.07281980663537979,0.16939179599285126,
3766,3.6329662799835205,0.0008805386605672538,0.40967923402786255,0.036999184638261795,0.09105175733566284,
3767,4.554140567779541,0.0008136118412949145,0.654910683631897,0.06748455762863159,0.08767103403806686,
3768,6.325417995452881,0.0008140544523485005,0.6863419413566589,0.03227090835571289,0.19247809052467346,
3769,5.554498672485352,0.0008837860659696162,0.5565809011459351,0.04209214448928833,0.1569407880306244,
3770,9.486822128295898,0.0008524272125214338,0.5541142225265503,0.04308507964015007,0.31337082386016846,
3771,12.442486763000488,0.0008500522817485034,0.6941492557525635,0.0,0.4690834581851959,
3772,13.601741790771484,0.000927658926229924,0.844823956489563,0.025298098102211952,0.484050989151001,
3773,10.835809707641602,0.0009288754663430154,0.5836172699928284,0.152316153049469,0.2568426728248596,
3774,3.48437762260437,0.0008402030798606575,0.504054844379425,0.06351810693740845,0.054854609072208405,
3775,5.309226036071777,0.0008585075847804546,0.5358967781066895,0.042719125747680664,0.14735554158687592,
3776,6.173791408538818,0.0007854973082430661,0.5190375447273254,0.11163841187953949,0.11376623064279556,
3777,4.022175312042236,0.0009109882521443069,0.5602511167526245,0.07424423843622208,0.06332173943519592,
3778,4.73172664642334,0.0008534462540410459,0.5423246622085571,0.1378173828125,0.02890525385737419,
3779,6.298959255218506,0.0008661521133035421,0.6424188613891602,0.09303277730941772,0.13236267864704132,
3780,5.508949279785156,0.000787311524618417,0.6285161375999451,0.15912967920303345,0.03530033305287361,
3781,6.568046569824219,0.001027019345201552,0.5371434688568115,0.09066472202539444,0.1495443880558014,
3782,5.039968490600586,0.0009650012361817062,0.5947978496551514,0.05419832468032837,0.12264352291822433,
3783,4.272423267364502,0.0007815749268047512,0.7105236053466797,0.07529616355895996,0.0663982555270195,
3784,5.157900333404541,0.0008086093585006893,0.6605106592178345,0.09509299695491791,0.08399399369955063,
3785,9.673318862915039,0.0008954610675573349,0.6624389290809631,0.05792471021413803,0.30161502957344055,
3786,6.4287309646606445,0.0008593140519224107,0.6272660493850708,0.044657349586486816,0.18654194474220276,
3787,4.389301300048828,0.0009465938783250749,0.6491917371749878,0.05780293792486191,0.09085485339164734,
3788,2.4556941986083984,0.0007495703175663948,0.6364078521728516,0.030415039509534836,0.0416068397462368,
3789,5.584384918212891,0.0007326856139115989,0.5767313241958618,0.04695636034011841,0.15261711180210114,
3790,1.6444380283355713,0.0007631112821400166,0.5817941427230835,1.6570091247558594e-05,0.04172607511281967,
3791,8.455344200134277,0.0009143954957835376,0.610718309879303,0.08612070232629776,0.22674992680549622,
3792,3.358729600906372,0.0008379535865969956,0.813457727432251,0.039964836090803146,0.061008088290691376,
3793,5.595469951629639,0.0008214150439016521,0.7106994986534119,0.04992133378982544,0.14464807510375977,
3794,8.643488883972168,0.0010083748493343592,0.6492061018943787,0.010858993045985699,0.3079039454460144,
3795,4.588588714599609,0.0008252388797700405,0.6009907722473145,0.008175373077392578,0.15050330758094788,
3796,11.369200706481934,0.0007987967692315578,0.6346714496612549,0.0,0.42858240008354187,
3797,6.794900417327881,0.0008227191283367574,0.7319525480270386,0.03163103386759758,0.21006415784358978,
3798,11.771117210388184,0.000836424354929477,0.7678030729293823,0.0,0.439296156167984,
3799,5.279300212860107,0.0008215455454774201,0.5462671518325806,0.09899049997329712,0.08950929343700409,
3800,4.517778396606445,0.0007579293451271951,0.7912921905517578,0.0,0.14830152690410614,
3801,3.8708887100219727,0.000651166308671236,0.6397924423217773,0.0752914547920227,0.053301237523555756,
3802,3.730835199356079,0.0008037008228711784,0.6837639212608337,0.0,0.12107914686203003,
3803,3.470066547393799,0.000778784800786525,0.5952762365341187,0.09765610843896866,0.016556721180677414,
3804,6.849582195281982,0.0007597847725264728,0.49582621455192566,0.03810187056660652,0.21528857946395874,
3805,6.3001813888549805,0.00080897007137537,0.7260618209838867,0.07416453212499619,0.14799128472805023,
3806,3.2733590602874756,0.0007470061536878347,0.7743505835533142,0.0343664288520813,0.06484690308570862,
3807,2.4321203231811523,0.0008665214409120381,0.6655987501144409,0.021110037341713905,0.04868430644273758,
3808,2.6836471557617188,0.0006861046422272921,0.4428783655166626,0.0168777909129858,0.07206685841083527,
3809,6.635657787322998,0.0007438598549924791,0.6416222453117371,0.047781430184841156,0.19123613834381104,
3810,3.594456672668457,0.0007433947757817805,0.6900362968444824,0.01754659414291382,0.0978868305683136,
3811,4.6615471839904785,0.0007855287403799593,0.5988551378250122,0.02947258949279785,0.13224956393241882,
3812,1.9884090423583984,0.00086567661492154,0.4812902808189392,0.0,0.05941907316446304,
3813,2.9405429363250732,0.0007059322670102119,0.5659384727478027,0.011948863975703716,0.08232937753200531,
3814,3.184488296508789,0.0008248348603956401,0.5177862644195557,0.07485057413578033,0.030992677435278893,
3815,2.9126381874084473,0.0006304416456259787,0.6493221521377563,0.02457006648182869,0.06533212959766388,
3816,4.785140037536621,0.0008900188840925694,0.6070313453674316,0.006389200687408447,0.15984512865543365,
3817,3.60434889793396,0.0007710217614658177,0.6692125797271729,0.018854081630706787,0.09778035432100296,
3818,7.745047092437744,0.000751220213714987,0.5649429559707642,0.0,0.2864529490470886,
3819,5.63636589050293,0.0008581285364925861,0.7388153076171875,0.0,0.1950438916683197,
3820,5.014318466186523,0.0007942505180835724,0.6094344258308411,0.05008208751678467,0.12531901895999908,
3821,6.170776844024658,0.0007781569729559124,0.5463553071022034,0.015190720558166504,0.20900797843933105,
3822,3.7888808250427246,0.0008259888854809105,0.5475888848304749,0.02478955127298832,0.10403613746166229,
3823,7.945188522338867,0.0007036746828816831,0.5578467845916748,0.0,0.29478999972343445,
3824,3.116847515106201,0.0007982373354025185,0.6549257636070251,0.00812568236142397,0.08955294638872147,
3825,8.842095375061035,0.0007021006313152611,0.6186243891716003,0.11169970035552979,0.21653702855110168,
3826,2.711061954498291,0.0007523340173065662,0.563534140586853,0.006041566375643015,0.07910721004009247,
3827,5.424637317657471,0.0007391499821096659,0.5972696542739868,0.06704626232385635,0.1253093034029007,
3828,13.105493545532227,0.0007070289575494826,0.778255820274353,0.012537777423858643,0.47984468936920166,
3829,4.5688347816467285,0.0007904248195700347,0.747661292552948,0.06008690595626831,0.09196961671113968,
3830,4.990358352661133,0.0008535934612154961,0.6144247055053711,0.03392120078206062,0.14026254415512085,
3831,5.505979061126709,0.0006708542932756245,0.6297968626022339,0.0318806953728199,0.16249573230743408,
3832,5.78914737701416,0.0008649895316921175,0.5555552244186401,0.07579227536916733,0.13268642127513885,
3833,5.553644180297852,0.0008249978418461978,0.7074829339981079,0.01267602015286684,0.18034543097019196,
3834,6.837416648864746,0.000804978481028229,0.6126928329467773,0.07876177877187729,0.1694221943616867,
3835,4.746330738067627,0.0008119283593259752,0.41810309886932373,0.06722865253686905,0.10508851706981659,
3836,5.398409843444824,0.000671035551931709,0.5263268947601318,0.10243451595306396,0.09177777171134949,
3837,4.841196060180664,0.0010226769372820854,0.48689284920692444,0.043139975517988205,0.1300094723701477,
3838,4.645165920257568,0.0007402877672575414,0.49806803464889526,0.07009726762771606,0.09504636377096176,
3839,3.5786592960357666,0.0009376187808811665,0.48105287551879883,0.08754841238260269,0.03541823476552963,
3840,3.7695107460021973,0.0007397903245873749,0.6245183944702148,0.08648195117712021,0.03857794404029846,
3841,6.111348628997803,0.0008731824927963316,0.6149569749832153,0.0,0.2189824879169464,
3842,5.0313520431518555,0.0007484043017029762,0.7092970609664917,0.06309975683689117,0.10903404653072357,
3843,2.726552963256836,0.0007360167801380157,0.659709632396698,0.011408309452235699,0.07052940130233765,
3844,2.096100330352783,0.0007400606409646571,0.6351473927497864,0.006376087665557861,0.05132196843624115,
3845,10.668760299682617,0.0006784964934922755,0.5229262113571167,0.10925433784723282,0.29590049386024475,
3846,6.686946868896484,0.0008057432132773101,0.7256209850311279,0.07684242725372314,0.1608048379421234,
3847,4.457428932189941,0.000855816702824086,0.7824755311012268,0.02155158855021,0.12459072470664978,
3848,3.9364824295043945,0.0006900366279296577,0.6059392690658569,0.04457024484872818,0.08796143531799316,
3849,4.2948126792907715,0.0007506873807869852,0.7038495540618896,0.03120664693415165,0.11168119311332703,
3850,5.124826431274414,0.0006712640170007944,0.7292782068252563,0.0,0.17515066266059875,
3851,2.4392199516296387,0.0006762887351214886,0.7597087621688843,0.03065536357462406,0.03584880009293556,
3852,8.786657333374023,0.000658345699775964,0.7183927297592163,0.06777801364660263,0.254294216632843,
3853,4.976895809173584,0.000641532416921109,0.7068799734115601,0.055629950016736984,0.11452914774417877,
3854,5.184162616729736,0.0006987278466112912,0.5704579949378967,0.05043107271194458,0.13341838121414185,
3855,6.474623680114746,0.000718414259608835,0.5493761301040649,0.005937159061431885,0.23035432398319244,
3856,4.162540912628174,0.0006807862664572895,0.7806776762008667,0.01849065162241459,0.11610309779644012,
3857,3.1279726028442383,0.0008338768384419382,0.8040152788162231,0.0,0.09212441742420197,
3858,7.706801414489746,0.0006579637993127108,0.636925220489502,0.1775549352169037,0.10458216071128845,
3859,4.691318511962891,0.0007732173544354737,0.5820561647415161,0.06950002908706665,0.09409725666046143,
3860,5.7393059730529785,0.0006981377373449504,0.7733073234558105,0.053798336535692215,0.1441434770822525,
3861,10.817120552062988,0.0007504539680667222,0.567935049533844,0.054017163813114166,0.35519981384277344,
3862,5.420450210571289,0.0007624896243214607,0.7110035419464111,0.006537059787660837,0.18107829988002777,
3863,4.608425617218018,0.0007543374667875469,0.5335776209831238,0.09036673605442047,0.07187286019325256,
3864,5.50290060043335,0.0008322024368681014,0.5099145174026489,0.06431807577610016,0.1345691680908203,
3865,5.450255393981934,0.0006980233010835946,0.6291273832321167,0.0703020691871643,0.12184502184391022,
3866,6.061108589172363,0.000733397260773927,0.6321030855178833,0.12305285036563873,0.09337396174669266,
3867,11.914400100708008,0.0006428796914406121,0.49388110637664795,0.08013021945953369,0.37604767084121704,
3868,3.0351381301879883,0.0007082941010594368,0.5917763113975525,0.022991914302110672,0.07403425872325897,
3869,3.2920236587524414,0.0006966119981370866,0.5786087512969971,0.0,0.10783998668193817,
3870,4.819375991821289,0.0007923703524284065,0.598625898361206,0.008548040874302387,0.15948957204818726,
3871,6.537967205047607,0.0007891410496085882,0.6557599306106567,0.024158218875527382,0.2103409469127655,
3872,7.085410118103027,0.0008203494944609702,0.5414669513702393,0.038822926580905914,0.2221144735813141,
3873,8.007238388061523,0.0007902320940047503,0.7224293947219849,0.07950123399496078,0.21110090613365173,
3874,4.268805027008057,0.0007224887958727777,0.5204405784606934,0.06174232438206673,0.08746976405382156,
3875,1.8531088829040527,0.0007756703998893499,0.7176007032394409,0.0024138689041137695,0.04223078489303589,
3876,3.834155559539795,0.0008264666539616883,0.5890730619430542,0.02602970600128174,0.10294711589813232,
3877,6.0973801612854,0.0007411320111714303,0.5441246032714844,0.06868201494216919,0.1527070850133896,
3878,5.383469581604004,0.0007428178214468062,0.5365875363349915,0.027090391144156456,0.16604205965995789,
3879,5.671516418457031,0.0007494674646295607,0.5313482284545898,0.0,0.2048572599887848,
3880,6.858935832977295,0.0007958412170410156,0.6135510206222534,0.07944841682910919,0.1695711314678192,
3881,2.6469032764434814,0.0008089065086096525,0.6327589154243469,0.03258281946182251,0.04717404767870903,
3882,4.674118995666504,0.0007785434718243778,0.5362870097160339,0.010591586120426655,0.15414315462112427,
3883,3.1630210876464844,0.000735435402020812,0.6057440042495728,0.025451958179473877,0.07610369473695755,
3884,2.38679838180542,0.0007933892193250358,0.6214081048965454,0.0,0.06982221454381943,
3885,10.2727632522583,0.0007971838931553066,0.6532057523727417,0.10925030708312988,0.2747347950935364,
3886,2.4192581176757812,0.0007904477533884346,0.5420358180999756,0.0,0.0742984488606453,
3887,13.188461303710938,0.0008299946784973145,0.5798566341400146,0.08814015239477158,0.4153740406036377,
3888,5.4801764488220215,0.0009125184151344001,0.6238927841186523,0.06711339950561523,0.12622542679309845,
3889,4.615046501159668,0.0007842607446946204,0.6668782234191895,0.08186042308807373,0.0752820298075676,
3890,5.042603015899658,0.0007880282937549055,0.5532264113426208,0.04844766855239868,0.1303393691778183,
3891,7.500931262969971,0.0007106259581632912,0.5601388216018677,0.08043080568313599,0.19649027287960052,
3892,6.550236701965332,0.0007726590265519917,0.635178804397583,0.031193992123007774,0.20463567972183228,
3893,6.212038516998291,0.0007925222162157297,0.5229591131210327,0.046325068920850754,0.1804455816745758,
3894,4.503546237945557,0.0009153290302492678,0.43940484523773193,0.08655422925949097,0.07509610056877136,
3895,7.341831207275391,0.0008931460906751454,0.5888221263885498,0.14436179399490356,0.12486541271209717,
3896,5.048995018005371,0.0009140558540821075,0.5830672979354858,0.020385542884469032,0.1573375165462494,
3897,7.214221477508545,0.0007765486370772123,0.5409359931945801,0.10596325248479843,0.160191610455513,
3898,6.205026626586914,0.0008095051744021475,0.49780887365341187,0.12212170660495758,0.10535749793052673,
3899,5.279941082000732,0.000790674879681319,0.4487835168838501,0.01479429006576538,0.17766134440898895,
3900,3.375506639480591,0.0008251585531979799,0.45174044370651245,0.02312856912612915,0.09299692511558533,
3901,6.177781581878662,0.0007960439543239772,0.5261322855949402,0.13602323830127716,0.0892467126250267,
3902,1.4575085639953613,0.0008311340934596956,0.46439194679260254,0.019526639953255653,0.01936689391732216,
3903,3.6958086490631104,0.0006849773344583809,0.5009219646453857,0.05674171447753906,0.07036877423524857,
3904,6.940422534942627,0.000737019523512572,0.6457934379577637,0.02165740728378296,0.22939074039459229,
3905,9.433371543884277,0.0008400579099543393,0.5201384425163269,0.21901944279670715,0.1366698294878006,
3906,8.48298168182373,0.000792242179159075,0.5744260549545288,0.02317921258509159,0.2923707962036133,
3907,4.166615962982178,0.0007552068564109504,0.5832047462463379,0.0353093147277832,0.10727192461490631,
3908,9.080168724060059,0.0007252371869981289,0.5760505199432373,0.0,0.3394394516944885,
3909,8.793451309204102,0.0008063023560680449,0.5013947486877441,0.09627886861562729,0.2345971316099167,
3910,4.849329948425293,0.000696393835823983,0.5558822154998779,0.0,0.17104150354862213,
3911,4.816436767578125,0.0008113688672892749,0.37029552459716797,0.05620219185948372,0.12083210051059723,
3912,7.178621292114258,0.0007244544103741646,0.6305699348449707,0.11463131755590439,0.1465662717819214,
3913,5.038951873779297,0.0008229680242948234,0.6417883634567261,0.024511555209755898,0.15055200457572937,
3914,1.8823422193527222,0.0007841680198907852,0.5628470182418823,0.01118199061602354,0.04081365093588829,
3915,10.721646308898926,0.0008017134969122708,0.6648784875869751,0.0,0.40146899223327637,
3916,2.7077927589416504,0.000713201065082103,0.6403068900108337,0.045042891055345535,0.03694334253668785,
3917,4.371700763702393,0.0006974901189096272,0.5611615180969238,0.0005312561988830566,0.1511928290128708,
3918,4.09014368057251,0.0006947028450667858,0.734808623790741,0.0,0.13351869583129883,
3919,5.172730922698975,0.0008063497953116894,0.5758190751075745,0.06757976859807968,0.11549035459756851,
3920,9.330939292907715,0.000881717714946717,0.5130094289779663,0.07951885461807251,0.2723166346549988,
3921,6.343208312988281,0.0007398543530143797,0.6441166400909424,0.08911383152008057,0.13811001181602478,
3922,8.966849327087402,0.0008443980477750301,0.6115654110908508,0.09597164392471313,0.2373953014612198,
3923,3.200147867202759,0.0008510183542966843,0.5185415148735046,0.03843037411570549,0.06798285245895386,
3924,5.204957485198975,0.0007551218732260168,0.5292800068855286,0.11030957847833633,0.0759623795747757,
3925,4.851022720336914,0.0008080119732767344,0.6473348140716553,0.06137492507696152,0.10596456378698349,
3926,4.940151214599609,0.0007587592117488384,0.5292961001396179,0.06794015318155289,0.10773530602455139,
3927,5.82084846496582,0.0008341180509887636,0.6171367168426514,0.039025526493787766,0.16828884184360504,
3928,2.2896173000335693,0.0006753620109520853,0.4838496148586273,0.010327915661036968,0.061227425932884216,
3929,4.1448540687561035,0.000741762516554445,0.5462852716445923,0.015022337436676025,0.1281786412000656,
3930,4.595704555511475,0.000644482031930238,0.47082990407943726,0.08930385112762451,0.07504664361476898,
3931,8.51278018951416,0.0007515972829423845,0.49367862939834595,0.1168748140335083,0.20313763618469238,
3932,3.6838538646698,0.000796096574049443,0.4977111220359802,0.030463259667158127,0.09618635475635529,
3933,8.337409973144531,0.0007452601566910744,0.5638914108276367,0.01878811977803707,0.29140734672546387,
3934,8.410167694091797,0.000741889700293541,0.6466282606124878,0.07126560062170029,0.23853406310081482,
3935,6.752734184265137,0.0006503060576505959,0.49121004343032837,0.0869768038392067,0.16283385455608368,
3936,3.7060728073120117,0.0007705223397351801,0.5997595191001892,0.06495960056781769,0.05852240324020386,
3937,5.9308600425720215,0.0008630874217487872,0.6253264546394348,0.0005736549501307309,0.21078458428382874,
3938,4.8670430183410645,0.000757327361498028,0.5527934432029724,0.07204791158437729,0.09976474940776825,
3939,5.808067798614502,0.0007483275257982314,0.5925306677818298,0.04286040738224983,0.16501273214817047,
3940,6.448259353637695,0.0007547751883976161,0.6705605983734131,0.11546836793422699,0.11488480865955353,
3941,9.741071701049805,0.0007331298547796905,0.7297197580337524,0.11722207069396973,0.24249885976314545,
3942,6.385607719421387,0.0007912809960544109,0.511406421661377,0.0,0.23417676985263824,
3943,3.939628839492798,0.0008619005675427616,0.46923595666885376,0.034068167209625244,0.10388565063476562,
3944,6.769376277923584,0.0008250248502008617,0.5844119787216187,0.042890507727861404,0.2036830335855484,
3945,6.134162425994873,0.0007386704091913998,0.48335254192352295,0.0693967342376709,0.15589699149131775,
3946,8.029644966125488,0.0009005857282318175,0.7026541233062744,0.0,0.29217904806137085,
3947,3.687227249145508,0.0009106532670557499,0.5588379502296448,0.010910888202488422,0.11331404000520706,
3948,2.1337671279907227,0.0008056124206632376,0.5813781023025513,0.036110538989305496,0.025179408490657806,
3949,3.0203771591186523,0.0008156882249750197,0.5368789434432983,0.06539527326822281,0.03312895819544792,
3950,6.640182971954346,0.0008275022264569998,0.5551220178604126,0.0015170574188232422,0.241057887673378,
3951,3.707324981689453,0.0009147129603661597,0.5794356465339661,0.02189701795578003,0.10230384767055511,
3952,3.245443105697632,0.0008743478101678193,0.7037380337715149,0.0,0.10079386085271835,
3953,9.197734832763672,0.0007886167149990797,0.5154191851615906,0.12531650066375732,0.2211875319480896,
3954,3.6325950622558594,0.0008355709142051637,0.4846101403236389,0.03663957118988037,0.08844424784183502,
3955,6.737651824951172,0.000735703157261014,0.6310104131698608,0.07966264337301254,0.1638673096895218,
3956,9.339816093444824,0.0007509388960897923,0.5180214643478394,0.08130806684494019,0.2708127796649933,
3957,16.86615753173828,0.0007909902487881482,0.514568567276001,0.053293246775865555,0.5999793410301208,
3958,3.1910088062286377,0.0009416358661837876,0.5496862530708313,0.0,0.10471126437187195,
3959,5.24225378036499,0.0008677715086378157,0.5530419945716858,0.10271739959716797,0.08398330956697464,
3960,6.655519962310791,0.0010613215854391456,0.5709613561630249,0.056373078376054764,0.1859479546546936,
3961,5.198182106018066,0.0009409866761416197,0.5490067601203918,0.13270170986652374,0.05232430249452591,
3962,4.815671920776367,0.0009635720052756369,0.4824438691139221,0.059959493577480316,0.11240605264902115,
3963,6.486545085906982,0.0008035775390453637,0.6381219625473022,0.06104697659611702,0.17208637297153473,
3964,6.118730545043945,0.000863389577716589,0.3915539085865021,0.1298454850912094,0.09837819635868073,
3965,7.728218078613281,0.0008038505911827087,0.5174627304077148,0.16495990753173828,0.12266644090414047,
3966,3.572802782058716,0.0009585834923200309,0.4845530092716217,0.02950386144220829,0.09306754171848297,
3967,5.5204315185546875,0.0008636535494588315,0.6048211455345154,0.0426766462624073,0.15308412909507751,
3968,14.619549751281738,0.000997268594801426,0.5923709869384766,0.0,0.5600898861885071,
3969,5.650858402252197,0.0008447112631984055,0.6476780772209167,0.09789955615997314,0.10138297080993652,
3970,4.479616165161133,0.0008304936927743256,0.5521388649940491,0.019404152408242226,0.13686445355415344,
3971,8.34788703918457,0.0009081032476387918,0.35021135210990906,0.21635866165161133,0.10264025628566742,
3972,6.115143299102783,0.0008502905257046223,0.4068714380264282,0.064388707280159,0.16309186816215515,
3973,5.041133880615234,0.0007501912186853588,0.632628321647644,0.08175847679376602,0.09383156150579453,
3974,4.329167366027832,0.001023078802973032,0.5500443577766418,0.09483934938907623,0.05530247837305069,
3975,5.955906391143799,0.0008596504922024906,0.5279742479324341,0.12772326171398163,0.08853437006473541,
3976,6.192326545715332,0.0008999102865345776,0.4576493501663208,0.13208049535751343,0.09640669822692871,
3977,5.091855525970459,0.0008916023653000593,0.5583041906356812,0.04100475832819939,0.13944567739963531,
3978,5.702576637268066,0.0008630065713077784,0.4992608428001404,0.06030978634953499,0.1469598412513733,
3979,2.4501240253448486,0.0008684727363288403,0.4447142481803894,0.028314094990491867,0.05103381723165512,
3980,5.26651668548584,0.0008409461006522179,0.566727876663208,0.027215678244829178,0.1599349081516266,
3981,2.499044418334961,0.0009253734606318176,0.5320335626602173,0.025402069091796875,0.052352987229824066,
3982,8.265978813171387,0.0008010698948055506,0.6731782555580139,0.056319575756788254,0.24659135937690735,
3983,5.877774715423584,0.0007961384835653007,0.6025291681289673,0.024527093395590782,0.18568658828735352,
3984,3.1882481575012207,0.0008606344345025718,0.5907121896743774,0.0,0.10304079949855804,
3985,7.330404758453369,0.0008504401776008308,0.6412169337272644,0.06013862043619156,0.20657846331596375,
3986,10.985684394836426,0.0007257145480252802,0.6636514663696289,0.04611573740839958,0.36603984236717224,
3987,5.228114128112793,0.0007634349167346954,0.7175130248069763,0.022059718146920204,0.15760089457035065,
3988,7.383434772491455,0.000719158910214901,0.5990200042724609,0.005213598255068064,0.2654438316822052,
3989,6.011820316314697,0.0008232853724621236,0.5024804472923279,0.0,0.21955031156539917,
3990,3.640254020690918,0.0007456931634806097,0.507270097732544,0.018859922885894775,0.10571373999118805,
3991,4.888717174530029,0.0007744228350929916,0.4795776307582855,0.015403270721435547,0.16018788516521454,
3992,8.371443748474121,0.000845978909637779,0.5279062390327454,0.010226448066532612,0.30266907811164856,
3993,11.477206230163574,0.0008702756022103131,0.6303457617759705,0.04597371816635132,0.3870304524898529,
3994,8.240230560302734,0.0009604343213140965,0.4544927477836609,0.047708768397569656,0.26276031136512756,
3995,6.0072102546691895,0.0009929367806762457,0.568212628364563,0.12683284282684326,0.08973412960767746,
3996,7.7794084548950195,0.0009780385298654437,0.47907745838165283,0.16467252373695374,0.12636269629001617,
3997,3.7936007976531982,0.000988369225524366,0.5457757115364075,0.012905478477478027,0.11601915210485458,
3998,2.444674491882324,0.0008084325236268342,0.5271989107131958,0.04392951726913452,0.031961072236299515,
3999,6.32513427734375,0.0009826907189562917,0.486471951007843,0.1732332855463028,0.05933051556348801,
4000,4.461512565612793,0.0009029092616401613,0.5393103361129761,0.08383158594369888,0.07215359807014465,"[1.404337763786316, 0.7753934860229492, 1.0009715557098389]"
4001,2.6823153495788574,0.000928877794649452,0.6602758169174194,0.03502573445439339,0.0449269637465477,
4002,9.050178527832031,0.0008356139878742397,0.4754635691642761,0.09685835987329483,0.24529460072517395,
4003,4.045823097229004,0.0009487168863415718,0.6093053817749023,0.1256731003522873,0.010838881134986877,
4004,3.907782793045044,0.0009003630257211626,0.5003023147583008,0.048768024891614914,0.08663082867860794,
4005,8.14307689666748,0.0007920622010715306,0.49427756667137146,0.12825877964496613,0.17690113186836243,
4006,7.004879951477051,0.0009769500466063619,0.6050678491592407,0.010845422744750977,0.24417011439800262,
4007,3.087696075439453,0.0008282347698695958,0.47461503744125366,0.10137531906366348,0.0023196744732558727,
4008,5.605249404907227,0.0009086456266231835,0.5322129726409912,0.042356789112091064,0.15965601801872253,
4009,5.046358108520508,0.0007849493413232267,0.6013062000274658,0.13664712011814117,0.04037002474069595,
4010,3.129575490951538,0.0008378179627470672,0.6419777870178223,0.04150072857737541,0.05716535821557045,
4011,6.76244592666626,0.0007525801775045693,0.47839418053627014,0.0847274661064148,0.16588202118873596,
4012,5.442179203033447,0.0007654412765987217,0.5008745789527893,0.07161952555179596,0.12526722252368927,
4013,7.153677463531494,0.0008699490572325885,0.6060285568237305,0.045827411115169525,0.21520859003067017,
4014,3.4123616218566895,0.0008114020456559956,0.495070219039917,0.0384279303252697,0.07745232433080673,
4015,3.057206630706787,0.0007674268563278019,0.7040616273880005,0.05153133347630501,0.041827037930488586,
4016,4.3451337814331055,0.0009095324203372002,0.47448936104774475,0.0,0.15391625463962555,
4017,4.854503154754639,0.0007285182364284992,0.6578671336174011,0.08902113139629364,0.0781158059835434,
4018,2.777285099029541,0.0007653444190509617,0.5059561729431152,0.012846946716308594,0.07724086195230484,
4019,2.981492280960083,0.0008033679332584143,0.5771611332893372,0.0009902318706735969,0.09437964856624603,
4020,4.621621608734131,0.0007778856088407338,0.5612537264823914,0.0,0.1616368293762207,
4021,4.686074733734131,0.0007125179399736226,0.6175562143325806,0.05001811310648918,0.11201011389493942,
4022,5.241876125335693,0.0009000050486065447,0.5445407629013062,0.0035583775024861097,0.18343502283096313,
4023,8.172381401062012,0.0008594796527177095,0.5772971510887146,0.0,0.3029439151287079,
4024,4.761080741882324,0.0008752746507525444,0.5973461866378784,0.039624691009521484,0.12604941427707672,
4025,5.654181480407715,0.0007082312949933112,0.6343700885772705,0.09618707001209259,0.10389716923236847,
4026,1.676992654800415,0.0007797771249897778,0.4878149628639221,0.01636914350092411,0.030418191105127335,
4027,2.8192028999328613,0.0007103602401912212,0.6646174192428589,0.015519400127232075,0.06995366513729095,
4028,5.9924211502075195,0.000880539242643863,0.5758605003356934,0.05232302471995354,0.16345886886119843,
4029,6.434063911437988,0.0007872162968851626,0.584205150604248,0.020302673801779747,0.2129044532775879,
4030,3.4980874061584473,0.000822494097519666,0.5314396619796753,0.043525855988264084,0.0743175595998764,
4031,4.982176303863525,0.0007295703398995101,0.6621791124343872,0.014165818691253662,0.1579045057296753,
4032,4.961483955383301,0.0006192493601702154,0.7677287459373474,0.0,0.1671309471130371,
4033,5.786208152770996,0.0007421447080560029,0.5926802158355713,0.060940783470869064,0.14605820178985596,
4034,6.072869300842285,0.0007504932582378387,0.7017607688903809,0.0,0.2140938639640808,
4035,2.092355251312256,0.000742373988032341,0.6251124143600464,0.0,0.05794733390212059,
4036,7.038797378540039,0.00079200608888641,0.7072982788085938,0.02171877957880497,0.2307491898536682,
4037,3.8477272987365723,0.000748402439057827,0.40251624584198,0.032915037125349045,0.10414499044418335,
4038,4.535101413726807,0.0007395676802843809,0.6173709630966187,0.06915712356567383,0.08681251853704453,
4039,3.110504150390625,0.0007435731240548193,0.45789873600006104,0.06246016174554825,0.042900484055280685,
4040,6.96523380279541,0.0006717203068546951,0.5230571627616882,0.13074609637260437,0.12626925110816956,
4041,5.309235572814941,0.0008917321101762354,0.5299518704414368,0.0,0.19027961790561676,
4042,1.7687095403671265,0.0007311978260986507,0.6226897239685059,0.0,0.045109596103429794,
4043,5.954105377197266,0.0007118298672139645,0.5663518905639648,0.04622652009129524,0.16857179999351501,
4044,5.622944355010986,0.0006454593385569751,0.5235301852226257,0.030598381534218788,0.17273274064064026,
4045,2.1512908935546875,0.000721014104783535,0.7232116460800171,0.023141205310821533,0.03326095640659332,
4046,5.610809326171875,0.0007315761758945882,0.5169839859008789,0.08329004049301147,0.11973139643669128,
4047,6.710047721862793,0.0008613552781753242,0.530387818813324,0.06678136438131332,0.17954367399215698,
4048,1.7953307628631592,0.0007970401202328503,0.722723662853241,0.005170563701540232,0.0369366779923439,
4049,3.9833433628082275,0.0008276768494397402,0.6700189113616943,0.030966004356741905,0.10073930025100708,
4050,3.593559980392456,0.0007689098711125553,0.5928647518157959,0.0,0.11925890296697617,
4051,3.4589614868164062,0.0006262582028284669,0.6212303042411804,0.08695001900196075,0.02593296952545643,
4052,7.771157264709473,0.0007945997058413923,0.6306712627410889,0.0174929890781641,0.2673318684101105,
4053,13.624151229858398,0.0008272420964203775,0.6644776463508606,0.141399085521698,0.3761606216430664,
4054,3.893052101135254,0.0007989202276803553,0.5166407823562622,0.05774354934692383,0.07651397585868835,
4055,3.4301369190216064,0.0006940255989320576,0.5705640316009521,0.01867777109146118,0.09501111507415771,
4056,3.2909669876098633,0.0006654809112660587,0.5953925848007202,0.046255212277173996,0.060902275145053864,
4057,2.3762319087982178,0.0008091814233921468,0.46435385942459106,0.004357298370450735,0.07130864262580872,
4058,5.038547992706299,0.0007809838280081749,0.5239167213439941,0.12982109189033508,0.04998316988348961,
4059,4.104345798492432,0.0007144769770093262,0.5244621634483337,0.04943714663386345,0.0930437222123146,
4060,3.7027833461761475,0.0007847851957194507,0.4384791851043701,0.03229113295674324,0.09749625623226166,
4061,5.559739589691162,0.0008013673941604793,0.6049927473068237,0.05024212598800659,0.14714637398719788,
4062,6.1401519775390625,0.000649494060780853,0.5438089370727539,0.08651421219110489,0.13669002056121826,
4063,5.882314205169678,0.0007443156209774315,0.5591621398925781,0.04594407603144646,0.1662376970052719,
4064,2.4968225955963135,0.0006541889160871506,0.5974873900413513,0.0,0.07531922310590744,
4065,7.336184978485107,0.0007637760136276484,0.6197507977485657,0.05071612074971199,0.21717746555805206,
4066,3.5465407371520996,0.0007894609007053077,0.49533164501190186,0.0,0.12125889956951141,
4067,6.026961326599121,0.0006483374163508415,0.4491972029209137,0.07943004369735718,0.14303217828273773,
4068,2.0431997776031494,0.0006420218851417303,0.5449495315551758,0.023918548598885536,0.03536943718791008,
4069,4.156470775604248,0.0007004753570072353,0.4837621748447418,0.0730869397521019,0.07312092185020447,
4070,5.392353057861328,0.0008227924699895084,0.47334250807762146,0.06173868849873543,0.13419894874095917,
4071,6.704278469085693,0.0008066627196967602,0.6441826820373535,0.04881030321121216,0.19278685748577118,
4072,4.348943710327148,0.0006571005214937031,0.548107385635376,0.09006915241479874,0.061307210475206375,
4073,4.192830562591553,0.0008813256863504648,0.5446304082870483,0.021564820781350136,0.1234818696975708,
4074,4.571642875671387,0.0007586621795780957,0.5638070106506348,0.07586139440536499,0.08369337022304535,
4075,2.8682122230529785,0.0007130219601094723,0.5183700323104858,0.011891146190464497,0.08138952404260635,
4076,5.175368309020996,0.0007367553771473467,0.7955725789070129,0.024739662185311317,0.14971540868282318,
4077,3.3976540565490723,0.0007320565637201071,0.6829665899276733,0.0,0.10785544663667679,
4078,3.2927451133728027,0.0007398392190225422,0.5951825380325317,0.005236625671386719,0.1019260361790657,
4079,3.0479421615600586,0.0008548061014153063,0.7347747683525085,0.0,0.091671884059906,
4080,3.6032142639160156,0.0007182024419307709,0.8826537132263184,0.020875632762908936,0.08722858875989914,
4081,12.579493522644043,0.0007245258311741054,0.656241774559021,0.025481700897216797,0.45072388648986816,
4082,3.8082125186920166,0.0007699308334849775,0.645655632019043,0.0036974947433918715,0.12203484773635864,
4083,5.882438659667969,0.0007921818178147078,0.6678526401519775,0.02526368759572506,0.182527557015419,
4084,2.404813528060913,0.0007831015973351896,0.5883768200874329,0.0,0.07187436521053314,
4085,6.975881576538086,0.000710024731233716,0.6013445854187012,0.07205164432525635,0.18221981823444366,
4086,4.016909599304199,0.0005775304161943495,0.6610023975372314,0.06803599745035172,0.06562275439500809,
4087,6.051406383514404,0.000753094267565757,0.5865092277526855,0.030845165252685547,0.18699762225151062,
4088,5.426312446594238,0.0006676637567579746,0.5171063542366028,0.04763094708323479,0.1480696201324463,
4089,10.067806243896484,0.000763458723668009,0.6168327927589417,0.0648161992430687,0.3124592900276184,
4090,2.263399600982666,0.0007138285436667502,0.5649998784065247,0.033081334084272385,0.034140828996896744,
4091,6.041550159454346,0.0006346770096570253,0.4770018458366394,0.051360905170440674,0.17058634757995605,
4092,2.2296791076660156,0.0007515004836022854,0.49639222025871277,0.02276933193206787,0.04581064358353615,
4093,8.92402458190918,0.000721283198799938,0.45649009943008423,0.054570235311985016,0.28340983390808105,
4094,5.566079139709473,0.0007674714433960617,0.488298237323761,0.14818435907363892,0.05415939539670944,
4095,8.984034538269043,0.0007753206300549209,0.7393797039985657,0.03690687566995621,0.29210397601127625,
4096,4.384364604949951,0.0008670582319609821,0.6547967195510864,0.1170668974518776,0.031248752027750015,
4097,3.4031872749328613,0.0006964094936847687,0.5641065239906311,0.07896018028259277,0.033906638622283936,
4098,4.692273139953613,0.0008249690872617066,0.5085382461547852,0.11896193027496338,0.047562502324581146,
4099,9.212428092956543,0.0008309250697493553,0.4418807327747345,0.065663181245327,0.28432777523994446,
4100,8.124239921569824,0.0008055589278228581,0.6661824584007263,0.0,0.29751676321029663,
4101,2.892213821411133,0.0008005533018149436,0.5627363324165344,0.00870281457901001,0.08367573469877243,
4102,10.12154769897461,0.0006960073369555175,0.45521727204322815,0.0,0.3859572112560272,
4103,5.701301574707031,0.0007501158397644758,0.437896728515625,0.04510130733251572,0.16468477249145508,
4104,6.29351282119751,0.000715057656634599,0.4838215708732605,0.1256193220615387,0.10605327785015106,
4105,3.716815233230591,0.0007963588577695191,0.44976213574409485,0.06727685779333115,0.06260890513658524,
4106,4.260293960571289,0.000682068697642535,0.5707095861434937,0.08259334415197372,0.06430795788764954,
4107,4.038561820983887,0.0006846452597528696,0.4410596787929535,0.09681948274374008,0.04639596492052078,
4108,3.9492642879486084,0.0007195998914539814,0.48411890864372253,0.005929072853177786,0.13195714354515076,
4109,7.774018287658691,0.0007537226774729788,0.6455975770950317,0.042066436260938644,0.24231666326522827,
4110,5.205763339996338,0.0007955653127282858,0.6283720135688782,0.1451627016067505,0.037137389183044434,
4111,3.783169984817505,0.0007778603467158973,0.5993587970733643,0.0212313923984766,0.10534320026636124,
4112,7.22539758682251,0.0007337057031691074,0.5490012168884277,0.08046650886535645,0.18585562705993652,
4113,3.349372148513794,0.0006569215911440551,0.5830302238464355,0.017105260863900185,0.09289149194955826,
4114,6.660855293273926,0.0007094885222613811,0.5741274356842041,0.016826113685965538,0.2259334921836853,
4115,5.203603267669678,0.000690956600010395,0.6574269533157349,0.03304928541183472,0.14810681343078613,
4116,3.040114402770996,0.0007107999990694225,0.571142315864563,0.03775674104690552,0.0602913424372673,
4117,8.376623153686523,0.0008018903317861259,0.6434154510498047,0.0332537479698658,0.2752726674079895,
4118,6.31994104385376,0.000847319548483938,0.541413426399231,0.05313710495829582,0.17715668678283691,
4119,6.412133693695068,0.0008144000894390047,0.6475709080696106,0.046571534126996994,0.183196559548378,
4120,3.1607825756073,0.0008206146885640919,0.48636361956596375,0.05547863245010376,0.05067751929163933,
4121,8.29332447052002,0.0007118379580788314,0.7789556980133057,0.0,0.29986292123794556,
4122,7.799995422363281,0.0006961427279748023,0.6818925142288208,0.04110972210764885,0.24291826784610748,
4123,2.666027545928955,0.0006977400626055896,0.5464721918106079,0.029553988948464394,0.05453049764037132,
4124,4.171448707580566,0.0007530118455179036,0.565321147441864,0.05668652057647705,0.08680558204650879,
4125,3.2435808181762695,0.0007141263340599835,0.7585059404373169,0.05749732255935669,0.04119154438376427,
4126,3.0524585247039795,0.0007017342722974718,0.7168636322021484,0.041480738669633865,0.051241327077150345,
4127,4.646285533905029,0.0006967682274989784,0.6244106888771057,0.05236399173736572,0.1078142374753952,
4128,3.7049336433410645,0.0006457194103859365,0.7435722351074219,0.0,0.1178087368607521,
4129,7.39703369140625,0.0007321690791286528,0.4980384409427643,0.028186360374093056,0.24704128503799438,
4130,5.077388763427734,0.0006861442234367132,0.6462836265563965,0.14227710664272308,0.03428095579147339,
4131,6.983287811279297,0.0006778130191378295,0.5408872365951538,0.17148303985595703,0.08553516864776611,
4132,9.905734062194824,0.0007622440462000668,0.7922506332397461,0.06651431322097778,0.2972627580165863,
4133,2.877228260040283,0.0006029668729752302,0.587599515914917,0.0005838274955749512,0.09039836376905441,
4134,5.275859832763672,0.000765264208894223,0.5935714244842529,0.03233690932393074,0.1541893482208252,
4135,2.6644492149353027,0.0007509281858801842,0.5331073999404907,0.0035892128944396973,0.08091352880001068,
4136,7.068156719207764,0.0007206065929494798,0.4965234398841858,0.06591329723596573,0.1962314397096634,
4137,2.551863670349121,0.0007003169157542288,0.494512677192688,0.0,0.08159372210502625,
4138,3.8711421489715576,0.0007934177410788834,0.5219328999519348,0.06297912448644638,0.07019582390785217,
4139,6.5374274253845215,0.0007885925006121397,0.4513033628463745,0.17020565271377563,0.07245071232318878,
4140,6.647167682647705,0.0007631816552020609,0.48315078020095825,0.04894822835922241,0.19684924185276031,
4141,3.272928237915039,0.0007913648732937872,0.6573346853256226,0.04341238737106323,0.06041998788714409,
4142,4.113529205322266,0.0006264979601837695,0.5322986841201782,0.11131162941455841,0.031311098486185074,
4143,3.836035966873169,0.000709454296156764,0.5009904503822327,0.10886527597904205,0.02382708340883255,
4144,13.640759468078613,0.0007040370255708694,0.6266937255859375,0.0,0.5198585987091064,
4145,5.22319221496582,0.0007607280276715755,0.575379490852356,0.02192234992980957,0.16322943568229675,
4146,7.391760349273682,0.000693746202159673,0.6111248731613159,0.1099960207939148,0.16053564846515656,
4147,7.258988380432129,0.0007004058570601046,0.6448724269866943,0.13829709589481354,0.12556712329387665,
4148,4.528384208679199,0.0007788676884956658,0.6683907508850098,0.03129392862319946,0.12232694029808044,
4149,6.679326057434082,0.0007165588322095573,0.6627700328826904,0.09654116630554199,0.1434044986963272,
4150,2.7336008548736572,0.0006898944266140461,0.5314066410064697,0.027309635654091835,0.06008823215961456,
4151,1.8667505979537964,0.0007247444591484964,0.5847266912460327,0.026604851707816124,0.02395135536789894,
4152,4.51531457901001,0.0006767410668544471,0.6177135705947876,0.039082784205675125,0.11614451557397842,
4153,8.743890762329102,0.0006511788815259933,0.702923595905304,0.07907676696777344,0.24191072583198547,
4154,4.109023571014404,0.0007618714589625597,0.8774524331092834,0.0010145107517018914,0.1274864673614502,
4155,6.807139873504639,0.0007570144371129572,0.5914558172225952,0.0034229557495564222,0.24444738030433655,
4156,4.146921157836914,0.0006996773299761117,0.5552763342857361,0.035247743129730225,0.10771837830543518,
4157,8.208697319030762,0.0006970854592509568,0.6671813726425171,0.02047385834157467,0.2804896831512451,
4158,3.183713436126709,0.0006827623583376408,0.791313648223877,0.023833731189370155,0.07117949426174164,
4159,6.542124271392822,0.0007246592431329191,0.6209797263145447,0.07886165380477905,0.15725946426391602,
4160,9.576227188110352,0.0007197096128948033,0.560153067111969,0.0,0.35992324352264404,
4161,6.69366455078125,0.000642401457298547,0.606393575668335,0.06311953067779541,0.1797288954257965,
4162,7.419434070587158,0.00074828538345173,0.7859865427017212,0.04037417843937874,0.22421544790267944,
4163,4.795160293579102,0.0006848378106951714,0.6527530550956726,0.010955989360809326,0.15405546128749847,
4164,5.406144618988037,0.0006287421565502882,0.6478210687637329,0.04720147326588631,0.14250272512435913,
4165,3.441805839538574,0.0007507065311074257,0.5800858736038208,0.021885434165596962,0.09183266758918762,
4166,6.256963729858398,0.0007519168430007994,0.5425248742103577,0.04818097874522209,0.1796446591615677,
4167,3.833362579345703,0.0007178150117397308,0.5044207572937012,0.05441834405064583,0.07802151143550873,
4168,2.922415018081665,0.0007015203009359539,0.5458032488822937,0.010809600353240967,0.08355335146188736,
4169,2.5538949966430664,0.0006727005238644779,0.4240990877151489,0.029892008751630783,0.05462713912129402,
4170,3.625053644180298,0.0006980096804909408,0.5152316093444824,0.015430252067744732,0.10826461762189865,
4171,7.878720283508301,0.000743477838113904,0.6166036128997803,0.043881870806217194,0.245859295129776,
4172,5.474221706390381,0.0007420459296554327,0.5278748869895935,0.0,0.1971118152141571,
4173,3.251214027404785,0.0006866875919513404,0.5302619338035583,0.022337695583701134,0.08581369370222092,
4174,5.214108943939209,0.0007002761703915894,0.4106369614601135,0.09276529401540756,0.09867331385612488,
4175,3.862471580505371,0.0007021178607828915,0.4811478853225708,0.029161950573325157,0.10538887232542038,
4176,3.5323102474212646,0.000900146784260869,0.5831038355827332,0.03783027455210686,0.07923783361911774,
4177,7.193681716918945,0.0007735916296951473,0.49974626302719116,0.039504390209913254,0.22747944295406342,
4178,4.1823649406433105,0.0007576572243124247,0.48675233125686646,0.11974215507507324,0.02732468582689762,
4179,2.9060375690460205,0.0007394053391180933,0.5392551422119141,0.07734521478414536,0.016586672514677048,
4180,4.359507083892822,0.0008102048304863274,0.5281620025634766,0.058468639850616455,0.09397496283054352,
4181,4.237773418426514,0.0007267449982464314,0.5149816274642944,0.07380247116088867,0.07438245415687561,
4182,2.6608521938323975,0.000689864216838032,0.5728700160980225,0.02703370712697506,0.055795710533857346,
4183,6.555253505706787,0.000747733807656914,0.48430460691452026,0.023386597633361816,0.21870362758636475,
4184,3.984731674194336,0.000638880708720535,0.4773767292499542,0.05821074917912483,0.08144456893205643,
4185,4.238731384277344,0.0006863811868242919,0.6237601041793823,0.0,0.14391247928142548,
4186,5.501951217651367,0.0007503817323595285,0.5585998892784119,0.07064982503652573,0.12633384764194489,
4187,7.832746982574463,0.000712023873347789,0.5362539291381836,0.002313296077772975,0.2888343930244446,
4188,5.401556015014648,0.0007434792933054268,0.5373687744140625,0.04126250743865967,0.1525615155696869,
4189,6.719363689422607,0.0006618611514568329,0.6017810106277466,0.04585236310958862,0.19818907976150513,
4190,14.280994415283203,0.0007415281143039465,0.613670825958252,0.02281785011291504,0.5231335759162903,
4191,5.541967391967773,0.000636642100289464,0.6133458614349365,0.012952606193721294,0.18355560302734375,
4192,2.9474594593048096,0.0006218278431333601,0.6120062470436096,0.01796621084213257,0.07483009248971939,
4193,4.500509738922119,0.0006964627536945045,0.6858203411102295,0.032163720577955246,0.11972738802433014,
4194,3.403115749359131,0.0006349685718305409,0.5538753271102905,0.04666735604405403,0.06666729599237442,
4195,3.9958295822143555,0.0006883610039949417,0.6629633903503418,0.043664492666721344,0.08896179497241974,
4196,3.2447428703308105,0.0006644840468652546,0.4868638217449188,0.06287138164043427,0.04677929729223251,
4197,3.0429811477661133,0.0006821692804805934,0.6617998480796814,0.0181796345859766,0.07638543844223022,
4198,7.801940441131592,0.0006577637977898121,0.6028686761856079,0.05653103068470955,0.23077407479286194,
4199,3.7237043380737305,0.0006738250958733261,0.4651832580566406,0.011245489120483398,0.1184215247631073,
4200,2.840693473815918,0.0007148251752369106,0.43974781036376953,0.02319735288619995,0.07212565094232559,
4201,9.2255859375,0.0007261179271154106,0.6666624546051025,0.07806932926177979,0.26356151700019836,
4202,8.084929466247559,0.0007572996546514332,0.6052066087722778,0.0,0.2984316349029541,
4203,3.404188632965088,0.0005986478645354509,0.7382968068122864,0.0,0.10603702068328857,
4204,7.387199401855469,0.0007922369404695928,0.5905048251152039,0.00721035385504365,0.263865202665329,
4205,1.1833007335662842,0.0007087630219757557,0.479839026927948,0.007751802448183298,0.0196779053658247,
4206,3.819943904876709,0.0007572309114038944,0.5714941024780273,0.11789730936288834,0.0112834507599473,
4207,4.1241841316223145,0.0007099939393810928,0.6716434359550476,0.0328102707862854,0.10458136349916458,
4208,5.255906581878662,0.0007200706168077886,0.7098453640937805,0.025764822959899902,0.15535753965377808,
4209,4.861474990844727,0.0007513398886658251,0.565342128276825,0.07724841684103012,0.09384556114673615,
4210,4.130308628082275,0.0007195112411864102,0.5060814023017883,0.002146701095625758,0.14210288226604462,
4211,9.817805290222168,0.0006775364745408297,0.47629010677337646,0.07130801677703857,0.30167508125305176,
4212,2.225020170211792,0.0006354767247103155,0.7319764494895935,0.015765288844704628,0.04332097992300987,
4213,3.298159122467041,0.0007054173038341105,0.6297520995140076,0.04905911162495613,0.05697174370288849,
4214,3.9831361770629883,0.000706313643604517,0.4503258466720581,0.04911164194345474,0.09149444103240967,
4215,4.337662220001221,0.0006898807478137314,0.5002343058586121,0.05263455584645271,0.10017269104719162,
4216,10.228178024291992,0.0007825703360140324,0.709703803062439,0.08932628482580185,0.2906301021575928,
4217,2.095978260040283,0.0007998106884770095,0.6479829549789429,0.014896412380039692,0.04222358018159866,
4218,1.965760588645935,0.0006759015377610922,0.5203430652618408,0.0,0.05714079737663269,
4219,5.5199666023254395,0.0007536662742495537,0.6171240210533142,0.030749401077628136,0.16461063921451569,
4220,3.083536148071289,0.0008287551463581622,0.6625968217849731,0.0,0.09600882232189178,
4221,2.83184814453125,0.0007566767162643373,0.6959117650985718,0.0,0.08468078076839447,
4222,6.123333930969238,0.0007763371686451137,0.5401937961578369,0.012462794780731201,0.21008647978305817,
4223,3.8978431224823,0.0007709402125328779,0.4961000084877014,0.0,0.13529878854751587,
4224,5.972530364990234,0.0007273340597748756,0.4753056764602661,0.12956403195858002,0.08959763497114182,
4225,3.9255847930908203,0.0006729832384735346,0.4482916593551636,0.05815479904413223,0.08026393502950668,
4226,5.366473197937012,0.0006883423193357885,0.6480662822723389,0.09331246465444565,0.09473545849323273,
4227,6.048482894897461,0.000693559821229428,0.3643610179424286,0.0,0.22667132318019867,
4228,3.8685200214385986,0.0007701669819653034,0.7008287310600281,0.05603776499629021,0.06989972293376923,
4229,7.948635578155518,0.0007310793735086918,0.5504387617111206,0.07313239574432373,0.22206440567970276,
4230,2.8968374729156494,0.0009012552327476442,0.4624600112438202,0.02306397631764412,0.07340986281633377,
4231,3.1775856018066406,0.000628409965429455,0.5718015432357788,0.026107212528586388,0.07749573886394501,
4232,2.512755870819092,0.0006451424560509622,0.5189312696456909,0.027877390384674072,0.051230452954769135,
4233,11.76412296295166,0.0006845128373242915,0.6436907052993774,0.07640419155359268,0.367728590965271,
4234,8.780312538146973,0.0007662891293875873,0.6461193561553955,0.08598730713129044,0.23861411213874817,
4235,2.070542335510254,0.0008947245660237968,0.47654473781585693,0.020597219467163086,0.04226796329021454,
4236,6.0363240242004395,0.0007782981847412884,0.4338628947734833,0.08999699354171753,0.13332316279411316,
4237,6.025699615478516,0.0007736934348940849,0.5516678094863892,0.17866624891757965,0.03952132910490036,
4238,3.1382691860198975,0.0007031806744635105,0.48446089029312134,0.08501485735177994,0.020434295758605003,
4239,3.585158109664917,0.0006776177324354649,0.6135527491569519,0.035642027854919434,0.08254456520080566,
4240,4.21121072769165,0.0007723407470621169,0.5346120595932007,0.02316316030919552,0.12312844395637512,
4241,4.506152153015137,0.0006057193968445063,0.6656438708305359,0.07031784951686859,0.08269676566123962,
4242,4.144411087036133,0.0006156848394311965,0.5752682089805603,0.06165401265025139,0.08049601316452026,
4243,5.700167655944824,0.0007437690510414541,0.6496292352676392,0.08870913833379745,0.11256863921880722,
4244,5.77557373046875,0.0006888548959977925,0.6924115419387817,0.03642739728093147,0.16621023416519165,
4245,7.192320823669434,0.0006102418410591781,0.6389381885528564,0.010560591705143452,0.2509644627571106,
4246,4.424341201782227,0.000762317271437496,0.4792410731315613,0.04413110017776489,0.11291059851646423,
4247,13.137487411499023,0.0006864324095658958,0.7097272872924805,0.03416484594345093,0.4622591435909271,
4248,3.2137837409973145,0.000773824576754123,0.6949939727783203,0.017137208953499794,0.08284056186676025,
4249,15.622962951660156,0.0007620812393724918,0.5577999353408813,0.01277071237564087,0.5890737175941467,
4250,2.7982780933380127,0.0007299071294255555,0.5975642204284668,0.012373507022857666,0.07492513954639435,
4251,2.420156955718994,0.000679439923260361,0.5960937738418579,0.0,0.07228308916091919,
4252,3.378899574279785,0.0007027802057564259,0.7425206899642944,0.0,0.10475237667560577,
4253,7.6706085205078125,0.0006008352502249181,0.5968538522720337,0.0,0.2823493480682373,
4254,5.841296672821045,0.0006510323146358132,0.5265282988548279,0.06028479337692261,0.1516548991203308,
4255,5.3611040115356445,0.0006552367121912539,0.42996448278427124,0.02557416632771492,0.1710161715745926,
4256,6.278184413909912,0.0005844659171998501,0.5822461247444153,0.05203711986541748,0.1752159595489502,
4257,6.13682746887207,0.0006515284185297787,0.6607069373130798,0.07596240192651749,0.14243090152740479,
4258,5.9564104080200195,0.0005294368020258844,0.57807457447052,0.0,0.214603990316391,
4259,4.472934722900391,0.0007784899207763374,0.503899335861206,0.06883319467306137,0.08914972841739655,
4260,2.8655524253845215,0.0006492368993349373,0.5500952005386353,0.03711875155568123,0.054850295186042786,
4261,6.535182476043701,0.0006503032636828721,0.5969073176383972,0.05512070655822754,0.1817599982023239,
4262,2.8303065299987793,0.0007643243297934532,0.557599663734436,0.0,0.09014394879341125,
4263,9.318065643310547,0.0006780112744309008,0.5077270865440369,0.2038487195968628,0.14788681268692017,
4264,4.654240608215332,0.0007066844846121967,0.5354011058807373,0.016178548336029053,0.1478683352470398,
4265,2.0438132286071777,0.000701017735991627,0.5160647630691528,0.0012276371708139777,0.05918128043413162,
4266,4.8951592445373535,0.0006532401312142611,0.5240294337272644,0.03339753672480583,0.14079442620277405,
4267,4.639856338500977,0.0006460394361056387,0.48630768060684204,0.11805300414562225,0.047442905604839325,
4268,3.599776268005371,0.0006972623523324728,0.4333662986755371,0.06685525178909302,0.05910388380289078,
4269,5.541486740112305,0.0006748323212377727,0.5999404191970825,0.04102355241775513,0.1559634655714035,
4270,22.33779525756836,0.0006607903051190078,0.50251704454422,0.03575156256556511,0.8369987607002258,
4271,3.7164969444274902,0.0006466215127147734,0.6416096687316895,0.02317843958735466,0.09917043149471283,
4272,3.3605968952178955,0.0006275714840739965,0.5762973427772522,0.02546469308435917,0.08527971804141998,
4273,5.730841636657715,0.0006117616430856287,0.5010058879852295,0.11735810339450836,0.0912235677242279,
4274,4.8340654373168945,0.0006074190605431795,0.5732654333114624,0.1209782138466835,0.04884636402130127,
4275,7.664373397827148,0.0006565322983078659,0.6154680252075195,0.08644074201583862,0.19485893845558167,
4276,6.450821399688721,0.0007169332820922136,0.5405488610267639,0.0,0.23569396138191223,
4277,5.704746723175049,0.0006993187125772238,0.4079517722129822,0.016790827736258507,0.19438165426254272,
4278,8.181877136230469,0.0007254043011926115,0.6454411149024963,0.04071788117289543,0.260014146566391,
4279,2.376037120819092,0.0006406645406968892,0.6274679899215698,0.0580969862639904,0.01120510883629322,
4280,3.9920880794525146,0.0007653334178030491,0.5913681983947754,0.019363462924957275,0.11590000241994858,
4281,5.126638412475586,0.0007120780064724386,0.5008485317230225,0.07162034511566162,0.11269918084144592,
4282,3.490180492401123,0.0006892349920235574,0.5493574738502502,0.0,0.11694368720054626,
4283,2.9110145568847656,0.0006562001071870327,0.8000787496566772,0.06640253216028214,0.01737869344651699,
4284,3.798532247543335,0.0006230588769540191,0.5739309191703796,0.01614644192159176,0.11221454292535782,
4285,5.486720561981201,0.0007131737656891346,0.5870519280433655,0.05370241403579712,0.14157116413116455,
4286,2.7595133781433105,0.000646465749014169,0.5319385528564453,0.007061561103910208,0.0813949704170227,
4287,5.304107666015625,0.0007476870086975396,0.5816642045974731,0.013571779243648052,0.17457829415798187,
4288,3.3763387203216553,0.0006516787689179182,0.7462480068206787,0.05359427258372307,0.05095767229795456,
4289,6.443333625793457,0.0006077211000956595,0.49968791007995605,0.047520559281110764,0.18961754441261292,
4290,3.8210368156433105,0.0006848280318081379,0.6523007750511169,0.020411690697073936,0.10565292835235596,
4291,3.6021571159362793,0.0006867072661407292,0.503963828086853,0.010540544986724854,0.11270047724246979,
4292,8.466700553894043,0.0006660412182100117,0.5444382429122925,0.028843602165579796,0.2873808741569519,
4293,4.2561140060424805,0.0007478017359972,0.6426670551300049,0.03188242390751839,0.11190764605998993,
4294,3.723048210144043,0.0006158284959383309,0.46183812618255615,0.07719963788986206,0.052632931619882584,
4295,9.770625114440918,0.0006174920708872378,0.5361080169677734,0.058921873569488525,0.3098413050174713,
4296,4.722465515136719,0.0007336964481510222,0.55637526512146,0.0818481594324112,0.08406174927949905,
4297,2.3702266216278076,0.0007135462947189808,0.8158392310142517,0.013326883316040039,0.04813506826758385,
4298,8.166658401489258,0.0007936710608191788,0.5438628196716309,0.04191877320408821,0.26219937205314636,
4299,4.196422576904297,0.0006946951034478843,0.5205307006835938,0.08220875263214111,0.06413223594427109,
4300,7.06239652633667,0.0006666412227787077,0.4572845995426178,0.060312747955322266,0.20322510600090027,
4301,4.771693229675293,0.0006769157480448484,0.5637900829315186,0.0,0.16763921082019806,
4302,7.046175479888916,0.0006117886514402926,0.6410946846008301,0.0,0.2555914521217346,
4303,4.242207050323486,0.000721408287063241,0.6212145090103149,0.04273082688450813,0.10138746351003647,
4304,11.660014152526855,0.0006712541799061,0.5506438612937927,0.08182742446660995,0.36187615990638733,
4305,4.524683952331543,0.0007569857407361269,0.6101863384246826,0.047683220356702805,0.10813970863819122,
4306,6.757663726806641,0.0007171262986958027,0.504615068435669,0.017666181549429893,0.2317386418581009,
4307,4.542209148406982,0.0006610052660107613,0.5721719264984131,0.045943714678287506,0.11219677329063416,
4308,5.498157501220703,0.0007115596090443432,0.5830873250961304,0.08466389030218124,0.1112273633480072,
4309,3.883298635482788,0.0008067087619565427,0.39864733815193176,0.0518433041870594,0.0867360383272171,
4310,4.5446319580078125,0.0006703546387143433,0.5775589346885681,0.03365669772028923,0.12435588240623474,
4311,8.723196983337402,0.0008490220061503351,0.4784564971923828,0.14950400590896606,0.1794366091489792,
4312,4.868647575378418,0.000799825182184577,0.41879624128341675,0.050075970590114594,0.12711825966835022,
4313,7.833652019500732,0.0008849554578773677,0.6564696431159973,0.0,0.2862023413181305,
4314,3.192269802093506,0.000885489396750927,0.47544220089912415,0.061767302453517914,0.04602031037211418,
4315,6.307921886444092,0.0006632060394622386,0.41108381748199463,0.03717352822422981,0.198036789894104,
4316,4.656796455383301,0.0008123829029500484,0.4688761234283447,0.04738088324666023,0.11932355165481567,
4317,5.4478960037231445,0.0007184054120443761,0.6172082424163818,0.02312159538269043,0.16938751935958862,
4318,7.418949604034424,0.0007027697283774614,0.556663990020752,0.09014654159545898,0.18364211916923523,
4319,8.235912322998047,0.0008448039297945797,0.5091347694396973,0.029490748420357704,0.27873557806015015,
4320,3.156196355819702,0.0006603060173802078,0.5190494656562805,0.021953999996185303,0.08287157118320465,
4321,6.036190986633301,0.0007120063528418541,0.4601495862007141,0.031659506261348724,0.19067013263702393,
4322,1.7309865951538086,0.0007896271417848766,0.47326257824897766,0.015843590721488,0.033675745129585266,
4323,2.471228837966919,0.0006629494018852711,0.4248867928981781,0.018612802028656006,0.06257793307304382,
4324,4.110556125640869,0.000760839378926903,0.6005679368972778,0.033036548644304276,0.10660214722156525,
4325,11.224187850952148,0.0006708499859087169,0.47851037979125977,0.043714266270399094,0.38544198870658875,
4326,4.550610542297363,0.0006650006398558617,0.4749584197998047,0.017212966457009315,0.1451481282711029,
4327,6.782684803009033,0.0007845261716283858,0.5058112144470215,0.017451146617531776,0.23283928632736206,
4328,5.312540531158447,0.0006871990044601262,0.590446949005127,0.1312316209077835,0.056964922696352005,
4329,6.009483337402344,0.0007560129160992801,0.45695358514785767,0.09644746780395508,0.12489771097898483,
4330,2.1348323822021484,0.0006743724807165563,0.5725761651992798,0.02498360350728035,0.036832280457019806,
4331,4.182647705078125,0.0007340259035117924,0.4236728549003601,0.040610212832689285,0.10901475697755814,
4332,7.037487983703613,0.0007542457315139472,0.4408237934112549,0.024853110313415527,0.2382592111825943,
4333,4.733623504638672,0.0006244761170819402,0.5079057216644287,0.04457811638712883,0.12382610142230988,
4334,4.303830623626709,0.0007304932805709541,0.5684287548065186,0.03900490328669548,0.10968068242073059,
4335,5.009053707122803,0.0006939011509530246,0.4759858548641205,0.03408150002360344,0.1465473175048828,
4336,7.315917491912842,0.000776830071117729,0.5140061378479004,0.13952475786209106,0.13177485764026642,
4337,5.607059001922607,0.0007016199524514377,0.5357057452201843,0.0636119619011879,0.13854055106639862,
4338,6.870016574859619,0.0005548300105147064,0.5129448771476746,0.15280720591545105,0.10092083364725113,
4339,8.2282133102417,0.0006083067855797708,0.6383042931556702,0.06717797368764877,0.2358100861310959,
4340,4.077012062072754,0.0006950036622583866,0.7228288650512695,0.018339315429329872,0.11513300240039825,
4341,4.65113639831543,0.0008691716357134283,0.6117870211601257,0.030788401141762733,0.12991639971733093,
4342,3.7378199100494385,0.0007368898368440568,0.5699822902679443,0.0,0.12597662210464478,
4343,5.057211875915527,0.0007888972759246826,0.4051840901374817,0.06314599514007568,0.12214621901512146,
4344,6.66864538192749,0.0006793689099140465,0.4842224717140198,0.05822291225194931,0.188474640250206,
4345,4.824260711669922,0.0005978313274681568,0.5610142946243286,0.07862714678049088,0.09130487591028214,
4346,15.016773223876953,0.0006703191320411861,0.6450471878051758,0.0,0.5741987228393555,
4347,3.892766237258911,0.0006534057320095599,0.6193445324897766,0.06317800283432007,0.06710545718669891,
4348,4.342132568359375,0.0006161793135106564,0.6016244888305664,0.01118441391736269,0.13781972229480743,
4349,4.037259578704834,0.0006653009913861752,0.5626494288444519,0.0034519433975219727,0.13486717641353607,
4350,5.384803295135498,0.0007675504893995821,0.6960574388504028,0.07855675369501114,0.10822553932666779,
4351,6.586819648742676,0.0006831323844380677,0.5848567485809326,0.11262403428554535,0.12677133083343506,
4352,3.7996513843536377,0.0007032089051790535,0.5644277930259705,0.030307093635201454,0.09839864075183868,
4353,4.621503829956055,0.0007327764178626239,0.5497560501098633,0.03552987053990364,0.1266072690486908,
4354,6.138232231140137,0.0007319735013879836,0.53190016746521,0.04106992483139038,0.18245138227939606,
4355,3.682934522628784,0.0006914524710737169,0.6073148846626282,0.045833904296159744,0.07649943232536316,
4356,2.8744869232177734,0.000580550346057862,0.5719372034072876,0.011471370235085487,0.08005006611347198,
4357,7.978499889373779,0.0006075113196857274,0.4427303075790405,0.19704307615756989,0.10378019511699677,
4358,4.529297351837158,0.0007020889315754175,0.7557395696640015,0.061693884432315826,0.08854633569717407,
4359,8.515961647033691,0.0006302664987742901,0.6761428713798523,0.10451751947402954,0.2084449678659439,
4360,3.071971893310547,0.0006727110594511032,0.668066143989563,0.0,0.09548351168632507,
4361,5.156155586242676,0.0007083271048031747,0.6046063899993896,0.06681064516305923,0.11454299092292786,
4362,3.3621561527252197,0.000701202021446079,0.4940648674964905,0.08950389921665192,0.024518556892871857,
4363,3.637366771697998,0.0006984462961554527,0.5533714890480042,0.06091012805700302,0.06175123155117035,
4364,5.73591423034668,0.0008345352835021913,0.6178044080734253,0.04593338817358017,0.15795646607875824,
4365,2.9711270332336426,0.000683237798511982,0.5366983413696289,0.03278519585728645,0.06390871107578278,
4366,2.4182515144348145,0.0005983726005069911,0.5010761022567749,0.055156171321868896,0.02093246579170227,
4367,6.447659969329834,0.0007855911389924586,0.5570559501647949,0.09117124229669571,0.1436673253774643,
4368,9.100958824157715,0.000609695736784488,0.8118377327919006,0.057895559817552567,0.27305957674980164,
4369,10.584641456604004,0.0006172152352519333,0.5732778310775757,0.23481018841266632,0.16502714157104492,
4370,2.1419711112976074,0.0007290166686289012,0.654658317565918,0.024764517322182655,0.03399898111820221,
4371,10.050336837768555,0.000622662075329572,0.46662771701812744,0.04663072153925896,0.3360949754714966,
4372,6.097346305847168,0.0007143000257201493,0.673892080783844,0.0321354866027832,0.18408837914466858,
4373,5.036220550537109,0.0005857765791006386,0.46477407217025757,0.0,0.1822720766067505,
4374,5.959782600402832,0.0006407992914319038,0.5379288196563721,0.05433974787592888,0.1618935912847519,
4375,8.129505157470703,0.0006967293447814882,0.6726675033569336,0.07688035815954208,0.22069641947746277,
4376,7.919236660003662,0.0005361381336115301,0.48132508993148804,0.1461789309978485,0.1508013904094696,
4377,4.537265777587891,0.0007219425751827657,0.671667218208313,0.00112340843770653,0.15277859568595886,
4378,6.061880588531494,0.0007048593834042549,0.7051538228988647,0.011382599361240864,0.2021816074848175,
4379,3.6751327514648438,0.0005334762972779572,0.6034821271896362,0.019806304946541786,0.1025262326002121,
4380,1.5806933641433716,0.0005656261346302927,0.5078490972518921,0.011497040279209614,0.030851101502776146,
4381,8.001236915588379,0.0006607744726352394,0.6267644166946411,0.15050822496414185,0.14380989968776703,
4382,4.915207386016846,0.0007607221486978233,0.6561037302017212,0.01056969165802002,0.15903374552726746,
4383,5.409609317779541,0.0007532295421697199,0.6881150007247925,0.05129452422261238,0.1368120163679123,
4384,7.707615852355957,0.0007378170848824084,0.6202653646469116,0.03205706551671028,0.25069913268089294,
4385,3.9999802112579346,0.000723888399079442,0.6308763027191162,0.06114520505070686,0.07289506494998932,
4386,1.7990455627441406,0.0006050384254194796,0.5432201027870178,0.014938314445316792,0.03468966856598854,
4387,7.844062805175781,0.0006720780511386693,0.7589741349220276,0.09159859269857407,0.19113288819789886,
4388,4.707970142364502,0.0009068772196769714,0.5371896028518677,0.028069516643881798,0.13785482943058014,
4389,4.643074035644531,0.0006859962013550103,0.6176917552947998,0.0,0.16032928228378296,
4390,4.101313591003418,0.0008389391005039215,0.5567964315414429,0.07468835264444351,0.06625339388847351,
4391,4.857335567474365,0.0005841177771799266,0.5675154328346252,0.12038608640432358,0.0506226047873497,
4392,5.127623558044434,0.0006129528046585619,0.6056299805641174,0.016943752765655518,0.1633230447769165,
4393,2.421520471572876,0.0006610460695810616,0.5231714844703674,0.020442524924874306,0.0548303946852684,
4394,9.937689781188965,0.0006357103702612221,0.4495341181755066,0.12780170142650604,0.25108879804611206,
4395,5.019730091094971,0.0006762499106116593,0.4938367009162903,0.08255305141210556,0.097806416451931,
4396,2.976891040802002,0.0006445600301958621,0.5131385326385498,0.0,0.09790553897619247,
4397,1.853040337562561,0.0006969257374294102,0.4711782932281494,0.028657138347625732,0.02592041715979576,
4398,7.261852741241455,0.0005654225824400783,0.5771251916885376,0.08531904220581055,0.18150463700294495,
4399,4.729180812835693,0.0006823376752436161,0.5348018407821655,0.014587342739105225,0.15250548720359802,
4400,2.2575206756591797,0.0006411494687199593,0.7113322019577026,0.02807762287557125,0.0331287682056427,
4401,5.816675186157227,0.0006506164208985865,0.5633996725082397,0.029714684933423996,0.1797657161951065,
4402,5.79863166809082,0.000623898406047374,0.487244188785553,0.12804150581359863,0.08379010111093521,
4403,3.1978015899658203,0.0007009411347098649,0.7088690996170044,0.045316338539123535,0.053540028631687164,
4404,9.013381004333496,0.000588075490668416,0.7607544660568237,0.017214816063642502,0.3123021423816681,
4405,2.3732080459594727,0.0006070304661989212,0.5462135672569275,0.029080430045723915,0.04339231550693512,
4406,5.900563716888428,0.0006407214677892625,0.543364942073822,0.02971957065165043,0.18392765522003174,
4407,4.925858974456787,0.0005884016864001751,0.6670659780502319,0.11954673379659653,0.05021658539772034,
4408,2.368651866912842,0.000669178378302604,0.5747365951538086,0.0,0.07108743488788605,
4409,7.0532965660095215,0.0005931124906055629,0.5138016939163208,0.022124171257019043,0.2388625144958496,
4410,3.6364634037017822,0.0006042913300916553,0.5355288982391357,0.07319998741149902,0.05023309960961342,
4411,5.672676086425781,0.0006839417037554085,0.4462387263774872,0.1335068941116333,0.07486668229103088,
4412,3.1208314895629883,0.0006856194813735783,0.6002164483070374,0.06924960762262344,0.030889376997947693,
4413,9.599180221557617,0.000633074960205704,0.5312891006469727,0.0,0.3620825707912445,
4414,5.481784343719482,0.0007143716793507338,0.6389502882957458,0.043087977916002274,0.14991101622581482,
4415,7.04672908782959,0.0006863965536467731,0.4883142411708832,0.03713683411478996,0.22451336681842804,
4416,6.564851760864258,0.0006166002131067216,0.6094809770584106,0.08978782594203949,0.1478104144334793,
4417,2.0540714263916016,0.000602108018938452,0.5042020678520203,0.005604048725217581,0.055788613855838776,
4418,6.113819599151611,0.0005824326653964818,0.6063117384910583,0.0,0.219717875123024,
4419,4.656193256378174,0.0006617268663831055,0.41981881856918335,0.02015145681798458,0.14864179491996765,
4420,2.3295533657073975,0.0006229127175174654,0.4993475079536438,0.01947971060872078,0.05310560762882233,
4421,2.6517865657806396,0.0006029296782799065,0.49571648240089417,0.0033113956451416016,0.08232846856117249,
4422,5.2215895652771,0.0007451497949659824,0.6110108494758606,0.051603835076093674,0.13207414746284485,
4423,3.526482582092285,0.0006395478267222643,0.47258079051971436,0.0821346864104271,0.03938183933496475,
4424,5.9000725746154785,0.0006310394965112209,0.6545400619506836,0.0,0.2091902494430542,
4425,3.5498735904693604,0.000687289226334542,0.5480216145515442,0.06071879342198372,0.05866800248622894,
4426,8.999643325805664,0.000611145340371877,0.5792327523231506,0.0,0.33620524406433105,
4427,6.33422327041626,0.000631480070296675,0.5582011938095093,0.04316365718841553,0.18724575638771057,
4428,2.879222869873047,0.0006518180016428232,0.8108044266700745,0.02834795042872429,0.05373696610331535,
4429,4.670727252960205,0.0006446407060138881,0.5110506415367126,0.04050004482269287,0.12524238228797913,
4430,2.4809987545013428,0.0007522402447648346,0.5912874341011047,0.00923001766204834,0.06560619175434113,
4431,1.6285607814788818,0.0006592095014639199,0.6081682443618774,0.0,0.040156491100788116,
4432,3.567915916442871,0.000590520619880408,0.7921384572982788,0.02692204713821411,0.08351851999759674,
4433,5.02431058883667,0.0006898643332533538,0.7288833856582642,0.024001995101571083,0.147125244140625,
4434,2.4142274856567383,0.0007252693176269531,0.6351401209831238,0.007688721176236868,0.06274950504302979,
4435,4.938144207000732,0.000878281716722995,0.537946343421936,0.05991162732243538,0.11521800607442856,
4436,3.186366319656372,0.0005733240977860987,0.721055269241333,0.029392778873443604,0.06864634156227112,
4437,7.5832438468933105,0.000806157011538744,0.5321068167686462,0.13295616209506989,0.14828315377235413,
4438,3.284245014190674,0.0009222024236805737,0.5826377868652344,0.015696188434958458,0.0914459079504013,
4439,4.66688871383667,0.0006804729928262532,0.3977154493331909,0.024515727534890175,0.14557072520256042,
4440,1.64044189453125,0.0008647635695524514,0.5988326668739319,0.01084524393081665,0.02995435893535614,
4441,12.117465019226074,0.0006186059326864779,0.7094160318374634,0.0,0.45570334792137146,
4442,6.866335868835449,0.0008432303438894451,0.7076807022094727,0.012998521327972412,0.2325044572353363,
4443,12.460806846618652,0.0008800301584415138,0.6355266571044922,0.024650970473885536,0.4474802017211914,
4444,3.738595724105835,0.0007805544300936162,0.7022068500518799,0.0,0.1206749975681305,
4445,4.249571800231934,0.0007026095991022885,0.506359875202179,0.038984693586826324,0.11004117131233215,
4446,6.061447620391846,0.0006750940228812397,0.5159916877746582,0.06634807586669922,0.1547950655221939,
4447,6.075575828552246,0.0007710678037256002,0.6273634433746338,0.11941790580749512,0.09773954004049301,
4448,1.5830016136169434,0.0006554667488671839,0.48123839497566223,0.01004934310913086,0.03336572274565697,
4449,3.6558096408843994,0.0007115062908269465,0.6747587323188782,0.052365344017744064,0.06616518646478653,
4450,4.251079559326172,0.0006539297755807638,0.6067470908164978,0.028818249702453613,0.11630111932754517,
4451,5.60938024520874,0.0006434005335904658,0.6093441247940063,0.07112780958414078,0.1282302439212799,
4452,6.859887599945068,0.000616273086052388,0.679448127746582,0.04888276383280754,0.197718545794487,
4453,8.442187309265137,0.0006621325737796724,0.6369384527206421,0.005281805992126465,0.30626600980758667,
4454,7.225391864776611,0.0006437625270336866,0.5085121989250183,0.15953516960144043,0.1084962785243988,
4455,7.1685357093811035,0.0007941161165945232,0.5779284238815308,0.0,0.2628301680088043,
4456,3.550597906112671,0.0006973227136768401,0.5097545981407166,0.016314605250954628,0.10462179780006409,
4457,4.139510154724121,0.0005964290467090905,0.5168364644050598,0.04709041118621826,0.09722009301185608,
4458,2.580597162246704,0.0005938275717198849,0.561739444732666,0.03575976565480232,0.044400714337825775,
4459,3.5255534648895264,0.0006083094049245119,0.5499832034111023,0.06749901920557022,0.05091547966003418,
4460,3.448867082595825,0.0007245042361319065,0.6204438209533691,0.009121716022491455,0.10329071432352066,
4461,1.5769548416137695,0.0007438355241902173,0.4173586964607239,0.007859687320888042,0.03778032213449478,
4462,8.238554954528809,0.0006840939749963582,0.6199567317962646,0.039505261927843094,0.26455456018447876,
4463,11.109209060668945,0.0007895419839769602,0.47702258825302124,0.07841088622808456,0.3460870385169983,
4464,2.3842852115631104,0.0007178564555943012,0.5425171852111816,0.00718235969543457,0.06577050685882568,
4465,10.048778533935547,0.000711117114406079,0.6253335475921631,0.0,0.37622666358947754,
4466,3.618110179901123,0.0008560759015381336,0.40029996633529663,0.05902882292866707,0.06882750988006592,
4467,2.642977237701416,0.0006500569288618863,0.42088186740875244,0.043766021728515625,0.0444677397608757,
4468,3.431001663208008,0.0008142961305566132,0.5743781328201294,0.0,0.11345064640045166,
4469,5.588428497314453,0.0007300276774913073,0.5473408102989197,0.05837048962712288,0.1425429880619049,
4470,8.066652297973633,0.0008512664935551584,0.562869668006897,0.10597793012857437,0.193322092294693,
4471,19.74920082092285,0.0009517188300378621,0.6753675937652588,0.03896033763885498,0.723041296005249,
4472,3.958827018737793,0.0008609732612967491,0.5218167304992676,0.01796070672571659,0.11865873634815216,
4473,4.835453510284424,0.0006433090893551707,0.5125638246536255,0.07704917341470718,0.09522309899330139,
4474,1.6335079669952393,0.0008986542816273868,0.47082000970840454,0.0023685693740844727,0.043240293860435486,
4475,6.9343485832214355,0.00062234589131549,0.4012848734855652,0.05769290402531624,0.203007310628891,
4476,10.403244972229004,0.0007326146005652845,0.46245869994163513,0.048074640333652496,0.3488242030143738,
4477,5.531848430633545,0.000835418701171875,0.5325335264205933,0.12194031476974487,0.07719685882329941,
4478,3.0107181072235107,0.0007125571719370782,0.47671061754226685,0.047501541674137115,0.053146205842494965,
4479,13.856117248535156,0.0008029001182876527,0.6882253885269165,0.008707324974238873,0.5172054171562195,
4480,7.145092964172363,0.0007710657082498074,0.48499321937561035,0.16890980303287506,0.09672311693429947,
4481,7.983648300170898,0.0007176192593760788,0.4809901714324951,0.23111997544765472,0.06826873868703842,
4482,3.968352794647217,0.0008098480757325888,0.5253997445106506,0.03560155630111694,0.1013067215681076,
4483,5.8869524002075195,0.0006479904404841363,0.4800208806991577,0.12086371332406998,0.0947655439376831,
4484,4.265138149261475,0.000638691068161279,0.4979650378227234,0.05207042023539543,0.09797781705856323,
4485,9.762237548828125,0.000684137165080756,0.5099307298660278,0.19221635162830353,0.17719179391860962,
4486,6.217989444732666,0.0006569129764102399,0.5647128820419312,0.016442179679870605,0.20903195440769196,
4487,7.354022979736328,0.0006625416572205722,0.4988492429256439,0.04876087233424187,0.2247835397720337,
4488,4.027980327606201,0.0007465867674909532,0.45252424478530884,0.02645697258412838,0.1158146858215332,
4489,3.7898688316345215,0.0006442497833631933,0.5074852705001831,0.043279509991407394,0.0873715877532959,
4490,3.611461877822876,0.0007186639704741538,0.4599422812461853,0.08615567535161972,0.039186447858810425,
4491,4.239070892333984,0.0007503759698010981,0.47175660729408264,0.056632041931152344,0.0933101624250412,
4492,3.900038480758667,0.0006398844416253269,0.5224251747131348,0.020878413692116737,0.11358623206615448,
4493,7.838373184204102,0.000640232814475894,0.5150107741355896,0.09734600782394409,0.1949482560157776,
4494,6.187339782714844,0.0007640922558493912,0.5980062484741211,0.1213841438293457,0.10142511129379272,
4495,7.574420928955078,0.0006699984078295529,0.5346018075942993,0.02035907842218876,0.2605637013912201,
4496,9.027022361755371,0.0006859833956696093,0.6830049157142639,0.038574833422899246,0.29449987411499023,
4497,4.598417282104492,0.0007136794738471508,0.47757506370544434,0.05841616913676262,0.10570383071899414,
4498,2.647030830383301,0.0006206854013726115,0.6117979288101196,0.03151164576411247,0.04927699267864227,
4499,3.4004571437835693,0.0006849144119769335,0.5089113712310791,0.020070791244506836,0.09490612894296646,
4500,2.143890857696533,0.0006193178705871105,0.4626154899597168,0.0008139411802403629,0.06581775844097137,"[1.3626978397369385, 1.4701826572418213, 1.0842303037643433]"
4501,2.232593297958374,0.0005914500798098743,0.5374085307121277,0.014127771370112896,0.05308816581964493,
4502,4.036339282989502,0.0006908804061822593,0.7291463613510132,0.03172854706645012,0.0998682975769043,
4503,4.116490364074707,0.0006665025721304119,0.6117020845413208,0.0,0.13952502608299255,
4504,8.563192367553711,0.00059263821458444,0.5837006568908691,0.10720168054103851,0.21138536930084229,
4505,5.6283440589904785,0.0007403881172649562,0.6952188611030579,0.03161889314651489,0.16496573388576508,
4506,2.188783645629883,0.0006723420228809118,0.5358393788337708,0.02208675816655159,0.04335867613554001,
4507,12.137316703796387,0.0006351640331558883,0.5781800746917725,0.05331500247120857,0.408415287733078,
4508,7.194060802459717,0.0008150723879225552,0.7196666598320007,0.03297301009297371,0.22518768906593323,
4509,7.158694744110107,0.0007164062117226422,0.6188998818397522,0.06447267532348633,0.19640271365642548,
4510,1.9480769634246826,0.0006608353578485548,0.6747007369995117,0.0,0.05027421563863754,
4511,4.053377151489258,0.0007109852158464491,0.5044684410095215,0.05110200121998787,0.0901433601975441,
4512,3.338442802429199,0.0006682025268673897,0.5845900177955627,0.04926313832402229,0.060222774744033813,
4513,10.2544584274292,0.0007059819181449711,0.599158525466919,0.05205035209655762,0.3334556519985199,
4514,2.2932984828948975,0.0006918740109540522,0.5949055552482605,0.0,0.06724383682012558,
4515,2.84279727935791,0.0007800275343470275,0.41588661074638367,0.0325898714363575,0.06370652467012405,
4516,4.914616107940674,0.0006212098523974419,0.44209209084510803,0.029524127021431923,0.14875563979148865,
4517,4.296722888946533,0.0007434281869791448,0.6900023221969604,0.07274402678012848,0.07078137248754501,
4518,4.845006942749023,0.0007461703498847783,0.6441392302513123,0.1085716262459755,0.058716900646686554,
4519,6.392582416534424,0.0006669837166555226,0.5270180106163025,0.17520344257354736,0.0587521456182003,
4520,1.6406028270721436,0.0008627534261904657,0.5166215300559998,0.007381300441920757,0.03671519458293915,
4521,10.248469352722168,0.0006325200665742159,0.39428815245628357,0.03600722551345825,0.357527494430542,
4522,4.076930522918701,0.0008756830939091742,0.5702687501907349,0.022859951481223106,0.11653083562850952,
4523,2.10467529296875,0.000757609202992171,0.5694357752799988,0.0,0.060651976615190506,
4524,2.1457693576812744,0.0008132856455631554,0.4235987067222595,0.00453495979309082,0.0635385811328888,
4525,4.538250923156738,0.0007563764229416847,0.5741233229637146,0.015098094940185547,0.1427106261253357,
4526,5.038923263549805,0.0006924792542122304,0.5073258280754089,0.0,0.18057142198085785,
4527,4.999400615692139,0.0007708243210799992,0.6126289963722229,0.018036922439932823,0.15666311979293823,
4528,3.854405164718628,0.0008645064081065357,0.5622622966766357,0.0,0.13082121312618256,
4529,5.722422122955322,0.0007501483778469265,0.49121057987213135,0.07303613424301147,0.1354621797800064,
4530,8.874006271362305,0.0007563671097159386,0.6038220524787903,0.0,0.3300510048866272,
4531,3.5855531692504883,0.0008894482161849737,0.5997156500816345,0.05894533917307854,0.059598710387945175,
4532,2.5096092224121094,0.0006949733942747116,0.5947666168212891,0.0,0.07589873671531677,
4533,3.05952787399292,0.0008151237852871418,0.6940492391586304,0.0,0.0938040241599083,
4534,5.253378391265869,0.0006822740542702377,0.627997875213623,0.08923549950122833,0.09509745240211487,
4535,6.695794105529785,0.0005955949309282005,0.7678386569023132,0.0827680453658104,0.1537545770406723,
4536,2.9308691024780273,0.0006096088909544051,0.552003026008606,0.01795683242380619,0.0765882134437561,
4537,4.497533798217773,0.0007497917977161705,0.45270246267318726,0.002482473850250244,0.15856099128723145,
4538,10.221673965454102,0.0006475403788499534,0.5267484188079834,0.045997459441423416,0.34115201234817505,
4539,3.852311372756958,0.0007195007638074458,0.6316008567810059,0.0,0.1281089186668396,
4540,3.0245015621185303,0.0006182545330375433,0.5508469939231873,0.03474611043930054,0.06358181685209274,
4541,3.0775063037872314,0.0007670971681363881,0.7262598872184753,0.03399723768234253,0.059285521507263184,
4542,5.588092803955078,0.0006778987008146942,0.43379026651382446,0.031458914279937744,0.17403528094291687,
4543,5.707841873168945,0.0006750019383616745,0.5321565866470337,0.08949059247970581,0.11686182022094727,
4544,4.198864936828613,0.0006503346958197653,0.5256662368774414,0.09454307705163956,0.05173452943563461,
4545,5.740886211395264,0.0006247485871426761,0.6346063613891602,0.06378438323736191,0.13984206318855286,
4546,3.707817316055298,0.0006755187641829252,0.5145688056945801,0.014138142578303814,0.11291628330945969,
4547,7.7423553466796875,0.0006888699135743082,0.4997886121273041,0.11933735758066177,0.16967643797397614,
4548,4.7805328369140625,0.0007093748426996171,0.5500741600990295,0.06549803167581558,0.10301093757152557,
4549,4.532271385192871,0.0006597952451556921,0.42944175004959106,0.0985872894525528,0.0648660883307457,
4550,6.0549726486206055,0.0006705865380354226,0.4905928373336792,0.06739604473114014,0.1545085608959198,
4551,3.505479335784912,0.0007293841917999089,0.4943327307701111,0.05430205911397934,0.0654144212603569,
4552,4.242670059204102,0.0005981200956739485,0.493111252784729,0.043661076575517654,0.10572316497564316,
4553,4.202675819396973,0.0005902631091885269,0.5265088081359863,0.0013935366878286004,0.1450628936290741,
4554,6.032774925231934,0.0006813461077399552,0.5301386713981628,0.12837988138198853,0.09104423224925995,
4555,10.401134490966797,0.0006874383543618023,0.589125394821167,0.06745351850986481,0.3243394196033478,
4556,4.815031051635742,0.0006089659873396158,0.44727930426597595,0.11178378015756607,0.06231731176376343,
4557,4.28181266784668,0.0006533185369335115,0.511034369468689,0.10333055257797241,0.04684726521372795,
4558,4.859589099884033,0.0007089085411280394,0.5641182661056519,0.0,0.17110992968082428,
4559,3.335446834564209,0.0006387330940924585,0.5660713911056519,0.0179939866065979,0.09214230626821518,
4560,3.2821385860443115,0.0005757657927460968,0.48076897859573364,0.036796413362026215,0.07468260079622269,
4561,2.599400520324707,0.0006762246484868228,0.46252167224884033,0.029028257355093956,0.05577068030834198,
4562,3.4859957695007324,0.0006664865650236607,0.6131244897842407,0.027634698897600174,0.08661366254091263,
4563,2.7258505821228027,0.0006055660196579993,0.6916743516921997,0.02742745541036129,0.05333402752876282,
4564,4.825817584991455,0.0006711245514452457,0.6590558290481567,0.004394153598695993,0.16160520911216736,
4565,4.214183807373047,0.0006463734316639602,0.629683256149292,0.04058690741658211,0.10214673727750778,
4566,5.3572540283203125,0.000677583331707865,0.6588568687438965,0.05992041155695915,0.12733788788318634,
4567,3.37532901763916,0.0005596958217211068,0.5448604822158813,0.05319203808903694,0.05946701020002365,
4568,0.9999100565910339,0.0007071019499562681,0.6416133642196655,0.00562808895483613,0.007996677421033382,
4569,4.382294654846191,0.0007497460464946926,0.5767198801040649,0.01295598316937685,0.13851726055145264,
4570,4.811734199523926,0.0006145662628114223,0.5642435550689697,0.003618776798248291,0.16566629707813263,
4571,3.444049119949341,0.0006448584026657045,0.6182259917259216,0.020326992496848106,0.09206107258796692,
4572,6.030333518981934,0.0006688057328574359,0.4932023882865906,0.0023316144943237305,0.21848484873771667,
4573,5.449699878692627,0.0006779397372156382,0.5976873636245728,0.11367154121398926,0.07973102480173111,
4574,5.224066734313965,0.0006938992883078754,0.5903775691986084,0.007158020976930857,0.17749562859535217,
4575,5.475444316864014,0.0006888654897920787,0.6894760131835938,0.0,0.1907498687505722,
4576,1.5852327346801758,0.0006265553529374301,0.6409152746200562,0.02060653828084469,0.01653960347175598,
4577,5.483485698699951,0.0005664880736730993,0.6038894653320312,0.08630204200744629,0.10831531882286072,
4578,5.405003547668457,0.000643539649900049,0.4977822005748749,0.0,0.1956453174352646,
4579,7.160359859466553,0.0005770630086772144,0.5217199921607971,0.06257984787225723,0.2023886889219284,
4580,4.547757148742676,0.0005754593876190484,0.4987379312515259,0.01669212244451046,0.14469318091869354,
4581,3.978224277496338,0.0005063025164417922,0.6564689874649048,0.06868533045053482,0.06367857754230499,
4582,6.1998066902160645,0.0005652840482071042,0.5685180425643921,0.012416799552738667,0.21226945519447327,
4583,8.455260276794434,0.0006112730479799211,0.6551885604858398,0.06827954202890396,0.24311205744743347,
4584,3.3105111122131348,0.0007159481174312532,0.42389506101608276,0.025919973850250244,0.08882871270179749,
4585,4.893134117126465,0.0006576571031473577,0.6112825870513916,0.028141001239418983,0.142475426197052,
4586,5.690182685852051,0.0005850488669238985,0.5086848735809326,0.10015839338302612,0.10651645064353943,
4587,2.621478319168091,0.0006753362831659615,0.46663808822631836,0.0,0.08551827073097229,
4588,3.929886817932129,0.0005650821258313954,0.5791542530059814,0.057153504341840744,0.07631071656942368,
4589,1.184171199798584,0.0007101233932189643,0.5201850533485413,0.0,0.025849323719739914,
4590,5.296803951263428,0.000630703812930733,0.4953191876411438,0.049437541514635086,0.14199113845825195,
4591,2.6000776290893555,0.000723913952242583,0.5535496473312378,0.024258455261588097,0.05687873810529709,
4592,3.440420150756836,0.0007114966283552349,0.6112347841262817,0.07114583253860474,0.04131009429693222,
4593,6.884406089782715,0.0006450953078456223,0.6462661027908325,0.046577394008636475,0.20230312645435333,
4594,3.989187002182007,0.0006721299141645432,0.6462480425834656,0.021130165085196495,0.11191525310277939,
4595,4.116913318634033,0.0006359980907291174,0.560673713684082,0.03224382549524307,0.10936975479125977,
4596,6.5272650718688965,0.0006894367397762835,0.5538018941879272,0.020775815472006798,0.21747328341007233,
4597,5.101041793823242,0.0006426369654946029,0.6122108697891235,0.006360272411257029,0.17255033552646637,
4598,4.9941792488098145,0.0005885706632398069,0.5416739583015442,0.046056050807237625,0.13145558536052704,
4599,3.5090463161468506,0.0007471423596143723,0.47594133019447327,0.037809450179338455,0.08276760578155518,
4600,8.13737678527832,0.0006308049778454006,0.630516767501831,0.02871859073638916,0.27092498540878296,
4601,10.656630516052246,0.0006070629460737109,0.6291019320487976,0.054267048835754395,0.3462270498275757,
4602,4.387264728546143,0.0006698575452901423,0.5820764899253845,0.07661823183298111,0.0749194324016571,
4603,8.100793838500977,0.0007110249134711921,0.6731098890304565,0.058401066809892654,0.23799528181552887,
4604,7.603363037109375,0.0007398679736070335,0.48457616567611694,0.05770965293049812,0.22630195319652557,
4605,14.611193656921387,0.0006844611489214003,0.531028151512146,0.06430071592330933,0.4982214570045471,
4606,5.707398414611816,0.0007135188207030296,0.5615379810333252,0.019771456718444824,0.18534941971302032,
4607,2.071812391281128,0.0006721761892549694,0.6665794253349304,0.0,0.0555371418595314,
4608,3.3089399337768555,0.0006533763371407986,0.4892561435699463,0.05543705075979233,0.056696925312280655,
4609,4.721752643585205,0.0006990584661252797,0.5067408680915833,0.02828947640955448,0.13961192965507507,
4610,3.0590813159942627,0.00079565797932446,0.48801010847091675,0.043673075735569,0.05837411433458328,
4611,6.618007183074951,0.0008368140552192926,0.4637492001056671,0.05237414687871933,0.19295935332775116,
4612,4.205689430236816,0.0007085796096362174,0.5007340908050537,0.0,0.14748962223529816,
4613,7.476690292358398,0.0007502685766667128,0.6452772617340088,0.0329551100730896,0.2395511418581009,
4614,4.884863376617432,0.0008111502975225449,0.4498468339443207,0.016831815242767334,0.15975768864154816,
4615,2.462120532989502,0.0006977777811698616,0.4844302535057068,0.0,0.0784098356962204,
4616,11.393097877502441,0.000671998830512166,0.4518182873725891,0.1486540138721466,0.28832516074180603,
4617,4.311796188354492,0.0006289074663072824,0.5629905462265015,0.06827106326818466,0.0810522586107254,
4618,6.193265914916992,0.0008021750836633146,0.4841412901878357,0.13058729469776154,0.09697552025318146,
4619,6.54006290435791,0.0006885857437737286,0.46560120582580566,0.16123303771018982,0.08105683326721191,
4620,5.4588823318481445,0.0007903759833425283,0.5741087198257446,0.09232918918132782,0.10227138549089432,
4621,7.136284828186035,0.0008390222792513669,0.541008710861206,0.13247495889663696,0.1304970681667328,
4622,4.599246978759766,0.0007344677578657866,0.4629703462123871,0.0526900477707386,0.11202655732631683,
4623,3.8512325286865234,0.000699301075655967,0.4777796268463135,0.07840128988027573,0.05583752691745758,
4624,9.811620712280273,0.0006989249959588051,0.5062106847763062,0.06065215542912483,0.3108653426170349,
4625,2.4600954055786133,0.0005640449817292392,0.5061174035072327,0.03696805238723755,0.040627025067806244,
4626,4.505827903747559,0.0006809747428633273,0.5219242572784424,0.03339530900120735,0.12527987360954285,
4627,3.869615077972412,0.000709933286998421,0.6314592361450195,0.06051921844482422,0.06829708069562912,
4628,4.587247848510742,0.0007377307047136128,0.48373186588287354,0.02322143316268921,0.14018148183822632,
4629,11.83361530303955,0.0006707333959639072,0.5511103868484497,0.08403187990188599,0.36659759283065796,
4630,8.200057029724121,0.0007050202111713588,0.6343533992767334,0.09347009658813477,0.2084530144929886,
4631,1.8554913997650146,0.0007163994014263153,0.50362628698349,0.006663540843874216,0.046694666147232056,
4632,6.630863189697266,0.0006515667773783207,0.49540895223617554,0.10009261220693588,0.14467398822307587,
4633,1.1711194515228271,0.0006675844197161496,0.6115429997444153,0.0,0.021715475246310234,
4634,8.330397605895996,0.0006004281458444893,0.6367486715316772,0.0,0.30714553594589233,
4635,17.153799057006836,0.0006308589945547283,0.6617901921272278,0.0826164111495018,0.5764330625534058,
4636,5.449495315551758,0.0007403281051665545,0.7033507227897644,0.06053827330470085,0.1285671889781952,
4637,3.405040979385376,0.0007152871112339199,0.6977121233940125,0.0,0.1075778678059578,
4638,4.737724304199219,0.0007062847726047039,0.5673169493675232,0.023739716038107872,0.1423702836036682,
4639,15.871320724487305,0.0006089392118155956,0.5139681100845337,0.04974446818232536,0.563940703868866,
4640,2.1220920085906982,0.0007543913088738918,0.7324420213699341,0.0,0.0548316091299057,
4641,3.8607213497161865,0.0007922560325823724,0.47749200463294983,0.07157421112060547,0.06296270340681076,
4642,6.2734832763671875,0.0007018374162726104,0.4531250596046448,0.05375099182128906,0.17836150527000427,
4643,7.392560005187988,0.0006996997981332242,0.45223861932754517,0.042458195239305496,0.2344549596309662,
4644,6.20014762878418,0.0006437876727432013,0.6442246437072754,0.08209285885095596,0.13950027525424957,
4645,2.60622501373291,0.0007010909612290561,0.5102576017379761,0.03418542817234993,0.04895217344164848,
4646,6.211116790771484,0.0006512520485557616,0.44410422444343567,0.09000873565673828,0.14002050459384918,
4647,3.373223304748535,0.0006124727078713477,0.5705016255378723,0.059908609837293625,0.0515877865254879,
4648,3.2211809158325195,0.0006867346819490194,0.4973454475402832,0.04856467247009277,0.05970201641321182,
4649,1.5861968994140625,0.0007133876788429916,0.4744383692741394,0.0211054477840662,0.02265150472521782,
4650,2.7060790061950684,0.0006545696523971856,0.508396565914154,0.054297346621751785,0.03295537829399109,
4651,2.1427552700042725,0.0007289175991900265,0.527074933052063,0.01665971614420414,0.047238580882549286,
4652,3.459927558898926,0.0006993238348513842,0.5077255964279175,0.038644276559352875,0.07874447107315063,
4653,6.941887855529785,0.0005862498073838651,0.5825238227844238,0.1321612000465393,0.12162710726261139,
4654,4.286666393280029,0.0006831107311882079,0.48951923847198486,0.08044704049825668,0.0707557424902916,
4655,7.157701015472412,0.0006701411330141127,0.4533020257949829,0.026440083980560303,0.24106572568416595,
4656,8.929767608642578,0.0007046331302262843,0.485539972782135,0.11487866938114166,0.22218576073646545,
4657,1.7840721607208252,0.0006876990664750338,0.3611590266227722,0.041727881878614426,0.014500942081212997,
4658,2.9116406440734863,0.0006763566634617746,0.523807168006897,0.04305058717727661,0.0517864003777504,
4659,5.280483245849609,0.0007351689855568111,0.6410255432128906,0.0,0.18484313786029816,
4660,8.267929077148438,0.0006284377886913717,0.5397605299949646,0.02282627299427986,0.28567203879356384,
4661,4.752047538757324,0.0006535783759318292,0.6478804349899292,0.04625238850712776,0.11726072430610657,
4662,2.3756721019744873,0.0007334249676205218,0.6829519271850586,0.029747745022177696,0.03722763434052467,
4663,5.706190586090088,0.0007985785487107933,0.5728851556777954,0.012423853389918804,0.19210979342460632,
4664,5.842906475067139,0.0007566102431155741,0.6892582178115845,0.02102561853826046,0.1843637079000473,
4665,9.187726974487305,0.0007497214246541262,0.6098006963729858,0.0,0.34236735105514526,
4666,4.5067667961120605,0.0006790599436499178,0.6746129989624023,0.05486229807138443,0.09774478524923325,
4667,3.1666059494018555,0.0008545410819351673,0.6139944791793823,0.053748149424791336,0.04750176891684532,
4668,5.207703590393066,0.0006466823979280889,0.5742189884185791,0.10868098586797714,0.07601173222064972,
4669,4.929115295410156,0.0007986346608959138,0.6729543209075928,0.012425561435520649,0.15702223777770996,
4670,11.23900032043457,0.0006595656159333885,0.568300724029541,0.0,0.42616844177246094,
4671,7.524173259735107,0.0006529961246997118,0.4678691029548645,0.0,0.28159916400909424,
4672,3.90683913230896,0.0006953261326998472,0.7280604839324951,0.0838104709982872,0.04264534264802933,
4673,5.658411026000977,0.0006630154675804079,0.47570130228996277,0.018177727237343788,0.18846763670444489,
4674,3.61885666847229,0.0005850451416336,0.5217893123626709,0.0564907006919384,0.06680694967508316,
4675,2.319861888885498,0.0006750121829099953,0.5140904188156128,0.060597263276576996,0.01095858309417963,
4676,5.209918022155762,0.0006773507338948548,0.6832560300827026,0.010727564804255962,0.16966156661510468,
4677,7.685135364532471,0.0007117079221643507,0.5763298273086548,0.042494259774684906,0.2411462664604187,
4678,4.047557830810547,0.000704482663422823,0.6737388968467712,0.026212751865386963,0.10803552716970444,
4679,3.534334897994995,0.000676887109875679,0.6007411479949951,0.022977054119110107,0.09368979930877686,
4680,4.361880779266357,0.0005608364008367062,0.49255239963531494,0.03703872114419937,0.11717357486486435,
4681,5.041104316711426,0.0006362227140925825,0.5939061641693115,0.1199638843536377,0.057287804782390594,
4682,6.173405170440674,0.0006434552487917244,0.6264458894729614,0.0660783052444458,0.15515661239624023,
4683,6.735602855682373,0.0005772457225248218,0.6618915796279907,0.03684751316905022,0.20552369952201843,
4684,5.544665336608887,0.0006290817982517183,0.438407301902771,0.034973740577697754,0.16864749789237976,
4685,2.634891986846924,0.0005708078970201313,0.5761808156967163,0.005686064716428518,0.07609158009290695,
4686,5.066057205200195,0.0007045981474220753,0.5466347932815552,0.0,0.18007230758666992,
4687,3.9006447792053223,0.0005496181547641754,0.6993436813354492,0.04199685528874397,0.08550557494163513,
4688,1.9435744285583496,0.000541632529348135,0.6393914818763733,0.021905720233917236,0.029719963669776917,
4689,9.385823249816895,0.0006215432658791542,0.5089407563209534,0.09661908447742462,0.25783467292785645,
4690,1.9461134672164917,0.0007236232049763203,0.7358134984970093,0.004168510437011719,0.04351986199617386,
4691,7.179084300994873,0.000563339504878968,0.5712294578552246,0.06002849340438843,0.20372235774993896,
4692,7.05183219909668,0.0006513713742606342,0.6121625900268555,0.010455389507114887,0.2464800328016281,
4693,6.641907215118408,0.000644180690869689,0.6381422281265259,0.055505793541669846,0.184000626206398,
4694,7.967566967010498,0.000614391639828682,0.6401108503341675,0.0,0.2924838364124298,
4695,8.306325912475586,0.0006675100885331631,0.593515157699585,0.045068759471178055,0.2627761662006378,
4696,5.076894283294678,0.0006313174380920827,0.5847949385643005,0.015084505081176758,0.16396814584732056,
4697,5.778079986572266,0.0006072226096875966,0.5619860291481018,0.07148732990026474,0.1365492194890976,
4698,9.218772888183594,0.0006283943657763302,0.5241165161132812,0.09620175510644913,0.25095611810684204,
4699,5.938066482543945,0.0007157344371080399,0.5880128145217896,0.07798737287521362,0.13529905676841736,
4700,5.684674263000488,0.0007065180107019842,0.6466569900512695,0.10117461532354355,0.09963954985141754,
4701,4.441593647003174,0.0008110079797916114,0.5364600419998169,0.08463966846466064,0.07075467705726624,
4702,4.538357734680176,0.0007452164427377284,0.41712111234664917,0.05343107506632805,0.11067317426204681,
4703,2.9111385345458984,0.0006576711894012988,0.5679601430892944,0.05018661171197891,0.04288284480571747,
4704,3.6760315895080566,0.0007493309094570577,0.5357245206832886,0.022063791751861572,0.10279916226863861,
4705,6.77783203125,0.0006596933235414326,0.4746415317058563,0.028583168983459473,0.22288477420806885,
4706,2.402043104171753,0.0006183136720210314,0.619623601436615,0.029048463329672813,0.04162999987602234,
4707,4.888783931732178,0.0005429628654383123,0.5976014733314514,0.1342744678258896,0.036829862743616104,
4708,6.302245140075684,0.0006807416793890297,0.676189124584198,0.055458903312683105,0.16890260577201843,
4709,9.013406753540039,0.0007459919434040785,0.6877827644348145,0.08621706813573837,0.24606189131736755,
4710,7.703742980957031,0.0006755394861102104,0.6400259137153625,0.09544514119625092,0.1864280104637146,
4711,2.8615708351135254,0.0006482520257122815,0.5878373384475708,0.025156160816550255,0.06514493376016617,
4712,6.062023639678955,0.0006807430181652308,0.5983089804649353,0.16143983602523804,0.05642799288034439,
4713,2.167577028274536,0.0005320449126884341,0.51207035779953,0.02236209250986576,0.04332612827420235,
4714,9.63636302947998,0.0006445387261919677,0.5669524669647217,0.07418634742498398,0.2879455089569092,
4715,3.2292320728302,0.0007099907961674035,0.6044540405273438,0.003446082351729274,0.10083504766225815,
4716,7.031349182128906,0.0006308918818831444,0.6806437969207764,0.10843724012374878,0.14496006071567535,
4717,5.485249996185303,0.0006682366947643459,0.5443433523178101,0.08196022361516953,0.11500778794288635,
4718,5.6553053855896,0.0006634009187109768,0.548838198184967,0.04886950924992561,0.1547257900238037,
4719,5.639525890350342,0.0006912330281920731,0.6210384368896484,0.0,0.20004825294017792,
4720,3.014007091522217,0.0006706244312226772,0.4693206548690796,0.002142389537766576,0.09897445142269135,
4721,6.742979049682617,0.0005507086752913892,0.4714123606681824,0.025370975956320763,0.22494098544120789,
4722,3.420645236968994,0.0005947629106231034,0.5817998647689819,0.00024123986077029258,0.11271780729293823,
4723,2.4110052585601807,0.0005641072057187557,0.5425013899803162,0.008695165626704693,0.06548088043928146,
4724,4.769537925720215,0.0005964781739749014,0.5772169828414917,0.023902079090476036,0.1431942880153656,
4725,4.945720195770264,0.000524979957845062,0.639353334903717,0.033506155014038086,0.1382235288619995,
4726,7.5452728271484375,0.0007167576695792377,0.5104648470878601,0.07163939625024796,0.20903617143630981,
4727,7.135420322418213,0.0006014076061546803,0.38419944047927856,0.05933167412877083,0.21011574566364288,
4728,5.791135787963867,0.0006055899430066347,0.5610237121582031,0.06803341209888458,0.14056548476219177,
4729,4.729536056518555,0.0006264775875024498,0.517634391784668,0.09080439805984497,0.07704518735408783,
4730,3.977381706237793,0.0005319691845215857,0.5918339490890503,0.03183472156524658,0.10305522382259369,
4731,7.163317680358887,0.0005598341231234372,0.4651328921318054,0.08869228512048721,0.17867529392242432,
4732,5.523946762084961,0.0005544745945371687,0.7605640888214111,0.04541091248393059,0.14456990361213684,
4733,6.0728440284729,0.0005988978664390743,0.49390098452568054,0.12138742208480835,0.10117140412330627,
4734,2.9971320629119873,0.0006413686205632985,0.6011589169502258,0.0,0.09519756585359573,
4735,5.0649189949035645,0.0006009500939399004,0.5116046667098999,0.05507252737879753,0.12645909190177917,
4736,5.103555679321289,0.0005614963592961431,0.5449067950248718,0.09963693469762802,0.08214753866195679,
4737,4.838314533233643,0.0006132888374850154,0.6244534254074097,0.012127558700740337,0.15581358969211578,
4738,5.955880165100098,0.0005881239776499569,0.6329238414764404,0.11068819463253021,0.1016419306397438,
4739,3.42492413520813,0.0006042990135028958,0.5435483455657959,0.0,0.11465073376893997,
4740,6.043198108673096,0.0005036036018282175,0.5969424247741699,0.09453298896551132,0.1228136271238327,
4741,10.324529647827148,0.0006590925040654838,0.4507823586463928,0.07152537256479263,0.32276543974876404,
4742,3.5421395301818848,0.0005683219060301781,0.6438722610473633,0.04180490970611572,0.07355745881795883,
4743,3.699740409851074,0.0006962750921957195,0.5191720724105835,0.021718600764870644,0.10480785369873047,
4744,4.743673801422119,0.0005736136808991432,0.5352381467819214,0.034662384539842606,0.1331014186143875,
4745,4.311939239501953,0.000603994878474623,0.40089109539985657,0.0020237367134541273,0.1538141816854477,
4746,3.2622389793395996,0.000604240398388356,0.5399645566940308,0.03153512626886368,0.07675161212682724,
4747,4.348344326019287,0.0006126362131908536,0.6084555387496948,0.009857754223048687,0.13912516832351685,
4748,4.381226062774658,0.0005270120454952121,0.46862468123435974,0.020386457443237305,0.1355905830860138,
4749,3.1242799758911133,0.0006530759274028242,0.5289331674575806,0.06294244527816772,0.040218353271484375,
4750,3.8353028297424316,0.0005795863107778132,0.5205312967300415,0.004112064838409424,0.12789921462535858,
4751,4.483534336090088,0.00062261224957183,0.5295051336288452,0.04884791374206543,0.10869064182043076,
4752,4.575933933258057,0.0006501572788693011,0.5959621667861938,0.0,0.15854871273040771,
4753,4.943306922912598,0.0006192098371684551,0.6896777153015137,0.051535725593566895,0.11799024045467377,
4754,3.7412145137786865,0.0005455955397337675,0.4275478422641754,0.04629747197031975,0.08570358902215958,
4755,2.735506057739258,0.0005195870180614293,0.5650297403335571,0.047308702021837234,0.03899076581001282,
4756,3.8734631538391113,0.0005889632157050073,0.6467373371124268,0.02464679814875126,0.10383327305316925,
4757,7.682929992675781,0.0005373646854422987,0.7642719745635986,0.03944915533065796,0.23675979673862457,
4758,3.462914228439331,0.0006025359616614878,0.4861915707588196,0.04872629791498184,0.06974007934331894,
4759,2.4869649410247803,0.0006750835455022752,0.4584202766418457,0.008917947299778461,0.07154875993728638,
4760,7.741847038269043,0.0006305514252744615,0.6755506992340088,0.04795916751027107,0.23406213521957397,
4761,6.383833885192871,0.0005948289763182402,0.6771917343139648,0.036775268614292145,0.19089560210704803,
4762,2.576810836791992,0.0005628670915029943,0.6390451192855835,0.0,0.07694776356220245,
4763,12.488527297973633,0.0006484234472736716,0.5666226148605347,0.0,0.4762277603149414,
4764,4.424321174621582,0.0005532367504201829,0.5609134435653687,0.025780657306313515,0.1282024085521698,
4765,2.490635871887207,0.0006179390475153923,0.43390220403671265,0.022881170734763145,0.058770231902599335,
4766,7.3487019538879395,0.0005898597300983965,0.5468497276306152,0.0809827595949173,0.19050146639347076,
4767,1.8932511806488037,0.0005224342457950115,0.5207877159118652,0.007979790680110455,0.04639631137251854,
4768,3.8855056762695312,0.0005378657369874418,0.573195219039917,0.013812243938446045,0.11814230680465698,
4769,3.987691879272461,0.0006116285221651196,0.5570274591445923,0.030335228890180588,0.10627971589565277,
4770,4.324502944946289,0.0007085051038302481,0.5059158802032471,0.07459390163421631,0.07744108140468597,
4771,4.304297924041748,0.0006287898286245763,0.47939252853393555,0.055905938148498535,0.09646148979663849,
4772,4.019072532653809,0.0006463685422204435,0.5112950205802917,0.05942460149526596,0.08024013042449951,
4773,4.848005294799805,0.0005442450055852532,0.6019002199172974,0.031481724232435226,0.13781823217868805,
4774,5.161174774169922,0.0006522198091261089,0.721464216709137,0.0,0.17693620920181274,
4775,3.7401461601257324,0.0006462860037572682,0.5481663942337036,0.0,0.12703290581703186,
4776,6.011790752410889,0.0007379520684480667,0.507550060749054,0.0,0.21943166851997375,
4777,1.8408246040344238,0.0006005293689668179,0.6664327383041382,0.0,0.04637514799833298,
4778,5.541886806488037,0.000618201622273773,0.42977020144462585,0.0676790252327919,0.13618743419647217,
4779,3.1725497245788574,0.0005497223464772105,0.4092923402786255,0.017986217513680458,0.09199435263872147,
4780,9.29186725616455,0.0005784822278656065,0.6036400198936462,0.11217188835144043,0.2347787320613861,
4781,2.51816987991333,0.000617023732047528,0.5087432265281677,0.01608067750930786,0.06367936730384827,
4782,4.785781383514404,0.0006364693981595337,0.46605056524276733,0.14656254649162292,0.0255902037024498,
4783,8.761430740356445,0.0006460595177486539,0.5658820867538452,0.03671671822667122,0.29045918583869934,
4784,2.497868299484253,0.0008104384760372341,0.49580976366996765,0.02703988552093506,0.05223201960325241,
4785,10.02334976196289,0.0006695308838970959,0.4947919249534607,0.1322392374277115,0.24823354184627533,
4786,3.7223992347717285,0.0006365545559674501,0.45841342210769653,0.07877834886312485,0.05114453285932541,
4787,6.259915351867676,0.0005886578583158553,0.6252161264419556,0.04625393822789192,0.17854538559913635,
4788,3.513042449951172,0.0007218050886876881,0.6270614862442017,0.008176624774932861,0.10654081404209137,
4789,4.295641899108887,0.0007001917692832649,0.5154069662094116,0.04462466761469841,0.10588453710079193,
4790,8.71803092956543,0.0007328177453018725,0.4767928123474121,0.1158323660492897,0.21308434009552002,
4791,4.100301742553711,0.0005931867053732276,0.5790878534317017,0.0344746895134449,0.10578068345785141,
4792,5.008179187774658,0.0006574988947249949,0.7056694030761719,0.0,0.1714428961277008,
4793,2.8440682888031006,0.0005945090670138597,0.47600769996643066,0.047781504690647125,0.046346403658390045,
4794,3.635870933532715,0.000626230554189533,0.41571474075317383,0.07710752636194229,0.05107249319553375,
4795,5.367447376251221,0.0006797288660891354,0.619688868522644,0.11506476253271103,0.07416584342718124,
4796,4.066610813140869,0.0006970028043724597,0.5510927438735962,0.06834986060857773,0.07157386094331741,
4797,3.9624571800231934,0.0006636655889451504,0.5496245622634888,0.0033972065430134535,0.13245242834091187,
4798,5.696948528289795,0.0006062213215045631,0.5277949571609497,0.07978862524032593,0.12637129426002502,
4799,4.041439056396484,0.0006272880709730089,0.6450989246368408,0.027330297976732254,0.10789602994918823,
4800,5.056069374084473,0.0006502098403871059,0.5601065158843994,0.11770787090063095,0.061480455100536346,
4801,2.3234567642211914,0.0006472364184446633,0.4388464391231537,0.04329143092036247,0.03144574910402298,
4802,4.2593464851379395,0.0005182111635804176,0.5788760781288147,0.09617425501346588,0.05052635818719864,
4803,7.430661201477051,0.0006446100887842476,0.6018092632293701,0.019706130027770996,0.25280332565307617,
4804,2.3344478607177734,0.0006009336211718619,0.5691062808036804,0.04286303371191025,0.027149688452482224,
4805,7.493648529052734,0.0005783761152997613,0.725242018699646,0.0,0.2701578736305237,
4806,8.044668197631836,0.0006717265932820737,0.7185302972793579,0.0,0.29237377643585205,
4807,6.84965705871582,0.0006783634889870882,0.5376441478729248,0.05471291020512581,0.19708922505378723,
4808,3.811326742172241,0.0006635412573814392,0.5844749808311462,0.0,0.12841053307056427,
4809,4.254134654998779,0.000563557434361428,0.6707108020782471,0.02112811803817749,0.12164527922868729,
4810,6.287415504455566,0.0005532313953153789,0.5569518804550171,0.03812958672642708,0.19053570926189423,
4811,8.391593933105469,0.0006609714473597705,0.5947441458702087,0.07723257690668106,0.2339804470539093,
4812,8.010473251342773,0.0006287018768489361,0.5628135800361633,0.08523452281951904,0.2120431661605835,
4813,12.053608894348145,0.0005963940056972206,0.5648572444915771,0.0,0.4589536786079407,
4814,6.81445837020874,0.0006200606003403664,0.6587918996810913,0.0,0.24560660123825073,
4815,6.550479888916016,0.000704036618117243,0.4663185179233551,0.0,0.24266241490840912,
4816,6.8305230140686035,0.0005022082477807999,0.49512243270874023,0.04909449815750122,0.20381931960582733,
4817,6.234391212463379,0.0005895766080357134,0.5773389339447021,0.012420614250004292,0.2132718861103058,
4818,3.0108959674835205,0.0006299527012743056,0.5082692503929138,0.015081902034580708,0.084393210709095,
4819,3.8607983589172363,0.0005782890948466957,0.5111580491065979,0.044120509177446365,0.08928681910037994,
4820,3.9496867656707764,0.0006569765973836184,0.674492359161377,0.04802648350596428,0.0823243111371994,
4821,4.425652027130127,0.000585639791097492,0.5618717074394226,0.07571706920862198,0.07824850082397461,
4822,4.157349586486816,0.000602019252255559,0.639091968536377,0.08176171779632568,0.058366574347019196,
4823,4.371408462524414,0.0005954194930382073,0.5304076671600342,0.11627084016799927,0.03677378594875336,
4824,3.4488542079925537,0.0006479840958490968,0.42743176221847534,0.04201251268386841,0.07819640636444092,
4825,10.259881973266602,0.0005698056775145233,0.5397432446479797,0.13348625600337982,0.25474950671195984,
4826,3.772073984146118,0.0006349027971737087,0.6796620488166809,0.0,0.12306158244609833,
4827,5.11016845703125,0.0006218917551450431,0.8315495252609253,0.1084972620010376,0.06202561408281326,
4828,5.038057327270508,0.0006454334943555295,0.7072993516921997,0.04266190528869629,0.1299229860305786,
4829,6.262999057769775,0.000638504046946764,0.5490012764930725,0.1368425488471985,0.09107886254787445,
4830,7.385537147521973,0.0005671779508702457,0.6489620208740234,0.12930147349834442,0.13959434628486633,
4831,5.436246395111084,0.0006083077169023454,0.5602346658706665,0.035355765372514725,0.15907639265060425,
4832,4.84990930557251,0.0006395847885869443,0.7662752866744995,0.053142230957746506,0.10956352949142456,
4833,8.199849128723145,0.0006646639085374773,0.649447500705719,0.14199715852737427,0.15935423970222473,
4834,6.274936199188232,0.0006031712400726974,0.7276009321212769,0.05693594738841057,0.16435429453849792,
4835,3.044938087463379,0.0005949935293756425,0.4737502932548523,0.0628071054816246,0.039445407688617706,
4836,4.794197082519531,0.0006105554639361799,0.6025948524475098,0.023158907890319824,0.14389462769031525,
4837,5.309762001037598,0.0006940866005606949,0.6127567291259766,0.09894146770238876,0.08824464678764343,
4838,6.475063323974609,0.0006115769501775503,0.6063600778579712,0.03436839580535889,0.19976817071437836,
4839,5.4364519119262695,0.0005459646345116198,0.46803122758865356,0.0736045241355896,0.1245863288640976,
4840,3.3946990966796875,0.0006496152491308749,0.666181206703186,0.0,0.10849110037088394,
4841,5.3206071853637695,0.0005215841811150312,0.49886953830718994,0.03585211560130119,0.1564958095550537,
4842,6.279021263122559,0.000559309555683285,0.6801434755325317,0.02340531349182129,0.19999049603939056,
4843,3.903104305267334,0.0005990958889015019,0.5137320756912231,0.07091512531042099,0.06406067311763763,
4844,9.826275825500488,0.0005398321663960814,0.5928119421005249,0.010819852352142334,0.357978880405426,
4845,6.6327667236328125,0.0006421464495360851,0.6096855401992798,0.03875225782394409,0.20152884721755981,
4846,3.57833194732666,0.000532165402546525,0.5794154405593872,0.030977070331573486,0.08844742923974991,
4847,3.6658213138580322,0.0006243714597076178,0.38832107186317444,0.0474572591483593,0.08301837742328644,
4848,4.181093692779541,0.0006889672367833555,0.5213812589645386,0.07980267703533173,0.06589685380458832,
4849,3.676420211791992,0.0005945888697169721,0.5545881986618042,0.08295605331659317,0.041322629898786545,
4850,4.778914928436279,0.000567829527426511,0.5344055891036987,0.08431317657232285,0.08489936590194702,
4851,10.879181861877441,0.0005676537984982133,0.5277120471000671,0.05316430330276489,0.3603268265724182,
4852,2.956742286682129,0.0005501076229847968,0.6108506917953491,0.06396576017141342,0.029319800436496735,
4853,1.3459192514419556,0.0006385245360434055,0.3833439350128174,0.0,0.03786448761820793,
4854,12.701251983642578,0.0006171187269501388,0.39678362011909485,0.032321274280548096,0.4592403471469879,
4855,4.693088054656982,0.0007008195971138775,0.4334716796875,0.06795567274093628,0.10172814875841141,
4856,3.7041773796081543,0.0006212661974132061,0.6177841424942017,0.07449492067098618,0.048339538276195526,
4857,7.501006603240967,0.0006415396346710622,0.6097255945205688,0.09558659791946411,0.17942310869693756,
4858,8.47209644317627,0.0005492873024195433,0.7407022714614868,0.004870295524597168,0.3038361668586731,
4859,5.185408592224121,0.0006244482938200235,0.5503280162811279,0.01836504600942135,0.16641372442245483,
4860,6.521239757537842,0.0005990522913634777,0.45695918798446655,0.015760282054543495,0.22621189057826996,
4861,8.715868949890137,0.0005752192228101194,0.5318573713302612,0.08088735491037369,0.24589787423610687,
4862,5.51480770111084,0.0005634420085698366,0.5550737380981445,0.0840727910399437,0.11375312507152557,
4863,2.943726062774658,0.0006137903546914458,0.7094539999961853,0.035998761653900146,0.05275832489132881,
4864,6.506072998046875,0.0006573861464858055,0.5713961124420166,0.10382342338562012,0.13290628790855408,
4865,2.8460912704467773,0.0005938890390098095,0.5368074178695679,0.0,0.09177745878696442,
4866,5.45668888092041,0.0005283017526380718,0.5510836243629456,0.07313472032546997,0.12256119400262833,
4867,3.819877862930298,0.0005611733649857342,0.4673401713371277,0.008824150077998638,0.12471617758274078,
4868,4.237595558166504,0.0005681032198481262,0.4703851342201233,0.0252098236232996,0.12491048872470856,
4869,8.137189865112305,0.0006156749441288412,0.639034628868103,0.09154590219259262,0.2077646255493164,
4870,4.517983436584473,0.000658773526083678,0.4022778570652008,0.0,0.16396944224834442,
4871,2.449772357940674,0.0005212770774960518,0.42062246799468994,0.05438109487295151,0.026263615116477013,
4872,4.728654861450195,0.0005398912471719086,0.5148395299911499,0.001989205600693822,0.16602350771427155,
4873,4.068254470825195,0.0005959653644822538,0.42379623651504517,0.03278050944209099,0.11240185052156448,
4874,4.926342010498047,0.0006570960395038128,0.5275839567184448,0.03346356004476547,0.14182965457439423,
4875,5.416031837463379,0.0006127689848653972,0.6504692435264587,0.06991295516490936,0.12009678035974503,
4876,2.426563262939453,0.0005936128436587751,0.5806621313095093,0.015352427959442139,0.05789000540971756,
4877,3.7810184955596924,0.0006142284837551415,0.4491049349308014,0.10371893644332886,0.028943369165062904,
4878,2.659567356109619,0.000601649924647063,0.5432469844818115,0.027317702770233154,0.05673345923423767,
4879,6.166414737701416,0.0005554466042667627,0.49726229906082153,0.018459737300872803,0.20775091648101807,
4880,6.968740940093994,0.0006483260658569634,0.5518975853919983,0.047400038689374924,0.20862537622451782,
4881,2.8455114364624023,0.0006088920636102557,0.5543853044509888,0.0,0.09103614836931229,
4882,8.274248123168945,0.0006690946756862104,0.5136958360671997,0.0,0.3097529709339142,
4883,10.825152397155762,0.0006302900146692991,0.513375997543335,0.03961269184947014,0.37222805619239807,
4884,4.723793029785156,0.0006231716251932085,0.7576749324798584,0.01949874684214592,0.13852280378341675,
4885,3.2640771865844727,0.0005293383146636188,0.4970859885215759,0.07922103255987167,0.030929280444979668,
4886,4.33735466003418,0.0005740085034631193,0.5784140825271606,0.04596149921417236,0.10382211208343506,
4887,7.4058098793029785,0.0005894065252505243,0.4569527208805084,0.05859094858169556,0.2187739461660385,
4888,2.714583396911621,0.0006923587061464787,0.455636203289032,0.0009166399831883609,0.08874888718128204,
4889,5.8805389404296875,0.0005770556745119393,0.5476248264312744,0.03504014015197754,0.17769935727119446,
4890,9.508282661437988,0.0006623256485909224,0.4913053512573242,0.08219458162784576,0.27782219648361206,
4891,4.977315425872803,0.0006306706345640123,0.5949739217758179,0.04828900098800659,0.12637397646903992,
4892,5.700769424438477,0.0005851190653629601,0.48402950167655945,0.09505512565374374,0.1130293607711792,
4893,5.234849452972412,0.0005779230268672109,0.5597294569015503,0.05521877482533455,0.13120809197425842,
4894,4.816124439239502,0.0006774146459065378,0.5174926519393921,0.0011437336215749383,0.1701241135597229,
4895,4.252105712890625,0.0006738278898410499,0.45473742485046387,0.07318756729364395,0.07803335040807724,
4896,6.228754043579102,0.000537546060513705,0.5483002662658691,0.058848459273576736,0.1678321361541748,
4897,5.363059043884277,0.0005925966543145478,0.5390596985816956,0.04648236557841301,0.14588502049446106,
4898,7.112658500671387,0.0006537681329064071,0.5467730760574341,0.049788374453783035,0.21219328045845032,
4899,5.359278202056885,0.0006730154273100197,0.610829770565033,0.006893952842801809,0.18237096071243286,
4900,3.8247017860412598,0.0006907728384248912,0.5973708033561707,0.0753258690237999,0.05307659134268761,
4901,3.20672607421875,0.0005890204920433462,0.49401217699050903,0.004086712840944529,0.10383282601833344,
4902,2.3608906269073486,0.0005848145810887218,0.45566326379776,0.05539971590042114,0.020224567502737045,
4903,5.43828821182251,0.000701608310919255,0.5553480386734009,0.02881654165685177,0.16579946875572205,
4904,3.1969470977783203,0.000732476997654885,0.5840319991111755,0.06000985577702522,0.04377426952123642,
4905,2.6675949096679688,0.0006613290752284229,0.44235652685165405,0.025147954002022743,0.06320024281740189,
4906,2.5871424674987793,0.0006972092087380588,0.48827242851257324,0.019783517345786095,0.06347407400608063,
4907,6.312862396240234,0.000624359177891165,0.6055111885070801,0.11040060222148895,0.11726909130811691,
4908,6.4253082275390625,0.0007192202028818429,0.6810120344161987,0.029076119884848595,0.19997650384902954,
4909,2.8714892864227295,0.0007667667232453823,0.5157115459442139,0.04803242161870003,0.04543192312121391,
4910,3.337672472000122,0.0006739943637512624,0.4923681616783142,0.02318117953836918,0.08995699882507324,
4911,3.2856533527374268,0.0005774021265096962,0.533315122127533,0.0,0.10951612144708633,
4912,5.375551700592041,0.0006797437090426683,0.6083304286003113,0.05618520453572273,0.13382390141487122,
4913,5.609477996826172,0.0006154864677228034,0.5590507984161377,0.06505127251148224,0.13635031878948212,
4914,3.661831855773926,0.000659650715533644,0.5420805811882019,0.029863694682717323,0.09426670521497726,
4915,5.414844036102295,0.000588067399803549,0.5507732629776001,0.019221046939492226,0.17475372552871704,
4916,2.111193895339966,0.0005377988563850522,0.4481903314590454,0.0,0.06598234176635742,
4917,9.396941184997559,0.0006925243069417775,0.5840486288070679,0.0,0.35182318091392517,
4918,2.5974061489105225,0.0005854305345565081,0.5248032212257385,0.04498732089996338,0.037331365048885345,
4919,3.3031976222991943,0.0006877633859403431,0.4766993522644043,0.02933116815984249,0.0830409973859787,
4920,1.7667224407196045,0.0005344307865016162,0.4886114001274109,0.0,0.05059000849723816,
4921,6.231850624084473,0.0006380871054716408,0.4337625503540039,0.04037197306752205,0.19091346859931946,
4922,5.433789253234863,0.000593540957197547,0.41723203659057617,0.15030615031719208,0.049762606620788574,
4923,6.156839847564697,0.0005439979140646756,0.4231904149055481,0.02656433917582035,0.20223763585090637,
4924,3.6837685108184814,0.0005773772718384862,0.385144978761673,0.040750641375780106,0.09061692655086517,
4925,5.1009907722473145,0.0005250709364190698,0.4414115846157074,0.03339056298136711,0.1524675488471985,
4926,4.49377965927124,0.0005105911404825747,0.488025963306427,0.10681959241628647,0.05289996415376663,
4927,2.565159320831299,0.0005956881796009839,0.5059083700180054,0.0033363699913024902,0.07843798398971558,
4928,4.446237564086914,0.0006203825469128788,0.4690127372741699,0.04588614031672478,0.11258247494697571,
4929,7.075728416442871,0.0005932188942097127,0.5804080963134766,0.1192786917090416,0.13994088768959045,
4930,5.5013227462768555,0.0005614801193587482,0.47489508986473083,0.03781890869140625,0.16267672181129456,
4931,2.1081583499908447,0.0005433488986454904,0.48452264070510864,0.015944838523864746,0.04845724254846573,
4932,2.5186927318573,0.0006275376654230058,0.4412628710269928,0.03517816588282585,0.04729148745536804,
4933,1.886959195137024,0.0005700469482690096,0.4256815016269684,0.0,0.057881057262420654,
4934,3.9282140731811523,0.0005073855863884091,0.4004334807395935,0.06540817022323608,0.07519566267728806,
4935,6.142074108123779,0.0005551653448492289,0.5977151989936829,0.10233636945486069,0.11888282001018524,
4936,3.8300023078918457,0.000613037496805191,0.48243382573127747,0.043281394988298416,0.09000831097364426,
4937,3.555417776107788,0.0005921079427935183,0.5466799736022949,0.056685347110033035,0.06307205557823181,
4938,5.408679962158203,0.0005938888061791658,0.4895029067993164,0.0,0.19617319107055664,
4939,3.7486634254455566,0.0006726733408868313,0.5675521492958069,0.04020301625132561,0.08636876195669174,
4940,4.0730881690979,0.0006884762551635504,0.5157306790351868,0.055931586772203445,0.0856742337346077,
4941,6.660085678100586,0.0006016893312335014,0.4089350700378418,0.010137300007045269,0.23930704593658447,
4942,4.374557971954346,0.0005584508762694895,0.5119367837905884,0.05475336313247681,0.0991930365562439,
4943,3.823486089706421,0.0006403825827874243,0.48447200655937195,0.041527848690748215,0.09139233827590942,
4944,2.9925808906555176,0.0006761437398381531,0.461592435836792,0.0,0.10056339204311371,
4945,2.1329634189605713,0.0006358656683005393,0.4230739176273346,0.04041514918208122,0.027344558387994766,
4946,2.843200206756592,0.0005968012847006321,0.6175851225852966,0.028760334476828575,0.05966746807098389,
4947,8.952701568603516,0.0005708431708626449,0.6056594252586365,0.06970521062612534,0.26360565423965454,
4948,3.728240728378296,0.0006246884586289525,0.6519563794136047,0.03681286424398422,0.08561382442712784,
4949,8.946161270141602,0.0007247831672430038,0.5824130773544312,0.007258018013089895,0.3265671730041504,
4950,6.220101356506348,0.0006550714024342597,0.6183017492294312,0.0,0.22341689467430115,
4951,5.225921154022217,0.0007257910910993814,0.6998046636581421,0.0931229367852211,0.08719591796398163,
4952,6.618685722351074,0.0007169569726102054,0.6029193997383118,0.0,0.2399136871099472,
4953,3.9932026863098145,0.0006051214295439422,0.576233983039856,0.0,0.13607361912727356,
4954,4.551703453063965,0.0006565793300978839,0.47500020265579224,0.09664150327444077,0.06577004492282867,
4955,4.165439605712891,0.0005753897712565958,0.43735894560813904,0.13277600705623627,0.015771839767694473,
4956,3.4320249557495117,0.0005861992249265313,0.5676965117454529,0.05179717019200325,0.06218976527452469,
4957,5.32321310043335,0.0006836132961325347,0.4813605546951294,0.0,0.1929904967546463,
4958,4.779351711273193,0.0006504347547888756,0.7464062571525574,0.013136684894561768,0.1475307047367096,
4959,8.312578201293945,0.0006365811568684876,0.7533549666404724,0.0,0.3017323613166809,
4960,3.2590222358703613,0.0006491359672509134,0.5654523372650146,0.0,0.10709365457296371,
4961,3.4629929065704346,0.000602012500166893,0.5914206504821777,0.01658705808222294,0.09767381846904755,
4962,7.843985557556152,0.0006000627763569355,0.5239018797874451,0.030734876170754433,0.26146841049194336,
4963,5.458615303039551,0.0006168925319798291,0.5204224586486816,0.01400695275515318,0.18290385603904724,
4964,2.476799964904785,0.0008393137832172215,0.5324263572692871,0.004254559520632029,0.07268106937408447,
4965,8.51452922821045,0.0007007968961261213,0.5089064836502075,0.18308837711811066,0.13643573224544525,
4966,5.2975969314575195,0.0006872029625810683,0.4912813901901245,0.08527060598134995,0.10629481822252274,
4967,4.9197282791137695,0.0005669145029969513,0.5840223431587219,0.09626515954732895,0.07659614831209183,
4968,6.452334403991699,0.0006460979348048568,0.41102147102355957,0.10603564977645874,0.1349707841873169,
4969,3.7310519218444824,0.0006580797489732504,0.49678680300712585,0.0227280855178833,0.10598444193601608,
4970,4.914003849029541,0.0007730225916020572,0.4061933159828186,0.03330868482589722,0.14623071253299713,
4971,5.018687725067139,0.0006532113184221089,0.471709668636322,0.0945635437965393,0.08666235953569412,
4972,1.6360456943511963,0.0006508924998342991,0.5028000473976135,0.025502920150756836,0.01917601004242897,
4973,3.690788745880127,0.0005736129241995513,0.5236202478408813,0.058836519718170166,0.06727661937475204,
4974,7.263305187225342,0.0005508977337740362,0.3632725179195404,0.04102680832147598,0.23442359268665314,
4975,6.837833404541016,0.0005487200105562806,0.5409929752349854,0.11441441625356674,0.13691048324108124,
4976,3.4063007831573486,0.0005494524375535548,0.43568259477615356,0.05826234817504883,0.06001292169094086,
4977,6.515127658843994,0.0006604239461012185,0.48694461584091187,0.07921240478754044,0.16125449538230896,
4978,4.204925537109375,0.0006419933051802218,0.5772707462310791,0.0011074146023020148,0.14335677027702332,
4979,5.934809684753418,0.0005732022109441459,0.4715577960014343,0.17135241627693176,0.0466044582426548,
4980,2.3313798904418945,0.0005993822705931962,0.5649956464767456,0.0,0.0700559914112091,
4981,4.863218784332275,0.0005645268247462809,0.4612220525741577,0.03071472980082035,0.14480060338974,
4982,4.514217376708984,0.0006093979463912547,0.3971412181854248,0.07112159579992294,0.09295202791690826,
4983,3.352595567703247,0.0005828257417306304,0.4991016983985901,0.021186986938118935,0.092369943857193,
4984,6.510528564453125,0.0005695016006939113,0.4604831337928772,0.055844008922576904,0.1855883002281189,
4985,3.256577491760254,0.0005906936712563038,0.6254808306694031,0.0,0.10465316474437714,
4986,1.8742287158966064,0.0006547035300172865,0.5921927094459534,0.0032680630683898926,0.0473586730659008,
4987,5.819178581237793,0.0005296356393955648,0.5738219022750854,0.04818270355463028,0.16110192239284515,
4988,8.064582824707031,0.000632059236522764,0.5396494269371033,0.07609448581933975,0.22427082061767578,
4989,4.263457298278809,0.0005360326613299549,0.5985477566719055,0.016566196456551552,0.12949414551258087,
4990,8.839609146118164,0.0005560622666962445,0.400962769985199,0.09299595654010773,0.2439938485622406,
4991,4.093540191650391,0.0005704693612642586,0.6096327304840088,0.04616866633296013,0.09261714667081833,
4992,6.662919998168945,0.0006150912377052009,0.5857360363006592,0.04279834032058716,0.19967392086982727,
4993,5.961822509765625,0.000625530316028744,0.5859249234199524,0.0,0.21441036462783813,
4994,6.7672529220581055,0.0005374629399739206,0.46910402178764343,0.0,0.2513884902000427,
4995,9.090482711791992,0.0005647400976158679,0.5874073505401611,0.012821157462894917,0.3267371356487274,
4996,3.010314464569092,0.0006503393524326384,0.6061621308326721,0.03743358328938484,0.05808217078447342,
4997,12.368773460388184,0.0005861370009370148,0.47779381275177,0.07422053813934326,0.40083253383636475,
4998,4.959269046783447,0.0006679274956695735,0.5449966192245483,0.12064483016729355,0.0552581325173378,
4999,12.375763893127441,0.0006281613023020327,0.4193872809410095,0.04850812628865242,0.429118812084198,
5000,2.9119277000427246,0.0005759723135270178,0.4239009618759155,0.08265390247106552,0.016291191801428795,"[0.9456186890602112, 1.144897699356079, 0.9376592040061951]"
5001,3.7396492958068848,0.0006302181864157319,0.5271604657173157,0.05272992327809334,0.07513941824436188,
5002,6.005688667297363,0.000673950940836221,0.4943498969078064,0.06737963110208511,0.1523999571800232,
5003,4.625705242156982,0.0005944526637904346,0.4993332028388977,0.07320459932088852,0.09125582873821259,
5004,3.992219924926758,0.0006266695563681424,0.450334370136261,0.0944155901670456,0.046633169054985046,
5005,6.644766330718994,0.0005280911573208869,0.566520094871521,0.04360057786107063,0.19900117814540863,
5006,6.9345383644104,0.0006151707493700087,0.4993719458580017,0.11133631318807602,0.14545518159866333,
5007,2.978048086166382,0.0006193048902787268,0.6599941253662109,0.02855604887008667,0.0635468065738678,
5008,5.916336536407471,0.0006434867973439395,0.4446621537208557,0.016191205009818077,0.20203228294849396,
5009,4.428627014160156,0.0006191742140799761,0.6226550936698914,0.045012217015028,0.10660748183727264,
5010,5.641114711761475,0.0005827428540214896,0.5398344993591309,0.021810254082083702,0.18165820837020874,
5011,6.967898368835449,0.0005747726536355913,0.4088701009750366,0.04552990198135376,0.21625645458698273,
5012,7.328007698059082,0.0006044415640644729,0.5567699670791626,0.0348702073097229,0.23537486791610718,
5013,7.919878005981445,0.0005909886676818132,0.647517740726471,0.04952961206436157,0.24077381193637848,
5014,3.4960474967956543,0.0006384766311384737,0.5555309057235718,0.03088277578353882,0.08609941601753235,
5015,5.756242752075195,0.0006544100469909608,0.44494614005088806,0.06723207235336304,0.14456535875797272,
5016,3.878319263458252,0.0005187097121961415,0.6822178959846497,0.09796768426895142,0.0293576642870903,
5017,4.329519271850586,0.0005705863586626947,0.588642418384552,0.00987736415117979,0.13918711245059967,
5018,4.7918806076049805,0.0004984126426279545,0.5201082229614258,0.055369675159454346,0.11500281095504761,
5019,2.469684600830078,0.0006622702931053936,0.6068040132522583,0.04518773406744003,0.028665214776992798,
5020,3.06129789352417,0.0008110806811600924,0.5330106616020203,0.010945777408778667,0.08937463164329529,
5021,3.2342257499694824,0.0005982503644190729,0.5801881551742554,0.06543213129043579,0.04013112932443619,
5022,3.8695907592773438,0.0005313672591000795,0.5397515296936035,0.0838218554854393,0.048840343952178955,
5023,3.693664073944092,0.0007245410815812647,0.4509214162826538,0.09320447593927383,0.035780686885118484,
5024,3.1903531551361084,0.0006105779320932925,0.46759384870529175,0.03133859112858772,0.0769612044095993,
5025,3.6216378211975098,0.0005532195209525526,0.623916506767273,0.008153339847922325,0.11120228469371796,
5026,6.945504188537598,0.0005802568630315363,0.49376535415649414,0.08659503608942032,0.17089426517486572,
5027,3.4976537227630615,0.0006051961681805551,0.48308882117271423,0.06840594857931137,0.051571451127529144,
5028,4.889883518218994,0.0006942297331988811,0.5685581564903259,0.04856833070516586,0.12359044700860977,
5029,8.119029998779297,0.0005939429975114763,0.3950173258781433,0.087865449488163,0.2205011248588562,
5030,4.6864471435546875,0.000639675825368613,0.7327040433883667,0.037989020347595215,0.11952102184295654,
5031,7.6787261962890625,0.0005375274340622127,0.5278246402740479,0.02699885703623295,0.2584996819496155,
5032,22.642780303955078,0.0005477668601088226,0.6318632960319519,0.0,0.8798888921737671,
5033,7.9998250007629395,0.0006374691147357225,0.5684103965759277,0.09328117221593857,0.20333795249462128,
5034,4.603336334228516,0.0006119225290603936,0.5728501677513123,0.0203720536082983,0.14023546874523163,
5035,7.032839775085449,0.0006242871750146151,0.4911743402481079,0.014643768779933453,0.24639856815338135,
5036,3.5361380577087402,0.0005723567446693778,0.573398768901825,0.08685014396905899,0.031087063252925873,
5037,5.684148788452148,0.0006316977669484913,0.4676154553890228,0.01205040980130434,0.19597920775413513,
5038,5.747084617614746,0.0005830859881825745,0.5240784883499146,0.050093669444322586,0.15824350714683533,
5039,2.1993346214294434,0.0006785753648728132,0.5057936906814575,0.018494248390197754,0.04856881499290466,
5040,4.069235801696777,0.000677249685395509,0.46119582653045654,0.05259724333882332,0.09104710817337036,
5041,3.4417412281036377,0.0006404279847629368,0.47976619005203247,0.09616944938898087,0.021669121459126472,
5042,4.198919773101807,0.0006364110158756375,0.517659068107605,0.008320252411067486,0.13829375803470612,
5043,4.573748588562012,0.0006497649010270834,0.600634753704071,0.07931091636419296,0.07896386831998825,
5044,3.312479019165039,0.0006502040196210146,0.45136409997940063,0.030200719833374023,0.08359367400407791,
5045,4.754659175872803,0.0006453600362874568,0.6536508798599243,0.03351404145359993,0.12988093495368958,
5046,3.6546683311462402,0.0006435155519284308,0.6336393356323242,0.06650497019290924,0.05369267240166664,
5047,6.384608745574951,0.0006491450476460159,0.6609867811203003,0.050017714500427246,0.17827801406383514,
5048,3.4971981048583984,0.0006178835756145418,0.6570895910263062,0.0,0.11298645287752151,
5049,3.4247283935546875,0.0005636069108732045,0.5824761390686035,0.03257640078663826,0.08055008202791214,
5050,7.9269514083862305,0.0005847276770509779,0.5297648906707764,0.0,0.29530271887779236,
5051,4.098205089569092,0.0006468323990702629,0.62016361951828,0.020813504233956337,0.11766131967306137,
5052,11.098653793334961,0.0005501461564563215,0.412009596824646,0.043419044464826584,0.38349658250808716,
5053,3.158026695251465,0.0005530187045224011,0.7538971900939941,0.04115716740489006,0.054454997181892395,
5054,4.826566219329834,0.0006222638767212629,0.5501729249954224,0.0,0.17043346166610718,
5055,5.6218438148498535,0.0005620583542622626,0.48753833770751953,0.02371581271290779,0.18109434843063354,
5056,9.143821716308594,0.0006083164480514824,0.594332218170166,0.09473951905965805,0.24663177132606506,
5057,4.7055792808532715,0.0005553827504627407,0.4483717083930969,0.03698372840881348,0.13274918496608734,
5058,6.104024887084961,0.0005957996472716331,0.44406723976135254,0.0004679560661315918,0.2253345400094986,
5059,5.339971542358398,0.0005332982400432229,0.5995532274246216,0.020620107650756836,0.168463334441185,
5060,3.6351544857025146,0.0006935957935638726,0.5221149921417236,0.04455047845840454,0.07927750051021576,
5061,6.280599117279053,0.0004977137432433665,0.42694300413131714,0.01158877182751894,0.22205977141857147,
5062,7.235434532165527,0.0006456050905399024,0.6474500894546509,0.04137356951832771,0.2215002030134201,
5063,4.581240177154541,0.0005018120864406228,0.5106244087219238,0.039195138961076736,0.12312766909599304,
5064,6.580498218536377,0.0006228402489796281,0.4837764501571655,0.0,0.24324601888656616,
5065,2.4652132987976074,0.0006113764247857034,0.4379764795303345,0.018407881259918213,0.062070220708847046,
5066,3.0413708686828613,0.0008048072340898216,0.6218153238296509,0.0477076955139637,0.04826972633600235,
5067,3.8746938705444336,0.0006804104777984321,0.47517359256744385,0.05033373832702637,0.08496665954589844,
5068,3.3476829528808594,0.000575404497794807,0.47694385051727295,0.07463338226079941,0.039620768278837204,
5069,3.8019604682922363,0.000645041058305651,0.3655506372451782,0.011247853748500347,0.12556350231170654,
5070,4.378757953643799,0.0006252395105548203,0.4422764778137207,0.06714212894439697,0.0896918922662735,
5071,1.233870506286621,0.0006754994974471629,0.37345629930496216,0.015454848296940327,0.018286217004060745,
5072,7.630642890930176,0.0006758668459951878,0.41053032875061035,0.11473280191421509,0.17339584231376648,
5073,6.334275245666504,0.0006142770289443433,0.5169011354446411,0.07321866601705551,0.15886203944683075,
5074,2.1268091201782227,0.0006976590375415981,0.5407735109329224,0.03772358223795891,0.025020183995366096,
5075,3.1587064266204834,0.0006581577472388744,0.6315863132476807,0.023563602939248085,0.07686305046081543,
5076,3.766493320465088,0.0006304943817667663,0.5253458619117737,0.04881107807159424,0.08020433038473129,
5077,5.7109150886535645,0.000645768188405782,0.4812026619911194,0.024889668449759483,0.1836530715227127,
5078,6.992086410522461,0.000589256058447063,0.5147005319595337,0.0,0.258506178855896,
5079,4.230045795440674,0.0005376298795454204,0.6977211236953735,0.01400148868560791,0.12675386667251587,
5080,2.3488855361938477,0.0006329838070087135,0.4845471978187561,0.012239515781402588,0.061701029539108276,
5081,9.01933765411377,0.0006256383494473994,0.4874325692653656,0.035768866539001465,0.3048816919326782,
5082,4.259675979614258,0.0005785513203591108,0.5632436275482178,0.06847167015075684,0.07880708575248718,
5083,7.1466755867004395,0.0005513029755093157,0.5191206336021423,0.09862729161977768,0.1659235954284668,
5084,8.336557388305664,0.0005429056473076344,0.5642778873443604,0.08906608819961548,0.22128218412399292,
5085,2.901231527328491,0.0005431072204373777,0.4119941294193268,0.02131962776184082,0.07770675420761108,
5086,2.984431266784668,0.0006501698517240584,0.6008108854293823,0.044549547135829926,0.050145093351602554,
5087,6.784571647644043,0.0005396713386289775,0.6629024744033813,0.010067920200526714,0.23425918817520142,
5088,5.849955081939697,0.000608697475399822,0.4020271301269531,0.05291461944580078,0.164393812417984,
5089,4.518331527709961,0.0006175971357151866,0.5066271424293518,0.06284026056528091,0.09701032936573029,
5090,9.276061058044434,0.0006725190323777497,0.3576764464378357,0.08422502130270004,0.27183783054351807,
5091,3.784231662750244,0.0005843634717166424,0.48107510805130005,0.01734314300119877,0.11419875919818878,
5092,5.624704360961914,0.0006384463631547987,0.46304982900619507,0.0440758652985096,0.1617518663406372,
5093,2.5823488235473633,0.0006196636240929365,0.7052943706512451,0.018717804923653603,0.0557447150349617,
5094,3.1978836059570312,0.0005742288776673377,0.5439223051071167,0.06866282224655151,0.03692140430212021,
5095,6.18197774887085,0.0005684352945536375,0.5798282027244568,0.08309677988290787,0.14042076468467712,
5096,2.6399717330932617,0.000641047430690378,0.5823042392730713,0.03568200021982193,0.04598364979028702,
5097,3.537182331085205,0.000634672527667135,0.645289957523346,0.010543863289058208,0.10449715703725815,
5098,4.0413818359375,0.0006119951140135527,0.5779595375061035,0.015311460010707378,0.12261343747377396,
5099,4.445469856262207,0.0006326458533294499,0.5703190565109253,0.026560405269265175,0.12781298160552979,
5100,3.791717767715454,0.0006077201687730849,0.47316622734069824,0.02672678232192993,0.10540756583213806,
5101,4.046455383300781,0.0005097523680888116,0.5728790760040283,0.05850299075245857,0.07993032038211823,
5102,2.3674824237823486,0.0006455398979596794,0.5798141360282898,0.03609474375844002,0.03476645052433014,
5103,3.3946988582611084,0.0006262105307541788,0.6715703010559082,0.024512052536010742,0.08378688246011734,
5104,2.9595859050750732,0.0005952444043941796,0.6210887432098389,0.025885960087180138,0.06705868244171143,
5105,6.501016616821289,0.0005027407896704972,0.7214871644973755,0.13551150262355804,0.09516692906618118,
5106,3.364537000656128,0.0006883025635033846,0.435621976852417,0.052575189620256424,0.06389310956001282,
5107,2.660686731338501,0.0005109516787342727,0.4866817593574524,0.01341207791119814,0.07303716987371445,
5108,2.89572811126709,0.0006429294589906931,0.5512809753417969,0.01694166660308838,0.07619328796863556,
5109,4.794956684112549,0.0005617326241917908,0.7237204313278198,0.11195522546768188,0.050332486629486084,
5110,6.796549320220947,0.0005159591673873365,0.5773281455039978,0.027780970558524132,0.22047191858291626,
5111,3.4460854530334473,0.00061801663832739,0.6010271310806274,0.0581522174179554,0.05503211170434952,
5112,5.130650520324707,0.0005208429647609591,0.6641480326652527,0.06932481378316879,0.10881444811820984,
5113,2.5081913471221924,0.0005981693393550813,0.458741694688797,0.05961092188954353,0.021768901497125626,
5114,7.799549579620361,0.0006098211742937565,0.4995935559272766,0.000971118628513068,0.29041728377342224,
5115,1.6089167594909668,0.0005477903760038316,0.839179277420044,0.004246532917022705,0.025995172560214996,
5116,10.358098983764648,0.000567413866519928,0.6487573385238647,0.012885332107543945,0.37492090463638306,
5117,5.987112522125244,0.0006633985904045403,0.5499053001403809,0.0,0.21682488918304443,
5118,5.257868766784668,0.0006472279201261699,0.6171020865440369,0.0023290913086384535,0.18265433609485626,
5119,2.6326394081115723,0.0006716421921737492,0.6198042631149292,0.02058233879506588,0.05925942212343216,
5120,6.954988479614258,0.0005919208633713424,0.6491371989250183,0.07157858461141586,0.18006354570388794,
5121,2.9546334743499756,0.0005926667363382876,0.8385884761810303,0.017819544300436974,0.06622958928346634,
5122,2.2552080154418945,0.0006031713564880192,0.7161391973495483,0.0,0.0609595887362957,
5123,3.475968837738037,0.0005663035553880036,0.6554092168807983,0.0,0.11225607991218567,
5124,3.8484904766082764,0.0005712377605959773,0.82440185546875,0.0,0.12039230763912201,
5125,4.04151725769043,0.0006723617552779615,0.5795730948448181,0.004111826419830322,0.13369357585906982,
5126,3.7090327739715576,0.0005773684824816883,0.4206484854221344,0.0,0.13095800578594208,
5127,4.698033809661865,0.0006078372825868428,0.5979121923446655,0.017345190048217773,0.146051824092865,
5128,3.27616810798645,0.0005442493711598217,0.6378479599952698,0.0,0.10498855262994766,
5129,2.6213290691375732,0.0005747160175815225,0.5836203694343567,0.041085679084062576,0.0398479588329792,
5130,3.845418930053711,0.0005492151831276715,0.6440273523330688,0.07872853428125381,0.04877790808677673,
5131,4.3334832191467285,0.0005890281172469258,0.5163426399230957,0.0,0.15209659934043884,
5132,12.791162490844727,0.0004558228829409927,0.5937008857727051,0.08434569835662842,0.40309691429138184,
5133,1.9500924348831177,0.0005533767980523407,0.6151771545410156,0.006879786495119333,0.04596344754099846,
5134,5.831334590911865,0.0005284938379190862,0.46982643008232117,0.021497488021850586,0.19243434071540833,
5135,4.455394744873047,0.0006769527681171894,0.5264110565185547,0.1063246876001358,0.05015770345926285,
5136,4.968166351318359,0.0005718119791708887,0.6062872409820557,0.06934305280447006,0.10456030070781708,
5137,6.070352077484131,0.0005428212461993098,0.6014008522033691,0.05795186758041382,0.16026337444782257,
5138,3.077279806137085,0.0005361595540307462,0.5211420655250549,0.019404929131269455,0.08230441808700562,
5139,6.922162055969238,0.0005436250939965248,0.4405784606933594,0.03005252219736576,0.22866719961166382,
5140,6.098026752471924,0.0005782732623629272,0.4835094213485718,0.0981525182723999,0.1258498877286911,
5141,5.758782386779785,0.0007227400201372802,0.6483088731765747,0.02607371285557747,0.1776224970817566,
5142,4.092360019683838,0.0005779808270744979,0.4655894935131073,0.0983024388551712,0.04619038850069046,
5143,4.448596477508545,0.000617551791947335,0.5028564929962158,0.04394418001174927,0.11326786875724792,
5144,3.2188477516174316,0.0006069228402338922,0.544823408126831,0.03516940400004387,0.07118464261293411,
5145,6.294347763061523,0.0004994689952582121,0.619758129119873,0.03487495705485344,0.19160915911197662,
5146,3.8225839138031006,0.0005875214701518416,0.5498976111412048,0.06357419490814209,0.06674573570489883,
5147,6.044192314147949,0.0006001541041769087,0.4724731743335724,0.17515484988689423,0.04711376503109932,
5148,3.0601656436920166,0.0004905018722638488,0.4989638328552246,0.04763535410165787,0.05432221293449402,
5149,2.6883909702301025,0.0005322682554833591,0.7327698469161987,0.0273424182087183,0.05035015940666199,
5150,7.081284046173096,0.0006204675300978124,0.4053834080696106,0.09450671821832657,0.17190881073474884,
5151,6.531674385070801,0.0005122336442582309,0.6337867975234985,0.0037982661742717028,0.23160502314567566,
5152,6.081084251403809,0.0005611524102278054,0.4682300388813019,0.06346067041158676,0.16049234569072723,
5153,3.6504647731781006,0.00044755320413969457,0.7626814842224121,0.0,0.11506378650665283,
5154,6.599414825439453,0.0005152944941073656,0.5404016375541687,0.07540565729141235,0.16643959283828735,
5155,4.7797651290893555,0.0005399127840064466,0.5539522171020508,0.04489455744624138,0.12359803915023804,
5156,2.905003070831299,0.0005369993741624057,0.5391722321510315,0.0,0.09409624338150024,
5157,2.239790916442871,0.000572768971323967,0.5863944292068481,0.037896573543548584,0.027666520327329636,
5158,4.5379228591918945,0.0005911991465836763,0.6482945680618286,0.03323378041386604,0.12176015973091125,
5159,2.6825122833251953,0.0005714254803024232,0.5078216195106506,0.022480925545096397,0.0639352798461914,
5160,9.003837585449219,0.0005389510188251734,0.5792601704597473,0.05504797026515007,0.28139618039131165,
5161,5.245505332946777,0.0005856655188836157,0.6322125196456909,0.0,0.18394602835178375,
5162,2.22825026512146,0.0005392641178332269,0.5645262598991394,0.02734043076634407,0.03866926208138466,
5163,6.332300186157227,0.0005386527627706528,0.4403104782104492,0.12116110324859619,0.11397983133792877,
5164,4.5947089195251465,0.0005468797753565013,0.4868188500404358,0.05696700140833855,0.10680173337459564,
5165,6.452529430389404,0.0005838771467097104,0.4805053472518921,0.04981331154704094,0.18848377466201782,
5166,9.520222663879395,0.0005956173990853131,0.42201030254364014,0.0941544771194458,0.2691783905029297,
5167,2.358098030090332,0.0005267318338155746,0.4666888117790222,0.05963971093297005,0.015489926561713219,
5168,5.817960739135742,0.0005565775791183114,0.5690991878509521,0.04777298495173454,0.16162490844726562,
5169,8.91317367553711,0.0005086784367449582,0.43575164675712585,0.06964286416769028,0.2689453363418579,
5170,5.335993766784668,0.0005301340133883059,0.4270436763763428,0.10833631455898285,0.08749153465032578,
5171,3.682319164276123,0.0006041952292434871,0.45500504970550537,0.0387347936630249,0.08975358307361603,
5172,2.8139708042144775,0.0005340704810805619,0.40658092498779297,0.028448423370718956,0.06731309741735458,
5173,9.391672134399414,0.0005638492293655872,0.41685575246810913,0.06229851767420769,0.2961302697658539,
5174,3.3229970932006836,0.0006385794258676469,0.45875775814056396,0.0024840831756591797,0.11144690215587616,
5175,2.517850160598755,0.0006123624625615776,0.4430888295173645,0.02474079467356205,0.057637304067611694,
5176,4.893758773803711,0.0006098260055296123,0.5932592153549194,0.004029651638120413,0.16738049685955048,
5177,5.719792366027832,0.0006135215517133474,0.512094259262085,0.03277279809117317,0.17492160201072693,
5178,2.0999081134796143,0.0005245517240837216,0.6519225239753723,0.020661255344748497,0.03673361614346504,
5179,2.6739418506622314,0.000558755942620337,0.6438040733337402,0.041847050189971924,0.0387997031211853,
5180,4.165811061859131,0.0005004802369512618,0.6546450853347778,0.0009786486625671387,0.13896751403808594,
5181,4.188573360443115,0.0006161974743008614,0.6225651502609253,0.09223781526088715,0.04978630691766739,
5182,4.671047210693359,0.0006071362877264619,0.6309382915496826,0.05344037339091301,0.10755682736635208,
5183,4.463563442230225,0.0005778903141617775,0.6471246480941772,0.02491154335439205,0.12716811895370483,
5184,4.544916152954102,0.0005777466576546431,0.7279677987098694,0.07013458013534546,0.08196559548377991,
5185,5.255105018615723,0.0005536749376915395,0.5514477491378784,0.08387454599142075,0.10371805727481842,
5186,3.5832653045654297,0.0006841205176897347,0.6466497182846069,0.06034040451049805,0.05644010379910469,
5187,2.6743884086608887,0.0007075481116771698,0.5939998626708984,0.01200181245803833,0.07050617784261703,
5188,5.29437255859375,0.0005123479058966041,0.6548439264297485,0.06513402611017227,0.11993477493524551,
5189,11.131519317626953,0.0006350039038807154,0.6733764410018921,0.0,0.4176907241344452,
5190,4.356308937072754,0.0005877123912796378,0.7800230979919434,0.07580360025167465,0.06666012108325958,
5191,5.94325065612793,0.0006458025309257209,0.7728874683380127,0.014222025871276855,0.19194671511650085,
5192,6.197933197021484,0.0005354095483198762,0.733872652053833,0.0510287880897522,0.16699820756912231,
5193,2.6527538299560547,0.000603916822001338,0.5161556005477905,0.025826672092080116,0.05903333052992821,
5194,3.587688684463501,0.000500146416015923,0.9170296788215637,0.0,0.10632622241973877,
5195,5.830300807952881,0.0005682560731656849,0.9194002151489258,0.0415850467979908,0.15428271889686584,
5196,9.36427116394043,0.0005276875454001129,0.6132321357727051,0.08666372299194336,0.2628501355648041,
5197,1.9034919738769531,0.0006301104440353811,0.7701462507247925,0.025459924712777138,0.019243795424699783,
5198,6.806912422180176,0.0006206029211170971,0.5480844974517822,0.05840808153152466,0.19132442772388458,
5199,7.055961608886719,0.0005667836521752179,0.6873123645782471,0.07029557228088379,0.18388360738754272,
5200,5.194908142089844,0.0006952270050533116,0.8190466165542603,0.0,0.17433923482894897,
5201,10.6480131149292,0.0007427232339978218,0.7423001527786255,0.08650984615087509,0.3089759647846222,
5202,6.5759687423706055,0.0006900462904013693,0.47187405824661255,0.055714286863803864,0.18775944411754608,
5203,4.113110542297363,0.0006288840086199343,0.5449846982955933,0.03729280084371567,0.10480335354804993,
5204,4.794414043426514,0.0005884025013074279,0.5229482054710388,0.05881746485829353,0.11145277321338654,
5205,4.419317245483398,0.0008033157209865749,0.6008737087249756,0.053552210330963135,0.09838220477104187,
5206,7.837607383728027,0.0008449526503682137,0.7274038791656494,0.012404541485011578,0.2711586654186249,
5207,5.3584794998168945,0.000732197193428874,0.4965452253818512,0.10995161533355713,0.08379356563091278,
5208,4.303588390350342,0.000598867132794112,0.6089881062507629,0.047595202922821045,0.09958994388580322,
5209,7.172091007232666,0.0005536679527722299,0.47146931290626526,0.009813706390559673,0.2576574981212616,
5210,2.610384702682495,0.0006434437818825245,0.4352457523345947,0.021491151303052902,0.06487096846103668,
5211,4.406538009643555,0.0006703289109282196,0.5046248435974121,0.04068281501531601,0.11472338438034058,
5212,2.860746383666992,0.000658764794934541,0.5000729560852051,0.011592388153076172,0.08217577636241913,
5213,5.051752090454102,0.0006140456534922123,0.5139974355697632,0.044037025421857834,0.13685910403728485,
5214,5.147096633911133,0.0006499486044049263,0.5304968357086182,0.04218953847885132,0.14182449877262115,
5215,6.732242584228516,0.0005747954710386693,0.4895452857017517,0.0018471479415893555,0.24728593230247498,
5216,3.605062961578369,0.0006148777320049703,0.39869439601898193,0.01386803388595581,0.11377184092998505,
5217,2.310450315475464,0.0006462307064794004,0.48093241453170776,0.04157243296504021,0.030962049961090088,
5218,6.1194963455200195,0.0005085598677396774,0.5121222734451294,0.05288644880056381,0.17089997231960297,
5219,6.843194961547852,0.0005739202024415135,0.6348377466201782,0.013045966625213623,0.23471441864967346,
5220,6.5725908279418945,0.000608214468229562,0.6445572376251221,0.02625693939626217,0.2102561891078949,
5221,4.271758556365967,0.000700232048984617,0.44818466901779175,0.045573413372039795,0.10666932165622711,
5222,7.192637920379639,0.0004893643781542778,0.454340398311615,0.06386582553386688,0.2051767110824585,
5223,6.715878009796143,0.0005142819718457758,0.6138738393783569,0.018226146697998047,0.22533974051475525,
5224,5.680352687835693,0.0006031448720023036,0.5963901281356812,0.015188653953373432,0.18756669759750366,
5225,4.404109477996826,0.0005631638923659921,0.579931378364563,0.0254022479057312,0.12700171768665314,
5226,2.368703603744507,0.0005674899439327419,0.6210031509399414,0.00263986992649734,0.06670065969228745,
5227,10.398701667785645,0.0005392766324803233,0.5878371596336365,0.15231548249721527,0.23957982659339905,
5228,6.147909164428711,0.0005982397706247866,0.6243441104888916,0.144398033618927,0.07594634592533112,
5229,2.784660816192627,0.0005758914048783481,0.4875774383544922,0.027281921356916428,0.06402552127838135,
5230,4.09040641784668,0.0005800671060569584,0.4740068316459656,0.04868513345718384,0.09539078921079636,
5231,3.405776262283325,0.0006586012314073741,0.4418233036994934,0.008445839397609234,0.10945367813110352,
5232,3.421987533569336,0.0006809565238654613,0.4597262442111969,0.030257046222686768,0.08755244314670563,
5233,2.441615104675293,0.0005889978492632508,0.4171386957168579,0.004005372524261475,0.07638467848300934,
5234,4.027204990386963,0.0005490203620865941,0.5302959680557251,0.0009224811801686883,0.13840486109256744,
5235,3.279144287109375,0.0005524450680240989,0.5375179648399353,0.0024318695068359375,0.1066807359457016,
5236,2.4133224487304688,0.0005296653253026307,0.5379588007926941,0.0,0.07448487728834152,
5237,3.951230525970459,0.000564677407965064,0.5155416131019592,0.09286870807409286,0.043994173407554626,
5238,6.162275314331055,0.0007025672239251435,0.5682438015937805,0.041686058044433594,0.18137262761592865,
5239,5.35440731048584,0.0005861332756467164,0.6011878252029419,0.09253319352865219,0.09700945764780045,
5240,6.9811811447143555,0.0005284329527057707,0.7187978029251099,0.039924800395965576,0.2100421041250229,
5241,5.082453727722168,0.0005420001689344645,0.539778470993042,0.0431249737739563,0.13804003596305847,
5242,1.9759305715560913,0.0004791062092408538,0.49727365374565125,0.0,0.05866716802120209,
5243,3.809049606323242,0.0005743250367231667,0.5839954614639282,0.0530722551047802,0.07535558938980103,
5244,5.129568576812744,0.0005110956262797117,0.7011548280715942,0.08992860466241837,0.08669685572385788,
5245,3.042250871658325,0.0006254794425331056,0.6131036281585693,0.07387969642877579,0.02266070991754532,
5246,7.373879432678223,0.000614435353782028,0.6024826765060425,0.07693420350551605,0.19330722093582153,
5247,3.4937644004821777,0.0005381162045523524,0.608070969581604,0.0243644118309021,0.09052521735429764,
5248,4.950470447540283,0.00054552051005885,0.5704148411750793,0.0,0.1746566891670227,
5249,5.953181266784668,0.0005712446290999651,0.6046959161758423,0.003985544200986624,0.20938262343406677,
5250,4.530606746673584,0.0006086226203478873,0.6904295682907104,0.08909084647893906,0.06390760838985443,
5251,3.9381842613220215,0.0006353309727273881,0.8020091652870178,0.004784047603607178,0.12002763152122498,
5252,9.508119583129883,0.0006577734020538628,0.43949973583221436,0.09978240728378296,0.2623046040534973,
5253,7.055642604827881,0.0005813513416796923,0.5034284591674805,0.09713292121887207,0.16437429189682007,
5254,4.623732566833496,0.0006147257518023252,0.6746642589569092,0.026500701904296875,0.1308472901582718,
5255,5.541253566741943,0.0006312486948445439,0.6818928718566895,0.046600960195064545,0.147142231464386,
5256,4.926979064941406,0.0005941719864495099,0.5424797534942627,0.030096113681793213,0.144689679145813,
5257,3.6364898681640625,0.0005527729517780244,0.39091578125953674,0.01614481210708618,0.11312536895275116,
5258,3.0622384548187256,0.0005366254481486976,0.47512364387512207,0.07551431655883789,0.027433646842837334,
5259,3.1768338680267334,0.0006713902112096548,0.5922031402587891,0.05333248898386955,0.04938134551048279,
5260,6.314395904541016,0.0006992672570049763,0.45240867137908936,0.07017622888088226,0.1636039912700653,
5261,5.985942363739014,0.0005673722480423748,0.560122013092041,0.02580350637435913,0.19066192209720612,
5262,4.640860080718994,0.0006213634624145925,0.6795879602432251,0.054058533161878586,0.10377098619937897,
5263,2.784264326095581,0.0005792293814010918,0.43633824586868286,0.0294763445854187,0.06386147439479828,
5264,4.001577377319336,0.0005135185783728957,0.5300849676132202,0.053889889270067215,0.08445627987384796,
5265,8.446280479431152,0.0004788922378793359,0.45557430386543274,0.10299284756183624,0.21615652740001678,
5266,7.849612236022949,0.0005665901699103415,0.5735998749732971,0.033882319927215576,0.2565915882587433,
5267,5.350332260131836,0.0006531334365718067,0.5588188171386719,0.08971162885427475,0.10129578411579132,
5268,4.420730113983154,0.0004733468231279403,0.5029293894767761,0.021938662976026535,0.13430002331733704,
5269,3.917372226715088,0.000623179308604449,0.4508063495159149,0.06640003621578217,0.07163941860198975,
5270,3.936728000640869,0.0005558189004659653,0.6007179617881775,0.01244447659701109,0.12044010311365128,
5271,5.071828842163086,0.0005473395576700568,0.4053743779659271,0.05173202231526375,0.1343788057565689,
5272,2.866572856903076,0.0005466798902489245,0.5386049151420593,0.011567155830562115,0.08100488036870956,
5273,6.18593168258667,0.0005097849643789232,0.35309427976608276,0.04163767769932747,0.19116604328155518,
5274,4.105514049530029,0.0005829940782859921,0.5117958784103394,0.04850006103515625,0.09466566145420074,
5275,4.559645652770996,0.0005269231041893363,0.49920064210891724,0.032109200954437256,0.12978166341781616,
5276,6.916321754455566,0.0005250772810541093,0.6416091322898865,0.03117104433476925,0.21929237246513367,
5277,10.253922462463379,0.0005748672410845757,0.4137406051158905,0.07866666465997696,0.31436577439308167,
5278,4.194823741912842,0.0005650630337186158,0.5142247080802917,0.04852829501032829,0.09813062101602554,
5279,5.847247123718262,0.0004623090790119022,0.42839494347572327,0.028401613235473633,0.1878901720046997,
5280,4.7348103523254395,0.000497700588312,0.6067655682563782,0.0,0.16462408006191254,
5281,3.2912940979003906,0.0005527413450181484,0.4272252917289734,0.03943365812301636,0.07457634806632996,
5282,4.201992034912109,0.0004543481336440891,0.5075607299804688,0.12164902687072754,0.025673873722553253,
5283,5.559329509735107,0.0005475427606143057,0.37976503372192383,0.06864142417907715,0.13799361884593964,
5284,6.2873358726501465,0.0005261986516416073,0.48190224170684814,0.02974557876586914,0.20194557309150696,
5285,3.5181381702423096,0.0005289205582812428,0.5118618011474609,0.031565822660923004,0.0881563052535057,
5286,7.353981018066406,0.0006029329379089177,0.36951321363449097,0.12458626180887222,0.15418952703475952,
5287,5.463415145874023,0.0005548738408833742,0.47814834117889404,0.041601479053497314,0.15725432336330414,
5288,3.0683562755584717,0.000557899649720639,0.46592649817466736,0.05780407041311264,0.045735228806734085,
5289,3.7732882499694824,0.0005063876160420477,0.4099313020706177,0.034455835819244385,0.09957204759120941,
5290,4.03085470199585,0.0005766415852122009,0.5789567232131958,0.023998796939849854,0.11350047588348389,
5291,5.088140487670898,0.0005351430736482143,0.6581562757492065,0.0763779878616333,0.10028623789548874,
5292,2.912686824798584,0.00063437590142712,0.5587583780288696,0.03409530594944954,0.059427447617053986,
5293,7.662232398986816,0.0005456022918224335,0.4560077488422394,0.023196320980787277,0.2645070552825928,
5294,6.102299213409424,0.0005747973918914795,0.4831337332725525,0.021986186504364014,0.20220564305782318,
5295,6.216886520385742,0.0005729042459279299,0.5657775402069092,0.05803193524479866,0.16743949055671692,
5296,3.4006237983703613,0.0007788115763105452,0.6299891471862793,0.08051443099975586,0.02953214943408966,
5297,2.4851293563842773,0.0006269053556025028,0.5429337620735168,0.01999588869512081,0.057065028697252274,
5298,3.489396572113037,0.0005265108775347471,0.5642701983451843,0.0,0.11647854000329971,
5299,2.0174686908721924,0.0004828882811125368,0.5150590538978577,0.02833469770848751,0.03127880394458771,
5300,4.743982315063477,0.0007783003966324031,0.45349907875061035,0.06983570009469986,0.10100533068180084,
5301,1.658097505569458,0.0005961470887996256,0.5577374696731567,0.0,0.04341825470328331,
5302,4.760114669799805,0.0005280203768052161,0.5640362501144409,0.03371508792042732,0.13360002636909485,
5303,5.864370822906494,0.0004995462368242443,0.4773642420768738,0.0,0.21498072147369385,
5304,3.2250537872314453,0.0005863237311132252,0.6067214608192444,0.04932447522878647,0.05482250452041626,
5305,3.3492164611816406,0.0005607467610388994,0.4230760931968689,0.053073346614837646,0.06341151148080826,
5306,2.857410430908203,0.0004933254676871002,0.4563296139240265,0.02056255005300045,0.07498735189437866,
5307,3.0883278846740723,0.00048285466618835926,0.5145395994186401,0.026319483295083046,0.07614920288324356,
5308,3.7444257736206055,0.0005497818347066641,0.4205661416053772,0.0046035051345825195,0.1278011053800583,
5309,3.6813461780548096,0.0005850466550327837,0.49268171191215515,0.04328854754567146,0.08367297798395157,
5310,9.499735832214355,0.0006257094792090356,0.49715474247932434,0.0698104053735733,0.28966712951660156,
5311,5.010474681854248,0.0005354403401724994,0.42760342359542847,0.04866473004221916,0.13411469757556915,
5312,4.137959957122803,0.0005905867437832057,0.49627918004989624,0.09241437911987305,0.05266225337982178,
5313,4.776382923126221,0.0005767710972577333,0.5358118414878845,0.021059870719909668,0.14798618853092194,
5314,3.3579258918762207,0.0005260472535155714,0.5697771310806274,0.04002535343170166,0.07097455859184265,
5315,6.328099727630615,0.0006492414395324886,0.6755765676498413,0.05130600929260254,0.1741456687450409,
5316,7.592749118804932,0.0005550077767111361,0.5837388634681702,0.09751322120428085,0.182292178273201,
5317,2.217703104019165,0.0007044070516712964,0.6178585886955261,0.0436244010925293,0.01966497115790844,
5318,4.920752048492432,0.0006262241513468325,0.5085659623146057,0.03556285426020622,0.14029836654663086,
5319,5.1784820556640625,0.0004633852804545313,0.439488023519516,0.047710876911878586,0.1413855105638504,
5320,3.0056469440460205,0.0005425270646810532,0.5804736018180847,0.019720712676644325,0.07674369215965271,
5321,6.87930965423584,0.0005374312750063837,0.6905394792556763,0.09944740682840347,0.14756597578525543,
5322,4.744837760925293,0.0005372869200073183,0.4839321970939636,0.026720622554421425,0.143178328871727,
5323,4.10749626159668,0.0004663091676775366,0.7541875839233398,0.044034022837877274,0.08963202685117722,
5324,6.769396781921387,0.0005058229435235262,0.5926705002784729,0.10176549851894379,0.14479774236679077,
5325,6.77076530456543,0.0005186694324947894,0.5903774499893188,0.0,0.2466968595981598,
5326,3.928786277770996,0.000564904825296253,0.6774100065231323,0.013777235522866249,0.11571289598941803,
5327,6.434100151062012,0.0005950173945166171,0.6709496974945068,0.02169259451329708,0.2082383930683136,
5328,5.325550556182861,0.0005814838805235922,0.5686720013618469,0.10443256050348282,0.08526109158992767,
5329,3.4806201457977295,0.0006945401546545327,0.47528624534606934,0.06260323524475098,0.05691558122634888,
5330,3.2401044368743896,0.0005702427006326616,0.7533977031707764,0.01288825273513794,0.08600977063179016,
5331,7.273826599121094,0.0005817224737256765,0.6139023303985596,0.052182793617248535,0.2136324644088745,
5332,3.3497674465179443,0.0006149086984805763,0.7483243346214294,0.012963037006556988,0.090479776263237,
5333,8.136529922485352,0.000574911420699209,0.8073379397392273,0.02360689640045166,0.2689858675003052,
5334,2.963057279586792,0.0006120388279668987,0.5709733366966248,0.0,0.09507131576538086,
5335,4.367400169372559,0.0005797026096843183,0.6232331991195679,0.05275996774435043,0.09642700850963593,
5336,2.0410282611846924,0.0005430204328149557,0.4756648540496826,0.04340650513768196,0.01866500824689865,
5337,5.44153356552124,0.0005573350354097784,0.3724151849746704,0.0,0.20220741629600525,
5338,8.751643180847168,0.0005289292894303799,0.5349933505058289,0.12364481389522552,0.20449228584766388,
5339,3.6377644538879395,0.000533414538949728,0.7495146989822388,0.012815375812351704,0.10218120366334915,
5340,4.39743185043335,0.00050963374087587,0.528810441493988,0.011555612087249756,0.1426796019077301,
5341,3.4441139698028564,0.0004991082823835313,0.6119334697723389,0.015534897334873676,0.09725321829319,
5342,6.691096782684326,0.00047888452536426485,0.4597645401954651,0.0,0.24877440929412842,
5343,8.584729194641113,0.0005229533999226987,0.6924980282783508,0.022200247272849083,0.2929660379886627,
5344,6.60862922668457,0.0005298750475049019,0.5086721181869507,0.11133086681365967,0.13213753700256348,
5345,7.171866416931152,0.0005115510430186987,0.5831840634346008,0.021597862243652344,0.2414378821849823,
5346,1.5153124332427979,0.0005496718804351985,0.4671499729156494,0.019644498825073242,0.021732328459620476,
5347,3.3188862800598145,0.0006400567363016307,0.4339381456375122,0.020002782344818115,0.09475508332252502,
5348,2.994574785232544,0.000664333114400506,0.4453393518924713,0.013718227855861187,0.08758684992790222,
5349,1.4879976511001587,0.000573447032365948,0.4183100461959839,0.028211135417222977,0.014002922922372818,
5350,6.064454078674316,0.0006924855406396091,0.5718115568161011,0.07207821309566498,0.14693500101566315,
5351,3.1176209449768066,0.0005413810722529888,0.6269926428794861,0.0009282032842747867,0.09815554320812225,
5352,3.749638557434082,0.0005029989988543093,0.3301834464073181,0.047732848674058914,0.08854234963655472,
5353,7.497896194458008,0.0006386299501173198,0.46756502985954285,0.008448640815913677,0.2721259593963623,
5354,5.608157634735107,0.0005339693161658943,0.46756184101104736,0.06973638385534286,0.1353534758090973,
5355,1.4461543560028076,0.0006387227331288159,0.5108940601348877,0.0012935400009155273,0.035478148609399796,
5356,7.2449798583984375,0.0005786658730357885,0.32191580533981323,0.06645506620407104,0.20988884568214417,
5357,2.5796899795532227,0.000627729925327003,0.5164767503738403,0.027117392048239708,0.0547834113240242,
5358,7.14319372177124,0.0007732406374998391,0.5970103144645691,0.03416633605957031,0.22690775990486145,
5359,6.149510860443115,0.0005325000965967774,0.5218265652656555,0.03144204616546631,0.19313281774520874,
5360,2.8061773777008057,0.0005810357979498804,0.4829419255256653,0.048802852630615234,0.04354553297162056,
5361,4.435802459716797,0.0005482962005771697,0.4678269326686859,0.0490536093711853,0.10911710560321808,
5362,4.944789886474609,0.0006114935385994613,0.4978797435760498,0.06201722100377083,0.1152477040886879,
5363,3.9297869205474854,0.0005878343363292515,0.43866968154907227,0.020181139931082726,0.11887571215629578,
5364,5.058718204498291,0.000536005012691021,0.5825595855712891,0.023089269176125526,0.15542107820510864,
5365,9.507721900939941,0.0005803750827908516,0.5543677806854248,0.03196561336517334,0.3255881667137146,
5366,5.964715003967285,0.0005269553512334824,0.6138572692871094,0.06760929524898529,0.14589804410934448,
5367,7.362354278564453,0.0005777349579147995,0.4614543914794922,0.10179688781499863,0.17366138100624084,
5368,2.674278497695923,0.0005745935486629605,0.46976524591445923,0.0651923418045044,0.022413594648241997,
5369,7.108176231384277,0.0005207788781262934,0.41896677017211914,0.06888934224843979,0.19815826416015625,
5370,2.7133071422576904,0.0006482327007688582,0.4779825210571289,0.01309529971331358,0.07566945254802704,
5371,7.261862754821777,0.0005099980044178665,0.41484034061431885,0.008369982242584229,0.2650009095668793,
5372,2.473222494125366,0.000573924626223743,0.45475175976753235,0.020548125728964806,0.05961677432060242,
5373,4.014671802520752,0.0005906166043132544,0.3482588529586792,0.07683465629816055,0.06923124194145203,
5374,3.504686117172241,0.0006458721472881734,0.4716835021972656,0.05811162665486336,0.06256260722875595,
5375,3.1937496662139893,0.0005366055411286652,0.4682447910308838,0.050760407000780106,0.05772318318486214,
5376,2.2596983909606934,0.0005535180098377168,0.5735419392585754,0.022471586242318153,0.044421155005693436,
5377,3.8405516147613525,0.0004883104120381176,0.5632075667381287,0.007149060722440481,0.12345638871192932,
5378,4.247986793518066,0.0005862301914021373,0.5403731465339661,0.03707365319132805,0.11064466089010239,
5379,4.228094577789307,0.0005856715724803507,0.589533805847168,0.041317980736494064,0.10363877564668655,
5380,5.373496055603027,0.0005573608796112239,0.4947164058685303,0.015507936477661133,0.1790858805179596,
5381,9.508150100708008,0.0006019467837177217,0.4934700131416321,0.03913642838597298,0.32084882259368896,
5382,6.1639862060546875,0.0005437631043605506,0.47758349776268005,0.06672415882349014,0.1601881980895996,
5383,4.806855201721191,0.0006492740358226001,0.7036291360855103,0.0,0.1634797751903534,
5384,2.4308242797851562,0.0006708803121000528,0.5873726606369019,0.01190263032913208,0.06116455793380737,
5385,7.564577579498291,0.0004997241194359958,0.6262935400009155,0.0,0.27703163027763367,
5386,10.617029190063477,0.0006253260071389377,0.6698230504989624,0.0,0.39726293087005615,
5387,2.6993589401245117,0.0006047501810826361,0.6237014532089233,0.0,0.08242154121398926,
5388,5.084456443786621,0.0005536161479540169,0.5717921257019043,0.06173233315348625,0.11822062730789185,
5389,6.35213565826416,0.000648793822620064,0.5761868953704834,0.0,0.23038917779922485,
5390,5.095727920532227,0.0006155097507871687,0.644607424736023,0.0,0.17742931842803955,
5391,8.099562644958496,0.0006123575731180608,0.42659634351730347,0.08382958173751831,0.22247669100761414,
5392,4.95301628112793,0.000694518384989351,0.6482775211334229,0.04515409469604492,0.12634092569351196,
5393,7.221276760101318,0.0006508282967843115,0.5083214044570923,0.13976658880710602,0.12810079753398895,
5394,4.713729381561279,0.0006030800868757069,0.5951259732246399,0.10736735910177231,0.05677368491888046,
5395,8.510459899902344,0.0006270412704907358,0.5136997103691101,0.057318370789289474,0.26192501187324524,
5396,5.874194145202637,0.0006156990421004593,0.5695856809616089,0.037695467472076416,0.1738731563091278,
5397,6.862582206726074,0.000729426508769393,0.604997456073761,0.0,0.2495739609003067,
5398,7.043790817260742,0.000705112237483263,0.5147336721420288,0.14009994268417358,0.1203572228550911,
5399,3.8764395713806152,0.0006018673884682357,0.6040492653846741,0.07914765179157257,0.051146090030670166,
5400,3.2087574005126953,0.0006521269679069519,0.4188985526561737,0.027761101722717285,0.08318112045526505,
5401,10.853870391845703,0.000608511792961508,0.4982105493545532,0.1193908229470253,0.2942270338535309,
5402,5.691791534423828,0.0006036462145857513,0.5998014211654663,0.1300247609615326,0.07305119931697845,
5403,5.528541088104248,0.0005657360889017582,0.45820313692092896,0.07870244979858398,0.1235453188419342,
5404,10.016502380371094,0.0006089571979828179,0.5415387153625488,0.05465036630630493,0.3237392008304596,
5405,4.352430820465088,0.0006670730654150248,0.6520337462425232,0.057945191860198975,0.08940361440181732,
5406,5.876670837402344,0.0005469811731018126,0.5140860676765442,0.0190594382584095,0.19489696621894836,
5407,4.194243431091309,0.0005503631546162069,0.5027063488960266,0.10767660290002823,0.0394345186650753,
5408,2.590606927871704,0.000729294668417424,0.6698724627494812,0.04974673315882683,0.02635335549712181,
5409,3.922727346420288,0.0004809325619135052,0.5733850002288818,0.04614277929067612,0.08734998106956482,
5410,3.8708019256591797,0.0005919391987845302,0.4218525290489197,0.054907262325286865,0.08245877176523209,
5411,3.0920262336730957,0.00048373991739936173,0.5100997686386108,0.03976277634501457,0.06303054094314575,
5412,5.485158443450928,0.0006746118306182325,0.5215557813644409,0.0,0.19786949455738068,
5413,4.669300079345703,0.0005654774722643197,0.5732741951942444,0.0,0.1632755696773529,
5414,8.033884048461914,0.0005482814740389585,0.5517942309379578,0.01172405481338501,0.2870112657546997,
5415,4.03566312789917,0.0005797084304504097,0.4504570960998535,0.07987765222787857,0.06295087188482285,
5416,4.438144683837891,0.000494722044095397,0.42784810066223145,0.018539726734161377,0.14137740433216095,
5417,5.297727584838867,0.0006059418665245175,0.5071530342102051,0.0769100934267044,0.11410693824291229,
5418,8.431905746459961,0.0005699614412151277,0.49732309579849243,0.10836935043334961,0.2084439992904663,
5419,3.8247931003570557,0.0005873008049093187,0.5351331830024719,0.05608949810266495,0.07490960508584976,
5420,2.6307389736175537,0.0006278405780903995,0.5583970546722412,0.04935375973582268,0.03291207551956177,
5421,6.142107963562012,0.0004957688506692648,0.5697999000549316,0.0,0.22239653766155243,
5422,2.6156091690063477,0.0005448814481496811,0.4985898435115814,0.027296464890241623,0.05683942884206772,
5423,3.8110737800598145,0.0006161527126096189,0.460379958152771,0.10711213201284409,0.02629946358501911,
5424,4.595676898956299,0.0004865866794716567,0.47555971145629883,0.07809840142726898,0.08621969074010849,
5425,3.6519784927368164,0.0005172272794879973,0.5481679439544678,0.014699478633701801,0.10893571376800537,
5426,3.6921966075897217,0.0005480172694660723,0.5785336494445801,0.05734660103917122,0.06665189564228058,
5427,6.4743523597717285,0.0006600249907933176,0.5334111452102661,0.0,0.23697763681411743,
5428,4.533487319946289,0.0005274253198876977,0.5759507417678833,0.019882241263985634,0.13789179921150208,
5429,7.135083198547363,0.0005250782705843449,0.46042388677597046,0.002799908397719264,0.26366138458251953,
5430,3.7177510261535645,0.000697654380928725,0.662415623664856,0.05836611986160278,0.06314964592456818,
5431,4.304640769958496,0.0005723900976590812,0.5939531326293945,0.09120956808328629,0.05664554983377457,
5432,3.9105324745178223,0.0005908324965275824,0.5343503952026367,0.01685057021677494,0.11760587245225906,
5433,5.78622579574585,0.0005229167290963233,0.4822235703468323,0.14925973117351532,0.0623774379491806,
5434,4.033499717712402,0.0005496304947882891,0.6206653118133545,0.057459473609924316,0.07850425690412521,
5435,4.477050304412842,0.0005519932019524276,0.41389310359954834,0.1268065720796585,0.035167720168828964,
5436,8.057732582092285,0.0006091559189371765,0.5826317667961121,0.11976414918899536,0.17863072454929352,
5437,8.657739639282227,0.0005436367937363684,0.5659270286560059,0.022540351375937462,0.3005884885787964,
5438,6.025299072265625,0.0005293904687277973,0.6124547719955444,0.11340892314910889,0.10257544368505478,
5439,6.31839656829834,0.0005866664578206837,0.8243011236190796,0.06635270267724991,0.15282444655895233,
5440,3.715092658996582,0.000618587713688612,0.5999021530151367,0.020857175812125206,0.10313186049461365,
5441,7.1932053565979,0.0004720947763416916,0.6362833976745605,0.07368677854537964,0.18811799585819244,
5442,3.1977086067199707,0.0005734016303904355,0.584429144859314,0.06034247204661369,0.043615300208330154,
5443,4.167643070220947,0.0006028172792866826,0.612743616104126,0.0,0.14159315824508667,
5444,3.907627820968628,0.00056127505376935,0.4414334297180176,0.0,0.1380864977836609,
5445,4.99833345413208,0.0005592957022599876,0.5232348442077637,0.060828883200883865,0.11761575937271118,
5446,2.217810869216919,0.0005268393433652818,0.44173768162727356,0.05120464414358139,0.019311442971229553,
5447,4.997856140136719,0.0006197558250278234,0.6334798336029053,0.027794620022177696,0.14616069197654724,
5448,7.209188938140869,0.0005879488890059292,0.39525508880615234,0.04805535078048706,0.2239140421152115,
5449,2.781118869781494,0.0005336817703209817,0.5031487941741943,0.034868836402893066,0.05571628734469414,
5450,12.87090015411377,0.0005411341553553939,0.5752864480018616,0.0,0.4912833869457245,
5451,4.292118072509766,0.0005125768366269767,0.502643883228302,0.02977752685546875,0.12128885090351105,
5452,3.437962770462036,0.0005504622240550816,0.511655330657959,0.04110969975590706,0.07539213448762894,
5453,3.738351821899414,0.0005966165917925537,0.38328057527542114,0.08371579647064209,0.0498904325067997,
5454,2.7804839611053467,0.00042635019053705037,0.42371994256973267,0.02820032835006714,0.06564388424158096,
5455,4.078959941864014,0.0005226617795415223,0.6873587369918823,0.049507539719343185,0.08563383668661118,
5456,3.369678020477295,0.000546242983546108,0.44399213790893555,0.021970728412270546,0.09451047331094742,
5457,6.103808879852295,0.0005249621463008225,0.6072321534156799,0.024018069729208946,0.1953200399875641,
5458,3.6591129302978516,0.0005448278388939798,0.4563015103340149,0.0158880352973938,0.11167959123849869,
5459,3.142000198364258,0.0005001005483791232,0.4083687663078308,0.09233204275369644,0.016513120383024216,
5460,2.2298271656036377,0.00048572340165264904,0.538844883441925,0.052405256778001785,0.014748313464224339,
5461,1.9466514587402344,0.0005375791224651039,0.5385230183601379,0.0,0.055787552148103714,
5462,8.611760139465332,0.0005126415053382516,0.42237529158592224,0.018688103184103966,0.30837464332580566,
5463,4.001267910003662,0.0004540487425401807,0.6445852518081665,0.01039471197873354,0.12341854721307755,
5464,4.470101833343506,0.0005949648912064731,0.558748185634613,0.00662753963842988,0.14923164248466492,
5465,7.163714408874512,0.0006397654069587588,0.4869118332862854,0.09653625637292862,0.16989608108997345,
5466,3.1372666358947754,0.000610171991866082,0.4306010603904724,0.02417333982884884,0.08348309993743896,
5467,4.769497871398926,0.0005781154031865299,0.500189483165741,0.03741230443120003,0.13278192281723022,
5468,4.406843185424805,0.0006027609342709184,0.5638203620910645,0.0,0.15311816334724426,
5469,9.88951301574707,0.0005951654748059809,0.6512594223022461,0.0,0.3689349889755249,
5470,5.570615768432617,0.0005531472852453589,0.5884331464767456,0.00818026065826416,0.19055390357971191,
5471,5.596895217895508,0.0007786870119161904,0.5649870038032532,0.04673004150390625,0.15376758575439453,
5472,4.307064056396484,0.0005841616657562554,0.6535520553588867,0.014571011066436768,0.1309853196144104,
5473,3.279970169067383,0.0005445005372166634,0.5502068996429443,0.0243277158588171,0.08431831002235413,
5474,9.025734901428223,0.0005880999960936606,0.634820818901062,0.010053098201751709,0.32499533891677856,
5475,6.758553504943848,0.0005949674523435533,0.5763086080551147,0.15636546909809113,0.09032934904098511,
5476,7.665445804595947,0.0006651116418652236,0.5984630584716797,0.047508854418992996,0.23450534045696259,
5477,2.0212631225585938,0.0005994248786009848,0.5669487714767456,0.0,0.05757315084338188,
5478,3.996523857116699,0.0006317083025351167,0.5278658866882324,0.029890239238739014,0.10822437703609467,
5479,4.98051118850708,0.0004967086133547127,0.6108497381210327,0.037994660437107086,0.13629508018493652,
5480,3.7462706565856934,0.0005909691099077463,0.7172261476516724,0.04501032829284668,0.07556049525737762,
5481,4.3197784423828125,0.0005661410978063941,0.6494274735450745,0.07635936886072159,0.06988852471113205,
5482,10.209675788879395,0.0005051844054833055,0.4992675483226776,0.046759188175201416,0.3411519527435303,
5483,3.8888418674468994,0.000582221255172044,0.6035887598991394,0.06873653829097748,0.06209135800600052,
5484,7.035999298095703,0.0005502495914697647,0.6304223537445068,0.0843876376748085,0.17128516733646393,
5485,4.286449909210205,0.0005325992242433131,0.599125325679779,0.014947931282222271,0.13201245665550232,
5486,5.441792011260986,0.0005888066370971501,0.6066209077835083,0.0,0.1928180456161499,
5487,3.6500356197357178,0.0006113459821790457,0.6396527886390686,0.0008736252784729004,0.11893033981323242,
5488,6.60738468170166,0.0006166088860481977,0.4870651662349701,0.0,0.24419617652893066,
5489,3.0657453536987305,0.000636271492112428,0.5336462259292603,0.03428570553660393,0.06636199355125427,
5490,3.797394275665283,0.000649310473818332,0.4586308002471924,0.09761707484722137,0.03528415784239769,
5491,5.14121150970459,0.0006353154894895852,0.6186506748199463,0.022883573547005653,0.157383531332016,
5492,4.9600510597229,0.0006352320779114962,0.633930504322052,0.041367411613464355,0.13104216754436493,
5493,6.160475730895996,0.0006633222219534218,0.5336887836456299,0.09692414849996567,0.12748399376869202,
5494,3.793050527572632,0.0006706284475512803,0.5670978426933289,0.008686860091984272,0.11968061327934265,
5495,3.3785648345947266,0.0006083838525228202,0.43596917390823364,0.10180330276489258,0.015292135998606682,
5496,5.6135573387146,0.0006382359424605966,0.5653959512710571,0.06209663674235344,0.13919158279895782,
5497,4.591597080230713,0.0005593657842837274,0.44136860966682434,0.060542285442352295,0.10490749031305313,
5498,3.118032217025757,0.0006005510804243386,0.40455228090286255,0.055364031344652176,0.05257461965084076,
5499,3.259976863861084,0.0005268601817078888,0.5786668062210083,0.00795280933380127,0.09877272695302963,
5500,6.988971710205078,0.0006296289502643049,0.508216142654419,0.141972616314888,0.116627998650074,"[1.2494858503341675, 0.697972297668457, 1.1903269290924072]"
5501,5.751871109008789,0.0005597496055997908,0.5911290645599365,0.010090191848576069,0.1957797408103943,
5502,3.9740586280822754,0.000589905132073909,0.5962069034576416,0.06372640281915665,0.07079776376485825,
5503,2.587009906768799,0.0005760150379501283,0.6004829406738281,0.0012739101657643914,0.07761114835739136,
5504,5.993616104125977,0.00047603886923752725,0.5049558877944946,0.0,0.21907037496566772,
5505,4.476263999938965,0.0005995031096972525,0.6033620834350586,0.01312957238405943,0.14118699729442596,
5506,6.602537631988525,0.00057334138546139,0.7126192450523376,0.07042032480239868,0.1646030694246292,
5507,4.387139320373535,0.0006169407279230654,0.5410751700401306,0.05613058805465698,0.09709504246711731,
5508,5.952455520629883,0.0006301953108049929,0.5244590044021606,0.0,0.21648967266082764,
5509,3.195727825164795,0.0006119550089351833,0.5110443830490112,0.08827654272317886,0.018498843535780907,
5510,6.113473415374756,0.0005597826093435287,0.5852032899856567,0.04250625893473625,0.17806476354599,
5511,3.388105869293213,0.0005496231024153531,0.6951502561569214,0.07020491361618042,0.036963678896427155,
5512,3.5370700359344482,0.0005369999562390149,0.59018474817276,0.03758297488093376,0.07975544035434723,
5513,5.38085412979126,0.0005143743474036455,0.5231019258499146,0.05282127857208252,0.14097443222999573,
5514,4.158975601196289,0.0005168003845028579,0.6253231763839722,0.07566142082214355,0.0651678740978241,
5515,4.144169807434082,0.000485533062601462,0.7018244862556458,0.09245816618204117,0.04475010186433792,
5516,6.065874099731445,0.0005539603298529983,0.716912567615509,0.1280706375837326,0.08533385396003723,
5517,6.309719562530518,0.0005753813311457634,0.535814106464386,0.0628560408949852,0.1675247997045517,
5518,2.962627410888672,0.0006210230058059096,0.347652792930603,0.024137279018759727,0.07984067499637604,
5519,4.851311683654785,0.000580721884034574,0.5377302765846252,0.023513000458478928,0.14844954013824463,
5520,6.138376235961914,0.0005317901959642768,0.6480180025100708,0.08371017128229141,0.13537238538265228,
5521,2.259000539779663,0.0005342152435332537,0.5907481908798218,0.02552330493927002,0.04067257419228554,
5522,9.8458833694458,0.0004798386653419584,0.6323907375335693,0.031141936779022217,0.336917906999588,
5523,6.6140217781066895,0.0005593085079453886,0.6328392624855042,0.06266971677541733,0.17601826786994934,
5524,4.384939193725586,0.0005263425409793854,0.518386960029602,0.03257109597325325,0.12156464159488678,
5525,5.774791717529297,0.0005695806466974318,0.6401270627975464,0.02142147161066532,0.18339553475379944,
5526,13.398228645324707,0.0005379674839787185,0.5665161609649658,0.000780125439632684,0.5119504332542419,
5527,7.40235710144043,0.000452427048003301,0.6743754148483276,0.06732653081417084,0.20134028792381287,
5528,9.324764251708984,0.0005408097058534622,0.4268360733985901,0.04245583340525627,0.312920480966568,
5529,9.845355033874512,0.000562429369892925,0.4993704557418823,0.018053213134407997,0.35522371530532837,
5530,10.960433006286621,0.0005444207927212119,0.6967183351516724,0.04282033443450928,0.3671838343143463,
5531,4.54086446762085,0.0005515238153748214,0.5893160700798035,0.08379286527633667,0.07371754944324493,
5532,3.873204469680786,0.00048046591109596193,0.5024939179420471,0.0805840864777565,0.05376386642456055,
5533,3.288343906402588,0.0005203961045481265,0.552990198135376,0.0068441033363342285,0.10204964876174927,
5534,4.536416530609131,0.0005339701310731471,0.5819163918495178,0.03556406497955322,0.12208196520805359,
5535,9.708724975585938,0.0006029436481185257,0.6475813984870911,0.03722792863845825,0.32461488246917725,
5536,2.0332536697387695,0.0006518953596241772,0.41430842876434326,0.04511648416519165,0.0189894400537014,
5537,4.2850260734558105,0.0005274662980809808,0.349627822637558,0.12621986865997314,0.03066859394311905,
5538,5.474715232849121,0.0005771299474872649,0.4935016632080078,0.0654192790389061,0.13325214385986328,
5539,6.13175106048584,0.0006066284840926528,0.500295877456665,0.0464802160859108,0.17817135155200958,
5540,5.8834452629089355,0.0006140249315649271,0.5808844566345215,0.0461367592215538,0.16535165905952454,
5541,3.4103188514709473,0.0005261733313091099,0.5385099053382874,0.06322779506444931,0.051118385046720505,
5542,3.099882125854492,0.0005961123970337212,0.4203649163246155,0.0521162748336792,0.054468296468257904,
5543,2.348069667816162,0.0006007978226989508,0.5591378211975098,0.008192896842956543,0.06276357918977737,
5544,3.612435817718506,0.0006128127570264041,0.4542194604873657,0.07996384054422379,0.045751988887786865,
5545,1.7115198373794556,0.0005767582915723324,0.5854421854019165,0.0,0.04446634650230408,
5546,3.0907063484191895,0.0005590601358562708,0.4573787748813629,0.015896955505013466,0.08887708932161331,
5547,3.972062826156616,0.0005804047104902565,0.4488939344882965,0.0,0.14034634828567505,
5548,4.9320526123046875,0.0005581214791163802,0.6842434406280518,0.0,0.16935424506664276,
5549,3.487230062484741,0.0005398834473453462,0.6988766193389893,0.05639414116740227,0.05460010841488838,
5550,3.1083929538726807,0.0005409138393588364,0.44872671365737915,0.0,0.10584574192762375,
5551,6.84376335144043,0.0006179001065902412,0.5913647413253784,0.07053802907466888,0.17894001305103302,
5552,2.7986185550689697,0.0005258632590994239,0.7013862729072571,0.009420335292816162,0.07394309341907501,
5553,10.736122131347656,0.0005850041634403169,0.5746356248855591,0.007658759597688913,0.39821571111679077,
5554,5.863297939300537,0.000620594248175621,0.5242260694503784,0.012398838996887207,0.20054343342781067,
5555,3.3697524070739746,0.0005381391965784132,0.5781813859939575,0.061465661972761154,0.04965904355049133,
5556,3.934539794921875,0.0005240451428107917,0.6291264295578003,0.0607277937233448,0.07096470147371292,
5557,17.410783767700195,0.0005398798384703696,0.6053212881088257,0.014005839824676514,0.6576727628707886,
5558,6.131221294403076,0.000549002957995981,0.557441234588623,0.06516355276107788,0.15723863244056702,
5559,2.603515863418579,0.0006037980783730745,0.5654454231262207,0.03654259443283081,0.0443764254450798,
5560,4.181471347808838,0.0005080210394226015,0.6015974879264832,0.035429697483778,0.10725723206996918,
5561,6.302298545837402,0.0005556795513257384,0.5680882930755615,0.0,0.22881272435188293,
5562,3.6775217056274414,0.0005536062526516616,0.6143021583557129,0.056439995765686035,0.06553517282009125,
5563,6.9200568199157715,0.000550278986338526,0.5000710487365723,0.02160775661468506,0.2346414029598236,
5564,5.698366165161133,0.0005258760065771639,0.7062594890594482,0.05500978231430054,0.14414861798286438,
5565,3.211181163787842,0.0005471399636007845,0.6584651470184326,0.02260146662592888,0.07896003127098083,
5566,6.015059947967529,0.0006109673413448036,0.4952341914176941,0.10493570566177368,0.11524636298418045,
5567,6.271081447601318,0.00047475763130933046,0.6416493654251099,0.0,0.22470253705978394,
5568,7.438139915466309,0.0006371712661348283,0.42956769466400146,0.08909320831298828,0.19061250984668732,
5569,7.6395039558410645,0.0005791460280306637,0.5445777177810669,0.0231145229190588,0.26010337471961975,
5570,5.589752197265625,0.0007094040629453957,0.6487378478050232,0.08654924482107162,0.11038193106651306,
5571,2.330066442489624,0.0005879573873244226,0.49237123131752014,0.05829886719584465,0.014620974659919739,
5572,3.514406204223633,0.0006113096023909748,0.39968031644821167,0.04304899647831917,0.0809287279844284,
5573,7.464716911315918,0.0005285073420964181,0.42508989572525024,0.054268281906843185,0.22678829729557037,
5574,5.022840976715088,0.00047739697038196027,0.5109695792198181,0.13988128304481506,0.040116164833307266,
5575,7.880372524261475,0.000558482191991061,0.5168749094009399,0.10627850145101547,0.18770292401313782,
5576,4.414548397064209,0.0007397322333417833,0.44361555576324463,0.12075736373662949,0.037340208888053894,
5577,4.986376762390137,0.0005420902161858976,0.5032855868339539,0.061391472816467285,0.11739009618759155,
5578,3.8029046058654785,0.0006966483197174966,0.6162725687026978,0.04317599534988403,0.08359263837337494,
5579,5.269845008850098,0.0005764944944530725,0.7185651063919067,0.09416340291500092,0.08731129765510559,
5580,3.33080792427063,0.0005995166138745844,0.5747514367103577,0.05902737379074097,0.05061537027359009,
5581,7.610509395599365,0.0005702379276044667,0.49399131536483765,0.0,0.28409048914909363,
5582,5.424157619476318,0.0004450563283171505,0.5314311385154724,0.05726544186472893,0.1379985511302948,
5583,7.125362873077393,0.0005064933211542666,0.6904565095901489,0.0,0.2568897604942322,
5584,5.1759796142578125,0.0005488571478053927,0.4657495617866516,0.09475599229335785,0.09310433268547058,
5585,3.438234329223633,0.0005651905084960163,0.480124831199646,0.023629387840628624,0.09412980079650879,
5586,3.9010426998138428,0.0005451585166156292,0.49536386132240295,0.006617724895477295,0.12906426191329956,
5587,4.23887300491333,0.0005614697001874447,0.6445565819740295,0.06224502995610237,0.08096614480018616,
5588,3.6168904304504395,0.0005445338902063668,0.5763455629348755,0.0745815858244896,0.046495676040649414,
5589,3.8578402996063232,0.0005498209502547979,0.49513745307922363,0.02535404823720455,0.10860424488782883,
5590,3.114701271057129,0.0005028697196394205,0.5925002098083496,0.031790316104888916,0.06859485059976578,
5591,5.422814846038818,0.0005908422754146159,0.7176365256309509,0.0,0.1876162886619568,
5592,4.229375839233398,0.0005514555959962308,0.5789146423339844,0.06339112669229507,0.08207586407661438,
5593,5.314934730529785,0.0005336022586561739,0.5956045985221863,0.03167855739593506,0.15656106173992157,
5594,13.416232109069824,0.0005365547840483487,0.5367208123207092,0.0525326132774353,0.462111234664917,
5595,4.689425468444824,0.0005129624041728675,0.6972857117652893,0.010147333145141602,0.14902529120445251,
5596,3.0591888427734375,0.0005462691187858582,0.5529345273971558,0.0361875481903553,0.06351634860038757,
5597,6.815219402313232,0.0005224379128776491,0.5088592767715454,0.0,0.2517319619655609,
5598,2.857306480407715,0.0006280562374740839,0.5504636764526367,0.021889647468924522,0.06975600123405457,
5599,1.4016830921173096,0.0005343875964172184,0.5435366630554199,0.0,0.03379146754741669,
5600,4.87692928314209,0.0006130887777544558,0.4838710427284241,0.0,0.17510923743247986,
5601,3.2309646606445312,0.0005430218880064785,0.6089597940444946,0.0,0.1043371632695198,
5602,2.4262139797210693,0.00046315378858707845,0.6128981709480286,0.02472684718668461,0.04734262824058533,
5603,6.591913223266602,0.00048217293806374073,0.6378772258758545,0.060145772993564606,0.17753347754478455,
5604,3.34792423248291,0.0006248251884244382,0.4062676429748535,0.017862141132354736,0.09917929768562317,
5605,4.2267584800720215,0.00043472927063703537,0.42895251512527466,0.0,0.15147750079631805,
5606,3.0015344619750977,0.0006352460477501154,0.435952752828598,0.021543007344007492,0.08044501394033432,
5607,4.471598148345947,0.0005338690825738013,0.5493024587631226,0.014400780200958252,0.14195716381072998,
5608,4.683125019073486,0.0006435327813960612,0.4959122836589813,0.027778446674346924,0.13906653225421906,
5609,1.7637733221054077,0.000678919954225421,0.5439335107803345,0.03267679363489151,0.015437878668308258,
5610,2.5148158073425293,0.0005248027737252414,0.5260576009750366,0.01751609705388546,0.061509422957897186,
5611,4.501858711242676,0.000563685258384794,0.6375265121459961,0.06232655048370361,0.0916830524802208,
5612,9.841578483581543,0.000574838719330728,0.6553996801376343,0.010682006366550922,0.3561903238296509,
5613,1.8404409885406494,0.0005640651797875762,0.5761907696723938,0.0,0.050005946308374405,
5614,2.8819563388824463,0.0006006710464134812,0.5699227452278137,0.0,0.0918806716799736,
5615,5.558522701263428,0.0005450897733680904,0.38955169916152954,0.10729535669088364,0.0989183783531189,
5616,3.3307950496673584,0.0005320264608599246,0.5722624659538269,0.010949512012302876,0.0988597720861435,
5617,2.1419222354888916,0.0006212065927684307,0.5653039813041687,0.017304202541708946,0.04513931646943092,
5618,3.03544282913208,0.000588469032663852,0.5764706134796143,0.031776368618011475,0.06599405407905579,
5619,4.183685779571533,0.000764818920288235,0.6450225114822388,0.04331362247467041,0.09746810048818588,
5620,5.48628044128418,0.0005889716558158398,0.4551430344581604,0.03261419013142586,0.16804233193397522,
5621,8.086738586425781,0.0005517861573025584,0.49364471435546875,0.02645397186279297,0.27671799063682556,
5622,6.008408546447754,0.000612075615208596,0.6629153490066528,0.08408037573099136,0.12912727892398834,
5623,4.037971496582031,0.0005356278852559626,0.3991793990135193,0.053824443370103836,0.0911916047334671,
5624,3.2277002334594727,0.0005423656548373401,0.5752938985824585,0.0634622797369957,0.04209160804748535,
5625,4.5845489501953125,0.0006564531940966845,0.6021016836166382,0.10110341012477875,0.057538025081157684,
5626,6.227340221405029,0.0006056062993593514,0.48301833868026733,0.006273607723414898,0.22289365530014038,
5627,4.056673049926758,0.0007778198341839015,0.582779049873352,0.03441299870610237,0.10376493632793427,
5628,2.000121593475342,0.0006120013422332704,0.4932357668876648,0.027616282925009727,0.03204714506864548,
5629,3.948126792907715,0.0005291640409268439,0.5807229280471802,0.0,0.13416698575019836,
5630,2.7760977745056152,0.0006909803487360477,0.5223199129104614,0.0014310280093923211,0.08802910149097443,
5631,7.469547748565674,0.0005813579191453755,0.5566808581352234,0.009258230216801167,0.26667508482933044,
5632,6.494631290435791,0.0007371415849775076,0.6393985748291016,0.0,0.23347216844558716,
5633,3.2892699241638184,0.0007466624374501407,0.5111699104309082,0.025472858920693398,0.08490447700023651,
5634,4.218206405639648,0.000649358204100281,0.5614593029022217,0.0,0.14562053978443146,
5635,8.2358980178833,0.0006125003565102816,0.6754571199417114,0.002393146278336644,0.2994120121002197,
5636,4.766024589538574,0.0006367944297380745,0.5527799725532532,0.011814395897090435,0.15607859194278717,
5637,8.422118186950684,0.0006939193699508905,0.5335459113121033,0.0736665353178978,0.24118246138095856,
5638,5.149036884307861,0.0007210851763375103,0.5546393990516663,0.04636536166071892,0.1366894543170929,
5639,6.07388162612915,0.0005538550321944058,0.5486530065536499,0.08029087632894516,0.14016440510749817,
5640,8.66518497467041,0.0006232724408619106,0.6015288829803467,0.07627759128808975,0.24564534425735474,
5641,6.404158592224121,0.0007369313971139491,0.5014238357543945,0.13311995565891266,0.10225249081850052,
5642,4.535565376281738,0.0005583784077316523,0.5221652388572693,0.0798717737197876,0.08010584115982056,
5643,2.1192338466644287,0.0006783926510252059,0.6104133129119873,0.03910940885543823,0.02056502178311348,
5644,3.5957021713256836,0.0006441965815611184,0.5728825330734253,0.061405379325151443,0.058863211423158646,
5645,5.017403602600098,0.0005061608972027898,0.4450796842575073,0.09845608472824097,0.08393070101737976,
5646,3.326093912124634,0.0006817816174589097,0.46132922172546387,0.02693277597427368,0.08697602897882462,
5647,7.169770240783691,0.0005647956277243793,0.4209979772567749,0.07605691254138947,0.19332918524742126,
5648,2.051349401473999,0.0006078748847357929,0.6566112041473389,0.0012786785373464227,0.05390297621488571,
5649,3.612055540084839,0.0005898408708162606,0.48119276762008667,0.0,0.12464466691017151,
5650,3.1495094299316406,0.0005521569401025772,0.48466265201568604,0.017777621746063232,0.0882640928030014,
5651,2.5388383865356445,0.0005628687795251608,0.5939053297042847,0.00014136235404293984,0.07709308713674545,
5652,5.205286502838135,0.0005012343171983957,0.4752556085586548,0.03638499975204468,0.15231500566005707,
5653,2.481330394744873,0.000567345938179642,0.4819026291370392,0.0,0.07940976321697235,
5654,3.640467643737793,0.0005195290432311594,0.5692787170410156,0.06234605982899666,0.05998196825385094,
5655,1.5922129154205322,0.0006020897417329252,0.4197733998298645,0.0,0.046295490115880966,
5656,2.653700590133667,0.0005596308037638664,0.5468895435333252,0.036592721939086914,0.04712008684873581,
5657,4.434462547302246,0.0005366227705962956,0.6056649684906006,0.011941413395106792,0.14067386090755463,
5658,2.0472922325134277,0.0006349439499899745,0.6090276837348938,0.0,0.05689563602209091,
5659,3.457659959793091,0.0005950247286818922,0.3841518461704254,0.08164636045694351,0.04069893807172775,
5660,6.223696231842041,0.0006060847663320601,0.49041807651519775,0.036796290427446365,0.19192874431610107,
5661,8.8031005859375,0.0005720889312215149,0.6034323573112488,0.0,0.3274146318435669,
5662,1.6417438983917236,0.0005410967860370874,0.4868600070476532,0.0,0.045654259622097015,
5663,9.144123077392578,0.0005769528797827661,0.5671042799949646,0.031169017776846886,0.3113347589969635,
5664,5.035207748413086,0.0006665496621280909,0.4070279598236084,0.046106576919555664,0.13835406303405762,
5665,1.554734706878662,0.0005277979071252048,0.4205520749092102,0.0026277105789631605,0.04221179708838463,
5666,7.069758415222168,0.0005935856606811285,0.6182680726051331,0.07142237573862076,0.1860436648130417,
5667,4.640326023101807,0.000543664675205946,0.4982754588127136,0.0,0.1651383638381958,
5668,4.73453950881958,0.0005908081657253206,0.5722833871841431,0.07137682288885117,0.0945226326584816,
5669,2.357640027999878,0.0005448231822811067,0.651077926158905,0.00711067533120513,0.060606978833675385,
5670,10.606406211853027,0.0005660190363414586,0.43197697401046753,0.11565329879522324,0.29075783491134644,
5671,7.398433685302734,0.0005337877664715052,0.5971918702125549,0.13904088735580444,0.13247498869895935,
5672,4.187925815582275,0.0007160070817917585,0.4806326627731323,0.12090934813022614,0.026666369289159775,
5673,4.360682487487793,0.000604979635681957,0.5125569105148315,0.09366694837808609,0.05965309590101242,
5674,3.6692957878112793,0.000607547874096781,0.5176876783370972,0.08241307735443115,0.04304368793964386,
5675,4.822362422943115,0.0005202663014642894,0.5581092238426208,0.12931561470031738,0.040734242647886276,
5676,3.0745325088500977,0.0005907815066166222,0.593140721321106,0.007717569824308157,0.09094732254743576,
5677,6.042032718658447,0.000588729337323457,0.565151572227478,0.07960907369852066,0.13887743651866913,
5678,7.001891613006592,0.000593888049479574,0.42288464307785034,0.11580228805541992,0.1467640995979309,
5679,4.171165943145752,0.0006158296018838882,0.5365442037582397,0.06290459632873535,0.08186444640159607,
5680,3.2153496742248535,0.0005227362853474915,0.5675972700119019,0.029855012893676758,0.07553235441446304,
5681,11.896223068237305,0.0005837560747750103,0.6099430322647095,0.017527779564261436,0.4333396553993225,
5682,7.864414691925049,0.0005068757454864681,0.5103669762611389,0.08641722053289413,0.20723780989646912,
5683,5.6610517501831055,0.0005772176082246006,0.6354873180389404,0.0,0.20044533908367157,
5684,2.8168771266937256,0.0005784272798337042,0.4990403354167938,0.023003360256552696,0.06913167983293533,
5685,7.300410270690918,0.0005560527206398547,0.35833740234375,0.015995243564248085,0.26113161444664,
5686,4.801529884338379,0.0006038512219674885,0.441867470741272,0.040383197367191315,0.13339945673942566,
5687,4.13992166519165,0.0005676649161614478,0.5405558347702026,0.03900708630681038,0.10439987480640411,
5688,5.375598430633545,0.0005475152865983546,0.5664387941360474,0.03736488148570061,0.15445399284362793,
5689,7.301352024078369,0.0006306075374595821,0.450043648481369,0.0584820918738842,0.21493962407112122,
5690,4.152523517608643,0.0006936410791240633,0.40410175919532776,0.037037093192338943,0.11220613121986389,
5691,4.322691440582275,0.0004904279485344887,0.5606702566146851,0.03523343801498413,0.1147569864988327,
5692,5.115024089813232,0.0004885253147222102,0.5337873697280884,0.0425613708794117,0.14019958674907684,
5693,4.230533599853516,0.0005382397212088108,0.5676114559173584,0.048137348145246506,0.0978412926197052,
5694,1.7070825099945068,0.0006178599433042109,0.5211379528045654,0.009576301090419292,0.037243619561195374,
5695,2.930461883544922,0.0005159059073776007,0.5665980577468872,0.05287313461303711,0.041165515780448914,
5696,5.038169860839844,0.0006544420612044632,0.6157228946685791,0.07238264381885529,0.10386079549789429,
5697,2.504512071609497,0.0005717900930903852,0.6380162239074707,0.004624287132173777,0.06946375966072083,
5698,3.0667924880981445,0.0005487334565259516,0.5865521430969238,0.07792796939611435,0.020732907578349113,
5699,4.524540901184082,0.0005348549457266927,0.47879162430763245,0.03152402117848396,0.12977109849452972,
5700,5.547232627868652,0.0005540766869671643,0.5286860466003418,0.061789631843566895,0.1383981555700302,
5701,9.564614295959473,0.0005893586785532534,0.5668562650680542,0.055355627089738846,0.30396533012390137,
5702,6.911459922790527,0.0005991259822621942,0.4931603670120239,0.0,0.2561328709125519,
5703,2.2853150367736816,0.0005561812431551516,0.5855793952941895,0.0,0.06743324548006058,
5704,6.135275363922119,0.0006760946125723422,0.5189841985702515,0.04556499049067497,0.17841054499149323,
5705,4.94736909866333,0.0005067684105597436,0.6426226496696472,0.005418002605438232,0.1662650853395462,
5706,7.366987705230713,0.0005454490310512483,0.6984371542930603,0.009830434806644917,0.25636613368988037,
5707,5.508362293243408,0.0005977791734039783,0.5123733282089233,0.0934956893324852,0.1057460829615593,
5708,9.520001411437988,0.0005555180832743645,0.6213579177856445,0.12069511413574219,0.23469510674476624,
5709,3.0447816848754883,0.0005922889686189592,0.6169675588607788,0.01235016155987978,0.08417011797428131,
5710,7.998974800109863,0.0005796049372293055,0.5499860048294067,0.041794873774051666,0.25558507442474365,
5711,2.804413318634033,0.0005128310876898468,0.5865519046783447,0.03542469069361687,0.05277693271636963,
5712,3.133129358291626,0.0005247050430625677,0.6010737419128418,0.022202709689736366,0.07855480909347534,
5713,8.749899864196777,0.0005180800217203796,0.3993294835090637,0.1890445351600647,0.14446021616458893,
5714,2.901273488998413,0.0005782785010524094,0.5098867416381836,0.047500211745500565,0.04757698252797127,
5715,2.8455145359039307,0.0005607561324723065,0.4528096318244934,0.008116424083709717,0.08703102171421051,
5716,1.5385234355926514,0.000625198008492589,0.5822487473487854,0.013975580222904682,0.02365020662546158,
5717,5.778964996337891,0.0005672627594321966,0.5926435589790344,0.023587623611092567,0.18329796195030212,
5718,4.943237781524658,0.0005525177693925798,0.39943188428878784,0.015601515769958496,0.16559819877147675,
5719,4.529168605804443,0.0005039237439632416,0.5884813666343689,0.11182264238595963,0.0453009158372879,
5720,4.776434421539307,0.0005513469805009663,0.37228015065193176,0.0,0.1756148338317871,
5721,3.528563976287842,0.0005372243467718363,0.6553026437759399,0.006670117378234863,0.10772310942411423,
5722,2.35685396194458,0.00054528983309865,0.6428601145744324,0.01364461611956358,0.05436985194683075,
5723,4.465920448303223,0.0004616464430000633,0.5382840633392334,0.009645183570683002,0.14699861407279968,
5724,8.779741287231445,0.0004722076701000333,0.5422602295875549,0.06533241271972656,0.2636946141719818,
5725,3.832641124725342,0.0005462885019369423,0.5346609354019165,0.03848423436284065,0.09288869053125381,
5726,1.9800738096237183,0.0005383412935771048,0.7170593738555908,0.0016854008426889777,0.04829683527350426,
5727,6.263205051422119,0.0005387681885622442,0.4283655881881714,0.0388663224875927,0.19398847222328186,
5728,7.591550827026367,0.0005884345737285912,0.5640668272972107,0.06702953577041626,0.21348139643669128,
5729,4.080535411834717,0.0006624066736549139,0.5449758768081665,0.06352194398641586,0.07723803073167801,
5730,1.6337573528289795,0.0006225968827493489,0.5333414673805237,0.010493476875126362,0.03290056437253952,
5731,4.381919860839844,0.0006130976253189147,0.6160218715667725,0.020571032539010048,0.12945178151130676,
5732,3.4650919437408447,0.0005752316792495549,0.5142962336540222,0.030601004138588905,0.08685559034347534,
5733,4.0443854331970215,0.0005682753981091082,0.5518847107887268,0.0379498191177845,0.10118193924427032,
5734,7.572810173034668,0.0005572655354626477,0.6192047595977783,0.08408713340759277,0.1934998333454132,
5735,2.5428004264831543,0.0005250112153589725,0.5129508376121521,0.04329723119735718,0.037371739745140076,
5736,3.4229483604431152,0.0005662883049808443,0.6740847826004028,0.037969909608364105,0.07141834497451782,
5737,5.066986560821533,0.0007635600049979985,0.49727630615234375,0.007233560085296631,0.17479130625724792,
5738,8.853482246398926,0.0006135526928119361,0.4919004440307617,0.045793671160936356,0.28805607557296753,
5739,2.1354269981384277,0.0005056231166236103,0.540703535079956,0.009654402732849121,0.05362890660762787,
5740,2.556279182434082,0.0005832974566146731,0.5081146955490112,0.0052799382247030735,0.07606333494186401,
5741,2.9473941326141357,0.0005314706941135228,0.4294111132621765,0.0,0.10018784552812576,
5742,3.012563467025757,0.0005513634532690048,0.5769236087799072,0.0456908755004406,0.05118335783481598,
5743,4.255710601806641,0.000559948617592454,0.5200527906417847,0.00965158175677061,0.13921478390693665,
5744,2.3396732807159424,0.000511936959810555,0.5217843055725098,0.043051838874816895,0.029151780530810356,
5745,2.281926155090332,0.0005156916449777782,0.47992533445358276,0.01501917839050293,0.056545160710811615,
5746,5.591576099395752,0.0004799861926585436,0.5359354019165039,0.043949324637651443,0.15779632329940796,
5747,6.216720104217529,0.0005167289637029171,0.6353945732116699,0.04734375327825546,0.1753925383090973,
5748,8.62626838684082,0.0005802974919788539,0.6692022085189819,0.09036973863840103,0.22733262181282043,
5749,4.822427749633789,0.000575888785533607,0.4436928629875183,0.02058732509613037,0.15398620069026947,
5750,6.021908760070801,0.0005337052862159908,0.4821211099624634,0.038276076316833496,0.18278172612190247,
5751,1.5632350444793701,0.0005556553951464593,0.5208980441093445,0.0,0.04113782197237015,
5752,3.196235179901123,0.0005152479861862957,0.3937333822250366,0.033200960606336594,0.07838387042284012,
5753,3.127798080444336,0.0005729099502786994,0.5147093534469604,0.0,0.10395064204931259,
5754,5.083953380584717,0.000504888768773526,0.5600840449333191,0.028857627883553505,0.15159226953983307,
5755,2.7477126121520996,0.000527804484590888,0.5071779489517212,0.026503821834921837,0.06258975714445114,
5756,3.006625175476074,0.0005752736469730735,0.5132386684417725,0.04232289269566536,0.0568372905254364,
5757,5.3042778968811035,0.000506759446579963,0.5258890390396118,0.04424101114273071,0.14638780057430267,
5758,3.1548588275909424,0.0006239517242647707,0.49498623609542847,0.023426571860909462,0.08234437555074692,
5759,6.392598628997803,0.0005733461584895849,0.5653297305107117,0.0,0.23251742124557495,
5760,5.538795471191406,0.0005812980234622955,0.3952453136444092,0.08814182132482529,0.11701887845993042,
5761,4.187770366668701,0.00048402894753962755,0.4750248193740845,0.04253729060292244,0.10548850893974304,
5762,3.2187137603759766,0.000564088870305568,0.5715759992599487,0.005124012473970652,0.10019740462303162,
5763,2.4315059185028076,0.0005796475452370942,0.6022399663925171,0.0,0.07259099185466766,
5764,2.735713243484497,0.0005101682618260384,0.5517702102661133,0.008006195537745953,0.07884135842323303,
5765,4.560213565826416,0.0005616596899926662,0.4469376802444458,0.06810635328292847,0.09586302191019058,
5766,9.004572868347168,0.0005020724493078887,0.5433973073959351,0.03055574558675289,0.3073892295360565,
5767,5.404994487762451,0.0005039350944571197,0.6677089333534241,0.032164834439754486,0.15682266652584076,
5768,5.848698616027832,0.0005884491838514805,0.57110595703125,0.037423115223646164,0.17309214174747467,
5769,2.4874608516693115,0.0005951403290964663,0.39859360456466675,0.04596332460641861,0.03699622303247452,
5770,4.638372421264648,0.0005341399810276926,0.42061612010002136,0.09800376743078232,0.07017233222723007,
5771,2.4710264205932617,0.0005384855903685093,0.48568522930145264,0.015835383906960487,0.06303977966308594,
5772,3.735640048980713,0.0005811884766444564,0.4668470323085785,0.04224783182144165,0.08792270720005035,
5773,3.834629535675049,0.0005117683322168887,0.4680253267288208,0.0,0.1341523975133896,
5774,4.96977424621582,0.000611469557043165,0.5245250463485718,0.030135732144117355,0.1470627635717392,
5775,2.042695999145508,0.0006220987415872514,0.5019044280052185,0.0,0.06100955978035927,
5776,3.1592156887054443,0.000637863005977124,0.4288322329521179,0.04118965193629265,0.06738781929016113,
5777,4.310013294219971,0.0005109335761517286,0.5446771383285522,0.060262542217969894,0.08983997255563736,
5778,5.901426792144775,0.0005711654666811228,0.5481345057487488,0.055159568786621094,0.15840095281600952,
5779,3.9124293327331543,0.0005376252229325473,0.6289481520652771,0.07818984985351562,0.05261176824569702,
5780,1.6165249347686768,0.0005711569101549685,0.5001896023750305,0.0,0.04408226162195206,
5781,2.2389426231384277,0.0005471897893585265,0.5614376068115234,0.0,0.06655300408601761,
5782,4.162092685699463,0.0005456131184473634,0.42332643270492554,0.06289708614349365,0.08610796183347702,
5783,4.336742877960205,0.000559177016839385,0.7179284691810608,0.025848787277936935,0.11834461241960526,
5784,9.080412864685059,0.0006200933130457997,0.5983818173408508,0.08042129129171371,0.25823986530303955,
5785,6.546201705932617,0.0006022828747518361,0.5508297085762024,0.004964808467775583,0.23424777388572693,
5786,4.792932987213135,0.0006538969464600086,0.5023012757301331,0.009252210147678852,0.1617191731929779,
5787,6.965939998626709,0.000594483339227736,0.5041597485542297,0.09343942254781723,0.16443729400634766,
5788,5.573814868927002,0.0005822539678774774,0.5542236566543579,0.0016634861240163445,0.1985379159450531,
5789,6.544231414794922,0.0006437188130803406,0.3613874316215515,0.04764515161514282,0.19902488589286804,
5790,5.0754499435424805,0.0006644364912062883,0.5157046914100647,0.06631726026535034,0.11540811508893967,
5791,3.008711814880371,0.0006302662077359855,0.5645967721939087,0.025745848193764687,0.07138848304748535,
5792,6.928975582122803,0.0005779268685728312,0.5528205633163452,0.04932546615600586,0.2051427960395813,
5793,1.6993132829666138,0.0006480692536570132,0.4856323003768921,0.01033848524093628,0.037560682743787766,
5794,3.4753739833831787,0.0006711747846566141,0.5912142395973206,0.06116821616888046,0.053526997566223145,
5795,8.106474876403809,0.000783190072979778,0.46820104122161865,0.0,0.3047477602958679,
5796,3.182750701904297,0.0005369455902837217,0.4880881905555725,0.03858272358775139,0.06866683810949326,
5797,8.143159866333008,0.0006419942947104573,0.8557276725769043,0.039478402584791183,0.2513768672943115,
5798,7.011880397796631,0.0007561721722595394,0.47388792037963867,0.1778562366962433,0.0829073041677475,
5799,6.003440856933594,0.0006184511003084481,0.5563061237335205,0.05374187231063843,0.1635250747203827,
5800,8.685164451599121,0.0006176242604851723,0.36592021584510803,0.0002833207545336336,0.33186882734298706,
5801,4.533477783203125,0.0006093455594964325,0.4885929226875305,0.12379860877990723,0.0373874232172966,
5802,6.990913391113281,0.0005526281311176717,0.46219348907470703,0.0745108351111412,0.18608534336090088,
5803,4.927834510803223,0.0006057266728021204,0.40385928750038147,0.044330041855573654,0.13602323830127716,
5804,11.398723602294922,0.0005706855445168912,0.5562722682952881,0.058758098632097244,0.3743692636489868,
5805,3.8160321712493896,0.0005691460683010519,0.43787500262260437,0.07111147791147232,0.06344566494226456,
5806,2.6468095779418945,0.0005567925982177258,0.6201122403144836,0.015042583458125591,0.06546851992607117,
5807,9.496299743652344,0.0006021643639542162,0.4328539967536926,0.1064409613609314,0.2554946839809418,
5808,3.7917158603668213,0.0005236112629063427,0.489485502243042,0.05229439213871956,0.07927121222019196,
5809,3.764261245727539,0.0005743932561017573,0.470331609249115,0.06194029375910759,0.06924249976873398,
5810,5.630180358886719,0.0005850335001014173,0.5995217561721802,0.09453199058771133,0.10610933601856232,
5811,6.677999019622803,0.0005682745832018554,0.6057411432266235,0.010184486396610737,0.2321375608444214,
5812,5.355827808380127,0.0005506010493263602,0.5885051488876343,0.10159847885370255,0.08854382485151291,
5813,4.607654094696045,0.0005679185851477087,0.5808719396591187,0.10171598196029663,0.058787375688552856,
5814,1.243947982788086,0.0005703381611965597,0.6153289079666138,0.001394073129631579,0.02318035066127777,
5815,3.571136236190796,0.0005932049243710935,0.6713385581970215,0.04870166257023811,0.06669703871011734,
5816,3.284209728240967,0.0005594352260231972,0.5861449241638184,0.0534299798309803,0.053933173418045044,
5817,5.259487628936768,0.0006626861286349595,0.4809321165084839,0.06452439725399017,0.12595513463020325,
5818,7.018381595611572,0.0006846258766017854,0.5319322347640991,0.037662625312805176,0.2211107313632965,
5819,4.088526248931885,0.0005347692058421671,0.4599746763706207,0.0,0.1446072906255722,
5820,9.708719253540039,0.0006142933270893991,0.580484926700592,0.0392901711165905,0.3252248764038086,
5821,4.950317859649658,0.0005998501437716186,0.5414899587631226,0.07406333833932877,0.10168991982936859,
5822,3.6929054260253906,0.0006837680120952427,0.6351664066314697,0.06743182986974716,0.05419395864009857,
5823,5.195223808288574,0.0007618888630531728,0.6455694437026978,0.011033177375793457,0.17019110918045044,
5824,3.954009532928467,0.0005749230622313917,0.5455772280693054,0.007724007125943899,0.12803836166858673,
5825,3.550326108932495,0.0005027457373216748,0.6078470349311829,0.06022697687149048,0.05696944147348404,
5826,7.649623870849609,0.0005674983258359134,0.48374295234680176,0.05060599371790886,0.2354617416858673,
5827,2.7547664642333984,0.0006179115152917802,0.3700745701789856,0.02436419390141964,0.07040557265281677,
5828,8.174498558044434,0.0005853970069438219,0.4593939781188965,0.0580688901245594,0.2499498873949051,
5829,1.2932922840118408,0.0005799421342089772,0.560409665107727,0.0,0.028735360130667686,
5830,5.302422046661377,0.0005345414974726737,0.5163339376449585,0.08512525260448456,0.10578371584415436,
5831,6.7090959548950195,0.0006255986518226564,0.514824628829956,0.03769360110163689,0.20945164561271667,
5832,3.613050937652588,0.00057337706675753,0.6777852177619934,0.05098152160644531,0.0658557340502739,
5833,9.135136604309082,0.0006566980737261474,0.5097929239273071,0.10649142414331436,0.2378656268119812,
5834,9.744943618774414,0.0007179405074566603,0.6061060428619385,0.019654234871268272,0.34518134593963623,
5835,5.701033592224121,0.0005144273163750768,0.4515352249145508,0.04921571537852287,0.16024978458881378,
5836,6.246831893920898,0.000614932447206229,0.6160537600517273,0.09352564811706543,0.13109056651592255,
5837,3.9518442153930664,0.0005881608813069761,0.46802791953086853,0.022622782737016678,0.11614170670509338,
5838,7.323309898376465,0.0005100814742036164,0.396302193403244,0.062123656272888184,0.214446559548378,
5839,5.663333415985107,0.0005916616064496338,0.45108646154403687,0.07117372751235962,0.13672450184822083,
5840,4.4803466796875,0.0006056744605302811,0.47550106048583984,0.0817682147026062,0.07781992852687836,
5841,3.893406391143799,0.0005561710568144917,0.4925113916397095,0.08251819759607315,0.052961427718400955,
5842,2.013671398162842,0.0006249875295907259,0.45325732231140137,0.05040345340967178,0.011388130486011505,
5843,4.260332107543945,0.0006340582040138543,0.4696243107318878,0.11114893853664398,0.039845313876867294,
5844,2.287219524383545,0.0006281742826104164,0.5571479797363281,0.05939284712076187,0.009181832894682884,
5845,4.771339416503906,0.0005116462125442922,0.5253742933273315,0.11704473197460175,0.052282221615314484,
5846,2.8134989738464355,0.0005995241808705032,0.5612414479255676,0.0,0.08949077129364014,
5847,2.4966235160827637,0.0005291083361953497,0.43816274404525757,0.05616619437932968,0.02564312145113945,
5848,6.231664657592773,0.0006278217188082635,0.6899622678756714,0.02829953096807003,0.19274073839187622,
5849,4.742648124694824,0.0006518132868222892,0.5757619142532349,0.04205113649368286,0.12397251278162003,
5850,3.476731300354004,0.0005359469796530902,0.5493937730789185,0.04056217148900032,0.07599538564682007,
5851,6.245983123779297,0.0006267193239182234,0.5143396854400635,0.011762063018977642,0.21687696874141693,
5852,6.269871711730957,0.0005316013121046126,0.4806239604949951,0.012740830890834332,0.21829746663570404,
5853,5.387753009796143,0.0005099820555187762,0.8236240148544312,0.0071572065353393555,0.1748979687690735,
5854,4.808371543884277,0.0005480021354742348,0.47536951303482056,0.02456519939005375,0.148206889629364,
5855,5.627682209014893,0.0005351942381821573,0.6760993599891663,0.05490811541676521,0.1426200121641159,
5856,4.041667461395264,0.0005682487390004098,0.5933437347412109,0.016456186771392822,0.12090851366519928,
5857,2.4648091793060303,0.0005259838071651757,0.4814515709877014,0.02587836980819702,0.05292995274066925,
5858,4.318081378936768,0.0006204096716828644,0.5086606740951538,0.06961379200220108,0.08214262127876282,
5859,5.455208778381348,0.0005726300878450274,0.5485019683837891,0.029030343517661095,0.16666530072689056,
5860,2.519637107849121,0.00048117106780409813,0.6594446897506714,0.05692614987492561,0.017000380903482437,
5861,2.8895790576934814,0.0005360498907975852,0.5627567768096924,0.029126346111297607,0.06341049075126648,
5862,7.3011932373046875,0.0005802356754429638,0.6804831027984619,0.10544846206903458,0.15879970788955688,
5863,9.092076301574707,0.0005494522047229111,0.6227481365203857,0.06050795316696167,0.2777157127857208,
5864,12.250887870788574,0.0005717726889997721,0.43053683638572693,0.0,0.47224223613739014,
5865,3.6042628288269043,0.0006932180258445442,0.5322459936141968,0.0381205677986145,0.08406689018011093,
5866,1.4469680786132812,0.0004863232315983623,0.5730987787246704,0.0035052697639912367,0.03096318058669567,
5867,1.9671814441680908,0.0005854215123690665,0.47115036845207214,0.010185837745666504,0.04906998202204704,
5868,3.825540781021118,0.0006287649157457054,0.6059990525245667,0.008736371994018555,0.11941653490066528,
5869,4.291747570037842,0.0005497036618180573,0.7307431101799011,0.017222920432686806,0.12466756254434586,
5870,7.025607585906982,0.0005628042272292078,0.6261816024780273,0.06967965513467789,0.1857345700263977,
5871,6.310196876525879,0.0006365727167576551,0.5829665660858154,0.04080001264810562,0.1876526176929474,
5872,5.506673812866211,0.0006938217557035387,0.543787956237793,0.07028720527887344,0.127534419298172,
5873,3.631992816925049,0.0006326293223537505,0.763191819190979,0.048027776181697845,0.0660916343331337,
5874,2.5888848304748535,0.0005673810956068337,0.6075314879417419,0.0,0.07868675142526627,
5875,4.583456039428711,0.0005225818022154272,0.4808071255683899,0.0068621039390563965,0.15672126412391663,
5876,8.121086120605469,0.0005116158281452954,0.702081024646759,0.14625319838523865,0.14999541640281677,
5877,4.6312103271484375,0.0005919340183027089,0.6299006938934326,0.06363532692193985,0.09582511335611343,
5878,3.450725793838501,0.0005789618007838726,0.5004997253417969,0.01784513331949711,0.09958495199680328,
5879,7.428265571594238,0.0004984164261259139,0.5542135238647461,0.04206075519323349,0.23240289092063904,
5880,4.1271586418151855,0.0005607500788755715,0.6370638608932495,0.06981484591960907,0.06922819465398788,
5881,7.480580806732178,0.0005799267091788352,0.5639711618423462,0.09615121781826019,0.17993324995040894,
5882,4.351398468017578,0.0004324921465013176,0.5314148664474487,0.0,0.15236686170101166,
5883,10.790543556213379,0.0005023149424232543,0.7601898312568665,0.022483965381979942,0.3782278299331665,
5884,3.320878744125366,0.0005691415281035006,0.41654807329177856,0.052376169711351395,0.06322792172431946,
5885,7.539585590362549,0.0004760773153975606,0.6801954507827759,0.05822249501943588,0.21567703783512115,
5886,4.375040531158447,0.0005793979507870972,0.5401782393455505,0.003327230690047145,0.14948786795139313,
5887,10.934795379638672,0.0004778587317559868,0.4033573865890503,0.0,0.42077964544296265,
5888,3.2538740634918213,0.0005609083455055952,0.4893949031829834,0.03776057809591293,0.07225767523050308,
5889,3.002532720565796,0.0005478484090417624,0.7008507251739502,0.006657958030700684,0.08486146479845047,
5890,4.7927069664001465,0.00047045527026057243,0.689460277557373,1.6013780623325147e-05,0.16364338994026184,
5891,6.2489118576049805,0.0004340828163549304,0.43280988931655884,0.03560984134674072,0.19660015404224396,
5892,2.5900468826293945,0.0004502087540458888,0.7138656377792358,0.0037004947662353516,0.07089654356241226,
5893,2.6761622428894043,0.0005393914179876447,0.6828250885009766,0.0,0.0791940912604332,
5894,1.7086817026138306,0.0004994801711291075,0.5761727094650269,0.0,0.04480087757110596,
5895,3.916646957397461,0.0005561712314374745,0.72535240650177,0.022470057010650635,0.10462555289268494,
5896,3.3140294551849365,0.0005301768542267382,0.5589621067047119,0.05719922110438347,0.052473295480012894,
5897,2.337895393371582,0.00048369902651757,0.5874716639518738,0.0016432603588327765,0.0678899884223938,
5898,5.974102973937988,0.0005017461953684688,0.6284620761871338,0.004652897361665964,0.20867100358009338,
5899,4.7627272605896,0.0005080547998659313,0.46252328157424927,0.011609216220676899,0.15989089012145996,
5900,6.062228202819824,0.0005223318585194647,0.5105664134025574,0.034991681575775146,0.18655246496200562,
5901,7.477066993713379,0.0006217497866600752,0.6564829349517822,0.04519077390432358,0.2270108461380005,
5902,4.952794075012207,0.0005208298680372536,0.3981563150882721,0.0014415184268727899,0.18022316694259644,
5903,3.575563907623291,0.0005220095627009869,0.28880569338798523,0.0818198099732399,0.04912850260734558,
5904,3.243241786956787,0.0005179073195904493,0.5412562489509583,0.028628528118133545,0.0789329931139946,
5905,7.188177585601807,0.0005038955132476985,0.4625447988510132,0.09578778594732285,0.1727336347103119,
5906,6.587331771850586,0.0006046492489986122,0.45462504029273987,0.07986178249120712,0.16484183073043823,
5907,2.850433826446533,0.0004865798109676689,0.43762344121932983,0.002736886264756322,0.09328895062208176,
5908,6.28626012802124,0.0005630971281789243,0.6190439462661743,0.06270775943994522,0.16341780126094818,
5909,4.137279510498047,0.0006039337604306638,0.4246794581413269,0.02471524477005005,0.12318482995033264,
5910,2.94838285446167,0.0006713708862662315,0.5762028098106384,0.049256742000579834,0.04495908319950104,
5911,5.052119255065918,0.0005629746592603624,0.6705968379974365,0.03406761214137077,0.14063028991222382,
5912,4.5330400466918945,0.0006714660557918251,0.4480423331260681,0.0,0.1627284437417984,
5913,3.824586868286133,0.0007810806855559349,0.5337008237838745,0.04452371597290039,0.08633065223693848,
5914,7.795523166656494,0.0005427129217423499,0.4658820331096649,0.08553580939769745,0.20710712671279907,
5915,7.482671737670898,0.0005644397460855544,0.5690255761146545,0.07748067378997803,0.19850072264671326,
5916,6.779634475708008,0.000577937753405422,0.4018288552761078,0.07745500653982162,0.17707927525043488,
5917,5.194277286529541,0.0005738289910368621,0.4245400130748749,0.07944530248641968,0.11077036708593369,
5918,4.458935737609863,0.0006754657370038331,0.4499944746494293,0.1142420619726181,0.04544012248516083,
5919,1.562057375907898,0.0005328847328200936,0.523741602897644,0.0,0.040999747812747955,
5920,6.654030799865723,0.000628868758212775,0.3955308198928833,0.06099472567439079,0.18871641159057617,
5921,2.7375259399414062,0.0005922216805629432,0.5380953550338745,0.00603407621383667,0.0813509151339531,
5922,5.128405570983887,0.0005218888982199132,0.44322657585144043,0.14627718925476074,0.04060807451605797,
5923,6.7924299240112305,0.0006838429835624993,0.5528414845466614,0.013078411109745502,0.23582127690315247,
5924,6.403378963470459,0.0005106606404297054,0.41589605808258057,0.1498328596353531,0.08915579319000244,
5925,5.957908630371094,0.0005837330245412886,0.4429404139518738,0.05095841363072395,0.16905659437179565,
5926,2.6555118560791016,0.0005839125369675457,0.4456484913825989,0.029111960902810097,0.058698661625385284,
5927,11.718807220458984,0.0005291884881444275,0.747707724571228,0.03026670217514038,0.4080480933189392,
5928,3.469768524169922,0.0007292760419659317,0.5592660903930664,0.009458263404667377,0.10623255372047424,
5929,3.077120304107666,0.0005152142257429659,0.5139304995536804,0.049334049224853516,0.05267832800745964,
5930,4.657197952270508,0.0006198820774443448,0.5430188179016113,0.04278264567255974,0.12116463482379913,
5931,2.8602988719940186,0.0006191912689246237,0.6945984363555908,0.0,0.08600882440805435,
5932,6.032846450805664,0.0005908811581321061,0.5123909115791321,0.13923941552639008,0.08098793029785156,
5933,7.573012828826904,0.0006038838182576001,0.48971831798553467,0.0437072329223156,0.23902064561843872,
5934,4.669908046722412,0.0006218475173227489,0.5797651410102844,0.111891970038414,0.05109190195798874,
5935,4.479706764221191,0.0005294298753142357,0.47985851764678955,0.039269328117370605,0.1201951801776886,
5936,9.702720642089844,0.0005952138453722,0.5573819875717163,0.10758586972951889,0.2576324939727783,
5937,5.222874164581299,0.0005889756721444428,0.46217086911201477,0.03944482281804085,0.15039433538913727,
5938,4.825206756591797,0.00046867807395756245,0.5828708410263062,0.035233575850725174,0.13399118185043335,
5939,4.215485095977783,0.0006881358567625284,0.5067976713180542,0.0354299359023571,0.11222943663597107,
5940,1.2175456285476685,0.0005940853734500706,0.4036690592765808,0.0,0.03196097910404205,
5941,1.0927252769470215,0.0005901423282921314,0.4226765036582947,0.0,0.026211809366941452,
5942,3.294847249984741,0.0005236293072812259,0.6635255813598633,0.01467557717114687,0.09005366265773773,
5943,6.954689979553223,0.000863427936565131,0.43474462628364563,0.05481628328561783,0.2051181048154831,
5944,4.325632095336914,0.0006358296959660947,0.5643779635429382,0.08331737667322159,0.06649696081876755,
5945,3.4498064517974854,0.0005457887891680002,0.4085771441459656,0.01889902353286743,0.10220436006784439,
5946,1.622889757156372,0.0005683097988367081,0.5336692929267883,0.00338822603225708,0.03961228206753731,
5947,3.490997076034546,0.00046809122432023287,0.5526601672172546,0.0003691514430101961,0.11669623106718063,
5948,3.597698926925659,0.000603976019192487,0.559380829334259,0.03592159226536751,0.08500716090202332,
5949,8.866339683532715,0.0005870520835742354,0.557847261428833,0.03385603427886963,0.2978966236114502,
5950,3.577054738998413,0.0004548615252133459,0.5142951011657715,0.003020266769453883,0.1190352514386177,
5951,3.076319932937622,0.0006161225610412657,0.6887642741203308,0.029311398044228554,0.06557470560073853,
5952,4.182237148284912,0.0004362449108157307,0.7005648016929626,0.02934873104095459,0.10948191583156586,
5953,4.018231391906738,0.0004974944167770445,0.5459809303283691,0.0007165074348449707,0.13767601549625397,
5954,7.067514419555664,0.0006052230601198971,0.545051097869873,0.06797764450311661,0.19231568276882172,
5955,4.84234619140625,0.00058840709971264,0.5955358147621155,0.041069407016038895,0.12821459770202637,
5956,4.295377731323242,0.0005774318124167621,0.5125689506530762,0.132659912109375,0.01807500049471855,
5957,6.2790751457214355,0.0004548263968899846,0.45379483699798584,0.09694276750087738,0.13561362028121948,
5958,1.9161356687545776,0.0005075486260466278,0.4447983503341675,0.021931728348135948,0.036414217203855515,
5959,4.6463494300842285,0.0005760632338933647,0.5010661482810974,0.11289256811141968,0.05234269052743912,
5960,7.252530097961426,0.0004568186413962394,0.5067017078399658,0.022249937057495117,0.24712637066841125,
5961,4.454231262207031,0.0006168675026856363,0.4365193843841553,0.03726192191243172,0.12282969057559967,
5962,6.934152603149414,0.00047636288218200207,0.6497881412506104,0.019695580005645752,0.2312026470899582,
5963,2.620021343231201,0.0004709985514637083,0.5772656798362732,0.0,0.08123922348022461,
5964,3.6691722869873047,0.0005076759262010455,0.6243367195129395,0.020636439323425293,0.10064931213855743,
5965,4.483243465423584,0.0004332971584517509,0.528102695941925,0.020181575790047646,0.13759075105190277,
5966,2.521099805831909,0.0005234571872279048,0.40858522057533264,0.04735203832387924,0.036625079810619354,
5967,3.0289061069488525,0.00044698501005768776,0.4697904586791992,0.017238479107618332,0.08467916399240494,
5968,3.6239471435546875,0.0004822176124434918,0.577975869178772,0.03132392838597298,0.09003271162509918,
5969,3.8779892921447754,0.0004786129284184426,0.4250973165035248,0.0058091483078897,0.1318279206752777,
5970,9.119551658630371,0.0005403691320680082,0.508690595626831,0.0,0.3438940644264221,
5971,2.9531328678131104,0.0005029754247516394,0.524714469909668,0.0,0.09663375467061996,
5972,3.3436641693115234,0.0005271601839922369,0.7092941403388977,0.0,0.10484763979911804,
5973,7.184374809265137,0.0005528500187210739,0.5509282946586609,0.028043648228049278,0.23674137890338898,
5974,3.553227186203003,0.00046173963346518576,0.4891889691352844,0.014372606761753559,0.10772718489170074,
5975,5.067103385925293,0.0004942794912494719,0.47917062044143677,0.019208094105124474,0.16381491720676422,
5976,3.801987648010254,0.0005435383063741028,0.5563048124313354,0.05076374486088753,0.0785200372338295,
5977,2.9045817852020264,0.0004907816764898598,0.581251323223114,0.023460904136300087,0.06898152828216553,
5978,2.579322099685669,0.0005870164022780955,0.43076515197753906,0.0163305401802063,0.0690247192978859,
5979,5.10223388671875,0.0005214535631239414,0.5407822132110596,0.04184700921177864,0.14008960127830505,
5980,3.040884256362915,0.0005064468714408576,0.455984890460968,0.04235571622848511,0.06053381413221359,
5981,4.0808892250061035,0.00042221377952955663,0.4829753637313843,0.061553955078125,0.08194038271903992,
5982,3.446790933609009,0.0005111231585033238,0.42318058013916016,0.018653908744454384,0.10177938640117645,
5983,5.7337422370910645,0.000557829043827951,0.4990859031677246,0.10746542364358902,0.10136298835277557,
5984,5.464702606201172,0.0006015998660586774,0.5345719456672668,0.09965634346008301,0.09694728255271912,
5985,2.5591139793395996,0.000526992604136467,0.513503909111023,0.00423296308144927,0.07706443965435028,
5986,5.058654308319092,0.00047264143358916044,0.5151217579841614,0.05721787363290787,0.12405077368021011,
5987,2.2886791229248047,0.0005013999762013555,0.5818248987197876,0.014910221099853516,0.05286254361271858,
5988,4.10525369644165,0.0006303854752331972,0.480682373046875,0.03421540930867195,0.11013706028461456,
5989,6.814014434814453,0.0004877862229477614,0.610882580280304,0.09506838023662567,0.15256910026073456,
5990,3.3524131774902344,0.000557651452254504,0.5786938667297363,0.011104007251560688,0.09928711503744125,
5991,3.4168848991394043,0.0004963897517882288,0.5160546898841858,0.027000784873962402,0.08853603154420853,
5992,5.186134338378906,0.0005665469798259437,0.5246237516403198,0.024830838665366173,0.16106301546096802,
5993,2.090926170349121,0.000499146815855056,0.5507882833480835,0.0,0.0611063614487648,
5994,3.098966360092163,0.0004955984768457711,0.5467004776000977,0.0,0.10159503668546677,
5995,6.370431900024414,0.0004941148799844086,0.4461114704608917,0.05859975144267082,0.1778789460659027,
5996,16.07672691345215,0.00046105185174383223,0.5292788743972778,0.021321317180991173,0.6001155376434326,
5997,6.538835525512695,0.00046819631825201213,0.5894591212272644,0.047784287482500076,0.18972256779670715,
5998,1.8085757493972778,0.0005380844231694937,0.5605814456939697,0.0,0.04938168823719025,
5999,6.565420150756836,0.0005525757442228496,0.5129770636558533,0.0,0.24154514074325562,
6000,3.045991897583008,0.0004901429056189954,0.711543083190918,0.03921065852046013,0.05367715284228325,"[1.0022772550582886, 0.910102367401123, 1.1149455308914185]"
6001,4.479307651519775,0.0005112820654176176,0.4861387610435486,0.1004427894949913,0.058772679418325424,
6002,7.673137187957764,0.0004967923159711063,0.653588593006134,0.08872300386428833,0.19156216084957123,
6003,6.953800201416016,0.0005004521226510406,0.6371852159500122,0.0020614664535969496,0.250102698802948,
6004,0.9497907161712646,0.0006468144129030406,0.4889896512031555,0.0,0.01778522878885269,
6005,6.6293864250183105,0.0005277261952869594,0.4741143584251404,0.004325548652559519,0.24135760962963104,
6006,5.442842960357666,0.0005126297473907471,0.5827937126159668,0.15019455552101135,0.043694786727428436,
6007,8.142812728881836,0.0005713456775993109,0.5630894899368286,0.10625183582305908,0.19636575877666473,
6008,4.203155994415283,0.0005409327568486333,0.5548312664031982,0.03786212205886841,0.10752993822097778,
6009,2.956634521484375,0.0005141838337294757,0.6338924169540405,0.016967376694083214,0.07542812079191208,
6010,2.1709036827087402,0.0005030404427088797,0.4531216621398926,0.0,0.068208247423172,
6011,4.580085754394531,0.0005197876016609371,0.49339157342910767,0.10644765943288803,0.05650031939148903,
6012,5.228890419006348,0.0004788863006979227,0.561321496963501,0.06445026397705078,0.12177359312772751,
6013,3.287853956222534,0.00045020587276667356,0.6052088141441345,0.012216766364872456,0.09463883191347122,
6014,11.40385627746582,0.0005507254973053932,0.4840205907821655,0.1532614827156067,0.2829812169075012,
6015,3.9401421546936035,0.0005103016155771911,0.4629092216491699,0.05395108461380005,0.08462793380022049,
6016,6.133063316345215,0.0005964032025076449,0.4864920973777771,0.057297248393297195,0.16796919703483582,
6017,3.8675835132598877,0.0005680426256731153,0.4880393445491791,0.09556426107883453,0.039049457758665085,
6018,5.445709228515625,0.0006184970843605697,0.3941301703453064,0.06521522998809814,0.13622942566871643,
6019,5.203266143798828,0.0005404173280112445,0.5415613651275635,0.09388284385204315,0.09204493463039398,
6020,9.194765090942383,0.0005493169301189482,0.5347132086753845,0.07477281242609024,0.27107998728752136,
6021,5.450325965881348,0.0005948481266386807,0.4624483585357666,0.07099130004644394,0.1279289424419403,
6022,2.528670310974121,0.0006102593033574522,0.5542689561843872,0.020843902602791786,0.05752189829945564,
6023,4.581464767456055,0.0005160679575055838,0.4611670970916748,0.06215018033981323,0.10214567184448242,
6024,5.109930515289307,0.0005123259616084397,0.33573922514915466,0.0,0.19045531749725342,
6025,1.2503652572631836,0.0005514586227945983,0.49247193336486816,0.0,0.029764274135231972,
6026,4.9243621826171875,0.0005834351759403944,0.5132591724395752,0.009579300880432129,0.16628137230873108,
6027,4.658514499664307,0.0005044744466431439,0.541636049747467,0.0555984191596508,0.10857224464416504,
6028,3.423100471496582,0.0004954818286933005,0.5516603589057922,0.09603758901357651,0.018324535340070724,
6029,6.101715564727783,0.0004799837770406157,0.6590737104415894,0.03881102800369263,0.17841464281082153,
6030,5.0764899253845215,0.0005151460063643754,0.4966328740119934,0.047703467309474945,0.13497565686702728,
6031,2.3537216186523438,0.0005486211157403886,0.34438979625701904,0.04759865999221802,0.032225992530584335,
6032,5.209774017333984,0.0005087078316137195,0.5648705959320068,0.11367952823638916,0.07160790264606476,
6033,3.88858699798584,0.0006135377916507423,0.5484631061553955,0.04836052656173706,0.08463089168071747,
6034,2.581587314605713,0.0005062923883087933,0.44451093673706055,0.017446020618081093,0.06753073632717133,
6035,4.357571125030518,0.0005345283425413072,0.3856343626976013,0.0,0.15834295749664307,
6036,7.030051231384277,0.00046757175005041063,0.47670778632164,0.02686951495707035,0.2347966432571411,
6037,2.909871816635132,0.0004771456588059664,0.5540382862091064,0.04445799067616463,0.04929821193218231,
6038,3.913642406463623,0.0005098851979710162,0.5996876358985901,0.04424262046813965,0.08780568093061447,
6039,3.0976104736328125,0.000510428159032017,0.5369329452514648,0.024535993114113808,0.07738068699836731,
6040,2.655916213989258,0.0005143497255630791,0.6414237022399902,0.0025522310752421618,0.07751312106847763,
6041,6.31557559967041,0.0004903072258457541,0.6075356006622314,0.02977198362350464,0.1980593204498291,
6042,3.671031951904297,0.0005090970662422478,0.5036925077438354,0.03404088690876961,0.09214358776807785,
6043,3.395841121673584,0.0005709848483093083,0.5092335939407349,0.03171704337000847,0.08317627012729645,
6044,3.4308040142059326,0.0004717795236501843,0.383378267288208,0.00979536771774292,0.11162988841533661,
6045,5.4874138832092285,0.0004820955509785563,0.5490857362747192,0.11156253516674042,0.08548849821090698,
6046,6.216415882110596,0.0006189803825691342,0.6333085894584656,0.05391967296600342,0.16878564655780792,
6047,5.569060325622559,0.0005059854011051357,0.554483950138092,0.06561242043972015,0.13446465134620667,
6048,8.17027759552002,0.00053818104788661,0.4494971036911011,0.0,0.30829304456710815,
6049,2.974874973297119,0.0006306200521066785,0.526321530342102,0.018135705962777138,0.07917581498622894,
6050,5.547869682312012,0.000500466616358608,0.4985496401786804,0.008305609226226807,0.19316673278808594,
6051,5.715884208679199,0.0005220999009907246,0.48137491941452026,0.09090880304574966,0.1179494708776474,
6052,6.529017448425293,0.0006023774039931595,0.5682271718978882,0.018523117527365685,0.2193061113357544,
6053,5.698829650878906,0.00045203333138488233,0.4823581874370575,0.01777263544499874,0.19043418765068054,
6054,5.113357067108154,0.00050486990949139,0.5048333406448364,0.01720925234258175,0.16662684082984924,
6055,9.714102745056152,0.0005966651369817555,0.4072694778442383,0.11019797623157501,0.2614786922931671,
6056,1.3874859809875488,0.0005771946744062006,0.32388848066329956,0.018384555354714394,0.023582151159644127,
6057,8.366003036499023,0.0005996437976136804,0.40598738193511963,0.07842791080474854,0.23937305808067322,
6058,3.443643093109131,0.0005559479468502104,0.46632808446884155,0.03310616686940193,0.08543048799037933,
6059,4.46906852722168,0.0005319998599588871,0.49316415190696716,0.0,0.1585041731595993,
6060,5.226080417633057,0.0005640704766847193,0.47421643137931824,0.02709275484085083,0.16241773962974548,
6061,4.294139385223389,0.0005957947578281164,0.48321783542633057,0.049060702323913574,0.10278037190437317,
6062,4.054398059844971,0.00048659052117727697,0.4772942066192627,0.038730621337890625,0.10386693477630615,
6063,5.276986122131348,0.0005572899826802313,0.516277551651001,0.10443456470966339,0.08543648570775986,
6064,5.144367218017578,0.0007741845329292119,0.5533444881439209,0.04521157220005989,0.13765515387058258,
6065,7.400721073150635,0.00063163141021505,0.5080766677856445,0.1063239723443985,0.16875016689300537,
6066,8.2760009765625,0.0005937439273111522,0.4750658869743347,0.06909934431314468,0.24234431982040405,
6067,9.807453155517578,0.0006886296905577183,0.5348883867263794,0.08061476796865463,0.28959921002388,
6068,5.366109848022461,0.0007020140183158219,0.5460888147354126,0.1270514726638794,0.06504736095666885,
6069,5.7408342361450195,0.0006343362620100379,0.4859413206577301,0.1489153802394867,0.06064600497484207,
6070,7.650222301483154,0.0006225647521205246,0.5150748491287231,0.07001134008169174,0.21477200090885162,
6071,5.990567207336426,0.0006406877655535936,0.4471767544746399,0.11511464416980743,0.1059802919626236,
6072,4.570024013519287,0.0006210767314769328,0.5860468745231628,0.05851845070719719,0.10021956264972687,
6073,2.9633288383483887,0.0005953935324214399,0.43773606419563293,0.08815255016088486,0.01227576658129692,
6074,5.495052337646484,0.0005822366219945252,0.4793221950531006,0.03083968162536621,0.16920726001262665,
6075,3.3119592666625977,0.0006498277653008699,0.4860774278640747,0.05361471697688103,0.058770738542079926,
6076,4.761885643005371,0.0006486373022198677,0.41850703954696655,0.01974942348897457,0.15333709120750427,
6077,5.964123249053955,0.0006307651055976748,0.47115465998649597,0.01552724838256836,0.2035607397556305,
6078,5.350341320037842,0.0006197717157192528,0.614139199256897,0.08222243934869766,0.10660586506128311,
6079,4.359180450439453,0.0006198360351845622,0.5078952312469482,0.0655280351638794,0.08790354430675507,
6080,4.7215986251831055,0.0005998676642775536,0.49746590852737427,0.06751978397369385,0.10084564238786697,
6081,11.119297981262207,0.0006247525452636182,0.3431639075279236,0.07957001030445099,0.35085058212280273,
6082,3.7805466651916504,0.0005840823869220912,0.47721239924430847,0.04207128286361694,0.0894780084490776,
6083,2.929901123046875,0.000550407508853823,0.527604341506958,0.057416655123233795,0.03812480717897415,
6084,4.956771373748779,0.0005041419062763453,0.44591131806373596,0.0,0.17993025481700897,
6085,2.9108996391296387,0.0005493682692758739,0.4794139266014099,0.06983532756567001,0.02687472477555275,
6086,3.900438070297241,0.0005955498781986535,0.47838717699050903,0.04707582667469978,0.08921065926551819,
6087,14.844861030578613,0.0005282501224428415,0.55882728099823,0.04330440238118172,0.5276086926460266,
6088,1.8769712448120117,0.00061894761165604,0.6703283786773682,0.0,0.047646764665842056,
6089,7.7870893478393555,0.0005719869513995945,0.5857647061347961,0.04068736359477043,0.24679362773895264,
6090,2.671793222427368,0.0005433533224277198,0.5401763916015625,0.05463765189051628,0.03008367121219635,
6091,7.462368011474609,0.0006685982807539403,0.6253625750541687,0.0,0.272811621427536,
6092,5.972232818603516,0.0005596375558525324,0.6041080951690674,0.11794738471508026,0.09621796756982803,
6093,3.7685091495513916,0.000529394659679383,0.6157011389732361,0.0414784736931324,0.08410445600748062,
6094,2.880509614944458,0.0006083534099161625,0.5840564370155334,0.004187464714050293,0.08706231415271759,
6095,2.7831528186798096,0.0005617919960059226,0.5252941250801086,0.007402221206575632,0.08235033601522446,
6096,7.847375869750977,0.0005251645343378186,0.6255066394805908,0.08675366640090942,0.2015959471464157,
6097,3.369051694869995,0.0005069968174211681,0.48755621910095215,0.012580852024257183,0.10217197239398956,
6098,5.123518943786621,0.0005089315236546099,0.47494930028915405,0.06237558647990227,0.1230582594871521,
6099,2.6188509464263916,0.0005659158923663199,0.5734991431236267,0.03235479071736336,0.048893362283706665,
6100,4.083560943603516,0.0005396016640588641,0.4987455904483795,0.001770277856849134,0.1410827338695526,
6101,4.044137954711914,0.000560634071007371,0.5477370619773865,0.09072945266962051,0.04856594651937485,
6102,7.0781073570251465,0.0005784016102552414,0.5394862294197083,0.019034406170248985,0.24193203449249268,
6103,3.4004740715026855,0.0005479443934746087,0.5569878816604614,0.07743752002716064,0.03575398027896881,
6104,2.4646615982055664,0.0005669933743774891,0.4593515694141388,0.023074667900800705,0.056570738554000854,
6105,2.9305593967437744,0.00046830938663333654,0.4897305965423584,0.05426092818379402,0.04290391132235527,
6106,3.5934109687805176,0.0005438731168396771,0.6507494449615479,0.0,0.11716258525848389,
6107,4.4058732986450195,0.0005522314459085464,0.551926851272583,0.015835145488381386,0.13777047395706177,
6108,2.510969877243042,0.0005067216698080301,0.48918431997299194,0.02022143267095089,0.06014326587319374,
6109,2.8705058097839355,0.0006144485087133944,0.5969386696815491,0.07269992679357529,0.017628315836191177,
6110,6.892978668212891,0.0006596003076992929,0.6088895797729492,0.12842315435409546,0.12228080630302429,
6111,8.796436309814453,0.0005499496473930776,0.6883300542831421,0.036318641155958176,0.28745564818382263,
6112,3.7496533393859863,0.0005658878944814205,0.5439900159835815,0.011795182712376118,0.11586546152830124,
6113,3.651789665222168,0.0005300037446431816,0.547528088092804,0.0032330353278666735,0.12040742486715317,
6114,2.3955588340759277,0.0004674545780289918,0.47506287693977356,0.0,0.07635238766670227,
6115,3.970008373260498,0.00047851682757027447,0.6008018255233765,0.07905491441488266,0.05523482710123062,
6116,5.380506992340088,0.0005558286793529987,0.6250690817832947,0.045635443180799484,0.1440262496471405,
6117,4.592698097229004,0.0005712858983315527,0.5563660264015198,0.028848767280578613,0.13203322887420654,
6118,1.0033440589904785,0.000507263233885169,0.6009619235992432,0.0,0.015588020905852318,
6119,4.056739807128906,0.0005404051626101136,0.5343937873840332,0.028402647003531456,0.11195078492164612,
6120,2.1721386909484863,0.000541691726539284,0.5543469190597534,0.0,0.0641699805855751,
6121,9.221654891967773,0.0005524435546249151,0.6337213516235352,0.010246038436889648,0.3327188491821289,
6122,3.7669970989227295,0.0005570354987867177,0.5402236580848694,0.01080411672592163,0.11770978569984436,
6123,3.7174787521362305,0.000554369471501559,0.7732936143875122,0.033033210784196854,0.0841798335313797,
6124,6.979694843292236,0.0005420579109340906,0.6490483283996582,0.0,0.2526838183403015,
6125,3.2289910316467285,0.0006456642295233905,0.5181344747543335,0.04138656333088875,0.06640203297138214,
6126,3.5645787715911865,0.0004705193859990686,0.602764904499054,0.006990770343691111,0.11101126670837402,
6127,3.9292500019073486,0.00045814551413059235,0.6277188658714294,0.05391538143157959,0.07768771797418594,
6128,5.686440944671631,0.0006057021673768759,0.5726099014282227,0.05848503112792969,0.1454625129699707,
6129,10.90123462677002,0.0005841822130605578,0.5054842829704285,0.0,0.41524583101272583,
6130,5.968445777893066,0.0005203430773690343,0.5674381256103516,0.020772218704223633,0.19474774599075317,
6131,7.741209030151367,0.0005252179689705372,0.4944215416908264,0.012414257042109966,0.276932030916214,
6132,4.072884559631348,0.0005717246094718575,0.3617244362831116,0.0,0.14787468314170837,
6133,4.3002729415893555,0.0005341109354048967,0.4442424774169922,0.010888497345149517,0.1428186148405075,
6134,4.4154558181762695,0.0006379911210387945,0.46811196208000183,0.0716262087225914,0.08562954515218735,
6135,1.9780384302139282,0.000573230383452028,0.4306892156600952,0.019819200038909912,0.04150153696537018,
6136,3.5155398845672607,0.0005702196503989398,0.5125734210014343,0.030585188418626785,0.08896325528621674,
6137,3.196294069290161,0.0006159406038932502,0.5825903415679932,0.051665663719177246,0.052266549319028854,
6138,4.880273342132568,0.0006099120946601033,0.6884912848472595,0.0943523421883583,0.07270902395248413,
6139,2.722242832183838,0.0005929084145464003,0.46232354640960693,0.020036181434988976,0.06976767629384995,
6140,1.8900278806686401,0.0005210809176787734,0.36114582419395447,0.03117368556559086,0.029460515826940536,
6141,3.365846872329712,0.0007044914527796209,0.4101903438568115,0.013874292373657227,0.10364747792482376,
6142,6.233615875244141,0.0005362580996006727,0.6062848567962646,0.1273108869791031,0.09724608063697815,
6143,12.345736503601074,0.0006795934750698507,0.5569444894790649,0.0027525026816874743,0.4681195914745331,
6144,6.30377721786499,0.0005489473696798086,0.482324481010437,0.16929470002651215,0.063014455139637,
6145,4.405909538269043,0.0005761191714555025,0.5593646168708801,0.06529046595096588,0.08799521625041962,
6146,5.591450214385986,0.0005727201350964606,0.46682870388031006,0.11094754934310913,0.09346457570791245,
6147,3.3250863552093506,0.0005528308101929724,0.4492308497428894,0.05953101068735123,0.05495037883520126,
6148,4.670808792114258,0.00048122458974830806,0.4877743124961853,0.04128744453191757,0.125552698969841,
6149,5.680769920349121,0.0005576567491516471,0.5177004337310791,0.0027419726829975843,0.20322313904762268,
6150,3.248642921447754,0.0006598525797016919,0.511133074760437,0.030792197212576866,0.07804833352565765,
6151,5.242921829223633,0.00048640588647685945,0.5866910219192505,0.05882219597697258,0.12694063782691956,
6152,3.3379805088043213,0.0005519511760212481,0.4682113826274872,0.05902918055653572,0.05520963668823242,
6153,4.471949577331543,0.0004967412678524852,0.561593770980835,0.05210576578974724,0.10381171852350235,
6154,1.7487159967422485,0.0005794716416858137,0.7515785694122314,0.0,0.039306025952100754,
6155,2.38163423538208,0.0005766942049376667,0.642278790473938,0.011094868183135986,0.057902660220861435,
6156,2.383791446685791,0.0005618769791908562,0.38152700662612915,0.038495659828186035,0.041033048182725906,
6157,4.135735988616943,0.0005614318652078509,0.5817736387252808,0.09172612428665161,0.04987093806266785,
6158,9.01646900177002,0.0006754153873771429,0.6267108917236328,0.04376773163676262,0.2911471724510193,
6159,10.164015769958496,0.0006815927918069065,0.5069248080253601,0.0,0.38560202717781067,
6160,10.983665466308594,0.0005503150750882924,0.6666727066040039,0.0,0.41212940216064453,
6161,11.446148872375488,0.0006052866810932755,0.6613055467605591,0.056109748780727386,0.37467870116233826,
6162,3.066267967224121,0.0006376260425895452,0.6651595830917358,0.0,0.09540671110153198,
6163,3.628726005554199,0.0007462427602149546,0.4794781804084778,0.01074888277798891,0.11447478830814362,
6164,11.132568359375,0.000560545886401087,0.5025887489318848,0.08532603830099106,0.3393126428127289,
6165,3.7034189701080322,0.0006265370175242424,0.6022230982780457,0.05814164876937866,0.06527964025735855,
6166,4.886181831359863,0.0006057179998606443,0.5056553483009338,0.005827963352203369,0.1687873899936676,
6167,3.7012903690338135,0.0006050044903531671,0.36413317918777466,0.03926239535212517,0.09361888468265533,
6168,2.695295810699463,0.0006644729874096811,0.5703097581863403,0.0,0.08433497697114944,
6169,6.068592548370361,0.0008041738183237612,0.49037009477615356,0.03181483596563339,0.1905098855495453,
6170,3.3325302600860596,0.0006008099881000817,0.6486060619354248,0.06552684307098389,0.04122931882739067,
6171,7.114478588104248,0.0007177440566010773,0.5836567878723145,0.05875873565673828,0.20175637304782867,
6172,3.8724653720855713,0.0008480644901283085,0.5280643105506897,0.10399340093135834,0.02893458679318428,
6173,3.417125940322876,0.0005307819810695946,0.38090020418167114,0.05910172313451767,0.06181652098894119,
6174,3.000699520111084,0.0008883535047061741,0.5449786186218262,0.04814179614186287,0.049198687076568604,
6175,4.05470609664917,0.0005371966981329024,0.49196290969848633,0.03779367730021477,0.10417886078357697,
6176,11.684846878051758,0.0008016687934286892,0.5183510780334473,0.12850704789161682,0.3173511326313019,
6177,4.4662699699401855,0.0007594508933834732,0.513990044593811,0.09486688673496246,0.06246485561132431,
6178,3.702721357345581,0.0005230847746133804,0.5250074863433838,0.015323460102081299,0.1112620085477829,
6179,3.9835033416748047,0.0008138203993439674,0.5394543409347534,0.06536004692316055,0.07158809900283813,
6180,4.0801849365234375,0.0007345103658735752,0.5777229070663452,0.06169247627258301,0.07767148315906525,
6181,2.829751968383789,0.0006080674938857555,0.5644518136978149,0.0,0.09000395238399506,
6182,3.4096922874450684,0.0011298609897494316,0.37180009484291077,0.0,0.12038581818342209,
6183,2.6105289459228516,0.0006583324284292758,0.6947818994522095,0.0,0.07597154378890991,
6184,3.5041513442993164,0.0009075554553419352,0.46912670135498047,0.013864140026271343,0.10662928968667984,
6185,4.0982441902160645,0.0006529958336614072,0.5197674036026001,0.0,0.1424860656261444,
6186,3.4186949729919434,0.0006316546932794154,0.549384355545044,0.056108951568603516,0.05803181603550911,
6187,3.935997724533081,0.0007845905493013561,0.4769728183746338,0.08517549186944962,0.05240091681480408,
6188,5.6930389404296875,0.0005238893791101873,0.5254216194152832,0.03667008876800537,0.16951070725917816,
6189,1.2687525749206543,0.0007144654518924654,0.5138662457466125,0.0,0.029480986297130585,
6190,4.052359104156494,0.0005159565480425954,0.42282354831695557,0.08275536447763443,0.061910104006528854,
6191,6.62602424621582,0.0005839717923663557,0.6209210157394409,0.0,0.2396201491355896,
6192,1.9188361167907715,0.0006958463345654309,0.5198848247528076,0.0,0.05526220425963402,
6193,4.622226238250732,0.0004941343795508146,0.37690603733062744,0.10126634687185287,0.06805232912302017,
6194,4.899996280670166,0.0006754468195140362,0.48354843258857727,0.050769489258527756,0.12521296739578247,
6195,5.608072280883789,0.0005292971036396921,0.43500640988349915,0.021027544513344765,0.18536579608917236,
6196,10.498147010803223,0.0005187274073250592,0.5684930682182312,0.08582277595996857,0.31084465980529785,
6197,5.062646389007568,0.0006933797267265618,0.4377083480358124,0.08763840049505234,0.09666574001312256,
6198,8.227679252624512,0.0005464032874442637,0.5823701620101929,0.06402888149023056,0.2412370890378952,
6199,6.805232524871826,0.0005351489526219666,0.704068660736084,0.11624696105718613,0.12726445496082306,
6200,3.5975704193115234,0.0005983198643662035,0.41521966457366943,0.018991807475686073,0.10770390182733536,
6201,4.236021041870117,0.0005623914767056704,0.5029590725898743,0.08573635667562485,0.06302372366189957,
6202,5.240569591522217,0.0005732855061069131,0.47616589069366455,0.02817622758448124,0.16182664036750793,
6203,5.841670513153076,0.0006662851083092391,0.4520813226699829,0.0,0.21491727232933044,
6204,2.399916172027588,0.0005597414565272629,0.38630032539367676,0.013573884963989258,0.06641100347042084,
6205,7.596413612365723,0.0005515653756447136,0.5428318381309509,0.013495425693690777,0.26809626817703247,
6206,2.7785065174102783,0.000550696742720902,0.4503633379936218,0.0,0.09257502108812332,
6207,4.0478692054748535,0.0004742857126984745,0.551548957824707,0.040671445429325104,0.09870707243680954,
6208,7.705225467681885,0.0005106055759824812,0.5143705606460571,0.057462651282548904,0.22966095805168152,
6209,8.397294998168945,0.0004510111175477505,0.6211007237434387,0.10363271087408066,0.20696407556533813,
6210,7.88690185546875,0.0005975748063065112,0.5203369855880737,0.15227645635604858,0.1417885571718216,
6211,7.140286445617676,0.0005258150631561875,0.462119996547699,0.04294852539896965,0.22365230321884155,
6212,6.720006942749023,0.0005027971346862614,0.37108173966407776,0.02110469341278076,0.23234951496124268,
6213,3.9076170921325684,0.0005097276880405843,0.6028332710266113,0.08582101762294769,0.04586060717701912,
6214,3.9551076889038086,0.0005164297763258219,0.5641193389892578,0.007939517498016357,0.12718358635902405,
6215,7.3803558349609375,0.0005132327787578106,0.5265752077102661,0.03136970475316048,0.24226829409599304,
6216,4.092151641845703,0.0005090307677164674,0.5009385347366333,0.045477867126464844,0.09766163676977158,
6217,3.991734504699707,0.0004904265515506268,0.4413762092590332,0.047115541994571686,0.09440835565328598,
6218,1.291785717010498,0.0005539210396818817,0.39831623435020447,0.0,0.03518486022949219,
6219,5.975085258483887,0.00048361296649090946,0.5171176195144653,0.050372958183288574,0.16746214032173157,
6220,3.112860679626465,0.0005402913666330278,0.6082745790481567,0.017875531688332558,0.08176762610673904,
6221,4.128800392150879,0.0006352748605422676,0.5413956642150879,0.08044268935918808,0.06241822987794876,
6222,3.6482479572296143,0.0004868509713560343,0.506480872631073,0.037019550800323486,0.08816428482532501,
6223,2.6444787979125977,0.0005484166904352605,0.572738766670227,0.04759947210550308,0.03472171723842621,
6224,4.20574426651001,0.00047055372851900756,0.5903029441833496,0.04929359629750252,0.09485350549221039,
6225,0.8851311802864075,0.0005500215338543057,0.5774983167648315,0.0023620526771992445,0.0093932393938303,
6226,6.322822093963623,0.0005169768701307476,0.5088682174682617,0.12839578092098236,0.10364539921283722,
6227,3.2505972385406494,0.0005190478404983878,0.5182648301124573,0.0024347107391804457,0.10633954405784607,
6228,5.616072177886963,0.0005366755649447441,0.6553963422775269,0.010332484729588032,0.1875578761100769,
6229,2.27524995803833,0.000510765821672976,0.507675290107727,0.007670879364013672,0.06252134591341019,
6230,5.264735221862793,0.0004784901684615761,0.6393624544143677,0.08695027977228165,0.09758615493774414,
6231,5.709041595458984,0.0005403756513260305,0.40304508805274963,0.0,0.2116994857788086,
6232,4.601657867431641,0.0004789936065208167,0.6025749444961548,0.01146852970123291,0.1480157971382141,
6233,6.198908805847168,0.0004916226607747376,0.48516637086868286,0.06539839506149292,0.1626596599817276,
6234,4.471528053283691,0.00047919395728968084,0.4224267601966858,0.03460514545440674,0.1268797218799591,
6235,4.527071952819824,0.0005142769659869373,0.694922149181366,0.00772800063714385,0.14504371583461761,
6236,4.878659248352051,0.0004894201993010938,0.48977917432785034,0.01165628433227539,0.1634095013141632,
6237,1.63726806640625,0.0005268381792120636,0.5553629994392395,0.0,0.04274936392903328,
6238,6.6990966796875,0.00041012908332049847,0.44491076469421387,0.08870556205511093,0.16105173528194427,
6239,2.0499744415283203,0.0005179897998459637,0.4521365761756897,0.024349311366677284,0.039046213030815125,
6240,1.006849765777588,0.0005293205031193793,0.4749937653541565,0.0,0.020744919776916504,
6241,7.613160133361816,0.0005236181314103305,0.5118178129196167,0.0,0.283530056476593,
6242,7.0402960777282715,0.0004817456938326359,0.46413856744766235,0.08883067220449448,0.1737338900566101,
6243,3.4337306022644043,0.0004740414151456207,0.4377344250679016,0.04737403243780136,0.07199177145957947,
6244,4.542842864990234,0.0004927063127979636,0.4567969739437103,0.010465581901371479,0.15248353779315948,
6245,4.8477373123168945,0.000564263784326613,0.4828615188598633,0.1538502722978592,0.020180512219667435,
6246,3.8956856727600098,0.0004965493571944535,0.4379725158214569,0.0,0.13781197369098663,
6247,3.1227707862854004,0.0006183499936014414,0.46883267164230347,0.01090240478515625,0.09463676065206528,
6248,5.619097709655762,0.0005545876338146627,0.4313785433769226,0.021512607112526894,0.18544158339500427,
6249,7.037494659423828,0.00046450330410152674,0.5840500593185425,0.1117032989859581,0.14596998691558838,
6250,4.2793450355529785,0.0006380529957823455,0.4464048445224762,0.041398487985134125,0.11128106713294983,
6251,4.0888848304748535,0.0006265250849537551,0.48669612407684326,0.047934532165527344,0.09552648663520813,
6252,1.1975003480911255,0.0005538254044950008,0.4817643165588379,0.011632740497589111,0.01644287444651127,
6253,3.0626957416534424,0.0005050654872320592,0.5999318957328796,0.029292166233062744,0.06871332228183746,
6254,5.589681625366211,0.0005646852659992874,0.491102933883667,0.06316985934972763,0.14020858705043793,
6255,3.580845594406128,0.0004705747414845973,0.5072271823883057,0.08539310842752457,0.03708105534315109,
6256,5.719151496887207,0.0004421232733875513,0.5069636106491089,0.021064719185233116,0.18698066473007202,
6257,6.665748119354248,0.00046656574704684317,0.5361190438270569,0.0,0.24471861124038696,
6258,3.56373929977417,0.0005569016211666167,0.5657848119735718,0.04424917697906494,0.07511210441589355,
6259,6.300012111663818,0.0005442009423859417,0.4428563117980957,0.006695608142763376,0.2270464152097702,
6260,1.9828590154647827,0.0004829890967812389,0.509832501411438,0.03367733955383301,0.02476073056459427,
6261,4.792665004730225,0.000516264874022454,0.4350120425224304,0.06889035552740097,0.10489950329065323,
6262,5.308768272399902,0.0005625546909868717,0.44399887323379517,0.07876362651586533,0.11526459455490112,
6263,2.755221366882324,0.0004984118859283626,0.4127531349658966,0.06681982427835464,0.026380490511655807,
6264,3.9194531440734863,0.0005046276492066681,0.39864128828048706,0.0,0.1403278410434723,
6265,5.126249313354492,0.0006035492406226695,0.5160237550735474,0.046608686447143555,0.13719679415225983,
6266,4.829899311065674,0.0005762396031059325,0.4235090911388397,0.0964166522026062,0.07926272600889206,
6267,7.35573148727417,0.000522749440278858,0.48021310567855835,0.012051641941070557,0.2624463438987732,
6268,5.2274169921875,0.0005475177895277739,0.5101932883262634,0.039076387882232666,0.1490650326013565,
6269,9.547903060913086,0.00052732351468876,0.6232138872146606,0.0327836275100708,0.32367658615112305,
6270,13.186179161071777,0.0005627418286167085,0.611045241355896,0.04709140583872795,0.45535123348236084,
6271,3.8113346099853516,0.0005797339836135507,0.5315516591072083,0.0062302350997924805,0.12438134849071503,
6272,2.299062728881836,0.0004698906559497118,0.3857109546661377,0.0005057851667515934,0.07555839419364929,
6273,3.465765953063965,0.0004797979781869799,0.5245671272277832,0.02208532951772213,0.0950828269124031,
6274,6.444826126098633,0.0005047393497079611,0.6099295020103455,0.1393812894821167,0.09350982308387756,
6275,4.08103084564209,0.0005976671236567199,0.5858489274978638,0.08482640981674194,0.05438320338726044,
6276,7.07559871673584,0.0005096016102470458,0.404318630695343,0.09466693550348282,0.17167465388774872,
6277,3.229311466217041,0.0005490093608386815,0.41689014434814453,0.040548186749219894,0.07139965891838074,
6278,4.906919479370117,0.0005153340753167868,0.5328204035758972,0.041836995631456375,0.13261163234710693,
6279,2.8544909954071045,0.0004602612170856446,0.4430091381072998,0.0022777121048420668,0.09372130036354065,
6280,7.616673946380615,0.0005676279542967677,0.6151450872421265,0.12137321382761002,0.1581203192472458,
6281,3.6350433826446533,0.00048745214007794857,0.4834599494934082,0.04802326112985611,0.07755262404680252,
6282,5.155892848968506,0.0005154419341124594,0.47742921113967896,0.0,0.18662309646606445,
6283,2.619398593902588,0.0005163453170098364,0.40802714228630066,0.021838685497641563,0.06609982997179031,
6284,6.5488691329956055,0.0004930414143018425,0.5117069482803345,0.162129208445549,0.07886423170566559,
6285,3.6271016597747803,0.00045526065514422953,0.5866944193840027,0.044449009001255035,0.07671201229095459,
6286,5.235687255859375,0.0005276032607071102,0.4315987229347229,0.0013102293014526367,0.19032572209835052,
6287,4.559679985046387,0.0004751495143864304,0.6646963357925415,0.04005422070622444,0.1152699887752533,
6288,5.2140727043151855,0.0005401401431299746,0.4861072301864624,0.0274746622890234,0.16110381484031677,
6289,8.669053077697754,0.0003994387516286224,0.5831335186958313,0.04053954407572746,0.2824977934360504,
6290,3.619816780090332,0.0005400666268542409,0.5051380395889282,0.04589122533798218,0.07815586030483246,
6291,4.593365669250488,0.0005583176971413195,0.5089739561080933,0.08940672874450684,0.07341062277555466,
6292,6.493994235992432,0.00047415948938578367,0.5562233924865723,0.0,0.23703666031360626,
6293,1.450150728225708,0.0005360851646400988,0.40963947772979736,0.0,0.04108436778187752,
6294,4.885947227478027,0.0005864787963218987,0.3803507089614868,0.066395103931427,0.11324228346347809,
6295,4.039637565612793,0.0005873396876268089,0.6067344546318054,0.06321480125188828,0.07351399213075638,
6296,3.820291757583618,0.0004925652756355703,0.6812679767608643,0.030075907707214355,0.09499247372150421,
6297,4.2061967849731445,0.0005401873495429754,0.5187677145004272,0.0,0.14695696532726288,
6298,4.261410713195801,0.000546174356713891,0.4800615906715393,0.0,0.15070778131484985,
6299,3.469827175140381,0.0005265738000161946,0.5105949640274048,0.0,0.11784272640943527,
6300,2.3983213901519775,0.0006317507359199226,0.47724083065986633,0.0,0.07621146738529205,
6301,6.753460884094238,0.0005192417884245515,0.5497296452522278,0.0736817717552185,0.1739482283592224,
6302,4.211634635925293,0.0005711963749490678,0.5789084434509277,0.01515883207321167,0.12957900762557983,
6303,7.268555641174316,0.0005134079256094992,0.4528636932373047,0.037602365016937256,0.23451191186904907,
6304,1.8650822639465332,0.000511002610437572,0.47041720151901245,0.021529972553253174,0.033745624125003815,
6305,3.6908962726593018,0.0004783756157848984,0.488625705242157,0.07174354791641235,0.05586889758706093,
6306,4.578310966491699,0.0005741933127865195,0.4591880440711975,0.041870396584272385,0.12232032418251038,
6307,4.262482643127441,0.00047157728113234043,0.6506386995315552,0.0,0.14400218427181244,
6308,11.269285202026367,0.0004633052449207753,0.43163061141967773,0.1009477823972702,0.33209508657455444,
6309,5.363972187042236,0.0005574048846028745,0.5886536240577698,0.03271901607513428,0.15773631632328033,
6310,4.685844421386719,0.0005350798601284623,0.4808564782142639,0.06410584598779678,0.10355859994888306,
6311,4.91299295425415,0.000494806095957756,0.43711939454078674,0.07006555795669556,0.10847457498311996,
6312,3.199150800704956,0.0005470424075610936,0.46782246232032776,0.029242634773254395,0.07946345210075378,
6313,4.9687819480896,0.0005631474195979536,0.33153611421585083,0.04062386229634285,0.14430281519889832,
6314,1.3250014781951904,0.0005023585981689394,0.5212145447731018,0.010592937469482422,0.02105618081986904,
6315,4.194766521453857,0.0004943007952533662,0.33921003341674805,0.08184631913900375,0.07188163697719574,
6316,3.935121536254883,0.0005411580204963684,0.620449423789978,0.04871293157339096,0.08333278447389603,
6317,5.262015342712402,0.000561128428671509,0.48612460494041443,0.08730753511190414,0.10316696017980576,
6318,5.005593299865723,0.0004905569949187338,0.5601603984832764,0.0801037922501564,0.09722297638654709,
6319,5.41874361038208,0.0004795645654667169,0.5548354387283325,0.040332913398742676,0.15374386310577393,
6320,3.220435619354248,0.0005987338372506201,0.5609911680221558,0.0083110136911273,0.09746803343296051,
6321,7.30012845993042,0.0005544326268136501,0.4655382037162781,0.04454513266682625,0.2282840609550476,
6322,5.406396389007568,0.000525454233866185,0.4476355314254761,0.04457549378275871,0.15324947237968445,
6323,6.15802526473999,0.000600022729486227,0.4504932165145874,0.042749304324388504,0.18495196104049683,
6324,5.683032989501953,0.0006572468555532396,0.4087894558906555,0.10230959951877594,0.10800289362668991,
6325,7.8117594718933105,0.0004917709156870842,0.4165254235267639,0.0469711609184742,0.24834643304347992,
6326,2.7854819297790527,0.0005329723353497684,0.5221058130264282,0.06954789161682129,0.02045418694615364,
6327,4.880911827087402,0.0004809536912944168,0.46294426918029785,0.0,0.17623773217201233,
6328,4.9329118728637695,0.0005373785388655961,0.3524426817893982,0.1042851060628891,0.0783962830901146,
6329,5.7911152839660645,0.000563774025067687,0.5907875299453735,0.08755302429199219,0.11989632248878479,
6330,4.849140644073486,0.00042878102976828814,0.48339807987213135,0.06036154180765152,0.11383938789367676,
6331,3.6051692962646484,0.0004901638603769243,0.45652008056640625,0.044870197772979736,0.08058560639619827,
6332,1.5420234203338623,0.0004362009058240801,0.4086405038833618,0.023488303646445274,0.021410811692476273,
6333,2.9031646251678467,0.0006042554159648716,0.4713064730167389,0.04013615846633911,0.05653391033411026,
6334,6.147666931152344,0.0005950311897322536,0.7280843257904053,0.07390058040618896,0.14228767156600952,
6335,5.971747875213623,0.0006303557311184704,0.5756931900978088,0.001697540283203125,0.2135142832994461,
6336,5.445819854736328,0.0005253177951090038,0.5711857080459595,0.03519437834620476,0.1592656672000885,
6337,5.211691856384277,0.0005309854750521481,0.5566122531890869,0.0033222436904907227,0.18234995007514954,
6338,8.060931205749512,0.0004988186410628259,0.5709869861602783,0.07479667663574219,0.224302276968956,
6339,4.9742512702941895,0.0005342447548173368,0.6513710021972656,0.05927898362278938,0.11310198903083801,
6340,6.289304733276367,0.00047390625695697963,0.5129539966583252,0.11046493053436279,0.12011519074440002,
6341,1.7717971801757812,0.0005756706232205033,0.5678004026412964,0.0,0.04758419841527939,
6342,3.5370030403137207,0.0004764879122376442,0.5683571100234985,0.020173808559775352,0.09809553623199463,
6343,10.325529098510742,0.0005607350612990558,0.6344010829925537,0.0,0.38708439469337463,
6344,5.556317329406738,0.0005052965716458857,0.7810986638069153,0.00257883477024734,0.18792462348937988,
6345,3.9054360389709473,0.0004494552267715335,0.534764289855957,0.014283458702266216,0.12009395658969879,
6346,6.611631393432617,0.0005047690938226879,0.476448655128479,0.0,0.24490255117416382,
6347,4.786211013793945,0.0005574679817073047,0.5183936953544617,0.023156464099884033,0.14699876308441162,
6348,3.177356719970703,0.0005452614277601242,0.5690857172012329,0.03106977604329586,0.07271580398082733,
6349,8.11676025390625,0.0005733803263865411,0.40982621908187866,0.12482539564371109,0.18287858366966248,
6350,3.812650680541992,0.0005493005737662315,0.46937644481658936,0.043538033962249756,0.08964361995458603,
6351,4.519655227661133,0.0004919175407849252,0.41283363103866577,0.011033336631953716,0.15274760127067566,
6352,6.791390419006348,0.0005067951278761029,0.5862925052642822,0.0952606052160263,0.1524365097284317,
6353,2.911314010620117,0.0005988069460727274,0.3769136071205139,0.03290214017033577,0.06787507236003876,
6354,4.807898044586182,0.0005348428967408836,0.442375123500824,0.029809555038809776,0.14427651464939117,
6355,3.234999179840088,0.0005118928384035826,0.39985689520835876,0.08791846036911011,0.024975337088108063,
6356,6.654428958892822,0.0004958694335073233,0.48898667097091675,0.10558804124593735,0.14053378999233246,
6357,2.200507640838623,0.0005575317773036659,0.4903871417045593,0.01863793469965458,0.0492093525826931,
6358,6.604247093200684,0.0004842808411922306,0.432026743888855,0.2193547934293747,0.027049733325839043,
6359,3.688340425491333,0.00048027196316979825,0.4202037453651428,0.09772118180990219,0.03252401575446129,
6360,5.381464958190918,0.00046003577881492674,0.469168484210968,0.05968086048960686,0.13635095953941345,
6361,3.097099781036377,0.0005231027607806027,0.4812333583831787,0.022783756256103516,0.08132779598236084,
6362,3.3746449947357178,0.0004663843137677759,0.37993955612182617,0.07366132736206055,0.04566050320863724,
6363,5.163262367248535,0.0005361608928069472,0.5058534145355225,0.03177986666560173,0.1539803147315979,
6364,5.113189697265625,0.0005568282213062048,0.7041995525360107,0.032588839530944824,0.1432139277458191,
6365,5.57141637802124,0.00045452345511876047,0.40193986892700195,0.0,0.20632454752922058,
6366,7.9159650802612305,0.0006500897579826415,0.5089356899261475,0.0,0.2956311106681824,
6367,6.266435623168945,0.000574173463974148,0.5738603472709656,0.019710898399353027,0.20741795003414154,
6368,7.420648574829102,0.0005088699399493635,0.600334882736206,0.08322826772928238,0.18907541036605835,
6369,9.170166969299316,0.0005998379201628268,0.44312208890914917,0.0149560971185565,0.3335258662700653,
6370,4.6190290451049805,0.0006435341783799231,0.6217274069786072,0.058217763900756836,0.10103075951337814,
6371,4.322887897491455,0.0005814731703139842,0.5928412675857544,0.10676326602697372,0.04185712710022926,
6372,3.00630521774292,0.0004912773729301989,0.5220861434936523,0.04040282964706421,0.058474648743867874,
6373,3.2906899452209473,0.0005203509354032576,0.5457601547241211,0.017081281170248985,0.0921955555677414,
6374,10.101164817810059,0.00046079917228780687,0.5572159290313721,0.15069648623466492,0.23060068488121033,
6375,4.585850238800049,0.0005566588952206075,0.4699856638908386,0.0,0.16407792270183563,
6376,3.086164951324463,0.0005011764005757868,0.6383033990859985,0.007669647689908743,0.08974364399909973,
6377,2.6589748859405518,0.0005401813541539013,0.49539080262184143,0.009461124427616596,0.07654205709695816,
6378,4.34696626663208,0.0005051481421105564,0.41009521484375,0.03952809050679207,0.11744160950183868,
6379,3.348630428314209,0.0004982288810424507,0.607391357421875,0.02184186317026615,0.08730947971343994,
6380,1.4163607358932495,0.0005228850641287863,0.4439389705657959,0.00801992416381836,0.030354060232639313,
6381,8.763896942138672,0.0005281725316308439,0.4282163977622986,0.11625272035598755,0.21664634346961975,
6382,6.716710567474365,0.0004714351089205593,0.474209189414978,0.1457817405462265,0.10344686359167099,
6383,4.977334976196289,0.0005141228321008384,0.5465705990791321,0.0,0.17671644687652588,
6384,6.480535507202148,0.0006120727048255503,0.42807644605636597,0.0,0.2414862960577011,
6385,7.1209187507629395,0.0006053944234736264,0.5646024346351624,0.07647164911031723,0.18517561256885529,
6386,8.886333465576172,0.000540184264536947,0.5117087960243225,0.05179405212402344,0.2826507091522217,
6387,4.204127788543701,0.0005764531088061631,0.4561031758785248,0.05772602558135986,0.09161850064992905,
6388,6.767266273498535,0.0004914596793241799,0.45297789573669434,0.09956564009189606,0.15251442790031433,
6389,6.2008056640625,0.0004804788331966847,0.5229912400245667,0.06556928157806396,0.1610628217458725,
6390,4.135375022888184,0.0005128805059939623,0.3484479486942291,0.04926856607198715,0.10169564187526703,
6391,2.728990316390991,0.0005495076766237617,0.5822770595550537,0.0,0.08531901985406876,
6392,3.3803000450134277,0.0005514605436474085,0.6051123142242432,0.05946357920765877,0.05099247023463249,
6393,6.5908589363098145,0.0005769340205006301,0.6211203336715698,0.011663734912872314,0.22654886543750763,
6394,3.1882028579711914,0.0005423110560514033,0.3922843039035797,0.047484494745731354,0.06380993872880936,
6395,6.889891147613525,0.0005599949508905411,0.40629276633262634,0.05497076362371445,0.20381316542625427,
6396,4.886490821838379,0.0004571441968437284,0.6860387325286865,0.006771385669708252,0.16078956425189972,
6397,4.021892070770264,0.0005263288621790707,0.514438807964325,0.053191401064395905,0.08658041059970856,
6398,4.2818193435668945,0.0006203727680258453,0.5035366415977478,0.00822510290890932,0.14228583872318268,
6399,2.421285629272461,0.0005927206948399544,0.445970356464386,0.029111364856362343,0.04930852726101875,
6400,2.6108269691467285,0.0005201812018640339,0.4307013750076294,0.000758568465244025,0.08592627942562103,
6401,9.792825698852539,0.0005997992120683193,0.6249492168426514,0.05450958013534546,0.31160566210746765,
6402,2.238896608352661,0.0005743915098719299,0.48471686244010925,0.02747887372970581,0.04211392626166344,
6403,1.1705875396728516,0.0005199338775128126,0.48467347025871277,0.0,0.026916630566120148,
6404,2.413994312286377,0.0005246780929155648,0.5392434000968933,0.03734912350773811,0.03711623325943947,
6405,5.2141523361206055,0.0005521275452338159,0.4224116802215576,0.15514272451400757,0.03597477450966835,
6406,5.6953349113464355,0.00048677754239179194,0.4115634560585022,0.12178099155426025,0.08908310532569885,
6407,6.663616180419922,0.0005115693784318864,0.5016008615493774,0.012618064880371094,0.2333509773015976,
6408,10.575932502746582,0.00048491943744011223,0.43710798025131226,0.06468228250741959,0.3403857946395874,
6409,7.402408599853516,0.0006136612500995398,0.5738220810890198,0.05085565522313118,0.2216741293668747,
6410,2.167708396911621,0.0005354296299628913,0.5013914108276367,0.02817702293395996,0.03794022276997566,
6411,6.9187331199646,0.0005279826000332832,0.48337608575820923,0.1143379807472229,0.1425483226776123,
6412,3.1191301345825195,0.000631997303571552,0.5628018975257874,0.04315388202667236,0.058467261493206024,
6413,5.538378715515137,0.0005055609508417547,0.5988331437110901,0.06344914436340332,0.13362711668014526,
6414,3.560448169708252,0.00047835547593422234,0.5727330446243286,0.0,0.11903025954961777,
6415,5.146029472351074,0.0005121159483678639,0.4992307424545288,0.07118499279022217,0.11417483538389206,
6416,5.491253852844238,0.0005261240876279771,0.4576931595802307,0.022556623443961143,0.17825967073440552,
6417,2.4436869621276855,0.000437514012446627,0.5687819123268127,0.0,0.07455869019031525,
6418,6.349908828735352,0.0004589565796777606,0.510867714881897,0.03744818642735481,0.1956545114517212,
6419,2.9293830394744873,0.00051200354937464,0.5491182208061218,0.05680173635482788,0.03789684548974037,
6420,4.296047687530518,0.0005124807357788086,0.47914212942123413,0.044680774211883545,0.10748296976089478,
6421,4.2491278648376465,0.0005446803406812251,0.4383934438228607,0.000722865283023566,0.15116183459758759,
6422,3.825131893157959,0.0005086000310257077,0.4438895583152771,0.01849929429590702,0.11624179780483246,
6423,3.6394078731536865,0.00048665833310224116,0.5372424125671387,0.04495956376194954,0.0786403939127922,
6424,4.302608489990234,0.0005571633228100836,0.6210539937019348,0.04830179363489151,0.09840322285890579,
6425,5.572030067443848,0.0004671054193750024,0.5494692325592041,0.04440905526280403,0.15602625906467438,
6426,5.998836040496826,0.0006788996397517622,0.5328070521354675,0.050905127078294754,0.1670571267604828,
6427,4.015825271606445,0.0005743023939430714,0.4099615812301636,0.048532404005527496,0.09512783586978912,
6428,4.544757843017578,0.000536127423401922,0.46628516912460327,0.020281275734305382,0.14232149720191956,
6429,1.9498423337936401,0.0005218530423007905,0.47958943247795105,0.0026959378737956285,0.05559232458472252,
6430,2.711148977279663,0.00048485337174497545,0.654273509979248,0.01654781959950924,0.06524234265089035,
6431,4.912513732910156,0.0005127298645675182,0.5103477239608765,0.10199824720621109,0.07357566058635712,
6432,5.633875370025635,0.0005129006458446383,0.4989263415336609,0.0,0.2048850655555725,
6433,5.717568874359131,0.0005172210512682796,0.46330052614212036,0.1265682578086853,0.08308523893356323,
6434,3.472485303878784,0.000498967245221138,0.5617794394493103,0.0,0.1159292608499527,
6435,4.487372875213623,0.00045444665011018515,0.5715720653533936,0.027052858844399452,0.1291247308254242,
6436,1.8344590663909912,0.0005307293031364679,0.5127034187316895,0.02871239185333252,0.023627102375030518,
6437,9.604126930236816,0.0004983570543117821,0.4691503047943115,0.09866963326931,0.26623106002807617,
6438,2.91731595993042,0.00043516463483683765,0.5931850671768188,0.045060914009809494,0.04746915400028229,
6439,1.9162468910217285,0.0004348071524873376,0.4639206528663635,0.0492904968559742,0.008367746137082577,
6440,6.339544296264648,0.0004633791104424745,0.5040202140808105,0.04838061332702637,0.18457697331905365,
6441,4.010927677154541,0.0005360759096220136,0.5384477972984314,0.04233459755778313,0.09602851420640945,
6442,2.800128698348999,0.00047332874964922667,0.40257930755615234,0.0,0.09542864561080933,
6443,7.585500717163086,0.0004920858191326261,0.5235958099365234,0.048505522310733795,0.2334785759449005,
6444,2.0834851264953613,0.0005079209222458303,0.5105230212211609,0.015397647395730019,0.04701291024684906,
6445,3.8443377017974854,0.0005701421177946031,0.5216102004051208,0.01018679141998291,0.1221521645784378,
6446,2.8403797149658203,0.0005113227525725961,0.5547683238983154,0.0,0.09091313183307648,
6447,3.373128890991211,0.0004796666617039591,0.5789937973022461,0.0,0.1112857311964035,
6448,4.750273704528809,0.0004994582268409431,0.5529799461364746,0.13342590630054474,0.033966388553380966,
6449,3.6459543704986572,0.0005036899237893522,0.5913724899291992,0.013211031444370747,0.10846854746341705,
6450,9.013998031616211,0.0004483472730498761,0.4142608046531677,0.05182206630706787,0.2917190492153168,
6451,8.509429931640625,0.0005270952242426574,0.5108077526092529,0.0,0.3194177746772766,
6452,2.022006034851074,0.0004959079087711871,0.6181861162185669,0.012045363895595074,0.043611519038677216,
6453,4.987590312957764,0.0005211373209021986,0.5129613876342773,0.1251293569803238,0.053334660828113556,
6454,5.6901044845581055,0.0005529713234864175,0.47372955083847046,0.02184073068201542,0.18626129627227783,
6455,6.13546895980835,0.0004396489530336112,0.7650307416915894,0.023391464725136757,0.19098640978336334,
6456,5.506798267364502,0.0005396630731411278,0.4532937705516815,0.06733793020248413,0.1342625766992569,
6457,5.751132488250732,0.00047969864681363106,0.5790141224861145,0.07777605950832367,0.12862896919250488,
6458,5.175903797149658,0.00046978690079413354,0.43205103278160095,0.08532186597585678,0.10396245121955872,
6459,1.6228818893432617,0.0004684239102061838,0.7209452390670776,0.01339439582079649,0.022214647382497787,
6460,3.067573308944702,0.0005815463373437524,0.577010452747345,0.0,0.09904097020626068,
6461,5.139230251312256,0.0004560424422379583,0.6409643292427063,0.04776166006922722,0.1317129284143448,
6462,4.831695556640625,0.00047731006634421647,0.6575613021850586,0.014195621013641357,0.1522924304008484,
6463,3.626748561859131,0.00047590440954081714,0.48445969820022583,0.038493812084198,0.08672183752059937,
6464,2.040457010269165,0.00046280771493911743,0.4940478205680847,0.015161752700805664,0.04623180255293846,
6465,4.3553853034973145,0.00044824244105257094,0.5050478577613831,0.04803798720240593,0.10552726686000824,
6466,4.343705654144287,0.0004776550049427897,0.5074487924575806,0.0834716185927391,0.06950099766254425,
6467,8.51955795288086,0.0004650132032111287,0.41931021213531494,0.02147066593170166,0.30207422375679016,
6468,6.653021812438965,0.000585482339374721,0.4515950679779053,0.11045489460229874,0.1370166838169098,
6469,4.545036315917969,0.0004644781583920121,0.559353232383728,0.042844612151384354,0.11611823737621307,
6470,2.1866044998168945,0.0004768626531586051,0.49116095900535583,0.0,0.06734088063240051,
6471,2.807680368423462,0.0004738527350127697,0.5358917117118835,0.02517412044107914,0.0652235746383667,
6472,5.4332990646362305,0.0005727050011046231,0.42680978775024414,0.07278160005807877,0.12690526247024536,
6473,3.1258339881896973,0.00045283918734639883,0.5481300354003906,0.07014241069555283,0.03251290321350098,
6474,8.322836875915527,0.00046983419451862574,0.42058616876602173,0.010327617637813091,0.3052925765514374,
6475,6.993592262268066,0.0005054770736023784,0.5655257701873779,0.10363886505365372,0.1529783010482788,
6476,4.744255542755127,0.0004814599233213812,0.4524436891078949,0.08710099756717682,0.08409001678228378,
6477,17.742565155029297,0.0005442620604299009,0.5679641962051392,0.12488124519586563,0.5615584850311279,
6478,4.239190101623535,0.0005101826973259449,0.7035472393035889,0.015385766513645649,0.12552976608276367,
6479,5.177759647369385,0.000499500019941479,0.5250272154808044,0.07163236290216446,0.11397743225097656,
6480,3.330544948577881,0.0005070566548965871,0.5313739776611328,0.02183189056813717,0.08962788432836533,
6481,2.1592302322387695,0.0005447144503705204,0.6025832891464233,0.014824330806732178,0.046896833926439285,
6482,5.572092056274414,0.0005026151775382459,0.5896849632263184,0.02191251516342163,0.17688116431236267,
6483,4.302330493927002,0.0005327690741978586,0.6704058051109314,0.07692072540521622,0.06782349944114685,
6484,5.5199079513549805,0.0005921499687246978,0.5446298122406006,0.08954304456710815,0.10887593030929565,
6485,3.1214566230773926,0.0004763156466651708,0.5878015160560608,0.008274157531559467,0.09259573370218277,
6486,6.4412078857421875,0.0006238893256522715,0.4657047986984253,0.014051854610443115,0.2243443727493286,
6487,2.4762232303619385,0.00047655796515755355,0.4987274408340454,0.0027324159163981676,0.07589085400104523,
6488,3.355403184890747,0.0005007002037018538,0.419786274433136,0.04912912845611572,0.06779485195875168,
6489,4.865625858306885,0.0005213420954532921,0.47184884548187256,0.056230328977108,0.1189994066953659,
6490,5.091476917266846,0.0005763776134699583,0.40953385829925537,0.06955335289239883,0.11714798957109451,
6491,4.215414047241211,0.0005879500531591475,0.4181186258792877,0.00842660665512085,0.1428772509098053,
6492,2.39400053024292,0.0004832067061215639,0.5550259351730347,0.02889682911336422,0.04417894408106804,
6493,3.122457504272461,0.00043615218601189554,0.6126723289489746,0.006643632892519236,0.0933116227388382,
6494,5.590841770172119,0.000515806779731065,0.597298264503479,0.11666695028543472,0.0825590044260025,
6495,7.376952648162842,0.0004587999719660729,0.49409621953964233,0.03907005116343498,0.23578540980815887,
6496,7.060096740722656,0.0005315421149134636,0.495350182056427,0.019910573959350586,0.24214772880077362,
6497,5.2955803871154785,0.000520547793712467,0.5809286832809448,0.04347918555140495,0.14458632469177246,
6498,3.537609577178955,0.0004938498022966087,0.48286470770835876,0.030884066596627235,0.09081188589334488,
6499,6.606679916381836,0.0004790161910932511,0.5468587875366211,0.0,0.2419138252735138,
6500,1.7883371114730835,0.0005746332462877035,0.47359228134155273,0.0,0.05201515927910805,"[1.2334998846054077, 1.2539927959442139, 1.1097705364227295]"
6501,6.207728385925293,0.0004911615396849811,0.39214494824409485,0.06910866498947144,0.16302350163459778,
6502,3.660676956176758,0.00047140021342784166,0.5446621179580688,0.0,0.12416920065879822,
6503,6.234373569488525,0.0005249993992038071,0.47535115480422974,0.0015007058391347528,0.2283351868391037,
6504,2.1931426525115967,0.0005249321693554521,0.520251989364624,0.028718870133161545,0.03767182677984238,
6505,4.6418304443359375,0.000558075204025954,0.6172856092453003,0.04794333502650261,0.11248038709163666,
6506,10.112889289855957,0.0004856621380895376,0.5544538497924805,0.07476019859313965,0.3070915639400482,
6507,4.492935657501221,0.000485904369270429,0.566667914390564,0.07733196020126343,0.0792328417301178,
6508,4.661720275878906,0.0005393424653448164,0.4824886918067932,0.04947509244084358,0.11715482920408249,
6509,1.9963003396987915,0.0005892254994250834,0.5624865293502808,0.019810914993286133,0.036952413618564606,
6510,2.867839813232422,0.000483066396554932,0.44219833612442017,0.0,0.0965425968170166,
6511,3.535097122192383,0.00043818645644932985,0.5408239960670471,0.019335707649588585,0.09999703615903854,
6512,6.805685997009277,0.0005558455013670027,0.5864622592926025,0.05180112645030022,0.19641199707984924,
6513,3.4788763523101807,0.0005353516316972673,0.6552302837371826,0.021282771602272987,0.09112772345542908,
6514,8.919196128845215,0.00046396380639635026,0.43368202447891235,0.06439357995986938,0.2745630145072937,
6515,7.19081974029541,0.0004379302554298192,0.5871505737304688,0.09002556651830673,0.1736832708120346,
6516,5.896013259887695,0.0005218068254180253,0.5910979509353638,0.0929039865732193,0.11877083778381348,
6517,4.691095352172852,0.0004582029359880835,0.5008589029312134,0.04460529610514641,0.12254595756530762,
6518,6.245180130004883,0.0005630738451145589,0.4902132451534271,0.03747769445180893,0.19215789437294006,
6519,2.429426908493042,0.0005913274362683296,0.4365355372428894,0.04021630808711052,0.03890802338719368,
6520,3.275750160217285,0.00047589358291588724,0.5310341119766235,0.022861719131469727,0.08645102381706238,
6521,5.605832576751709,0.0005095287342555821,0.5047000646591187,0.06805882602930069,0.13547693192958832,
6522,7.901630878448486,0.00041912778397090733,0.5257448554039001,0.10034426301717758,0.19427204132080078,
6523,4.608860492706299,0.0005707355448976159,0.5474223494529724,0.07710883766412735,0.08477795869112015,
6524,7.02725887298584,0.0004641562409233302,0.5656430125236511,0.11548278480768204,0.14251770079135895,
6525,3.187260866165161,0.0005485662841238081,0.5148091912269592,0.008262653835117817,0.09808684885501862,
6526,1.969051480293274,0.0005055931978859007,0.39585721492767334,0.035083573311567307,0.027338605374097824,
6527,10.08741569519043,0.0004594538186211139,0.45774656534194946,0.17510993778705597,0.20961734652519226,
6528,2.902749538421631,0.0005400943919084966,0.5930477380752563,0.038244783878326416,0.05360320210456848,
6529,4.833898544311523,0.0004791950632352382,0.5778226852416992,0.015094677917659283,0.1546691656112671,
6530,10.198576927185059,0.0004489505663514137,0.4189574420452118,0.04009777307510376,0.3506380617618561,
6531,3.823267698287964,0.00038330574170686305,0.4711992144584656,0.007775247097015381,0.12592418491840363,
6532,3.3398361206054688,0.0005307351239025593,0.5648673176765442,0.05916720628738403,0.05130081623792648,
6533,1.8479325771331787,0.0004973433096893132,0.4460875988006592,0.023319920524954796,0.032256536185741425,
6534,7.697512626647949,0.000508572906255722,0.5190649032592773,0.055636681616306305,0.2309926599264145,
6535,4.057480335235596,0.0004153962654527277,0.5547042489051819,0.06270913034677505,0.07698651403188705,
6536,4.530167102813721,0.0004417253367137164,0.45726269483566284,0.0014669100055471063,0.16100755333900452,
6537,4.391354560852051,0.000542502268217504,0.3927721083164215,0.013390043750405312,0.14601075649261475,
6538,1.9689052104949951,0.0004950136062689126,0.47894975543022156,0.004204233642667532,0.05489896610379219,
6539,4.310674667358398,0.0005199016886763275,0.5541057586669922,0.016902407631278038,0.13284045457839966,
6540,6.187166213989258,0.0005067482125014067,0.4133528470993042,0.009063203819096088,0.22138258814811707,
6541,5.875502109527588,0.0005371283041313291,0.5298512578010559,0.03214991092681885,0.1811389923095703,
6542,5.181675910949707,0.0004614568315446377,0.5320523977279663,0.041673462837934494,0.14385001361370087,
6543,3.1716389656066895,0.0005221206229180098,0.5213885307312012,0.026816347613930702,0.07867155224084854,
6544,6.2576799392700195,0.0004940212238579988,0.48632508516311646,0.08097946643829346,0.14938071370124817,
6545,4.574564456939697,0.0005299410549923778,0.5214057564735413,0.07043272256851196,0.09116368740797043,
6546,2.5336649417877197,0.00048018130473792553,0.4454386234283447,0.04573190212249756,0.03731696680188179,
6547,3.6171844005584717,0.000481920171296224,0.4984673857688904,0.06777961552143097,0.05648713931441307,
6548,3.619842052459717,0.0005085706361569464,0.46732097864151,0.07669409364461899,0.04889818653464317,
6549,5.773008823394775,0.0004660514823626727,0.4309372305870056,0.1176714152097702,0.09554539620876312,
6550,3.864152669906616,0.0005095017841085792,0.48460111021995544,0.09299781173467636,0.04167475923895836,
6551,1.7708710432052612,0.0004618259845301509,0.5223962068557739,0.015589693561196327,0.03388747200369835,
6552,4.108270645141602,0.00044757811701856554,0.5820077657699585,0.0,0.1406029313802719,
6553,2.2159597873687744,0.0005048916791565716,0.42033419013023376,0.039725977927446365,0.031594157218933105,
6554,4.076656341552734,0.0004742894961964339,0.425456166267395,0.10357832908630371,0.04199539124965668,
6555,2.7591540813446045,0.0005003829719498754,0.4253588318824768,0.029950201511383057,0.06290122866630554,
6556,6.4155426025390625,0.0005011642933823168,0.4827203154563904,0.01216773223131895,0.2246439903974533,
6557,2.8647069931030273,0.00042322403169237077,0.40350425243377686,0.01797010563313961,0.08005478233098984,
6558,2.535064458847046,0.0004961036611348391,0.5549155473709106,0.0034269888419657946,0.07528286427259445,
6559,9.581560134887695,0.0004505926335696131,0.6879919767379761,0.0,0.3552921414375305,
6560,7.200012683868408,0.0004749177023768425,0.6865609288215637,0.01383298635482788,0.24623017013072968,
6561,6.2868852615356445,0.0005712806596420705,0.6551441550254822,0.0,0.22469834983348846,
6562,2.076047897338867,0.0004846380325034261,0.55119788646698,0.030418971553444862,0.030090393498539925,
6563,1.8529651165008545,0.0005174921243451536,0.6097578406333923,0.010238409042358398,0.038972388952970505,
6564,3.7516109943389893,0.0004691269714385271,0.5721263289451599,0.026986777782440186,0.09972348064184189,
6565,4.5600972175598145,0.0004492730076890439,0.6995042562484741,0.0,0.15397444367408752,
6566,4.797413349151611,0.0005712223355658352,0.7003923654556274,0.010332624427974224,0.15297698974609375,
6567,3.69879150390625,0.0005237855366431177,0.6249723434448242,0.05712999776005745,0.06529898196458817,
6568,7.663775444030762,0.0005091019556857646,0.5350804328918457,0.005617102142423391,0.27902159094810486,
6569,3.560917854309082,0.0004214467480778694,0.6578119993209839,0.037107568234205246,0.07859521359205246,
6570,2.4182307720184326,0.00047516656923107803,0.8531575202941895,0.0,0.06212776154279709,
6571,3.77197003364563,0.0005389330326579511,0.8044440746307373,0.030912259593605995,0.08724984526634216,
6572,6.822129726409912,0.0005096183158457279,0.5181736350059509,0.04656149819493294,0.20508712530136108,
6573,5.6777801513671875,0.0004949055728502572,0.7601895928382874,0.0,0.19620871543884277,
6574,6.596219062805176,0.00043322306009940803,0.7875834107398987,0.0075894794426858425,0.22432272136211395,
6575,1884.330810546875,0.0004590379830915481,1869.7860107421875,0.4143264889717102,0.16700834035873413,
6576,1765.0352783203125,0.0005045482539571822,1752.3201904296875,0.41038987040519714,0.09771152585744858,
6577,1614.669921875,0.00047362936311401427,1601.0670166015625,0.4409962296485901,0.1026453822851181,
6578,1451.080078125,0.0004912696313112974,1438.4090576171875,0.41293758153915405,0.09341301023960114,
6579,1288.1939697265625,0.0006316329818218946,1272.2607421875,0.4199840724468231,0.2167140543460846,
6580,1125.576416015625,0.0005460805259644985,1111.564208984375,0.4276738464832306,0.13226595520973206,
6581,967.7537231445312,0.0006392732611857355,956.4718017578125,0.40232160687446594,0.04831528291106224,
6582,817.9968872070312,0.000648810004349798,805.5218505859375,0.40441861748695374,0.09393443167209625,
6583,679.148681640625,0.0006781233823858202,666.3534545898438,0.4107457995414734,0.10038531571626663,
6584,551.278564453125,0.0008334459853358567,534.8120727539062,0.49079251289367676,0.16703487932682037,
6585,426.73956298828125,0.0007537663914263248,414.51348876953125,0.41353774070739746,0.07475084811449051,
6586,317.1200256347656,0.0007075768080540001,301.42694091796875,0.43103596568107605,0.19597943127155304,
6587,223.98574829101562,0.0008035313221625984,206.7472381591797,0.4189399480819702,0.2697969973087311,
6588,141.08782958984375,0.000699537165928632,124.7405014038086,0.4214538335800171,0.23173943161964417,
6589,83.23786926269531,0.0007551989983767271,63.2735595703125,0.44469428062438965,0.3531227707862854,
6590,41.68946075439453,0.0007534993346780539,25.68938446044922,0.4049109220504761,0.23433859646320343,
6591,31.039735794067383,0.0007969079888425767,12.24275016784668,0.46085917949676514,0.2902233898639679,
6592,39.33821105957031,0.0006757238879799843,23.857666015625,0.42133161425590515,0.19721439480781555,
6593,62.104644775390625,0.0005882923142053187,46.36736297607422,0.44463050365448,0.1842723786830902,
6594,77.24171447753906,0.0005825575208291411,64.38397979736328,0.4222475588321686,0.09147916734218597,
6595,86.9017105102539,0.0006382009014487267,73.53178405761719,0.4162498116493225,0.11790897697210312,
6596,88.4953384399414,0.0006531677790917456,76.0835952758789,0.4166470468044281,0.07916945964097977,
6597,80.11539459228516,0.000628784007858485,66.99640655517578,0.3548039197921753,0.1693267822265625,
6598,72.89518737792969,0.0005645569763146341,53.22967529296875,0.3906564712524414,0.395399272441864,
6599,50.46524429321289,0.0005610717926174402,37.85883331298828,0.3907940983772278,0.11290131509304047,
6600,35.44794464111328,0.0005849078297615051,23.475887298583984,0.38104575872421265,0.09725157916545868,
6601,32.714759826660156,0.0005882034893147647,11.458059310913086,0.4090689718723297,0.4406108260154724,
6602,19.597248077392578,0.0005403964896686375,5.6947526931762695,0.4132593274116516,0.142300084233284,
6603,14.396561622619629,0.000496473687235266,3.727299451828003,0.3765145242214203,0.04975946992635727,
6604,18.553504943847656,0.0004809583770111203,5.530834197998047,0.3871188759803772,0.13330699503421783,
6605,21.117534637451172,0.000508334138430655,8.800086975097656,0.3733391761779785,0.1188504546880722,
6606,28.071258544921875,0.000527620897628367,10.548694610595703,0.4182635545730591,0.28211140632629395,
6607,23.613656997680664,0.0004954124451614916,10.993616104125977,0.3852062225341797,0.11909998953342438,
6608,26.711963653564453,0.0005474457866512239,9.856891632080078,0.3700183629989624,0.3036370575428009,
6609,25.592754364013672,0.0004776811401825398,8.109023094177246,0.4049379825592041,0.2939336597919464,
6610,16.92091941833496,0.0005031181499361992,5.122465133666992,0.35099124908447266,0.12044380605220795,
6611,15.586392402648926,0.0005081486306153238,3.183408737182617,0.35673534870147705,0.1388758420944214,
6612,13.207877159118652,0.00045091667561791837,1.5748341083526611,0.3869602680206299,0.07791052013635635,
6613,13.976678848266602,0.0005527995526790619,1.453883171081543,0.3605955243110657,0.13976353406906128,
6614,15.21794319152832,0.0005492544732987881,2.5951578617095947,0.3968389630317688,0.10752321779727936,
6615,18.05885887145996,0.0005297600291669369,4.31272554397583,0.3697670102119446,0.17954859137535095,
6616,14.013136863708496,0.0006068928050808609,3.786364793777466,0.35735368728637695,0.05111032351851463,
6617,18.839082717895508,0.0005237144650891423,2.664379596710205,0.3691863417625427,0.2772781252861023,
6618,12.507148742675781,0.0005202694446779788,1.3600106239318848,0.35023194551467896,0.09513334184885025,
6619,13.705188751220703,0.0004934182506985962,1.0813546180725098,0.34509167075157166,0.15936827659606934,
6620,13.909744262695312,0.00044048039126209915,1.5823264122009277,0.3014984726905823,0.19115771353244781,
6621,20.424903869628906,0.0005647988291457295,1.7583556175231934,0.3732469379901886,0.3728501498699188,
6622,16.88455581665039,0.0005995074170641601,2.1329762935638428,0.2797253727912903,0.30973827838897705,
6623,11.934532165527344,0.0005970086785964668,2.050537347793579,0.2582934498786926,0.13646936416625977,
6624,13.538098335266113,0.0006102301413193345,1.3877774477005005,0.30082201957702637,0.18458056449890137,
6625,13.551753997802734,0.0006616014870814979,0.9190201759338379,0.35151004791259766,0.15313775837421417,
6626,13.392766952514648,0.0005915015353821218,1.19962477684021,0.2686859965324402,0.2184481918811798,
6627,11.752063751220703,0.0005773581215180457,1.2045950889587402,0.3416551947593689,0.07966621220111847,
6628,11.898000717163086,0.0006378418765962124,1.4998608827590942,0.25149720907211304,0.1637905240058899,
6629,13.699671745300293,0.0007192541379481554,1.1091638803482056,0.27371758222579956,0.22918348014354706,
6630,12.840937614440918,0.0006343136192299426,0.8428996205329895,0.3254844546318054,0.153802752494812,
6631,14.545860290527344,0.0008110692724585533,0.870840311050415,0.305228054523468,0.24096167087554932,
6632,10.724040031433105,0.0006735091446898878,1.2925503253936768,0.27120667695999146,0.10537940263748169,
6633,13.935376167297363,0.0006640626234002411,1.460184097290039,0.25153017044067383,0.24681344628334045,
6634,19.982009887695312,0.0007570930756628513,1.1092514991760254,0.3172142505645752,0.4369390606880188,
6635,12.529379844665527,0.0008731783018447459,0.9110821485519409,0.2913886308670044,0.1724700927734375,
6636,9.882062911987305,0.0007635680376552045,0.9790377616882324,0.2885792553424835,0.06677815318107605,
6637,12.25263786315918,0.0006095040589570999,1.1161322593688965,0.34920763969421387,0.0956430584192276,
6638,9.899557113647461,0.0006024775211699307,1.2463337182998657,0.27821576595306396,0.06731066107749939,
6639,10.08890151977539,0.0007407017983496189,1.1061257123947144,0.2908599078655243,0.06771041452884674,
6640,12.087688446044922,0.000812167243566364,0.8268834352493286,0.23511667549610138,0.21450334787368774,
6641,8.677139282226562,0.0008166598272509873,1.1353259086608887,0.20533329248428345,0.09552262723445892,
6642,9.868606567382812,0.0008096090168692172,1.165407657623291,0.21074406802654266,0.13657423853874207,
6643,12.835107803344727,0.0008224747725762427,1.5137939453125,0.1968773454427719,0.25515276193618774,
6644,18.115882873535156,0.0008915193029679358,1.4981132745742798,0.34198105335235596,0.3218382000923157,
6645,9.029012680053711,0.0009663778473623097,1.1371454000473022,0.24324528872966766,0.07146301865577698,
6646,9.221353530883789,0.000883137050550431,1.1370431184768677,0.22641411423683167,0.09607517719268799,
6647,9.378504753112793,0.0008216990972869098,0.8753524422645569,0.28543275594711304,0.053871624171733856,
6648,12.35534381866455,0.0008457863586954772,1.153006911277771,0.20428040623664856,0.24296730756759644,
6649,9.639215469360352,0.0008846987620927393,1.0967662334442139,0.2535170018672943,0.0872962698340416,
6650,10.01247787475586,0.0007753826212137938,1.1551634073257446,0.23265762627124786,0.1208595559000969,
6651,10.376510620117188,0.0010634324280545115,0.9534170627593994,0.2448047250509262,0.13105562329292297,
6652,9.33605670928955,0.0009920262964442372,0.9783265590667725,0.25954633951187134,0.07377083599567413,
6653,11.183324813842773,0.0007222185959108174,0.9676318168640137,0.22301575541496277,0.18488973379135132,
6654,12.743243217468262,0.000933401461225003,1.030613660812378,0.23482055962085724,0.23275120556354523,
6655,12.1539306640625,0.0009125075885094702,1.4285885095596313,0.24150162935256958,0.1865994930267334,
6656,9.468615531921387,0.0010604960843920708,1.1558847427368164,0.23975737392902374,0.09169137477874756,
6657,14.550326347351074,0.0009848243789747357,1.1478513479232788,0.26496621966362,0.27014797925949097,
6658,11.547062873840332,0.001202552579343319,1.3206390142440796,0.2294335514307022,0.17842087149620056,
6659,13.754193305969238,0.001004602643661201,1.2655913829803467,0.2127799391746521,0.28575950860977173,
6660,12.775349617004395,0.0011436801869422197,0.9275164008140564,0.25820136070251465,0.21456831693649292,
6661,9.717912673950195,0.0010438599856570363,1.2179920673370361,0.26245129108428955,0.07650170475244522,
6662,17.174074172973633,0.0011559607228264213,1.2086808681488037,0.21283568441867828,0.4246240556240082,
6663,11.540053367614746,0.0009588958346284926,0.9407292604446411,0.2708324193954468,0.15218164026737213,
6664,9.581413269042969,0.0010228612227365375,0.9546326398849487,0.2655332386493683,0.07851513475179672,
6665,14.230823516845703,0.0010933388257399201,1.0989408493041992,0.22421233355998993,0.2999696433544159,
6666,8.357489585876465,0.0011757632018998265,1.0116970539093018,0.24083830416202545,0.051817622035741806,
6667,10.526209831237793,0.0009943704353645444,0.6643230319023132,0.31719350814819336,0.07628759741783142,
6668,13.416107177734375,0.0011371300788596272,1.1307255029678345,0.23245827853679657,0.25781986117362976,
6669,9.215496063232422,0.0009130563121289015,0.9668291807174683,0.2732069492340088,0.055826667696237564,
6670,12.207128524780273,0.0008752474095672369,1.0647904872894287,0.2563926577568054,0.18842563033103943,
6671,12.122124671936035,0.0011262568878009915,0.8473962545394897,0.31236767768859863,0.1374952495098114,
6672,10.428028106689453,0.0010657625971361995,1.2381842136383057,0.22380036115646362,0.14272764325141907,
6673,8.781525611877441,0.0011488160816952586,1.0027778148651123,0.21472102403640747,0.09528006613254547,
6674,9.155975341796875,0.001161677180789411,0.8234051465988159,0.24746586382389069,0.08467528223991394,
6675,8.940528869628906,0.0012381937121972442,0.9060774445533752,0.19188275933265686,0.12825711071491241,
6676,12.060256004333496,0.001101091387681663,1.2122623920440674,0.2297595888376236,0.20305907726287842,
6677,13.061870574951172,0.0011325665982440114,0.9518223404884338,0.2371819019317627,0.2460874617099762,
6678,9.18941879272461,0.0012317316140979528,0.9262884259223938,0.19924752414226532,0.13004595041275024,
6679,18.110179901123047,0.0012693522730842233,1.1239471435546875,0.19435033202171326,0.4838295876979828,
6680,10.3799467086792,0.0011817673221230507,1.1026729345321655,0.1868690699338913,0.18304012715816498,
6681,11.55355167388916,0.0010220044059678912,1.1677733659744263,0.22142724692821503,0.19298188388347626,
6682,11.251738548278809,0.001074442989192903,0.8177152872085571,0.2923363447189331,0.12395010143518448,
6683,11.765447616577148,0.0011771792778745294,0.8993266820907593,0.2718873620033264,0.16158032417297363,
6684,10.446257591247559,0.0010325693292543292,1.0825462341308594,0.24128589034080505,0.1322299987077713,
6685,9.760900497436523,0.0013525377726182342,1.1092536449432373,0.1947615146636963,0.14995183050632477,
6686,8.525046348571777,0.0013005539076402783,0.8148185014724731,0.22994960844516754,0.07715895771980286,
6687,9.438718795776367,0.0012863216688856483,1.065946102142334,0.18961229920387268,0.14401228725910187,
6688,9.478726387023926,0.0013420754112303257,1.2940797805786133,0.17001521587371826,0.15602855384349823,
6689,6.850855827331543,0.0012798452517017722,1.1224933862686157,0.17391131818294525,0.05394333228468895,
6690,9.002896308898926,0.0013771177036687732,0.8804444074630737,0.2254238724708557,0.098097063601017,
6691,8.053560256958008,0.001560246222652495,0.9874188899993896,0.18582966923713684,0.09525573998689651,
6692,14.298261642456055,0.001306418445892632,0.9868068695068359,0.17435376346111298,0.356797993183136,
6693,11.241847038269043,0.0015401397831737995,0.9654824733734131,0.17552821338176727,0.23398619890213013,
6694,10.244152069091797,0.0016093404265120625,1.1570377349853516,0.17521245777606964,0.18666279315948486,
6695,10.362787246704102,0.0014971164055168629,1.0815520286560059,0.20021654665470123,0.1695357710123062,
6696,7.587655544281006,0.0015145059442147613,1.0401687622070312,0.20742765069007874,0.05295730382204056,
6697,11.174159049987793,0.0014545199228450656,0.9899472594261169,0.15638217329978943,0.2495317906141281,
6698,11.530779838562012,0.001503263134509325,0.9051430821418762,0.2747763991355896,0.1487458050251007,
6699,10.583760261535645,0.0013644699938595295,0.8117192387580872,0.2074328362941742,0.1820843368768692,
6700,8.749285697937012,0.0016035299049690366,0.9798308610916138,0.16761578619480133,0.14155885577201843,
6701,11.846138954162598,0.0016075875610113144,0.8616204857826233,0.18500491976737976,0.2527681887149811,
6702,7.197383403778076,0.0015762890689074993,0.9399926066398621,0.18850871920585632,0.06021063029766083,
6703,10.56484317779541,0.001633240026421845,0.9550368785858154,0.21068482100963593,0.17207416892051697,
6704,12.838800430297852,0.0016258745454251766,0.8334534168243408,0.21768036484718323,0.2609076499938965,
6705,10.694522857666016,0.0015457668341696262,1.067216396331787,0.2686677575111389,0.11487874388694763,
6706,9.574460983276367,0.0014300290495157242,0.8487399816513062,0.20972274243831635,0.13787607848644257,
6707,7.399667739868164,0.0015215183375403285,0.7411177158355713,0.19353587925434113,0.07128462940454483,
6708,12.01751708984375,0.0015261279186233878,0.900937557220459,0.22588104009628296,0.21725596487522125,
6709,10.162335395812988,0.001495605451054871,1.2584234476089478,0.1481415182352066,0.20651935040950775,
6710,11.755497932434082,0.0016044670483097434,0.8013599514961243,0.22810456156730652,0.20845651626586914,
6711,14.024866104125977,0.0016329600475728512,0.9105781316757202,0.184238463640213,0.3387001156806946,
6712,8.982792854309082,0.0014639721484854817,1.1012933254241943,0.1826939582824707,0.1311020702123642,
6713,9.258191108703613,0.0014173028757795691,1.200008511543274,0.21205845475196838,0.10885157436132431,
6714,14.003729820251465,0.0015822695568203926,1.1872060298919678,0.11385692656040192,0.39722174406051636,
6715,7.12547492980957,0.0015889209462329745,0.9945909976959229,0.10996043682098389,0.13368600606918335,
6716,9.386825561523438,0.0015975545393303037,0.9807357788085938,0.2486337125301361,0.0860123336315155,
6717,10.352302551269531,0.0016725616296753287,1.0892143249511719,0.16557830572128296,0.20327267050743103,
6718,10.300995826721191,0.0015731160528957844,1.0422394275665283,0.1760002225637436,0.19277694821357727,
6719,13.702216148376465,0.0014294310240074992,1.3397854566574097,0.18546359241008759,0.30760419368743896,
6720,14.168787002563477,0.0014726835070177913,0.9884781837463379,0.1775394231081009,0.348200261592865,
6721,8.710363388061523,0.0015082232421264052,1.0875314474105835,0.15732000768184662,0.14608503878116608,
6722,7.4978837966918945,0.001770713017322123,0.9356060028076172,0.17214049398899078,0.08857989311218262,
6723,9.94774341583252,0.0012617568718269467,0.8277322053909302,0.2131928950548172,0.1503458023071289,
6724,10.164072036743164,0.0013940149219706655,0.8856490850448608,0.17142744362354279,0.19831544160842896,
6725,7.359908580780029,0.0016402174951508641,0.7667387127876282,0.23163485527038574,0.030451703816652298,
6726,8.98617935180664,0.0014612148515880108,1.2367265224456787,0.15002897381782532,0.15848791599273682,
6727,10.875885963439941,0.001387825352139771,0.7852082848548889,0.2733610272407532,0.12887823581695557,
6728,9.086773872375488,0.0014725318178534508,0.9874545335769653,0.24301958084106445,0.07948067039251328,
6729,17.47328758239746,0.0019623658154159784,0.8865566253662109,0.1267370730638504,0.5347698330879211,
6730,10.47445297241211,0.001502961735241115,1.0599920749664307,0.11063450574874878,0.26444098353385925,
6731,10.937560081481934,0.0014940453693270683,1.0476256608963013,0.15488053858280182,0.23922279477119446,
6732,9.654693603515625,0.0016343017341569066,1.065740942955017,0.23906099796295166,0.10286282002925873,
6733,7.903249263763428,0.0016567950369790196,1.0173231363296509,0.15385158360004425,0.11992867290973663,
6734,7.734670639038086,0.00163334293756634,0.9859272837638855,0.1429298371076584,0.1253865659236908,
6735,7.641241073608398,0.0016021998599171638,1.0058202743530273,0.1540059894323349,0.10980863869190216,
6736,9.442005157470703,0.0014148660702630877,1.1074247360229492,0.13343751430511475,0.19853085279464722,
6737,9.837501525878906,0.0018702792003750801,0.9455348253250122,0.169320747256279,0.18448765575885773,
6738,12.03693962097168,0.001585695892572403,1.1861838102340698,0.16128714382648468,0.2711573839187622,
6739,10.141087532043457,0.0018265023827552795,0.8864637613296509,0.22634252905845642,0.14201593399047852,
6740,7.483378887176514,0.0014958205865696073,0.8495751023292542,0.0920327752828598,0.17182356119155884,
6741,10.140777587890625,0.0014229320222511888,1.0733373165130615,0.15305379033088684,0.20822089910507202,
6742,6.427258491516113,0.0015746232820674777,1.0495665073394775,0.10585999488830566,0.10767306387424469,
6743,10.39802360534668,0.0017249961383640766,0.9304888248443604,0.13866476714611053,0.23831164836883545,
6744,9.028564453125,0.0015544057823717594,1.0016987323760986,0.14576637744903564,0.17375385761260986,
6745,12.324254035949707,0.001741758082062006,0.9162148237228394,0.1979294866323471,0.25665032863616943,
6746,6.3431854248046875,0.0015468032797798514,1.1206235885620117,0.11291530728340149,0.09444035589694977,
6747,9.151898384094238,0.00167284591589123,1.0226809978485107,0.14187058806419373,0.18162524700164795,
6748,7.955341339111328,0.00174366042483598,0.9517437219619751,0.13223053514957428,0.14616970717906952,
6749,12.602945327758789,0.0016829002415761352,1.2339673042297363,0.1305244266986847,0.32255178689956665,
6750,9.781855583190918,0.0019078532932326198,1.0122871398925781,0.1506252884864807,0.19824960827827454,
6751,8.434598922729492,0.0013535451143980026,1.0851422548294067,0.11369964480400085,0.1789250671863556,
6752,9.099533081054688,0.0014717698795720935,0.9099556803703308,0.13884447515010834,0.18726682662963867,
6753,9.868768692016602,0.001902489340864122,0.9534934759140015,0.2117658257484436,0.14294272661209106,
6754,8.27540111541748,0.0014805617975071073,1.0455418825149536,0.13599056005477905,0.151723250746727,
6755,8.969121932983398,0.001820831443183124,1.0648841857910156,0.1028333455324173,0.21151530742645264,
6756,6.340494155883789,0.0014880268136039376,0.9390680193901062,0.14195702970027924,0.07261200994253159,
6757,8.618193626403809,0.0018666813848540187,1.126612901687622,0.1006300300359726,0.19716651737689972,
6758,13.559375762939453,0.0018354387721046805,0.7826329469680786,0.21633051335811615,0.2929037809371948,
6759,12.606223106384277,0.0019374719122424722,0.9681252241134644,0.17222149670124054,0.29136496782302856,
6760,10.042060852050781,0.001859016134403646,1.022747278213501,0.1115180253982544,0.24739553034305573,
6761,17.497453689575195,0.0022108193952590227,0.9788869619369507,0.04096919298171997,0.6175626516342163,
6762,9.17758846282959,0.00211344170384109,1.2129147052764893,0.13554570078849792,0.1809278279542923,
6763,6.502443313598633,0.0016007926315069199,1.1495420932769775,0.10195097327232361,0.11056429147720337,
6764,7.843912601470947,0.002260632812976837,0.991145133972168,0.07526558637619019,0.19658447802066803,
6765,10.471772193908691,0.001741759479045868,1.019927740097046,0.1998179703950882,0.17651405930519104,
6766,9.82746410369873,0.002311391057446599,0.9668453931808472,0.16475772857666016,0.1873556226491928,
6767,9.780208587646484,0.0016268013278022408,0.9427723288536072,0.18572145700454712,0.16614919900894165,
6768,5.359299182891846,0.002445676364004612,1.0267170667648315,0.10999166965484619,0.060865942388772964,
6769,8.937658309936523,0.0018595204455778003,0.8980678915977478,0.13510888814926147,0.18461522459983826,
6770,8.637468338012695,0.0019515627063810825,0.860021710395813,0.12727570533752441,0.18187060952186584,
6771,10.545440673828125,0.0016975108301267028,0.9227356910705566,0.12738095223903656,0.25582975149154663,
6772,5.701172828674316,0.002121778903529048,0.9107393622398376,0.11920294165611267,0.07029262185096741,
6773,8.150132179260254,0.0019803920295089483,0.9127388596534729,0.11532445251941681,0.17219087481498718,
6774,8.251441955566406,0.002049994422122836,0.8072524070739746,0.20107176899909973,0.09464577585458755,
6775,11.643932342529297,0.0019486607052385807,1.065511703491211,0.17553995549678802,0.24564823508262634,
6776,10.354789733886719,0.0018415417289361358,1.0210423469543457,0.24700668454170227,0.12450170516967773,
6777,12.167366027832031,0.001871298416517675,1.04068922996521,0.1250646859407425,0.31813108921051025,
6778,7.742145538330078,0.001905878889374435,1.087761640548706,0.13181205093860626,0.1324574053287506,
6779,5.257706642150879,0.001693576923571527,1.177424430847168,0.06029243767261505,0.10122527927160263,
6780,9.877596855163574,0.0020047822035849094,1.1533151865005493,0.033499494194984436,0.31346696615219116,
6781,10.328847885131836,0.0017034959746524692,1.1091793775558472,0.04913128912448883,0.3179519474506378,
6782,8.9833345413208,0.001864795689471066,0.9491960406303406,0.08547237515449524,0.23402836918830872,
6783,10.45778751373291,0.0016095259925350547,1.1412642002105713,0.06025606393814087,0.3107953667640686,
6784,5.855682373046875,0.0014965689042583108,0.9451133012771606,0.1093798279762268,0.08554638177156448,
6785,13.196453094482422,0.001896532834507525,1.2655140161514282,0.09420627355575562,0.3811347186565399,
6786,5.764381408691406,0.0015651661669835448,1.0945675373077393,0.059756532311439514,0.12547087669372559,
6787,11.34066390991211,0.0015955906128510833,1.04527747631073,0.15195052325725555,0.258269339799881,
6788,5.343592643737793,0.0014582484727725387,1.026904582977295,0.07314272224903107,0.0980665534734726,
6789,6.840446472167969,0.0014906559372320771,0.9529170989990234,0.15818189084529877,0.07582862675189972,
6790,5.168130874633789,0.0015005759196355939,0.9899654388427734,0.10494635999202728,0.06067969277501106,
6791,5.618035316467285,0.001633932814002037,0.9120216369628906,0.05425834655761719,0.13234826922416687,
6792,9.736210823059082,0.0014749494148418307,1.0697470903396606,0.09438958764076233,0.250793993473053,
6793,6.505160331726074,0.001527204061858356,1.040775179862976,0.11425414681434631,0.10279404371976852,
6794,6.788785934448242,0.0016078081680461764,0.9962396621704102,0.06455902755260468,0.16553501784801483,
6795,6.390676975250244,0.0017148969927802682,1.1307487487792969,0.06686127185821533,0.1418209671974182,
6796,9.094372749328613,0.0014306994853541255,0.9809451699256897,0.05439266562461853,0.26871371269226074,
6797,9.151981353759766,0.0016215482028201222,1.0233712196350098,0.0877329558134079,0.23578989505767822,
6798,7.576618194580078,0.0015790886245667934,1.0055104494094849,0.08865915238857269,0.17260608077049255,
6799,7.820007801055908,0.0014187502674758434,0.9666601419448853,0.12109510600566864,0.1516200453042984,
6800,7.054530620574951,0.0013511119177564979,1.096702218055725,0.08006010949611664,0.15690192580223083,
6801,6.830550193786621,0.0017044199630618095,1.026930809020996,0.06299437582492828,0.16744598746299744,
6802,17.533050537109375,0.0015926618361845613,1.1389153003692627,0.07431325316429138,0.5798594355583191,
6803,7.794559478759766,0.0014512942871078849,1.0693538188934326,0.11150220036506653,0.15605473518371582,
6804,6.839661121368408,0.0017061274265870452,0.9400708079338074,0.14755217730998993,0.08672533184289932,
6805,9.548693656921387,0.0014010489685460925,1.123583436012268,0.04679688811302185,0.2888064384460449,
6806,5.658193588256836,0.0014198158169165254,1.023508071899414,0.13675332069396973,0.04721429944038391,
6807,8.796658515930176,0.001382367336191237,0.8061426877975464,0.14307650923728943,0.17516174912452698,
6808,6.639477729797363,0.0015105776255950332,0.9480910301208496,0.03139013051986694,0.19475474953651428,
6809,5.513956546783447,0.0016844961792230606,0.8885473012924194,0.11450812220573425,0.06882375478744507,
6810,6.426270484924316,0.001977767562493682,0.9967739582061768,0.0767555832862854,0.13844650983810425,
6811,6.015183448791504,0.0017532502533867955,0.9830513596534729,0.10022436082363129,0.09930767118930817,
6812,8.95598316192627,0.0014112354256212711,1.0088274478912354,0.057916462421417236,0.2585585415363312,
6813,6.619985103607178,0.0016638817032799125,1.1077848672866821,0.07066892087459564,0.14815521240234375,
6814,8.268726348876953,0.0016942527145147324,1.0321704149246216,0.08683137595653534,0.20093663036823273,
6815,6.3788371086120605,0.0014273101696744561,1.0572584867477417,0.02321399748325348,0.18822184205055237,
6816,6.17432975769043,0.001625851378776133,1.0495007038116455,0.03914555907249451,0.16422176361083984,
6817,7.738088607788086,0.0017971774796023965,1.0639822483062744,0.09956735372543335,0.16559970378875732,
6818,7.009993553161621,0.001875728485174477,1.0190575122833252,0.10519547760486603,0.13256625831127167,
6819,8.142251014709473,0.002026885049417615,1.1908187866210938,0.028457075357437134,0.2475733458995819,
6820,5.505424499511719,0.0016221593832597136,0.9147338271141052,0.11398111283779144,0.06802433729171753,
6821,6.9031572341918945,0.0016526893014088273,1.1131811141967773,0.022171467542648315,0.20777487754821777,
6822,10.690799713134766,0.0016130466246977448,1.393933653831482,0.09004944562911987,0.2802121639251709,
6823,5.772182464599609,0.0015577580779790878,1.3319730758666992,0.05320703983306885,0.12284357845783234,
6824,8.162399291992188,0.0016659735701978207,1.1667194366455078,0.09490416944026947,0.1832570731639862,
6825,13.371322631835938,0.0016188236186280847,1.120995044708252,0.06187815964221954,0.4265161156654358,
6826,8.497969627380371,0.0017147017642855644,1.1933326721191406,0.06201432645320892,0.22845643758773804,
6827,12.06570053100586,0.0015269076684489846,0.8922621607780457,0.13945883512496948,0.3059517741203308,
6828,8.144389152526855,0.0015420912532135844,0.8962538838386536,0.10348711907863617,0.18489620089530945,
6829,6.720707893371582,0.0015299607766792178,0.8561058044433594,0.07217903435230255,0.1608750969171524,
6830,11.511963844299316,0.0017089854227378964,1.4043084383010864,0.03528663516044617,0.36731061339378357,
6831,7.8993754386901855,0.001488506211899221,1.2282832860946655,0.03941062092781067,0.22594454884529114,
6832,7.081714630126953,0.0015742321265861392,1.1064682006835938,0.049345433712005615,0.18809019029140472,
6833,7.513701438903809,0.0015259940410032868,0.8574761748313904,0.12711888551712036,0.13760411739349365,
6834,9.163698196411133,0.001471705618314445,1.2774338722229004,0.03051985800266266,0.28345903754234314,
6835,6.314264297485352,0.0013056808384135365,1.4843711853027344,0.0851011723279953,0.10678887367248535,
6836,9.940141677856445,0.0014676125720143318,1.2600773572921753,0.07400961220264435,0.2717253565788269,
6837,7.148691177368164,0.0012828437611460686,1.018427848815918,0.037186041474342346,0.20674163103103638,
6838,6.371983051300049,0.0014126007445156574,1.007713794708252,0.021105706691741943,0.1920524537563324,
6839,7.266493797302246,0.0012091451790183783,1.369592547416687,0.07246044278144836,0.16220645606517792,
6840,8.107568740844727,0.0016445423243567348,1.1293158531188965,0.10690584778785706,0.170579731464386,
6841,5.571216583251953,0.0013974510366097093,1.1995561122894287,0.028906017541885376,0.1445629596710205,
6842,7.551392078399658,0.0016742721199989319,0.8242958784103394,0.027621686458587646,0.23978787660598755,
6843,7.0278730392456055,0.0015947547508403659,1.1570546627044678,0.06241913139820099,0.17081886529922485,
6844,10.068326950073242,0.0014386161928996444,1.3106058835983276,0.044484809041023254,0.30438539385795593,
6845,6.3914408683776855,0.001302504912018776,1.2591280937194824,0.09758418798446655,0.1064058244228363,
6846,12.023269653320312,0.0012422231957316399,0.8951230049133301,0.13633951544761658,0.30754411220550537,
6847,7.71757173538208,0.0013868147507309914,0.9123703837394714,0.11238808929920197,0.15843316912651062,
6848,8.868106842041016,0.0012734495103359222,1.1565488576889038,0.08244802057743073,0.2247408628463745,
6849,12.215753555297852,0.0015035761753097177,0.9955824613571167,0.14737333357334137,0.2999299168586731,
6850,8.587120056152344,0.001546695246361196,1.149476170539856,0.0835079699754715,0.21245107054710388,
6851,5.988698482513428,0.0013588109286502004,1.148325800895691,0.0239650160074234,0.16829107701778412,
6852,8.722326278686523,0.0013246010057628155,1.1469924449920654,0.11086037755012512,0.1908283531665802,
6853,8.34414005279541,0.0012527784565463662,1.1534903049468994,0.049405619502067566,0.23696759343147278,
6854,9.919878959655762,0.0011991026112809777,1.0047763586044312,0.11654181778430939,0.23886319994926453,
6855,7.712186336517334,0.0013042486971244216,1.037213683128357,0.07850055396556854,0.1871941089630127,
6856,11.918517112731934,0.0011112299980595708,0.9482507109642029,0.19070708751678467,0.2469923496246338,
6857,12.972984313964844,0.0012534394627436996,0.735163152217865,0.16410678625106812,0.3241526484489441,
6858,8.754024505615234,0.001196023658849299,0.7805425524711609,0.0734013020992279,0.24434196949005127,
6859,10.163798332214355,0.0013098487397655845,1.1059445142745972,0.12404502928256989,0.23695924878120422,
6860,6.859978675842285,0.0012008381308987737,0.9292017221450806,0.03743578493595123,0.19859445095062256,
6861,13.058094024658203,0.0012739395024254918,0.9488707780838013,0.1509043574333191,0.3321906328201294,
6862,7.5693230628967285,0.0013190900208428502,1.017627239227295,0.09323282539844513,0.16751590371131897,
6863,6.061140537261963,0.0013297047698870301,0.8823664784431458,0.10658173263072968,0.09923950582742691,
6864,5.525866985321045,0.001283276709727943,0.9687277674674988,0.1030697226524353,0.07793257385492325,
6865,8.25793170928955,0.0012285005068406463,0.8370872735977173,0.02127978205680847,0.27432548999786377,
6866,6.071049690246582,0.0013127527199685574,1.1567456722259521,0.10189196467399597,0.09336744248867035,
6867,12.888940811157227,0.0012474567629396915,0.9989475011825562,0.055432215332984924,0.4189200699329376,
6868,6.850986003875732,0.0013931606663390994,0.9396977424621582,0.14038628339767456,0.09467208385467529,
6869,8.804205894470215,0.0011797290062531829,0.7637768983840942,0.17058813571929932,0.1498492956161499,
6870,8.52885627746582,0.0013216630322858691,1.0263481140136719,0.1333879977464676,0.16539065539836884,
6871,7.001092910766602,0.0014085114235058427,1.0008572340011597,0.13042280077934265,0.10817810893058777,
6872,5.895538806915283,0.0012576045701280236,0.9807332754135132,0.08300349116325378,0.11233112961053848,
6873,7.752697944641113,0.0014788905391469598,0.7328512668609619,0.11324138939380646,0.16607359051704407,
6874,10.089879035949707,0.001260573510080576,1.0636882781982422,0.01948520541191101,0.34030184149742126,
6875,7.680163860321045,0.0011540009872987866,0.8542804718017578,0.14621402323246002,0.12566730380058289,
6876,6.915283679962158,0.0012583275092765689,1.0771533250808716,0.022859662771224976,0.209407240152359,
6877,8.141971588134766,0.0009911913657560945,1.2228937149047852,0.040615350008010864,0.2351565659046173,
6878,14.308640480041504,0.0013676517410203815,1.1704442501068115,0.10677856206893921,0.4173816442489624,
6879,8.263582229614258,0.0011354750022292137,1.3121120929718018,0.08223728835582733,0.19468602538108826,
6880,9.651244163513184,0.0012325717834755778,1.0598868131637573,0.023394033312797546,0.3190276622772217,
6881,8.666717529296875,0.0012789323227480054,1.1016230583190918,0.07198113203048706,0.22934368252754211,
6882,6.762113571166992,0.0012240585638210177,0.910355806350708,0.11359712481498718,0.1192491203546524,
6883,10.548757553100586,0.001391028636135161,1.016986608505249,0.07858611643314362,0.3012937009334564,
6884,5.251087665557861,0.001297038048505783,1.2641987800598145,0.07300309836864471,0.08517541736364365,
6885,5.855670928955078,0.0011886151041835546,1.0058952569961548,0.06772197782993317,0.1250804364681244,
6886,7.326726913452148,0.0012556988513097167,1.1666038036346436,0.03052288293838501,0.21462634205818176,
6887,7.0193586349487305,0.0012078579748049378,1.0669422149658203,0.04687274992465973,0.19001604616641998,
6888,7.514495372772217,0.001367046614177525,1.1046110391616821,0.05736874043941498,0.19765958189964294,
6889,9.345173835754395,0.0013015540316700935,0.9769982695579529,0.14618395268917084,0.18724150955677032,
6890,10.05109691619873,0.001287881750613451,0.9759671688079834,0.06753619015216827,0.29418110847473145,
6891,8.642772674560547,0.0012067585485056043,0.9319931864738464,0.15015006065368652,0.15707436203956604,
6892,7.977400302886963,0.0012386003509163857,0.7878727912902832,0.13211485743522644,0.15422764420509338,
6893,14.12672233581543,0.0013558041537180543,1.4734236001968384,0.0,0.504776120185852,
6894,10.991066932678223,0.0012235959293320775,1.2382913827896118,0.10225486755371094,0.2866325378417969,
6895,6.655486106872559,0.0016952423611655831,0.9619385004043579,0.06048889458179474,0.16555775701999664,
6896,7.194553852081299,0.0011611758964136243,0.8676899671554565,0.01549278199672699,0.23642058670520782,
6897,8.00898265838623,0.0013659702381119132,1.1481428146362305,0.0549306720495224,0.21813693642616272,
6898,10.036542892456055,0.0013931458815932274,1.0171000957489014,0.04420146346092224,0.3151831030845642,
6899,16.129587173461914,0.0015209898119792342,1.2989369630813599,0.04365023970603943,0.5480547547340393,
6900,7.359758377075195,0.0014427324058488011,0.9435265064239502,0.09559446573257446,0.15961208939552307,
6901,6.033677577972412,0.0012862953590229154,0.8575834035873413,0.09187503159046173,0.11388243734836578,
6902,8.221343994140625,0.0016949577257037163,0.8325743675231934,0.18660248816013336,0.10725332796573639,
6903,4.833780765533447,0.0014016954228281975,1.245186686515808,0.029811441898345947,0.1123306155204773,
6904,4.0841755867004395,0.0020697370637208223,1.136304497718811,0.011989906430244446,0.1038552075624466,
6905,7.323533058166504,0.001637107226997614,0.8877848386764526,0.07589514553546906,0.17989766597747803,
6906,7.616132736206055,0.001735235215164721,1.0890986919403076,0.09234118461608887,0.16700494289398193,
6907,10.590730667114258,0.0013485020026564598,0.9168787002563477,0.07842826843261719,0.3071773052215576,
6908,8.271366119384766,0.0013576826313510537,0.9996891021728516,0.19588792324066162,0.09362148493528366,
6909,9.6635160446167,0.001570198219269514,0.9768169522285461,0.11483877897262573,0.2310589849948883,
6910,7.8831329345703125,0.001047510770149529,1.0668871402740479,0.03797243535518646,0.23362989723682404,
6911,8.388045310974121,0.0013261191779747605,0.9297935962677002,0.051608383655548096,0.24539558589458466,
6912,5.583269119262695,0.001224875682964921,0.8236786127090454,0.05705098807811737,0.13210776448249817,
6913,11.433537483215332,0.0010698748519644141,1.0288708209991455,0.024693042039871216,0.3904237747192383,
6914,8.690424919128418,0.0010940538486465812,1.4580111503601074,0.0,0.2882024943828583,
6915,9.629425048828125,0.001317542977631092,1.3246564865112305,0.03219407796859741,0.2986791133880615,
6916,13.402555465698242,0.001298174262046814,1.3662689924240112,0.13106641173362732,0.3490868806838989,
6917,3.796009063720703,0.0012482807505875826,1.0835593938827515,0.05604727566242218,0.05120242387056351,
6918,7.607377529144287,0.001112176920287311,1.2437440156936646,0.09265410900115967,0.16077905893325806,
6919,7.034559726715088,0.0011283549247309566,1.1090178489685059,0.10388641059398651,0.1320069134235382,
6920,3.854961633682251,0.0012355907820165157,1.238799810409546,0.030630260705947876,0.07278062403202057,
6921,7.9833784103393555,0.0015485122567042708,1.1230323314666748,0.08061373233795166,0.19225160777568817,
6922,10.489615440368652,0.0013299338752403855,1.03541100025177,0.1020311713218689,0.2748070955276489,
6923,8.489884376525879,0.001024050870910287,1.12496018409729,0.1175745278596878,0.17599838972091675,
6924,11.200983047485352,0.0012531864922493696,1.2084707021713257,0.03848692774772644,0.3599604070186615,
6925,7.605550765991211,0.0010966755216941237,1.2667417526245117,0.10796734690666199,0.14448833465576172,
6926,2.780684232711792,0.0012674730969592929,0.9914259910583496,0.019649744033813477,0.050653114914894104,
6927,5.136491775512695,0.001333546475507319,1.0638318061828613,0.04802563786506653,0.11354720592498779,
6928,9.072200775146484,0.0011417687637731433,0.9132884740829468,0.09780339896678925,0.22741132974624634,
6929,11.244787216186523,0.0010774065740406513,1.0718069076538086,0.06343145668506622,0.3424103558063507,
6930,8.155210494995117,0.0013127177953720093,1.1137595176696777,0.07666900753974915,0.20367634296417236,
6931,11.649833679199219,0.001163956825621426,1.1232211589813232,0.025175780057907104,0.3947247862815857,
6932,7.232772350311279,0.001273726811632514,1.0987728834152222,0.04712505638599396,0.1969611942768097,
6933,7.0480637550354,0.0009640940115787089,0.8748980760574341,0.0666474848985672,0.17931506037712097,
6934,8.299202919006348,0.001234641531482339,0.9180894494056702,0.1899435669183731,0.10406633466482162,
6935,4.7461066246032715,0.0013701667776331306,1.096524715423584,0.052619561553001404,0.0919935554265976,
6936,8.244281768798828,0.0015415212837979198,0.800033450126648,0.043191343545913696,0.25303709506988525,
6937,7.814216613769531,0.0010708675254136324,1.097817063331604,0.002531781792640686,0.26505333185195923,
6938,11.254693984985352,0.0010833613341674209,1.055840253829956,0.01262432336807251,0.3942464590072632,
6939,7.007210731506348,0.001224698149599135,0.9239192008972168,0.05235239863395691,0.18975456058979034,
6940,7.018294334411621,0.0011414639884606004,1.0192360877990723,0.08192826807498932,0.1568925976753235,
6941,9.057504653930664,0.001176538527943194,1.1311705112457275,0.09161381423473358,0.2242630273103714,
6942,7.201990127563477,0.0010672170901671052,0.9733915328979492,0.04032185673713684,0.20775486528873444,
6943,6.209654808044434,0.0010154825868085027,0.8999683856964111,0.08681777119636536,0.12455420196056366,
6944,5.660871982574463,0.0011228699004277587,1.1096326112747192,0.031470030546188354,0.1494566798210144,
6945,10.145805358886719,0.0008948412723839283,0.949211835861206,0.11726135015487671,0.24970753490924835,
6946,5.805717468261719,0.0013518733903765678,1.0348329544067383,0.03955601155757904,0.14992749691009521,
6947,6.942495346069336,0.0011512265773490071,1.1179373264312744,0.09774039685726166,0.13409070670604706,
6948,9.026021003723145,0.0010494395392015576,0.8461902737617493,0.14942020177841187,0.17672359943389893,
6949,7.2813520431518555,0.001105109229683876,1.0368958711624146,0.0881517231464386,0.16052140295505524,
6950,10.85956859588623,0.0011153846280649304,0.9024744033813477,0.1316511482000351,0.2655172348022461,
6951,6.7488226890563965,0.0013185897842049599,0.835550844669342,0.08006072044372559,0.1551515758037567,
6952,7.105837821960449,0.0010683516738936305,0.8804851174354553,0.09458339214324951,0.15336236357688904,
6953,5.5841145515441895,0.0010353868128731847,0.923775315284729,0.1259886622428894,0.05938951298594475,
6954,9.109455108642578,0.0011234608246013522,0.9919410347938538,0.08103722333908081,0.24253983795642853,
6955,5.7118072509765625,0.0010163270635530353,0.9536718130111694,0.078532874584198,0.11077621579170227,
6956,5.672145843505859,0.0009937741560861468,0.9166595935821533,0.053258851170539856,0.13596680760383606,
6957,7.419267654418945,0.0010999738005921245,0.7715699672698975,0.12130671739578247,0.14350120723247528,
6958,8.262370109558105,0.0011249992530792952,0.9353989958763123,0.01712457835674286,0.27482926845550537,
6959,7.97148323059082,0.0010575943160802126,1.0087945461273193,0.041531771421432495,0.23591817915439606,
6960,5.403600692749023,0.000932101858779788,0.9929857850074768,0.11912849545478821,0.056363992393016815,
6961,4.33685827255249,0.0009345752187073231,1.1427408456802368,0.017309725284576416,0.10952039808034897,
6962,8.236593246459961,0.0009552196715958416,0.8223931789398193,0.07766470313072205,0.2179480940103531,
6963,4.96104097366333,0.0010562947718426585,1.074622631072998,0.03273303806781769,0.12166740000247955,
6964,7.175065994262695,0.0010559792863205075,1.0149657726287842,0.09446647763252258,0.1508815586566925,
6965,7.205783367156982,0.0009776806691661477,1.1929898262023926,0.010236814618110657,0.22929725050926208,
6966,8.447135925292969,0.0009493711986579001,1.0397210121154785,0.05911773443222046,0.23622950911521912,
6967,10.169628143310547,0.00116674171295017,1.1392608880996704,0.09432446956634521,0.26572343707084656,
6968,11.085620880126953,0.0009811618365347385,1.2667369842529297,0.0487067848443985,0.3430674076080322,
6969,4.4693827629089355,0.001104047056287527,1.170888066291809,0.0,0.13083574175834656,
6970,9.185068130493164,0.0010221028933301568,1.1758224964141846,0.01505972445011139,0.30428802967071533,
6971,6.501391410827637,0.0009987192461267114,1.1582109928131104,0.031015127897262573,0.18171337246894836,
6972,8.986401557922363,0.0011616334086284041,1.0685627460479736,0.0856427252292633,0.22990919649600983,
6973,11.702044486999512,0.0010833326959982514,1.4805909395217896,0.08969338238239288,0.31808143854141235,
6974,8.298901557922363,0.001106028794310987,1.3001816272735596,0.043958455324172974,0.2348843216896057,
6975,8.68028450012207,0.0008942214190028608,1.2320387363433838,0.12495723366737366,0.17207837104797363,
6976,5.488184452056885,0.001011605723761022,1.0228543281555176,0.0283125638961792,0.14928904175758362,
6977,4.023392677307129,0.001078557106666267,1.1100695133209229,0.037085890769958496,0.07836848497390747,
6978,8.738420486450195,0.0009707731660455465,0.9411457777023315,0.07452622056007385,0.236394003033638,
6979,8.54333209991455,0.000887561880517751,0.7244609594345093,0.11080269515514374,0.2010645866394043,
6980,10.16418743133545,0.0011064262362197042,0.965201735496521,0.1527191549539566,0.2141338586807251,
6981,7.864805221557617,0.0011477085063233972,0.9579593539237976,0.11535243690013885,0.15977369248867035,
6982,9.939996719360352,0.0010848621604964137,1.2718892097473145,0.05634021759033203,0.28929924964904785,
6983,8.960793495178223,0.0011256742291152477,1.0663416385650635,0.0998830795288086,0.21476930379867554,
6984,7.639545917510986,0.0012251283042132854,0.9989606142044067,0.028514519333839417,0.23588377237319946,
6985,6.6303839683532715,0.0010525177931413054,1.0603514909744263,0.027805954217910767,0.1939428299665451,
6986,6.383561134338379,0.0014488300075754523,0.9610086679458618,0.055074065923690796,0.16037920117378235,
6987,7.781180381774902,0.0010198652744293213,1.0134551525115967,0.0928557962179184,0.17683333158493042,
6988,8.745985984802246,0.0011337170144543052,0.9672242403030396,0.10714772343635559,0.20286904275417328,
6989,6.091769695281982,0.0010927235707640648,0.8647922277450562,0.09127916395664215,0.1167072057723999,
6990,10.676932334899902,0.0010106386616826057,0.8785927295684814,0.16029632091522217,0.23062661290168762,
6991,6.967589855194092,0.0012006035540252924,0.9386506080627441,0.15264825522899628,0.08730871230363846,
6992,6.2470927238464355,0.001143499743193388,0.9115379452705383,0.10505275428295135,0.1072259247303009,
6993,7.073967456817627,0.0012284385738894343,0.8604269027709961,0.1231279969215393,0.12418518960475922,
6994,12.588300704956055,0.001438724691979587,1.0525407791137695,0.08363382518291473,0.3763578236103058,
6995,6.870687484741211,0.0009994377614930272,0.9467360973358154,0.10585318505764008,0.1301054209470749,
6996,7.6168107986450195,0.0012136317091062665,1.0261112451553345,0.03319220244884491,0.2292221486568451,
6997,5.610353469848633,0.0009675798937678337,1.1165473461151123,0.05717650055885315,0.12160816788673401,
6998,5.730660915374756,0.0009404851007275283,0.9369549751281738,0.11484989523887634,0.07595786452293396,
6999,10.063521385192871,0.0013662242563441396,1.013636589050293,0.06820930540561676,0.2924198508262634,
7000,6.563348293304443,0.001042575458995998,0.9500840306282043,0.0431501567363739,0.1803378313779831,"[0.9532942771911621, 0.9032340049743652, 1.0611114501953125]"
7001,4.734862327575684,0.000986232771538198,0.9784163236618042,0.0802922397851944,0.06897936016321182,
7002,16.546443939208984,0.0009806513553485274,1.091713309288025,0.052097588777542114,0.565110981464386,
7003,5.9945831298828125,0.0010758081916719675,1.2182199954986572,0.0,0.1899787187576294,
7004,6.448611736297607,0.0010833381675183773,1.0884780883789062,0.016199931502342224,0.19712208211421967,
7005,7.92106819152832,0.0011876708595082164,1.0603358745574951,0.05719786882400513,0.21604375541210175,
7006,17.654539108276367,0.0009980633622035384,1.1484482288360596,0.0805920958518982,0.5786533951759338,
7007,8.35157585144043,0.0013614740455523133,0.9328099489212036,0.0858246386051178,0.20956453680992126,
7008,12.887821197509766,0.0010285109747201204,1.1399767398834229,0.055065661668777466,0.4138196110725403,
7009,6.562438011169434,0.0009640973876230419,0.9846742749214172,0.13558433949947357,0.08656211942434311,
7010,5.454627513885498,0.0009606795501895249,1.0123591423034668,0.126113623380661,0.050616420805454254,
7011,5.629483222961426,0.0009833606891334057,0.9342004656791687,0.09973058104515076,0.08709736913442612,
7012,6.9333600997924805,0.0010298286797478795,0.9110924601554871,0.0927497148513794,0.147111177444458,
7013,7.5246686935424805,0.0010198528179898858,1.0706231594085693,0.11394007503986359,0.14320190250873566,
7014,7.105556964874268,0.0009426353499293327,0.8984586000442505,0.08690431714057922,0.1604369878768921,
7015,8.206756591796875,0.000998282921500504,0.9956300258636475,0.12398993968963623,0.16345684230327606,
7016,12.576784133911133,0.0009563653147779405,1.0395238399505615,0.06448104977607727,0.3960529565811157,
7017,6.740994453430176,0.0010026226518675685,0.9444721341133118,0.11018247902393341,0.12067577242851257,
7018,6.161190032958984,0.0010261265560984612,1.205499529838562,0.06154099106788635,0.13566049933433533,
7019,11.306516647338867,0.0010492129949852824,1.1903001070022583,0.052151888608932495,0.35144755244255066,
7020,9.326157569885254,0.0008741053752601147,1.0946162939071655,0.082087442278862,0.2463001310825348,
7021,6.495830535888672,0.0011549334740266204,0.8921480774879456,0.09773647785186768,0.12525589764118195,
7022,8.296991348266602,0.0011935752118006349,0.901625394821167,0.1183440089225769,0.1762770414352417,
7023,6.467069149017334,0.0011326794046908617,1.1080098152160645,0.0,0.2132296860218048,
7024,5.716773986816406,0.0010179070523008704,1.1405072212219238,0.03669901192188263,0.14533375203609467,
7025,8.925684928894043,0.0009252457530237734,1.1830140352249146,0.08079780638217926,0.22798378765583038,
7026,10.877825736999512,0.0010131694143638015,0.9635385870933533,0.07817962765693665,0.3173786997795105,
7027,12.576836585998535,0.000968962034676224,0.9044114351272583,0.132858008146286,0.3330700397491455,
7028,11.581653594970703,0.001239420031197369,0.8860871195793152,0.07290661334991455,0.35367661714553833,
7029,11.165011405944824,0.0011803371598944068,1.088195562362671,0.10586278140544891,0.2960295081138611,
7030,8.161606788635254,0.000890354800503701,0.9070150852203369,0.10227760672569275,0.18701571226119995,
7031,8.031045913696289,0.0010694828815758228,0.984438955783844,0.056131958961486816,0.22466281056404114,
7032,6.952800750732422,0.0010301829315721989,0.9246857166290283,0.03330080211162567,0.2067936211824417,
7033,8.699045181274414,0.0009035241673700511,0.9867233633995056,0.156814306974411,0.15077507495880127,
7034,8.051867485046387,0.0010656336089596152,0.9135857224464417,0.06821978092193604,0.2162458598613739,
7035,5.212130546569824,0.0010312628000974655,1.0004080533981323,0.04935494065284729,0.11808270215988159,
7036,6.970398902893066,0.0011073666391894221,0.911778450012207,0.05472342669963837,0.1865140199661255,
7037,7.335398197174072,0.0010027248645201325,0.7878464460372925,0.10088562965393066,0.16001370549201965,
7038,8.801233291625977,0.0009362297132611275,1.1533159017562866,0.13409863412380219,0.17088185250759125,
7039,9.749774932861328,0.0010690279304981232,0.9544162154197693,0.09207355976104736,0.25867176055908203,
7040,6.741563320159912,0.0009419668931514025,1.0155396461486816,0.0653163343667984,0.16278265416622162,
7041,9.895809173583984,0.0010873818537220359,1.02205228805542,0.13570140302181244,0.2181614637374878,
7042,6.594064712524414,0.0010885040974244475,0.9536483883857727,0.07968749105930328,0.14484065771102905,
7043,3.6908140182495117,0.0011379658244550228,0.9226289987564087,0.03482961654663086,0.07475981116294861,
7044,7.968491554260254,0.0008925034198909998,1.0992205142974854,0.09738472104072571,0.1764936000108719,
7045,5.775727272033691,0.001027778023853898,0.8987489938735962,0.06855607032775879,0.1254952847957611,
7046,9.29961109161377,0.0010606650030240417,0.9148175716400146,0.20628836750984192,0.12804269790649414,
7047,11.848286628723145,0.0009429645724594593,0.7406535744667053,0.14797212183475494,0.29539021849632263,
7048,10.765519142150879,0.001169336261227727,1.023662805557251,0.13678118586540222,0.2517237365245819,
7049,11.90517520904541,0.0013202405534684658,1.2630618810653687,0.09766021370887756,0.32670408487319946,
7050,8.086315155029297,0.0009803001303225756,1.00846266746521,0.07964794337749481,0.2024858593940735,
7051,7.354120254516602,0.0009669308201409876,0.848994255065918,0.13599593937397003,0.12324216216802597,
7052,8.301178932189941,0.0008493369095958769,0.9323639273643494,0.11961637437343597,0.17428691685199738,
7053,9.86403751373291,0.0009673254680819809,1.16133713722229,0.055724456906318665,0.2914162278175354,
7054,9.479679107666016,0.0010164884151890874,1.1808745861053467,0.046079084277153015,0.2848565876483917,
7055,5.395888805389404,0.000999164069071412,1.0296920537948608,0.11187580227851868,0.0617729015648365,
7056,5.677497863769531,0.0008798394701443613,0.9177610874176025,0.057373955845832825,0.13213568925857544,
7057,8.026629447937012,0.0009400264825671911,0.9318064451217651,0.14016251266002655,0.14269036054611206,
7058,5.923324108123779,0.0008933991193771362,0.9182477593421936,0.13249047100543976,0.0668191909790039,
7059,6.66201114654541,0.0009435422834940255,0.9864356517791748,0.11262670159339905,0.11345277726650238,
7060,7.5239739418029785,0.0008810616564005613,1.032680869102478,0.10561402142047882,0.15315662324428558,
7061,6.353029727935791,0.001004097517579794,0.9828881025314331,0.14412499964237213,0.06967656314373016,
7062,5.24104642868042,0.0009119755704887211,0.8802968263626099,0.06790745258331299,0.10561055690050125,
7063,7.156639575958252,0.0009731743484735489,1.1004838943481445,0.03757977485656738,0.20369327068328857,
7064,12.727099418640137,0.0010007719974964857,0.9988396763801575,0.09967610239982605,0.3684535324573517,
7065,8.061120986938477,0.0008930254844017327,0.9792585372924805,0.0061877816915512085,0.27619367837905884,
7066,9.61716079711914,0.0009770350297912955,0.9826081991195679,0.02193811535835266,0.32246696949005127,
7067,7.912505149841309,0.0008888804004527628,0.79935622215271,0.10577231645584106,0.17786476016044617,
7068,8.428410530090332,0.0010088240960612893,0.9835647344589233,0.07026082277297974,0.22652417421340942,
7069,6.813580513000488,0.0009033572860062122,1.128950834274292,0.03653086721897125,0.18995094299316406,
7070,10.414395332336426,0.0008626086637377739,0.8769756555557251,0.045243412256240845,0.33539074659347534,
7071,6.685685157775879,0.0009855687385424972,0.9740655422210693,0.03818218410015106,0.18929705023765564,
7072,8.556965827941895,0.0010320256697013974,0.9602931141853333,0.039998382329940796,0.2628365159034729,
7073,6.762585639953613,0.0008024778217077255,0.9224644899368286,0.1055341511964798,0.1272682249546051,
7074,4.955188751220703,0.0008274916908703744,0.9099588394165039,0.07136093080043793,0.08962076902389526,
7075,11.653765678405762,0.0009694825857877731,1.0452220439910889,0.09918348491191864,0.324188768863678,
7076,10.748695373535156,0.000878776132594794,1.0502207279205322,0.11906443536281586,0.26799577474594116,
7077,5.727616310119629,0.0010436723241582513,0.952731192111969,0.09210500121116638,0.09784672409296036,
7078,15.175206184387207,0.0009935169946402311,1.1425753831863403,0.016621053218841553,0.5436906814575195,
7079,10.955636024475098,0.0009450987563468516,1.1204560995101929,0.11725609004497528,0.2752060294151306,
7080,6.468358993530273,0.0011477931402623653,0.9423946142196655,0.036456137895584106,0.1834346354007721,
7081,6.487080097198486,0.0009262705571018159,0.9464559555053711,0.01309172809123993,0.2076069712638855,
7082,5.399472236633301,0.000974762428086251,0.8243840932846069,0.11941513419151306,0.06261363625526428,
7083,9.665117263793945,0.0009728986187838018,0.9740334749221802,0.1488686352968216,0.1978018432855606,
7084,6.444751739501953,0.0010292669758200645,0.9544153809547424,0.12600848078727722,0.09257572144269943,
7085,5.731480598449707,0.0009417851106263697,0.8912362456321716,0.05173468589782715,0.14093329012393951,
7086,8.875782012939453,0.0008769564446993172,0.7931656837463379,0.1842481791973114,0.1381794810295105,
7087,7.329151153564453,0.000990592292509973,0.9831759929656982,0.06419605016708374,0.18865235149860382,
7088,12.43583869934082,0.0009585292427800596,0.8624463081359863,0.13176211714744568,0.3302150368690491,
7089,8.024544715881348,0.0010525783291086555,0.9485564231872559,0.02987489104270935,0.2521120607852936,
7090,7.74778938293457,0.0008634422556497157,0.8903268575668335,0.11740213632583618,0.15603291988372803,
7091,7.733012676239014,0.00085479486733675,0.8542079925537109,0.11325739324092865,0.16103999316692352,
7092,10.640395164489746,0.0009584191720932722,0.9723281264305115,0.10161121189594269,0.2841530442237854,
7093,7.568544864654541,0.000867669761646539,0.9507185816764832,0.034321948885917664,0.2295234203338623,
7094,7.3554229736328125,0.0008158492273651063,0.8221999406814575,0.14095576107501984,0.11955730617046356,
7095,7.653471946716309,0.0007947096601128578,0.8537779450416565,0.08816646039485931,0.18302659690380096,
7096,7.622511863708496,0.0010239765979349613,0.9502306580543518,0.1027696281671524,0.16309764981269836,
7097,8.6091890335083,0.0009573492570780218,0.9128492474555969,0.063835009932518,0.24306121468544006,
7098,9.37987232208252,0.0008904865826480091,1.0024367570877075,0.0019249171018600464,0.33228203654289246,
7099,5.029690265655518,0.0008985611493699253,0.8215060234069824,0.0553387850522995,0.11209001392126083,
7100,7.768308639526367,0.0008939833496697247,0.7369289398193359,0.07031358778476715,0.2100476324558258,
7101,7.740755558013916,0.0013887775130569935,0.9233757853507996,0.0764169991016388,0.19488942623138428,
7102,8.758856773376465,0.0009149873512797058,0.7694444060325623,0.12780939042568207,0.19085213541984558,
7103,6.238777160644531,0.0008958444814197719,0.9049055576324463,0.12243345379829407,0.09002555906772614,
7104,8.816252708435059,0.0008297445601783693,1.0969164371490479,0.03805428743362427,0.2698894143104553,
7105,8.671507835388184,0.0008500483236275613,0.9960836172103882,0.09134410321712494,0.21482282876968384,
7106,10.979698181152344,0.0010267170146107674,0.9571118354797363,0.11353603005409241,0.28634071350097656,
7107,8.45564079284668,0.0008591341902501881,1.0230295658111572,0.008792683482170105,0.2876526415348053,
7108,5.324472904205322,0.0008804495446383953,0.8248201608657837,0.08103127777576447,0.09807437658309937,
7109,3.3942952156066895,0.0008421273087151349,1.0362616777420044,0.005815938115119934,0.08766327798366547,
7110,7.472270488739014,0.0008962966967374086,0.9761341214179993,0.04400961101055145,0.21493953466415405,
7111,7.660229682922363,0.0008617854327894747,1.0786526203155518,0.07416000962257385,0.18824128806591034,
7112,7.66614294052124,0.0009829419432207942,1.0823283195495605,0.06627210974693298,0.19609752297401428,
7113,10.080337524414062,0.0008300633053295314,0.9202233552932739,0.13725681602954865,0.22831767797470093,
7114,9.175856590270996,0.0008740755147300661,1.034872055053711,0.009302288293838501,0.31546303629875183,
7115,8.626568794250488,0.0006746778381057084,0.9552749395370483,0.045171841979026794,0.2610052227973938,
7116,8.353544235229492,0.0009556871955282986,0.9519748687744141,0.04935629665851593,0.2457508146762848,
7117,14.448054313659668,0.0008552776998840272,0.8253174424171448,0.13120225071907043,0.4128519594669342,
7118,5.515486240386963,0.0008583466988056898,0.9466061592102051,0.028771281242370605,0.1531255692243576,
7119,10.343832015991211,0.0007976523484103382,0.9327154159545898,0.04208029806613922,0.33356669545173645,
7120,7.136106014251709,0.0009341188124381006,0.9363594055175781,0.06091940402984619,0.18613633513450623,
7121,14.331883430480957,0.0008201377931982279,0.9678977727890015,0.07037155330181122,0.463367760181427,
7122,6.683884620666504,0.0009525610948912799,0.8479292392730713,0.13921867311000824,0.09326697140932083,
7123,8.067999839782715,0.0008242349722422659,0.6986303925514221,0.07982414960861206,0.2141263782978058,
7124,9.485029220581055,0.0008458991651423275,0.6884655952453613,0.1560242474079132,0.19499236345291138,
7125,9.94236946105957,0.000878293823916465,0.7214308977127075,0.09391617774963379,0.27404308319091797,
7126,7.929040431976318,0.0008799931965768337,0.9123940467834473,0.0942641943693161,0.1855216771364212,
7127,10.618670463562012,0.0009543729829601943,0.9086081981658936,0.11759057641029358,0.2698575258255005,
7128,5.916728496551514,0.0008714789873920381,0.9063738584518433,0.10230472683906555,0.0972379744052887,
7129,7.712643146514893,0.0010152860777452588,0.773429811000824,0.14563769102096558,0.1309155523777008,
7130,9.527623176574707,0.0008358250488527119,0.7824304103851318,0.2515948414802551,0.09737703204154968,
7131,5.421670436859131,0.0010422039777040482,1.157545566558838,0.07983933389186859,0.08968344330787659,
7132,8.549586296081543,0.0008757442119531333,0.7590612173080444,0.17942799627780914,0.13131725788116455,
7133,8.755023002624512,0.0009778626263141632,0.961471676826477,0.09392710030078888,0.2168371081352234,
7134,7.407460689544678,0.0009596357704140246,0.8161040544509888,0.1133054792881012,0.1493891477584839,
7135,10.222434997558594,0.0008567122858949006,0.7545554041862488,0.09154695272445679,0.2863115072250366,
7136,9.3416748046875,0.0008618926513008773,1.0725016593933105,0.13911065459251404,0.19079434871673584,
7137,6.233048915863037,0.0008901593391783535,0.9205283522605896,0.021701499819755554,0.1899091601371765,
7138,8.370447158813477,0.0009556387667544186,1.0793743133544922,0.08125483989715576,0.2094324231147766,
7139,4.410154342651367,0.0007729040808044374,0.8253107070922852,0.00854705274105072,0.13407377898693085,
7140,8.762351989746094,0.0007962125237099826,0.8605198860168457,0.12178924679756165,0.19348782300949097,
7141,7.587144374847412,0.0009395748493261635,0.97291100025177,0.13828130066394806,0.12534846365451813,
7142,6.385623455047607,0.0009036190458573401,0.869922935962677,0.11990255117416382,0.09982183575630188,
7143,7.797085285186768,0.0008662777836434543,0.9530354738235474,0.06062351167201996,0.21227219700813293,
7144,9.487590789794922,0.000838671752717346,0.9660612344741821,0.07585567235946655,0.26416683197021484,
7145,6.106363296508789,0.001086604897864163,1.0721173286437988,0.041199252009391785,0.15908397734165192,
7146,8.449932098388672,0.0007267033797688782,0.9182305335998535,0.08883516490459442,0.2117062211036682,
7147,10.558053970336914,0.0009744584094733,0.9372479915618896,0.11971838772296906,0.2641393840312958,
7148,9.908292770385742,0.0008822705713100731,1.0669043064117432,0.07368198037147522,0.2790912985801697,
7149,9.705323219299316,0.0009983588242903352,1.2231483459472656,0.030798181891441345,0.30749043822288513,
7150,7.470470905303955,0.000764308322686702,1.1108132600784302,0.016376972198486328,0.23724502325057983,
7151,9.662829399108887,0.0007633648929186165,0.9235756993293762,0.06331829726696014,0.2854885160923004,
7152,6.632439613342285,0.0008601133595220745,0.9086964130401611,0.04803341627120972,0.18005621433258057,
7153,4.6590118408203125,0.000902310770470649,0.9424341917037964,0.09623409807682037,0.051526688039302826,
7154,5.953050136566162,0.0008607882191427052,1.0443568229675293,0.027581408619880676,0.1679055392742157,
7155,7.548606872558594,0.000806512136477977,1.1024987697601318,0.05808520317077637,0.19895261526107788,
7156,9.007208824157715,0.0008849284495227039,1.1978416442871094,0.032516032457351685,0.2789737284183502,
7157,4.688486099243164,0.0008964510634541512,1.1596616506576538,0.05872341990470886,0.08153309673070908,
7158,10.595678329467773,0.0008289728430099785,1.0683505535125732,0.03790543973445892,0.34235870838165283,
7159,6.763145446777344,0.000885302375536412,1.1602489948272705,0.004829511046409607,0.21840104460716248,
7160,7.830601692199707,0.0008662086329422891,0.9244862794876099,0.11462478339672089,0.16075360774993896,
7161,3.9718058109283447,0.0007950154249556363,0.9085161685943604,0.029363051056861877,0.09237352758646011,
7162,11.698709487915039,0.0008679935708642006,0.8952251672744751,0.15999554097652435,0.2712758481502533,
7163,12.038081169128418,0.0008600417640991509,1.0570074319839478,0.08855403959751129,0.349828839302063,
7164,5.20434045791626,0.0008173677488230169,0.9021774530410767,0.060392290353775024,0.11087687313556671,
7165,4.707437515258789,0.0007985240663401783,0.8251687288284302,0.03509239852428436,0.11939983069896698,
7166,6.572611331939697,0.0008671578834764659,0.9508327841758728,0.05566824972629547,0.1683357208967209,
7167,8.688484191894531,0.0009410856873728335,1.179102897644043,0.1321711391210556,0.16726303100585938,
7168,9.101794242858887,0.00106360565405339,0.9292656779289246,0.09115606546401978,0.23468145728111267,
7169,10.710697174072266,0.0008807002450339496,1.1109728813171387,0.12305839359760284,0.26004987955093384,
7170,6.758220672607422,0.0008543098228983581,1.0070780515670776,0.12332601845264435,0.10586537420749664,
7171,4.134549140930176,0.0008804893586784601,0.8910002708435059,0.020220398902893066,0.10864105820655823,
7172,7.921232223510742,0.0008848326397128403,0.8360641002655029,0.15030112862586975,0.13222074508666992,
7173,5.129271507263184,0.000890348048415035,1.058640956878662,0.06632260978221893,0.09561227262020111,
7174,7.3383378982543945,0.0008058571838773787,1.0030097961425781,0.07763375341892242,0.1749735176563263,
7175,9.845453262329102,0.0011448677396401763,1.124877691268921,0.09517878293991089,0.2524993419647217,
7176,8.043378829956055,0.0010371500393375754,1.0187957286834717,0.1543620526790619,0.12558412551879883,
7177,7.499824523925781,0.000788909092079848,0.9362021684646606,0.1614844650030136,0.10027150809764862,
7178,4.163767337799072,0.00087920663645491,1.0513592958450317,0.04790152609348297,0.07571560144424438,
7179,9.583277702331543,0.0009187078103423119,0.9638418555259705,0.08379040658473969,0.2600683569908142,
7180,7.647298812866211,0.000913518771994859,1.2687287330627441,0.032624080777168274,0.22160521149635315,
7181,7.040144920349121,0.0007946302648633718,0.9538354873657227,0.0930289477109909,0.14962878823280334,
7182,9.097841262817383,0.0007960354560054839,0.7772343754768372,0.14947132766246796,0.18255692720413208,
7183,7.928924560546875,0.0008128650952130556,0.953852653503418,0.047519832849502563,0.23067018389701843,
7184,6.060436248779297,0.0009636164759285748,1.387460708618164,0.018625780940055847,0.16732962429523468,
7185,9.067453384399414,0.0009051522356458008,1.1737669706344604,0.010122746229171753,0.30471956729888916,
7186,6.631251811981201,0.0008724455838091671,1.0044608116149902,0.05323360860347748,0.17096559703350067,
7187,6.305296897888184,0.0008136327960528433,1.0654497146606445,0.07498674094676971,0.13379350304603577,
7188,5.8055243492126465,0.0007668907637707889,0.8901131749153137,0.13080891966819763,0.06504064798355103,
7189,17.408920288085938,0.0007149797747842968,1.0285844802856445,0.028935447335243225,0.6255630254745483,
7190,15.497112274169922,0.0008560109417885542,1.0814499855041504,0.00961160659790039,0.5661588907241821,
7191,6.432685852050781,0.0009288333239965141,0.9299003481864929,0.11385469138622284,0.10532791167497635,
7192,8.916433334350586,0.0009039549622684717,0.9974024891853333,0.0776749849319458,0.23818229138851166,
7193,11.119344711303711,0.0007480282220058143,1.0313663482666016,0.10504457354545593,0.2977265417575836,
7194,11.280447006225586,0.0008068970055319369,1.07764732837677,0.08995601534843445,0.31734907627105713,
7195,7.530013561248779,0.0008465509745292366,1.1457548141479492,0.017183944582939148,0.23733985424041748,
7196,9.589656829833984,0.0008399695507250726,1.250519871711731,0.052944913506507874,0.2797805964946747,
7197,6.382035732269287,0.0008333097794093192,0.9202971458435059,0.06470261514186859,0.15293361246585846,
7198,7.0890398025512695,0.000983077217824757,1.0445947647094727,0.12005828320980072,0.12073644995689392,
7199,4.10207462310791,0.0007854276336729527,1.0677034854888916,0.02854759991168976,0.09204180538654327,
7200,10.85069751739502,0.0006507185171358287,0.657609224319458,0.19806203246116638,0.20901080965995789,
7201,8.204975128173828,0.0007832532864995301,1.068345069885254,0.10226869583129883,0.182413250207901,
7202,23.0400390625,0.000821862427983433,0.8396106958389282,0.1983918696641922,0.6888034343719482,
7203,7.4973554611206055,0.0007483906229026616,0.9543256163597107,0.06558893620967865,0.19538384675979614,
7204,6.840974807739258,0.0007493516313843429,0.8152912855148315,0.11202198266983032,0.12825600802898407,
7205,10.271968841552734,0.0008721995982341468,1.1498680114746094,0.04839685559272766,0.3156149685382843,
7206,7.536633014678955,0.0008627737988717854,1.0535683631896973,0.08156181871891022,0.17689800262451172,
7207,8.395468711853027,0.0009490022785030305,0.9935133457183838,0.07859967648983002,0.21652953326702118,
7208,4.955826759338379,0.0009299669764004648,0.7672088146209717,0.06535053253173828,0.10126420855522156,
7209,5.1109089851379395,0.0008777154725976288,0.8606876134872437,0.08314909040927887,0.08598203957080841,
7210,10.309537887573242,0.0007565549458377063,0.8077899217605591,0.13159705698490143,0.24771630764007568,
7211,7.83569860458374,0.0007752128294669092,0.7483538389205933,0.09631520509719849,0.18640337884426117,
7212,6.298298358917236,0.0007132439059205353,0.9000182747840881,0.05339163541793823,0.16182632744312286,
7213,5.860671043395996,0.0007317596464417875,0.8159812688827515,0.04717949032783508,0.15387633442878723,
7214,12.22142219543457,0.0008829056750983,1.016350507736206,0.013690024614334106,0.4336299002170563,
7215,5.632429122924805,0.0008536754176020622,0.7719728946685791,0.07333114743232727,0.12023341655731201,
7216,4.959417343139648,0.0007322437595576048,1.013444185256958,0.09537699818611145,0.061729684472084045,
7217,7.814578056335449,0.0007175712380558252,0.8832398056983948,0.11236818134784698,0.16416779160499573,
7218,5.1388983726501465,0.0007843628991395235,1.05079984664917,0.09223084151744843,0.07050874084234238,
7219,9.208827018737793,0.0007205642759799957,0.8348798751831055,0.11818480491638184,0.21605250239372253,
7220,6.027721881866455,0.0007879776530899107,0.8377089500427246,0.12895028293132782,0.07786226272583008,
7221,10.010175704956055,0.0007980160880833864,1.0451122522354126,0.07057216763496399,0.287232369184494,
7222,7.796748638153076,0.0008415586198680103,1.037889003753662,0.005645245313644409,0.26386758685112,
7223,7.054834365844727,0.0008310480625368655,0.9622962474822998,0.04287007451057434,0.20000042021274567,
7224,4.199294090270996,0.00089127296814695,1.109692096710205,0.06353814899921417,0.05915466696023941,
7225,3.353541374206543,0.0009275258635170758,1.0453367233276367,0.0011106431484222412,0.09029002487659454,
7226,9.37641716003418,0.0008243985357694328,0.8656603097915649,0.03304597735404968,0.30655986070632935,
7227,7.612733364105225,0.0009200878557749093,0.8131240010261536,0.1361176073551178,0.13494665920734406,
7228,9.96829891204834,0.0007523726671934128,1.2124298810958862,0.04101230204105377,0.30847010016441345,
7229,5.358229160308838,0.0008941048290580511,0.9820860624313354,0.030546113848686218,0.14360550045967102,
7230,10.003860473632812,0.0008426110143773258,0.9000188112258911,0.0497782826423645,0.3135327994823456,
7231,5.054184436798096,0.0008180947043001652,0.9574455618858337,0.005985751748085022,0.1570657193660736,
7232,5.458711624145508,0.0008078192477114499,0.9340177774429321,0.035633862018585205,0.14454607665538788,
7233,12.16925048828125,0.0007978116627782583,1.0554063320159912,0.09455609321594238,0.3491998314857483,
7234,11.694818496704102,0.0007430791738443077,1.088879108428955,0.21514193713665009,0.20835256576538086,
7235,11.158398628234863,0.0008527074824087322,0.9194270372390747,0.06093093752861023,0.3477752208709717,
7236,10.020581245422363,0.0007711066864430904,1.0028566122055054,0.052257344126701355,0.30768057703971863,
7237,5.716872692108154,0.0008378791972063482,0.8153569102287292,0.058663517236709595,0.13655924797058105,
7238,6.663681507110596,0.000944053812418133,0.8796590566635132,0.10077184438705444,0.1296449899673462,
7239,6.100719451904297,0.0011687574442476034,1.029381513595581,0.07974222302436829,0.12194254994392395,
7240,21.358156204223633,0.0008116678218357265,0.925017774105072,0.09104087948799133,0.7254729270935059,
7241,8.943585395812988,0.001035600551404059,0.7930305004119873,0.1517372727394104,0.17324931919574738,
7242,7.810859203338623,0.0009250969742424786,0.9237770438194275,0.07761862874031067,0.19693955779075623,
7243,8.113006591796875,0.0009041419252753258,1.0612190961837769,0.07570780813694,0.20545953512191772,
7244,8.82412338256836,0.0009604571387171745,0.9852032661437988,0.029387816786766052,0.28320854902267456,
7245,13.150882720947266,0.0009031711961142719,0.8532675504684448,0.12855207920074463,0.3624493479728699,
7246,6.819271564483643,0.0007994230836629868,0.8734229803085327,0.07579551637172699,0.16123899817466736,
7247,6.666320323944092,0.0009267182904295623,0.916904091835022,0.07099327445030212,0.15805666148662567,
7248,6.549763202667236,0.0008417460485361516,0.9592421650886536,0.13021104037761688,0.0925680547952652,
7249,5.627168655395508,0.0008882884867489338,0.9022595882415771,0.11683814227581024,0.0712699443101883,
7250,7.236930847167969,0.0007401768234558403,0.8585183620452881,0.12292152643203735,0.1314747929573059,
7251,5.6063737869262695,0.0007837254670448601,0.9699720740318298,0.05776792764663696,0.1269044131040573,
7252,9.048001289367676,0.0008052590419538319,1.0504810810089111,0.057899415493011475,0.2611961364746094,
7253,7.27484655380249,0.0007298954296857119,0.9089565277099609,0.06056591868400574,0.19333979487419128,
7254,9.059866905212402,0.000778566172812134,0.7766298651695251,0.13729619979858398,0.1932547390460968,
7255,8.993931770324707,0.0010029745753854513,0.8653772473335266,0.11921435594558716,0.20492485165596008,
7256,8.299101829528809,0.0008138723787851632,0.9190307855606079,0.15263578295707703,0.1417531669139862,
7257,7.090175628662109,0.0006853207014501095,0.9052420258522034,0.10415247082710266,0.14255955815315247,
7258,15.092147827148438,0.0009497457067482173,1.0993645191192627,0.0872025340795517,0.4715590476989746,
7259,5.295618057250977,0.0010533904423937201,0.7972726225852966,0.10776293277740479,0.07111750543117523,
7260,7.871145248413086,0.0007850793772377074,0.7284077405929565,0.12194691598415375,0.16297748684883118,
7261,8.444143295288086,0.0007280418649315834,0.9887288212776184,0.16605150699615479,0.1314370483160019,
7262,6.2020111083984375,0.0008644531480967999,0.9052488207817078,0.046833425760269165,0.16417261958122253,
7263,7.121077060699463,0.0009284564293920994,0.8226028680801392,0.1576574444770813,0.09335307776927948,
7264,10.12853717803955,0.0007352157845161855,0.9089578986167908,0.06707204878330231,0.3009759187698364,
7265,13.904302597045898,0.0008848098223097622,0.7698276042938232,0.14312492311000824,0.3813692331314087,
7266,9.637993812561035,0.0009811626514419913,0.9953909516334534,0.07904009521007538,0.2656828761100769,
7267,10.777347564697266,0.0009818546241149306,0.9704697728157043,0.0648944079875946,0.3263988494873047,
7268,7.138052940368652,0.000707985193002969,0.9504048824310303,0.05202426016330719,0.19477367401123047,
7269,16.542760848999023,0.0008821107912808657,0.7613369822502136,0.16280996799468994,0.4675648808479309,
7270,10.564647674560547,0.000805503863375634,0.8988820910453796,0.04790675640106201,0.33791834115982056,
7271,6.9547834396362305,0.0008890416938811541,0.8573600053787231,0.047838300466537476,0.195169597864151,
7272,6.576418876647949,0.000868670002091676,1.0659339427947998,0.03524672985076904,0.18430399894714355,
7273,9.113886833190918,0.0008090648334473372,0.9525042772293091,0.1157020777463913,0.20994415879249573,
7274,8.839887619018555,0.0009033001842908561,0.7982122302055359,0.032330065965652466,0.28843367099761963,
7275,7.266775131225586,0.0008527231984771788,0.9774646759033203,0.09036585688591003,0.16035383939743042,
7276,5.076658725738525,0.0007145111449062824,0.9218209981918335,0.06923443078994751,0.09624457359313965,
7277,6.651490211486816,0.0009550215327180922,0.9480609893798828,0.0574941486120224,0.16968798637390137,
7278,10.143316268920898,0.0008289979305118322,1.0616374015808105,0.0561382919549942,0.3062998950481415,
7279,9.383604049682617,0.0008726031519472599,0.7985184788703918,0.12139678001403809,0.22113405168056488,
7280,5.29848051071167,0.0007825096254236996,0.9730039834976196,0.067217618227005,0.10501894354820251,
7281,11.576704025268555,0.0008466009167023003,0.9933461546897888,0.09324289858341217,0.32924482226371765,
7282,7.361349105834961,0.0007593443733640015,0.7771270275115967,0.1740458607673645,0.08856367319822311,
7283,8.497830390930176,0.0007657937821932137,1.0757739543914795,0.16492263972759247,0.13119381666183472,
7284,9.33477783203125,0.0009218212799169123,0.7557780146598816,0.20148442685604095,0.14075371623039246,
7285,8.619515419006348,0.0008579424466006458,0.8576938509941101,0.07448238134384155,0.23513254523277283,
7286,5.1041765213012695,0.0008227417129091918,0.9118621349334717,0.11100775003433228,0.05586209520697594,
7287,10.187838554382324,0.0007584866252727807,1.0698614120483398,0.07592310011386871,0.28803750872612,
7288,5.266317367553711,0.0008073138887993991,1.0457074642181396,0.0,0.16801708936691284,
7289,7.440227031707764,0.0010136717464774847,1.0508397817611694,0.09909889101982117,0.15546292066574097,
7290,9.97709846496582,0.0009108989615924656,1.0676559209823608,0.13571780920028687,0.21974901854991913,
7291,4.467591762542725,0.0007749772630631924,0.8589335083961487,0.06071171164512634,0.08285963535308838,
7292,6.0600175857543945,0.000720960961189121,0.6589639186859131,0.12748083472251892,0.08784034848213196,
7293,14.016420364379883,0.0012719848891720176,1.0083203315734863,0.043752387166023254,0.475299596786499,
7294,4.556841850280762,0.0009457602282054722,1.0967087745666504,0.030259951949119568,0.10719960927963257,
7295,10.760202407836914,0.000719406467396766,1.1639801263809204,0.0280313640832901,0.3550981283187866,
7296,10.420448303222656,0.0008100508712232113,1.0705965757369995,0.04349689185619354,0.32968711853027344,
7297,7.701433181762695,0.000848635274451226,0.9337543249130249,0.000359460711479187,0.2694990634918213,
7298,8.803276062011719,0.0006520384922623634,0.9203363060951233,0.09136143326759338,0.22330409288406372,
7299,8.433202743530273,0.0010449212277308106,1.0138742923736572,0.10108889639377594,0.19463932514190674,
7300,6.327069282531738,0.0006337733357213438,0.8405885696411133,0.09524796903133392,0.12357748299837112,
7301,8.755487442016602,0.0007594109629280865,0.928605318069458,0.06694650650024414,0.24536935985088348,
7302,5.249629974365234,0.0007995981723070145,0.9462713003158569,0.05144757032394409,0.11988717317581177,
7303,13.639140129089355,0.0008501927950419486,1.1988023519515991,0.13419437408447266,0.3625689744949341,
7304,8.851663589477539,0.0008230378734879196,0.8623488545417786,0.08821800351142883,0.23053154349327087,
7305,7.211224555969238,0.0008361393702216446,1.0208358764648438,0.10879550874233246,0.13798388838768005,
7306,8.890706062316895,0.0007408091914840043,0.8384178876876831,0.11585044860839844,0.2055002748966217,
7307,7.412360668182373,0.0006986369844526052,0.9381855726242065,0.05250385403633118,0.205764502286911,
7308,8.5300874710083,0.0007136576459743083,1.0329103469848633,0.08640211820602417,0.21277132630348206,
7309,7.399472236633301,0.0008525974117219448,1.0382298231124878,0.08811067044734955,0.1654864251613617,
7310,6.899184226989746,0.0007825263892300427,0.8960140347480774,0.12683647871017456,0.11250780522823334,
7311,11.991097450256348,0.0007480821222998202,0.8047739863395691,0.11554411053657532,0.3311607241630554,
7312,6.606754302978516,0.0008317133761011064,1.0457513332366943,0.12245935201644897,0.09914904087781906,
7313,8.234636306762695,0.0009243126842193305,0.9891617298126221,0.1449434459209442,0.14395123720169067,
7314,13.415201187133789,0.0007662351126782596,1.2298952341079712,0.08406962454319,0.40257635712623596,
7315,7.508456707000732,0.0008189105428755283,0.9651802778244019,0.08567458391189575,0.17523756623268127,
7316,9.698294639587402,0.000718739174772054,0.8672555088996887,0.13309624791145325,0.21942660212516785,
7317,5.8023552894592285,0.0007113399915397167,0.7488788366317749,0.15403182804584503,0.04739588871598244,
7318,6.867422103881836,0.0007328843348659575,0.9326335191726685,0.07407554984092712,0.1625830978155136,
7319,9.787638664245605,0.0006555024883709848,0.9014787673950195,0.0810999870300293,0.2736909091472626,
7320,7.945118427276611,0.000772923871409148,0.9218541979789734,0.15263375639915466,0.12752389907836914,
7321,7.947501182556152,0.00072752550477162,0.8670452833175659,0.1543264240026474,0.12816429138183594,
7322,6.837291717529297,0.0007507035625167191,0.8617841005325317,0.029158055782318115,0.2091115564107895,
7323,5.615329742431641,0.000642160011921078,0.9972960948944092,0.032232969999313354,0.15184620022773743,
7324,10.411487579345703,0.0006474973051808774,0.848162055015564,0.08342370390892029,0.2984618544578552,
7325,4.946064472198486,0.0006744847050867975,1.1694504022598267,0.06271503865718842,0.08767504245042801,
7326,8.660284996032715,0.0007678453694097698,0.8892982006072998,0.060753315687179565,0.24931828677654266,
7327,13.393508911132812,0.0006975480355322361,1.080066442489624,0.029503807425498962,0.46233636140823364,
7328,15.298436164855957,0.000751932559069246,0.9084747433662415,0.06615221500396729,0.5086942911148071,
7329,6.950956344604492,0.0006762754637748003,0.8800647258758545,0.08392053842544556,0.15823885798454285,
7330,4.741482257843018,0.0007006170344538987,0.8631778955459595,0.016309216618537903,0.1381223350763321,
7331,6.027638912200928,0.000700606731697917,1.0076273679733276,0.059244245290756226,0.140855610370636,
7332,8.555983543395996,0.0006509697414003313,1.014122724533081,0.10749627649784088,0.19352716207504272,
7333,11.64526653289795,0.0006976989097893238,0.9055989980697632,0.03253549337387085,0.396353542804718,
7334,9.931408882141113,0.000802213849965483,0.9068425893783569,0.09003230929374695,0.2701481580734253,
7335,6.518205642700195,0.00071290711639449,0.7881594896316528,0.12028332054615021,0.1082056313753128,
7336,4.737001895904541,0.0006530466489493847,0.7488836646080017,0.05586348474025726,0.1030082032084465,
7337,13.986680030822754,0.0007138322107493877,0.8625251054763794,0.07549841701984406,0.4487539529800415,
7338,9.249289512634277,0.0007003254140727222,0.9662665128707886,0.1022292822599411,0.22839131951332092,
7339,10.95578670501709,0.0007084058015607297,0.7168401479721069,0.1910339593887329,0.21781551837921143,
7340,5.999227523803711,0.0007255871314555407,0.6969573497772217,0.09003692865371704,0.12132829427719116,
7341,6.777923107147217,0.0006368865724653006,0.831210732460022,0.12458105385303497,0.1126505583524704,
7342,7.132103443145752,0.0007663197466172278,0.7556175589561462,0.0611148476600647,0.19317826628684998,
7343,8.09308910369873,0.0007455172017216682,0.7942148447036743,0.10093006491661072,0.19027939438819885,
7344,8.899616241455078,0.0006888410425744951,0.9069404006004333,0.10329240560531616,0.21572577953338623,
7345,6.393925189971924,0.0008129135821945965,0.7728856801986694,0.10108770430088043,0.12294096499681473,
7346,9.920150756835938,0.0008498035022057593,0.9190354347229004,0.09417419135570526,0.26502060890197754,
7347,17.847332000732422,0.0006704844417981803,0.8608262538909912,0.05172570049762726,0.627064049243927,
7348,6.44441556930542,0.0006710332236252725,0.9091569185256958,0.0632990151643753,0.15744030475616455,
7349,8.478582382202148,0.0007753247045911849,1.026928186416626,0.06904765963554382,0.22824320197105408,
7350,10.481673240661621,0.0007786059868521988,1.1827372312545776,0.1684054434299469,0.20277339220046997,
7351,5.6944780349731445,0.0008517582900822163,0.9744703769683838,0.06886360049247742,0.11908495426177979,
7352,4.861927032470703,0.0007097769412212074,0.8983150720596313,0.031749337911605835,0.12608537077903748,
7353,5.9155592918396,0.0007382106850855052,0.8345464468002319,0.036559686064720154,0.16594260931015015,
7354,6.45711612701416,0.0006151125417090952,0.894465446472168,0.07016025483608246,0.15173065662384033,
7355,6.306285381317139,0.0007632991182617843,0.7931599617004395,0.057691723108291626,0.16207000613212585,
7356,7.103391170501709,0.0007372772670350969,0.8353515863418579,0.13901706039905548,0.1109672412276268,
7357,7.7434844970703125,0.0007684540469199419,0.7553032040596008,0.07857449352741241,0.20018428564071655,
7358,5.731196880340576,0.000743270677048713,0.9855428338050842,0.07778027653694153,0.11130262166261673,
7359,8.033432006835938,0.0008651331881992519,0.798331618309021,0.12774650752544403,0.16079236567020416,
7360,5.625668048858643,0.0007148319855332375,0.9283367395401001,0.016225725412368774,0.1709526926279068,
7361,4.888389587402344,0.0007896638126112521,0.8585740327835083,0.05042180418968201,0.10998114943504333,
7362,5.276806831359863,0.0007975739426910877,0.8793635368347168,0.0855245590209961,0.08957559615373611,
7363,9.030051231384277,0.0010431610280647874,0.7238782048225403,0.05807769298553467,0.2731260657310486,
7364,7.856698513031006,0.0007546967826783657,0.8729628324508667,0.10907186567783356,0.16952285170555115,
7365,8.921302795410156,0.000775636697653681,0.75459223985672,0.10827592015266418,0.21761688590049744,
7366,6.58656644821167,0.0009017924312502146,0.8827675580978394,0.02152201533317566,0.20572814345359802,
7367,5.169422149658203,0.0007020676857791841,0.9279148578643799,0.05843012034893036,0.11052811145782471,
7368,5.972545623779297,0.0006662246305495501,1.0768022537231445,0.0,0.1951635181903839,
7369,9.518585205078125,0.0008537376415915787,0.9623007774353027,0.029719725251197815,0.3116779327392578,
7370,5.71556282043457,0.0007872292189858854,0.9150208234786987,0.0984220951795578,0.09281235188245773,
7371,7.192119598388672,0.0006955356802791357,1.1489150524139404,0.07804758846759796,0.16298505663871765,
7372,8.682332038879395,0.0007387096411548555,1.1892653703689575,0.018577322363853455,0.280406653881073,
7373,10.756083488464355,0.0008975414093583822,1.0574228763580322,0.029563143849372864,0.35748574137687683,
7374,13.369028091430664,0.0007383308839052916,1.1460673809051514,0.07744227349758148,0.4107377827167511,
7375,8.030753135681152,0.0006497061694972217,0.9876554012298584,0.10717830061912537,0.17389589548110962,
7376,6.099201679229736,0.0007797873695380986,0.7915166020393372,0.05620035529136658,0.15532724559307098,
7377,6.726044178009033,0.0007854960858821869,0.8649293184280396,0.09157682955265045,0.14208227396011353,
7378,11.254509925842285,0.0006272236933000386,1.1877572536468506,0.06964576244354248,0.33239710330963135,
7379,4.882411003112793,0.0007841442711651325,1.0784722566604614,0.05091366171836853,0.1004597470164299,
7380,10.840057373046875,0.0006702864193357527,1.0560929775238037,0.028322860598564148,0.3623654246330261,
7381,11.658303260803223,0.0007059985655359924,1.166325330734253,0.20042270421981812,0.2185504138469696,
7382,8.318582534790039,0.0007485731621272862,0.9621559381484985,0.1017676591873169,0.19174084067344666,
7383,7.2161102294921875,0.0007929989951662719,0.787097156047821,0.16432470083236694,0.09204281866550446,
7384,7.936519145965576,0.0007365882047452033,0.821726381778717,0.12130287289619446,0.16255225241184235,
7385,8.094738006591797,0.0006297863437794149,1.0645086765289307,0.04218091070652008,0.2383984923362732,
7386,10.610735893249512,0.0007693381630815566,1.0720186233520508,0.039104312658309937,0.3416750431060791,
7387,8.939173698425293,0.0009144183713942766,0.8806495070457458,0.10162848234176636,0.21979805827140808,
7388,4.467360973358154,0.0007873980794101954,0.8037833571434021,0.05148644745349884,0.09426926076412201,
7389,5.862573146820068,0.000711945875082165,1.00714910030365,0.0835261195898056,0.10997888445854187,
7390,6.59597635269165,0.0007161335088312626,0.8305624723434448,0.0761122852563858,0.15378813445568085,
7391,9.171510696411133,0.0007188993622548878,0.828468918800354,0.19152690470218658,0.1414758414030075,
7392,9.053318977355957,0.0006954609998501837,0.8247238397598267,0.04432390630245209,0.2841244339942932,
7393,13.030198097229004,0.0006780396797694266,0.8999054431915283,0.061195358633995056,0.4233383238315582,
7394,9.083884239196777,0.0006305628921836615,0.8321319818496704,0.10583850741386414,0.22360101342201233,
7395,8.269371032714844,0.0006738221854902804,0.9920616745948792,0.015598103404045105,0.2748204469680786,
7396,7.393847942352295,0.0007534225005656481,0.9313939809799194,0.09621655941009521,0.16152817010879517,
7397,6.0413408279418945,0.0008213836117647588,0.8551540374755859,0.0566173791885376,0.15000870823860168,
7398,10.862683296203613,0.00076786003774032,0.9075897932052612,0.03313669562339783,0.3642991781234741,
7399,7.717067241668701,0.0006549001554958522,0.9472556114196777,0.05179457366466522,0.21834298968315125,
7400,6.373396396636963,0.0006808023899793625,0.9099423289299011,0.06955918669700623,0.14829818904399872,
7401,8.65713119506836,0.0007646367885172367,0.763349175453186,0.14099517464637756,0.17399147152900696,
7402,17.69985580444336,0.0007800795719958842,0.8700927495956421,0.025596797466278076,0.6468136310577393,
7403,7.6966705322265625,0.0008035514620132744,0.9052258729934692,0.056574225425720215,0.21428000926971436,
7404,7.67423677444458,0.0008319760672748089,1.3121789693832397,0.09889020025730133,0.15476013720035553,
7405,5.346669673919678,0.000835442915558815,0.9940000772476196,0.071451336145401,0.10182000696659088,
7406,6.964670658111572,0.0007477127364836633,0.7670903205871582,0.10238789021968842,0.1447676122188568,
7407,5.938109397888184,0.0010330387158319354,1.0154246091842651,0.059907540678977966,0.13596680760383606,
7408,11.161651611328125,0.0007392219849862158,1.1142611503601074,0.022895827889442444,0.3782605230808258,
7409,12.331802368164062,0.000670776644255966,1.0515456199645996,0.1310509443283081,0.3194885551929474,
7410,6.538184642791748,0.0008046717848628759,0.804845929145813,0.05814294517040253,0.1703859269618988,
7411,10.453303337097168,0.0008318792097270489,0.9014788866043091,0.1298338919878006,0.2514072060585022,
7412,6.095914363861084,0.000696231669280678,0.9606077075004578,0.0760175883769989,0.1286984533071518,
7413,7.789592742919922,0.0008098681573756039,0.9481556415557861,0.06085556745529175,0.2119920551776886,
7414,7.54084587097168,0.000648230139631778,1.080641746520996,0.0526910275220871,0.2050689160823822,
7415,6.1602325439453125,0.0007488860283046961,0.9732866883277893,0.02413046360015869,0.18259847164154053,
7416,7.393345355987549,0.0007188498857431114,0.9243607521057129,0.08650891482830048,0.17153161764144897,
7417,6.642101287841797,0.0008061261032707989,0.8447999954223633,0.07402938604354858,0.1570565402507782,
7418,6.274237155914307,0.0007451996207237244,0.8476433753967285,0.049084603786468506,0.16723394393920898,
7419,7.098106384277344,0.0007412309641949832,0.9252192974090576,0.07498225569725037,0.1711919903755188,
7420,10.133465766906738,0.000810026191174984,0.8485110402107239,0.026845142245292664,0.3437430262565613,
7421,7.416494369506836,0.000853765057399869,0.9863870143890381,0.04108978807926178,0.21526075899600983,
7422,8.718345642089844,0.0009301992249675095,0.7952731847763062,0.20101743936538696,0.11497527360916138,
7423,9.112228393554688,0.0007967642159201205,0.9446088671684265,0.059973642230033875,0.26593437790870667,
7424,9.672568321228027,0.0007411431870423257,0.9123202562332153,0.04745498299598694,0.30221378803253174,
7425,6.253162860870361,0.0007514877361245453,0.9847230911254883,0.028954938054084778,0.18103116750717163,
7426,6.3813982009887695,0.0008739405893720686,0.9228772521018982,0.027589872479438782,0.18987703323364258,
7427,11.155902862548828,0.0008165217004716396,0.9961349368095398,0.08417049050331116,0.32140371203422546,
7428,7.892653465270996,0.0007955185719765723,0.8349166512489319,0.03677870333194733,0.2447352558374405,
7429,7.268624782562256,0.0007763676694594324,0.7792879939079285,0.0820733904838562,0.17672373354434967,
7430,5.488097667694092,0.0011052493937313557,0.7946180701255798,0.07693034410476685,0.10970357805490494,
7431,6.6752424240112305,0.0008700161124579608,0.8704093098640442,0.10116849839687347,0.1301548033952713,
7432,6.461202144622803,0.0007730924407951534,0.7882856130599976,0.12982016801834106,0.0963234081864357,
7433,5.33256721496582,0.0008434588089585304,0.843176543712616,0.08467015624046326,0.09406202286481857,
7434,3.42913556098938,0.0007285791798494756,0.9098880290985107,0.028341621160507202,0.07169969379901886,
7435,7.150014400482178,0.0008293077698908746,0.862277626991272,0.035602718591690063,0.2150774598121643,
7436,7.221704006195068,0.0008278831373900175,0.9192152619361877,0.04276175796985626,0.2085099071264267,
7437,4.83951473236084,0.0009186635725200176,0.8948149681091309,0.030728042125701904,0.1261412799358368,
7438,5.840821266174316,0.0007051143329590559,0.8331077098846436,0.08654671907424927,0.11305668950080872,
7439,5.441196441650391,0.0009461802546866238,0.9780948162078857,0.032587453722953796,0.1449904441833496,
7440,9.20222282409668,0.0008688296657055616,0.7922861576080322,0.039408549666404724,0.2961201071739197,
7441,6.802465915679932,0.0006939794984646142,0.9190712571144104,0.07134139537811279,0.16330042481422424,
7442,11.643003463745117,0.0008113912190310657,0.8508446216583252,0.009348422288894653,0.42152655124664307,
7443,7.811069488525391,0.0009757831576280296,0.8825201392173767,0.08444581925868988,0.1917203664779663,
7444,8.750921249389648,0.0007413639687001705,0.815763533115387,0.07556934654712677,0.24109558761119843,
7445,8.28943157196045,0.0009511435055173934,0.8745087385177612,0.07363997399806976,0.22200578451156616,
7446,11.026782035827637,0.0007928364793770015,1.0471394062042236,0.05872943997383118,0.33966344594955444,
7447,8.749464988708496,0.0007252166396938264,0.7962650060653687,0.038127750158309937,0.2792750298976898,
7448,7.769659042358398,0.0008003574912436306,0.9705007076263428,0.05145181715488434,0.21971416473388672,
7449,5.9373602867126465,0.000714851135853678,0.9353044629096985,0.048994094133377075,0.15037328004837036,
7450,5.029534339904785,0.0007547377608716488,0.6941072344779968,0.0515148788690567,0.12114747613668442,
7451,4.753889560699463,0.0006545320502482355,0.9074877500534058,0.029734313488006592,0.12346721440553665,
7452,8.773500442504883,0.000845108472276479,0.7026842832565308,0.12227565050125122,0.199711874127388,
7453,7.15266227722168,0.0007320913136936724,0.8324979543685913,0.10438676178455353,0.14768771827220917,
7454,3.6697001457214355,0.0007323066238313913,0.9012130498886108,0.05049474537372589,0.0595124326646328,
7455,4.413270473480225,0.0007523539825342596,0.7875605225563049,0.0301923006772995,0.11408375203609467,
7456,5.542680263519287,0.0008918428211472929,0.9074555039405823,0.03436191380023956,0.1501552313566208,
7457,9.525540351867676,0.0006795452791266143,0.8961236476898193,0.07963870465755463,0.2648583948612213,
7458,5.293279647827148,0.0007980586378835142,0.8274972438812256,0.05450223386287689,0.1233309805393219,
7459,6.2238593101501465,0.0007745299371890724,0.9753631949424744,0.07908394932746887,0.13008137047290802,
7460,12.542232513427734,0.0007698363624513149,0.9035048484802246,0.06993450224399567,0.39484477043151855,
7461,7.840118408203125,0.0007485188543796539,1.0226786136627197,0.06541693210601807,0.20653213560581207,
7462,8.407310485839844,0.0007881302735768259,0.8529834747314453,0.1423112154006958,0.15907372534275055,
7463,9.49990177154541,0.0007315686088986695,1.0818406343460083,0.008447200059890747,0.3275436758995056,
7464,10.513627052307129,0.0007248970214277506,0.8523781299591064,0.08191440999507904,0.30381065607070923,
7465,8.922151565551758,0.0007176946965046227,0.8314188122749329,0.08311651647090912,0.23979510366916656,
7466,10.049895286560059,0.0007662549614906311,0.8891652822494507,0.12223918735980988,0.24342375993728638,
7467,5.92469596862793,0.000807829899713397,0.7996654510498047,0.07771642506122589,0.1264769732952118,
7468,6.659359931945801,0.0007572087342850864,0.9370849132537842,0.05586814880371094,0.1722656488418579,
7469,5.987426280975342,0.0006694728508591652,0.9179856181144714,0.07423441112041473,0.1278737485408783,
7470,5.433487892150879,0.0008138748817145824,0.7628233432769775,0.12397466599941254,0.06203803792595863,
7471,4.00087833404541,0.0007807898800820112,0.8402644395828247,0.037465497851371765,0.08817826956510544,
7472,4.9761810302734375,0.0007477812469005585,0.8895466327667236,0.010477215051651001,0.15224038064479828,
7473,7.457569599151611,0.0008147815242409706,0.990058422088623,0.0909157544374466,0.1669699102640152,
7474,14.491704940795898,0.0007167600560933352,0.9635641574859619,0.04995910823345184,0.49044978618621826,
7475,7.25328254699707,0.0008914758800528944,0.9342420101165771,0.08651751279830933,0.16535262763500214,
7476,5.097052097320557,0.0009142540511675179,0.8522950410842896,0.05793072283267975,0.11094531416893005,
7477,5.687065124511719,0.0009932194370776415,0.8324739336967468,0.08744241297245026,0.10574802756309509,
7478,6.906106948852539,0.0009652607259340584,0.9307968616485596,0.032413169741630554,0.2056339681148529,
7479,12.512417793273926,0.0006987492670305073,0.7935791611671448,0.05106353759765625,0.416991263628006,
7480,5.840837478637695,0.0009107126388698816,0.9552586674690247,0.0239182710647583,0.17059415578842163,
7481,8.334169387817383,0.0009436329710297287,1.0018577575683594,0.0028157681226730347,0.2895330786705017,
7482,9.329870223999023,0.0007879941840656102,1.1349315643310547,0.10998377203941345,0.2170257866382599,
7483,4.992327690124512,0.0008854378829710186,0.850417971611023,0.04964041709899902,0.11515052616596222,
7484,6.504214286804199,0.0007886713719926775,0.8687503337860107,0.054447054862976074,0.17018283903598785,
7485,4.93288516998291,0.0010015008738264441,0.8458502292633057,0.015484452247619629,0.1469954550266266,
7486,7.472284317016602,0.0006979115423746407,0.885695219039917,0.05095314979553223,0.21181249618530273,
7487,4.297760963439941,0.0008616101113148034,0.8683539628982544,0.03324173390865326,0.10307293385267258,
7488,5.901507377624512,0.0007467037066817284,0.8370645046234131,0.06873670220375061,0.13309429585933685,
7489,11.31256103515625,0.0007523953099735081,0.7516078948974609,0.04428565502166748,0.37740007042884827,
7490,9.200541496276855,0.0007978067733347416,1.0412185192108154,0.06905780732631683,0.25651732087135315,
7491,7.293267250061035,0.0007929254788905382,0.7165833711624146,0.08416371047496796,0.178110733628273,
7492,11.209952354431152,0.0009458326385356486,0.7445976734161377,0.10732471942901611,0.3103436231613159,
7493,6.383913993835449,0.0008104086737148464,0.9205076694488525,0.0535622239112854,0.16416361927986145,
7494,8.30087661743164,0.0008536048699170351,0.6144412755966187,0.13813132047653198,0.1684724986553192,
7495,8.176562309265137,0.0007086743135005236,0.8408879041671753,0.07890629768371582,0.21381200850009918,
7496,5.810070991516113,0.0007646096055395901,0.7561169266700745,0.11980782449245453,0.08158572018146515,
7497,8.496417045593262,0.0008842397946864367,0.817987322807312,0.18064524233341217,0.1256076991558075,
7498,8.13752555847168,0.0008094724616967142,0.7654898166656494,0.1652592122554779,0.1288127601146698,
7499,11.693214416503906,0.0008163228048942983,0.8377881050109863,0.1505860686302185,0.2828146815299988,
7500,9.043660163879395,0.0007312260568141937,0.6923249959945679,0.1640864759683609,0.1692357063293457,"[0.9614640474319458, 0.7613844275474548, 1.1727030277252197]"
7501,14.077048301696777,0.0006595871527679265,0.7772557735443115,0.191597580909729,0.3397345244884491,
7502,5.429069995880127,0.0007990364101715386,0.894127368927002,0.027199894189834595,0.1533987820148468,
7503,10.69034481048584,0.000656824151519686,0.8561217784881592,0.07714973390102386,0.31556236743927,
7504,8.975088119506836,0.0010053383884951472,0.9373229742050171,0.09903386235237122,0.2214713990688324,
7505,8.5407075881958,0.000742158095818013,0.8592167496681213,0.07961271703243256,0.22690477967262268,
7506,6.425671100616455,0.0008495615911670029,0.9615254402160645,0.08429653942584991,0.13341973721981049,
7507,9.31383228302002,0.0008246065117418766,1.1293914318084717,0.033787280321121216,0.292765736579895,
7508,10.693432807922363,0.0008650970994494855,1.0603141784667969,0.04005818068981171,0.344401478767395,
7509,7.273056983947754,0.0008095141383819282,0.8929288387298584,0.09801492094993591,0.15638068318367004,
7510,8.396474838256836,0.0008296386222355068,0.7542188763618469,0.03147725760936737,0.27338334918022156,
7511,7.230428695678711,0.0007910918793641031,0.7136206030845642,0.05993998050689697,0.1999412477016449,
7512,4.379206657409668,0.0007677329704165459,0.8199870586395264,0.07608500123023987,0.06551603972911835,
7513,8.106270790100098,0.0007748566567897797,0.7241447567939758,0.12930291891098022,0.16520726680755615,
7514,12.24893569946289,0.0006699191289953887,0.8159241676330566,0.16110582649707794,0.29554474353790283,
7515,8.256732940673828,0.00080281519331038,0.7886964082717896,0.047896355390548706,0.250022292137146,
7516,10.036989212036133,0.0006891326629556715,0.8375122547149658,0.0531369149684906,0.3141530156135559,
7517,6.782107830047607,0.0008947575115598738,0.9057698249816895,0.14074411988258362,0.09341464936733246,
7518,10.874448776245117,0.000830227741971612,0.7631891369819641,0.164632186293602,0.23898795247077942,
7519,8.050530433654785,0.0007149527664296329,0.960777997970581,0.058226123452186584,0.22464902698993683,
7520,6.073103904724121,0.000724842248018831,0.7473639249801636,0.06351135671138763,0.14879339933395386,
7521,7.653094291687012,0.0006204246310517192,0.9649251103401184,0.07839170098304749,0.18851463496685028,
7522,11.44456958770752,0.0006684936233796179,0.7388356328010559,0.2022346556186676,0.22532624006271362,
7523,8.100510597229004,0.0007430619443766773,0.7401502132415771,0.15427501499652863,0.13939633965492249,
7524,9.56812858581543,0.0008121696882881224,0.9651038646697998,0.06211760640144348,0.2811912000179291,
7525,5.7047271728515625,0.0006403765291906893,0.7923744320869446,0.08827720582485199,0.10757651925086975,
7526,6.679730415344238,0.0007332094828598201,0.8740875720977783,0.03785954415798187,0.19363296031951904,
7527,8.19287109375,0.0006728905136696994,0.7631449699401855,0.18254873156547546,0.1139674037694931,
7528,17.958040237426758,0.0007768823415972292,0.8916337490081787,0.0635608434677124,0.6183185577392578,
7529,5.983370304107666,0.0008249366073869169,0.9931427240371704,0.06243279576301575,0.13635136187076569,
7530,9.7442045211792,0.0007233358919620514,1.027706265449524,0.051942646503448486,0.29599395394325256,
7531,8.23777961730957,0.0006798117537982762,0.8410602807998657,0.055024489760398865,0.24016445875167847,
7532,7.800351142883301,0.0007224208675324917,0.7036823034286499,0.09974366426467896,0.18340067565441132,
7533,9.158586502075195,0.0008367342525161803,0.9366500973701477,0.08330048620700836,0.24474023282527924,
7534,5.326581001281738,0.0008152406080625951,0.9456950426101685,0.06152625381946564,0.11289394646883011,
7535,8.591093063354492,0.0006703370600007474,0.9341824054718018,0.06851205229759216,0.23709401488304138,
7536,5.328567981719971,0.0007874355651438236,0.7550067901611328,0.09623271226882935,0.08592230081558228,
7537,6.283846855163574,0.0006357000092975795,0.8289936780929565,0.06013353168964386,0.15742488205432892,
7538,6.571813106536865,0.0007956461049616337,1.1780285835266113,0.09070621430873871,0.12424951791763306,
7539,7.796319007873535,0.0006002875743433833,0.8840904235839844,0.19142580032348633,0.08446307480335236,
7540,6.970961093902588,0.0008095491793937981,0.7198065519332886,0.10676208138465881,0.14247454702854156,
7541,6.801258087158203,0.0007608563755638897,0.7961618900299072,0.08080446720123291,0.15863853693008423,
7542,6.207915306091309,0.0006929773953743279,0.6234753131866455,0.11177493631839752,0.11090968549251556,
7543,9.29178237915039,0.0007639724644832313,1.0166988372802734,0.03583259880542755,0.2944067716598511,
7544,9.026086807250977,0.0007826911751180887,1.0472865104675293,0.026839464902877808,0.29152989387512207,
7545,7.794438362121582,0.0007830330287106335,1.0698574781417847,0.0357440710067749,0.23245613276958466,
7546,5.582315444946289,0.0006635572644881904,0.7795889377593994,0.06042240560054779,0.1310230791568756,
7547,6.027118682861328,0.0007658873801119626,0.8462799191474915,0.047151029109954834,0.15931662917137146,
7548,10.366394996643066,0.0006159390904940665,0.9202563762664795,0.05254952609539032,0.32468006014823914,
7549,5.717683792114258,0.0006629889248870313,1.0000160932540894,0.02563859522342682,0.1624051034450531,
7550,9.633020401000977,0.0007396712899208069,0.8722546100616455,0.0329919159412384,0.3166990578174591,
7551,6.63571834564209,0.0006758191157132387,0.7174558639526367,0.05098302662372589,0.185071662068367,
7552,8.43291187286377,0.0007252691430039704,1.0441205501556396,0.0,0.2948263883590698,
7553,9.474385261535645,0.000732123909983784,0.6743077039718628,0.14584599435329437,0.205424964427948,
7554,9.063617706298828,0.0006725378334522247,0.8700923323631287,0.021195396780967712,0.3058730661869049,
7555,4.240991592407227,0.0007803888875059783,0.8736891746520996,0.0013674050569534302,0.13254429399967194,
7556,8.19607162475586,0.0007203810382634401,0.8645143508911133,0.05448092520236969,0.23806098103523254,
7557,11.487712860107422,0.0006861945730634034,0.8163864612579346,0.1205330640077591,0.3056338131427765,
7558,8.639714241027832,0.0008173205424100161,0.9645889401435852,0.036858245730400085,0.2693294584751129,
7559,6.102943420410156,0.0006709906738251448,0.7690029144287109,0.1416672021150589,0.07101942598819733,
7560,5.772340774536133,0.0007605465943925083,0.7531710863113403,0.09875588119029999,0.10125036537647247,
7561,7.403172016143799,0.000622571271378547,0.7349392175674438,0.03640449047088623,0.22970226407051086,
7562,6.6752610206604,0.000754325941670686,0.7256059646606445,0.12709806859493256,0.1101338118314743,
7563,5.307826042175293,0.0006381443236023188,0.8656368255615234,0.10511232912540436,0.07193708419799805,
7564,7.520596027374268,0.0006110350950621068,0.689121425151825,0.18096263706684113,0.09168531000614166,
7565,4.358701705932617,0.0007175818900577724,0.8082454204559326,0.03724975883960724,0.10405091941356659,
7566,5.834155082702637,0.0007884580991230905,0.7170271873474121,0.05833522975444794,0.14556142687797546,
7567,4.65015172958374,0.0006869733333587646,0.7907642126083374,0.08003473281860352,0.07365378737449646,
7568,10.7557373046875,0.0006546859513036907,0.9674699902534485,0.09032988548278809,0.3005461096763611,
7569,10.801393508911133,0.0007470129057765007,0.8125113248825073,0.07237902283668518,0.32642924785614014,
7570,4.724029541015625,0.0007771544042043388,0.8539915680885315,0.05027240514755249,0.10375195741653442,
7571,11.039520263671875,0.0006967882509343326,0.8594276905059814,0.018732860684394836,0.3877740502357483,
7572,10.368598937988281,0.0008837042259983718,0.9485623836517334,0.01973128318786621,0.3561864495277405,
7573,9.370967864990234,0.0006244628457352519,0.993605375289917,0.020153909921646118,0.3143160939216614,
7574,7.101502418518066,0.0007279918645508587,1.0630567073822021,0.0018536299467086792,0.23895621299743652,
7575,9.123270988464355,0.0006921972963027656,1.044882893562317,0.05342680215835571,0.2690165340900421,
7576,6.626893043518066,0.0006655391771346331,0.746103048324585,0.024522051215171814,0.2100440114736557,
7577,4.64953088760376,0.0006749260355718434,0.7962294816970825,0.00957365334033966,0.14388348162174225,
7578,9.099822044372559,0.0008440269157290459,0.8951608538627625,0.01691858470439911,0.3104238510131836,
7579,9.05583381652832,0.0007156788487918675,0.875074028968811,0.02334156632423401,0.30317312479019165,
7580,11.700101852416992,0.0007668216712772846,1.0130183696746826,0.09085920453071594,0.3358573317527771,
7581,5.268871784210205,0.0008029199088923633,0.8733943104743958,0.05832113325595856,0.11669503897428513,
7582,5.803780555725098,0.0007526423432864249,0.9861286878585815,0.04357700049877167,0.14837642014026642,
7583,6.606790542602539,0.0006565996445715427,0.7401806116104126,0.05744290351867676,0.17656490206718445,
7584,6.047887802124023,0.0008679351885803044,0.6419309377670288,0.17264416813850403,0.04272615164518356,
7585,6.908832550048828,0.0007565169944427907,0.7269500494003296,0.07361647486686707,0.17290230095386505,
7586,6.863087177276611,0.0007004882209002972,0.8471721410751343,0.05772022902965546,0.1822158843278885,
7587,9.39756965637207,0.0009695396875031292,0.7195137739181519,0.020670101046562195,0.3254826068878174,
7588,9.144468307495117,0.000804316543508321,0.7328319549560547,0.12250356376171112,0.2131575644016266,
7589,9.87736701965332,0.0006999977049417794,0.7538561820983887,0.16805633902549744,0.19618412852287292,
7590,6.632557392120361,0.0007448853575624526,0.7467368245124817,0.14702031016349792,0.08766761422157288,
7591,7.104706287384033,0.0009099110029637814,0.7346358299255371,0.05259135365486145,0.20130155980587006,
7592,7.025718688964844,0.0007117532659322023,0.8735360503196716,0.12550756335258484,0.11986799538135529,
7593,7.554886817932129,0.0006298737716861069,0.8069227337837219,0.11578986048698425,0.1534988284111023,
7594,9.801605224609375,0.0007968989084474742,0.6132378578186035,0.1907404661178589,0.17599733173847198,
7595,7.139684677124023,0.0006494161789305508,0.8628890514373779,0.10935254395008087,0.14106987416744232,
7596,4.177117824554443,0.0008192341192625463,0.8131318092346191,0.06528773903846741,0.06845246255397797,
7597,9.628673553466797,0.0008209084044210613,0.9574904441833496,0.07942932844161987,0.26659712195396423,
7598,7.489969730377197,0.0007582115358673036,0.7307926416397095,0.10980300605297089,0.15980586409568787,
7599,5.08737850189209,0.0006691967137157917,0.8540933132171631,0.0445789098739624,0.12408328056335449,
7600,8.009547233581543,0.0007285902393050492,0.8419049978256226,0.07026450335979462,0.21571262180805206,
7601,2.8347954750061035,0.0009163498762063682,0.8362395763397217,0.0009636580944061279,0.07806222885847092,
7602,6.779563903808594,0.0006741707329638302,0.7158961892127991,0.0,0.24187253415584564,
7603,5.692646026611328,0.0009305714047513902,0.7385396957397461,0.035916656255722046,0.16131702065467834,
7604,6.316546440124512,0.0007688115001656115,0.6938524842262268,0.05830645561218262,0.1658325046300888,
7605,10.376072883605957,0.0006930259987711906,0.8862141966819763,0.07039515674114227,0.30850619077682495,
7606,10.202972412109375,0.000687517924234271,0.7699850797653198,0.07379546761512756,0.30283650755882263,
7607,8.009282112121582,0.0009502375614829361,0.7778908610343933,0.12110832333564758,0.1671970933675766,
7608,6.1093645095825195,0.0006964876665733755,0.7542886734008789,0.07411551475524902,0.13939101994037628,
7609,6.185874938964844,0.0008984736632555723,0.814939558506012,0.066485196352005,0.14745375514030457,
7610,10.711061477661133,0.0006870832876302302,0.8865094780921936,0.14506462216377258,0.24723035097122192,
7611,2.706202507019043,0.0007884319056756794,0.7257673740386963,0.014200419187545776,0.06422854959964752,
7612,6.66091251373291,0.000752570980694145,0.8524245023727417,0.10972018539905548,0.12186677008867264,
7613,5.69732666015625,0.0008872940670698881,0.8659411668777466,0.06389342248439789,0.12847471237182617,
7614,7.271962642669678,0.0008328112890012562,0.9076218605041504,0.04021427035331726,0.21352656185626984,
7615,6.143056392669678,0.0007197370287030935,0.7863860130310059,0.10914963483810425,0.10439743101596832,
7616,8.931299209594727,0.00066994852386415,0.8700625896453857,0.09508472681045532,0.22669479250907898,
7617,5.8027024269104,0.0008479682728648186,0.9464756846427917,0.06462639570236206,0.1287747174501419,
7618,5.421874046325684,0.0010274568339809775,0.826887309551239,0.06808508932590485,0.11468693614006042,
7619,9.343172073364258,0.0007864506915211678,0.792897641658783,0.04986780881881714,0.29135674238204956,
7620,4.974301815032959,0.0008919813553802669,0.9085216522216797,0.006567642092704773,0.15517157316207886,
7621,9.331199645996094,0.001066965633071959,0.8229976892471313,0.05422168970108032,0.28503942489624023,
7622,3.7306694984436035,0.0009342493140138686,0.9558048248291016,0.011810481548309326,0.09824985265731812,
7623,6.5125532150268555,0.0006620161584578454,0.8747924566268921,0.05733442306518555,0.16751398146152496,
7624,7.911571502685547,0.0008431451278738678,0.9540990591049194,0.0,0.27745574712753296,
7625,7.170804023742676,0.0014928450109437108,0.8492922186851501,0.1415390521287918,0.10982857644557953,
7626,10.86129093170166,0.0008317204192280769,0.8015563488006592,0.09036201238632202,0.31119564175605774,
7627,8.594839096069336,0.0007865303196012974,0.9389877915382385,0.0006081610918045044,0.3048393726348877,
7628,7.3500165939331055,0.0007920845528133214,1.05087411403656,0.0,0.25117361545562744,
7629,5.510010719299316,0.0009017784614115953,0.770288348197937,0.05455316603183746,0.1341339498758316,
7630,6.8062238693237305,0.0008398750796914101,0.8714829683303833,0.033783793449401855,0.20276597142219543,
7631,6.217939376831055,0.0006304036942310631,0.8697988986968994,0.09406362473964691,0.11923157423734665,
7632,3.8061599731445312,0.0008557511609978974,0.8433266282081604,0.06830485165119171,0.0493527352809906,
7633,3.669109344482422,0.0009605406667105854,0.9490420818328857,0.020985201001167297,0.08685694634914398,
7634,7.768948078155518,0.0008936233934946358,0.9240862727165222,0.11668026447296143,0.15622058510780334,
7635,8.754610061645508,0.0007403991767205298,0.8268060088157654,0.10714147984981537,0.20923028886318207,
7636,9.284436225891113,0.0007455592858605087,0.9136353731155396,0.14051732420921326,0.19356916844844818,
7637,6.4770917892456055,0.0006306466530077159,0.877210259437561,0.05874362587928772,0.1646209955215454,
7638,6.839552879333496,0.0007286742329597473,0.9386373162269592,0.07548429071903229,0.15982365608215332,
7639,8.097474098205566,0.0007521713268943131,0.993882954120636,0.0748697817325592,0.20852169394493103,
7640,7.473712921142578,0.0009275144548155367,0.8690500259399414,0.1240883469581604,0.13917066156864166,
7641,5.468769550323486,0.0008519827970303595,0.9844759106636047,0.06779058277606964,0.1107291653752327,
7642,4.898820400238037,0.0007726661860942841,0.8426278829574585,0.08628138899803162,0.07519364356994629,
7643,8.911369323730469,0.0008715479634702206,0.9274187684059143,0.06661249697208405,0.2518739700317383,
7644,5.070767402648926,0.0007447568350471556,1.1928651332855225,0.055790096521377563,0.0985812395811081,
7645,6.219810485839844,0.0007741846493445337,0.8563940525054932,0.0695030689239502,0.14425940811634064,
7646,5.139963150024414,0.0006821060669608414,0.8102292418479919,0.046465858817100525,0.12604139745235443,
7647,5.546914100646973,0.0008164539467543364,0.8072443008422852,0.1092572808265686,0.0795130729675293,
7648,3.5015499591827393,0.0006542406626977026,0.8312792778015137,0.004273369908332825,0.10188321769237518,
7649,6.651311874389648,0.0006212512962520123,0.8292100429534912,0.08881795406341553,0.14344486594200134,
7650,6.658282279968262,0.000705195649061352,0.8546079397201538,0.02957955002784729,0.20186221599578857,
7651,10.304765701293945,0.0007208962342701852,0.851203203201294,0.025143027305603027,0.35227859020233154,
7652,7.355865001678467,0.0007259457488544285,0.7344487905502319,0.07960021495819092,0.18453049659729004,
7653,6.117165565490723,0.0006701961974613369,0.7340039014816284,0.08088672161102295,0.13376954197883606,
7654,8.504810333251953,0.0008064391440711915,0.8772675395011902,0.08560387790203094,0.2186913937330246,
7655,5.371312141418457,0.0007084431126713753,0.8942843079566956,0.07851380109786987,0.09985888004302979,
7656,7.236263275146484,0.0007062337826937437,0.8793896436691284,0.03201542794704437,0.2215532660484314,
7657,5.0707855224609375,0.0006964151398278773,0.8973699808120728,0.015171170234680176,0.1510690450668335,
7658,6.317961692810059,0.0005862580146640539,0.953163206577301,0.0282076895236969,0.18579798936843872,
7659,5.8252363204956055,0.0005922060809098184,0.8311564922332764,0.09362849593162537,0.10554250329732895,
7660,6.4734697341918945,0.0006012275698594749,0.7408783435821533,0.045319750905036926,0.18338266015052795,
7661,5.717681884765625,0.0006548089440912008,0.8514978885650635,0.051332131028175354,0.14266043901443481,
7662,6.562182903289795,0.0007408641395159066,0.8351341485977173,0.029395312070846558,0.1989457607269287,
7663,6.613103866577148,0.0006398418336175382,1.0463829040527344,0.006734699010848999,0.21529430150985718,
7664,5.764896869659424,0.0006360948900692165,0.842985987663269,0.0,0.19624033570289612,
7665,13.148359298706055,0.0007972365128807724,0.9674851298332214,0.08668476343154907,0.3997529447078705,
7666,10.655811309814453,0.0007253338699229062,1.0214383602142334,0.00596502423286438,0.37868452072143555,
7667,6.862617015838623,0.0007090720464475453,0.8107007145881653,0.026471629738807678,0.21489593386650085,
7668,6.174894332885742,0.0006613570149056613,0.9146953225135803,0.03931424021720886,0.17043235898017883,
7669,11.36065673828125,0.0006451233639381826,0.8091397285461426,0.06918646395206451,0.35222911834716797,
7670,8.807910919189453,0.0006782564450986683,0.8495957255363464,0.037093743681907654,0.28056061267852783,
7671,6.945320129394531,0.0006209095590747893,0.6663581132888794,0.054376572370529175,0.19616100192070007,
7672,5.1228861808776855,0.0006999212200753391,0.908202052116394,0.03454512357711792,0.13334231078624725,
7673,5.986510276794434,0.0007261177524924278,0.6762055158615112,0.06056618690490723,0.1511198729276657,
7674,11.426416397094727,0.0007326913182623684,0.6750503182411194,0.07752202451229095,0.3517999053001404,
7675,8.426433563232422,0.0007167901494540274,0.8522636294364929,0.0634780079126358,0.23877201974391937,
7676,6.6801862716674805,0.0007100178045220673,0.7986447811126709,0.14549583196640015,0.08905579894781113,
7677,5.593302249908447,0.0007543676183559,0.8923848867416382,0.10103178024291992,0.08625053614377975,
7678,7.663340091705322,0.0006799272377975285,0.683408260345459,0.13225345313549042,0.14626389741897583,
7679,5.729270935058594,0.0007241673301905394,0.7148196697235107,0.14190106093883514,0.05795281380414963,
7680,6.4636454582214355,0.0006550577818416059,0.6884111166000366,0.1661176085472107,0.06423670053482056,
7681,6.798443794250488,0.0007689929916523397,0.6690272092819214,0.12337858974933624,0.12102906405925751,
7682,8.841056823730469,0.0007133457693271339,0.627813458442688,0.17247450351715088,0.15534189343452454,
7683,9.958085060119629,0.0007479431224055588,0.7484340667724609,0.10632924735546112,0.26130884885787964,
7684,7.435408115386963,0.0007077604532241821,0.7981276512145996,0.10141268372535706,0.1633707731962204,
7685,5.669806480407715,0.000692825298756361,0.7853108644485474,0.10380503535270691,0.09088197350502014,
7686,7.182289123535156,0.000749196857213974,0.8159705996513367,0.04892851412296295,0.20497503876686096,
7687,8.584124565124512,0.0007347394712269306,0.7338927984237671,0.05167229473590851,0.2616022527217865,
7688,7.766419887542725,0.00068145920522511,0.850715160369873,0.07423034310340881,0.2017163783311844,
7689,6.227329254150391,0.0006768158636987209,0.7245694994926453,0.11484920978546143,0.10458438098430634,
7690,9.754196166992188,0.000672477122861892,0.8531063795089722,0.08822932839393616,0.26714178919792175,
7691,4.3282365798950195,0.0006180772907100618,0.889915943145752,0.034161269664764404,0.10275349020957947,
7692,10.091465950012207,0.0008876090869307518,0.9414423108100891,0.04411408305168152,0.32099926471710205,
7693,7.487869739532471,0.0007285946048796177,0.9887844324111938,0.06996674835681915,0.1892680674791336,
7694,19.617700576782227,0.0006622890941798687,1.0147985219955444,0.10067178308963776,0.6427819728851318,
7695,8.235480308532715,0.0007371161482296884,0.740513026714325,0.10708518326282501,0.191976398229599,
7696,7.282479763031006,0.0006574378348886967,0.7609325051307678,0.048269495368003845,0.21193493902683258,
7697,12.708988189697266,0.0007475354359485209,0.9357944130897522,0.10005979239940643,0.37012040615081787,
7698,7.289450168609619,0.0008044562418945134,0.7395280003547668,0.08332650363445282,0.1778659224510193,
7699,4.969574451446533,0.0008048450108617544,0.8424155116081238,0.07322536408901215,0.09105616807937622,
7700,8.642960548400879,0.0006289283628575504,0.7956358194351196,0.07318012416362762,0.2400839477777481,
7701,4.018366813659668,0.0007764764013700187,0.9131495952606201,0.03564895689487457,0.08778326958417892,
7702,7.546962261199951,0.0006825305172242224,0.8952885270118713,0.05632360279560089,0.20906081795692444,
7703,10.497289657592773,0.0007195374928414822,0.8668735027313232,0.028754442930221558,0.3557426631450653,
7704,5.600225925445557,0.0007715348619967699,0.8047260642051697,0.10433627665042877,0.08671216666698456,
7705,4.8288092613220215,0.0007334717083722353,0.6948267221450806,0.03918738663196564,0.12543845176696777,
7706,12.760164260864258,0.00067465117899701,0.922242283821106,0.03863374888896942,0.434208482503891,
7707,8.806678771972656,0.0007022639620117843,0.9089350700378418,0.09698434174060822,0.21822313964366913,
7708,8.22623348236084,0.0006940269959159195,0.8017035722732544,0.13162961602210999,0.16465753316879272,
7709,6.896364688873291,0.0008681752369739115,0.6441483497619629,0.14485852420330048,0.10436196625232697,
7710,5.971044063568115,0.000668844033498317,0.7618293166160583,0.09429514408111572,0.11340460926294327,
7711,8.542322158813477,0.0006527776713483036,0.6758087873458862,0.14842212200164795,0.16558563709259033,
7712,6.428619384765625,0.0006858326378278434,0.6662272810935974,0.0210152268409729,0.20879462361335754,
7713,8.221612930297852,0.0007176930084824562,0.7876170873641968,0.095847487449646,0.20079466700553894,
7714,10.439372062683105,0.0007464712834917009,0.8298977613449097,0.06373590230941772,0.3198965787887573,
7715,5.118396759033203,0.0007103238604031503,0.8466415405273438,0.027791827917099,0.14236806333065033,
7716,9.42418384552002,0.0007795747369527817,0.8202159404754639,0.09311436116695404,0.2502647936344147,
7717,5.83121395111084,0.0007077700574882329,0.7010468244552612,0.09915219247341156,0.10534670948982239,
7718,5.750606536865234,0.000640360580291599,0.6722956299781799,0.0824313759803772,0.12006070464849472,
7719,5.714190483093262,0.0006242470117285848,0.8860903978347778,0.06485027074813843,0.1276494860649109,
7720,11.062889099121094,0.000643389590550214,0.8499215841293335,0.04892779886722565,0.3589475154876709,
7721,7.045247554779053,0.0005971398786641657,0.7097420692443848,0.09803417325019836,0.15478891134262085,
7722,7.8220295906066895,0.0006843497976660728,0.6629528999328613,0.05713392794132233,0.22854478657245636,
7723,13.423789024353027,0.0005783711676485837,0.9314156770706177,0.15747830271720886,0.3416382670402527,
7724,7.9512939453125,0.0006909897201694548,0.8894396424293518,0.08536176383495331,0.19642141461372375,
7725,6.498785972595215,0.000744026096072048,0.7297981977462769,0.07882131636142731,0.15119417011737823,
7726,5.340703010559082,0.0006960664759390056,0.9208935499191284,0.09401257336139679,0.08208373188972473,
7727,8.57440185546875,0.0005762447253800929,0.7557726502418518,0.05748662352561951,0.2546823024749756,
7728,6.845723628997803,0.0006943434127606452,0.7218852043151855,0.12594935297966003,0.11830984055995941,
7729,7.764987945556641,0.000773733714595437,0.7004545331001282,0.12316718697547913,0.15864041447639465,
7730,6.204189300537109,0.0006299479282461107,0.6792811155319214,0.0795426219701767,0.14082376658916473,
7731,8.764333724975586,0.0005747855175286531,0.7183876037597656,0.16367289423942566,0.15759018063545227,
7732,5.579540729522705,0.0006338154780678451,0.8568137884140015,0.038565635681152344,0.14970962703227997,
7733,4.9343581199646,0.0006489871884696186,0.8456768989562988,0.07365059852600098,0.08924766629934311,
7734,4.547996520996094,0.0006389646441675723,0.6667876243591309,0.08316349983215332,0.07144589722156525,
7735,10.370550155639648,0.0006069384980946779,0.7984929084777832,0.10184596478939056,0.2804293632507324,
7736,5.061829090118408,0.0006611605640500784,0.7978615164756775,0.12599320709705353,0.04390433430671692,
7737,5.028865337371826,0.0006399243720807135,0.7962884306907654,0.025704219937324524,0.14295893907546997,
7738,7.613196849822998,0.0006656734622083604,0.777020275592804,0.03145749866962433,0.24132388830184937,
7739,6.221991539001465,0.0006395427626557648,0.7651445865631104,0.014206156134605408,0.20342817902565002,
7740,9.71838665008545,0.0007303557940758765,0.9348798990249634,0.007243335247039795,0.3433665633201599,
7741,12.300166130065918,0.000824944581836462,0.8894146680831909,0.12956780195236206,0.32603728771209717,
7742,8.230865478515625,0.0006161793135106564,0.8917942047119141,0.03291782736778259,0.2600288391113281,
7743,7.126640319824219,0.0007393664564006031,0.8486607074737549,0.05869397521018982,0.19168584048748016,
7744,5.6691203117370605,0.0007152117323130369,0.7466831207275391,0.056058332324028015,0.14012394845485687,
7745,10.61331844329834,0.0007234860095195472,0.80675208568573,0.018670886754989624,0.37286826968193054,
7746,7.366669178009033,0.0008590919896960258,1.1084469556808472,0.03753961622714996,0.21193018555641174,
7747,3.9600114822387695,0.0006058883154764771,0.709015965461731,0.028838559985160828,0.1005953699350357,
7748,7.92657995223999,0.0009403812582604587,0.876907229423523,0.0732351690530777,0.2078113555908203,
7749,7.015854835510254,0.0006442206213250756,0.8243102431297302,0.04366070032119751,0.20335686206817627,
7750,5.419288635253906,0.000688093074131757,0.8098752498626709,0.0267307311296463,0.1569577008485794,
7751,4.464958190917969,0.0006362030399031937,0.8015153408050537,0.08820930123329163,0.057692211121320724,
7752,9.8159818649292,0.0006522744079120457,0.7278807163238525,0.15439246594905853,0.20847930014133453,
7753,7.889147758483887,0.0006217910558916628,0.8652975559234619,0.09443271160125732,0.1858995109796524,
7754,6.095302581787109,0.0006114703719504178,0.9410068988800049,0.0631403923034668,0.1424199640750885,
7755,4.4362921714782715,0.0007018312462605536,0.8259977102279663,0.05416826903820038,0.08954167366027832,
7756,7.882401943206787,0.0006998128374107182,0.8581013679504395,0.0038925260305404663,0.27637967467308044,
7757,5.4808831214904785,0.0006560888141393661,0.7531304359436035,0.06378878653049469,0.12466522306203842,
7758,9.587221145629883,0.0005952873616479337,1.0047093629837036,0.09883089363574982,0.24387428164482117,
7759,10.879799842834473,0.000727849081158638,1.0512096881866455,0.0750800371170044,0.31733572483062744,
7760,14.145550727844238,0.0008344417437911034,0.809990644454956,0.08383677899837494,0.44875118136405945,
7761,6.636326789855957,0.0006271387101151049,0.8109411001205444,0.07752850651741028,0.1548597812652588,
7762,8.410367012023926,0.0006892752717249095,0.6824033856391907,0.02492101490497589,0.2835082709789276,
7763,8.230252265930176,0.000679241493344307,0.7126752138137817,0.07697188854217529,0.22305196523666382,
7764,5.0468363761901855,0.0007380875758826733,0.6812797784805298,0.050982192158699036,0.12290199100971222,
7765,10.6241455078125,0.0006596139282919466,0.8983650207519531,0.07810761034488678,0.310263991355896,
7766,9.543472290039062,0.0006850172649137676,0.7229688167572021,0.01535119116306305,0.33678388595581055,
7767,6.732615947723389,0.0007288783672265708,0.6746811866760254,0.14357472956180573,0.09801377356052399,
7768,6.701899528503418,0.0006716044154018164,0.8376648426055908,0.036891400814056396,0.19700640439987183,
7769,5.585810661315918,0.0007898968178778887,0.8031567335128784,0.05761212110519409,0.13290414214134216,
7770,7.075050354003906,0.0006481509772129357,0.7092885971069336,0.14213161170482635,0.11185070872306824,
7771,6.168706893920898,0.0009168655960820615,0.7169358730316162,0.1690417230129242,0.04811223968863487,
7772,6.397513389587402,0.0006117203738540411,0.749459981918335,0.04431776702404022,0.18099263310432434,
7773,14.791990280151367,0.000603074615355581,0.7551962733268738,0.11409534513950348,0.44677332043647766,
7774,8.7083158493042,0.0007490411517210305,1.0337741374969482,0.11445794999599457,0.1917746663093567,
7775,7.711577415466309,0.0007800880703143775,0.9675610065460205,0.050604626536369324,0.21837592124938965,
7776,5.956775665283203,0.0007011110428720713,0.9787960648536682,0.01803050935268402,0.18038757145404816,
7777,9.007918357849121,0.0008056951337493956,0.7991081476211548,0.02678820490837097,0.3007584810256958,
7778,8.779955863952637,0.0007243452710099518,0.8021799325942993,0.12959054112434387,0.18879616260528564,
7779,6.3635358810424805,0.0007883668877184391,0.9737156629562378,0.046612441539764404,0.16819198429584503,
7780,6.980416774749756,0.0007625729776918888,0.8671950101852417,0.03429798781871796,0.2094683051109314,
7781,5.088561058044434,0.0006784103461541235,0.8311117887496948,0.11111767590045929,0.05850188434123993,
7782,7.561732292175293,0.0005685050855390728,0.8820706605911255,0.11813142895698547,0.14848652482032776,
7783,4.3396687507629395,0.0008643768378533423,0.8327924609184265,0.06453926861286163,0.07487141340970993,
7784,5.39298677444458,0.0006745157297700644,0.8605619668960571,0.07783995568752289,0.10278252512216568,
7785,8.792587280273438,0.000571386597584933,0.776071310043335,0.15094009041786194,0.16914913058280945,
7786,6.223358631134033,0.0008447762229479849,0.7587007284164429,0.09398119151592255,0.12376033514738083,
7787,7.546624660491943,0.0006285276031121612,0.701808750629425,0.12592695653438568,0.1472371518611908,
7788,5.570822715759277,0.0005840681842528284,0.8730508089065552,0.0631185919046402,0.1242082267999649,
7789,6.86093282699585,0.0006735699134878814,0.9071294665336609,0.060092076659202576,0.17738649249076843,
7790,7.8343281745910645,0.0007580804522149265,0.861845850944519,0.08966293931007385,0.1884782612323761,
7791,9.924922943115234,0.0005977167747914791,0.8688483238220215,0.1318318247795105,0.22981342673301697,
7792,8.983908653259277,0.0006851675570942461,0.8031887412071228,0.10792121291160583,0.21862243115901947,
7793,4.788431167602539,0.0007130301091820002,0.7545665502548218,0.012336820363998413,0.14830473065376282,
7794,8.012728691101074,0.0006265242700465024,0.8298368453979492,0.0319385826587677,0.2547505795955658,
7795,6.710851669311523,0.0006755082285962999,0.943964958190918,0.06779275834560394,0.1622072011232376,
7796,6.088223457336426,0.0006431416259147227,0.7636984586715698,0.05151425302028656,0.16082358360290527,
7797,4.995655059814453,0.0006781078409403563,0.7708185911178589,0.02846314013004303,0.13985219597816467,
7798,4.697694778442383,0.0006304761045612395,0.78751540184021,0.0,0.15577669441699982,
7799,8.396283149719238,0.0007440352928824723,1.0509899854660034,0.047060102224349976,0.24600757658481598,
7800,5.585011005401611,0.0006931161624379456,0.8112406730651855,0.05785556137561798,0.13240212202072144,
7801,4.956089973449707,0.0006894107791595161,0.8163849115371704,0.01668393611907959,0.14821486175060272,
7802,9.058208465576172,0.0008012683247216046,0.7442204356193542,0.03966209292411804,0.2920961380004883,
7803,6.627933979034424,0.000603109656367451,0.7776342630386353,0.07065895199775696,0.16274993121623993,
7804,6.594628810882568,0.0007144706905819476,0.917060375213623,0.03602752089500427,0.19036073982715607,
7805,8.6117582321167,0.0007342437165789306,1.0300384759902954,0.11438179016113281,0.1881527304649353,
7806,10.198701858520508,0.0008316008024848998,0.8951624035835266,0.10417947173118591,0.2671304941177368,
7807,9.125041007995605,0.0006686054985038936,0.7059735059738159,0.005267158150672913,0.33082693815231323,
7808,6.413198471069336,0.0006550758262164891,0.7760326862335205,0.09407909214496613,0.13075245916843414,
7809,4.2836103439331055,0.0009838251862674952,0.8636474609375,0.07257358729839325,0.06324110925197601,
7810,9.29230785369873,0.0006421029684133828,1.0328342914581299,0.06748898327350616,0.26224786043167114,
7811,8.855429649353027,0.0007028020336292684,0.7485573291778564,0.09331507980823517,0.2302570343017578,
7812,7.854306697845459,0.0006727913860231638,0.7471362352371216,0.04314829409122467,0.24046574532985687,
7813,5.6537699699401855,0.0006259338115341961,0.8089033365249634,0.06658345460891724,0.12658528983592987,
7814,5.702234745025635,0.0007190085016191006,0.8077952265739441,0.08243323862552643,0.11262534558773041,
7815,12.282320976257324,0.0005539419944398105,0.8297853469848633,0.1542884111404419,0.30325907468795776,
7816,9.482133865356445,0.0007932073785923421,0.7676501274108887,0.16347390413284302,0.18431220948696136,
7817,6.488537788391113,0.0007754068938083947,0.7369649410247803,0.09173506498336792,0.13755245506763458,
7818,5.239451885223389,0.0007157460204325616,0.750022292137146,0.06390626728534698,0.11495516449213028,
7819,13.381489753723145,0.0007758834399282932,0.7976732850074768,0.05590371787548065,0.44667306542396545,
7820,6.781567096710205,0.0006313729682005942,0.7185336351394653,0.12546755373477936,0.11642241477966309,
7821,10.994145393371582,0.0007459147018380463,0.8463447093963623,0.11318454146385193,0.2919815480709076,
7822,8.147469520568848,0.0007167917210608721,0.903988242149353,0.12225757539272308,0.16676488518714905,
7823,4.411397457122803,0.0006494068657048047,0.8450630903244019,0.05369211733341217,0.08831184357404709,
7824,9.48669147491455,0.0005535687087103724,0.8202227354049683,0.07826438546180725,0.26784080266952515,
7825,7.8997321128845215,0.000709927175194025,0.8544541597366333,0.0399177223443985,0.24118347465991974,
7826,4.334370136260986,0.0006057762657292187,1.1919090747833252,0.0,0.12509267032146454,
7827,6.254344940185547,0.000620722770690918,0.9396538138389587,0.06864361464977264,0.14332330226898193,
7828,5.072911739349365,0.0006829450721852481,0.9736486077308655,0.04072059690952301,0.12256699800491333,
7829,5.145974636077881,0.0006366966408677399,0.724532961845398,0.10813289880752563,0.06808807700872421,
7830,5.872239589691162,0.0005747039103880525,0.8803108334541321,0.07642193138599396,0.12268051505088806,
7831,5.739287853240967,0.0005794817116111517,0.7426224946975708,0.07233305275440216,0.1269540786743164,
7832,3.85353946685791,0.0006091821705922484,0.9782247543334961,0.09115011990070343,0.023253286257386208,
7833,6.555424213409424,0.0006103995838202536,0.9273809194564819,0.06347186863422394,0.16103947162628174,
7834,11.21239948272705,0.0006074480479583144,0.7593923807144165,0.06340585649013519,0.35410699248313904,
7835,7.736278057098389,0.000650725094601512,0.8385878801345825,0.06467436254024506,0.21058252453804016,
7836,6.384233474731445,0.0006978398305363953,0.9548195600509644,0.05477875471115112,0.16169995069503784,
7837,6.163540840148926,0.0006637825281359255,0.842515230178833,0.0566224604845047,0.15555477142333984,
7838,6.587004661560059,0.0005766520625911653,0.8153685331344604,0.09822967648506165,0.13205912709236145,
7839,6.883091449737549,0.0006219080532900989,0.844289243221283,0.06576400995254517,0.17516615986824036,
7840,4.502849578857422,0.0007322143646888435,1.0000104904174805,0.014152854681015015,0.12522847950458527,
7841,7.728144645690918,0.0007143776747398078,0.8136102557182312,0.10749247670173645,0.16837453842163086,
7842,7.596251964569092,0.0005880890530534089,0.873731255531311,0.033363327383995056,0.23494942486286163,
7843,3.9852683544158936,0.0006700875819660723,0.7827627062797546,0.07536499202251434,0.05206514149904251,
7844,4.7935662269592285,0.0006531381513923407,0.9431130886077881,0.039228007197380066,0.11413697898387909,
7845,7.541304588317871,0.0005642969044856727,1.0072789192199707,0.030487418174743652,0.23030932247638702,
7846,4.421648979187012,0.0006845718598924577,0.9032568335533142,0.008747413754463196,0.13130369782447815,
7847,8.283225059509277,0.0006786606390960515,0.9001677632331848,0.0907200276851654,0.20392362773418427,
7848,11.864115715026855,0.0005794792668893933,0.805649995803833,0.10895740985870361,0.3328017294406891,
7849,9.943315505981445,0.000680049357470125,1.1383167505264282,0.05154627561569214,0.29997360706329346,
7850,8.725543975830078,0.0005876634968444705,0.7895031571388245,0.14054742455482483,0.17630653083324432,
7851,8.345269203186035,0.0006644697859883308,0.6225137710571289,0.1144251674413681,0.19382059574127197,
7852,11.327410697937012,0.0005375170148909092,0.8280734419822693,0.06765054166316986,0.35178542137145996,
7853,7.561921119689941,0.0006401107530109584,0.7540675401687622,0.022986873984336853,0.24868714809417725,
7854,9.051408767700195,0.0005425843992270529,0.6808841228485107,0.1358228176832199,0.1984555721282959,
7855,4.392614364624023,0.0006085765198804438,0.7156658172607422,0.054933831095695496,0.0915355309844017,
7856,6.516694068908691,0.0006583109498023987,1.0148249864578247,0.02434462308883667,0.19507183134555817,
7857,6.051294803619385,0.0006443968159146607,0.8740420937538147,0.06954807043075562,0.13689765334129333,
7858,7.35081148147583,0.000674310140311718,0.7278906106948853,0.04123111069202423,0.22301141917705536,
7859,5.348273754119873,0.0007415522704832256,0.7101200819015503,0.0695514976978302,0.11523308604955673,
7860,3.8520970344543457,0.0005522908177226782,0.7076228857040405,0.09217207133769989,0.03305460140109062,
7861,4.838769912719727,0.0006547770462930202,0.8049057722091675,0.05979125201702118,0.10090852528810501,
7862,5.761659145355225,0.0006540596368722618,0.8302774429321289,0.08520931005477905,0.11139189451932907,
7863,5.671736717224121,0.0005306040402501822,0.7728767991065979,0.04243795573711395,0.1529858261346817,
7864,5.692409515380859,0.0006196987815201283,0.7312007546424866,0.06421872973442078,0.13360992074012756,
7865,8.245646476745605,0.0005399390356615186,0.7786053419113159,0.10019983351230621,0.1979418694972992,
7866,5.369807243347168,0.0006300492095761001,0.7893164157867432,0.0199444442987442,0.1626451462507248,
7867,5.182652950286865,0.0006410462665371597,0.7333531975746155,0.06253309547901154,0.11479786038398743,
7868,4.567473411560059,0.0005644101765938103,0.8483416438102722,0.03464929759502411,0.1135515570640564,
7869,3.749915599822998,0.0006566578522324562,0.7460066080093384,0.0566013902425766,0.06289831548929214,
7870,9.783534049987793,0.0005827004206366837,0.8703233003616333,0.10446085035800934,0.25148487091064453,
7871,8.145318031311035,0.000583313056267798,0.7341700792312622,0.08069424331188202,0.21516835689544678,
7872,4.500070571899414,0.0006188770639710128,0.8351843357086182,0.029973819851875305,0.11600273847579956,
7873,8.661252975463867,0.0007172481273300946,0.8297247886657715,0.09423501789569855,0.21830886602401733,
7874,6.767953872680664,0.0006910014781169593,0.8442614078521729,0.04377022385597229,0.1924864798784256,
7875,6.293657302856445,0.0006117061129771173,0.8961594104766846,0.04787202179431915,0.16741618514060974,
7876,8.319724082946777,0.0007374416454695165,0.7906167507171631,0.10412369668483734,0.19630315899848938,
7877,11.574620246887207,0.0006089801318012178,0.9086931943893433,0.06892292201519012,0.35710519552230835,
7878,6.805547714233398,0.0005443766713142395,0.7117692232131958,0.03977404534816742,0.20343273878097534,
7879,4.037665843963623,0.0006835349486209452,0.8389529585838318,0.0,0.12726497650146484,
7880,6.091667652130127,0.0006682826788164675,0.8091004490852356,0.06077603995800018,0.14985835552215576,
7881,3.8442392349243164,0.0005606837221421301,0.8173264265060425,0.01269356906414032,0.10782225430011749,
7882,7.2482709884643555,0.0006623215158469975,0.9586726427078247,0.027275145053863525,0.22364647686481476,
7883,6.616189002990723,0.0006082034669816494,0.8337934017181396,0.04811425507068634,0.1825733780860901,
7884,8.711785316467285,0.0006021960871294141,0.8952843546867371,0.1031733900308609,0.20888444781303406,
7885,5.895594596862793,0.0006413852679543197,0.7309024930000305,0.03943257033824921,0.16651371121406555,
7886,5.706232070922852,0.0006931109819561243,0.8672860264778137,0.04077497124671936,0.15208975970745087,
7887,10.947671890258789,0.0007407751400023699,0.8013076782226562,0.09448091685771942,0.3106328845024109,
7888,5.2822794914245605,0.0007233106880448759,0.8446937799453735,0.06510023772716522,0.11167989671230316,
7889,7.875453948974609,0.0007751827943138778,0.8245617747306824,0.027626916766166687,0.253633588552475,
7890,6.726626396179199,0.0006685664993710816,0.9019098281860352,0.05246511101722717,0.17985498905181885,
7891,11.019102096557617,0.000788061588536948,0.7944890260696411,0.03924250602722168,0.36895397305488586,
7892,5.540554523468018,0.0007561424281448126,0.764792799949646,0.05846099555492401,0.13181331753730774,
7893,3.4945380687713623,0.0007066636462695897,0.7488682270050049,0.06258966028690338,0.04653047397732735,
7894,5.985072135925293,0.0006287736468948424,0.9082338809967041,0.03526407480239868,0.16718068718910217,
7895,8.868687629699707,0.0006784340366721153,0.8748422265052795,0.09892500936985016,0.22015035152435303,
7896,2.8738818168640137,0.0006605954258702695,0.8175520896911621,0.045805707573890686,0.03578688204288483,
7897,5.1059136390686035,0.0006733839982189238,0.7205279469490051,0.10153065621852875,0.07321138679981232,
7898,6.5540947914123535,0.0007049226551316679,0.7525705099105835,0.0992116928100586,0.13214434683322906,
7899,6.559075832366943,0.0006275593768805265,0.8796762824058533,0.11545181274414062,0.11109660565853119,
7900,6.682548522949219,0.0006540608592331409,0.6397304534912109,0.12171344459056854,0.11934520304203033,
7901,8.356307983398438,0.0005674142739735544,0.798722505569458,0.03831981122493744,0.2634161710739136,
7902,7.165795803070068,0.0006685014814138412,0.7604718804359436,0.09730541706085205,0.15823905169963837,
7903,8.868144989013672,0.0006185792735777795,0.583527684211731,0.19527243077754974,0.1354936957359314,
7904,6.254469394683838,0.0006414795643649995,0.6167149543762207,0.12730772793293,0.09756095707416534,
7905,7.512945175170898,0.000580666761379689,0.8286668062210083,0.08411340415477753,0.18267707526683807,
7906,6.501811504364014,0.0005562056321650743,0.7095876932144165,0.06002683937549591,0.17110592126846313,
7907,6.066033363342285,0.0007477027829736471,0.786013126373291,0.08248557150363922,0.12796753644943237,
7908,9.959823608398438,0.0005585993640124798,0.7289673089981079,0.14902254939079285,0.21965306997299194,
7909,6.330143928527832,0.000975690025370568,0.8473918437957764,0.07155400514602661,0.14678040146827698,
7910,8.944971084594727,0.000556070648599416,0.83327317237854,0.02583332359790802,0.2980785369873047,
7911,7.007508754730225,0.0005852802423760295,0.9539209604263306,0.037261828780174255,0.20429642498493195,
7912,8.670337677001953,0.000710189517121762,0.7670349478721619,0.1361447423696518,0.1792771816253662,
7913,3.987121343612671,0.0005925759323872626,0.7741787433624268,0.04757978022098541,0.08034535497426987,
7914,3.9110219478607178,0.0006087232031859457,0.7201130390167236,0.014487817883491516,0.11253981292247772,
7915,11.156085968017578,0.0006289494340308011,0.7345767021179199,0.11699704825878143,0.2992343306541443,
7916,6.174715518951416,0.0006495360285043716,0.7887959480285645,0.13188283145427704,0.08290441334247589,
7917,12.159252166748047,0.0005715131410397589,0.9772074222564697,0.06892822682857513,0.37778204679489136,
7918,5.904223442077637,0.0006812706706114113,0.8527545928955078,0.09710721671581268,0.10427027940750122,
7919,4.51225471496582,0.0006229509017430246,0.6907895803451538,0.06697812676429749,0.08525753021240234,
7920,9.311931610107422,0.0007190369651652873,0.7613279819488525,0.03236056864261627,0.3089445233345032,
7921,10.700896263122559,0.0006801427807658911,0.9580858945846558,0.14550501108169556,0.24352726340293884,
7922,16.782272338867188,0.0006375668453983963,1.0277601480484009,0.024012714624404907,0.6055302619934082,
7923,4.850545883178711,0.000822189322207123,0.9081714153289795,0.026991963386535645,0.12988081574440002,
7924,6.583456039428711,0.0007284088642336428,0.7902342081069946,0.012342318892478943,0.21865814924240112,
7925,4.717940330505371,0.0007421818445436656,0.7341400980949402,0.04684633016586304,0.11176349222660065,
7926,6.0819902420043945,0.0006822242867201567,0.7213504314422607,0.06734085083007812,0.1464025229215622,
7927,5.028775215148926,0.0007183490670286119,0.8717820644378662,0.07417675852775574,0.09138462692499161,
7928,4.8684282302856445,0.0006954380660317838,0.862284779548645,0.003364652395248413,0.15618565678596497,
7929,10.326286315917969,0.0007321091252379119,0.8357825875282288,0.0696246325969696,0.3092634081840515,
7930,5.193688869476318,0.0006304545677267015,0.6979386210441589,0.07406237721443176,0.1051371842622757,
7931,14.449003219604492,0.0006562539492733777,0.7714781761169434,0.08766390383243561,0.45878085494041443,
7932,7.663090705871582,0.000659007637295872,0.7881801128387451,0.05741792917251587,0.21691949665546417,
7933,7.627559185028076,0.0006445017643272877,0.7282337546348572,0.07840925455093384,0.1969192624092102,
7934,8.472329139709473,0.000610526476521045,0.7914841175079346,0.1242201030254364,0.18240316212177277,
7935,5.7037811279296875,0.0006882597808726132,0.8758633136749268,0.08844302594661713,0.10398544371128082,
7936,6.49934196472168,0.0007986510172486305,0.8841753602027893,0.13272742927074432,0.09108059108257294,
7937,6.623880863189697,0.0006681291852146387,0.7313908338546753,0.08282190561294556,0.1522095650434494,
7938,6.649974346160889,0.0006412410875782371,0.6725815534591675,0.09532959759235382,0.14312486350536346,
7939,7.689855575561523,0.0006630876450799406,0.9696207046508789,0.1414656639099121,0.1266806274652481,
7940,4.865497589111328,0.0006629744893871248,0.9084630012512207,0.0,0.15761840343475342,
7941,12.680181503295898,0.0006019872380420566,0.7076324224472046,0.05195753276348114,0.4263424873352051,
7942,6.192903518676758,0.0006514795240946114,0.7647572755813599,0.07498626410961151,0.14148810505867004,
7943,5.135828018188477,0.0006075087585486472,0.861098051071167,0.08895719051361084,0.08142448216676712,
7944,12.090344429016113,0.0006490215309895575,0.8141367435455322,0.1158791333436966,0.334520161151886,
7945,6.148996353149414,0.0006453258683905005,0.9323188066482544,0.06322111189365387,0.14480066299438477,
7946,3.7964818477630615,0.0005663906340487301,0.8058226108551025,0.020332753658294678,0.09872722625732422,
7947,7.245380878448486,0.0005280326004140079,0.8464228510856628,0.10982529819011688,0.14560499787330627,
7948,4.858364582061768,0.0007020225748419762,0.9096876382827759,0.07807062566280365,0.07917442917823792,
7949,6.742268085479736,0.0006265596020966768,0.8582940101623535,0.1796385496854782,0.055093832314014435,
7950,11.880945205688477,0.0006946767098270357,0.9057927131652832,0.03463223576545715,0.4036791920661926,
7951,8.870267868041992,0.0006027902127243578,0.8654254078865051,0.07115422189235687,0.24843671917915344,
7952,7.568364143371582,0.0006377153913490474,0.9224164485931396,0.08850842714309692,0.17669178545475006,
7953,5.121028900146484,0.0006003750604577363,0.8730101585388184,0.05844753980636597,0.11087283492088318,
7954,4.816929817199707,0.0006001623696647584,0.8055371642112732,0.027889415621757507,0.13196612894535065,
7955,4.747934341430664,0.0006014090613462031,0.8283993601799011,0.043443769216537476,0.11273622512817383,
7956,6.592326641082764,0.000691333319991827,0.7531822323799133,0.06706792116165161,0.16580651700496674,
7957,7.193578720092773,0.0006552863051183522,0.8447970151901245,0.11275115609169006,0.1405448019504547,
7958,12.485136032104492,0.0005837043863721192,1.0048232078552246,0.050734907388687134,0.4078938663005829,
7959,6.560323715209961,0.0006796125671826303,0.8809983730316162,0.04572932422161102,0.1807640790939331,
7960,7.254823684692383,0.000595815246924758,1.147979497909546,0.02920202910900116,0.21447594463825226,
7961,3.6057825088500977,0.0005011945613659918,0.7581692934036255,0.04484826326370239,0.0685550794005394,
7962,9.163259506225586,0.00067721406230703,0.6964527368545532,0.15731528401374817,0.18067976832389832,
7963,12.01171875,0.0005210830131545663,0.8713473677635193,0.1248503029346466,0.3202434480190277,
7964,6.492663860321045,0.0005803687963634729,0.8759036064147949,0.06307660043239594,0.1610134243965149,
7965,5.430225849151611,0.0006473874091170728,0.696269154548645,0.08531425893306732,0.10339663177728653,
7966,9.561097145080566,0.0006665625260211527,0.7932353615760803,0.0664205551147461,0.28362733125686646,
7967,4.3432769775390625,0.0005548150511458516,0.8518693447113037,0.010931149125099182,0.12817032635211945,
7968,14.766084671020508,0.0005933716893196106,0.9419639110565186,0.031111791729927063,0.5212596654891968,
7969,6.443743705749512,0.0005729885888285935,0.7632057666778564,0.10976479947566986,0.11688373982906342,
7970,4.469223976135254,0.0005459594540297985,0.7455743551254272,0.0695587545633316,0.07884126156568527,
7971,8.71116828918457,0.0006834710948169231,0.8651914000511169,0.03990867733955383,0.2732469439506531,
7972,6.533792495727539,0.0006510632229037583,0.6569406986236572,0.05552327632904053,0.17889973521232605,
7973,8.807861328125,0.0007174882921390235,0.6973826885223389,0.09488129615783691,0.22882035374641418,
7974,8.501585006713867,0.0006295310449786484,0.833332896232605,0.03183908760547638,0.274261474609375,
7975,4.788042068481445,0.0006664718384854496,0.781786322593689,0.050823792815208435,0.10875995457172394,
7976,6.436685085296631,0.0006117419106885791,0.7078671455383301,0.08730095624923706,0.14124001562595367,
7977,6.022192478179932,0.000586228386964649,0.7207609415054321,0.08735065162181854,0.12412038445472717,
7978,5.219544410705566,0.0005560176796279848,0.6398075819015503,0.0808095782995224,0.10182388126850128,
7979,4.245268821716309,0.0005931347259320319,0.8179385662078857,0.02540910243988037,0.11109098792076111,
7980,4.476260662078857,0.000622025050688535,0.7243448495864868,0.0741693526506424,0.07528525590896606,
7981,7.338542938232422,0.0006199234630912542,0.7517533898353577,0.05795590579509735,0.2048957645893097,
7982,4.865837097167969,0.0006714847986586392,0.7978988885879517,0.04575048387050629,0.11629556119441986,
7983,4.990092754364014,0.0006161266355775297,0.8142877817153931,0.04043225944042206,0.1259838342666626,
7984,11.354997634887695,0.0005939176771789789,0.9621595144271851,0.03000245988368988,0.38511714339256287,
7985,8.442594528198242,0.0005421178066171706,0.9341241121292114,0.040649980306625366,0.25914672017097473,
7986,12.130456924438477,0.0006387688918039203,0.8715327978134155,0.07045914232730865,0.3792590796947479,
7987,7.133543968200684,0.0006156431045383215,0.9820336103439331,0.0,0.24544477462768555,
7988,8.353222846984863,0.000808997021522373,0.9344114065170288,0.004667416214942932,0.2912760376930237,
7989,8.264862060546875,0.0006600275519303977,0.9550523161888123,0.004111334681510925,0.28762102127075195,
7990,5.203960418701172,0.0005652678664773703,0.9231218695640564,0.0590326189994812,0.11163565516471863,
7991,6.930342674255371,0.0005427270079962909,0.8198491334915161,0.05787169933319092,0.18600532412528992,
7992,9.910691261291504,0.0005720735643990338,0.8878484964370728,0.06442442536354065,0.29591721296310425,
7993,7.716063499450684,0.0006285664276219904,0.7663078308105469,0.06188619136810303,0.21547546982765198,
7994,3.4508800506591797,0.0005797870107926428,0.7343915700912476,0.030207350850105286,0.0778723955154419,
7995,5.725276470184326,0.000627173634711653,0.7913631796836853,0.07067015767097473,0.12605920433998108,
7996,14.11597728729248,0.0006415841053240001,0.8036282658576965,0.08580827713012695,0.44604411721229553,
7997,4.274795055389404,0.000562171742785722,0.7427803874015808,0.02718985080718994,0.11352856457233429,
7998,9.088275909423828,0.0005730623961426318,0.8702758550643921,0.008873745799064636,0.3192732036113739,
7999,5.218695640563965,0.0006138706230558455,0.6376684904098511,0.03234933316707611,0.15027786791324615,
8000,5.3222479820251465,0.0006574208964593709,0.7316818237304688,0.1185203492641449,0.06444486975669861,"[0.9983651638031006, 1.152506947517395, 0.9170610904693604]"
