step,loss,sim_loss,var_loss,cov_loss,sfa_loss,contrastive_loss,sfa_weight_applied,per_dim_std
201,4093.913818359375,4054.402099609375,1.9298646450042725,1.3734240837948164e-06,2.697160255138442e-07,0.0,0.25125,
202,4017.25341796875,3978.42333984375,1.9213457107543945,8.70039457367966e-06,2.959709206606931e-07,0.0,0.2525,
203,3942.16796875,3903.851806640625,1.9181582927703857,7.939557690406218e-06,4.55075337413291e-07,0.0,0.25375,
204,3868.51416015625,3830.854736328125,1.9131717681884766,1.046298802975798e-05,6.380383297255321e-07,0.0,0.255,
205,3795.320068359375,3758.361572265625,1.9059619903564453,1.5272771634045057e-05,7.441560683218995e-07,0.0,0.25625,
206,3722.45751953125,3686.477294921875,1.8911762237548828,2.2865990104037337e-05,1.6340574120476958e-06,0.0,0.2575,
207,3653.23095703125,3618.041015625,1.8834798336029053,4.373578121885657e-05,1.9280412288935622e-06,0.0,0.25875,
208,3585.976318359375,3551.8271484375,1.8677287101745605,0.00014475578791461885,1.8635761307450593e-06,0.0,0.26,
209,3516.357421875,3483.441650390625,1.8440215587615967,0.00024681229842826724,4.563192760542734e-06,0.0,0.26125,
210,3444.96484375,3412.908447265625,1.83542001247406,0.00043059742893092334,4.307616109144874e-06,0.0,0.2625,
211,3375.936767578125,3344.852294921875,1.8222341537475586,0.0008098385878838599,7.750232725811657e-06,0.0,0.26375,
212,3313.034912109375,3283.333251953125,1.7941352128982544,0.0012767493026331067,7.3669002631504554e-06,0.0,0.265,
213,3250.539794921875,3222.694580078125,1.7460912466049194,0.003793930634856224,7.815113349352032e-06,0.0,0.26625,
214,3184.77783203125,3158.108154296875,1.7286674976348877,0.0051481714472174644,1.2107338989153504e-05,0.0,0.2675,
215,3117.403564453125,3092.61865234375,1.6800062656402588,0.011965525336563587,1.2454373063519597e-05,0.0,0.26875,
216,3048.658447265625,3024.32421875,1.6989171504974365,0.007460881024599075,2.504319854779169e-05,0.0,0.27,
217,2974.873779296875,2952.905029296875,1.621764898300171,0.02388729527592659,2.7161097023054026e-05,0.0,0.27125,
218,2896.416015625,2876.2958984375,1.5686380863189697,0.03730829805135727,3.1545798265142366e-05,0.0,0.2725,
219,2813.837158203125,2794.486572265625,1.573014497756958,0.03692891076207161,6.0256465076236054e-05,0.0,0.27375,
220,2748.373046875,2730.837646484375,1.49192214012146,0.07871533930301666,4.7166598960757256e-05,0.0,0.275,
221,2680.634033203125,2664.280029296875,1.4781655073165894,0.08183586597442627,5.07749937241897e-05,0.0,0.27625,
222,2585.53515625,2569.77685546875,1.3725990056991577,0.18833009898662567,0.00010609198216116056,0.0,0.2775,
223,2509.3505859375,2492.275146484375,1.2471914291381836,0.40356314182281494,0.00010952930460916832,0.0,0.27875,
224,2419.695068359375,2400.805419921875,1.184792399406433,0.5660938620567322,0.0001244992163265124,0.0,0.28,
225,2348.273193359375,2320.74072265625,1.0785279273986816,1.0524436235427856,0.00011375657777534798,0.0,0.28125,
226,2270.85693359375,2245.375244140625,1.0758694410324097,1.0063647031784058,0.0001253018417628482,0.0,0.2825,
227,2159.821044921875,2121.42626953125,1.0525527000427246,1.5696645975112915,0.0001643482391955331,0.0,0.28375,
228,2122.80224609375,2044.1881103515625,0.9503809809684753,3.318779706954956,0.00016519914788659662,0.0,0.285,
229,1975.6942138671875,1940.1717529296875,1.0162509679794312,1.54911208152771,0.00033231053384952247,0.0,0.28625,
230,1923.576416015625,1835.6141357421875,0.9479978084564209,3.7322404384613037,0.0004318824503570795,0.0,0.2875,
231,1848.9066162109375,1764.575927734375,0.9352312684059143,3.6357603073120117,0.0003910685481969267,0.0,0.28875,
232,1812.7491455078125,1640.3233642578125,0.9296018481254578,7.178523063659668,0.0005943607538938522,0.0,0.29,
233,1591.318115234375,1544.827392578125,0.9116562008857727,2.1846628189086914,0.0004809575330000371,0.0,0.29125,
234,1505.858154296875,1454.066162109375,0.9218065142631531,2.396050214767456,0.0007423281786032021,0.0,0.2925,
235,1630.8275146484375,1354.258544921875,0.9014157652854919,11.418327331542969,0.0007952095475047827,0.0,0.29375,
236,1403.8729248046875,1265.8179931640625,0.8858978152275085,5.90206241607666,0.0012406989699229598,0.0,0.295,
237,1503.638671875,1224.6260986328125,0.8659359812736511,11.607970237731934,0.0007697730325162411,0.0,0.29625,
238,1413.55126953125,1137.4967041015625,0.883579671382904,11.493650436401367,0.0014780196361243725,0.0,0.2975,
239,1401.88720703125,1099.41162109375,0.8400511741638184,12.625872611999512,0.0010178079828619957,0.0,0.29875,
240,1308.831787109375,1048.401611328125,0.8800088763237,10.940058708190918,0.0021155294962227345,0.0,0.3,
241,1087.8695068359375,990.1809692382812,0.8412127494812012,4.516544818878174,0.0012739021331071854,0.0,0.30125,
242,1044.9884033203125,939.9636840820312,0.8390905857086182,4.848521709442139,0.004157928749918938,0.0,0.3025,
243,1054.267578125,896.8124389648438,0.7566692233085632,7.073367118835449,0.0023231145460158587,0.0,0.30375,
244,927.447509765625,852.0757446289062,0.7584207653999329,3.825474262237549,0.00339914090000093,0.0,0.305,
245,914.7817993164062,800.9358520507812,0.7377861142158508,5.397663116455078,0.004226808901876211,0.0,0.30625,
246,967.936767578125,762.70068359375,0.7312546372413635,9.101354598999023,0.005542420316487551,0.0,0.3075,
247,736.2407836914062,710.0043334960938,0.7607939839363098,1.9380598068237305,0.01058932114392519,0.0,0.30875,
248,759.1803588867188,670.23095703125,0.7120885252952576,4.541220664978027,0.0074642859399318695,0.0,0.31,
249,686.9913940429688,633.17626953125,0.6015896201133728,3.256269693374634,0.007321018259972334,0.0,0.31125,
250,650.7173461914062,578.9954833984375,0.6212942004203796,3.9380102157592773,0.009608221240341663,0.0,0.3125,
251,558.9364013671875,531.0612182617188,0.5836318135261536,2.224370241165161,0.011769317090511322,0.0,0.31375,
252,617.7916259765625,499.38287353515625,0.5505862832069397,5.876199722290039,0.01860210672020912,0.0,0.315,
253,676.7227172851562,462.573974609375,0.5645380616188049,9.66719913482666,0.012090562842786312,0.0,0.31625,
254,431.5062255859375,418.1186828613281,0.5055009722709656,1.6580010652542114,0.015433440916240215,0.0,0.3175,
255,467.4645080566406,389.48333740234375,0.4317072927951813,4.332116603851318,0.02117062360048294,0.0,0.31875,
256,397.03668212890625,354.5005798339844,0.44281768798828125,2.82393741607666,0.02235439419746399,0.0,0.32,
257,460.99310302734375,325.60748291015625,0.3251100182533264,6.672845840454102,0.029484925791621208,0.0,0.32125,
258,380.22906494140625,291.75872802734375,0.3829871416091919,4.6767730712890625,0.029695382341742516,0.0,0.3225,
259,282.44183349609375,261.2514953613281,0.5266855359077454,1.762389063835144,0.01791103556752205,0.0,0.32375,
260,296.0068359375,237.17359924316406,0.43647655844688416,3.3162014484405518,0.02241802215576172,0.0,0.325,
261,250.43185424804688,214.09408569335938,0.4903959333896637,2.2755327224731445,0.022310039028525352,0.0,0.32625,
262,403.8218994140625,193.14364624023438,0.4913971722126007,9.21634578704834,0.017542103305459023,0.0,0.3275,
263,237.03225708007812,172.37266540527344,0.47407737374305725,3.30214524269104,0.02114798128604889,0.0,0.32875,
264,433.2291259765625,162.40663146972656,0.5143517851829529,11.508101463317871,0.007228942587971687,0.0,0.33,
265,328.0032043457031,146.1283721923828,0.47061070799827576,7.91795539855957,0.017930103465914726,0.0,0.33125,
266,309.8612976074219,138.2938995361328,0.5115371346473694,7.4758830070495605,0.013518192805349827,0.0,0.3325,
267,261.96234130859375,130.51560974121094,0.5939845442771912,5.749321460723877,0.014958164654672146,0.0,0.33375,
268,169.4039306640625,121.82463836669922,0.5691298842430115,2.3971986770629883,0.01936119608581066,0.0,0.335,
269,166.93434143066406,115.25948333740234,0.6208949089050293,2.4768991470336914,0.013172243721783161,0.0,0.33625,
270,156.26461791992188,105.94629669189453,0.6160135865211487,2.3750343322753906,0.01834702305495739,0.0,0.3375,
271,114.0271987915039,99.06489562988281,0.4946925640106201,1.064674735069275,0.014482739381492138,0.0,0.33875,
272,108.5473403930664,91.21255493164062,0.5564056038856506,1.0440161228179932,0.019673297181725502,0.0,0.34,
273,101.55255889892578,80.73657989501953,0.5026255249977112,1.185589075088501,0.014920576475560665,0.0,0.34125,
274,90.8838119506836,73.1693344116211,0.5597735047340393,0.9218615293502808,0.020732561126351357,0.0,0.3425,
275,147.86770629882812,64.85137939453125,0.5751935839653015,3.4797916412353516,0.016999954357743263,0.0,0.34375,
276,94.24163055419922,54.30177688598633,0.43850526213645935,1.8024343252182007,0.020161425694823265,0.0,0.345,
277,59.117347717285156,45.69220733642578,0.4684866964817047,0.6758227348327637,0.017325662076473236,0.0,0.34625,
278,55.01859664916992,41.287147521972656,0.5413751006126404,0.568971574306488,0.013778798282146454,0.0,0.3475,
279,43.07597732543945,33.397064208984375,0.4972693622112274,0.4040043354034424,0.023075254634022713,0.0,0.34875,
280,39.770713806152344,26.95346450805664,0.6606829166412354,0.2944945991039276,0.02287519909441471,0.0,0.35,
281,35.455360412597656,23.04074478149414,0.5072796940803528,0.4038692116737366,0.020569225773215294,0.0,0.35125,
282,31.331268310546875,18.536895751953125,0.5154474377632141,0.36538165807724,0.018638940528035164,0.0,0.3525,
283,27.43358039855957,13.352210998535156,0.7208138108253479,0.1455526053905487,0.02649356983602047,0.0,0.35375,
284,32.19452667236328,10.753336906433105,0.6952369213104248,0.42193105816841125,0.01939220167696476,0.0,0.355,
285,27.8496036529541,9.145893096923828,0.8005965948104858,0.19320175051689148,0.01598704420030117,0.0,0.35625,
286,25.46149444580078,6.862051486968994,0.7651592493057251,0.17479988932609558,0.023787805810570717,0.0,0.3575,
287,25.111454010009766,5.862293243408203,0.839617133140564,0.11250714212656021,0.0189736969769001,0.0,0.35875,
288,23.222148895263672,4.968600273132324,0.774430513381958,0.1168120726943016,0.0300386194139719,0.0,0.36,
289,22.788753509521484,4.458106994628906,0.7127898335456848,0.16915035247802734,0.025291791185736656,0.0,0.36125,
290,23.820568084716797,4.015985488891602,0.7925046682357788,0.13820090889930725,0.029169172048568726,0.0,0.3625,
291,24.543237686157227,4.369480609893799,0.6955719590187073,0.26015540957450867,0.038509294390678406,0.0,0.36375,
292,23.033103942871094,4.274479389190674,0.68925940990448,0.20613759756088257,0.04040898382663727,0.0,0.365,
293,24.53525733947754,4.080829620361328,0.7063270211219788,0.2458551675081253,0.03527108207345009,0.0,0.36625,
294,22.4836368560791,4.125483989715576,0.7134710550308228,0.15856710076332092,0.025675294920802116,0.0,0.3675,
295,24.623035430908203,4.437182426452637,0.6570562720298767,0.29559218883514404,0.0399421751499176,0.0,0.36875,
296,20.859172821044922,4.20182991027832,0.7044802308082581,0.1009749323129654,0.028309417888522148,0.0,0.37,
297,21.055057525634766,4.377907752990723,0.5905911326408386,0.21918700635433197,0.03234047442674637,0.0,0.37125,
298,21.97673797607422,3.9478919506073,0.7327078580856323,0.12230443954467773,0.03536834195256233,0.0,0.3725,
299,20.552400588989258,4.05460786819458,0.7031702995300293,0.0926818996667862,0.04465925693511963,0.0,0.37375,
300,20.343181610107422,4.27169942855835,0.7072218060493469,0.07733336836099625,0.03566190227866173,0.0,0.375,
301,17.59095001220703,4.660346031188965,0.49860531091690063,0.16247448325157166,0.03781013563275337,0.0,0.37625,
302,16.747888565063477,4.415037155151367,0.4352723956108093,0.19144666194915771,0.03534473478794098,0.0,0.3775,
303,14.005904197692871,5.215140342712402,0.2911904454231262,0.22907143831253052,0.04739561676979065,0.0,0.37875,
304,16.66936492919922,5.606917858123779,0.3364211320877075,0.291562557220459,0.054394107311964035,0.0,0.38,
305,18.852027893066406,4.844500541687012,0.45159828662872314,0.2650221884250641,0.047456834465265274,0.0,0.38125,
306,14.604776382446289,5.487142086029053,0.24186548590660095,0.2902299165725708,0.06465721875429153,0.0,0.3825,
307,14.164752960205078,6.097172260284424,0.37349262833595276,0.14892619848251343,0.0653936043381691,0.0,0.38375,
308,19.427528381347656,7.297806739807129,0.22467337548732758,0.48496079444885254,0.06943000108003616,0.0,0.385,
309,21.22784423828125,6.634000301361084,0.199563130736351,0.5908927917480469,0.06477119028568268,0.0,0.38625,
310,26.2795467376709,6.884374141693115,0.3488166928291321,0.656387984752655,0.07919609546661377,0.0,0.3875,
311,12.55168342590332,7.172674655914307,0.23714680969715118,0.20501309633255005,0.07147085666656494,0.0,0.38875,
312,25.01689910888672,8.359451293945312,0.17660610377788544,0.7440643310546875,0.056070417165756226,0.0,0.39,
313,17.087560653686523,7.2533955574035645,0.2060200572013855,0.4094151258468628,0.08698835968971252,0.0,0.39125,
314,25.162578582763672,8.802791595458984,0.26259201765060425,0.6570417881011963,0.05538572371006012,0.0,0.3925,
315,11.231224060058594,9.435504913330078,0.22303491830825806,0.12463852018117905,0.06855865567922592,0.0,0.39375,
316,17.88559913635254,8.344279289245605,0.23959855735301971,0.3983037769794464,0.07798130810260773,0.0,0.395,
317,16.575172424316406,10.558130264282227,0.2130814790725708,0.3310076892375946,0.06171591952443123,0.0,0.39625,
318,33.00127029418945,9.792441368103027,0.20642656087875366,1.0208749771118164,0.057642821222543716,0.0,0.3975,
319,16.537729263305664,8.463677406311035,0.2833576798439026,0.29937174916267395,0.037846457213163376,0.0,0.39875,
320,14.948089599609375,7.362778663635254,0.27970603108406067,0.24404636025428772,0.06547968834638596,0.0,0.4,
321,10.90748405456543,6.700888633728027,0.3181890845298767,0.07064216583967209,0.04948371276259422,0.0,0.40125,
322,21.099817276000977,8.123470306396484,0.23720304667949677,0.5339952707290649,0.04558508098125458,0.0,0.4025,
323,27.06157875061035,7.573326587677002,0.2635652720928192,0.7459316849708557,0.042449284344911575,0.0,0.40375,
324,13.484659194946289,6.18064022064209,0.30489131808280945,0.1815754771232605,0.04537658393383026,0.0,0.405,
325,11.452932357788086,5.938326358795166,0.33452391624450684,0.07998726516962051,0.0611417293548584,0.0,0.40625,
326,19.390199661254883,6.680792808532715,0.30030930042266846,0.4175870418548584,0.04069390520453453,0.0,0.4075,
327,14.745840072631836,6.0647711753845215,0.3017355799674988,0.24782396852970123,0.051203757524490356,0.0,0.40875,
328,23.424922943115234,6.87406587600708,0.2790416181087494,0.5985668897628784,0.0754598006606102,0.0,0.41,
329,18.469459533691406,6.102354526519775,0.3289615213871002,0.3658010959625244,0.053343694657087326,0.0,0.41125,
330,15.269662857055664,6.336522579193115,0.3894283175468445,0.16892842948436737,0.05572186037898064,0.0,0.4125,
331,18.14750862121582,5.409237384796143,0.3659782409667969,0.3064766824245453,0.05718707665801048,0.0,0.41375,
332,14.69993782043457,5.571065902709961,0.35992640256881714,0.18492491543293,0.05721311271190643,0.0,0.415,
333,10.095820426940918,5.381209373474121,0.29007458686828613,0.08202309161424637,0.04748757183551788,0.0,0.41625,
334,11.038894653320312,5.8695244789123535,0.3257901072502136,0.08466348052024841,0.051839444786310196,0.0,0.4175,
335,17.389358520507812,5.813163757324219,0.503516435623169,0.17066727578639984,0.04581085965037346,0.0,0.41875,
336,15.019021987915039,4.651058673858643,0.5383387804031372,0.03833240643143654,0.06255366653203964,0.0,0.42,
337,16.810266494750977,4.262962341308594,0.5450786352157593,0.10613906383514404,0.06905635446310043,0.0,0.42125,
338,13.443456649780273,4.690488815307617,0.4022864103317261,0.11413989961147308,0.07236068695783615,0.0,0.4225,
339,13.959732055664062,5.111786365509033,0.40123575925827026,0.13263270258903503,0.06003012880682945,0.0,0.42375,
340,12.880058288574219,5.207570552825928,0.3449309468269348,0.14468321204185486,0.04169878736138344,0.0,0.425,
341,11.581390380859375,5.390632629394531,0.2960070073604584,0.1363832652568817,0.06476245075464249,0.0,0.42625,
342,21.04886245727539,5.139784812927246,0.45900842547416687,0.34440547227859497,0.07574167102575302,0.0,0.4275,
343,13.32435417175293,5.694521903991699,0.29716724157333374,0.19707119464874268,0.059373751282691956,0.0,0.42875,
344,17.37615966796875,5.881356239318848,0.2616548240184784,0.395748496055603,0.06267358362674713,0.0,0.43,
345,9.701942443847656,5.940239429473877,0.28706589341163635,0.06863191723823547,0.0795767679810524,0.0,0.43125,
346,10.694250106811523,5.7693610191345215,0.26667019724845886,0.12458491325378418,0.06258154660463333,0.0,0.4325,
347,11.157808303833008,6.447206020355225,0.24877667427062988,0.15466469526290894,0.06667804718017578,0.0,0.43375,
348,9.468889236450195,5.477222442626953,0.25706249475479126,0.08743268996477127,0.0643332228064537,0.0,0.435,
349,10.450349807739258,6.539944648742676,0.25925275683403015,0.1209697499871254,0.060150567442178726,0.0,0.43625,
350,10.528217315673828,5.504926681518555,0.3169594407081604,0.061890047043561935,0.07884494215250015,0.0,0.4375,
351,12.178926467895508,5.700855255126953,0.3470923602581024,0.0983513817191124,0.05720595642924309,0.0,0.43875,
352,13.560598373413086,5.469231128692627,0.3085828423500061,0.19174528121948242,0.08205446600914001,0.0,0.44,
353,10.809751510620117,6.109224319458008,0.3465660810470581,0.046332910656929016,0.09031206369400024,0.0,0.44125,
354,9.83016300201416,4.534515857696533,0.2969498038291931,0.06491713225841522,0.0890921875834465,0.0,0.4425,
355,17.1650390625,6.502349376678467,0.4374188780784607,0.2052813172340393,0.06066228821873665,0.0,0.44375,
356,10.431320190429688,6.315807342529297,0.2727782428264618,0.10482308268547058,0.06594208627939224,0.0,0.445,
357,20.120203018188477,6.4546427726745605,0.258737176656723,0.4965425133705139,0.05299462750554085,0.0,0.44625,
358,13.144086837768555,8.503692626953125,0.2536427676677704,0.21719025075435638,0.06705055385828018,0.0,0.4475,
359,9.583324432373047,7.093263626098633,0.24695464968681335,0.09695024788379669,0.06484755128622055,0.0,0.44875,
360,13.967840194702148,6.263038158416748,0.2560374140739441,0.2664550244808197,0.062159884721040726,0.0,0.45,
361,10.777971267700195,7.123191833496094,0.2998555302619934,0.0918041467666626,0.0661081075668335,0.0,0.45125,
362,12.631059646606445,6.717417240142822,0.296247273683548,0.15869008004665375,0.07127130776643753,0.0,0.4525,
363,10.46004867553711,6.0819292068481445,0.2739246189594269,0.10687585175037384,0.08643288165330887,0.0,0.45375,
364,12.844345092773438,6.393251419067383,0.3815074563026428,0.10224392265081406,0.056717246770858765,0.0,0.455,
365,11.605979919433594,7.1715006828308105,0.2639809250831604,0.15746384859085083,0.0695098415017128,0.0,0.45625,
366,10.747241973876953,5.992510795593262,0.2704804241657257,0.10687144100666046,0.08794325590133667,0.0,0.4575,
367,12.64175796508789,5.6191582679748535,0.2696199119091034,0.19581112265586853,0.07910852134227753,0.0,0.45875,
368,11.207098007202148,5.704457759857178,0.27459168434143066,0.11411144584417343,0.06700167804956436,0.0,0.46,
369,11.88711929321289,5.738850116729736,0.2938179671764374,0.14226341247558594,0.06223779916763306,0.0,0.46125,
370,11.112007141113281,6.825156211853027,0.3034782111644745,0.10109788179397583,0.055819105356931686,0.0,0.4625,
371,8.817197799682617,6.409177303314209,0.26869502663612366,0.04107864573597908,0.08177275955677032,0.0,0.46375,
372,17.716156005859375,5.955395221710205,0.39695143699645996,0.282373309135437,0.0717608630657196,0.0,0.465,
373,11.740671157836914,5.148172378540039,0.3768269717693329,0.06292586773633957,0.05638747289776802,0.0,0.46625,
374,11.974288940429688,6.156984806060791,0.36466920375823975,0.09039337188005447,0.05900011584162712,0.0,0.4675,
375,12.07463264465332,6.272997856140137,0.25701937079429626,0.19250549376010895,0.08265600353479385,0.0,0.46875,
376,19.715972900390625,5.797993183135986,0.27852678298950195,0.4755438566207886,0.07493794709444046,0.0,0.47,
377,10.37917709350586,6.091773986816406,0.28162553906440735,0.09595758467912674,0.04317557439208031,0.0,0.47125,
378,13.54302978515625,6.076855659484863,0.3316904306411743,0.17643454670906067,0.07956438511610031,0.0,0.4725,
379,12.31903076171875,5.639214038848877,0.3302086889743805,0.1367323249578476,0.06735875457525253,0.0,0.47375,
380,11.242521286010742,5.46444034576416,0.3148767054080963,0.0971343070268631,0.08084217458963394,0.0,0.475,
381,12.71898365020752,5.610670566558838,0.3131124973297119,0.16589635610580444,0.06486596167087555,0.0,0.47625,
382,11.407198905944824,4.522049903869629,0.37841305136680603,0.05135170370340347,0.055668313056230545,0.0,0.4775,
383,12.319709777832031,4.988218307495117,0.31548646092414856,0.15242856740951538,0.05890166386961937,0.0,0.47875,
384,13.747135162353516,5.1261444091796875,0.31265902519226074,0.21250022947788239,0.06200713291764259,0.0,0.48,
385,12.046653747558594,5.440430164337158,0.3387617766857147,0.10799193382263184,0.07712079584598541,0.0,0.48125,
386,12.301040649414062,5.092493057250977,0.39339908957481384,0.06493525207042694,0.06475366652011871,0.0,0.4825,
387,14.626291275024414,6.422090530395508,0.4009508490562439,0.14131362736225128,0.08254344016313553,0.0,0.48375,
388,10.958078384399414,5.889416694641113,0.28119364380836487,0.12467443943023682,0.076076939702034,0.0,0.485,
389,10.912792205810547,6.984175205230713,0.31676149368286133,0.08596104383468628,0.06305015087127686,0.0,0.48625,
390,9.717306137084961,5.735640525817871,0.2656908631324768,0.08893194794654846,0.061103444546461105,0.0,0.4875,
391,13.174583435058594,6.575774192810059,0.25565168261528015,0.2232668548822403,0.06557406485080719,0.0,0.48875,
392,12.686914443969727,5.697129249572754,0.28728434443473816,0.17974436283111572,0.05998186767101288,0.0,0.49,
393,14.038528442382812,5.706015586853027,0.269989013671875,0.25103363394737244,0.04047265276312828,0.0,0.49125,
394,12.107629776000977,4.815520286560059,0.3322329521179199,0.11157956719398499,0.0804746076464653,0.0,0.4925,
395,12.155921936035156,5.479982376098633,0.31760239601135254,0.14246004819869995,0.07017798721790314,0.0,0.49375,
396,16.85652732849121,5.61959171295166,0.2857469320297241,0.3477528691291809,0.06216583028435707,0.0,0.495,
397,15.585023880004883,6.048848628997803,0.2800581753253937,0.30494266748428345,0.08997102826833725,0.0,0.49625,
398,11.486721992492676,5.643074989318848,0.2732952833175659,0.15131793916225433,0.06766372174024582,0.0,0.4975,
399,30.814239501953125,5.317744731903076,0.27007022500038147,0.9268486499786377,0.06461610645055771,0.0,0.49875,
400,10.550145149230957,6.2253217697143555,0.3420972526073456,0.03983363136649132,0.06386542320251465,0.0,0.5,
401,15.302703857421875,5.2708740234375,0.40120336413383484,0.17786894738674164,0.066864974796772,0.0,0.50125,
402,10.825532913208008,5.421719074249268,0.34214016795158386,0.05565610155463219,0.05933477357029915,0.0,0.5025,
403,11.698495864868164,5.571114540100098,0.32597625255584717,0.10544201731681824,0.0661456361413002,0.0,0.50375,
404,18.15298843383789,6.559107780456543,0.4096647799015045,0.281827837228775,0.057799529284238815,0.0,0.505,
405,12.993547439575195,6.004750728607178,0.3009131848812103,0.19198644161224365,0.07420255243778229,0.0,0.50625,
406,15.414791107177734,5.188602447509766,0.39113709330558777,0.19094641506671906,0.05912792682647705,0.0,0.5075,
407,11.558364868164062,6.505392074584961,0.27168771624565125,0.16584882140159607,0.05248992145061493,0.0,0.50875,
408,14.34259033203125,5.331569671630859,0.3083623945713043,0.2286115139722824,0.06635939329862595,0.0,0.51,
409,12.674763679504395,5.895115852355957,0.3401176333427429,0.1380525529384613,0.07949977368116379,0.0,0.51125,
410,11.814716339111328,6.105334758758545,0.3579274117946625,0.08294754475355148,0.08048120886087418,0.0,0.5125,
411,13.522212982177734,5.30167293548584,0.3578725755214691,0.1602655053138733,0.06831411272287369,0.0,0.51375,
412,13.941341400146484,5.69016695022583,0.301033616065979,0.22128231823444366,0.07817459851503372,0.0,0.515,
413,20.70540428161621,5.374505996704102,0.30017346143722534,0.49837833642959595,0.06058603152632713,0.0,0.51625,
414,13.228507995605469,6.356423377990723,0.30174991488456726,0.19341430068016052,0.0610700286924839,0.0,0.5175,
415,9.967647552490234,5.801894664764404,0.3283122479915619,0.04528540372848511,0.06464142352342606,0.0,0.51875,
416,11.288858413696289,6.061866283416748,0.37734919786453247,0.049051523208618164,0.08617714047431946,0.0,0.52,
417,12.57807731628418,6.458101272583008,0.3585897386074066,0.12039700895547867,0.09507305175065994,0.0,0.52125,
418,11.064216613769531,6.110233306884766,0.2804340422153473,0.1320641189813614,0.07521357387304306,0.0,0.5225,
419,16.605039596557617,6.805017948150635,0.30757880210876465,0.31515470147132874,0.06925570964813232,0.0,0.52375,
420,12.011459350585938,6.101624965667725,0.34124094247817993,0.11423037201166153,0.07743974030017853,0.0,0.525,
421,14.586299896240234,6.151017665863037,0.2995401918888092,0.2549930214881897,0.07688158750534058,0.0,0.52625,
422,15.313770294189453,5.902971267700195,0.3014705777168274,0.2747936248779297,0.06925526261329651,0.0,0.5275,
423,12.3760986328125,6.374298095703125,0.2975851893424988,0.16761791706085205,0.0856345072388649,0.0,0.52875,
424,10.671531677246094,5.468583583831787,0.3224738538265228,0.07626712322235107,0.10507116466760635,0.0,0.53,
425,12.85775375366211,6.678464889526367,0.3739781379699707,0.1163812130689621,0.0725623220205307,0.0,0.53125,
426,9.895038604736328,6.205258369445801,0.29385533928871155,0.07240403443574905,0.10214231163263321,0.0,0.5325,
427,11.986297607421875,5.283121109008789,0.36424222588539124,0.08077409863471985,0.07412775605916977,0.0,0.53375,
428,10.572744369506836,6.281489849090576,0.36180567741394043,0.036520157009363174,0.08277136087417603,0.0,0.535,
429,11.314453125,6.927051544189453,0.3527103364467621,0.06844557821750641,0.05681237950921059,0.0,0.53625,
430,11.261730194091797,6.854426860809326,0.25357726216316223,0.16482266783714294,0.05326184630393982,0.0,0.5375,
431,17.27881622314453,6.656450271606445,0.26302269101142883,0.38305774331092834,0.08463805168867111,0.0,0.53875,
432,10.16447639465332,6.325037956237793,0.30074307322502136,0.06749162822961807,0.06794929504394531,0.0,0.54,
433,10.882116317749023,7.15518045425415,0.26937440037727356,0.13097399473190308,0.08135902881622314,0.0,0.54125,
434,10.652656555175781,7.628847599029541,0.25860658288002014,0.12613216042518616,0.05877545848488808,0.0,0.5425,
435,12.49249267578125,7.2848944664001465,0.26071009039878845,0.19986778497695923,0.07716816663742065,0.0,0.54375,
436,15.830678939819336,8.416046142578125,0.2631692886352539,0.3096333146095276,0.07396706193685532,0.0,0.545,
437,12.804574966430664,6.712313652038574,0.31417855620384216,0.15693214535713196,0.10017028450965881,0.0,0.54625,
438,10.119722366333008,7.53696346282959,0.2421414852142334,0.12716980278491974,0.07092899829149246,0.0,0.5475,
439,13.530181884765625,7.109492301940918,0.29072582721710205,0.21369972825050354,0.08090401440858841,0.0,0.54875,
440,15.48658561706543,7.065707683563232,0.2576931416988373,0.3299613296985626,0.06583759188652039,0.0,0.55,
441,14.546928405761719,6.106534004211426,0.36542847752571106,0.19303274154663086,0.07698286324739456,0.0,0.55125,
442,17.356977462768555,5.06055212020874,0.27885833382606506,0.3917204737663269,0.08271291106939316,0.0,0.5525,
443,12.273529052734375,6.094202995300293,0.27261409163475037,0.19301648437976837,0.0829852893948555,0.0,0.55375,
444,15.613860130310059,5.766505718231201,0.38450494408607483,0.21809856593608856,0.08140426874160767,0.0,0.555,
445,13.138214111328125,4.9086456298828125,0.33363357186317444,0.16746622323989868,0.07486744970083237,0.0,0.55625,
446,11.34231185913086,5.854665756225586,0.3348529636859894,0.09693843126296997,0.06830882281064987,0.0,0.5575,
447,11.474527359008789,5.3651628494262695,0.36621785163879395,0.06986816227436066,0.06895985454320908,0.0,0.55875,
448,13.112726211547852,5.643520355224609,0.3599599599838257,0.14017502963542938,0.06429063528776169,0.0,0.56,
449,15.591344833374023,5.962253570556641,0.4046993851661682,0.19089725613594055,0.06148822233080864,0.0,0.56125,
450,13.375064849853516,6.309993267059326,0.3587241768836975,0.14718885719776154,0.06728740781545639,0.0,0.5625,
451,14.525761604309082,5.712484836578369,0.38787662982940674,0.1678260862827301,0.05091668292880058,0.0,0.56375,
452,15.121538162231445,5.555534362792969,0.38661423325538635,0.18899022042751312,0.06611643731594086,0.0,0.565,
453,9.435985565185547,5.7825398445129395,0.3183285892009735,0.030690724030137062,0.05805519223213196,0.0,0.56625,
454,10.439765930175781,6.753499507904053,0.30979299545288086,0.0776301771402359,0.07453007251024246,0.0,0.5675,
455,11.746711730957031,5.5986480712890625,0.33472076058387756,0.10998136550188065,0.0632312074303627,0.0,0.56875,
456,11.578657150268555,4.941624641418457,0.29827404022216797,0.1420760154724121,0.06032392010092735,0.0,0.57,
457,12.993103981018066,5.648029804229736,0.3634159564971924,0.13155204057693481,0.03743031993508339,0.0,0.57125,
458,9.957645416259766,5.308722972869873,0.2718985974788666,0.10121825337409973,0.06918018311262131,0.0,0.5725,
459,16.30483055114746,6.052842617034912,0.41963744163513184,0.2030567228794098,0.07094570249319077,0.0,0.57375,
460,10.509777069091797,5.6943583488464355,0.3500496745109558,0.04170874133706093,0.049172837287187576,0.0,0.575,
461,13.167598724365234,6.6141157150268555,0.28672340512275696,0.2096879929304123,0.0477403961122036,0.0,0.57625,
462,13.742916107177734,5.912586688995361,0.3038441240787506,0.21381062269210815,0.05231868103146553,0.0,0.5775,
463,18.5659122467041,6.101378917694092,0.3143848776817322,0.39464887976646423,0.043880995362997055,0.0,0.57875,
464,11.699190139770508,6.519427299499512,0.33865347504615784,0.10287725180387497,0.06517267972230911,0.0,0.58,
465,16.048784255981445,5.761345863342285,0.28147614002227783,0.32597237825393677,0.06612493842840195,0.0,0.58125,
466,12.659658432006836,5.8535308837890625,0.3506043553352356,0.13033336400985718,0.0695803090929985,0.0,0.5825,
467,15.920816421508789,6.102228164672852,0.3264480233192444,0.27695754170417786,0.0684327483177185,0.0,0.58375,
468,11.70602798461914,6.028262138366699,0.3745323717594147,0.06597375124692917,0.05633935332298279,0.0,0.585,
469,12.908287048339844,5.006723403930664,0.4482537806034088,0.04878433421254158,0.052906379103660583,0.0,0.58625,
470,14.69790267944336,5.113658905029297,0.35125109553337097,0.21587899327278137,0.05536770448088646,0.0,0.5875,
471,10.38176155090332,4.763084411621094,0.31393617391586304,0.08088381588459015,0.08425553888082504,0.0,0.58875,
472,9.951839447021484,6.0190534591674805,0.35027968883514404,0.02579173818230629,0.07003160566091537,0.0,0.59,
473,11.386970520019531,4.567735195159912,0.3383387625217438,0.09420053660869598,0.07326728105545044,0.0,0.59125,
474,10.60748291015625,5.414211750030518,0.3207533061504364,0.07397842407226562,0.08257482945919037,0.0,0.5925,
475,13.312023162841797,5.892408847808838,0.29403412342071533,0.21621567010879517,0.08194845914840698,0.0,0.59375,
476,12.650094985961914,6.06575870513916,0.2887051999568939,0.184278666973114,0.09238449484109879,0.0,0.595,
477,9.816884994506836,7.1654486656188965,0.2757743299007416,0.08478740602731705,0.0619882196187973,0.0,0.59625,
478,10.687307357788086,5.857665061950684,0.2857511341571808,0.1175742894411087,0.06679467111825943,0.0,0.5975,
479,17.51003646850586,5.973906993865967,0.24727220833301544,0.42087334394454956,0.07878212630748749,0.0,0.59875,
480,10.298236846923828,6.375436305999756,0.25820648670196533,0.12144511938095093,0.08043093979358673,0.0,0.6,
481,10.057088851928711,6.241756916046143,0.23864908516407013,0.13669636845588684,0.05186280608177185,0.0,0.60125,
482,8.214700698852539,5.250439167022705,0.25789710879325867,0.04522370174527168,0.0604199580848217,0.0,0.6025,
483,12.562786102294922,5.636929988861084,0.33926475048065186,0.14091162383556366,0.059568971395492554,0.0,0.60375,
484,14.234514236450195,5.694880962371826,0.29891765117645264,0.23993521928787231,0.04926931485533714,0.0,0.605,
485,15.405996322631836,5.945938587188721,0.3048268258571625,0.2861824333667755,0.050129298120737076,0.0,0.60625,
486,12.458549499511719,6.300979137420654,0.28572413325309753,0.182377427816391,0.059844281524419785,0.0,0.6075,
487,10.370038032531738,5.819636344909668,0.2653423249721527,0.11481991410255432,0.051636263728141785,0.0,0.60875,
488,12.651992797851562,6.371237754821777,0.29565709829330444,0.18194058537483215,0.04926440492272377,0.0,0.61,
489,12.361648559570312,6.239017486572266,0.3172368109226227,0.14877399802207947,0.054579298943281174,0.0,0.61125,
490,11.610918045043945,5.83639669418335,0.2927573621273041,0.14612695574760437,0.05683852359652519,0.0,0.6125,
491,10.279095649719238,5.9669294357299805,0.27370166778564453,0.1028851568698883,0.06822475790977478,0.0,0.61375,
492,11.578712463378906,6.116373062133789,0.40317100286483765,0.029997682198882103,0.06751162558794022,0.0,0.615,
493,11.49332046508789,6.234155654907227,0.27458497881889343,0.15660980343818665,0.03736107796430588,0.0,0.61625,
494,15.420757293701172,6.392807483673096,0.34389668703079224,0.24069096148014069,0.07406067103147507,0.0,0.6175,
495,13.220375061035156,5.481748580932617,0.36129385232925415,0.14605239033699036,0.06478215754032135,0.0,0.61875,
496,11.295886993408203,6.005245208740234,0.353514701128006,0.07712085545063019,0.059909772127866745,0.0,0.62,
497,10.968610763549805,5.767072677612305,0.2948797345161438,0.12074132263660431,0.07521580159664154,0.0,0.62125,
498,12.225120544433594,5.604732990264893,0.3454384505748749,0.12382730096578598,0.07547960430383682,0.0,0.6225,
499,11.297799110412598,5.395376682281494,0.2710174024105072,0.15319053828716278,0.07255051285028458,0.0,0.62375,
500,10.327594757080078,5.963333606719971,0.34420502185821533,0.042215652763843536,0.05806190147995949,0.0,0.625,"[0.16392181813716888, 1.1778578758239746, 0.882653534412384]"
501,10.888320922851562,6.42299747467041,0.3462659418582916,0.06294620037078857,0.07977902144193649,0.0,0.62625,
502,10.642766952514648,7.034318923950195,0.2696371078491211,0.1171981543302536,0.07349922508001328,0.0,0.6275,
503,10.013267517089844,7.321616172790527,0.2565325200557709,0.11023689061403275,0.05755137279629707,0.0,0.62875,
504,10.173776626586914,7.348595142364502,0.3010391891002655,0.07678966969251633,0.0786430835723877,0.0,0.63,
505,17.16727066040039,6.6415557861328125,0.2908731997013092,0.36130961775779724,0.0716356635093689,0.0,0.63125,
506,11.867498397827148,6.751965045928955,0.29295411705970764,0.15268200635910034,0.06110524758696556,0.0,0.6325,
507,10.693096160888672,6.75720739364624,0.2953985035419464,0.1081305742263794,0.07386146485805511,0.0,0.63375,
508,9.750251770019531,6.059738636016846,0.2669544816017151,0.09312357008457184,0.05001990124583244,0.0,0.635,
509,11.327262878417969,6.8957295417785645,0.2660709321498871,0.1563226878643036,0.08502183109521866,0.0,0.63625,
510,10.412481307983398,5.530326843261719,0.28752171993255615,0.1052670031785965,0.07342290878295898,0.0,0.6375,
511,12.793949127197266,6.547820568084717,0.32128646969795227,0.1673193871974945,0.05844959616661072,0.0,0.63875,
512,19.71553611755371,5.818108081817627,0.354134202003479,0.4051017165184021,0.04525314271450043,0.0,0.64,
513,10.562202453613281,5.813262939453125,0.2686518132686615,0.12360900640487671,0.07345781475305557,0.0,0.64125,
514,10.414609909057617,6.782627105712891,0.2916635274887085,0.09865827113389969,0.06947550922632217,0.0,0.6425,
515,10.459413528442383,6.137317657470703,0.30746251344680786,0.0860585868358612,0.04581400752067566,0.0,0.64375,
516,10.251018524169922,6.510031700134277,0.28475746512413025,0.09890329092741013,0.061417266726493835,0.0,0.645,
517,11.21723747253418,6.325311660766602,0.29794615507125854,0.1253100484609604,0.07599625736474991,0.0,0.64625,
518,14.351654052734375,6.940157413482666,0.2851911187171936,0.25713637471199036,0.052376020699739456,0.0,0.6475,
519,13.741365432739258,7.4882707595825195,0.28084424138069153,0.2405647486448288,0.06981220096349716,0.0,0.64875,
520,11.189786911010742,5.623505592346191,0.3106125593185425,0.11080983281135559,0.06762190163135529,0.0,0.65,
521,13.183265686035156,6.643383502960205,0.2952105700969696,0.2049633264541626,0.06547867506742477,0.0,0.65125,
522,9.591936111450195,6.798291206359863,0.31672149896621704,0.044704873114824295,0.057877350598573685,0.0,0.6525,
523,10.071889877319336,6.098839282989502,0.31527063250541687,0.05893032252788544,0.06032518669962883,0.0,0.65375,
524,15.971698760986328,6.147730350494385,0.35618460178375244,0.25301921367645264,0.05132371187210083,0.0,0.655,
525,14.675625801086426,5.68940544128418,0.27864331007003784,0.2750927805900574,0.06832682341337204,0.0,0.65625,
526,10.739599227905273,6.709690093994141,0.32270899415016174,0.07802826166152954,0.060361817479133606,0.0,0.6575,
527,10.850025177001953,5.353147506713867,0.3429182767868042,0.07045347988605499,0.0710534155368805,0.0,0.65875,
528,9.664632797241211,5.413928985595703,0.31876248121261597,0.04873056709766388,0.06678449362516403,0.0,0.66,
529,9.411386489868164,6.236231803894043,0.2904626727104187,0.06421492993831635,0.058488354086875916,0.0,0.66125,
530,10.806608200073242,5.9578728675842285,0.2849031984806061,0.12328563630580902,0.06065571308135986,0.0,0.6625,
531,18.254980087280273,5.104269981384277,0.4114437699317932,0.29293355345726013,0.0605788417160511,0.0,0.66375,
532,11.699766159057617,5.192649841308594,0.3156299889087677,0.13321194052696228,0.08624989539384842,0.0,0.665,
533,14.058454513549805,5.536927223205566,0.4513489007949829,0.09014837443828583,0.07048895210027695,0.0,0.66625,
534,15.758172988891602,6.092336654663086,0.2887354791164398,0.3160148859024048,0.07004735618829727,0.0,0.6675,
535,11.009735107421875,5.04609489440918,0.2863956689834595,0.1352057158946991,0.07877290993928909,0.0,0.66875,
536,11.47573471069336,5.551469802856445,0.2568891644477844,0.17493493854999542,0.06747282296419144,0.0,0.67,
537,11.265668869018555,6.115269660949707,0.2897797226905823,0.13234010338783264,0.09155622869729996,0.0,0.67125,
538,8.867450714111328,5.961683750152588,0.2558334469795227,0.0683271586894989,0.07049938291311264,0.0,0.6725,
539,9.861827850341797,5.734082221984863,0.30078840255737305,0.06761476397514343,0.08619168400764465,0.0,0.67375,
540,10.005239486694336,5.638450622558594,0.2783994674682617,0.09467092901468277,0.05594189837574959,0.0,0.675,
541,10.694009780883789,5.876700401306152,0.31934863328933716,0.08465427905321121,0.09426664561033249,0.0,0.67625,
542,11.95048713684082,6.193354606628418,0.349029004573822,0.10447193682193756,0.08906209468841553,0.0,0.6775,
543,9.010833740234375,6.191429615020752,0.26673322916030884,0.06711022555828094,0.09049520641565323,0.0,0.67875,
544,9.708185195922852,6.124334812164307,0.2763681709766388,0.08198259770870209,0.06939177215099335,0.0,0.68,
545,8.938575744628906,5.778449535369873,0.26216694712638855,0.06748902797698975,0.07115985453128815,0.0,0.68125,
546,10.10415267944336,6.575314521789551,0.25324466824531555,0.12246224284172058,0.053408607840538025,0.0,0.6825,
547,18.756330490112305,7.134526252746582,0.2854360342025757,0.42446169257164,0.07986921817064285,0.0,0.68375,
548,10.952808380126953,6.897082328796387,0.33028846979141235,0.07815848290920258,0.09147083759307861,0.0,0.685,
549,13.3651123046875,6.378686904907227,0.3076592981815338,0.20487500727176666,0.08376556634902954,0.0,0.68625,
550,11.266963958740234,6.5105485916137695,0.26515135169029236,0.15712013840675354,0.07146265357732773,0.0,0.6875,
551,8.743783950805664,6.3367719650268555,0.2730424702167511,0.04648275673389435,0.10278608649969101,0.0,0.68875,
552,11.684879302978516,6.728396415710449,0.3167482316493988,0.12141921371221542,0.08391073346138,0.0,0.69,
553,8.145490646362305,6.755224704742432,0.27276769280433655,0.02829497680068016,0.08964244276285172,0.0,0.69125,
554,13.362702369689941,5.139269828796387,0.287352979183197,0.22077009081840515,0.07430315762758255,0.0,0.6925,
555,13.185678482055664,6.425026893615723,0.3891946077346802,0.11716016381978989,0.04676816985011101,0.0,0.69375,
556,8.588918685913086,6.655518531799316,0.27533820271492004,0.04630178585648537,0.06379079818725586,0.0,0.695,
557,15.063806533813477,4.550803184509277,0.2866527736186981,0.2923363447189331,0.07976647466421127,0.0,0.69625,
558,15.89869499206543,5.115142822265625,0.3360631465911865,0.27736037969589233,0.06838255375623703,0.0,0.6975,
559,10.806324005126953,5.899378776550293,0.33042916655540466,0.07943063974380493,0.07217022031545639,0.0,0.69875,
560,12.208988189697266,6.325741291046143,0.30915114283561707,0.157297283411026,0.0827091634273529,0.0,0.7,
561,13.222562789916992,6.662019729614258,0.3839476704597473,0.12372720241546631,0.06718748807907104,0.0,0.70125,
562,11.271780014038086,6.418745994567871,0.3410564363002777,0.09204591810703278,0.05389838293194771,0.0,0.7025,
563,12.355304718017578,5.678491592407227,0.31604790687561035,0.1561218798160553,0.05857938528060913,0.0,0.70375,
564,10.327014923095703,4.880068778991699,0.31698712706565857,0.07538335025310516,0.07188110798597336,0.0,0.705,
565,10.008563995361328,6.109879493713379,0.27730441093444824,0.10091295838356018,0.0638255774974823,0.0,0.70625,
566,9.582836151123047,6.257050037384033,0.29892629384994507,0.06513605266809464,0.0587146170437336,0.0,0.7075,
567,9.663812637329102,5.643396854400635,0.2654332220554352,0.09824257344007492,0.06011189892888069,0.0,0.70875,
568,12.398370742797852,7.4964704513549805,0.41678017377853394,0.04792195186018944,0.07234076410531998,0.0,0.71,
569,13.949310302734375,5.522401809692383,0.25932949781417847,0.2772258222103119,0.0684439018368721,0.0,0.71125,
570,10.601434707641602,6.474691390991211,0.3217524290084839,0.07952466607093811,0.05045806244015694,0.0,0.7125,
571,16.65679931640625,5.575943470001221,0.26949432492256165,0.3758432865142822,0.055380210280418396,0.0,0.71375,
572,12.458518981933594,6.43668794631958,0.3570030927658081,0.12285256385803223,0.05680196359753609,0.0,0.715,
573,14.404180526733398,6.5680460929870605,0.2862491309642792,0.26407238841056824,0.06639277935028076,0.0,0.71625,
574,12.215536117553711,6.648188591003418,0.2618716061115265,0.2031804621219635,0.08055836707353592,0.0,0.7175,
575,10.223649978637695,5.646430015563965,0.3300272524356842,0.05412683263421059,0.08239669352769852,0.0,0.71875,
576,11.164884567260742,6.717287540435791,0.36289742588996887,0.05974308028817177,0.07188259065151215,0.0,0.72,
577,13.476873397827148,5.445003032684326,0.3996643126010895,0.10797863453626633,0.06967782229185104,0.0,0.72125,
578,15.032377243041992,6.581768989562988,0.4046165347099304,0.1736462116241455,0.0484166294336319,0.0,0.7225,
579,10.795047760009766,6.663544178009033,0.2631551921367645,0.13934196531772614,0.06329464167356491,0.0,0.72375,
580,9.35531997680664,6.14751672744751,0.30205026268959045,0.04611947014927864,0.05068391188979149,0.0,0.725,
581,10.90707015991211,6.143699645996094,0.32915547490119934,0.08329988270998001,0.07095764577388763,0.0,0.72625,
582,11.441186904907227,5.974175453186035,0.33124321699142456,0.10477998107671738,0.059119418263435364,0.0,0.7275,
583,10.308099746704102,6.460679054260254,0.24557195603847504,0.14489330351352692,0.07943827658891678,0.0,0.72875,
584,7.953994274139404,5.748231410980225,0.2543834149837494,0.042297232896089554,0.058083225041627884,0.0,0.73,
585,10.868837356567383,6.030402660369873,0.3040814697742462,0.10327812284231186,0.07735252380371094,0.0,0.73125,
586,10.366405487060547,5.798996448516846,0.29375290870666504,0.09654375910758972,0.06601234525442123,0.0,0.7325,
587,10.09302043914795,5.314462184906006,0.29571497440338135,0.0783126950263977,0.0883491039276123,0.0,0.73375,
588,10.256105422973633,5.788277626037598,0.2605428397655487,0.12888550758361816,0.07876291126012802,0.0,0.735,
589,12.898754119873047,5.89801549911499,0.38416871428489685,0.11851119995117188,0.08152991533279419,0.0,0.73625,
590,10.694442749023438,4.7574849128723145,0.3701213598251343,0.037495099008083344,0.09947562217712402,0.0,0.7375,
591,10.489081382751465,4.474949359893799,0.3546750545501709,0.04792340472340584,0.08740708976984024,0.0,0.73875,
592,13.248159408569336,5.121920585632324,0.2912232279777527,0.2198428064584732,0.09099892526865005,0.0,0.74,
593,11.602643966674805,5.110484600067139,0.3723408877849579,0.0766352191567421,0.11249404400587082,0.0,0.74125,
594,12.268342971801758,6.035306453704834,0.3401303291320801,0.13366228342056274,0.08403123170137405,0.0,0.7425,
595,16.011890411376953,6.783164978027344,0.263303279876709,0.3529133200645447,0.10011198371648788,0.0,0.74375,
596,21.79277229309082,5.990940570831299,0.3245771527290344,0.5204010605812073,0.09524891525506973,0.0,0.745,
597,12.038423538208008,5.793640613555908,0.26003071665763855,0.19524216651916504,0.08903568238019943,0.0,0.74625,
598,9.740995407104492,6.312817096710205,0.22283732891082764,0.13803263008594513,0.07177145034074783,0.0,0.7475,
599,8.591983795166016,6.888983249664307,0.2576133608818054,0.059746116399765015,0.10339442640542984,0.0,0.74875,
600,10.710817337036133,5.253264427185059,0.3235144019126892,0.08426408469676971,0.08865518122911453,0.0,0.75,
601,10.93665885925293,6.411421298980713,0.28614258766174316,0.13004325330257416,0.08513852208852768,0.0,0.75125,
602,9.741180419921875,5.387804985046387,0.31528642773628235,0.05726265534758568,0.07454311847686768,0.0,0.7525,
603,17.836097717285156,4.773365020751953,0.2617126703262329,0.4271177053451538,0.09961836785078049,0.0,0.75375,
604,11.964252471923828,5.210784435272217,0.3179035782814026,0.1410524696111679,0.09008023142814636,0.0,0.755,
605,11.5404052734375,4.744556903839111,0.2500907778739929,0.19450758397579193,0.09012312442064285,0.0,0.75625,
606,9.729307174682617,5.835975646972656,0.30738773941993713,0.06215420365333557,0.077238067984581,0.0,0.7575,
607,9.090866088867188,5.53838586807251,0.3102104961872101,0.03829074651002884,0.06965125352144241,0.0,0.75875,
608,10.153641700744629,4.473575115203857,0.27205801010131836,0.11731453984975815,0.08437252044677734,0.0,0.76,
609,8.934639930725098,5.019635200500488,0.31859391927719116,0.024320241063833237,0.05845578387379646,0.0,0.76125,
610,7.842041015625,5.595966339111328,0.2771025598049164,0.017762575298547745,0.07971414178609848,0.0,0.7625,
611,10.361539840698242,5.566318035125732,0.24649940431118011,0.14739587903022766,0.08497699350118637,0.0,0.76375,
612,11.227317810058594,5.462191104888916,0.295157253742218,0.13731802999973297,0.08335094898939133,0.0,0.765,
613,10.093782424926758,4.595505237579346,0.25662294030189514,0.1261666715145111,0.09579452872276306,0.0,0.76625,
614,7.4603095054626465,5.337519645690918,0.24856212735176086,0.029398612678050995,0.06745510548353195,0.0,0.7675,
615,8.21004867553711,6.026235580444336,0.2608436346054077,0.049134381115436554,0.0929199829697609,0.0,0.76875,
616,9.836170196533203,5.35023832321167,0.272526353597641,0.10273265093564987,0.08679646998643875,0.0,0.77,
617,8.721549987792969,5.311249732971191,0.26906558871269226,0.060787446796894073,0.07629866153001785,0.0,0.77125,
618,14.814125061035156,5.448782920837402,0.2629900574684143,0.31185299158096313,0.07184839993715286,0.0,0.7725,
619,19.843782424926758,6.362679958343506,0.22214388847351074,0.5479132533073425,0.07881075143814087,0.0,0.77375,
620,11.276931762695312,6.086485385894775,0.22781936824321747,0.1989147961139679,0.09023779630661011,0.0,0.775,
621,10.734130859375,6.117249011993408,0.23892323672771454,0.16805048286914825,0.0957663431763649,0.0,0.77625,
622,6.607677459716797,5.763087272644043,0.2192240208387375,0.02402772754430771,0.06060926988720894,0.0,0.7775,
623,11.039299011230469,5.49205207824707,0.24291396141052246,0.17729894816875458,0.08435282111167908,0.0,0.77875,
624,7.378279209136963,5.869298458099365,0.21793971955776215,0.05710532143712044,0.05799062177538872,0.0,0.78,
625,9.677183151245117,5.375144004821777,0.26263147592544556,0.0980694591999054,0.1027688980102539,0.0,0.78125,
626,10.4847412109375,5.081772327423096,0.24071282148361206,0.16049042344093323,0.08975274115800858,0.0,0.7825,
627,10.210603713989258,5.2063398361206055,0.3083448112010956,0.08150161057710648,0.06392330676317215,0.0,0.78375,
628,15.89775276184082,4.816810607910156,0.29872289299964905,0.32015734910964966,0.07321763783693314,0.0,0.785,
629,11.699905395507812,4.560632705688477,0.2547155022621155,0.19763629138469696,0.06802382320165634,0.0,0.78625,
630,9.694648742675781,4.556394577026367,0.2655896842479706,0.10268265008926392,0.07071126997470856,0.0,0.7875,
631,9.508543968200684,4.6332106590271,0.27957895398139954,0.08089309930801392,0.09466000646352768,0.0,0.78875,
632,14.375362396240234,4.875592231750488,0.385215699672699,0.17456255853176117,0.08905454725027084,0.0,0.79,
633,10.884286880493164,4.625489711761475,0.2924947440624237,0.12738896906375885,0.06278228014707565,0.0,0.79125,
634,16.897802352905273,5.0816330909729,0.3081093430519104,0.3529726564884186,0.07670044898986816,0.0,0.7925,
635,7.995667457580566,4.914319038391113,0.2454553097486496,0.053553320467472076,0.0798816904425621,0.0,0.79375,
636,8.40117073059082,4.957312107086182,0.24126094579696655,0.07457803934812546,0.07564935833215714,0.0,0.795,
637,11.706369400024414,4.649306297302246,0.23376497626304626,0.21979479491710663,0.10721058398485184,0.0,0.79625,
638,6.365447521209717,4.883786678314209,0.18385012447834015,0.05492052063345909,0.08300644159317017,0.0,0.7975,
639,10.905315399169922,5.172861099243164,0.21292713284492493,0.20126822590827942,0.06079785153269768,0.0,0.79875,
640,8.338224411010742,5.3933563232421875,0.2511540651321411,0.06457645446062088,0.06300368160009384,0.0,0.8,
641,6.274244785308838,6.152697563171387,0.19579394161701202,0.03493477404117584,0.07274182140827179,0.0,0.80125,
642,13.127227783203125,6.135972023010254,0.2625155448913574,0.2375233918428421,0.07724049687385559,0.0,0.8025,
643,8.297775268554688,6.347484111785889,0.21387189626693726,0.09556342661380768,0.07081808894872665,0.0,0.80375,
644,7.369908809661865,5.682811737060547,0.21349792182445526,0.06358654052019119,0.0914827212691307,0.0,0.805,
645,16.521099090576172,5.33698034286499,0.244304358959198,0.3898168206214905,0.07079791277647018,0.0,0.80625,
646,10.127401351928711,5.716656684875488,0.19834871590137482,0.18855427205562592,0.07426270842552185,0.0,0.8075,
647,12.330619812011719,5.652951240539551,0.2956336438655853,0.16541817784309387,0.07871751487255096,0.0,0.80875,
648,11.784961700439453,4.958892822265625,0.2779659628868103,0.1668427288532257,0.0919736921787262,0.0,0.81,
649,13.759111404418945,5.851288795471191,0.32307857275009155,0.2086583375930786,0.0685373842716217,0.0,0.81125,
650,12.065597534179688,5.453972816467285,0.21938614547252655,0.2437683343887329,0.08129064738750458,0.0,0.8125,
651,13.895586013793945,4.94309139251709,0.2286485731601715,0.3101593554019928,0.06846640259027481,0.0,0.81375,
652,7.129663944244385,4.501298904418945,0.24098896980285645,0.027170956134796143,0.07768608629703522,0.0,0.815,
653,11.605253219604492,4.452674865722656,0.2635977566242218,0.1870517134666443,0.07115468382835388,0.0,0.81625,
654,10.73716926574707,4.6284661293029785,0.25884273648262024,0.15310779213905334,0.09371950477361679,0.0,0.8175,
655,13.519763946533203,3.466820478439331,0.43582484126091003,0.0904003456234932,0.09026169776916504,0.0,0.81875,
656,11.240734100341797,5.264717102050781,0.2978346049785614,0.1361566036939621,0.07668799161911011,0.0,0.82,
657,8.337745666503906,4.353724956512451,0.2746370732784271,0.043039318174123764,0.08127593249082565,0.0,0.82125,
658,6.968108654022217,5.286855697631836,0.1915208101272583,0.06726118177175522,0.08534189313650131,0.0,0.8225,
659,11.084091186523438,4.4729084968566895,0.2492208629846573,0.17822274565696716,0.06538021564483643,0.0,0.82375,
660,8.989883422851562,4.877681732177734,0.22813764214515686,0.11039192229509354,0.0738045871257782,0.0,0.825,
661,12.450065612792969,5.170284271240234,0.2176058143377304,0.26833751797676086,0.0842236876487732,0.0,0.82625,
662,7.792050838470459,4.95979118347168,0.1850871741771698,0.1062568873167038,0.08956984430551529,0.0,0.8275,
663,13.71695613861084,4.810965538024902,0.16049383580684662,0.37164103984832764,0.08200535923242569,0.0,0.82875,
664,7.439731597900391,5.697192668914795,0.22154366970062256,0.06053277850151062,0.08107544481754303,0.0,0.83,
665,14.430768966674805,4.858521938323975,0.20061923563480377,0.3617132306098938,0.0843384861946106,0.0,0.83125,
666,8.955352783203125,5.789198875427246,0.23101720213890076,0.11102704703807831,0.08807925134897232,0.0,0.8325,
667,10.26743221282959,5.543412208557129,0.22781991958618164,0.1555534154176712,0.08083000779151917,0.0,0.83375,
668,8.477968215942383,5.774851322174072,0.17434771358966827,0.14714157581329346,0.07377108186483383,0.0,0.835,
669,11.570262908935547,5.976761817932129,0.24724745750427246,0.19510436058044434,0.07527276128530502,0.0,0.83625,
670,8.033195495605469,5.660772323608398,0.1639416515827179,0.14016093313694,0.07774397730827332,0.0,0.8375,
671,7.936489105224609,6.023898124694824,0.13429005444049835,0.15419313311576843,0.09239260107278824,0.0,0.83875,
672,7.6302618980407715,6.072024345397949,0.1526726335287094,0.12435245513916016,0.10253100842237473,0.0,0.84,
673,14.269914627075195,6.033626556396484,0.19243954122066498,0.34685346484184265,0.11596503108739853,0.0,0.84125,
674,8.637569427490234,5.775152683258057,0.22349494695663452,0.09875499457120895,0.11326945573091507,0.0,0.8425,
675,10.925756454467773,6.568299293518066,0.1467735916376114,0.2675856947898865,0.091854989528656,0.0,0.84375,
676,7.267014503479004,5.588100433349609,0.18064716458320618,0.09484970569610596,0.0748886689543724,0.0,0.845,
677,9.715587615966797,5.572868824005127,0.23296420276165009,0.13456307351589203,0.11278866976499557,0.0,0.84625,
678,11.904630661010742,5.565326690673828,0.31884151697158813,0.13928470015525818,0.10123804211616516,0.0,0.8475,
679,8.813758850097656,4.727957248687744,0.250244140625,0.08956050872802734,0.06426829844713211,0.0,0.84875,
680,12.157279968261719,4.419302463531494,0.2964562475681305,0.17510852217674255,0.10352151840925217,0.0,0.85,
681,7.861149787902832,4.165071964263916,0.23657524585723877,0.06518407166004181,0.09060972929000854,0.0,0.85125,
682,7.645018100738525,5.661207675933838,0.25111645460128784,0.03767969459295273,0.11000343412160873,0.0,0.8525,
683,8.069879531860352,4.644152641296387,0.20153187215328217,0.10548575967550278,0.12152168899774551,0.0,0.85375,
684,7.450910568237305,5.731927394866943,0.18111103773117065,0.09972958266735077,0.11617877334356308,0.0,0.855,
685,7.269235610961914,4.868823051452637,0.17775779962539673,0.09132245928049088,0.1331714540719986,0.0,0.85625,
686,11.956435203552246,5.330888748168945,0.1318981647491455,0.32670074701309204,0.1405208557844162,0.0,0.8575,
687,6.850385665893555,5.072621822357178,0.11233112961053848,0.145790696144104,0.12059351056814194,0.0,0.85875,
688,8.706685066223145,5.56680965423584,0.1566094011068344,0.17237931489944458,0.14753921329975128,0.0,0.86,
689,5.241616249084473,5.250544548034668,0.11330747604370117,0.07833583652973175,0.12442047148942947,0.0,0.86125,
690,6.373995304107666,5.404520034790039,0.14672689139842987,0.09186428040266037,0.12135559320449829,0.0,0.8625,
691,7.943764686584473,5.691737651824951,0.11557243019342422,0.18076862394809723,0.10987389087677002,0.0,0.86375,
692,11.312952041625977,5.459862232208252,0.0733720064163208,0.3603297770023346,0.12185252457857132,0.0,0.865,
693,6.4134111404418945,4.697157382965088,0.11404120922088623,0.12144626677036285,0.09680367261171341,0.0,0.86625,
694,10.308416366577148,5.619571208953857,0.06491565704345703,0.32756614685058594,0.11171659827232361,0.0,0.8675,
695,8.453512191772461,4.865103244781494,0.10011287778615952,0.21478727459907532,0.11899101734161377,0.0,0.86875,
696,8.354917526245117,5.890477180480957,0.11496502161026001,0.20108619332313538,0.1018742248415947,0.0,0.87,
697,6.341776371002197,5.863703727722168,0.08670997619628906,0.1505134254693985,0.09515810012817383,0.0,0.87125,
698,6.8614606857299805,5.301696300506592,0.10634666681289673,0.15018729865550995,0.10868507623672485,0.0,0.8725,
699,9.28189468383789,4.438492298126221,0.10396871715784073,0.2500630021095276,0.0770813450217247,0.0,0.87375,
700,8.891731262207031,4.998217582702637,0.13999858498573303,0.19917523860931396,0.11579227447509766,0.0,0.875,
701,7.013338565826416,4.6095194816589355,0.18143005669116974,0.08513005822896957,0.11077829450368881,0.0,0.87625,
702,4.7234721183776855,4.409591197967529,0.15240252017974854,0.02025962993502617,0.10856738686561584,0.0,0.8775,
703,6.791924953460693,5.041839122772217,0.13190913200378418,0.12325559556484222,0.13398553431034088,0.0,0.87875,
704,11.174890518188477,5.2151947021484375,0.08468637615442276,0.34802207350730896,0.11220084875822067,0.0,0.88,
705,9.570289611816406,4.376911163330078,0.23196452856063843,0.12824943661689758,0.14513160288333893,0.0,0.88125,
706,4.658864498138428,4.610766410827637,0.12346392869949341,0.04960472881793976,0.12883585691452026,0.0,0.8825,
707,10.93079948425293,5.143674373626709,0.16167962551116943,0.25312963128089905,0.1369418054819107,0.0,0.88375,
708,5.768366813659668,5.218332290649414,0.14487935602664948,0.06861044466495514,0.12170813232660294,0.0,0.885,
709,6.245607852935791,5.171887397766113,0.08911754935979843,0.1455836296081543,0.11284048110246658,0.0,0.88625,
710,7.338982105255127,4.743375301361084,0.06694338470697403,0.21381062269210815,0.12285736203193665,0.0,0.8875,
711,5.655000686645508,5.541061878204346,0.09815182536840439,0.10850486159324646,0.07837793976068497,0.0,0.88875,
712,9.141365051269531,6.17859411239624,0.10315676778554916,0.2445792853832245,0.1357729583978653,0.0,0.89,
713,6.462276458740234,6.058332920074463,0.054628293961286545,0.18731367588043213,0.13338081538677216,0.0,0.89125,
714,8.391496658325195,6.104285717010498,0.10642950236797333,0.21125845611095428,0.10438431054353714,0.0,0.8925,
715,6.2204461097717285,5.895597457885742,0.12907446920871735,0.10317359119653702,0.10090088099241257,0.0,0.89375,
716,6.346334934234619,5.532388210296631,0.11633837223052979,0.12181857973337173,0.09978469461202621,0.0,0.895,
717,13.287335395812988,5.661431312561035,0.134088933467865,0.3805891275405884,0.10287762433290482,0.0,0.89625,
718,4.46729040145874,5.6148858070373535,0.04827968403697014,0.11332500725984573,0.10915582627058029,0.0,0.8975,
719,12.645591735839844,6.37529993057251,0.046386659145355225,0.4440373480319977,0.10183074325323105,0.0,0.89875,
720,7.442647933959961,5.571654319763184,0.1967473179101944,0.08608423173427582,0.1057431772351265,0.0,0.9,
721,9.931495666503906,5.236088275909424,0.30189791321754456,0.07827123999595642,0.12979118525981903,0.0,0.90125,
722,6.1014723777771,5.7323784828186035,0.12609776854515076,0.10355599224567413,0.10464134067296982,0.0,0.9025,
723,9.334897994995117,5.879919528961182,0.14382758736610413,0.20808365941047668,0.11310344189405441,0.0,0.90375,
724,9.018579483032227,4.7728142738342285,0.1940239667892456,0.14931876957416534,0.12259998172521591,0.0,0.905,
725,8.7822265625,5.9126691818237305,0.11116401851177216,0.22197528183460236,0.09339246153831482,0.0,0.90625,
726,7.6952595710754395,5.73348331451416,0.13592879474163055,0.15763473510742188,0.11332704871892929,0.0,0.9075,
727,11.234918594360352,6.1738762855529785,0.14516997337341309,0.2881602942943573,0.12287745624780655,0.0,0.90875,
728,7.310785293579102,4.954831600189209,0.13800695538520813,0.14131803810596466,0.11261216551065445,0.0,0.91,
729,8.37265396118164,5.1176042556762695,0.28251203894615173,0.038885943591594696,0.11391972750425339,0.0,0.91125,
730,3.535518169403076,4.735530853271484,0.09029607474803925,0.03848420828580856,0.1383768618106842,0.0,0.9125,
731,7.450283050537109,6.5249834060668945,0.030582427978515625,0.2535431683063507,0.11700577288866043,0.0,0.91375,
732,9.121252059936523,5.7824835777282715,0.04279792308807373,0.3069727420806885,0.1191696748137474,0.0,0.915,
733,6.320766448974609,6.589841365814209,0.008449554443359375,0.22875303030014038,0.12748713791370392,0.0,0.91625,
734,6.759154796600342,5.643687725067139,0.04958762973546982,0.20130383968353271,0.1326221078634262,0.0,0.9175,
735,6.38770055770874,6.223888874053955,0.1587730497121811,0.07917028665542603,0.14520539343357086,0.0,0.91875,
736,10.50244140625,6.22607421875,0.05569000914692879,0.34952133893966675,0.13341237604618073,0.0,0.92,
737,7.180329322814941,6.2494635581970215,0.05408334732055664,0.2162090539932251,0.1578865647315979,0.0,0.92125,
738,5.79724645614624,5.544078350067139,0.15701091289520264,0.05675932765007019,0.1376754343509674,0.0,0.9225,
739,10.944067001342773,7.820115089416504,0.016220787540078163,0.4043393135070801,0.16493232548236847,0.0,0.92375,
740,17.010866165161133,7.0992302894592285,0.09224826097488403,0.5698539614677429,0.14731888473033905,0.0,0.925,
741,17.933799743652344,7.451260089874268,0.012568254955112934,0.6828354597091675,0.1453348994255066,0.0,0.92625,
742,8.637229919433594,6.3219451904296875,0.01943363808095455,0.30767402052879333,0.16958551108837128,0.0,0.9275,
743,6.663510799407959,5.757498741149902,0.053463101387023926,0.1972060352563858,0.15697158873081207,0.0,0.92875,
744,4.484589576721191,5.831772327423096,0.0,0.15811708569526672,0.14023716747760773,0.0,0.93,
745,2.1317896842956543,6.656994819641113,0.026575088500976562,0.03969017416238785,0.09392514824867249,0.0,0.93125,
746,4.362758159637451,4.951986789703369,0.05527951195836067,0.10263107717037201,0.1613064706325531,0.0,0.9325,
747,6.568924427032471,5.8902459144592285,0.02103257179260254,0.2253427356481552,0.1570678949356079,0.0,0.93375,
748,2.886941432952881,5.190587520599365,0.021690985187888145,0.08011815696954727,0.13753733038902283,0.0,0.935,
749,5.737203598022461,5.521822929382324,0.13146790862083435,0.08138816058635712,0.1269807666540146,0.0,0.93625,
750,6.092325210571289,5.405243396759033,0.0,0.23007327318191528,0.12050025910139084,0.0,0.9375,
751,8.162569046020508,5.211366653442383,0.0677095279097557,0.24411572515964508,0.14043797552585602,0.0,0.93875,
752,12.462261199951172,5.431063652038574,0.004784564021974802,0.47925084829330444,0.16261085867881775,0.0,0.94,
753,9.074441909790039,6.229361534118652,0.05054904893040657,0.29750651121139526,0.10126089304685593,0.0,0.94125,
754,6.486272811889648,5.402761936187744,0.015926659107208252,0.23084549605846405,0.127266526222229,0.0,0.9425,
755,5.747094631195068,5.067978382110596,0.13186119496822357,0.08467438071966171,0.125658318400383,0.0,0.94375,
756,3.552025318145752,5.933156967163086,0.04045524448156357,0.08629865944385529,0.10820454359054565,0.0,0.945,
757,4.830146312713623,5.107875347137451,0.008718331344425678,0.17273929715156555,0.0950058177113533,0.0,0.94625,
758,7.456292629241943,5.496572017669678,0.10144813358783722,0.17583996057510376,0.12978330254554749,0.0,0.9475,
759,8.588123321533203,4.953551769256592,0.098752960562706,0.23283658921718597,0.12973864376544952,0.0,0.94875,
760,9.568389892578125,5.355194091796875,0.07064946740865707,0.3004959225654602,0.11289072036743164,0.0,0.95,
761,5.315421104431152,5.1915998458862305,0.1723552942276001,0.030245695263147354,0.11327093839645386,0.0,0.95125,
762,12.62131118774414,5.189754486083984,0.15924102067947388,0.33411526679992676,0.13528254628181458,0.0,0.9525,
763,5.002187728881836,5.404600143432617,0.08762254565954208,0.09922309964895248,0.14398206770420074,0.0,0.95375,
764,7.593723297119141,6.015641689300537,0.06080750748515129,0.2289961278438568,0.15313884615898132,0.0,0.955,
765,7.866623878479004,5.513758659362793,0.08348894119262695,0.21680881083011627,0.09896697849035263,0.0,0.95625,
766,6.640385150909424,5.591237545013428,0.14893734455108643,0.10327248275279999,0.11180290579795837,0.0,0.9575,
767,10.443805694580078,5.0794358253479,0.2392699122428894,0.16391219198703766,0.12855294346809387,0.0,0.95875,
768,6.496245384216309,5.485535144805908,0.12430809438228607,0.12231408059597015,0.11006605625152588,0.0,0.96,
769,7.173215389251709,4.8053975105285645,0.0601210817694664,0.21405047178268433,0.13398180902004242,0.0,0.96125,
770,8.661331176757812,4.093832015991211,0.27134770154953003,0.0641905888915062,0.08195933699607849,0.0,0.9625,
771,5.532533168792725,5.1511664390563965,0.07875045388936996,0.12340877950191498,0.1438954919576645,0.0,0.96375,
772,2.117236614227295,5.645422458648682,0.04710588604211807,0.02445705607533455,0.12486588209867477,0.0,0.965,
773,5.922308444976807,5.890202522277832,0.05081029608845711,0.17261871695518494,0.1287519782781601,0.0,0.96625,
774,4.011159420013428,6.792662143707275,0.04672018811106682,0.10263974964618683,0.12500661611557007,0.0,0.9675,
775,5.965450763702393,6.291126251220703,0.1509970873594284,0.07416439056396484,0.1269012838602066,0.0,0.96875,
776,3.510044574737549,5.93569803237915,0.06868252903223038,0.05961398780345917,0.10830346494913101,0.0,0.97,
777,4.037928104400635,5.995361328125,0.053504426032304764,0.09035417437553406,0.15670360624790192,0.0,0.97125,
778,13.839981079101562,7.320310592651367,0.0,0.5373502373695374,0.1765260249376297,0.0,0.9725,
779,6.173702239990234,5.4611382484436035,0.15697358548641205,0.07556769996881485,0.1035524383187294,0.0,0.97375,
780,6.148623943328857,6.372521877288818,0.10899698734283447,0.12285745143890381,0.15718494355678558,0.0,0.975,
781,6.8608198165893555,6.357149124145508,0.01483011245727539,0.2416820228099823,0.13546061515808105,0.0,0.97625,
782,5.047574520111084,7.224515914916992,0.022553741931915283,0.16533367335796356,0.17583000659942627,0.0,0.9775,
783,7.0626301765441895,6.279594421386719,0.043392956256866455,0.22227437794208527,0.1718253642320633,0.0,0.97875,
784,3.4641289710998535,5.86759090423584,0.031550247222185135,0.09062914550304413,0.13357309997081757,0.0,0.98,
785,3.7986044883728027,6.026337623596191,0.07313406467437744,0.06618081033229828,0.133661150932312,0.0,0.98125,
786,1.4918627738952637,5.8400044441223145,0.016466161236166954,0.029954003170132637,0.15682415664196014,0.0,0.9825,
787,6.771667957305908,6.023582458496094,0.024471262469887733,0.23266595602035522,0.16087906062602997,0.0,0.98375,
788,5.339275360107422,6.618081092834473,0.01249291468411684,0.18823391199111938,0.15198922157287598,0.0,0.985,
789,2.7974486351013184,5.941586494445801,0.0041554770432412624,0.09443815797567368,0.19409798085689545,0.0,0.98625,
790,9.799190521240234,5.760210037231445,0.0,0.37668314576148987,0.16509713232517242,0.0,0.9875,
791,8.481675148010254,5.530158996582031,0.06583426147699356,0.26281508803367615,0.14022612571716309,0.0,0.98875,
792,12.668628692626953,4.732990264892578,0.05322611331939697,0.4415389597415924,0.15977735817432404,0.0,0.99,
793,8.230278015136719,5.982358932495117,0.0886482447385788,0.2275618314743042,0.17510175704956055,0.0,0.99125,
794,4.770784854888916,4.610669136047363,0.0563582181930542,0.12244751304388046,0.12684927880764008,0.0,0.9925,
795,3.909341335296631,5.523280143737793,0.038234274834394455,0.10493413358926773,0.1467704325914383,0.0,0.99375,
796,3.0819191932678223,5.767412185668945,0.016603589057922363,0.09282875061035156,0.1711316704750061,0.0,0.995,
797,4.875851154327393,5.400949954986572,0.09849872440099716,0.08305418491363525,0.15114493668079376,0.0,0.99625,
798,3.726412296295166,5.747447967529297,0.05030393600463867,0.08439221978187561,0.17608904838562012,0.0,0.9975,
799,3.8233933448791504,4.553622245788574,0.07864340394735336,0.06055217608809471,0.1081433817744255,0.0,0.99875,
800,3.1642870903015137,5.602397918701172,0.04926818609237671,0.05866507068276405,0.18928606808185577,0.0,1.0,
801,3.857933521270752,5.63151741027832,0.005308906082063913,0.13608790934085846,0.15773218870162964,0.0,1.00125,
802,5.403016567230225,5.273949146270752,0.01441790722310543,0.1902845948934555,0.16458351910114288,0.0,1.0025,
803,5.318984508514404,6.079156398773193,0.027773955836892128,0.17313621938228607,0.11867362260818481,0.0,1.00375,
804,3.004293441772461,5.263204097747803,0.07834476232528687,0.02908523939549923,0.16402548551559448,0.0,1.005,
805,8.31596565246582,4.7744340896606445,0.044990818947553635,0.2753795087337494,0.1537393480539322,0.0,1.00625,
806,2.115450859069824,5.489974498748779,0.017260631546378136,0.053850553929805756,0.12204360961914062,0.0,1.0075,
807,5.335691928863525,5.218198776245117,0.12142699956893921,0.07809396088123322,0.18820463120937347,0.0,1.00875,
808,7.911406993865967,6.835377216339111,0.0,0.30241766571998596,0.15925191342830658,0.0,1.01,
809,9.20606803894043,6.24971342086792,0.06467380374670029,0.28721028566360474,0.23697061836719513,0.0,1.01125,
810,8.108671188354492,5.634575366973877,0.022717297077178955,0.28994831442832947,0.16524481773376465,0.0,1.0125,
811,6.3578104972839355,6.291126251220703,0.0,0.24095165729522705,0.15840177237987518,0.0,1.01375,
812,10.42841911315918,6.464868068695068,0.005942483898252249,0.39124158024787903,0.23195137083530426,0.0,1.015,
813,7.5284037590026855,5.356358051300049,0.10702264308929443,0.18391042947769165,0.10777798295021057,0.0,1.01625,
814,4.524285793304443,5.53412389755249,0.0,0.1663520783185959,0.11256664991378784,0.0,1.0175,
815,5.347305774688721,5.86744499206543,0.02785227634012699,0.16938123106956482,0.17058147490024567,0.0,1.01875,
816,7.255987167358398,6.170970439910889,0.02705427072942257,0.25022754073143005,0.12116390466690063,0.0,1.02,
817,10.704830169677734,6.095158576965332,0.09444312006235123,0.32374024391174316,0.14142416417598724,0.0,1.02125,
818,5.902247428894043,4.96639347076416,0.14995519816875458,0.07429065555334091,0.13484631478786469,0.0,1.0225,
819,7.060546398162842,5.522828578948975,0.0002308686525793746,0.27050939202308655,0.10417688637971878,0.0,1.02375,
820,4.693824291229248,5.584137916564941,0.03828950598835945,0.13698484003543854,0.12031805515289307,0.0,1.025,
821,8.547666549682617,4.479180812835693,0.09909580647945404,0.23369143903255463,0.13303937017917633,0.0,1.02625,
822,4.0772480964660645,5.844114303588867,0.052769578993320465,0.09844575822353363,0.13188371062278748,0.0,1.0275,
823,6.002589702606201,4.7771806716918945,0.13746760785579681,0.09275071322917938,0.09218701720237732,0.0,1.02875,
824,11.452522277832031,5.408435344696045,0.10300835222005844,0.3458552360534668,0.1071922555565834,0.0,1.03,
825,3.496181011199951,6.105379581451416,0.023567158728837967,0.10504969954490662,0.1132340207695961,0.0,1.03125,
826,10.618566513061523,5.340856075286865,0.025417249649763107,0.38725802302360535,0.15476582944393158,0.0,1.0325,
827,7.921835422515869,6.085507392883301,0.02323492430150509,0.2819528579711914,0.12391986697912216,0.0,1.03375,
828,10.847421646118164,5.755177021026611,0.092690609395504,0.3286527991294861,0.12942208349704742,0.0,1.035,
829,9.98866081237793,5.614035129547119,0.0,0.3858602046966553,0.14959943294525146,0.0,1.03625,
830,7.424013137817383,5.1126556396484375,0.028073489665985107,0.26047396659851074,0.0870419517159462,0.0,1.0375,
831,2.8659486770629883,5.441810131072998,0.0012148022651672363,0.10208366811275482,0.13452337682247162,0.0,1.03875,
832,5.123876571655273,5.911578178405762,0.03279498964548111,0.15869605541229248,0.14929421246051788,0.0,1.04,
833,8.089569091796875,5.19564962387085,0.23579582571983337,0.0773104801774025,0.14127449691295624,0.0,1.04125,
834,5.203538417816162,4.70694637298584,0.11022462695837021,0.089689239859581,0.10558780282735825,0.0,1.0425,
835,6.173241138458252,5.007774829864502,0.1816318929195404,0.05486242473125458,0.14944575726985931,0.0,1.04375,
836,7.446937084197998,4.698241233825684,0.02981775999069214,0.25498127937316895,0.16200168430805206,0.0,1.045,
837,7.45959997177124,4.931434154510498,0.046925149857997894,0.24095427989959717,0.1302698403596878,0.0,1.04625,
838,6.277068614959717,5.278527736663818,0.09918060153722763,0.13972505927085876,0.16612236201763153,0.0,1.0475,
839,5.333751201629639,4.512991428375244,0.04934795945882797,0.15449786186218262,0.10643180459737778,0.0,1.04875,
840,5.9193291664123535,6.1664910316467285,0.09324213117361069,0.13092270493507385,0.10022050142288208,0.0,1.05,
841,3.8253750801086426,6.027595520019531,0.05825410410761833,0.0855124294757843,0.1277911216020584,0.0,1.05125,
842,7.074342250823975,5.408177375793457,0.0712890774011612,0.2018435299396515,0.12062350660562515,0.0,1.0525,
843,6.7213006019592285,5.538671970367432,0.14884687960147858,0.1077442616224289,0.14511941373348236,0.0,1.05375,
844,3.3490042686462402,5.676963806152344,0.0,0.12245018780231476,0.13376860320568085,0.0,1.055,
845,6.407276630401611,5.558469772338867,0.07421284914016724,0.1690242886543274,0.1284414678812027,0.0,1.05625,
846,4.297707557678223,4.935427188873291,0.04550035670399666,0.11379648000001907,0.1299283355474472,0.0,1.0575,
847,7.213360786437988,5.621991157531738,0.023151177912950516,0.2538582682609558,0.149166539311409,0.0,1.05875,
848,5.303018569946289,5.982581615447998,0.015577058307826519,0.18318971991539001,0.13210757076740265,0.0,1.06,
849,7.737553119659424,5.784960746765137,0.0,0.2917517423629761,0.18679571151733398,0.0,1.06125,
850,7.890588283538818,6.041041374206543,0.17788991332054138,0.12752637267112732,0.1414506435394287,0.0,1.0625,
851,12.923246383666992,4.986791610717773,0.1809801608324051,0.32562175393104553,0.11275169253349304,0.0,1.06375,
852,4.934936046600342,5.321444511413574,0.004410505294799805,0.1804589480161667,0.15573610365390778,0.0,1.065,
853,5.954164981842041,5.762392520904541,0.050045788288116455,0.17619174718856812,0.1284666806459427,0.0,1.06625,
854,8.046709060668945,5.654911994934082,0.0,0.31214892864227295,0.11159149557352066,0.0,1.0675,
855,7.0132222175598145,6.124876499176025,0.03277432918548584,0.23615455627441406,0.17475630342960358,0.0,1.06875,
856,4.140676975250244,5.181983470916748,0.07757611572742462,0.07365094125270844,0.1441369503736496,0.0,1.07,
857,5.975738525390625,4.857646942138672,0.08254887163639069,0.1464596539735794,0.1379862278699875,0.0,1.07125,
858,2.534633159637451,5.804032802581787,0.014821688644587994,0.07446341216564178,0.15765270590782166,0.0,1.0725,
859,4.592668533325195,5.572856903076172,0.016691148281097412,0.15492820739746094,0.13561975955963135,0.0,1.07375,
860,6.5589070320129395,5.9016852378845215,0.09317630529403687,0.16094458103179932,0.10432002693414688,0.0,1.075,
861,4.164531230926514,5.263185501098633,0.0800771713256836,0.073707714676857,0.17227403819561005,0.0,1.07625,
862,7.931478500366211,4.622265338897705,0.17334793508052826,0.13425177335739136,0.11239546537399292,0.0,1.0775,
863,2.785763740539551,5.7655415534973145,0.0,0.10043662786483765,0.1172594353556633,0.0,1.07875,
864,2.6830358505249023,4.862353324890137,0.013016561977565289,0.0844988077878952,0.13178955018520355,0.0,1.08,
865,3.661006450653076,4.551469802856445,0.07645131647586823,0.06075489521026611,0.13009563088417053,0.0,1.08125,
866,3.6953201293945312,5.122096061706543,0.02872059866786003,0.10732492804527283,0.15896698832511902,0.0,1.0825,
867,5.723696231842041,4.567583084106445,0.05295326188206673,0.16497114300727844,0.1332847625017166,0.0,1.08375,
868,2.8255181312561035,4.176295280456543,0.05373372510075569,0.04873524606227875,0.10332784801721573,0.0,1.085,
869,6.073822021484375,5.505419731140137,0.002157648326829076,0.22862666845321655,0.12767063081264496,0.0,1.08625,
870,7.2674078941345215,5.445205211639404,0.10852036625146866,0.1695268750190735,0.17029519379138947,0.0,1.0875,
871,5.541286945343018,5.99066162109375,0.011161983013153076,0.19491349160671234,0.1396452933549881,0.0,1.08875,
872,6.643468856811523,6.074340343475342,0.1045411005616188,0.15040940046310425,0.1406184285879135,0.0,1.09,
873,11.595115661621094,6.001051425933838,0.0,0.4504106938838959,0.13867239654064178,0.0,1.09125,
874,3.796914577484131,6.070636749267578,0.0,0.13980232179164886,0.14907966554164886,0.0,1.0925,
875,14.73947525024414,5.553263187408447,0.09286234527826309,0.4835583567619324,0.16000008583068848,0.0,1.09375,
876,6.066405773162842,5.498875617980957,0.03518325090408325,0.19462960958480835,0.13160620629787445,0.0,1.095,
877,3.097785472869873,5.3441619873046875,0.03211883455514908,0.07870415598154068,0.19316093623638153,0.0,1.09625,
878,2.3485159873962402,5.312679290771484,0.0,0.08324651420116425,0.13709694147109985,0.0,1.0975,
879,4.992330551147461,5.437077045440674,0.07529296725988388,0.1153297871351242,0.11550698429346085,0.0,1.09875,
880,8.30336856842041,6.062493324279785,0.10240501165390015,0.22004148364067078,0.128266379237175,0.0,1.1,
881,4.214239597320557,5.704558849334717,0.06276088953018188,0.09490478038787842,0.16032414138317108,0.0,1.10125,
882,8.507169723510742,5.432156085968018,0.011126914992928505,0.3195888102054596,0.09770113229751587,0.0,1.1025,
883,3.441901683807373,7.00745964050293,0.05329442024230957,0.07263533025979996,0.14330662786960602,0.0,1.10375,
884,2.8138504028320312,4.96981954574585,0.06113676354289055,0.040135469287633896,0.09471144527196884,0.0,1.105,
885,8.54326057434082,6.512133598327637,0.011319498531520367,0.31767335534095764,0.1797608584165573,0.0,1.10625,
886,5.4273457527160645,6.2557878494262695,0.0734918937087059,0.13023564219474792,0.16205771267414093,0.0,1.1075,
887,4.668368816375732,5.560243606567383,0.06158868595957756,0.11369787156581879,0.1485111117362976,0.0,1.10875,
888,11.237977981567383,5.631762504577637,0.01939813233911991,0.418327659368515,0.19036531448364258,0.0,1.11,
889,3.8832240104675293,5.811435222625732,0.0456264391541481,0.09867677092552185,0.1601056456565857,0.0,1.11125,
890,16.1926326751709,6.234347343444824,0.09143612533807755,0.5417795181274414,0.2137589305639267,0.0,1.1125,
891,6.2914299964904785,5.446081161499023,0.040268439799547195,0.19992563128471375,0.18924696743488312,0.0,1.11375,
892,7.903703689575195,5.828885555267334,0.15482750535011292,0.1485927402973175,0.17884628474712372,0.0,1.115,
893,2.424773693084717,5.621049404144287,0.028681019321084023,0.05561953783035278,0.1579875648021698,0.0,1.11625,
894,8.26359748840332,5.778732776641846,0.15927183628082275,0.1578945815563202,0.2068420797586441,0.0,1.1175,
895,8.379942893981934,5.258631706237793,0.04510347172617912,0.2799088954925537,0.1588716059923172,0.0,1.11875,
896,7.370718002319336,5.783706188201904,0.13818630576133728,0.1457546353340149,0.14912301301956177,0.0,1.12,
897,8.432170867919922,5.391852378845215,0.16130638122558594,0.16377392411231995,0.17182622849941254,0.0,1.12125,
898,2.1852331161499023,6.469992637634277,0.012073835358023643,0.06247229129076004,0.1465422362089157,0.0,1.1225,
899,5.854539394378662,6.528531551361084,0.15383385121822357,0.06470008194446564,0.1632279008626938,0.0,1.12375,
900,11.608322143554688,7.721532821655273,0.004870434757322073,0.4457664489746094,0.19201524555683136,0.0,1.125,
901,10.378324508666992,7.407125473022461,0.039620935916900635,0.36011192202568054,0.13456164300441742,0.0,1.12625,
902,11.613637924194336,6.852204322814941,0.02218949794769287,0.42775920033454895,0.22060219943523407,0.0,1.1275,
903,2.5639748573303223,7.111076354980469,0.02924633026123047,0.06216728687286377,0.10130926221609116,0.0,1.12875,
904,3.8140487670898438,6.868470191955566,0.004293918609619141,0.1323840618133545,0.181295707821846,0.0,1.13,
905,11.089580535888672,6.008782386779785,0.0,0.42909470200538635,0.2204076051712036,0.0,1.13125,
906,5.330924034118652,6.321861267089844,0.02664007805287838,0.17236872017383575,0.159834086894989,0.0,1.1325,
907,3.662890911102295,6.191049098968506,0.03673185780644417,0.09822196513414383,0.14554323256015778,0.0,1.13375,
908,3.1625237464904785,7.789721488952637,0.01591569185256958,0.09730799496173859,0.1794043928384781,0.0,1.135,
909,5.769394397735596,6.087545394897461,0.04145658016204834,0.1772664487361908,0.17356304824352264,0.0,1.13625,
910,2.8528361320495605,6.3795552253723145,0.029457667842507362,0.07404394447803497,0.15511304140090942,0.0,1.1375,
911,2.7851643562316895,5.553251266479492,0.07213888317346573,0.028710070997476578,0.15741360187530518,0.0,1.13875,
912,5.349452495574951,5.7658538818359375,0.04896624758839607,0.1502828747034073,0.20757919549942017,0.0,1.14,
913,4.872277736663818,6.38419246673584,0.004066129680722952,0.17796176671981812,0.16517116129398346,0.0,1.14125,
914,3.701148509979248,6.11850643157959,0.05486518144607544,0.0809435322880745,0.15931497514247894,0.0,1.1425,
915,5.293123245239258,7.943225860595703,0.0,0.1983499825000763,0.13524310290813446,0.0,1.14375,
916,8.986383438110352,6.23124361038208,0.03700608015060425,0.30771011114120483,0.20663057267665863,0.0,1.145,
917,1.986217975616455,5.846062660217285,0.0065462589263916016,0.06068798527121544,0.16195274889469147,0.0,1.14625,
918,7.37513542175293,6.017547130584717,0.0,0.28181442618370056,0.146253302693367,0.0,1.1475,
919,3.175027847290039,5.939546585083008,0.05198401212692261,0.06358983367681503,0.17873768508434296,0.0,1.14875,
920,4.056343078613281,5.459315776824951,0.03973960876464844,0.1106434017419815,0.14049354195594788,0.0,1.15,
921,10.6292724609375,7.308140754699707,0.0140469865873456,0.39952775835990906,0.18835484981536865,0.0,1.15125,
922,9.209615707397461,6.033401966094971,0.07745609432458878,0.2824130058288574,0.12118812650442123,0.0,1.1525,
923,7.1157965660095215,4.793229103088379,0.13772457838058472,0.1367027312517166,0.13821299374103546,0.0,1.15375,
924,6.980899810791016,5.705936431884766,0.037473857402801514,0.2273353636264801,0.17137503623962402,0.0,1.155,
925,5.747164249420166,6.084047794342041,0.0,0.21418604254722595,0.17566341161727905,0.0,1.15625,
926,6.712056636810303,6.716053009033203,0.09437254816293716,0.16317524015903473,0.10604825615882874,0.0,1.1575,
927,5.731613636016846,6.127028465270996,0.059942763298749924,0.15615767240524292,0.15849392116069794,0.0,1.15875,
928,8.509435653686523,4.368803977966309,0.19254717230796814,0.13687001168727875,0.140099436044693,0.0,1.16,
929,2.49375581741333,6.161876201629639,0.0436897873878479,0.04472086951136589,0.15678448975086212,0.0,1.16125,
930,7.391353607177734,5.538879871368408,0.06165299564599991,0.2189251333475113,0.1943172663450241,0.0,1.1625,
931,7.70686674118042,4.178323268890381,0.15073934197425842,0.14579419791698456,0.13049304485321045,0.0,1.16375,
932,9.186534881591797,4.7720160484313965,0.21521756052970886,0.14128419756889343,0.12771552801132202,0.0,1.165,
933,9.80927562713623,4.663366794586182,0.031523384153842926,0.34773388504981995,0.15715719759464264,0.0,1.16625,
934,3.9802732467651367,5.370954513549805,0.0,0.145876944065094,0.1767181009054184,0.0,1.1675,
935,2.22147798538208,4.9818620681762695,0.04287208989262581,0.03133753687143326,0.2338351458311081,0.0,1.16875,
936,8.123401641845703,5.43740177154541,0.06254583597183228,0.2503281831741333,0.18122310936450958,0.0,1.17,
937,4.362891674041748,5.3574604988098145,0.0,0.15861545503139496,0.22752051055431366,0.0,1.17125,
938,2.8676724433898926,5.983760356903076,0.043508946895599365,0.059735044836997986,0.16737592220306396,0.0,1.1725,
939,6.416138172149658,5.086453914642334,0.14517048001289368,0.10286036878824234,0.11836647242307663,0.0,1.17375,
940,3.4206504821777344,5.6822028160095215,0.017000993713736534,0.10705353319644928,0.17066048085689545,0.0,1.175,
941,5.614095211029053,5.947336196899414,0.08266317844390869,0.12910057604312897,0.1839004009962082,0.0,1.17625,
942,4.600673675537109,5.7873454093933105,0.027911147102713585,0.14313706755638123,0.14705033600330353,0.0,1.1775,
943,8.058109283447266,6.09232234954834,0.05120245739817619,0.2594531178474426,0.11295296996831894,0.0,1.17875,
944,13.06855583190918,5.334954261779785,0.0743393525481224,0.43971434235572815,0.1254642754793167,0.0,1.18,
945,9.950826644897461,6.589150428771973,0.11034363508224487,0.2744900584220886,0.19121839106082916,0.0,1.18125,
946,3.5900111198425293,6.56518030166626,0.0,0.1322079598903656,0.1393391638994217,0.0,1.1825,
947,6.681510925292969,5.943027973175049,0.0433201789855957,0.20981410145759583,0.1512470543384552,0.0,1.18375,
948,4.619773864746094,5.917160511016846,0.08188412338495255,0.09074774384498596,0.17061090469360352,0.0,1.185,
949,13.474052429199219,5.319700717926025,0.09173041582107544,0.436933308839798,0.1411176323890686,0.0,1.18625,
950,5.930247783660889,7.211018085479736,0.061373431235551834,0.16244491934776306,0.16607308387756348,0.0,1.1875,
951,2.839712619781494,5.843512058258057,0.02264249324798584,0.07893074303865433,0.1597304493188858,0.0,1.18875,
952,4.125735759735107,6.257866382598877,0.02688552998006344,0.1251489222049713,0.16257306933403015,0.0,1.19,
953,14.983016967773438,6.728087902069092,0.030986985191702843,0.5574076175689697,0.1260356456041336,0.0,1.19125,
954,4.0902934074401855,5.556545257568359,0.04684366658329964,0.1060318723320961,0.11920659989118576,0.0,1.1925,
955,6.266068458557129,5.354517459869385,0.11226782947778702,0.12456291913986206,0.16659171879291534,0.0,1.19375,
956,4.571315765380859,4.847082138061523,0.07974889129400253,0.09251260757446289,0.1394011527299881,0.0,1.195,
957,3.8386740684509277,5.6218109130859375,0.06405226141214371,0.07682712376117706,0.1601657122373581,0.0,1.19625,
958,3.670927047729492,6.04655647277832,0.03830530494451523,0.09783397614955902,0.11083526164293289,0.0,1.1975,
959,7.9638285636901855,5.938113212585449,0.11333847045898438,0.19391024112701416,0.14455577731132507,0.0,1.19875,
960,11.89619255065918,5.934913158416748,0.11993434280157089,0.3446086049079895,0.14864051342010498,0.0,1.2,
961,3.824974536895752,7.231289863586426,0.0,0.14250057935714722,0.13906490802764893,0.0,1.20125,
962,7.252844333648682,6.924834728240967,0.06990025192499161,0.2093099057674408,0.11494901031255722,0.0,1.2025,
963,4.75049352645874,6.082668781280518,0.04512752965092659,0.13118314743041992,0.1644793152809143,0.0,1.20375,
964,3.536344051361084,6.689971923828125,0.008037467487156391,0.11976700276136398,0.18011659383773804,0.0,1.205,
965,3.8914742469787598,6.4420390129089355,0.030689457431435585,0.1091841608285904,0.13138556480407715,0.0,1.20625,
966,4.441090106964111,5.907660484313965,0.022296568378806114,0.1450992077589035,0.16065256297588348,0.0,1.2075,
967,10.396282196044922,5.911222457885742,0.030104339122772217,0.3727070689201355,0.17245662212371826,0.0,1.20875,
968,5.548135280609131,6.07505989074707,0.025797268375754356,0.18539658188819885,0.14815935492515564,0.0,1.21,
969,1.6141510009765625,6.2908196449279785,0.009706715121865273,0.04166450351476669,0.19149243831634521,0.0,1.21125,
970,5.488310813903809,6.012078285217285,0.11051527410745621,0.09607242792844772,0.13977040350437164,0.0,1.2125,
971,4.985523700714111,5.818915843963623,0.011210799217224121,0.1765539050102234,0.1456882357597351,0.0,1.21375,
972,10.477466583251953,6.794270992279053,0.059257686138153076,0.34403371810913086,0.22031675279140472,0.0,1.215,
973,6.171722888946533,6.4038591384887695,0.13997380435466766,0.09484986960887909,0.16206993162631989,0.0,1.21625,
974,6.895974636077881,6.131290435791016,0.09510497748851776,0.16983568668365479,0.13270394504070282,0.0,1.2175,
975,10.563875198364258,8.044593811035156,0.05750254914164543,0.35495975613594055,0.14916710555553436,0.0,1.21875,
976,6.002243518829346,6.914722919464111,0.03598707914352417,0.193742036819458,0.12391003221273422,0.0,1.22,
977,4.364779472351074,6.402190685272217,0.05557441711425781,0.10688043385744095,0.18813049793243408,0.0,1.22125,
978,4.1599297523498535,6.954411029815674,0.039316315203905106,0.11355020850896835,0.15748067200183868,0.0,1.2225,
979,9.755548477172852,6.680981159210205,0.0705093964934349,0.30165669322013855,0.2644349932670593,0.0,1.22375,
980,2.9370269775390625,5.457765579223633,0.04508256912231445,0.06021168828010559,0.17451755702495575,0.0,1.225,
981,2.3216910362243652,6.10463809967041,0.05468350648880005,0.02581718936562538,0.16680915653705597,0.0,1.22625,
982,4.87037467956543,6.243892192840576,0.05761543661355972,0.12251073867082596,0.20891903340816498,0.0,1.2275,
983,6.674984455108643,7.1849775314331055,0.08887781947851181,0.16254612803459167,0.2168443202972412,0.0,1.22875,
984,12.017127990722656,6.97986364364624,0.004132846836000681,0.4607127904891968,0.20215588808059692,0.0,1.23,
985,11.035612106323242,6.025753974914551,0.0,0.4276265501976013,0.1798730045557022,0.0,1.23125,
986,7.040781497955322,6.9517083168029785,0.04296334460377693,0.22501498460769653,0.16393327713012695,0.0,1.2325,
987,12.829456329345703,7.5985493659973145,0.007922847755253315,0.49033647775650024,0.16196978092193604,0.0,1.23375,
988,20.177257537841797,6.119781494140625,0.0,0.7910473346710205,0.1904289871454239,0.0,1.235,
989,3.258368968963623,7.168240070343018,0.0,0.1156526654958725,0.16744370758533478,0.0,1.23625,
990,5.758398056030273,6.471125602722168,0.0,0.21227845549583435,0.24125470221042633,0.0,1.2375,
991,5.826425552368164,6.938668251037598,0.0,0.21975919604301453,0.15018831193447113,0.0,1.23875,
992,13.994476318359375,5.99911642074585,0.14368772506713867,0.4052249491214752,0.13849033415317535,0.0,1.24,
993,9.481441497802734,7.002849102020264,0.038124363869428635,0.3268855810165405,0.16031749546527863,0.0,1.24125,
994,4.810057640075684,5.315792083740234,0.036086540669202805,0.1435830146074295,0.15885832905769348,0.0,1.2425,
995,4.196342468261719,5.996227264404297,0.04559336230158806,0.10834980756044388,0.1675843745470047,0.0,1.24375,
996,11.37297248840332,5.54220724105835,0.09312494844198227,0.3531930446624756,0.1164674460887909,0.0,1.245,
997,7.813745021820068,5.755024433135986,0.2149960994720459,0.0866847038269043,0.12615303695201874,0.0,1.24625,
998,8.266773223876953,5.759838581085205,0.1570468544960022,0.16376078128814697,0.12847217917442322,0.0,1.2475,
999,7.837763786315918,4.741241931915283,0.24010738730430603,0.06279763579368591,0.1426311582326889,0.0,1.24875,
1000,5.9479660987854,5.669594764709473,0.17620721459388733,0.05225266516208649,0.1128944456577301,0.0,1.25,"[0.8562830686569214, 0.9982470870018005, 1.063929557800293]"
1001,7.454249382019043,4.999697685241699,0.08162317425012589,0.20787735283374786,0.09943997114896774,0.0,1.25125,
1002,4.33245849609375,5.238360404968262,0.10073012113571167,0.06038553640246391,0.11980268359184265,0.0,1.2525,
1003,8.602033615112305,5.588393211364746,0.15041382610797882,0.18399909138679504,0.11052846908569336,0.0,1.25375,
1004,9.637417793273926,5.9086103439331055,0.15364506840705872,0.21876966953277588,0.15691445767879486,0.0,1.255,
1005,4.322298049926758,6.920647144317627,0.0,0.15584832429885864,0.17433381080627441,0.0,1.25625,
1006,10.928365707397461,5.985382556915283,0.25062593817710876,0.17408861219882965,0.08640432357788086,0.0,1.2575,
1007,6.023038864135742,7.584137439727783,0.0842301994562149,0.14104971289634705,0.20344357192516327,0.0,1.25875,
1008,13.517890930175781,6.346183776855469,0.0766344889998436,0.45114952325820923,0.14082157611846924,0.0,1.26,
1009,14.26114273071289,6.947249889373779,0.0,0.5536752939224243,0.1538643091917038,0.0,1.26125,
1010,7.140652179718018,6.4055681228637695,0.013898849487304688,0.2589612901210785,0.1314682513475418,0.0,1.2625,
1011,4.07581901550293,5.994245529174805,0.0817292109131813,0.06808830797672272,0.13579846918582916,0.0,1.26375,
1012,1.996666431427002,6.218045234680176,0.0,0.06591199338436127,0.16681383550167084,0.0,1.265,
1013,4.519948959350586,6.737080097198486,0.017522891983389854,0.15125393867492676,0.14599816501140594,0.0,1.26625,
1014,5.006202697753906,6.138528823852539,0.008380810730159283,0.17892511188983917,0.1267397254705429,0.0,1.2675,
1015,3.9778361320495605,6.187727451324463,0.0,0.14730225503444672,0.11987823247909546,0.0,1.26875,
1016,4.759182929992676,5.388057231903076,0.1034402847290039,0.07486890256404877,0.15455450117588043,0.0,1.27,
1017,5.152523517608643,5.522500038146973,0.09866724163293839,0.09628376364707947,0.16037817299365997,0.0,1.27125,
1018,2.8739566802978516,4.901761531829834,0.028340954333543777,0.07425039261579514,0.18415814638137817,0.0,1.2725,
1019,5.957259654998779,6.003503322601318,0.051240503787994385,0.1738380491733551,0.1557878702878952,0.0,1.27375,
1020,6.363244533538818,6.512459754943848,0.032335080206394196,0.20941612124443054,0.15486131608486176,0.0,1.275,
1021,4.34136962890625,4.968358993530273,0.03227277472615242,0.128730908036232,0.15990765392780304,0.0,1.27625,
1022,5.060387134552002,5.943548679351807,0.0,0.19129621982574463,0.12412530183792114,0.0,1.2775,
1023,9.470962524414062,5.065145492553711,0.08527874946594238,0.2828962206840515,0.1513311117887497,0.0,1.27875,
1024,6.921694278717041,6.167476177215576,0.06306222826242447,0.1993710696697235,0.16463761031627655,0.0,1.28,
1025,8.146299362182617,5.50863790512085,0.08493641763925552,0.2320077121257782,0.13288462162017822,0.0,1.28125,
1026,6.5859599113464355,4.953768253326416,0.2109808474779129,0.040093839168548584,0.1377168744802475,0.0,1.2825,
1027,2.959756851196289,5.834483623504639,0.0,0.10795463621616364,0.12033820897340775,0.0,1.28375,
1028,3.325000286102295,5.667977333068848,0.012572228908538818,0.10912753641605377,0.1268206387758255,0.0,1.285,
1029,4.34697961807251,5.557536602020264,0.07245846092700958,0.0896749496459961,0.13115142285823822,0.0,1.28625,
1030,4.058786869049072,6.280637741088867,0.09893189370632172,0.05169665813446045,0.134023055434227,0.0,1.2875,
1031,11.169769287109375,5.845993518829346,0.12738576531410217,0.3105928301811218,0.11481494456529617,0.0,1.28875,
1032,3.998539447784424,6.240051746368408,0.049918193370103836,0.09845716506242752,0.12195578962564468,0.0,1.29,
1033,7.03062629699707,6.823071479797363,0.047902245074510574,0.22276762127876282,0.12506771087646484,0.0,1.29125,
1034,1.5883760452270508,6.5165581703186035,0.03477909043431282,0.01624341309070587,0.14132000505924225,0.0,1.2925,
1035,3.4754223823547363,5.8583574295043945,0.042721230536699295,0.08341620117425919,0.16029579937458038,0.0,1.29375,
1036,6.679272174835205,5.724361896514893,0.04368772357702255,0.2096414566040039,0.19807982444763184,0.0,1.295,
1037,3.6375889778137207,5.729331970214844,0.09529440104961395,0.0336097776889801,0.23425763845443726,0.0,1.29625,
1038,7.262881755828857,6.284928321838379,0.010397513397037983,0.2627706527709961,0.1906004697084427,0.0,1.2975,
1039,5.43488073348999,6.361940383911133,0.00420832633972168,0.19590239226818085,0.2504206895828247,0.0,1.29875,
1040,6.639668941497803,4.853267669677734,0.09711112827062607,0.1568836271762848,0.13754978775978088,0.0,1.3,
1041,2.5243687629699707,5.388172149658203,0.01772077940404415,0.06843435019254684,0.17863546311855316,0.0,1.30125,
1042,12.937801361083984,7.415637493133545,0.02786131761968136,0.47343331575393677,0.1673382669687271,0.0,1.3025,
1043,7.749324321746826,7.497899532318115,0.007299840450286865,0.28570815920829773,0.1937958002090454,0.0,1.30375,
1044,6.681586742401123,5.857234954833984,0.1019752249121666,0.15087461471557617,0.19337095320224762,0.0,1.305,
1045,6.1411919593811035,5.246786117553711,0.018752017989754677,0.20872461795806885,0.2482619732618332,0.0,1.30625,
1046,10.480960845947266,7.064699172973633,0.0,0.4040685296058655,0.15098994970321655,0.0,1.3075,
1047,7.858797550201416,7.201265811920166,0.01202354859560728,0.28529831767082214,0.18945620954036713,0.0,1.30875,
1048,8.874856948852539,6.024094104766846,0.026688873767852783,0.31230562925338745,0.19273574650287628,0.0,1.31,
1049,7.233297824859619,6.111904144287109,0.0,0.2769602835178375,0.1395135521888733,0.0,1.31125,
1050,6.343507766723633,6.263336181640625,0.034358203411102295,0.20315217971801758,0.19879551231861115,0.0,1.3125,
1051,4.32672643661499,6.451488494873047,0.056988321244716644,0.10341045260429382,0.16146235167980194,0.0,1.31375,
1052,9.649808883666992,6.593960285186768,0.08291510492563248,0.28952905535697937,0.1508438140153885,0.0,1.315,
1053,5.127076625823975,5.189887523651123,0.12809373438358307,0.06525071710348129,0.13146184384822845,0.0,1.31625,
1054,5.309049606323242,5.920665264129639,0.06274881213903427,0.13940423727035522,0.11477816849946976,0.0,1.3175,
1055,5.829747676849365,6.056397438049316,0.06685543060302734,0.15229550004005432,0.18319250643253326,0.0,1.31875,
1056,7.2363505363464355,5.928576946258545,0.02266494370996952,0.2544103264808655,0.14249052107334137,0.0,1.32,
1057,3.814131259918213,6.758317470550537,0.023720720782876015,0.11698027700185776,0.1496846228837967,0.0,1.32125,
1058,8.981721878051758,5.200348377227783,0.0488533154129982,0.2987697720527649,0.16123127937316895,0.0,1.3225,
1059,5.82539701461792,5.459332466125488,0.035609640181064606,0.18656164407730103,0.13426977396011353,0.0,1.32375,
1060,5.390481472015381,5.5140700340271,0.05688158795237541,0.14917734265327454,0.12191301584243774,0.0,1.325,
1061,4.677792072296143,5.26034688949585,0.060473520308732986,0.11545389890670776,0.15323667228221893,0.0,1.32625,
1062,9.634803771972656,6.037496566772461,0.04550157114863396,0.3217080235481262,0.2250603288412094,0.0,1.3275,
1063,9.681398391723633,5.748081684112549,0.19457407295703888,0.18185408413410187,0.12373775243759155,0.0,1.32875,
1064,5.537730693817139,5.750772476196289,0.13958245515823364,0.06898742914199829,0.14248904585838318,0.0,1.33,
1065,4.289395809173584,6.693218231201172,0.0630812793970108,0.09768293052911758,0.12999968230724335,0.0,1.33125,
1066,6.310496807098389,5.426023006439209,0.1743079572916031,0.06456606090068817,0.1925574094057083,0.0,1.3325,
1067,5.820888519287109,6.22098445892334,0.12074267864227295,0.09872759133577347,0.18436945974826813,0.0,1.33375,
1068,6.932714939117432,6.1422200202941895,0.09635654836893082,0.1671832650899887,0.17284810543060303,0.0,1.335,
1069,7.170051097869873,7.302865505218506,0.093694306910038,0.18114906549453735,0.1366892009973526,0.0,1.33625,
1070,7.6637773513793945,5.964083671569824,0.03987796977162361,0.2574916481971741,0.12308254092931747,0.0,1.3375,
1071,4.6184210777282715,6.3622612953186035,0.03997790813446045,0.1343376785516739,0.1061321496963501,0.0,1.33875,
1072,5.258855819702148,6.57891321182251,0.11201097816228867,0.08683902025222778,0.10457517951726913,0.0,1.34,
1073,4.441376209259033,6.272780418395996,0.03629481792449951,0.12752237915992737,0.17511515319347382,0.0,1.34125,
1074,5.2039361000061035,6.040359020233154,0.07269291579723358,0.12509553134441376,0.1374397724866867,0.0,1.3425,
1075,4.878899097442627,6.855827331542969,0.05302606150507927,0.12608559429645538,0.20276516675949097,0.0,1.34375,
1076,5.17415714263916,6.55988883972168,0.08763712644577026,0.10583825409412384,0.1869979351758957,0.0,1.345,
1077,1.8962454795837402,6.996988773345947,0.024138689041137695,0.040239520370960236,0.13879722356796265,0.0,1.34625,
1078,15.910388946533203,7.440617084503174,0.06819261610507965,0.5515216588973999,0.19222193956375122,0.0,1.3475,
1079,5.822782039642334,6.946951389312744,0.07830190658569336,0.14043918251991272,0.16542936861515045,0.0,1.34875,
1080,3.1101207733154297,6.581399917602539,0.016974329948425293,0.09275472909212112,0.1606205254793167,0.0,1.35,
1081,5.001734256744385,6.010193347930908,0.052053432911634445,0.13498637080192566,0.18827420473098755,0.0,1.35125,
1082,4.68195104598999,5.876783847808838,0.03959868475794792,0.1345086395740509,0.16186897456645966,0.0,1.3525,
1083,9.498916625976562,6.064074516296387,0.04706168174743652,0.31789934635162354,0.20731334388256073,0.0,1.35375,
1084,5.017642021179199,7.172330856323242,0.09356771409511566,0.09120111167430878,0.2377225011587143,0.0,1.355,
1085,4.5181121826171875,5.752413272857666,0.06295021623373032,0.10286746919155121,0.17230123281478882,0.0,1.35625,
1086,7.110923767089844,6.065669059753418,0.016926050186157227,0.2516958713531494,0.2172195166349411,0.0,1.3575,
1087,5.554649829864502,5.532313823699951,0.05510680004954338,0.15459276735782623,0.13186395168304443,0.0,1.35875,
1088,5.244718551635742,6.035611629486084,0.004361053463071585,0.1929537057876587,0.13205942511558533,0.0,1.36,
1089,8.957845687866211,6.262749671936035,0.05767027288675308,0.2848222255706787,0.19193923473358154,0.0,1.36125,
1090,7.074238300323486,5.996974945068359,0.02966517210006714,0.24312007427215576,0.13145805895328522,0.0,1.3625,
1091,14.136463165283203,5.628911018371582,0.13380157947540283,0.4203169047832489,0.15629586577415466,0.0,1.36375,
1092,3.1156835556030273,6.137263298034668,0.0,0.11173926293849945,0.17351293563842773,0.0,1.365,
1093,8.296154022216797,6.601551532745361,0.03404945135116577,0.2880534827709198,0.11203930526971817,0.0,1.36625,
1094,5.965818405151367,5.428212642669678,0.13799841701984406,0.09137412905693054,0.11193899065256119,0.0,1.3675,
1095,4.832238674163818,5.168816089630127,0.07154146581888199,0.10816808044910431,0.15590494871139526,0.0,1.36875,
1096,7.724230766296387,5.407088279724121,0.0963628888130188,0.20181912183761597,0.13414408266544342,0.0,1.37,
1097,8.970521926879883,4.641269683837891,0.08835729211568832,0.2587222754955292,0.17729322612285614,0.0,1.37125,
1098,8.988481521606445,4.8263936042785645,0.06140122562646866,0.28209197521209717,0.23790057003498077,0.0,1.3725,
1099,7.077072620391846,5.294838905334473,0.035645924508571625,0.2356453239917755,0.14928461611270905,0.0,1.37375,
1100,8.649334907531738,5.2301435470581055,0.10217313468456268,0.23307523131370544,0.13639864325523376,0.0,1.375,
1101,12.166641235351562,5.218489646911621,0.07865222543478012,0.3974193334579468,0.15430933237075806,0.0,1.37625,
1102,8.421701431274414,4.171462535858154,0.2178194522857666,0.10961587727069855,0.12695322930812836,0.0,1.3775,
1103,12.398648262023926,4.930968761444092,0.1525125950574875,0.33242571353912354,0.17247377336025238,0.0,1.37875,
1104,8.851892471313477,4.679765701293945,0.12499155104160309,0.21977294981479645,0.12179210036993027,0.0,1.38,
1105,8.986080169677734,4.682604789733887,0.13807378709316254,0.20815372467041016,0.17394419014453888,0.0,1.38125,
1106,10.992792129516602,4.485876560211182,0.0629393458366394,0.3637004494667053,0.1759425401687622,0.0,1.3825,
1107,5.386874675750732,7.074060916900635,0.12754838168621063,0.07576287537813187,0.1413678079843521,0.0,1.38375,
1108,3.6629128456115723,5.352980136871338,0.006428281310945749,0.12682779133319855,0.14290829002857208,0.0,1.385,
1109,6.808908462524414,5.497725486755371,0.16698545217514038,0.0903397724032402,0.17549662292003632,0.0,1.38625,
1110,7.102321147918701,5.426248073577881,0.12236716598272324,0.14903301000595093,0.1266457587480545,0.0,1.3875,
1111,2.7268929481506348,5.5815534591674805,0.026206374168395996,0.07050615549087524,0.12243933230638504,0.0,1.38875,
1112,11.546710968017578,6.3145833015441895,0.09098082780838013,0.35820019245147705,0.14049839973449707,0.0,1.39,
1113,5.972048282623291,6.192254066467285,0.1371118128299713,0.08984516561031342,0.13134972751140594,0.0,1.39125,
1114,8.95236587524414,5.25102424621582,0.13754640519618988,0.20717988908290863,0.15792477130889893,0.0,1.3925,
1115,3.9102625846862793,5.984059810638428,0.06289323419332504,0.08302728831768036,0.12023951858282089,0.0,1.39375,
1116,6.2084174156188965,6.410775661468506,0.11769101768732071,0.11547154933214188,0.1342059224843979,0.0,1.395,
1117,9.14716911315918,6.718430042266846,0.014201303012669086,0.33957868814468384,0.13761985301971436,0.0,1.39625,
1118,6.293788433074951,6.145966529846191,0.036576371639966965,0.2005765736103058,0.17252354323863983,0.0,1.3975,
1119,11.055904388427734,6.577152729034424,0.0,0.42666614055633545,0.17159982025623322,0.0,1.39875,
1120,11.03889274597168,6.591114521026611,0.0,0.4271990954875946,0.15784521400928497,0.0,1.4,
1121,7.6285929679870605,6.49026346206665,0.04730578139424324,0.24377688765525818,0.1735837459564209,0.0,1.40125,
1122,4.772607326507568,5.330580234527588,0.13212808966636658,0.043292801827192307,0.21399439871311188,0.0,1.4025,
1123,7.510005474090576,5.85765266418457,0.03710804507136345,0.2521126866340637,0.10199520736932755,0.0,1.40375,
1124,8.374500274658203,5.537870407104492,0.053564589470624924,0.2701915502548218,0.13139468431472778,0.0,1.405,
1125,6.765141010284424,5.339930534362793,0.06989381462335587,0.18930305540561676,0.14344727993011475,0.0,1.40625,
1126,5.990278720855713,6.727531909942627,0.13685917854309082,0.08782415837049484,0.18324904143810272,0.0,1.4075,
1127,4.216403961181641,6.291720390319824,0.05789951607584953,0.09813320636749268,0.1795874834060669,0.0,1.40875,
1128,5.922733783721924,6.848783493041992,0.04655597731471062,0.1762264370918274,0.1769840270280838,0.0,1.41,
1129,7.281534671783447,6.211631774902344,0.09925477206707001,0.1803307980298996,0.12878771126270294,0.0,1.41125,
1130,8.27833366394043,5.978537559509277,0.1965632140636444,0.12472420930862427,0.09908788651227951,0.0,1.4125,
1131,5.007349967956543,5.933449745178223,0.13678282499313354,0.05273769423365593,0.13360904157161713,0.0,1.41375,
1132,3.2935004234313965,5.688904762268066,0.09079990535974503,0.03130515664815903,0.10729541629552841,0.0,1.415,
1133,3.691671848297119,5.158662796020508,0.1105814129114151,0.025611955672502518,0.14783494174480438,0.0,1.41625,
1134,8.680416107177734,5.54506254196167,0.06729638576507568,0.2672024965286255,0.17282527685165405,0.0,1.4175,
1135,19.768335342407227,5.080301761627197,0.08376894146203995,0.6921302676200867,0.1843162328004837,0.0,1.41875,
1136,5.360201358795166,6.218946933746338,0.04835246130824089,0.1528618484735489,0.12585611641407013,0.0,1.42,
1137,5.465782165527344,5.715615749359131,0.04941827058792114,0.15472941100597382,0.16917391121387482,0.0,1.42125,
1138,12.241792678833008,5.852921009063721,0.05547575280070305,0.41917088627815247,0.16562850773334503,0.0,1.4225,
1139,3.0653133392333984,5.365869045257568,0.03390004113316536,0.07489365339279175,0.17085695266723633,0.0,1.42375,
1140,16.22103500366211,6.207122325897217,0.0032409827690571547,0.63559889793396,0.1138228178024292,0.0,1.425,
1141,4.974597454071045,6.641882419586182,0.04974643513560295,0.13772010803222656,0.12812863290309906,0.0,1.42625,
1142,4.923220157623291,6.341633319854736,0.001544952392578125,0.18235771358013153,0.15870784223079681,0.0,1.4275,
1143,10.343645095825195,7.625284194946289,0.0,0.4037984013557434,0.11552799493074417,0.0,1.42875,
1144,4.733121871948242,6.0554094314575195,0.0,0.17555619776248932,0.1149410530924797,0.0,1.43,
1145,4.029941558837891,5.780933380126953,0.0016928315162658691,0.1468377411365509,0.1423427313566208,0.0,1.43125,
1146,6.77362585067749,7.385035991668701,0.09779638051986694,0.16141821444034576,0.12431421130895615,0.0,1.4325,
1147,8.38409423828125,5.139484882354736,0.1556296944618225,0.165723517537117,0.19310176372528076,0.0,1.43375,
1148,6.655221462249756,6.723948955535889,0.028647204861044884,0.2196979522705078,0.21101920306682587,0.0,1.435,
1149,5.098988056182861,5.263768196105957,0.10701747983694077,0.0867631584405899,0.11831873655319214,0.0,1.43625,
1150,7.468804836273193,6.065155982971191,0.06825742870569229,0.2185726761817932,0.11971044540405273,0.0,1.4375,
1151,7.959676265716553,4.877249240875244,0.24249126017093658,0.06505624204874039,0.11769041419029236,0.0,1.43875,
1152,5.510673999786377,5.809638500213623,0.09931381791830063,0.1106424480676651,0.12088746577501297,0.0,1.44,
1153,6.879086017608643,6.032049179077148,0.1742164045572281,0.08853743225336075,0.16077299416065216,0.0,1.44125,
1154,5.2988715171813965,5.477582931518555,0.140729621052742,0.05988958477973938,0.1144055649638176,0.0,1.4425,
1155,5.584005832672119,4.590507984161377,0.06906535476446152,0.1418885588645935,0.13036520779132843,0.0,1.44375,
1156,6.540163040161133,5.916294574737549,0.23180224001407623,0.018816502764821053,0.12838168442249298,0.0,1.445,
1157,8.040506362915039,5.9098310470581055,0.08107279241085052,0.22765575349330902,0.1272018402814865,0.0,1.44625,
1158,9.78242301940918,6.117885112762451,0.09161609411239624,0.2895508408546448,0.10862796753644943,0.0,1.4475,
1159,6.11442232131958,6.0418806076049805,0.04271026328206062,0.1881546527147293,0.14545893669128418,0.0,1.44875,
1160,3.244554042816162,6.24706506729126,0.05591175705194473,0.059682078659534454,0.17754358053207397,0.0,1.45,
1161,8.094993591308594,6.449583530426025,0.01671489141881466,0.2925616502761841,0.17171411216259003,0.0,1.45125,
1162,8.208005905151367,5.5974602699279785,0.031358301639556885,0.2839282751083374,0.15062619745731354,0.0,1.4525,
1163,4.080068111419678,6.965124607086182,0.08250541985034943,0.07007857412099838,0.12159210443496704,0.0,1.45375,
1164,8.265310287475586,6.361462116241455,0.06113066524267197,0.2557132840156555,0.15920689702033997,0.0,1.455,
1165,2.2052907943725586,7.185917377471924,0.008879621513187885,0.0627022534608841,0.18651103973388672,0.0,1.45625,
1166,11.967832565307617,6.104366302490234,0.010055025108158588,0.4539834260940552,0.18662232160568237,0.0,1.4575,
1167,13.224386215209961,6.6002583503723145,0.0,0.512950599193573,0.15801118314266205,0.0,1.45875,
1168,8.855691909790039,6.840950012207031,0.0,0.3415580689907074,0.13614429533481598,0.0,1.46,
1169,6.492988586425781,5.643918037414551,0.0207721795886755,0.2226932942867279,0.1875331550836563,0.0,1.46125,
1170,6.202119827270508,5.910885810852051,0.0374751091003418,0.19423551857471466,0.20301903784275055,0.0,1.4625,
1171,22.687294006347656,7.675452709197998,0.0,0.8894126415252686,0.19065190851688385,0.0,1.46375,
1172,10.239349365234375,5.132684707641602,0.20907342433929443,0.18554401397705078,0.16512542963027954,0.0,1.465,
1173,4.909825801849365,5.822836875915527,0.042416177690029144,0.13885968923568726,0.18347322940826416,0.0,1.46625,
1174,12.494834899902344,6.420027256011963,0.1743893325328827,0.30969440937042236,0.1663760542869568,0.0,1.4675,
1175,2.9398951530456543,6.6622748374938965,0.0,0.10434874892234802,0.16465479135513306,0.0,1.46875,
1176,7.837082862854004,6.056960582733154,0.058006662875413895,0.2389344424009323,0.19446821510791779,0.0,1.47,
1177,14.193807601928711,6.348629474639893,0.04877597093582153,0.5066691637039185,0.1376710683107376,0.0,1.47125,
1178,8.125611305236816,6.209908485412598,0.1848723143339157,0.12718398869037628,0.15895356237888336,0.0,1.4725,
1179,5.308152675628662,5.6687774658203125,0.08090218156576157,0.12094775587320328,0.12095269560813904,0.0,1.47375,
1180,6.867674350738525,5.369485855102539,0.09436343610286713,0.16839033365249634,0.1293012946844101,0.0,1.475,
1181,4.973776340484619,6.568742275238037,0.12360608577728271,0.06451910734176636,0.13082632422447205,0.0,1.47625,
1182,8.368659973144531,6.55431604385376,0.06746890395879745,0.2558865249156952,0.1354731172323227,0.0,1.4775,
1183,5.340142726898193,6.4426751136779785,0.07595505565404892,0.12263233959674835,0.17173482477664948,0.0,1.47875,
1184,9.515825271606445,5.892214298248291,0.15324708819389343,0.21312955021858215,0.1871619075536728,0.0,1.48,
1185,14.857588768005371,9.01760482788086,0.001962900161743164,0.5738332271575928,0.2153894454240799,0.0,1.48125,
1186,7.41008996963501,6.31366491317749,0.015097200870513916,0.26715970039367676,0.13702785968780518,0.0,1.4825,
1187,6.277466297149658,7.314321041107178,0.01635136269032955,0.21960830688476562,0.14180299639701843,0.0,1.48375,
1188,13.482338905334473,8.240283966064453,0.03409441187977791,0.49313879013061523,0.1424325555562973,0.0,1.485,
1189,3.325514316558838,8.035740852355957,0.01611747406423092,0.10484565794467926,0.13658742606639862,0.0,1.48625,
1190,4.478456497192383,8.015203475952148,0.080555759370327,0.0870189368724823,0.13896991312503815,0.0,1.4875,
1191,3.977755546569824,8.764837265014648,0.05571689456701279,0.09029756486415863,0.16682015359401703,0.0,1.48875,
1192,1.117868423461914,9.440900802612305,0.0,0.030125340446829796,0.15331213176250458,0.0,1.49,
1193,7.433053016662598,8.923758506774902,0.0063863396644592285,0.2763897776603699,0.143154576420784,0.0,1.49125,
1194,6.908811092376709,7.943010330200195,0.07775579392910004,0.18614846467971802,0.1386261284351349,0.0,1.4925,
1195,6.155389785766602,6.6857147216796875,0.12011352926492691,0.11215827614068985,0.11460941284894943,0.0,1.49375,
1196,6.845059394836426,8.676877975463867,0.0,0.2592981457710266,0.15957756340503693,0.0,1.495,
1197,5.847479343414307,7.414373397827148,0.18031030893325806,0.04085497558116913,0.11671841144561768,0.0,1.49625,
1198,5.165873050689697,7.636378765106201,0.04940329119563103,0.14548400044441223,0.1309187263250351,0.0,1.4975,
1199,12.270034790039062,7.525347709655762,0.13187465071678162,0.3443976044654846,0.1627483367919922,0.0,1.49875,
1200,3.4585628509521484,6.7115397453308105,0.04691976308822632,0.07687021791934967,0.1698356717824936,0.0,1.5,
1201,15.830081939697266,8.321633338928223,0.03170961141586304,0.5859353542327881,0.18958371877670288,0.0,1.50125,
1202,3.4961819648742676,7.676361083984375,0.019777217879891396,0.1089017242193222,0.144821897149086,0.0,1.5025,
1203,3.086296558380127,6.823500156402588,0.011369009502232075,0.10216920077800751,0.13044817745685577,0.0,1.50375,
1204,12.176393508911133,7.048567295074463,0.1932505965232849,0.27967941761016846,0.16250760853290558,0.0,1.505,
1205,7.253143310546875,6.147452354431152,0.13202761113643646,0.1454831212759018,0.16401953995227814,0.0,1.50625,
1206,9.192163467407227,6.27510404586792,0.1485636979341507,0.2084997594356537,0.13814905285835266,0.0,1.5075,
1207,11.016580581665039,6.1147918701171875,0.03069438599050045,0.3971993923187256,0.15193401277065277,0.0,1.50875,
1208,6.604081630706787,6.592672348022461,0.07982702553272247,0.170689657330513,0.15179221332073212,0.0,1.51,
1209,7.52340841293335,6.690850257873535,0.08098022639751434,0.20881043374538422,0.1355694681406021,0.0,1.51125,
1210,4.526953220367432,6.727090358734131,0.13731342554092407,0.030179208144545555,0.169793963432312,0.0,1.5125,
1211,7.38981294631958,5.1583571434021,0.1323154717683792,0.15121880173683167,0.1707780510187149,0.0,1.51375,
1212,6.5479559898376465,6.899962425231934,0.02643197774887085,0.2240889072418213,0.12672388553619385,0.0,1.515,
1213,13.121017456054688,7.65487813949585,0.17892774939537048,0.3349749743938446,0.14890964329242706,0.0,1.51625,
1214,6.017612457275391,7.050466537475586,0.0,0.228068009018898,0.13771234452724457,0.0,1.5175,
1215,7.326016902923584,5.7802324295043945,0.10402275621891022,0.17840604484081268,0.12783217430114746,0.0,1.51875,
1216,7.331688404083252,4.969114780426025,0.20199349522590637,0.07912778854370117,0.16425718367099762,0.0,1.52,
1217,4.472859859466553,6.4598894119262695,0.013699094764888287,0.1499517410993576,0.1798911690711975,0.0,1.52125,
1218,8.26675033569336,6.779094219207764,0.16195183992385864,0.15517657995224,0.1623644083738327,0.0,1.5225,
1219,4.825521469116211,6.107913494110107,0.006318151950836182,0.1746399700641632,0.14587260782718658,0.0,1.52375,
1220,4.690737247467041,7.168886184692383,0.04516414552927017,0.12827053666114807,0.17097938060760498,0.0,1.525,
1221,4.338462829589844,6.538296222686768,0.08421051502227783,0.07654671370983124,0.1267322599887848,0.0,1.52625,
1222,3.71250581741333,6.790372848510742,0.0802227258682251,0.05517517775297165,0.1391577273607254,0.0,1.5275,
1223,4.720517158508301,7.415949821472168,0.12249050289392471,0.05076166242361069,0.1520005464553833,0.0,1.52875,
1224,4.88239049911499,6.898285865783691,0.029104232788085938,0.15190163254737854,0.15616177022457123,0.0,1.53,
1225,4.592559814453125,7.7477707862854,0.031655650585889816,0.14059093594551086,0.13493318855762482,0.0,1.53125,
1226,4.53581428527832,7.213099002838135,0.0,0.16701571643352509,0.16840453445911407,0.0,1.5325,
1227,6.29820442199707,7.441563129425049,0.10734379291534424,0.12980204820632935,0.1752704530954361,0.0,1.53375,
1228,2.866481304168701,8.00990104675293,0.04729320481419563,0.0518634095788002,0.19508405029773712,0.0,1.535,
1229,8.02916145324707,7.198175430297852,0.021553516387939453,0.2846449017524719,0.18541516363620758,0.0,1.53625,
1230,8.627857208251953,8.348565101623535,0.0,0.33185920119285583,0.13790829479694366,0.0,1.5375,
1231,6.142533302307129,8.791959762573242,0.0036403536796569824,0.2262694537639618,0.17191539704799652,0.0,1.53875,
1232,8.404522895812988,8.682632446289062,0.0,0.32154443860054016,0.16696815192699432,0.0,1.54,
1233,7.004090309143066,7.92396879196167,0.0,0.26494261622428894,0.16020481288433075,0.0,1.54125,
1234,5.010156631469727,7.717841148376465,0.0,0.18306079506874084,0.22182981669902802,0.0,1.5425,
1235,2.888397693634033,7.904537200927734,0.0,0.10096565634012222,0.17630283534526825,0.0,1.54375,
1236,7.299577713012695,6.805031776428223,0.08483685553073883,0.19034744799137115,0.19321750104427338,0.0,1.545,
1237,3.138582229614258,7.1070170402526855,0.06380981206893921,0.04819975048303604,0.16606490314006805,0.0,1.54625,
1238,7.0459465980529785,6.654726982116699,0.13035546243190765,0.13901610672473907,0.16020773351192474,0.0,1.5475,
1239,6.791040420532227,5.838103771209717,0.16114576160907745,0.09928277879953384,0.13332486152648926,0.0,1.54875,
1240,8.631088256835938,6.473879337310791,0.10088030248880386,0.23123757541179657,0.18329781293869019,0.0,1.55,
1241,5.150588035583496,6.274564743041992,0.06287825107574463,0.1294059157371521,0.17480038106441498,0.0,1.55125,
1242,8.057775497436523,6.731266021728516,0.06435909122228622,0.24291744828224182,0.1763811856508255,0.0,1.5525,
1243,9.061321258544922,6.872483730316162,0.20112597942352295,0.14857295155525208,0.15955866873264313,0.0,1.55375,
1244,4.288910388946533,7.346365451812744,0.04166029021143913,0.1159476786851883,0.15124060213565826,0.0,1.555,
1245,3.112715244293213,7.55326509475708,0.004793643951416016,0.10249251127243042,0.19410701096057892,0.0,1.55625,
1246,11.116488456726074,8.952129364013672,0.0994136705994606,0.33035513758659363,0.14565642178058624,0.0,1.5575,
1247,6.3104658126831055,8.217687606811523,0.0,0.2380339503288269,0.17384779453277588,0.0,1.55875,
1248,7.535640716552734,8.152170181274414,0.012717604637145996,0.27307820320129395,0.1568489819765091,0.0,1.56,
1249,2.722968101501465,7.412906646728516,0.022530755028128624,0.07022181153297424,0.18027739226818085,0.0,1.56125,
1250,7.979153156280518,7.606762409210205,0.0,0.3029542565345764,0.16238972544670105,0.0,1.5625,
1251,12.008016586303711,7.767007350921631,0.12612050771713257,0.3392539620399475,0.13807135820388794,0.0,1.56375,
1252,9.817354202270508,7.612722396850586,0.09666681289672852,0.28244802355766296,0.13007192313671112,0.0,1.565,
1253,4.167873382568359,7.2387614250183105,0.030183294788002968,0.12512756884098053,0.09662637859582901,0.0,1.56625,
1254,6.526454925537109,7.567568778991699,0.050567347556352615,0.1988828480243683,0.10090386867523193,0.0,1.5675,
1255,19.34889793395996,6.899781227111816,0.2088543325662613,0.5511082410812378,0.1139615848660469,0.0,1.56875,
1256,3.429288387298584,7.586910247802734,0.024733921512961388,0.09620209783315659,0.15822485089302063,0.0,1.57,
1257,4.697925090789795,6.6810173988342285,0.06940910965204239,0.10702618956565857,0.1085396409034729,0.0,1.57125,
1258,4.462506294250488,6.473753929138184,0.017789920791983604,0.1485685408115387,0.13095064461231232,0.0,1.5725,
1259,5.357638359069824,6.639568328857422,0.11043339967727661,0.09251322597265244,0.11286818236112595,0.0,1.57375,
1260,8.359685897827148,5.856912136077881,0.19651679694652557,0.12790414690971375,0.08733343333005905,0.0,1.575,
1261,8.846113204956055,6.23872184753418,0.18369723856449127,0.15985578298568726,0.1314648538827896,0.0,1.57625,
1262,10.594694137573242,6.121062278747559,0.17161023616790771,0.24031051993370056,0.15337376296520233,0.0,1.5775,
1263,6.993191242218018,6.163020610809326,0.16938789188861847,0.09854941815137863,0.13692232966423035,0.0,1.57875,
1264,6.120962619781494,6.2165350914001465,0.09241856634616852,0.14164042472839355,0.1268770843744278,0.0,1.58,
1265,2.215409755706787,5.66300630569458,0.05462505295872688,0.020858697593212128,0.14709068834781647,0.0,1.58125,
1266,12.355537414550781,6.7752885818481445,0.06898057460784912,0.411166250705719,0.17367343604564667,0.0,1.5825,
1267,7.803412437438965,6.601414680480957,0.06413048505783081,0.23617003858089447,0.11913654953241348,0.0,1.58375,
1268,11.018962860107422,6.2737908363342285,0.1718536615371704,0.2567949593067169,0.15160644054412842,0.0,1.585,
1269,7.3240742683410645,7.692176342010498,0.09423118829727173,0.1856958121061325,0.13239474594593048,0.0,1.58625,
1270,10.130934715270996,8.13511848449707,0.0110245943069458,0.3782726228237152,0.19021373987197876,0.0,1.5875,
1271,4.053671360015869,6.996715545654297,0.05362860485911369,0.0977606326341629,0.11233589053153992,0.0,1.58875,
1272,4.80975866317749,7.931316375732422,0.0,0.1758357584476471,0.17230267822742462,0.0,1.59,
1273,4.70332145690918,7.815680027008057,0.052295904606580734,0.12153936922550201,0.12702800333499908,0.0,1.59125,
1274,5.349578857421875,8.770267486572266,0.025430837646126747,0.17256274819374084,0.15831024944782257,0.0,1.5925,
1275,6.329477310180664,8.439749717712402,0.05434912443161011,0.18081901967525482,0.18119783699512482,0.0,1.59375,
1276,10.63895034790039,9.633237838745117,0.04181772470474243,0.3647540807723999,0.2078688144683838,0.0,1.595,
1277,17.457412719726562,8.96518325805664,0.051145631819963455,0.6330427527427673,0.13619093596935272,0.0,1.59625,
1278,2.1190152168273926,6.72694730758667,0.04424607753753662,0.02813703380525112,0.13249866664409637,0.0,1.5975,
1279,10.006937026977539,7.298769474029541,0.1698705106973648,0.21359847486019135,0.18716900050640106,0.0,1.59875,
1280,7.6955485343933105,6.515993118286133,0.20995815098285675,0.07648476213216782,0.25205114483833313,0.0,1.6,
1281,7.713460445404053,6.7098188400268555,0.0553855299949646,0.2369876503944397,0.1952914595603943,0.0,1.60125,
1282,7.669642448425293,7.886889457702637,0.04862765595316887,0.2431541383266449,0.17427821457386017,0.0,1.6025,
1283,2.8057994842529297,8.221960067749023,0.04628123715519905,0.049879156053066254,0.18446670472621918,0.0,1.60375,
1284,5.590522289276123,7.00670862197876,0.03852623701095581,0.17151054739952087,0.14679700136184692,0.0,1.605,
1285,7.585086822509766,8.416914939880371,0.00031107664108276367,0.28633934259414673,0.16565562784671783,0.0,1.60625,
1286,5.616292953491211,8.306146621704102,0.05091027542948723,0.15975913405418396,0.15847378969192505,0.0,1.6075,
1287,11.423562049865723,9.374734878540039,0.011804898269474506,0.42977961897850037,0.1828492432832718,0.0,1.60875,
1288,4.489241123199463,7.771344184875488,0.0653749480843544,0.09752775728702545,0.18987582623958588,0.0,1.61,
1289,7.008878231048584,7.914676666259766,0.02938973903656006,0.23258289694786072,0.187296524643898,0.0,1.61125,
1290,4.003011703491211,8.275355339050293,0.0,0.14423014223575592,0.1439947485923767,0.0,1.6125,
1291,3.081822395324707,8.00935173034668,0.045549117028713226,0.06316331028938293,0.17331664264202118,0.0,1.61375,
1292,3.796426296234131,7.550192832946777,0.04072823002934456,0.09586036205291748,0.1740032434463501,0.0,1.615,
1293,11.385541915893555,8.031509399414062,0.04916040226817131,0.3918934166431427,0.1575884371995926,0.0,1.61625,
1294,16.14267921447754,7.713364601135254,0.06118059158325195,0.5691398978233337,0.17051005363464355,0.0,1.6175,
1295,9.16480827331543,7.201104164123535,0.0813302993774414,0.27231019735336304,0.14918483793735504,0.0,1.61875,
1296,3.0013184547424316,7.281608581542969,0.04281725361943245,0.06164679676294327,0.19956795871257782,0.0,1.62,
1297,5.80574893951416,7.578807830810547,0.050486840307712555,0.16913679242134094,0.14452731609344482,0.0,1.62125,
1298,10.668241500854492,7.526223182678223,0.062238097190856934,0.34687620401382446,0.2008489966392517,0.0,1.6225,
1299,3.2236032485961914,8.27978801727295,0.0,0.1155397817492485,0.1328897923231125,0.0,1.62375,
1300,5.756496906280518,7.959745407104492,0.07713744789361954,0.14023488759994507,0.13920800387859344,0.0,1.625,
1301,7.868783950805664,8.153899192810059,0.018140455707907677,0.2834486663341522,0.1341085433959961,0.0,1.62625,
1302,7.038119316101074,7.995014667510986,0.08808952569961548,0.1788780242204666,0.1409917026758194,0.0,1.6275,
1303,6.002803325653076,6.702106475830078,0.07778599113225937,0.1483715921640396,0.15932811796665192,0.0,1.62875,
1304,8.97718620300293,7.721076011657715,0.006522794719785452,0.3429969847202301,0.10268857330083847,0.0,1.63,
1305,5.340271472930908,6.543888568878174,0.0907147154211998,0.10902087390422821,0.150502547621727,0.0,1.63125,
1306,4.664667129516602,7.60939884185791,0.013678927905857563,0.15753567218780518,0.17612063884735107,0.0,1.6325,
1307,7.383798122406006,6.348804473876953,0.11277574300765991,0.17032398283481598,0.12931273877620697,0.0,1.63375,
1308,3.687516212463379,7.376663684844971,0.05036206915974617,0.08526481688022614,0.12138491868972778,0.0,1.635,
1309,4.047587871551514,6.3715620040893555,0.06925708055496216,0.08305193483829498,0.11102788895368576,0.0,1.63625,
1310,4.2601318359375,6.887294769287109,0.06041097640991211,0.09818819165229797,0.14642389118671417,0.0,1.6375,
1311,8.575140953063965,8.178733825683594,0.10129119455814362,0.2276272475719452,0.15323348343372345,0.0,1.63875,
1312,4.510396480560303,7.02487850189209,0.09850060939788818,0.06575273722410202,0.16911830008029938,0.0,1.64,
1313,8.46297836303711,7.4965667724609375,0.0753081813454628,0.24493861198425293,0.22849875688552856,0.0,1.64125,
1314,6.29901123046875,7.64037561416626,0.022635439410805702,0.21561571955680847,0.15092048048973083,0.0,1.6425,
1315,10.422004699707031,6.889403820037842,0.06558778136968613,0.33305007219314575,0.20137320458889008,0.0,1.64375,
1316,3.7015538215637207,7.629310131072998,0.03272346779704094,0.09702359139919281,0.22708256542682648,0.0,1.645,
1317,11.092960357666016,7.49935245513916,0.03808818385004997,0.3899906873703003,0.18732111155986786,0.0,1.64625,
1318,6.063777923583984,7.002207279205322,0.18364284932613373,0.04539746791124344,0.1539449840784073,0.0,1.6475,
1319,9.712787628173828,8.325404167175293,0.040745001286268234,0.33415889739990234,0.15422610938549042,0.0,1.64875,
1320,10.155355453491211,9.122912406921387,0.02592478133738041,0.367524117231369,0.10899413377046585,0.0,1.65,
1321,6.972585201263428,7.385535717010498,0.022425174713134766,0.2421431988477707,0.13824675977230072,0.0,1.65125,
1322,3.95558500289917,7.796089172363281,0.03083205223083496,0.11044333130121231,0.18544161319732666,0.0,1.6525,
1323,7.334083557128906,7.568537712097168,0.07439901679754257,0.20669187605381012,0.1187853291630745,0.0,1.65375,
1324,4.839508056640625,7.666585445404053,0.054868560284376144,0.12614764273166656,0.150129035115242,0.0,1.655,
1325,12.165571212768555,7.501871585845947,0.02358277700841427,0.4484075605869293,0.1553219109773636,0.0,1.65625,
1326,7.401706695556641,7.4129743576049805,0.04026992991566658,0.24038296937942505,0.18413709104061127,0.0,1.6575,
1327,5.647470951080322,7.452424049377441,0.011589963920414448,0.2015555202960968,0.14344501495361328,0.0,1.65875,
1328,5.195486545562744,6.699957370758057,0.13391302525997162,0.061178356409072876,0.14075742661952972,0.0,1.66,
1329,3.4233779907226562,6.730477809906006,0.0726199746131897,0.05327927693724632,0.13889946043491364,0.0,1.66125,
1330,5.656064510345459,7.2186760902404785,0.07131814956665039,0.14384526014328003,0.12682275474071503,0.0,1.6625,
1331,5.421336650848389,6.727115154266357,0.12634354829788208,0.08029848337173462,0.12197025865316391,0.0,1.66375,
1332,5.926974296569824,6.978371620178223,0.04415098950266838,0.1809341460466385,0.14024364948272705,0.0,1.665,
1333,13.607427597045898,7.257437705993652,0.057913102209568024,0.47764527797698975,0.09180644899606705,0.0,1.66625,
1334,4.391380786895752,7.605348110198975,0.038261473178863525,0.12618112564086914,0.10259804129600525,0.0,1.6675,
1335,6.057423114776611,7.966963291168213,0.0691012293100357,0.16044330596923828,0.13609184324741364,0.0,1.66875,
1336,3.7202696800231934,6.850968360900879,0.10278373956680298,0.033584367483854294,0.13692854344844818,0.0,1.67,
1337,4.422565460205078,7.202983379364014,0.07809696346521378,0.08241476118564606,0.19556742906570435,0.0,1.67125,
1338,5.7240214347839355,6.936869144439697,0.014251152984797955,0.20215949416160583,0.10533979535102844,0.0,1.6725,
1339,6.6242241859436035,6.897783279418945,0.1052120178937912,0.14479918777942657,0.17880035936832428,0.0,1.67375,
1340,5.695244789123535,7.238999366760254,0.04160334914922714,0.17503772675991058,0.11446020007133484,0.0,1.675,
1341,6.1310343742370605,7.295119762420654,0.10576122999191284,0.12055634707212448,0.22463585436344147,0.0,1.67625,
1342,4.706369400024414,7.229445457458496,0.08705572038888931,0.09003812074661255,0.12013640999794006,0.0,1.6775,
1343,13.294902801513672,7.6357622146606445,0.021709322929382324,0.4951709508895874,0.1855466365814209,0.0,1.67875,
1344,5.546597003936768,7.512672424316406,0.06452423334121704,0.14551089704036713,0.11844193935394287,0.0,1.68,
1345,6.9053192138671875,7.315959453582764,0.01928688958287239,0.2407955825328827,0.19598793983459473,0.0,1.68125,
1346,4.422651290893555,6.878762722015381,0.0034416913986206055,0.1584056168794632,0.15080976486206055,0.0,1.6825,
1347,6.459627151489258,7.725134372711182,0.10162588208913803,0.14232710003852844,0.16549049317836761,0.0,1.68375,
1348,5.870774745941162,6.8108696937561035,0.05716601759195328,0.16117455065250397,0.1899234503507614,0.0,1.685,
1349,5.080607891082764,7.872050762176514,0.0349210686981678,0.15386232733726501,0.127003476023674,0.0,1.68625,
1350,9.00953197479248,8.236144065856934,0.023718038573861122,0.3239651620388031,0.12615036964416504,0.0,1.6875,
1351,2.604684352874756,7.259871959686279,0.02067597769200802,0.07038063555955887,0.12154409289360046,0.0,1.68875,
1352,2.9918060302734375,7.631132125854492,0.06361206620931625,0.04036862030625343,0.16318027675151825,0.0,1.69,
1353,7.745794296264648,6.966440200805664,0.03208937123417854,0.26473626494407654,0.12463375180959702,0.0,1.69125,
1354,3.4867420196533203,6.5380706787109375,0.08602718263864517,0.039048828184604645,0.1757630854845047,0.0,1.6925,
1355,4.997860431671143,6.812674045562744,0.11197944730520248,0.07144013047218323,0.19142647087574005,0.0,1.69375,
1356,7.911437511444092,5.5076680183410645,0.165116548538208,0.13792283833026886,0.1552036851644516,0.0,1.695,
1357,7.197510242462158,7.37418270111084,0.07595869153738022,0.1956765055656433,0.17714418470859528,0.0,1.69625,
1358,11.917291641235352,6.539303302764893,0.1357537806034088,0.3255997896194458,0.17453636229038239,0.0,1.6975,
1359,5.863953113555908,6.9800004959106445,0.10023963451385498,0.12038466334342957,0.1470300704240799,0.0,1.69875,
1360,3.7384371757507324,7.741805076599121,0.0052291154861450195,0.12921862304210663,0.16024743020534515,0.0,1.7,
1361,6.563100814819336,8.398294448852539,0.034930963069200516,0.2121955007314682,0.17541517317295074,0.0,1.70125,
1362,6.340842247009277,7.253347396850586,0.06136162951588631,0.17688843607902527,0.17910410463809967,0.0,1.7025,
1363,4.795420169830322,7.311053276062012,0.07856597006320953,0.1000121533870697,0.1644807606935501,0.0,1.70375,
1364,10.201614379882812,7.342658519744873,0.09739253669977188,0.2915620803833008,0.23995959758758545,0.0,1.705,
1365,4.399317741394043,8.09907054901123,0.0615607313811779,0.09625396877527237,0.22293545305728912,0.0,1.70625,
1366,3.3789749145507812,8.681137084960938,0.0702129602432251,0.04400070384144783,0.21554327011108398,0.0,1.7075,
1367,7.693019390106201,7.990327835083008,0.0,0.2945525348186493,0.14298447966575623,0.0,1.70875,
1368,4.245966911315918,8.887580871582031,0.023186862468719482,0.13189028203487396,0.17103971540927887,0.0,1.71,
1369,11.592272758483887,8.830490112304688,0.0,0.4442597031593323,0.2211342304944992,0.0,1.71125,
1370,8.793339729309082,8.778279304504395,0.02768663503229618,0.30755841732025146,0.14241324365139008,0.0,1.7125,
1371,7.7769999504089355,7.596545696258545,0.10399454832077026,0.1893802285194397,0.16721343994140625,0.0,1.71375,
1372,3.049443244934082,10.469645500183105,0.0006728569860570133,0.10474784672260284,0.16154074668884277,0.0,1.715,
1373,5.635414123535156,8.31599235534668,6.37968405499123e-05,0.20989233255386353,0.13932745158672333,0.0,1.71625,
1374,8.904765129089355,8.460965156555176,0.10210824012756348,0.2410326898097992,0.12234591692686081,0.0,1.7175,
1375,7.7125678062438965,7.69624662399292,0.052067916840314865,0.23858323693275452,0.18467585742473602,0.0,1.71875,
1376,4.9115142822265625,9.412519454956055,0.04144354909658432,0.13618804514408112,0.20675170421600342,0.0,1.72,
1377,6.717419624328613,6.531962871551514,0.13062968850135803,0.12338517606258392,0.16214223206043243,0.0,1.72125,
1378,4.329735279083252,6.859796047210693,0.12349303066730499,0.0363800972700119,0.1294507533311844,0.0,1.7225,
1379,9.986802101135254,8.680679321289062,0.030123969539999962,0.35579073429107666,0.14142553508281708,0.0,1.72375,
1380,5.9795637130737305,8.134774208068848,0.047375500202178955,0.17799067497253418,0.1585043966770172,0.0,1.725,
1381,8.317909240722656,7.919642925262451,0.09333878755569458,0.22602885961532593,0.15461476147174835,0.0,1.72625,
1382,5.612830638885498,6.825372219085693,0.1616336554288864,0.048800382763147354,0.1555972695350647,0.0,1.7275,
1383,5.891738414764404,7.669970989227295,0.08480998128652573,0.1393972933292389,0.10442197322845459,0.0,1.72875,
1384,4.580284118652344,8.298273086547852,0.06261307001113892,0.10718989372253418,0.14188401401042938,0.0,1.73,
1385,3.9046669006347656,8.356932640075684,0.0,0.13863389194011688,0.19501636922359467,0.0,1.73125,
1386,10.390634536743164,7.586041450500488,0.08470495790243149,0.31702807545661926,0.15748174488544464,0.0,1.7325,
1387,8.057120323181152,8.418119430541992,0.0,0.30808499455451965,0.16126959025859833,0.0,1.73375,
1388,12.079432487487793,8.153501510620117,0.06067410856485367,0.4084094762802124,0.13704490661621094,0.0,1.735,
1389,6.702795505523682,7.005988597869873,0.050262629985809326,0.2044951468706131,0.13878893852233887,0.0,1.73625,
1390,3.948549747467041,7.308327674865723,0.04740262031555176,0.09391885995864868,0.16780932247638702,0.0,1.7375,
1391,6.374251842498779,7.533056735992432,0.03237636759877205,0.2095218151807785,0.13685859739780426,0.0,1.73875,
1392,6.235828876495361,7.107949733734131,0.10447695106267929,0.13109366595745087,0.15771426260471344,0.0,1.74,
1393,10.587718963623047,6.687424659729004,0.13126902282238007,0.2753925025463104,0.19581931829452515,0.0,1.74125,
1394,7.1015448570251465,6.433167457580566,0.14596550166606903,0.12576016783714294,0.14102642238140106,0.0,1.7425,
1395,6.602104663848877,7.441082000732422,0.09580892324447632,0.1548132747411728,0.1530948132276535,0.0,1.74375,
1396,8.789795875549316,6.485234260559082,0.2645960748195648,0.07486183941364288,0.13417814671993256,0.0,1.745,
1397,6.546153545379639,6.992720603942871,0.10239410400390625,0.14507946372032166,0.16174493730068207,0.0,1.74625,
1398,7.679610252380371,6.104817867279053,0.1293639838695526,0.16885864734649658,0.09728632122278214,0.0,1.7475,
1399,3.9475326538085938,7.433639049530029,0.04226406291127205,0.10182846337556839,0.1409534066915512,0.0,1.74875,
1400,7.181035995483398,8.088592529296875,0.04522562026977539,0.2303665578365326,0.11618483066558838,0.0,1.75,
1401,4.5772833824157715,6.878220081329346,0.16496700048446655,0.007256874814629555,0.11740841716527939,0.0,1.75125,
1402,3.538557529449463,7.026065826416016,0.05374600365757942,0.07425849884748459,0.15958328545093536,0.0,1.7525,
1403,7.059752941131592,6.907539367675781,0.14624395966529846,0.12336815148591995,0.14156925678253174,0.0,1.75375,
1404,2.7668867111206055,8.551358222961426,0.0,0.09637024998664856,0.14328092336654663,0.0,1.755,
1405,10.62519645690918,7.362114429473877,0.08125593513250351,0.3267911970615387,0.18059301376342773,0.0,1.75625,
1406,6.596438884735107,6.336329936981201,0.15208646655082703,0.10182659327983856,0.101573646068573,0.0,1.7575,
1407,4.537708759307861,8.08029556274414,0.034358639270067215,0.13150280714035034,0.16559438407421112,0.0,1.75875,
1408,5.347255706787109,7.453315734863281,0.08502473682165146,0.11654834449291229,0.13914161920547485,0.0,1.76,
1409,7.973982810974121,8.097228050231934,0.10004166513681412,0.20240885019302368,0.18338792026042938,0.0,1.76125,
1410,8.376707077026367,8.01600170135498,0.053175508975982666,0.2662639021873474,0.16843746602535248,0.0,1.7625,
1411,9.746872901916504,9.221479415893555,0.015045423991978168,0.3596673011779785,0.1551980823278427,0.0,1.76375,
1412,6.638134479522705,7.390583515167236,0.034821271896362305,0.2148490995168686,0.15691860020160675,0.0,1.765,
1413,4.422831058502197,7.574593544006348,0.05142740532755852,0.1048070639371872,0.22550733387470245,0.0,1.76625,
1414,6.174252986907959,7.8769850730896,0.06022040173411369,0.17151975631713867,0.1573932021856308,0.0,1.7675,
1415,2.65657901763916,8.575039863586426,0.011570990085601807,0.07874801754951477,0.15623004734516144,0.0,1.76875,
1416,7.104983329772949,8.81201457977295,0.014362256042659283,0.25624439120292664,0.14906035363674164,0.0,1.77,
1417,5.3492279052734375,8.2831449508667,0.0696442723274231,0.12493783235549927,0.22623926401138306,0.0,1.77125,
1418,10.560609817504883,7.252387523651123,0.0,0.40941518545150757,0.1300756186246872,0.0,1.7725,
1419,3.3626761436462402,7.590639591217041,0.035612206906080246,0.08425143361091614,0.15574610233306885,0.0,1.77375,
1420,4.184359073638916,7.492730617523193,0.027936160564422607,0.12560954689979553,0.13843755424022675,0.0,1.775,
1421,5.314679145812988,8.473420143127441,0.035240549594163895,0.15750567615032196,0.23781633377075195,0.0,1.77625,
1422,7.289740085601807,7.475874900817871,0.019867142662405968,0.2570092976093292,0.16836410760879517,0.0,1.7775,
1423,6.201395511627197,7.057410717010498,0.16623739898204803,0.06831710785627365,0.14448389410972595,0.0,1.77875,
1424,6.444238185882568,7.293638706207275,0.06618902832269669,0.17524582147598267,0.19141072034835815,0.0,1.78,
1425,8.380462646484375,8.052634239196777,0.1680167317390442,0.15352733433246613,0.12930060923099518,0.0,1.78125,
1426,3.1589512825012207,7.648832321166992,0.02612503431737423,0.08334653079509735,0.18815691769123077,0.0,1.7825,
1427,5.012853145599365,7.60897970199585,0.021907707676291466,0.16274169087409973,0.18398326635360718,0.0,1.78375,
1428,6.489342212677002,7.182287216186523,0.0,0.24282410740852356,0.19704799354076385,0.0,1.785,
1429,7.945815086364746,7.9634552001953125,0.021827181801199913,0.28030556440353394,0.17252708971500397,0.0,1.78625,
1430,5.862447738647461,6.477135181427002,0.07334063202142715,0.14409659802913666,0.18436972796916962,0.0,1.7875,
1431,3.362532138824463,7.391319274902344,0.04598436504602432,0.07502064108848572,0.1438627988100052,0.0,1.78875,
1432,8.605474472045898,6.800292015075684,0.05785403400659561,0.2741312086582184,0.1459246724843979,0.0,1.79,
1433,4.7298126220703125,6.942366123199463,0.04544959217309952,0.12997190654277802,0.1457589715719223,0.0,1.79125,
1434,3.7773609161376953,6.728557109832764,0.05941358953714371,0.07494181394577026,0.17880381643772125,0.0,1.7925,
1435,5.050990581512451,6.724704742431641,0.06066492944955826,0.1259491741657257,0.1620340794324875,0.0,1.79375,
1436,8.064590454101562,7.009584903717041,0.11614471673965454,0.1900695115327835,0.18638747930526733,0.0,1.795,
1437,4.329139709472656,8.160177230834961,0.1250491440296173,0.03165115416049957,0.19118833541870117,0.0,1.79625,
1438,2.4879026412963867,8.115562438964844,0.0,0.085593581199646,0.1409287452697754,0.0,1.7975,
1439,8.106544494628906,7.920558929443359,0.06748223304748535,0.24027718603610992,0.17559148371219635,0.0,1.79875,
1440,1.2277555465698242,8.568917274475098,0.0,0.03066478669643402,0.18212860822677612,0.0,1.8,
1441,9.49095344543457,8.176437377929688,0.041291117668151855,0.32585006952285767,0.11767103523015976,0.0,1.80125,
1442,4.118494033813477,8.043157577514648,0.1088610291481018,0.0386897437274456,0.19441036880016327,0.0,1.8025,
1443,10.580533981323242,7.732341766357422,0.07441303879022598,0.3322623074054718,0.1720791906118393,0.0,1.80375,
1444,10.813863754272461,8.964497566223145,0.01799897290766239,0.40061700344085693,0.12036807090044022,0.0,1.805,
1445,7.6577863693237305,8.659306526184082,0.0,0.2929057478904724,0.11542034894227982,0.0,1.80625,
1446,7.364767074584961,9.378812789916992,0.05118882656097412,0.22716403007507324,0.1367724984884262,0.0,1.8075,
1447,4.64527702331543,9.745491027832031,0.0,0.17066560685634613,0.14816631376743317,0.0,1.80875,
1448,2.5528135299682617,9.414304733276367,0.03394901752471924,0.05382101610302925,0.1427087038755417,0.0,1.81,
1449,5.14240837097168,9.124312400817871,0.0528235025703907,0.13624891638755798,0.16226162016391754,0.0,1.81125,
1450,8.268157005310059,9.124091148376465,0.022614458575844765,0.28846487402915955,0.2287677675485611,0.0,1.8125,
1451,5.576692581176758,8.82331371307373,0.09937199205160141,0.10908617079257965,0.13167786598205566,0.0,1.81375,
1452,2.7724084854125977,8.113707542419434,0.04851701110601425,0.04645456001162529,0.15822677314281464,0.0,1.815,
1453,6.091057777404785,8.16263198852539,0.04388062283396721,0.1823885291814804,0.19339056313037872,0.0,1.81625,
1454,9.550285339355469,8.063108444213867,0.1909920573234558,0.17395393550395966,0.18375085294246674,0.0,1.8175,
1455,6.144065856933594,8.518213272094727,0.05843573808670044,0.1710963249206543,0.18158362805843353,0.0,1.81875,
1456,4.145090103149414,7.907276153564453,0.04459371417760849,0.10507957637310028,0.16141507029533386,0.0,1.82,
1457,5.041011810302734,7.183111190795898,0.1644076555967331,0.022084916010499,0.16113066673278809,0.0,1.82125,
1458,5.942630767822266,7.533575534820557,0.09976668655872345,0.12209567427635193,0.16925781965255737,0.0,1.8225,
1459,6.688589572906494,7.118174076080322,0.0585351400077343,0.1968831717967987,0.11105102300643921,0.0,1.82375,
1460,4.323520183563232,7.50839900970459,0.11072063446044922,0.049057867377996445,0.12018553167581558,0.0,1.825,
1461,11.94031810760498,8.10914421081543,0.05475040152668953,0.40255361795425415,0.2250383347272873,0.0,1.82625,
1462,6.549118518829346,6.421692371368408,0.051844753324985504,0.19152145087718964,0.1998569518327713,0.0,1.8275,
1463,7.929262161254883,7.7015156745910645,0.04483862593770027,0.25044676661491394,0.26619434356689453,0.0,1.82875,
1464,6.000737190246582,8.274646759033203,0.039117056876420975,0.18372982740402222,0.19680757820606232,0.0,1.83,
1465,7.786674976348877,7.545544147491455,0.03857221081852913,0.2568342387676239,0.16081982851028442,0.0,1.83125,
1466,4.280134201049805,8.238792419433594,0.0005322297220118344,0.1529412865638733,0.17944824695587158,0.0,1.8325,
1467,5.193220138549805,8.687097549438477,0.0,0.19155386090278625,0.1645050197839737,0.0,1.83375,
1468,6.813536643981934,8.808860778808594,0.04441537335515022,0.21191731095314026,0.14365239441394806,0.0,1.835,
1469,3.611764430999756,8.033623695373535,0.04091314598917961,0.0856827050447464,0.18597526848316193,0.0,1.83625,
1470,5.588986873626709,7.7154340744018555,0.012496153824031353,0.19377925992012024,0.1863430291414261,0.0,1.8375,
1471,3.973545551300049,8.053699493408203,0.0016670027980580926,0.1359086036682129,0.23120522499084473,0.0,1.83875,
1472,4.20071268081665,8.054540634155273,0.025590261444449425,0.12800215184688568,0.1329021006822586,0.0,1.84,
1473,6.664938449859619,7.6349053382873535,0.0809471383690834,0.17095088958740234,0.13392189145088196,0.0,1.84125,
1474,2.3985114097595215,6.167713642120361,0.022529402747750282,0.054883651435375214,0.20025534927845,0.0,1.8425,
1475,6.290218353271484,6.934212684631348,0.1120917797088623,0.12456797063350677,0.17207379639148712,0.0,1.84375,
1476,4.806362152099609,6.787567615509033,0.11842267215251923,0.05579722300171852,0.19281530380249023,0.0,1.845,
1477,4.508266925811768,6.486617565155029,0.06665929406881332,0.09965209662914276,0.1322932094335556,0.0,1.84625,
1478,7.2768707275390625,7.4909563064575195,0.01818160153925419,0.25651293992996216,0.17121773958206177,0.0,1.8475,
1479,6.066206455230713,7.7655744552612305,0.015799859538674355,0.21132159233093262,0.14530739188194275,0.0,1.84875,
1480,7.812147617340088,6.90128755569458,0.11614533513784409,0.1792386919260025,0.19608299434185028,0.0,1.85,
1481,4.968684196472168,8.732487678527832,0.009682555682957172,0.16831566393375397,0.22873665392398834,0.0,1.85125,
1482,4.546693801879883,7.509755611419678,0.08869078010320663,0.07719437032938004,0.18407298624515533,0.0,1.8525,
1483,6.276895999908447,8.074281692504883,0.00855797529220581,0.22744670510292053,0.14762340486049652,0.0,1.85375,
1484,9.878103256225586,7.792001724243164,0.012629389762878418,0.3662008047103882,0.13387303054332733,0.0,1.855,
1485,13.084263801574707,8.492192268371582,0.01900315284729004,0.4891856014728546,0.1722111850976944,0.0,1.85625,
1486,6.862720489501953,7.477743625640869,0.06350596994161606,0.1945173740386963,0.15546149015426636,0.0,1.8575,
1487,2.5538249015808105,6.932013511657715,0.0013707081088796258,0.08318677544593811,0.20248687267303467,0.0,1.85875,
1488,3.6734414100646973,7.517282962799072,0.06212647631764412,0.06880858540534973,0.1610763520002365,0.0,1.86,
1489,5.175921440124512,8.322915077209473,0.019455254077911377,0.17290955781936646,0.143257275223732,0.0,1.86125,
1490,5.090164661407471,6.707442283630371,0.037322837859392166,0.15245085954666138,0.14397157728672028,0.0,1.8625,
1491,4.395442485809326,8.062350273132324,0.007164518348872662,0.15269719064235687,0.14646531641483307,0.0,1.86375,
1492,6.436642169952393,6.7273054122924805,0.1616276204586029,0.07650914788246155,0.21509374678134918,0.0,1.865,
1493,5.804529190063477,7.205773830413818,0.16438736021518707,0.054243847727775574,0.13469775021076202,0.0,1.86625,
1494,5.935851097106934,8.737106323242188,0.040462393313646317,0.18515828251838684,0.11666520684957504,0.0,1.8675,
1495,2.9329185485839844,8.637675285339355,0.03862348943948746,0.061146676540374756,0.17532451450824738,0.0,1.86875,
1496,3.5543408393859863,8.042317390441895,0.03667503595352173,0.09220606833696365,0.13632752001285553,0.0,1.87,
1497,6.220798492431641,8.006665229797363,0.0679686889052391,0.1649250090122223,0.16833297908306122,0.0,1.87125,
1498,7.067256927490234,8.69743537902832,0.015591919422149658,0.2489621937274933,0.18213124573230743,0.0,1.8725,
1499,1.2180747985839844,9.336980819702148,0.0,0.03039427101612091,0.19831538200378418,0.0,1.87375,
1500,4.907315254211426,9.251883506774902,0.07215648889541626,0.10895498096942902,0.16293607652187347,0.0,1.875,"[0.8532378077507019, 1.202566385269165, 1.0598818063735962]"
1501,6.512059211730957,9.883739471435547,0.07019446045160294,0.17453597486019135,0.1432073414325714,0.0,1.87625,
1502,7.4289350509643555,9.358030319213867,0.02064833976328373,0.25478044152259827,0.22858445346355438,0.0,1.8775,
1503,3.923192024230957,9.775909423828125,0.023778080940246582,0.11549904942512512,0.18712657690048218,0.0,1.87875,
1504,11.4724702835083,8.792803764343262,0.12305830419063568,0.3163898289203644,0.17317704856395721,0.0,1.88,
1505,6.491429328918457,9.120277404785156,0.051401518285274506,0.18624043464660645,0.22874456644058228,0.0,1.88125,
1506,4.417850494384766,8.33314323425293,0.04387154057621956,0.1168854609131813,0.16806502640247345,0.0,1.8825,
1507,3.63930606842041,8.220067977905273,0.038623034954071045,0.09038935601711273,0.1693091243505478,0.0,1.88375,
1508,6.088672637939453,8.328350067138672,0.18481627106666565,0.04142293706536293,0.1877576857805252,0.0,1.885,
1509,5.186860084533691,8.759393692016602,0.09219779074192047,0.09874573349952698,0.1664702147245407,0.0,1.88625,
1510,6.671933174133301,8.334641456604004,0.04273853451013565,0.20847554504871368,0.16471131145954132,0.0,1.8875,
1511,4.2025957107543945,9.087933540344238,0.03280951455235481,0.11577770113945007,0.2143755704164505,0.0,1.88875,
1512,3.5918121337890625,8.561473846435547,0.0033246278762817383,0.1218385398387909,0.19781722128391266,0.0,1.89,
1513,7.1479597091674805,9.389604568481445,0.18889936804771423,0.08102050423622131,0.16371597349643707,0.0,1.89125,
1514,5.142004013061523,8.492707252502441,0.08610840886831284,0.1042807549238205,0.13922610878944397,0.0,1.8925,
1515,4.022668838500977,8.801898002624512,0.034921884536743164,0.11215502768754959,0.12131417542695999,0.0,1.89375,
1516,3.378695487976074,9.031790733337402,0.06097326800227165,0.057901591062545776,0.17832720279693604,0.0,1.895,
1517,17.35068130493164,8.347673416137695,0.04532681033015251,0.6286566257476807,0.20679055154323578,0.0,1.89625,
1518,3.007443428039551,8.462441444396973,0.021049639210104942,0.08090722560882568,0.1766333132982254,0.0,1.8975,
1519,7.26899528503418,8.275457382202148,0.060671351850032806,0.2140798568725586,0.1393509954214096,0.0,1.89875,
1520,2.6483383178710938,8.19918155670166,0.005398233886808157,0.08363473415374756,0.17355714738368988,0.0,1.9,
1521,7.5245184898376465,7.9365668296813965,0.0,0.27779480814933777,0.26474976539611816,0.0,1.90125,
1522,8.920726776123047,8.956439018249512,0.02464934252202511,0.30700424313545227,0.24596048891544342,0.0,1.9025,
1523,7.992528915405273,8.397934913635254,0.0,0.29590052366256714,0.23029594123363495,0.0,1.90375,
1524,6.395283222198486,7.990488052368164,0.18312594294548035,0.05831480026245117,0.1392679512500763,0.0,1.905,
1525,5.320442199707031,8.530932426452637,0.13837085664272308,0.05701150745153427,0.17204387485980988,0.0,1.90625,
1526,2.80135440826416,8.830672264099121,0.0,0.09112932533025742,0.22649897634983063,0.0,1.9075,
1527,6.394739627838135,7.733875751495361,0.05493605136871338,0.18331658840179443,0.17714618146419525,0.0,1.90875,
1528,6.444738388061523,8.848372459411621,0.07780792564153671,0.15658174455165863,0.24949626624584198,0.0,1.91,
1529,8.330217361450195,7.865044593811035,0.02030899189412594,0.2922498881816864,0.22454524040222168,0.0,1.91125,
1530,5.680730819702148,7.634472370147705,0.03243561461567879,0.16917067766189575,0.2892911434173584,0.0,1.9125,
1531,2.645026206970215,7.658501625061035,0.04667025804519653,0.040563520044088364,0.207350492477417,0.0,1.91375,
1532,5.301337718963623,8.035449028015137,0.0,0.185956209897995,0.31084707379341125,0.0,1.915,
1533,9.752340316772461,8.020734786987305,0.04443492367863655,0.32827258110046387,0.17933492362499237,0.0,1.91625,
1534,7.163609981536865,7.218273639678955,0.03098895028233528,0.232808455824852,0.2600501775741577,0.0,1.9175,
1535,3.221686363220215,7.593784809112549,0.05805812403559685,0.05654819309711456,0.1377219259738922,0.0,1.91875,
1536,6.0978498458862305,8.869038581848145,0.0,0.2274855673313141,0.1714007407426834,0.0,1.92,
1537,7.652688980102539,9.411526679992676,0.0065134563483297825,0.2814570665359497,0.19884514808654785,0.0,1.92125,
1538,2.4723901748657227,8.736262321472168,0.017637750133872032,0.06519941985607147,0.1724255234003067,0.0,1.9225,
1539,6.251883506774902,8.59614372253418,0.11226461082696915,0.11913488805294037,0.2076953649520874,0.0,1.92375,
1540,6.413297653198242,8.078814506530762,0.020702699199318886,0.22120726108551025,0.15667347609996796,0.0,1.925,
1541,5.151226043701172,8.58688735961914,0.08839476108551025,0.1014268696308136,0.16797871887683868,0.0,1.92625,
1542,4.582869529724121,10.185661315917969,0.033335089683532715,0.13656863570213318,0.11915973573923111,0.0,1.9275,
1543,7.984410285949707,8.743145942687988,0.0877336859703064,0.21511873602867126,0.17718078196048737,0.0,1.92875,
1544,6.902836799621582,8.377792358398438,0.10436218976974487,0.15088923275470734,0.22054530680179596,0.0,1.93,
1545,11.211501121520996,8.534637451171875,0.052325230091810226,0.3829704225063324,0.11627683788537979,0.0,1.93125,
1546,5.480093955993652,10.413368225097656,0.07745182514190674,0.12368640303611755,0.17880713939666748,0.0,1.9325,
1547,6.654145240783691,12.34858512878418,0.07142828404903412,0.17540284991264343,0.17643781006336212,0.0,1.93375,
1548,7.051711082458496,9.900165557861328,0.10968148708343506,0.1579819619655609,0.12929026782512665,0.0,1.935,
1549,4.85227108001709,9.411027908325195,0.055790919810533524,0.12530969083309174,0.11518561840057373,0.0,1.93625,
1550,5.836214065551758,10.136484146118164,0.16963592171669006,0.048860274255275726,0.13495276868343353,0.0,1.9375,
1551,5.7618608474731445,9.983924865722656,0.10498130321502686,0.10886158049106598,0.1668597310781479,0.0,1.93875,
1552,9.726175308227539,8.638941764831543,0.2061484009027481,0.16493336856365204,0.1635333150625229,0.0,1.94,
1553,8.52981185913086,8.998717308044434,0.14509396255016327,0.1791929453611374,0.15825623273849487,0.0,1.94125,
1554,7.123584747314453,9.015233993530273,0.13630317151546478,0.13148337602615356,0.160309836268425,0.0,1.9425,
1555,5.8465070724487305,8.201276779174805,0.0,0.216270312666893,0.1704309582710266,0.0,1.94375,
1556,2.42572021484375,8.433653831481934,0.02440488338470459,0.05758751928806305,0.1541314721107483,0.0,1.945,
1557,8.261186599731445,7.606373310089111,0.18899086117744446,0.12171055376529694,0.21727804839611053,0.0,1.94625,
1558,5.486632347106934,8.447221755981445,0.1432429999113083,0.05957937240600586,0.15538343787193298,0.0,1.9475,
1559,7.111595630645752,6.8826117515563965,0.051553450524806976,0.21805508434772491,0.14064210653305054,0.0,1.94875,
1560,6.300933837890625,8.305091857910156,0.003148376941680908,0.23613837361335754,0.13376937806606293,0.0,1.95,
1561,7.717341899871826,7.731962203979492,0.0369669608771801,0.25330501794815063,0.19709229469299316,0.0,1.95125,
1562,8.353515625,7.173311233520508,0.21133023500442505,0.10884236544370651,0.15498727560043335,0.0,1.9525,
1563,1.7757196426391602,8.498371124267578,0.015949469059705734,0.04153598099946976,0.1370232254266739,0.0,1.95375,
1564,5.888409614562988,8.240225791931152,0.08273371309041977,0.1355506181716919,0.1839912384748459,0.0,1.955,
1565,3.5782623291015625,7.266639232635498,0.017483174800872803,0.10935559123754501,0.15434880554676056,0.0,1.95625,
1566,5.31028938293457,9.095027923583984,0.0,0.1940312385559082,0.1899852752685547,0.0,1.9575,
1567,9.18359375,8.051497459411621,0.005979856010526419,0.3418157994747162,0.1898750513792038,0.0,1.95875,
1568,3.549069881439209,8.061899185180664,0.02355204150080681,0.10248228162527084,0.16542483866214752,0.0,1.96,
1569,8.078514099121094,8.263803482055664,0.037429314106702805,0.26424676179885864,0.22356604039669037,0.0,1.96125,
1570,5.304617404937744,7.00080680847168,0.034087616950273514,0.16379065811634064,0.1396275758743286,0.0,1.9625,
1571,7.576501846313477,8.754617691040039,0.06582969427108765,0.22190845012664795,0.15713739395141602,0.0,1.96375,
1572,6.644917011260986,8.003766059875488,0.0,0.2460457980632782,0.22114674746990204,0.0,1.965,
1573,2.7515430450439453,7.388698577880859,0.03274394944310188,0.06340613961219788,0.1579764038324356,0.0,1.96625,
1574,5.865930557250977,7.944753170013428,0.0,0.20943287014961243,0.26421841979026794,0.0,1.9675,
1575,5.983591556549072,7.908231735229492,0.14955317974090576,0.07221865653991699,0.190522238612175,0.0,1.96875,
1576,6.122424125671387,8.558982849121094,0.030643701553344727,0.19593258202075958,0.19582511484622955,0.0,1.97,
1577,5.448514938354492,9.530743598937988,0.03552943468093872,0.16233602166175842,0.20659524202346802,0.0,1.97125,
1578,8.448237419128418,8.416316032409668,0.040775857865810394,0.2769697308540344,0.19404232501983643,0.0,1.9725,
1579,11.13516902923584,8.651703834533691,0.018998026847839355,0.4105212390422821,0.15139701962471008,0.0,1.97375,
1580,6.464456558227539,8.227680206298828,0.0915553942322731,0.1463211476802826,0.20434391498565674,0.0,1.975,
1581,6.377280235290527,10.360595703125,0.0887540951371193,0.14473222196102142,0.2309432029724121,0.0,1.97625,
1582,6.155856132507324,8.668038368225098,0.04805423691868782,0.18216577172279358,0.1403057873249054,0.0,1.9775,
1583,4.029956817626953,8.824426651000977,0.10368382930755615,0.04172385856509209,0.1398824006319046,0.0,1.97875,
1584,2.374645233154297,8.305933952331543,0.022804221138358116,0.05922504514455795,0.1151365414261818,0.0,1.98,
1585,5.04068660736084,8.874847412109375,0.05593011900782585,0.12428748607635498,0.21338963508605957,0.0,1.98125,
1586,4.467853546142578,8.516294479370117,0.02353048324584961,0.13581342995166779,0.17266805469989777,0.0,1.9825,
1587,11.338525772094727,7.370715618133545,0.02062257193028927,0.4167221188545227,0.16039884090423584,0.0,1.98375,
1588,2.3590517044067383,8.15465259552002,0.02822180651128292,0.046458370983600616,0.19917316734790802,0.0,1.985,
1589,7.052983283996582,8.899480819702148,0.028050342574715614,0.2382468581199646,0.16563653945922852,0.0,1.98625,
1590,8.50967788696289,8.58481502532959,0.12389232218265533,0.2000097930431366,0.1605580598115921,0.0,1.9875,
1591,4.814126014709473,8.828965187072754,0.016679445281624794,0.15517260134220123,0.21593475341796875,0.0,1.98875,
1592,3.1347203254699707,8.021842956542969,0.0012227892875671387,0.10804426670074463,0.1642329841852188,0.0,1.99,
1593,6.342745780944824,8.234528541564941,0.028501570224761963,0.21046431362628937,0.16044527292251587,0.0,1.99125,
1594,6.8737101554870605,7.576699733734131,0.10314559936523438,0.15629282593727112,0.1360909640789032,0.0,1.9925,
1595,4.111993789672852,8.24799919128418,0.07663784921169281,0.07071548700332642,0.17653001844882965,0.0,1.99375,
1596,6.569123268127441,8.267600059509277,0.1020854115486145,0.14565253257751465,0.15369479358196259,0.0,1.995,
1597,3.3797922134399414,9.580595016479492,0.02530680038034916,0.09706579148769379,0.12559087574481964,0.0,1.99625,
1598,10.431734085083008,7.5938591957092285,0.005952497478574514,0.393402099609375,0.18444685637950897,0.0,1.9975,
1599,5.902472496032715,8.652681350708008,0.033006906509399414,0.186212956905365,0.17722004652023315,0.0,1.99875,
1600,4.125555992126465,9.01325798034668,0.04719225689768791,0.0990348607301712,0.19713658094406128,0.0,2.0,
1601,3.4457945823669434,7.448545932769775,0.0641135424375534,0.05740092694759369,0.15190298855304718,0.0,2.00125,
1602,6.427372932434082,8.910097122192383,0.0931887999176979,0.14922429621219635,0.13224922120571136,0.0,2.0025,
1603,6.128182411193848,8.513927459716797,0.12317518144845963,0.10000382363796234,0.2306627482175827,0.0,2.00375,
1604,14.562644958496094,8.063745498657227,0.0742507204413414,0.49123015999794006,0.1634690761566162,0.0,2.005,
1605,5.631374359130859,8.817641258239746,0.06862016767263412,0.13920508325099945,0.18372422456741333,0.0,2.00625,
1606,6.122709274291992,9.566048622131348,0.09703769534826279,0.13259445130825043,0.14107321202754974,0.0,2.0075,
1607,3.5958118438720703,9.165478706359863,0.0011383295059204102,0.12893687188625336,0.10485150665044785,0.0,2.00875,
1608,6.937370300292969,9.290481567382812,0.008790194988250732,0.2523985505104065,0.14197926223278046,0.0,2.01,
1609,4.847216606140137,8.91865062713623,0.0333172082901001,0.14501836895942688,0.15990841388702393,0.0,2.01125,
1610,9.700505256652832,9.417015075683594,0.014583170413970947,0.3563850224018097,0.16153384745121002,0.0,2.0125,
1611,8.744348526000977,7.774748802185059,0.02955472469329834,0.3004601299762726,0.2163197249174118,0.0,2.01375,
1612,4.355766296386719,9.266254425048828,0.07843095064163208,0.07816944271326065,0.15879414975643158,0.0,2.015,
1613,4.050656318664551,8.388014793395996,0.1312745362520218,0.012451881542801857,0.1728813499212265,0.0,2.01625,
1614,5.669426918029785,8.599311828613281,0.13556653261184692,0.07142526656389236,0.19700217247009277,0.0,2.0175,
1615,2.5234899520874023,8.476173400878906,0.04969155788421631,0.03465932235121727,0.17052839696407318,0.0,2.01875,
1616,7.825494766235352,8.508763313293457,0.06282041221857071,0.2333175539970398,0.16037414968013763,0.0,2.02,
1617,5.6585869789123535,8.075989723205566,0.0620000958442688,0.1461828052997589,0.18087553977966309,0.0,2.02125,
1618,6.316965103149414,8.455734252929688,0.0,0.23245495557785034,0.18777060508728027,0.0,2.0225,
1619,5.678844928741455,7.6309285163879395,0.046282291412353516,0.15893368422985077,0.23580127954483032,0.0,2.02375,
1620,2.0608768463134766,9.913655281066895,0.008623957633972168,0.05569682642817497,0.1807803362607956,0.0,2.025,
1621,10.03958797454834,8.882525444030762,0.0,0.38777825236320496,0.14019352197647095,0.0,2.02625,
1622,4.799958229064941,11.190216064453125,0.018384238705039024,0.15323659777641296,0.18749545514583588,0.0,2.0275,
1623,7.304314613342285,10.458739280700684,0.04635119438171387,0.2234141081571579,0.22452634572982788,0.0,2.02875,
1624,3.911746025085449,9.394676208496094,0.0,0.14297549426555634,0.11588015407323837,0.0,2.03,
1625,7.189913749694824,9.205938339233398,0.010731677524745464,0.26204973459243774,0.12094142287969589,0.0,2.03125,
1626,2.629720687866211,8.600528717041016,0.025599539279937744,0.062042396515607834,0.15365664660930634,0.0,2.0325,
1627,11.883232116699219,7.925302505493164,0.012118418700993061,0.44647806882858276,0.16278822720050812,0.0,2.03375,
1628,6.322591781616211,8.968785285949707,0.13226735591888428,0.10607460141181946,0.13983362913131714,0.0,2.035,
1629,6.016447067260742,8.315910339355469,0.11309727281332016,0.10919025540351868,0.19214768707752228,0.0,2.03625,
1630,13.420843124389648,9.182239532470703,0.06393388658761978,0.4585218131542206,0.14253385365009308,0.0,2.0375,
1631,3.3381805419921875,8.64901351928711,0.0,0.1140303909778595,0.1995135098695755,0.0,2.03875,
1632,4.398194313049316,9.51163101196289,0.055673997849226,0.10310359299182892,0.16390042006969452,0.0,2.04,
1633,2.7332229614257812,9.08263874053955,0.03341664746403694,0.057595591992139816,0.18218602240085602,0.0,2.04125,
1634,9.697595596313477,7.375612735748291,0.12099403142929077,0.2491568624973297,0.18479423224925995,0.0,2.0425,
1635,7.845181941986084,6.88568115234375,0.0512496642768383,0.24307605624198914,0.2120884209871292,0.0,2.04375,
1636,3.0002784729003906,7.582296848297119,0.06799186766147614,0.03200902044773102,0.21969301998615265,0.0,2.045,
1637,1.907247543334961,7.785924434661865,0.01437499187886715,0.044704437255859375,0.17354123294353485,0.0,2.04625,
1638,2.8249831199645996,7.51926851272583,0.014152586460113525,0.08251042664051056,0.15778915584087372,0.0,2.0475,
1639,3.5060067176818848,8.012249946594238,0.075039342045784,0.05067230015993118,0.13708312809467316,0.0,2.04875,
1640,13.751858711242676,8.160744667053223,0.0,0.5343140363693237,0.15932591259479523,0.0,2.05,
1641,4.690404415130615,7.585352420806885,0.13781501352787018,0.03170311450958252,0.19606341421604156,0.0,2.05125,
1642,5.583806037902832,8.304023742675781,0.13885793089866638,0.0648292824625969,0.20134909451007843,0.0,2.0525,
1643,2.369415283203125,8.33535385131836,0.0010259747505187988,0.07678896933794022,0.17246632277965546,0.0,2.05375,
1644,5.639698028564453,8.161650657653809,0.0727606788277626,0.13357308506965637,0.19808316230773926,0.0,2.055,
1645,3.834688186645508,9.740410804748535,0.044430892914533615,0.0931609719991684,0.13060341775417328,0.0,2.05625,
1646,9.91543197631836,8.09718132019043,0.040810126811265945,0.331522673368454,0.25195834040641785,0.0,2.0575,
1647,14.952125549316406,8.578369140625,0.0012537240982055664,0.574630081653595,0.21017248928546906,0.0,2.05875,
1648,7.901372909545898,10.26513957977295,0.0708087906241417,0.22266855835914612,0.19735796749591827,0.0,2.06,
1649,4.759621620178223,9.862504959106445,0.007026215549558401,0.15826115012168884,0.21899078786373138,0.0,2.06125,
1650,5.579990386962891,8.427474975585938,0.021075567230582237,0.18063385784626007,0.21865026652812958,0.0,2.0625,
1651,9.707498550415039,8.178912162780762,0.0,0.36958688497543335,0.15903249382972717,0.0,2.06375,
1652,5.11984920501709,9.257367134094238,0.0,0.1829133927822113,0.2225915789604187,0.0,2.065,
1653,5.265439987182617,9.574219703674316,0.005842904094606638,0.1843668520450592,0.17988042533397675,0.0,2.06625,
1654,4.567536354064941,8.415352821350098,0.07943735271692276,0.08640450984239578,0.1600838154554367,0.0,2.0675,
1655,3.8155174255371094,9.16750717163086,0.058125872164964676,0.07476459443569183,0.19764995574951172,0.0,2.06875,
1656,3.056100845336914,8.647220611572266,0.054164428263902664,0.04813682287931442,0.1801859587430954,0.0,2.07,
1657,3.6995553970336914,9.640351295471191,0.005248665809631348,0.12595409154891968,0.154129758477211,0.0,2.07125,
1658,10.496944427490234,8.069975852966309,0.034892577677965164,0.3711773157119751,0.11322587728500366,0.0,2.0725,
1659,6.175014972686768,8.00943374633789,0.05524662882089615,0.17423808574676514,0.1738065481185913,0.0,2.07375,
1660,7.038081645965576,8.05062484741211,0.021789470687508583,0.24273544549942017,0.16154231131076813,0.0,2.075,
1661,3.115328311920166,7.7847747802734375,0.048673152923583984,0.05601927265524864,0.19235368072986603,0.0,2.07625,
1662,4.615812301635742,9.26439094543457,0.05646492913365364,0.11198697984218597,0.13915756344795227,0.0,2.0775,
1663,3.614025592803955,8.057748794555664,0.07125210762023926,0.05746535584330559,0.13707111775875092,0.0,2.07875,
1664,9.744194030761719,8.737127304077148,0.013835032470524311,0.35320112109184265,0.21310442686080933,0.0,2.08,
1665,8.1558198928833,8.726298332214355,0.07776570320129395,0.2312609851360321,0.15426810085773468,0.0,2.08125,
1666,2.839609146118164,7.280045032501221,0.022321879863739014,0.07099531590938568,0.18913084268569946,0.0,2.0825,
1667,8.654314994812012,8.456074714660645,0.007373034954071045,0.32119834423065186,0.14637744426727295,0.0,2.08375,
1668,5.858320236206055,8.129975318908691,0.05521535873413086,0.16211852431297302,0.146462544798851,0.0,2.085,
1669,5.513521194458008,8.509183883666992,0.09137967973947525,0.11132475733757019,0.1719902753829956,0.0,2.08625,
1670,8.702959060668945,6.772594928741455,0.08144307136535645,0.2522102892398834,0.14751826226711273,0.0,2.0875,
1671,3.8716368675231934,8.07337474822998,0.040834348648786545,0.09568721055984497,0.17487917840480804,0.0,2.08875,
1672,2.3075876235961914,8.49173641204834,0.0,0.07432197034358978,0.18206046521663666,0.0,2.09,
1673,4.544030666351318,7.1931681632995605,0.05812219902873039,0.09993722289800644,0.2491942048072815,0.0,2.09125,
1674,6.527534008026123,7.827469348907471,0.15227623283863068,0.09051873534917831,0.19255268573760986,0.0,2.0925,
1675,5.917511463165283,7.679653167724609,0.06858912855386734,0.14914998412132263,0.17510230839252472,0.0,2.09375,
1676,3.7917585372924805,8.323354721069336,0.07104060798883438,0.056588318198919296,0.2473386973142624,0.0,2.095,
1677,7.805086612701416,7.634140968322754,0.07350057363510132,0.21825848519802094,0.19223487377166748,0.0,2.09625,
1678,8.465654373168945,8.057123184204102,0.022011082619428635,0.2946251332759857,0.21716032922267914,0.0,2.0975,
1679,4.820096969604492,7.585550308227539,0.029449978843331337,0.1445823311805725,0.18445181846618652,0.0,2.09875,
1680,3.8425145149230957,6.171400547027588,0.04553260654211044,0.09155412018299103,0.16492845118045807,0.0,2.1,
1681,2.8550634384155273,7.343698501586914,0.025447705760598183,0.06771029531955719,0.21431757509708405,0.0,2.10125,
1682,5.744041442871094,8.595934867858887,0.00112040841486305,0.21226179599761963,0.15769325196743011,0.0,2.1025,
1683,3.0625224113464355,7.71165132522583,0.014726917259395123,0.08814168721437454,0.19065463542938232,0.0,2.10375,
1684,1.3316640853881836,8.133206367492676,0.0,0.03528586030006409,0.17931236326694489,0.0,2.105,
1685,5.280447959899902,8.378203392028809,0.005016744136810303,0.1914646327495575,0.13090896606445312,0.0,2.10625,
1686,3.588841438293457,8.913491249084473,0.0,0.12202508747577667,0.2234479784965515,0.0,2.1075,
1687,6.845062255859375,8.10949420928955,0.0,0.25777435302734375,0.14765565097332,0.0,2.10875,
1688,2.3238391876220703,8.362605094909668,0.02381676435470581,0.05097440630197525,0.1663489192724228,0.0,2.11,
1689,5.758793354034424,7.814637184143066,0.09352055937051773,0.12248893827199936,0.13939334452152252,0.0,2.11125,
1690,6.705968379974365,7.520576477050781,0.11000403016805649,0.14306902885437012,0.14479008316993713,0.0,2.1125,
1691,8.052885055541992,8.094949722290039,0.0,0.30061447620391846,0.20585162937641144,0.0,2.11375,
1692,5.288838863372803,7.696732521057129,0.09111257642507553,0.10445855557918549,0.15296809375286102,0.0,2.115,
1693,5.302725315093994,6.938735485076904,0.14906775951385498,0.0438714399933815,0.19399182498455048,0.0,2.11625,
1694,12.902170181274414,7.061399936676025,0.12281639873981476,0.37525489926338196,0.1708802729845047,0.0,2.1175,
1695,7.26938533782959,8.308968544006348,0.10179214179515839,0.1725458949804306,0.1584302932024002,0.0,2.11875,
1696,7.258792877197266,7.358101844787598,0.09440308809280396,0.18023931980133057,0.16255073249340057,0.0,2.12,
1697,8.521551132202148,8.015599250793457,0.13363812863826752,0.19296500086784363,0.13046777248382568,0.0,2.12125,
1698,7.835222244262695,7.380675315856934,0.12794719636440277,0.1660245656967163,0.19252808392047882,0.0,2.1225,
1699,4.623403549194336,8.303611755371094,0.09734649956226349,0.06706348806619644,0.18362446129322052,0.0,2.12375,
1700,5.524232864379883,8.964187622070312,0.035263996571302414,0.16812725365161896,0.1729578971862793,0.0,2.125,
1701,12.51120376586914,8.50823974609375,0.026609400287270546,0.45469897985458374,0.18276453018188477,0.0,2.12625,
1702,11.005638122558594,8.064390182495117,0.17129294574260712,0.2536833882331848,0.13494351506233215,0.0,2.1275,
1703,3.823225975036621,8.98245906829834,0.08726819604635239,0.045121822506189346,0.20742714405059814,0.0,2.12875,
1704,3.152120590209961,8.415180206298828,0.02021358348429203,0.08289526402950287,0.23362129926681519,0.0,2.13,
1705,3.850039482116699,8.56257152557373,0.02917560003697872,0.10871899873018265,0.15466256439685822,0.0,2.13125,
1706,3.7982845306396484,8.941180229187012,0.008265018463134766,0.12450767308473587,0.1790214329957962,0.0,2.1325,
1707,2.518657684326172,9.267926216125488,0.027799686416983604,0.05156334862112999,0.2061663419008255,0.0,2.13375,
1708,8.414939880371094,7.62283992767334,0.18020325899124146,0.1408100426197052,0.15943387150764465,0.0,2.135,
1709,3.606511116027832,9.093613624572754,0.018430272117257118,0.10719122737646103,0.18445390462875366,0.0,2.13625,
1710,9.253406524658203,7.439472675323486,0.0,0.3520307242870331,0.17860829830169678,0.0,2.1375,
1711,10.12430477142334,9.170042991638184,0.0,0.3876638412475586,0.1488785296678543,0.0,2.13875,
1712,4.285157203674316,9.422208786010742,0.0009247064590454102,0.15247133374214172,0.1740141659975052,0.0,2.14,
1713,3.9464120864868164,9.027183532714844,0.0017599264392629266,0.1360311508178711,0.2026580423116684,0.0,2.14125,
1714,4.8889923095703125,9.080681800842285,0.0,0.17477424442768097,0.20215196907520294,0.0,2.1425,
1715,5.491854667663574,9.89509391784668,0.061227478086948395,0.14047764241695404,0.1578046679496765,0.0,2.14375,
1716,2.5527658462524414,9.810834884643555,0.041887085884809494,0.037483081221580505,0.23772740364074707,0.0,2.145,
1717,7.319592475891113,8.51152229309082,0.03357144072651863,0.24406877160072327,0.12179062515497208,0.0,2.14625,
1718,10.698779106140137,8.678473472595215,7.440646731993183e-05,0.405125230550766,0.22704298794269562,0.0,2.1475,
1719,7.18813419342041,8.759469985961914,0.03542925789952278,0.23624497652053833,0.15407365560531616,0.0,2.14875,
1720,3.1431140899658203,7.954452037811279,0.06994471698999405,0.03530611842870712,0.21168939769268036,0.0,2.15,
1721,4.905123710632324,8.061720848083496,0.03479621931910515,0.14277446269989014,0.19031347334384918,0.0,2.15125,
1722,3.526547431945801,9.220252990722656,0.02838887833058834,0.09024898707866669,0.2167164832353592,0.0,2.1525,
1723,4.831907749176025,7.446288108825684,0.08246948570013046,0.08671583980321884,0.25289061665534973,0.0,2.15375,
1724,5.035056114196777,8.764320373535156,0.008894224651157856,0.18083970248699188,0.10266687721014023,0.0,2.155,
1725,8.07874584197998,8.647595405578613,0.08672318607568741,0.216957226395607,0.17636798322200775,0.0,2.15625,
1726,11.014772415161133,8.394436836242676,0.12150681018829346,0.30385082960128784,0.13290011882781982,0.0,2.1575,
1727,3.928816795349121,9.099677085876465,0.10494349896907806,0.03871753066778183,0.1264577955007553,0.0,2.15875,
1728,5.590189456939697,7.932828426361084,0.10710519552230835,0.09815758466720581,0.17542754113674164,0.0,2.16,
1729,2.0076656341552734,7.637351989746094,0.036292076110839844,0.02965063974261284,0.1334025114774704,0.0,2.16125,
1730,5.431761741638184,9.091930389404297,0.08525311946868896,0.11465822160243988,0.17010025680065155,0.0,2.1625,
1731,15.296418190002441,8.802810668945312,0.0,0.5934125781059265,0.1751536726951599,0.0,2.16375,
1732,4.013006210327148,8.148115158081055,0.04926109313964844,0.09795127809047699,0.1148907020688057,0.0,2.165,
1733,13.802189826965332,8.619730949401855,0.14690089225769043,0.3877819776535034,0.15737058222293854,0.0,2.16625,
1734,5.2935991287231445,8.621113777160645,0.0,0.19176968932151794,0.18182086944580078,0.0,2.1675,
1735,8.835235595703125,7.981060028076172,0.13010546565055847,0.2088714987039566,0.12590058147907257,0.0,2.16875,
1736,3.217345714569092,7.183594226837158,0.03662834316492081,0.07784174382686615,0.12153231352567673,0.0,2.17,
1737,7.233855247497559,8.150571823120117,0.11421503871679306,0.15797224640846252,0.1583089381456375,0.0,2.17125,
1738,5.939786434173584,8.036006927490234,0.08418194949626923,0.13863420486450195,0.13440687954425812,0.0,2.1725,
1739,7.60845422744751,7.760289669036865,0.11632070690393448,0.16897469758987427,0.19382013380527496,0.0,2.17375,
1740,7.332972049713135,7.708600997924805,0.2083679437637329,0.06467428803443909,0.21154232323169708,0.0,2.175,
1741,4.1646575927734375,8.255008697509766,0.09915141016244888,0.04957093670964241,0.17906467616558075,0.0,2.17625,
1742,4.49094820022583,7.918294906616211,0.11095921695232391,0.05467294156551361,0.12717385590076447,0.0,2.1775,
1743,7.3000640869140625,8.159036636352539,0.09374067932367325,0.18018244206905365,0.18809503316879272,0.0,2.17875,
1744,6.7036333084106445,9.160131454467773,0.004595816135406494,0.24509117007255554,0.17483198642730713,0.0,2.18,
1745,6.335563659667969,8.493922233581543,0.07453332841396332,0.1605214923620224,0.1754416972398758,0.0,2.18125,
1746,10.039961814880371,9.46848201751709,0.06147525832056999,0.32249215245246887,0.16310647130012512,0.0,2.1825,
1747,6.602359771728516,7.933906555175781,0.036523062735795975,0.2109575867652893,0.155478835105896,0.0,2.18375,
1748,3.758814811706543,8.567627906799316,0.034332115203142166,0.09796389192342758,0.1691187024116516,0.0,2.185,
1749,6.601572036743164,9.44776439666748,0.12581446766853333,0.1137612834572792,0.2274620532989502,0.0,2.18625,
1750,3.544740676879883,8.855734825134277,0.0,0.12258151918649673,0.18107537925243378,0.0,2.1875,
1751,3.6559152603149414,8.837635040283203,0.06279327720403671,0.061770252883434296,0.21112555265426636,0.0,2.18875,
1752,8.853006362915039,9.467819213867188,0.053826965391635895,0.2782546579837799,0.2233409434556961,0.0,2.19,
1753,2.430233955383301,9.7042236328125,0.0,0.07827723026275635,0.16307133436203003,0.0,2.19125,
1754,5.745516777038574,8.758429527282715,0.15800927579402924,0.05040046200156212,0.19172261655330658,0.0,2.1925,
1755,12.01489543914795,9.556224822998047,0.006014426704496145,0.4535274803638458,0.19521474838256836,0.0,2.19375,
1756,4.093084335327148,9.700787544250488,0.0,0.1437823623418808,0.18583397567272186,0.0,2.195,
1757,7.38905143737793,9.571666717529297,0.03526141121983528,0.2417203187942505,0.1624448597431183,0.0,2.19625,
1758,9.476982116699219,9.961752891540527,0.029670536518096924,0.3301543891429901,0.18503154814243317,0.0,2.1975,
1759,2.614138603210449,9.371479034423828,0.011039257049560547,0.07407446205615997,0.1817207783460617,0.0,2.19875,
1760,3.306187629699707,8.386011123657227,0.03716997429728508,0.075675368309021,0.18188412487506866,0.0,2.2,
1761,2.491302490234375,8.698874473571777,0.029753386974334717,0.05252974480390549,0.1685848832130432,0.0,2.20125,
1762,7.3482561111450195,8.808524131774902,0.033299051225185394,0.2435307502746582,0.14630793035030365,0.0,2.2025,
1763,5.81546688079834,8.520145416259766,0.11271687597036362,0.10217389464378357,0.16330058872699738,0.0,2.20375,
1764,7.880499839782715,8.182220458984375,0.06907530874013901,0.23012714087963104,0.15249042212963104,0.0,2.205,
1765,6.51918888092041,8.099971771240234,0.11385202407836914,0.12619562447071075,0.20963598787784576,0.0,2.20625,
1766,7.844010353088379,9.056365966796875,0.06754299253225327,0.2303866446018219,0.1383150815963745,0.0,2.2075,
1767,4.228732109069824,8.763833999633789,0.072087861597538,0.08023606240749359,0.15120945870876312,0.0,2.20875,
1768,6.539782524108887,9.758039474487305,0.019346535205841064,0.22698143124580383,0.1459735929965973,0.0,2.21,
1769,12.29354476928711,8.601580619812012,0.14542582631111145,0.3276674151420593,0.15796782076358795,0.0,2.21125,
1770,5.646592140197754,9.617652893066406,0.10738098621368408,0.09954752027988434,0.17258764803409576,0.0,2.2125,
1771,11.127747535705566,9.244711875915527,0.1656070202589035,0.2630422115325928,0.14828179776668549,0.0,2.21375,
1772,4.702652931213379,9.187284469604492,0.06849656254053116,0.09912759065628052,0.17836038768291473,0.0,2.215,
1773,4.393819808959961,9.65789794921875,0.031789302825927734,0.12260909378528595,0.21156257390975952,0.0,2.21625,
1774,15.409333229064941,9.006864547729492,0.0,0.5983442664146423,0.1647757738828659,0.0,2.2175,
1775,4.000672340393066,9.167137145996094,0.03399356082081795,0.10178281366825104,0.23867648839950562,0.0,2.21875,
1776,3.551194190979004,8.711520195007324,0.056945402175188065,0.06394964456558228,0.20635037124156952,0.0,2.22,
1777,4.211729049682617,9.308747291564941,0.007496615406125784,0.1401016116142273,0.1988101750612259,0.0,2.22125,
1778,11.361756324768066,9.881574630737305,0.08315390348434448,0.35250353813171387,0.17114077508449554,0.0,2.2225,
1779,9.632140159606934,8.942439079284668,0.11873847246170044,0.24980846047401428,0.133890762925148,0.0,2.22375,
1780,4.903101921081543,8.58256721496582,0.09271690994501114,0.08845476061105728,0.1329309344291687,0.0,2.225,
1781,5.646737098693848,9.581279754638672,0.06323613971471786,0.14274433255195618,0.1848282814025879,0.0,2.22625,
1782,5.801824569702148,9.501338005065918,0.06543926149606705,0.14517799019813538,0.20823568105697632,0.0,2.2275,
1783,2.8421878814697266,8.901687622070312,0.02404002472758293,0.07031266391277313,0.19211919605731964,0.0,2.22875,
1784,2.9548425674438477,9.532580375671387,0.044731080532073975,0.056776802986860275,0.1537705957889557,0.0,2.23,
1785,14.9252290725708,9.412545204162598,0.12600167095661163,0.4507175087928772,0.1969759464263916,0.0,2.23125,
1786,5.432793617248535,10.19219970703125,0.021003106608986855,0.18018421530723572,0.14179857075214386,0.0,2.2325,
1787,5.348053932189941,9.131876945495605,0.015779554843902588,0.18376728892326355,0.11626994609832764,0.0,2.23375,
1788,4.859360694885254,10.324081420898438,0.025796234607696533,0.15111447870731354,0.14952687919139862,0.0,2.235,
1789,7.51140022277832,10.41567611694336,0.0,0.2822016775608063,0.17097538709640503,0.0,2.23625,
1790,4.436065673828125,8.969510078430176,0.007334887981414795,0.15048536658287048,0.17926310002803802,0.0,2.2375,
1791,4.045258522033691,9.778424263000488,0.061244308948516846,0.0835435539484024,0.13255520164966583,0.0,2.23875,
1792,5.394413948059082,9.82589054107666,0.0807424783706665,0.12021714448928833,0.13004745543003082,0.0,2.24,
1793,5.836094856262207,9.861766815185547,0.10985837876796722,0.10482122004032135,0.18043367564678192,0.0,2.24125,
1794,7.84101676940918,10.396102905273438,0.02947843074798584,0.26764747500419617,0.139818012714386,0.0,2.2425,
1795,10.347567558288574,9.75700855255127,0.16580282151699066,0.22950056195259094,0.11760973185300827,0.0,2.24375,
1796,7.565027236938477,9.86434555053711,0.11287623643875122,0.16660133004188538,0.15998630225658417,0.0,2.245,
1797,5.151409149169922,10.370719909667969,0.04082012176513672,0.1376717984676361,0.25813278555870056,0.0,2.24625,
1798,3.430377960205078,8.901628494262695,0.02132072113454342,0.10261506587266922,0.11139237880706787,0.0,2.2475,
1799,7.643235206604004,9.847695350646973,0.12111735343933105,0.16548414528369904,0.1732984334230423,0.0,2.24875,
1800,12.34911823272705,10.486706733703613,0.02797144651412964,0.448783814907074,0.14521336555480957,0.0,2.25,
1801,6.660500526428223,10.322083473205566,0.06371764093637466,0.18532446026802063,0.1342090219259262,0.0,2.25125,
1802,4.233667373657227,9.959218978881836,0.0,0.14378800988197327,0.20429480075836182,0.0,2.2525,
1803,5.133774757385254,9.799678802490234,0.05064402148127556,0.13048087060451508,0.21467800438404083,0.0,2.25375,
1804,4.06845760345459,9.58959674835205,0.05782240629196167,0.08461280167102814,0.18303148448467255,0.0,2.255,
1805,3.334172248840332,9.679486274719238,0.08773201704025269,0.026341240853071213,0.17213322222232819,0.0,2.25625,
1806,7.363713264465332,9.432126998901367,0.035745639353990555,0.2396172136068344,0.16276107728481293,0.0,2.2575,
1807,12.113051414489746,9.727545738220215,0.04365029186010361,0.4207947850227356,0.16646341979503632,0.0,2.25875,
1808,2.315855026245117,10.080048561096191,0.0,0.0704023465514183,0.18850958347320557,0.0,2.26,
1809,5.939413070678711,7.956266403198242,0.04673582315444946,0.1676512509584427,0.22251729667186737,0.0,2.26125,
1810,5.553317070007324,8.419417381286621,0.10775091499090195,0.0964297279715538,0.15684857964515686,0.0,2.2625,
1811,2.4846925735473633,8.84972858428955,0.03713802620768547,0.04451514407992363,0.15586109459400177,0.0,2.26375,
1812,2.9864234924316406,8.302750587463379,0.01010171603411436,0.09175418317317963,0.13054534792900085,0.0,2.265,
1813,5.871522426605225,8.033047676086426,0.0931212306022644,0.12235464155673981,0.1770390123128891,0.0,2.26625,
1814,2.1662473678588867,9.010047912597656,0.013622760772705078,0.05877626687288284,0.12613259255886078,0.0,2.2675,
1815,2.6021957397460938,8.138938903808594,0.0,0.08304613083600998,0.19100844860076904,0.0,2.26875,
1816,5.011563301086426,9.883212089538574,0.0,0.17721693217754364,0.20713289082050323,0.0,2.27,
1817,3.0002260208129883,8.539908409118652,0.004919648170471191,0.09340616315603256,0.17493553459644318,0.0,2.27125,
1818,8.379107475280762,8.879443168640137,0.09935490041971207,0.21026715636253357,0.24403895437717438,0.0,2.2725,
1819,4.745573997497559,8.95051097869873,0.06670737266540527,0.09912551939487457,0.23555594682693481,0.0,2.27375,
1820,7.409716606140137,8.8537015914917,0.04099055007100105,0.23715810477733612,0.16643983125686646,0.0,2.275,
1821,9.23991584777832,9.76219367980957,0.06326576322317123,0.28744250535964966,0.17417053878307343,0.0,2.27625,
1822,5.063640594482422,8.95470905303955,0.057102661579847336,0.12919841706752777,0.14644412696361542,0.0,2.2775,
1823,7.354344367980957,8.85217571258545,0.13999781012535095,0.12886714935302734,0.23080837726593018,0.0,2.27875,
1824,4.807158470153809,9.891438484191895,0.0480915904045105,0.12645450234413147,0.1568213552236557,0.0,2.28,
1825,15.189663887023926,10.378240585327148,0.0423823781311512,0.5460629463195801,0.17052210867404938,0.0,2.28125,
1826,5.783675193786621,9.074892044067383,0.042978763580322266,0.16695572435855865,0.18725085258483887,0.0,2.2825,
1827,2.225039482116699,8.784177780151367,0.04996609687805176,0.019983142614364624,0.16910599172115326,0.0,2.28375,
1828,7.932399749755859,9.497100830078125,0.04130701348185539,0.2604489326477051,0.13018254935741425,0.0,2.285,
1829,2.8590259552001953,8.977835655212402,0.06386552006006241,0.03115423023700714,0.17461459338665009,0.0,2.28625,
1830,7.0576276779174805,8.994405746459961,0.044584255665540695,0.2175232172012329,0.17739693820476532,0.0,2.2875,
1831,4.707119941711426,8.668168067932129,0.0765862837433815,0.09176506102085114,0.18804945051670074,0.0,2.28875,
1832,4.807558059692383,8.530616760253906,0.0505407452583313,0.12308380007743835,0.1689022183418274,0.0,2.29,
1833,3.4078636169433594,9.635951042175293,0.05516239255666733,0.06067512184381485,0.19131851196289062,0.0,2.29125,
1834,7.2504072189331055,8.568999290466309,0.04710596799850464,0.2252376526594162,0.1483602374792099,0.0,2.2925,
1835,5.346070289611816,8.301556587219238,0.07063978910446167,0.1246705949306488,0.15396815538406372,0.0,2.29375,
1836,9.168500900268555,8.971409797668457,0.021927854046225548,0.32837215065956116,0.14172525703907013,0.0,2.295,
1837,8.81999683380127,8.771024703979492,0.08418555557727814,0.2545040547847748,0.1243995949625969,0.0,2.29625,
1838,10.228306770324707,8.695466041564941,0.13408684730529785,0.25559037923812866,0.18722838163375854,0.0,2.2975,
1839,3.4145455360412598,7.681581974029541,0.09084658324718475,0.02520107850432396,0.19742374122142792,0.0,2.29875,
1840,8.57424545288086,7.708375930786133,0.2332592010498047,0.0946565493941307,0.12849493324756622,0.0,2.3,
1841,8.06436824798584,9.552115440368652,0.0431058406829834,0.260585218667984,0.16563920676708221,0.0,2.30125,
1842,4.235919952392578,7.9341325759887695,0.11701183021068573,0.037973400205373764,0.13386306166648865,0.0,2.3025,
1843,1.8963775634765625,9.53289794921875,0.005200048442929983,0.056664805859327316,0.11568116396665573,0.0,2.30375,
1844,7.852448463439941,9.331077575683594,0.057010848075151443,0.23762528598308563,0.18167315423488617,0.0,2.305,
1845,6.839699745178223,9.812790870666504,0.01342785358428955,0.2357679009437561,0.2206955999135971,0.0,2.30625,
1846,8.078288078308105,8.408379554748535,0.032215576618909836,0.2742308974266052,0.14086945354938507,0.0,2.3075,
1847,7.105959892272949,9.715087890625,0.10229432582855225,0.15676993131637573,0.2231263369321823,0.0,2.30875,
1848,7.047277450561523,8.389848709106445,0.05967146158218384,0.20501045882701874,0.1497819572687149,0.0,2.31,
1849,5.805699348449707,9.51840591430664,0.05475999787449837,0.15607492625713348,0.1823449283838272,0.0,2.31125,
1850,5.929074287414551,9.675238609313965,0.12540939450263977,0.09112036973237991,0.1718837469816208,0.0,2.3125,
1851,7.788911819458008,9.384605407714844,0.015695175155997276,0.2781773805618286,0.16465695202350616,0.0,2.31375,
1852,5.670670509338379,10.19041919708252,0.1028379574418068,0.10685992240905762,0.13034997880458832,0.0,2.315,
1853,7.883138656616211,9.7131929397583,0.04814118146896362,0.24500682950019836,0.18528401851654053,0.0,2.31625,
1854,3.330918312072754,9.531685829162598,0.0015769401798024774,0.11364497244358063,0.16040253639221191,0.0,2.3175,
1855,6.78592586517334,10.313257217407227,0.1096402034163475,0.1408718228340149,0.17021887004375458,0.0,2.31875,
1856,7.424548149108887,9.421902656555176,0.07403993606567383,0.20733457803726196,0.12349933385848999,0.0,2.32,
1857,5.544460296630859,9.37956428527832,0.0459916777908802,0.15953698754310608,0.13552790880203247,0.0,2.32125,
1858,6.0211286544799805,9.037917137145996,0.1990252435207367,0.023792250081896782,0.17089684307575226,0.0,2.3225,
1859,6.8668012619018555,8.875163078308105,0.06443764269351959,0.19239367544651031,0.17020094394683838,0.0,2.32375,
1860,6.208261489868164,9.246848106384277,0.10575582832098007,0.125273659825325,0.13355116546154022,0.0,2.325,
1861,4.689414978027344,9.022597312927246,0.0424426794052124,0.12849533557891846,0.13385391235351562,0.0,2.32625,
1862,11.273649215698242,9.121611595153809,0.12215065956115723,0.3087490499019623,0.17196613550186157,0.0,2.3275,
1863,5.172731399536133,9.072630882263184,0.04436759278178215,0.14322231709957123,0.15061022341251373,0.0,2.32875,
1864,4.473676681518555,8.720531463623047,0.1208505630493164,0.04130658134818077,0.15350542962551117,0.0,2.33,
1865,4.871516227722168,8.382308959960938,0.050879158079624176,0.12299936264753342,0.19165301322937012,0.0,2.33125,
1866,3.2401037216186523,9.5221586227417,0.0833224430680275,0.030017994344234467,0.14411407709121704,0.0,2.3325,
1867,3.5844526290893555,9.83498477935791,0.007400075439363718,0.1185041218996048,0.16378583014011383,0.0,2.33375,
1868,3.516876220703125,8.573006629943848,0.09391987323760986,0.031235504895448685,0.14351488649845123,0.0,2.335,
1869,5.623185157775879,8.090185165405273,0.024346888065338135,0.1797918975353241,0.19252783060073853,0.0,2.33625,
1870,8.773177146911621,8.943032264709473,0.11111263930797577,0.2220841646194458,0.16841340065002441,0.0,2.3375,
1871,9.668473243713379,9.260573387145996,0.0,0.36401697993278503,0.2072477489709854,0.0,2.33875,
1872,7.144783973693848,8.865477561950684,0.06069735810160637,0.2057558000087738,0.17504774034023285,0.0,2.34,
1873,3.680246353149414,8.520517349243164,0.047891002148389816,0.07862045615911484,0.18830746412277222,0.0,2.34125,
1874,4.097901344299316,8.292407989501953,0.018987933173775673,0.1278669834136963,0.13430021703243256,0.0,2.3425,
1875,3.4950942993164062,8.295010566711426,0.0006322463159449399,0.12489667534828186,0.11221478134393692,0.0,2.34375,
1876,10.607658386230469,8.056699752807617,0.0,0.40544164180755615,0.1651495397090912,0.0,2.345,
1877,3.1148672103881836,8.971587181091309,0.03476262092590332,0.06791555881500244,0.20134705305099487,0.0,2.34625,
1878,2.212967872619629,8.76045036315918,0.01764986850321293,0.0560200996696949,0.11400521546602249,0.0,2.3475,
1879,1.912053108215332,8.124484062194824,0.007585028652101755,0.042696401476860046,0.2436358481645584,0.0,2.34875,
1880,12.359102249145508,8.685091018676758,0.05150888115167618,0.42448920011520386,0.1711059808731079,0.0,2.35,
1881,5.876662254333496,8.696183204650879,0.08480322360992432,0.13512584567070007,0.13922588527202606,0.0,2.35125,
1882,7.186384677886963,7.537646293640137,0.12452720105648041,0.1404266506433487,0.20285649597644806,0.0,2.3525,
1883,3.8358798027038574,7.46431303024292,0.04360544681549072,0.09120643138885498,0.16272105276584625,0.0,2.35375,
1884,8.439908981323242,7.904739856719971,0.22614893317222595,0.09389239549636841,0.15474730730056763,0.0,2.355,
1885,10.69482707977295,9.115131378173828,0.05516429990530014,0.3553515374660492,0.16300800442695618,0.0,2.35625,
1886,8.09182357788086,8.550474166870117,0.10620808601379395,0.19943204522132874,0.1510167270898819,0.0,2.3575,
1887,8.274904251098633,7.66393518447876,0.09176093339920044,0.22216734290122986,0.1394636482000351,0.0,2.35875,
1888,7.311365127563477,8.456647872924805,0.09219983965158463,0.18407690525054932,0.13977015018463135,0.0,2.36,
1889,7.916888236999512,8.894408226013184,0.09434753656387329,0.19738158583641052,0.23497377336025238,0.0,2.36125,
1890,5.588656902313232,7.805046558380127,0.0914769172668457,0.11022303998470306,0.19691069424152374,0.0,2.3625,
1891,4.227784633636475,7.542145252227783,0.017762064933776855,0.13182419538497925,0.17537470161914825,0.0,2.36375,
1892,7.817612648010254,8.944539070129395,0.05847404524683952,0.23505255579948425,0.1707506775856018,0.0,2.365,
1893,4.333293914794922,8.638507843017578,0.016078690066933632,0.13901366293430328,0.15819776058197021,0.0,2.36625,
1894,5.190877914428711,8.604955673217773,0.025481343269348145,0.16292431950569153,0.17208711802959442,0.0,2.3675,
1895,6.450682640075684,9.0164213180542,0.023525914177298546,0.2174520492553711,0.157109335064888,0.0,2.36875,
1896,6.63292121887207,7.190524101257324,0.011633236892521381,0.2330407053232193,0.1869380921125412,0.0,2.37,
1897,2.219722270965576,7.821944236755371,0.020435988903045654,0.04932980239391327,0.17659874260425568,0.0,2.37125,
1898,4.689595699310303,7.298969745635986,0.023774445056915283,0.14377185702323914,0.18302755057811737,0.0,2.3725,
1899,4.962419509887695,9.038116455078125,0.11701793968677521,0.060448385775089264,0.19736050069332123,0.0,2.37375,
1900,8.968027114868164,7.676011085510254,0.03826719522476196,0.30228114128112793,0.16690856218338013,0.0,2.375,
1901,2.5682497024536133,9.097555160522461,0.06421999633312225,0.01948808692395687,0.16134081780910492,0.0,2.37625,
1902,7.362608432769775,7.909121990203857,0.0347745418548584,0.24151234328746796,0.15861208736896515,0.0,2.3775,
1903,8.336700439453125,7.440067291259766,0.1040748581290245,0.2130235880613327,0.13002543151378632,0.0,2.37875,
1904,4.4937334060668945,8.344077110290527,0.12190097570419312,0.04196370020508766,0.1435849964618683,0.0,2.38,
1905,4.316758155822754,8.495369911193848,0.04129656031727791,0.10989062488079071,0.18395662307739258,0.0,2.38125,
1906,7.348548889160156,8.695841789245605,0.1399306356906891,0.1402738243341446,0.10744785517454147,0.0,2.3825,
1907,4.318742752075195,8.865757942199707,0.047289054840803146,0.10699941217899323,0.16393476724624634,0.0,2.38375,
1908,4.234975814819336,8.67695140838623,0.09633231163024902,0.05972592532634735,0.11900318413972855,0.0,2.385,
1909,5.087908744812012,8.991290092468262,0.07390713691711426,0.11083833873271942,0.15236720442771912,0.0,2.38625,
1910,4.962013244628906,9.544872283935547,0.0,0.18215328454971313,0.13033133745193481,0.0,2.3875,
1911,4.861978530883789,9.621936798095703,0.03776971250772476,0.13630583882331848,0.186858132481575,0.0,2.38875,
1912,2.423124313354492,9.839824676513672,0.007283429149538279,0.0735861137509346,0.14460520446300507,0.0,2.39,
1913,9.220909118652344,8.948629379272461,0.07014960050582886,0.27827024459838867,0.17900429666042328,0.0,2.39125,
1914,2.421049118041992,9.469609260559082,0.046599745750427246,0.03103049285709858,0.15008388459682465,0.0,2.3925,
1915,5.2772016525268555,9.241063117980957,0.11613774299621582,0.0719216912984848,0.19778726994991302,0.0,2.39375,
1916,3.8128252029418945,9.576680183410645,0.0,0.13044624030590057,0.1916510909795761,0.0,2.395,
1917,3.21596622467041,9.218964576721191,0.031091412529349327,0.0799703449010849,0.14361786842346191,0.0,2.39625,
1918,3.1769590377807617,9.82658863067627,0.002433300018310547,0.10316947102546692,0.1773831695318222,0.0,2.3975,
1919,4.010237693786621,8.229757308959961,0.026158511638641357,0.11097259074449539,0.2104099839925766,0.0,2.39875,
1920,5.708317756652832,8.763538360595703,0.06519428640604019,0.14157292246818542,0.19783298671245575,0.0,2.4,
1921,5.952914237976074,8.954419136047363,0.0,0.21552076935768127,0.20392416417598724,0.0,2.40125,
1922,10.097538948059082,9.449308395385742,0.03645537421107292,0.34284037351608276,0.22490142285823822,0.0,2.4025,
1923,6.607600212097168,8.885217666625977,0.05614195391535759,0.1923462450504303,0.12255734205245972,0.0,2.40375,
1924,11.660557746887207,8.277145385742188,0.019290605559945107,0.4267942011356354,0.173533096909523,0.0,2.405,
1925,3.24660587310791,8.108355522155762,0.026623567566275597,0.08775313198566437,0.13996344804763794,0.0,2.40625,
1926,8.153539657592773,7.842920780181885,0.16871513426303864,0.1376810073852539,0.18216510117053986,0.0,2.4075,
1927,8.134358406066895,9.361162185668945,0.08539843559265137,0.22023475170135498,0.17607678472995758,0.0,2.40875,
1928,4.75142765045166,8.405893325805664,0.07074113935232162,0.09394802153110504,0.23058366775512695,0.0,2.41,
1929,8.322073936462402,8.945326805114746,0.16734038293361664,0.14663437008857727,0.17414389550685883,0.0,2.41125,
1930,4.281086444854736,8.04300308227539,0.062250614166259766,0.09090469777584076,0.1623406559228897,0.0,2.4125,
1931,5.255457878112793,8.856134414672852,0.08095040172338486,0.10914534330368042,0.18365000188350677,0.0,2.41375,
1932,4.804526329040527,8.093185424804688,0.15459765493869781,0.02077455073595047,0.1443694829940796,0.0,2.415,
1933,7.286870956420898,7.98027229309082,0.26305699348449707,0.010811595246195793,0.1409977823495865,0.0,2.41625,
1934,5.089171409606934,8.634835243225098,0.08913153409957886,0.09602609276771545,0.16390027105808258,0.0,2.4175,
1935,8.773238182067871,10.03817367553711,0.0,0.3311957120895386,0.17341625690460205,0.0,2.41875,
1936,6.051441192626953,9.843758583068848,0.004584550857543945,0.2213125228881836,0.1394665688276291,0.0,2.42,
1937,11.191658973693848,9.357791900634766,0.08690301328897476,0.33984747529029846,0.1672859638929367,0.0,2.42125,
1938,3.9319992065429688,8.466920852661133,0.0,0.1379852592945099,0.16493044793605804,0.0,2.4225,
1939,6.782649040222168,10.974464416503906,0.0,0.2530992925167084,0.1446579247713089,0.0,2.42375,
1940,4.99995231628418,7.8628315925598145,0.029169639572501183,0.15196287631988525,0.15781711041927338,0.0,2.425,
1941,5.918628692626953,9.192129135131836,0.031068822368979454,0.18845492601394653,0.14693738520145416,0.0,2.42625,
1942,3.665318489074707,9.045071601867676,0.0484856553375721,0.08463821560144424,0.09927645325660706,0.0,2.4275,
1943,6.585782051086426,8.59131908416748,0.11244677007198334,0.13080503046512604,0.1841956526041031,0.0,2.42875,
1944,6.132017135620117,9.781240463256836,0.06836233288049698,0.15548691153526306,0.19079037010669708,0.0,2.43,
1945,7.935153007507324,8.42534351348877,0.06675229221582413,0.23373180627822876,0.1334487795829773,0.0,2.43125,
1946,6.855090141296387,8.268406867980957,0.15523521602153778,0.09426822513341904,0.2328297644853592,0.0,2.4325,
1947,6.161012649536133,8.719566345214844,0.034806907176971436,0.18592295050621033,0.24813835322856903,0.0,2.43375,
1948,4.859500885009766,7.964529514312744,0.050138555467128754,0.12146702408790588,0.19500546157360077,0.0,2.435,
1949,4.3583984375,8.343074798583984,0.1078798770904541,0.04854069650173187,0.1511417031288147,0.0,2.43625,
1950,6.773169994354248,6.687600135803223,0.08761032670736313,0.16241797804832458,0.1914701908826828,0.0,2.4375,
1951,2.4678988456726074,7.772765636444092,0.00965803861618042,0.07033824175596237,0.1578051894903183,0.0,2.43875,
1952,2.8397116661071777,7.926490306854248,0.027038931846618652,0.068243607878685,0.16224971413612366,0.0,2.44,
1953,6.304462432861328,9.274362564086914,0.08385074138641357,0.143717423081398,0.21119804680347443,0.0,2.44125,
1954,3.7862014770507812,9.134702682495117,0.039341192692518234,0.08704554289579391,0.22426843643188477,0.0,2.4425,
1955,3.7614927291870117,8.930215835571289,0.014774183742702007,0.11387480050325394,0.187795028090477,0.0,2.44375,
1956,4.889267921447754,9.296175956726074,0.0,0.1698586493730545,0.22939716279506683,0.0,2.445,
1957,6.03171968460083,8.01945972442627,0.020663240924477577,0.19799920916557312,0.19948895275592804,0.0,2.44625,
1958,7.194493293762207,8.173652648925781,0.09564793109893799,0.16988474130630493,0.1686914563179016,0.0,2.4475,
1959,2.623607635498047,10.43112850189209,0.0,0.0830804780125618,0.18911586701869965,0.0,2.44875,
1960,5.084285736083984,9.311040878295898,0.012638409622013569,0.1618189811706543,0.2565772533416748,0.0,2.45,
1961,3.9264326095581055,8.450177192687988,0.0654900074005127,0.070301353931427,0.1862993836402893,0.0,2.45125,
1962,8.054603576660156,8.667613983154297,0.0,0.298153281211853,0.20580609142780304,0.0,2.4525,
1963,4.140313148498535,8.126498222351074,0.004096189979463816,0.14200708270072937,0.1753680258989334,0.0,2.45375,
1964,2.438046455383301,9.645303726196289,0.006116052623838186,0.07184779644012451,0.16659663617610931,0.0,2.455,
1965,7.123105049133301,8.605480194091797,0.0,0.2601984143257141,0.226909801363945,0.0,2.45625,
1966,1.9162559509277344,9.523006439208984,0.00403362512588501,0.04397570341825485,0.25055524706840515,0.0,2.4575,
1967,7.757803916931152,8.652748107910156,0.0,0.2879246771335602,0.1883360743522644,0.0,2.45875,
1968,3.2469825744628906,8.858844757080078,0.016204336658120155,0.0925985723733902,0.17368607223033905,0.0,2.46,
1969,2.0509839057922363,7.942173480987549,0.0,0.06472332775592804,0.1514677256345749,0.0,2.46125,
1970,4.411009788513184,8.405251502990723,0.07791075855493546,0.07706601917743683,0.1786959171295166,0.0,2.4625,
1971,8.777709007263184,9.037819862365723,0.026418883353471756,0.30328476428985596,0.17892418801784515,0.0,2.46375,
1972,4.561842918395996,9.002290725708008,0.02431035041809082,0.13677620887756348,0.17504608631134033,0.0,2.465,
1973,3.214000701904297,8.106966018676758,0.012302379123866558,0.0907701849937439,0.2334168404340744,0.0,2.46625,
1974,2.32497501373291,8.406270980834961,0.05751758813858032,0.017894675955176353,0.15098728239536285,0.0,2.4675,
1975,2.7767744064331055,7.917901992797852,0.00768357515335083,0.07935304939746857,0.2189909666776657,0.0,2.46875,
1976,3.885011672973633,6.712769508361816,0.028732458129525185,0.10347658395767212,0.2014888972043991,0.0,2.47,
1977,3.426283359527588,7.0402398109436035,0.0,0.12149789929389954,0.12462026625871658,0.0,2.47125,
1978,6.013930797576904,7.785951614379883,0.06800303608179092,0.15022727847099304,0.2016407698392868,0.0,2.4725,
1979,5.590250015258789,8.145414352416992,0.008137981407344341,0.1940029412508011,0.17348073422908783,0.0,2.47375,
1980,19.693771362304688,8.154753684997559,0.026509365066885948,0.74171382188797,0.16915251314640045,0.0,2.475,
1981,3.5870513916015625,8.712024688720703,0.0032878518104553223,0.12072981894016266,0.1575174629688263,0.0,2.47625,
1982,6.098881721496582,8.77963924407959,0.03309720754623413,0.18971319496631622,0.1636323630809784,0.0,2.4775,
1983,7.619748115539551,9.555985450744629,0.051862042397260666,0.2326073944568634,0.1632971167564392,0.0,2.47875,
1984,4.116772651672363,8.432598114013672,0.0,0.14730212092399597,0.13888780772686005,0.0,2.48,
1985,5.806816577911377,7.643616199493408,0.05486029386520386,0.15707889199256897,0.16691626608371735,0.0,2.48125,
1986,6.526172637939453,7.139589786529541,0.13508203625679016,0.10641500353813171,0.1692434698343277,0.0,2.4825,
1987,4.747985363006592,7.33914041519165,0.1332128345966339,0.041388120502233505,0.13427573442459106,0.0,2.48375,
1988,5.451900482177734,8.416017532348633,0.013361831195652485,0.18810102343559265,0.1383981853723526,0.0,2.485,
1989,3.5354485511779785,8.007911682128906,0.05526447296142578,0.0691041573882103,0.14316093921661377,0.0,2.48625,
1990,2.210477828979492,7.58461332321167,0.008709847927093506,0.061315156519412994,0.16521795094013214,0.0,2.4875,
1991,6.432094097137451,6.4747419357299805,0.1362629532814026,0.09814644604921341,0.210689976811409,0.0,2.48875,
1992,6.320866107940674,7.6444525718688965,0.03452175855636597,0.20161104202270508,0.13630320131778717,0.0,2.49,
1993,3.0714101791381836,8.25316047668457,0.0678357481956482,0.035043567419052124,0.16271990537643433,0.0,2.49125,
1994,3.0068235397338867,8.458501815795898,0.02694866992533207,0.07432664185762405,0.15110372006893158,0.0,2.4925,
1995,10.430481910705566,9.60796070098877,0.08603636175394058,0.310615599155426,0.18223832547664642,0.0,2.49375,
1996,8.331010818481445,7.700682163238525,0.07926398515701294,0.24182090163230896,0.09760989993810654,0.0,2.495,
1997,11.23927116394043,7.690717697143555,0.024714430794119835,0.40599629282951355,0.16166378557682037,0.0,2.49625,
1998,6.201742172241211,8.987136840820312,0.025262216106057167,0.20297440886497498,0.16641874611377716,0.0,2.4975,
1999,9.213065147399902,8.769784927368164,0.10160398483276367,0.24602001905441284,0.1882314234972,0.0,2.49875,
2000,6.020018577575684,8.148658752441406,0.11686420440673828,0.105074942111969,0.152690589427948,0.0,2.5,"[0.9228924512863159, 1.1726845502853394, 1.0603644847869873]"
2001,5.018369197845459,7.145297050476074,0.07098084688186646,0.10775575041770935,0.19315995275974274,0.0,2.50125,
2002,9.803831100463867,6.801723003387451,0.18421059846878052,0.18897810578346252,0.17187051475048065,0.0,2.5025,
2003,5.007259845733643,7.605299949645996,0.04925362020730972,0.1286773532629013,0.20179469883441925,0.0,2.50375,
2004,13.009114265441895,8.311141967773438,0.10369598865509033,0.39668238162994385,0.1732362061738968,0.0,2.505,
2005,3.968637466430664,8.434720993041992,0.11296187341213226,0.029882606118917465,0.12488070875406265,0.0,2.50625,
2006,5.682267189025879,8.356189727783203,0.08464827388525009,0.12311817705631256,0.16753672063350677,0.0,2.5075,
2007,6.585994720458984,9.02541446685791,0.05636632442474365,0.1843879371881485,0.19506613910198212,0.0,2.50875,
2008,10.643821716308594,7.755068778991699,0.049270886927843094,0.35360074043273926,0.19266320765018463,0.0,2.51,
2009,13.726283073425293,9.060663223266602,0.0,0.5330862998962402,0.10820583254098892,0.0,2.51125,
2010,9.6569242477417,8.389190673828125,0.0034661293029785156,0.36124080419540405,0.18656378984451294,0.0,2.5125,
2011,3.829437255859375,9.021653175354004,0.008529186248779297,0.12102124094963074,0.18720044195652008,0.0,2.51375,
2012,6.399223327636719,8.108824729919434,0.10551360994577408,0.12807127833366394,0.19304992258548737,0.0,2.515,
2013,4.023029327392578,8.938470840454102,0.0174790620803833,0.12530814111232758,0.13423950970172882,0.0,2.51625,
2014,6.537448883056641,8.019622802734375,0.10950905084609985,0.129640132188797,0.19237494468688965,0.0,2.5175,
2015,4.605751991271973,8.36422348022461,0.1218271255493164,0.03945262357592583,0.2017531841993332,0.0,2.51875,
2016,3.667816162109375,8.631073951721191,0.0476926751434803,0.07931901514530182,0.1714126467704773,0.0,2.52,
2017,4.759260177612305,8.475048065185547,0.008843223564326763,0.15957418084144592,0.1949053853750229,0.0,2.52125,
2018,5.276972770690918,9.442999839782715,0.030659973621368408,0.15906116366386414,0.19471244513988495,0.0,2.5225,
2019,10.168427467346191,8.531954765319824,0.09269589185714722,0.2944594919681549,0.15582793951034546,0.0,2.52375,
2020,5.906238555908203,8.733033180236816,0.03872356936335564,0.1843070536851883,0.10940102487802505,0.0,2.525,
2021,2.5925493240356445,8.444441795349121,0.0,0.08237141370773315,0.1760411262512207,0.0,2.52625,
2022,4.816398620605469,8.566330909729004,0.14842171967029572,0.02262725681066513,0.18342404067516327,0.0,2.5275,
2023,5.940469264984131,7.566527366638184,0.04932534694671631,0.17388692498207092,0.10727700591087341,0.0,2.52875,
2024,11.51175308227539,7.656959056854248,0.21121351420879364,0.2286970168352127,0.17300425469875336,0.0,2.53,
2025,4.922375679016113,8.180614471435547,0.008244236931204796,0.1697862148284912,0.1603301763534546,0.0,2.53125,
2026,12.865968704223633,7.407181739807129,0.049164414405822754,0.44743964076042175,0.1472332626581192,0.0,2.5325,
2027,4.603583812713623,6.762149333953857,0.14491276443004608,0.022138329222798347,0.1423022300004959,0.0,2.53375,
2028,7.98342752456665,7.274082660675049,0.08805447816848755,0.21368838846683502,0.1541905254125595,0.0,2.535,
2029,3.6244077682495117,8.3170804977417,0.0726998820900917,0.05534808337688446,0.13317419588565826,0.0,2.53625,
2030,3.781280994415283,7.460049152374268,0.07202601432800293,0.062273599207401276,0.1353931576013565,0.0,2.5375,
2031,4.756527423858643,8.056585311889648,0.10811807960271835,0.06589559465646744,0.13109980523586273,0.0,2.53875,
2032,3.5237374305725098,7.658958911895752,0.03704879805445671,0.0825786143541336,0.18044213950634003,0.0,2.54,
2033,10.931014060974121,8.098733901977539,0.07503481209278107,0.34491175413131714,0.13376007974147797,0.0,2.54125,
2034,5.340495586395264,7.592782974243164,0.06915450096130371,0.13063457608222961,0.10478537529706955,0.0,2.5425,
2035,3.009352684020996,8.384098052978516,0.0,0.09775543957948685,0.18310242891311646,0.0,2.54375,
2036,5.791771411895752,7.00117826461792,0.18446272611618042,0.023739343509078026,0.20314867794513702,0.0,2.545,
2037,7.9807515144348145,8.000773429870605,0.033173225820064545,0.26695069670677185,0.16314272582530975,0.0,2.54625,
2038,4.3596272468566895,8.051746368408203,0.03655219078063965,0.12049652636051178,0.13934673368930817,0.0,2.5475,
2039,6.383303165435791,7.126163959503174,0.06815216690301895,0.16982412338256836,0.13445936143398285,0.0,2.54875,
2040,11.428182601928711,7.502909183502197,0.059397004544734955,0.37740853428840637,0.15775157511234283,0.0,2.55,
2041,3.0460610389709473,7.84443998336792,0.035347361117601395,0.06747155636548996,0.14797504246234894,0.0,2.55125,
2042,4.695662498474121,8.214338302612305,0.005784869194030762,0.16580936312675476,0.12775149941444397,0.0,2.5525,
2043,4.176146030426025,7.366778373718262,0.037256836891174316,0.11117279529571533,0.14512021839618683,0.0,2.55375,
2044,6.07150411605835,7.4171905517578125,0.091360904276371,0.12926559150218964,0.1897125244140625,0.0,2.555,
2045,2.4500699043273926,7.510255336761475,0.029095929116010666,0.05052655562758446,0.14693568646907806,0.0,2.55625,
2046,4.900602340698242,7.2361159324646,0.09752191603183746,0.08181160688400269,0.11686883121728897,0.0,2.5575,
2047,5.782425403594971,7.417485237121582,0.122316874563694,0.09171280264854431,0.13470081984996796,0.0,2.55875,
2048,8.393452644348145,7.1292524337768555,0.1128125935792923,0.19935885071754456,0.1823434978723526,0.0,2.56,
2049,6.3232645988464355,7.682081699371338,0.06313969939947128,0.17376364767551422,0.140811488032341,0.0,2.56125,
2050,4.284833908081055,7.42219877243042,0.017681201919913292,0.13540445268154144,0.15559807419776917,0.0,2.5625,
2051,10.897417068481445,8.311695098876953,0.0,0.40586936473846436,0.24901969730854034,0.0,2.56375,
2052,8.599756240844727,7.516677379608154,0.08215445280075073,0.2417430877685547,0.1546170562505722,0.0,2.565,
2053,10.152284622192383,7.912463665008545,0.0,0.385870099067688,0.16194017231464386,0.0,2.56625,
2054,7.356578350067139,7.062408447265625,0.05629394203424454,0.222508504986763,0.11464279145002365,0.0,2.5675,
2055,8.903844833374023,7.9176554679870605,0.10971736907958984,0.22603148221969604,0.17253756523132324,0.0,2.56875,
2056,6.711829662322998,6.370859146118164,0.11918023973703384,0.13203445076942444,0.1458282768726349,0.0,2.57,
2057,7.971456050872803,6.8084187507629395,0.19914688169956207,0.10392738878726959,0.12626473605632782,0.0,2.57125,
2058,5.071933269500732,7.492650985717773,0.07052415609359741,0.11148622632026672,0.1427285522222519,0.0,2.5725,
2059,2.9636435508728027,7.020981311798096,0.06580835580825806,0.030243366956710815,0.1839500218629837,0.0,2.57375,
2060,3.5441884994506836,8.378230094909668,0.04001617431640625,0.08278210461139679,0.15030328929424286,0.0,2.575,
2061,8.82658576965332,6.617177963256836,0.08396746963262558,0.2536388039588928,0.12982119619846344,0.0,2.57625,
2062,4.908829689025879,8.145980834960938,0.1111770048737526,0.05996318906545639,0.2135438472032547,0.0,2.5775,
2063,11.942465782165527,8.707366943359375,0.0,0.45657140016555786,0.15367984771728516,0.0,2.57875,
2064,4.74254846572876,6.941059112548828,0.06701860576868057,0.1012195497751236,0.15541352331638336,0.0,2.58,
2065,4.327599048614502,7.811524868011475,0.0,0.1494290977716446,0.17100779712200165,0.0,2.58125,
2066,2.7537012100219727,8.892762184143066,0.015269498340785503,0.07444346696138382,0.1523919254541397,0.0,2.5825,
2067,7.791165351867676,9.297837257385254,0.05399777367711067,0.22858202457427979,0.21884633600711823,0.0,2.58375,
2068,4.314568996429443,8.045798301696777,0.05656192824244499,0.09549679607152939,0.16451042890548706,0.0,2.585,
2069,3.253049850463867,8.928750038146973,0.012848715297877789,0.09627512842416763,0.1632731407880783,0.0,2.58625,
2070,11.300042152404785,8.259068489074707,0.09023387730121613,0.3452945351600647,0.1264774650335312,0.0,2.5875,
2071,8.575868606567383,8.248355865478516,0.0,0.3224201798439026,0.17083831131458282,0.0,2.58875,
2072,4.423849105834961,8.281028747558594,0.023605545982718468,0.13921763002872467,0.08920105546712875,0.0,2.59,
2073,6.039823532104492,7.5116376876831055,0.1149732694029808,0.09782615303993225,0.24927885830402374,0.0,2.59125,
2074,3.5930142402648926,7.297665596008301,0.04066592454910278,0.07768754661083221,0.21655361354351044,0.0,2.5925,
2075,8.813386917114258,7.5289692878723145,0.14289923012256622,0.18477877974510193,0.21452628076076508,0.0,2.59375,
2076,18.80313491821289,8.451045989990234,0.037434082478284836,0.6947846412658691,0.16297227144241333,0.0,2.595,
2077,5.440157890319824,8.247736930847168,0.04422104358673096,0.14538875222206116,0.22564084827899933,0.0,2.59625,
2078,5.431453227996826,7.633326530456543,0.07296764850616455,0.12445394694805145,0.1573144942522049,0.0,2.5975,
2079,6.398433208465576,6.378296852111816,0.1442853808403015,0.09077122807502747,0.18255670368671417,0.0,2.59875,
2080,4.365893840789795,7.739104270935059,0.0,0.14665725827217102,0.2214682251214981,0.0,2.6,
2081,1.8855605125427246,7.474823951721191,0.016385236755013466,0.041741613298654556,0.1386973261833191,0.0,2.60125,
2082,12.889188766479492,6.702825546264648,0.07116194069385529,0.4192630648612976,0.2164439707994461,0.0,2.6025,
2083,3.795577049255371,8.301708221435547,0.03992406278848648,0.09122559428215027,0.15887202322483063,0.0,2.60375,
2084,12.160581588745117,7.049284934997559,0.24921052157878876,0.21786732971668243,0.15649832785129547,0.0,2.605,
2085,5.126666069030762,8.449803352355957,0.0,0.1753988415002823,0.2533755600452423,0.0,2.60625,
2086,2.038618564605713,8.103989601135254,0.016070067882537842,0.045245878398418427,0.15399251878261566,0.0,2.6075,
2087,7.143565654754639,7.4425249099731445,0.0,0.2602768838405609,0.21530716121196747,0.0,2.60875,
2088,3.507330894470215,9.045022010803223,0.029894232749938965,0.07950529456138611,0.27276015281677246,0.0,2.61,
2089,3.806614398956299,7.642287254333496,0.0033214688301086426,0.12191613018512726,0.2295534610748291,0.0,2.61125,
2090,4.156926155090332,8.52381706237793,0.027261635288596153,0.11788187175989151,0.15957601368427277,0.0,2.6125,
2091,2.4971790313720703,8.545320510864258,0.006819546222686768,0.0635688453912735,0.24786247313022614,0.0,2.61375,
2092,4.868370532989502,7.95623254776001,0.07199058681726456,0.10448627173900604,0.14945253729820251,0.0,2.615,
2093,7.038204193115234,8.709765434265137,0.05294303223490715,0.19554811716079712,0.2800193428993225,0.0,2.61625,
2094,2.898752212524414,8.802207946777344,0.0,0.08905932307243347,0.22420041263103485,0.0,2.6175,
2095,9.047410011291504,9.438496589660645,0.12077416479587555,0.21747666597366333,0.1801285296678543,0.0,2.61875,
2096,3.648862361907959,7.897668838500977,0.08982177078723907,0.03788135573267937,0.14798767864704132,0.0,2.62,
2097,6.664177417755127,7.878817558288574,0.04786662012338638,0.20192602276802063,0.12195984274148941,0.0,2.62125,
2098,8.916131019592285,8.336640357971191,0.027516186237335205,0.29613614082336426,0.28672221302986145,0.0,2.6225,
2099,6.437463760375977,8.605001449584961,0.1305263340473175,0.10455166548490524,0.1785176545381546,0.0,2.62375,
2100,4.562227725982666,6.5298752784729,0.05607062578201294,0.10157346725463867,0.21292392909526825,0.0,2.625,
2101,11.706262588500977,7.988002300262451,0.1201421245932579,0.3277950584888458,0.16943365335464478,0.0,2.62625,
2102,7.9830403327941895,7.880014419555664,0.027591010555624962,0.26785778999328613,0.20057930052280426,0.0,2.6275,
2103,7.771649360656738,8.567044258117676,0.046603381633758545,0.24132294952869415,0.18411044776439667,0.0,2.62875,
2104,5.894697189331055,8.739642143249512,0.04916340112686157,0.16514256596565247,0.18079817295074463,0.0,2.63,
2105,5.335306644439697,7.964380264282227,0.026100853458046913,0.1676483452320099,0.15929977595806122,0.0,2.63125,
2106,3.014594078063965,8.259511947631836,0.00020170211791992188,0.09801982343196869,0.18507890403270721,0.0,2.6325,
2107,5.4905266761779785,7.629212856292725,0.07090314477682114,0.12861701846122742,0.15730001032352448,0.0,2.63375,
2108,7.995029926300049,7.882357597351074,0.05119367316365242,0.2528001070022583,0.1292262226343155,0.0,2.635,
2109,7.459928512573242,9.122282981872559,0.0,0.2781888544559479,0.16379638016223907,0.0,2.63625,
2110,7.31803035736084,9.226862907409668,0.11329676955938339,0.15498237311840057,0.2099272608757019,0.0,2.6375,
2111,5.0876264572143555,8.43439769744873,0.05500875040888786,0.1268218755722046,0.18082545697689056,0.0,2.63875,
2112,6.8822126388549805,8.249162673950195,0.04065513610839844,0.2180337756872177,0.13033820688724518,0.0,2.64,
2113,3.335216522216797,8.720308303833008,4.7584373533027247e-05,0.11400827020406723,0.1592065840959549,0.0,2.64125,
2114,7.036382675170898,7.976465702056885,0.06762969493865967,0.192618265748024,0.17338164150714874,0.0,2.6425,
2115,8.701078414916992,7.094724655151367,0.0388660654425621,0.2861178517341614,0.1955345720052719,0.0,2.64375,
2116,5.126377105712891,7.755139350891113,0.1402423083782196,0.04687013849616051,0.1505063772201538,0.0,2.645,
2117,5.694242000579834,7.231512546539307,0.07039829343557358,0.1355680525302887,0.17535197734832764,0.0,2.64625,
2118,3.3992600440979004,8.056833267211914,0.05988391116261482,0.05268501490354538,0.19698916375637054,0.0,2.6475,
2119,5.653112888336182,7.194717884063721,0.09882112592458725,0.10809072852134705,0.1518804430961609,0.0,2.64875,
2120,6.932553291320801,8.095563888549805,0.14435702562332153,0.11935891211032867,0.10844846814870834,0.0,2.65,
2121,8.373739242553711,7.776051998138428,0.19314028322696686,0.12385191023349762,0.131958469748497,0.0,2.65125,
2122,6.366434574127197,7.271391868591309,0.16559287905693054,0.06842689216136932,0.15633778274059296,0.0,2.6525,
2123,3.3177947998046875,7.882812976837158,0.08990877866744995,0.023174690082669258,0.15332046151161194,0.0,2.65375,
2124,3.07818603515625,8.191963195800781,0.04719819873571396,0.05616055428981781,0.16153596341609955,0.0,2.655,
2125,5.434754371643066,8.155878067016602,0.1510954201221466,0.04601510241627693,0.16719670593738556,0.0,2.65625,
2126,4.133397102355957,8.951681137084961,0.04350215196609497,0.09873262047767639,0.165975883603096,0.0,2.6575,
2127,15.727689743041992,9.399420738220215,0.0,0.6074501276016235,0.16117359697818756,0.0,2.65875,
2128,6.379365921020508,9.714517593383789,0.046334147453308105,0.18453045189380646,0.18784590065479279,0.0,2.66,
2129,7.52161979675293,9.200650215148926,0.0,0.2823277413845062,0.15043041110038757,0.0,2.66125,
2130,5.524740219116211,9.192431449890137,0.010851840488612652,0.19405324757099152,0.121328204870224,0.0,2.6625,
2131,6.414076805114746,8.784321784973145,0.07539822161197662,0.15982207655906677,0.15655548870563507,0.0,2.66375,
2132,1.5311565399169922,8.811580657958984,0.0,0.03152523189783096,0.24313943088054657,0.0,2.665,
2133,2.2831602096557617,9.415518760681152,0.038592517375946045,0.02771111950278282,0.19982506334781647,0.0,2.66625,
2134,4.285757064819336,8.505748748779297,0.01166456937789917,0.1357511281967163,0.18377161026000977,0.0,2.6675,
2135,3.5363855361938477,9.375170707702637,0.024073204025626183,0.09972061961889267,0.1347399353981018,0.0,2.66875,
2136,12.420499801635742,8.890155792236328,0.01647971011698246,0.46133679151535034,0.14554236829280853,0.0,2.67,
2137,3.259493350982666,8.070411682128906,0.03428763151168823,0.06998856365680695,0.20738689601421356,0.0,2.67125,
2138,7.309185981750488,8.516666412353516,0.14818952977657318,0.1216173991560936,0.17954622209072113,0.0,2.6725,
2139,7.422539234161377,7.745499134063721,0.07398706674575806,0.20194005966186523,0.17259638011455536,0.0,2.67375,
2140,8.152462005615234,7.621066093444824,0.033133745193481445,0.2680819630622864,0.19227071106433868,0.0,2.675,
2141,10.13522720336914,7.912914276123047,0.11608417332172394,0.27146556973457336,0.14333279430866241,0.0,2.67625,
2142,5.344810485839844,8.961831092834473,0.0343581847846508,0.15705642104148865,0.1602824330329895,0.0,2.6775,
2143,5.549247741699219,9.425596237182617,0.021899381652474403,0.18027444183826447,0.1589423269033432,0.0,2.67875,
2144,2.017077922821045,7.019709587097168,0.026380756869912148,0.03407444804906845,0.1494271457195282,0.0,2.68,
2145,6.768097877502441,8.746109962463379,0.0,0.2531305253505707,0.1297289878129959,0.0,2.68125,
2146,3.6676130294799805,9.581002235412598,0.0,0.12553177773952484,0.15874291956424713,0.0,2.6825,
2147,6.66921329498291,8.217827796936035,0.0,0.24532835185527802,0.1682845503091812,0.0,2.68375,
2148,7.725918292999268,6.880532264709473,0.16206663846969604,0.13084827363491058,0.12331768870353699,0.0,2.685,
2149,8.00240707397461,7.672613143920898,0.11598557233810425,0.18541327118873596,0.14012162387371063,0.0,2.68625,
2150,5.9084858894348145,7.490108489990234,0.10936643928289413,0.10710667073726654,0.16109614074230194,0.0,2.6875,
2151,4.455977916717529,7.700353622436523,0.11767333745956421,0.04113507270812988,0.1434539407491684,0.0,2.68875,
2152,6.872519493103027,8.108482360839844,0.11773911863565445,0.1350623071193695,0.18440647423267365,0.0,2.69,
2153,8.282690048217773,7.262660980224609,0.17646647989749908,0.13720287382602692,0.1385040134191513,0.0,2.69125,
2154,9.414514541625977,7.626160621643066,0.21121394634246826,0.1514165848493576,0.11068136245012283,0.0,2.6925,
2155,6.548829555511475,7.787289142608643,0.04397519305348396,0.2048385739326477,0.10249686986207962,0.0,2.69375,
2156,3.8696703910827637,7.80308198928833,0.051736850291490555,0.08424419164657593,0.13980768620967865,0.0,2.695,
2157,4.569478511810303,7.233292579650879,0.11929179728031158,0.04707725718617439,0.1298907995223999,0.0,2.69625,
2158,6.634550094604492,7.67348575592041,0.04768518730998039,0.19908788800239563,0.15804843604564667,0.0,2.6975,
2159,2.006359577178955,7.481610298156738,0.015019476413726807,0.041365787386894226,0.19416242837905884,0.0,2.69875,
2160,6.3150763511657715,7.358137130737305,0.12025270611047745,0.11343365162611008,0.1431647688150406,0.0,2.7,
2161,6.0810322761535645,7.607187747955322,0.13605667650699615,0.08919795602560043,0.14342670142650604,0.0,2.70125,
2162,4.262009620666504,9.366209030151367,0.06115333363413811,0.09183015674352646,0.1283268928527832,0.0,2.7025,
2163,4.786085605621338,6.9682817459106445,0.06231914088129997,0.10786037147045135,0.1635759472846985,0.0,2.70375,
2164,2.21114444732666,8.61300277709961,0.0,0.06741080433130264,0.14348381757736206,0.0,2.705,
2165,8.543861389160156,8.1436128616333,0.12154879420995712,0.19648844003677368,0.17399851977825165,0.0,2.70625,
2166,2.3038949966430664,8.959012985229492,0.01691911555826664,0.055229514837265015,0.15385238826274872,0.0,2.7075,
2167,10.942358016967773,7.3995819091796875,0.1507256031036377,0.2662343978881836,0.1643138825893402,0.0,2.70875,
2168,4.827948093414307,7.745792388916016,0.057405393570661545,0.11104215681552887,0.1769222766160965,0.0,2.71,
2169,6.06373405456543,8.021883964538574,0.05413047596812248,0.16690599918365479,0.17452025413513184,0.0,2.71125,
2170,3.020677089691162,7.75604248046875,0.026267627254128456,0.07467719167470932,0.1448630541563034,0.0,2.7125,
2171,3.8641300201416016,7.9217658042907715,0.02893110178411007,0.09888996928930283,0.20648182928562164,0.0,2.71375,
2172,5.879143238067627,7.279496669769287,0.049621760845184326,0.16231897473335266,0.19096863269805908,0.0,2.715,
2173,6.949034214019775,7.567359924316406,0.012158453464508057,0.2470044642686844,0.14677803218364716,0.0,2.71625,
2174,6.582072734832764,7.702749252319336,0.08452935516834259,0.14803239703178406,0.2489614635705948,0.0,2.7175,
2175,10.584720611572266,7.381479740142822,0.1409405767917633,0.2633771598339081,0.1531967669725418,0.0,2.71875,
2176,7.4434733390808105,7.687840461730957,0.14302168786525726,0.13449624180793762,0.16224850714206696,0.0,2.72,
2177,4.8878679275512695,8.440001487731934,0.0799567699432373,0.09137488901615143,0.19156183302402496,0.0,2.72125,
2178,3.905005931854248,7.278199195861816,0.0738210454583168,0.05984147638082504,0.17330966889858246,0.0,2.7225,
2179,1.6690874099731445,6.70456075668335,0.004423161502927542,0.03940926119685173,0.1885671764612198,0.0,2.72375,
2180,7.579319477081299,6.918815612792969,0.13903099298477173,0.1441994309425354,0.15428347885608673,0.0,2.725,
2181,3.102504253387451,6.838822364807129,0.002559105632826686,0.09940188378095627,0.17410431802272797,0.0,2.72625,
2182,5.158940315246582,8.754176139831543,0.06581884622573853,0.1205458715558052,0.15592016279697418,0.0,2.7275,
2183,8.331073760986328,7.047580242156982,0.07361221313476562,0.2394365668296814,0.1503152847290039,0.0,2.72875,
2184,3.2117347717285156,8.390892028808594,0.0,0.106279656291008,0.16738128662109375,0.0,2.73,
2185,9.306924819946289,7.353100299835205,0.1258087307214737,0.22712981700897217,0.12941493093967438,0.0,2.73125,
2186,2.7290306091308594,8.688152313232422,0.025286218151450157,0.05594959110021591,0.21912698447704315,0.0,2.7325,
2187,5.055081367492676,7.860776424407959,0.029890039935708046,0.14375701546669006,0.22125661373138428,0.0,2.73375,
2188,6.6569600105285645,6.99017858505249,0.16953136026859283,0.07617148756980896,0.14869974553585052,0.0,2.735,
2189,6.844742774963379,8.255972862243652,0.0,0.2507988512516022,0.16680075228214264,0.0,2.73625,
2190,9.663823127746582,8.331579208374023,0.08298277854919434,0.2857015132904053,0.1325555145740509,0.0,2.7375,
2191,4.370447158813477,8.308272361755371,0.02154729701578617,0.13337139785289764,0.15150971710681915,0.0,2.73875,
2192,4.421895503997803,6.324404716491699,0.10073286294937134,0.05385708436369896,0.18057091534137726,0.0,2.74,
2193,7.548788547515869,7.406688690185547,0.07537112385034561,0.20424482226371765,0.1862364411354065,0.0,2.74125,
2194,6.844864368438721,7.6334428787231445,0.13773195445537567,0.11596067249774933,0.16162510216236115,0.0,2.7425,
2195,5.6770195960998535,7.645977973937988,0.1131613701581955,0.09629052877426147,0.12950968742370605,0.0,2.74375,
2196,5.668422222137451,7.640156269073486,0.0904587134718895,0.11027603596448898,0.20857490599155426,0.0,2.745,
2197,1.9906649589538574,7.397397041320801,0.028172969818115234,0.028144657611846924,0.17918944358825684,0.0,2.74625,
2198,8.583023071289062,7.85126256942749,0.007132609840482473,0.31081756949424744,0.19776767492294312,0.0,2.7475,
2199,3.784961223602295,7.425279140472412,0.0632791519165039,0.06543605774641037,0.16444413363933563,0.0,2.74875,
2200,1.758194923400879,9.10376262664795,0.018854161724448204,0.027686456218361855,0.1837872862815857,0.0,2.75,
2201,3.7271032333374023,9.950285911560059,0.049058735370635986,0.06871815025806427,0.2485392540693283,0.0,2.75125,
2202,4.16165828704834,8.888519287109375,0.0,0.138916015625,0.21502284705638885,0.0,2.7525,
2203,6.476525783538818,7.823467254638672,0.0400780625641346,0.20018517971038818,0.128426194190979,0.0,2.75375,
2204,10.636478424072266,8.651262283325195,0.027470827102661133,0.3740741014480591,0.16879642009735107,0.0,2.755,
2205,7.284303665161133,8.296963691711426,0.011121909134089947,0.2507641017436981,0.24231968820095062,0.0,2.75625,
2206,3.992198944091797,9.014105796813965,0.0,0.13387030363082886,0.19883085787296295,0.0,2.7575,
2207,4.312033653259277,9.045257568359375,0.02794148586690426,0.11892938613891602,0.198161318898201,0.0,2.75875,
2208,3.619800567626953,8.986730575561523,0.009248793125152588,0.11273644864559174,0.17121119797229767,0.0,2.76,
2209,6.560863494873047,9.54345417022705,0.003685693023726344,0.2320980727672577,0.19797134399414062,0.0,2.76125,
2210,3.462177276611328,9.043288230895996,0.0,0.11042587459087372,0.22835062444210052,0.0,2.7625,
2211,9.656455993652344,8.474102020263672,0.014865835197269917,0.34721675515174866,0.1866496205329895,0.0,2.76375,
2212,4.093386650085449,8.156972885131836,0.03323904797434807,0.10724631696939468,0.1872551590204239,0.0,2.765,
2213,6.2587480545043945,8.970992088317871,0.0,0.2304346114397049,0.1642177402973175,0.0,2.76625,
2214,10.330710411071777,9.085787773132324,0.0,0.3879055380821228,0.19395042955875397,0.0,2.7675,
2215,6.881083011627197,7.724068641662598,0.10649392753839493,0.145516037940979,0.1893020123243332,0.0,2.76875,
2216,6.084018707275391,6.982474327087402,0.13951724767684937,0.0827641487121582,0.17180973291397095,0.0,2.77,
2217,7.481831073760986,6.475457191467285,0.09602819383144379,0.18683642148971558,0.12756633758544922,0.0,2.77125,
2218,6.131920337677002,7.1554670333862305,0.09554779529571533,0.1321529597043991,0.13494081795215607,0.0,2.7725,
2219,5.200089931488037,6.897507190704346,0.07924264669418335,0.10700464248657227,0.1764894276857376,0.0,2.77375,
2220,4.754837512969971,6.830234527587891,0.05531851202249527,0.11597570031881332,0.14558403193950653,0.0,2.775,
2221,6.0965118408203125,8.932098388671875,0.13986626267433167,0.08293452858924866,0.15832389891147614,0.0,2.77625,
2222,3.439854621887207,8.16115665435791,0.01017789077013731,0.10186223685741425,0.2067154198884964,0.0,2.7775,
2223,6.356029987335205,6.793220520019531,0.163320392370224,0.07411395758390427,0.12986895442008972,0.0,2.77875,
2224,8.252761840820312,7.934945106506348,0.13530297577381134,0.1737460196018219,0.1471150815486908,0.0,2.78,
2225,5.383572578430176,8.283537864685059,0.005086620803922415,0.1914214789867401,0.13669472932815552,0.0,2.78125,
2226,6.253077507019043,9.043296813964844,0.0036062002182006836,0.22595450282096863,0.15609899163246155,0.0,2.7825,
2227,10.673913955688477,7.156679153442383,0.25699326395988464,0.14899000525474548,0.16757118701934814,0.0,2.78375,
2228,6.477455139160156,9.374695777893066,0.06062629073858261,0.1744970828294754,0.18965299427509308,0.0,2.785,
2229,3.039562225341797,9.440729141235352,0.02094489336013794,0.07898695021867752,0.16410742700099945,0.0,2.78625,
2230,4.69798469543457,8.393731117248535,0.0,0.16337281465530396,0.19594253599643707,0.0,2.7875,
2231,4.899506568908691,7.903775215148926,0.0,0.17121970653533936,0.18579405546188354,0.0,2.78875,
2232,3.1735916137695312,9.18040657043457,0.08240281045436859,0.026766536757349968,0.12941177189350128,0.0,2.79,
2233,7.153388023376465,9.15679931640625,0.027814507484436035,0.240532785654068,0.11844412237405777,0.0,2.79125,
2234,6.961263656616211,8.597111701965332,0.06918212026357651,0.18442964553833008,0.18172283470630646,0.0,2.7925,
2235,9.459709167480469,8.376473426818848,0.07299605756998062,0.28016364574432373,0.2020096331834793,0.0,2.79375,
2236,4.052921295166016,9.527668952941895,0.009787261486053467,0.12993121147155762,0.16911065578460693,0.0,2.795,
2237,5.06717586517334,8.373394966125488,0.0699913278222084,0.11052876710891724,0.17187869548797607,0.0,2.79625,
2238,2.300346851348877,7.65455961227417,0.001333514810539782,0.0657157450914383,0.1820109486579895,0.0,2.7975,
2239,10.788446426391602,8.096593856811523,0.04024286940693855,0.3736268877983093,0.1293548196554184,0.0,2.79875,
2240,6.241398811340332,8.236433029174805,0.10452739894390106,0.12048208713531494,0.1879892796278,0.0,2.8,
2241,2.506791114807129,8.501567840576172,0.0,0.08144321292638779,0.12664969265460968,0.0,2.80125,
2242,5.666548728942871,7.912038326263428,0.038359541445970535,0.1627102643251419,0.1952965408563614,0.0,2.8025,
2243,6.011811256408691,7.704245567321777,0.11255955696105957,0.10179544985294342,0.20437045395374298,0.0,2.80375,
2244,8.063480377197266,7.885186195373535,0.045628827065229416,0.25539931654930115,0.16460181772708893,0.0,2.805,
2245,13.092225074768066,8.091126441955566,0.0483083501458168,0.45467495918273926,0.16011716425418854,0.0,2.80625,
2246,5.842146873474121,7.370716094970703,0.055482227355241776,0.16147272288799286,0.12302660197019577,0.0,2.8075,
2247,4.130514621734619,7.55495023727417,0.08079095184803009,0.059480711817741394,0.19385333359241486,0.0,2.80875,
2248,7.632486343383789,6.213592052459717,0.18301618099212646,0.10278798639774323,0.15479998290538788,0.0,2.81,
2249,11.303647994995117,7.821409225463867,0.09936926513910294,0.3333497941493988,0.15200109779834747,0.0,2.81125,
2250,4.429304122924805,7.2797017097473145,0.09588386863470078,0.05837859958410263,0.17184744775295258,0.0,2.8125,
2251,3.6598734855651855,7.341897010803223,0.05042431876063347,0.07736533135175705,0.14746390283107758,0.0,2.81375,
2252,2.7110166549682617,8.29330062866211,0.03860928490757942,0.04690169170498848,0.17899852991104126,0.0,2.815,
2253,5.319383144378662,6.849872589111328,0.09610076993703842,0.09295602887868881,0.18193089962005615,0.0,2.81625,
2254,3.0826973915100098,8.009917259216309,0.0,0.09347414970397949,0.24284248054027557,0.0,2.8175,
2255,6.788330078125,6.770773887634277,0.05688788741827011,0.19011853635311127,0.18100892007350922,0.0,2.81875,
2256,3.7097840309143066,7.906048774719238,0.021200954914093018,0.10644401609897614,0.1384177803993225,0.0,2.82,
2257,7.81807279586792,7.818060398101807,0.10933788865804672,0.18327265977859497,0.14214809238910675,0.0,2.82125,
2258,3.6247339248657227,8.644658088684082,0.0,0.12555500864982605,0.14298681914806366,0.0,2.8225,
2259,3.8562021255493164,8.963399887084961,0.037782471626996994,0.09542054682970047,0.13655205070972443,0.0,2.82375,
2260,1.7394943237304688,9.078680038452148,0.023691454902291298,0.02583792805671692,0.14966903626918793,0.0,2.825,
2261,2.883988380432129,8.7636137008667,0.06110958382487297,0.03329513967037201,0.14693908393383026,0.0,2.82625,
2262,4.564413070678711,8.31506633758545,0.03938766196370125,0.11744697391986847,0.18417662382125854,0.0,2.8275,
2263,2.5933380126953125,9.90921688079834,0.0,0.0746973529458046,0.21543605625629425,0.0,2.82875,
2264,5.756069183349609,8.354729652404785,0.0,0.19872187077999115,0.2430890053510666,0.0,2.83,
2265,11.088469505310059,9.39182186126709,0.0,0.4193110764026642,0.1675848811864853,0.0,2.83125,
2266,11.874537467956543,9.066902160644531,0.0,0.45289134979248047,0.1598532348871231,0.0,2.8325,
2267,6.47441291809082,8.834362030029297,0.0,0.2368062138557434,0.16030509769916534,0.0,2.83375,
2268,1.031449317932129,8.652432441711426,0.0,0.012866726145148277,0.2270428091287613,0.0,2.835,
2269,5.340576648712158,7.931437969207764,0.12803412973880768,0.06443211436271667,0.16002817451953888,0.0,2.83625,
2270,11.066573143005371,8.953794479370117,0.0,0.42163774371147156,0.13345880806446075,0.0,2.8375,
2271,7.446404933929443,7.159084320068359,0.0,0.27530086040496826,0.1479978859424591,0.0,2.83875,
2272,5.006711006164551,8.198833465576172,0.02120804786682129,0.1560051143169403,0.16057653725147247,0.0,2.84,
2273,9.213417053222656,7.931657791137695,0.2838532328605652,0.0621199756860733,0.15002946555614471,0.0,2.84125,
2274,6.191675662994385,7.23028039932251,0.13628534972667694,0.08924471586942673,0.15859268605709076,0.0,2.8425,
2275,5.108323574066162,7.856020450592041,0.06306000798940659,0.12270517647266388,0.13986144959926605,0.0,2.84375,
2276,7.213101863861084,6.798971176147461,0.07547086477279663,0.19267737865447998,0.15675514936447144,0.0,2.845,
2277,4.4905619621276855,6.91963529586792,0.08263882249593735,0.07377547770738602,0.15868081152439117,0.0,2.84625,
2278,4.813458442687988,8.413810729980469,0.0,0.17064893245697021,0.14958399534225464,0.0,2.8475,
2279,4.610335826873779,7.297535419464111,0.049948550760746,0.11285042017698288,0.13845956325531006,0.0,2.84875,
2280,3.5142822265625,7.307794570922852,0.0,0.12178651988506317,0.13083450496196747,0.0,2.85,
2281,7.630951404571533,6.86962890625,0.09556400775909424,0.19083893299102783,0.14244510233402252,0.0,2.85125,
2282,3.2174930572509766,9.236902236938477,0.0,0.1063726395368576,0.15031984448432922,0.0,2.8525,
2283,1.6162166595458984,8.12923526763916,0.017424622550606728,0.02374136634171009,0.17493484914302826,0.0,2.85375,
2284,3.790128707885742,8.442570686340332,0.025054574012756348,0.10441388934850693,0.16218283772468567,0.0,2.855,
2285,3.1969189643859863,7.1187849044799805,0.06728029251098633,0.03501065820455551,0.2029668092727661,0.0,2.85625,
2286,8.803862571716309,8.341171264648438,0.09395530074834824,0.24338576197624207,0.1014394536614418,0.0,2.8575,
2287,3.170228958129883,8.294539451599121,0.05979233980178833,0.04620539769530296,0.1528773307800293,0.0,2.85875,
2288,4.894112586975098,8.337010383605957,0.04819433018565178,0.12698891758918762,0.13916976749897003,0.0,2.86,
2289,9.192813873291016,8.228523254394531,0.154261976480484,0.1920674741268158,0.1537134051322937,0.0,2.86125,
2290,3.0992560386657715,7.788086891174316,0.05125921964645386,0.0511305071413517,0.16889053583145142,0.0,2.8625,
2291,4.353979110717773,8.199638366699219,0.02495342493057251,0.1252044290304184,0.1902150958776474,0.0,2.86375,
2292,11.846639633178711,8.51476001739502,0.18092750012874603,0.2702285647392273,0.17581020295619965,0.0,2.865,
2293,4.488300800323486,7.6169281005859375,0.027183473110198975,0.13104766607284546,0.15932083129882812,0.0,2.86625,
2294,4.1987128257751465,7.624242782592773,0.05843023210763931,0.08463782072067261,0.1860973834991455,0.0,2.8675,
2295,5.660256385803223,8.297140121459961,0.04178252071142197,0.1656215786933899,0.13779307901859283,0.0,2.86875,
2296,9.723899841308594,7.6786580085754395,0.041543226689100266,0.32527074217796326,0.15750938653945923,0.0,2.87,
2297,6.654400825500488,8.326719284057617,0.0946463942527771,0.14871446788311005,0.18538427352905273,0.0,2.87125,
2298,3.619083881378174,7.464144229888916,0.06506369262933731,0.05790620297193527,0.16225643455982208,0.0,2.8725,
2299,8.089263916015625,7.716155529022217,0.04169672727584839,0.2615460157394409,0.15202005207538605,0.0,2.87375,
2300,5.08692741394043,7.476109027862549,0.056671399623155594,0.12753063440322876,0.15436270833015442,0.0,2.875,
2301,9.304596900939941,8.47652530670166,0.04574763774871826,0.306077778339386,0.14065353572368622,0.0,2.87625,
2302,3.1205859184265137,7.646184921264648,0.024021565914154053,0.07600294798612595,0.18784189224243164,0.0,2.8775,
2303,3.005068302154541,7.374261856079102,0.06185327097773552,0.04054135084152222,0.12919490039348602,0.0,2.87875,
2304,6.648662090301514,7.454010009765625,0.1159110888838768,0.1298706978559494,0.14782127737998962,0.0,2.88,
2305,5.586674213409424,7.816298484802246,0.001549025415442884,0.20240773260593414,0.14590145647525787,0.0,2.88125,
2306,9.115314483642578,7.432738780975342,0.12884652614593506,0.21329456567764282,0.17549347877502441,0.0,2.8825,
2307,5.004169464111328,8.237329483032227,0.03275863453745842,0.1435076743364334,0.1740817278623581,0.0,2.88375,
2308,4.213267803192139,7.803685665130615,0.044380564242601395,0.10354085266590118,0.15059886872768402,0.0,2.885,
2309,7.087836265563965,6.83712100982666,0.07373720407485962,0.1892796754837036,0.15229719877243042,0.0,2.88625,
2310,7.023849010467529,6.543061256408691,0.15957427024841309,0.10547283291816711,0.12052518129348755,0.0,2.8875,
2311,4.029384136199951,7.664830684661865,0.04746448993682861,0.0894947350025177,0.19424478709697723,0.0,2.88875,
2312,7.149734973907471,7.258761882781982,0.10569746792316437,0.1580759733915329,0.16989821195602417,0.0,2.89,
2313,1.931166172027588,7.319723606109619,0.026847880333662033,0.03463064506649971,0.11431574821472168,0.0,2.89125,
2314,4.199525356292725,7.331707954406738,0.08772988617420197,0.06344416737556458,0.12720659375190735,0.0,2.8925,
2315,3.842007637023926,9.17056655883789,0.0,0.13666994869709015,0.11519527435302734,0.0,2.89375,
2316,5.476966857910156,11.066326141357422,0.0,0.19708558917045593,0.1356162428855896,0.0,2.895,
2317,5.710772514343262,9.099276542663574,0.03399725630879402,0.1754525899887085,0.12874726951122284,0.0,2.89625,
2318,4.293848514556885,7.830645561218262,0.003982881549745798,0.14253094792366028,0.1748509556055069,0.0,2.8975,
2319,5.29109001159668,9.548643112182617,0.03170232102274895,0.15122905373573303,0.22199420630931854,0.0,2.89875,
2320,9.100210189819336,8.398543357849121,0.051205456256866455,0.2881024181842804,0.17774444818496704,0.0,2.9,
2321,6.926810264587402,8.367159843444824,0.07814411073923111,0.17618605494499207,0.15124841034412384,0.0,2.90125,
2322,4.636878967285156,10.00294303894043,0.08147990703582764,0.07916846871376038,0.1820850521326065,0.0,2.9025,
2323,3.994198799133301,8.485160827636719,0.01594962738454342,0.11994955688714981,0.1838362067937851,0.0,2.90375,
2324,7.290154457092285,9.857874870300293,0.05256464332342148,0.21805180609226227,0.15483154356479645,0.0,2.905,
2325,8.985777854919434,9.747089385986328,0.17862829566001892,0.16153913736343384,0.1346374899148941,0.0,2.90625,
2326,4.2858428955078125,8.871366500854492,0.013582785613834858,0.1340523213148117,0.17648673057556152,0.0,2.9075,
2327,5.092761039733887,8.842439651489258,0.0772521123290062,0.10024459660053253,0.20061413943767548,0.0,2.90875,
2328,9.005817413330078,8.31304931640625,0.13686561584472656,0.19780872762203217,0.189562126994133,0.0,2.91,
2329,6.574875831604004,9.956597328186035,0.11553089320659637,0.1275692880153656,0.1373453289270401,0.0,2.91125,
2330,3.8951196670532227,8.427332878112793,0.042308609932661057,0.09361302852630615,0.14625267684459686,0.0,2.9125,
2331,5.379127502441406,8.891459465026855,0.05176772549748421,0.14380329847335815,0.131157785654068,0.0,2.91375,
2332,9.220094680786133,7.743325710296631,0.09280574321746826,0.2560119032859802,0.14426760375499725,0.0,2.915,
2333,3.266521453857422,8.937226295471191,0.0,0.10835158079862595,0.16073907911777496,0.0,2.91625,
2334,2.968564510345459,7.920851707458496,0.04516059160232544,0.0543537437915802,0.144937202334404,0.0,2.9175,
2335,5.897434234619141,7.765609264373779,0.043976884335279465,0.16537806391716003,0.21091662347316742,0.0,2.91875,
2336,4.8536763191223145,8.058442115783691,0.058055758476257324,0.11273735761642456,0.17937229573726654,0.0,2.92,
2337,7.059329509735107,8.04886245727539,0.01600482128560543,0.2489040493965149,0.12242443114519119,0.0,2.92125,
2338,7.198805332183838,7.22698974609375,0.04024340584874153,0.22704192996025085,0.15385234355926514,0.0,2.9225,
2339,5.198265075683594,7.178215026855469,0.02354574203491211,0.15184985101222992,0.25717541575431824,0.0,2.92375,
2340,5.600312232971191,8.299551010131836,0.028237860649824142,0.17116914689540863,0.18591302633285522,0.0,2.925,
2341,3.57584285736084,8.979791641235352,0.04119585081934929,0.08201558887958527,0.14476151764392853,0.0,2.92625,
2342,8.970220565795898,8.80746841430664,0.05477311089634895,0.28500881791114807,0.13870607316493988,0.0,2.9275,
2343,8.858098030090332,8.458711624145508,0.08552378416061401,0.24939368665218353,0.1411169022321701,0.0,2.92875,
2344,5.466710090637207,8.218981742858887,0.020876765251159668,0.17322874069213867,0.18959562480449677,0.0,2.93,
2345,7.833478927612305,9.118389129638672,0.0,0.2946278154850006,0.13205306231975555,0.0,2.93125,
2346,4.919568061828613,8.592673301696777,0.048982858657836914,0.126408651471138,0.15997196733951569,0.0,2.9325,
2347,6.948052406311035,8.556198120117188,0.13179372251033783,0.12740154564380646,0.13357150554656982,0.0,2.93375,
2348,7.612729072570801,9.065966606140137,0.20630182325839996,0.08285614103078842,0.10280382633209229,0.0,2.935,
2349,5.113717079162598,8.851344108581543,0.039865948259830475,0.13645146787166595,0.20932988822460175,0.0,2.93625,
2350,4.0781965255737305,8.2110013961792,0.05905558913946152,0.08670614659786224,0.1158815398812294,0.0,2.9375,
2351,7.767671585083008,8.705873489379883,0.05908157676458359,0.2329113632440567,0.14090722799301147,0.0,2.93875,
2352,3.6280221939086914,8.319851875305176,0.05503294989466667,0.07055886834859848,0.1411622017621994,0.0,2.94,
2353,5.832385063171387,8.350225448608398,0.10402580350637436,0.1057654470205307,0.16969986259937286,0.0,2.94125,
2354,11.420015335083008,8.872030258178711,0.0,0.4334096312522888,0.18014001846313477,0.0,2.9425,
2355,5.062254905700684,8.387042045593262,0.03852766752243042,0.14883030951023102,0.10497523099184036,0.0,2.94375,
2356,8.140785217285156,8.38002872467041,0.0,0.307250440120697,0.1398135870695114,0.0,2.945,
2357,11.716424942016602,7.957655429840088,0.0,0.44501248002052307,0.17830528318881989,0.0,2.94625,
2358,9.517021179199219,7.677407264709473,0.20093059539794922,0.16217029094696045,0.13793498277664185,0.0,2.9475,
2359,5.687542915344238,8.525369644165039,0.09644504636526108,0.10905218869447708,0.16826224327087402,0.0,2.94875,
2360,4.291581153869629,8.14711856842041,0.06346184015274048,0.09061799943447113,0.13064377009868622,0.0,2.95,
2361,7.400123596191406,7.568488597869873,0.15203575789928436,0.12580814957618713,0.1311880201101303,0.0,2.95125,
2362,5.34222936630249,8.044501304626465,0.13124307990074158,0.062330588698387146,0.1431417167186737,0.0,2.9525,
2363,7.313879013061523,8.82588005065918,0.08347638696432114,0.1903156191110611,0.12510837614536285,0.0,2.95375,
2364,9.56727409362793,7.581004619598389,0.16925443708896637,0.19609175622463226,0.136734738945961,0.0,2.955,
2365,8.407906532287598,8.270323753356934,0.10506031662225723,0.21491631865501404,0.1146831139922142,0.0,2.95625,
2366,4.274069786071777,10.089615821838379,0.08523616939783096,0.07274811714887619,0.08296936005353928,0.0,2.9575,
2367,6.056929588317871,10.153947830200195,0.06682892888784409,0.1445179283618927,0.23172764480113983,0.0,2.95875,
2368,2.2804059982299805,10.111791610717773,0.0,0.06734929978847504,0.17868071794509888,0.0,2.96,
2369,11.448742866516113,9.95698356628418,0.05106320232152939,0.3885428309440613,0.12616725265979767,0.0,2.96125,
2370,6.417248725891113,9.189669609069824,0.041778188198804855,0.1965673863887787,0.1341964155435562,0.0,2.9625,
2371,5.581781387329102,8.433610916137695,0.08177760988473892,0.11779114603996277,0.17292483150959015,0.0,2.96375,
2372,3.0707950592041016,9.075514793395996,0.03868754580616951,0.06361900269985199,0.1504448652267456,0.0,2.965,
2373,4.820063591003418,8.47065544128418,0.0970197543501854,0.07518986612558365,0.15576601028442383,0.0,2.96625,
2374,4.837070465087891,9.61678409576416,0.0,0.16330474615097046,0.22796829044818878,0.0,2.9675,
2375,5.03798770904541,8.571304321289062,0.0681716799736023,0.11216747760772705,0.15531040728092194,0.0,2.96875,
2376,3.3292407989501953,9.261698722839355,0.07464859634637833,0.03457244113087654,0.175925612449646,0.0,2.97,
2377,7.15275764465332,9.558829307556152,0.01575303077697754,0.2511346638202667,0.1340373009443283,0.0,2.97125,
2378,2.7309789657592773,10.076092720031738,0.02296382188796997,0.06662581861019135,0.1403886377811432,0.0,2.9725,
2379,3.0056333541870117,8.593804359436035,0.03108670376241207,0.06973166763782501,0.13956719636917114,0.0,2.97375,
2380,6.824074745178223,9.109344482421875,0.16157864034175873,0.09030799567699432,0.15804825723171234,0.0,2.975,
2381,7.954255104064941,8.14840030670166,0.11843383312225342,0.17863774299621582,0.1504460722208023,0.0,2.97625,
2382,6.401514053344727,8.247444152832031,0.12608769536018372,0.1055440604686737,0.17486394941806793,0.0,2.9775,
2383,5.323854446411133,8.983133316040039,0.08621345460414886,0.09959696233272552,0.20911026000976562,0.0,2.97875,
2384,2.2308645248413086,9.401577949523926,0.01049119234085083,0.05641785264015198,0.17126905918121338,0.0,2.98,
2385,6.615442276000977,9.094744682312012,0.04908353090286255,0.1893632709980011,0.19928769767284393,0.0,2.98125,
2386,4.896177291870117,9.556500434875488,0.07633592933416367,0.09138388186693192,0.2117389440536499,0.0,2.9825,
2387,3.2208871841430664,9.642677307128906,0.0437779426574707,0.058158621191978455,0.19284571707248688,0.0,2.98375,
2388,5.272671699523926,8.781906127929688,0.05752493813633919,0.1334354728460312,0.14355652034282684,0.0,2.985,
2389,7.577847480773926,9.884325981140137,0.13511499762535095,0.14685894548892975,0.14923840761184692,0.0,2.98625,
2390,6.839459419250488,9.774572372436523,0.0,0.25223779678344727,0.15637840330600739,0.0,2.9875,
2391,2.7307729721069336,11.49724006652832,0.0,0.08962986618280411,0.14631442725658417,0.0,2.98875,
2392,6.9577178955078125,10.96712589263916,0.010288934223353863,0.24293917417526245,0.18460707366466522,0.0,2.99,
2393,15.434921264648438,9.74344253540039,0.003690441371873021,0.5941171646118164,0.14061233401298523,0.0,2.99125,
2394,7.271141052246094,8.745172500610352,0.11717633157968521,0.1521640568971634,0.14821119606494904,0.0,2.9925,
2395,11.0521879196167,9.72855281829834,0.019532084465026855,0.4007606506347656,0.15825696289539337,0.0,2.99375,
2396,10.197678565979004,10.720086097717285,0.025507986545562744,0.35233741998672485,0.22681482136249542,0.0,2.995,
2397,5.092526435852051,9.492351531982422,0.055669188499450684,0.12261214852333069,0.19423894584178925,0.0,2.99625,
2398,3.2611026763916016,9.750414848327637,0.045021653175354004,0.06161022558808327,0.17784179747104645,0.0,2.9975,
2399,6.336270332336426,10.17264461517334,0.19228553771972656,0.04031071811914444,0.14514172077178955,0.0,2.99875,
2400,5.00589656829834,8.63294792175293,0.06822279840707779,0.1119508147239685,0.13668005168437958,0.0,3.0,
2401,9.118757247924805,7.21960973739624,0.20730097591876984,0.13330645859241486,0.17955796420574188,0.0,3.00125,
2402,5.949068069458008,9.1287202835083,0.06984061002731323,0.14836207032203674,0.12555791437625885,0.0,3.0025,
2403,3.8608551025390625,9.575984001159668,0.04681873321533203,0.08373875170946121,0.17399384081363678,0.0,3.00375,
2404,2.8494977951049805,10.769010543823242,0.0,0.09520094841718674,0.12287092953920364,0.0,3.005,
2405,9.975104331970215,9.27804946899414,0.19497603178024292,0.18378488719463348,0.13561972975730896,0.0,3.00625,
2406,7.883519172668457,10.034132957458496,0.08011206239461899,0.21795253455638885,0.12416841834783554,0.0,3.0075,
2407,3.027115821838379,8.437357902526855,0.008317530155181885,0.08873028308153152,0.17183232307434082,0.0,3.00875,
2408,7.173394203186035,9.200080871582031,0.026123622432351112,0.2418886423110962,0.12814298272132874,0.0,3.01,
2409,7.835089683532715,8.947866439819336,0.08753699064254761,0.20341013371944427,0.1698688268661499,0.0,3.01125,
2410,8.043545722961426,8.24332046508789,0.016022881492972374,0.2788011133670807,0.20590703189373016,0.0,3.0125,
2411,4.933984756469727,7.8902740478515625,0.11154546588659286,0.06632626801729202,0.144647017121315,0.0,3.01375,
2412,5.737215042114258,8.087647438049316,0.10469707101583481,0.1043110340833664,0.1493922472000122,0.0,3.015,
2413,7.001176834106445,7.984560966491699,0.054336369037628174,0.2018807828426361,0.18004602193832397,0.0,3.01625,
2414,1.771657943725586,8.243025779724121,0.02344159409403801,0.024055087938904762,0.17004799842834473,0.0,3.0175,
2415,2.7482290267944336,9.396800994873047,0.0,0.09321559220552444,0.12184911221265793,0.0,3.01875,
2416,5.911953926086426,8.482030868530273,0.017770549282431602,0.1967429518699646,0.16551078855991364,0.0,3.02,
2417,5.414106369018555,8.886281967163086,0.06921287626028061,0.11895686388015747,0.21612252295017242,0.0,3.02125,
2418,3.150160789489746,9.494213104248047,0.038100022822618484,0.06144772842526436,0.1902511864900589,0.0,3.0225,
2419,5.228236675262451,8.01208782196045,0.0,0.18438276648521423,0.17515480518341064,0.0,3.02375,
2420,2.1665773391723633,8.341337203979492,0.05891255661845207,0.008926380425691605,0.1336526721715927,0.0,3.025,
2421,2.326361656188965,9.270060539245605,0.0,0.07677730917930603,0.10931947827339172,0.0,3.02625,
2422,7.917956829071045,7.894856929779053,0.08316439390182495,0.21564003825187683,0.12443238496780396,0.0,3.0275,
2423,7.1329545974731445,8.542196273803711,0.11229699850082397,0.1514761745929718,0.15872682631015778,0.0,3.02875,
2424,6.352939605712891,8.91706371307373,0.15208804607391357,0.08714324980974197,0.10533422231674194,0.0,3.03,
2425,4.330694675445557,7.983108043670654,0.04169992730021477,0.10676929354667664,0.17919790744781494,0.0,3.03125,
2426,6.141391754150391,10.2305326461792,0.07031281292438507,0.15753068029880524,0.1225246787071228,0.0,3.0325,
2427,7.908880233764648,7.152352809906006,0.12259560823440552,0.1724756360054016,0.15955491364002228,0.0,3.03375,
2428,4.39654541015625,8.089851379394531,0.051539063453674316,0.09583599120378494,0.20407480001449585,0.0,3.035,
2429,3.0282201766967773,8.904197692871094,0.006741901393979788,0.0936957448720932,0.14457283914089203,0.0,3.03625,
2430,2.27919864654541,9.79350757598877,0.0006105502252466977,0.06622771918773651,0.17544616758823395,0.0,3.0375,
2431,2.606034278869629,9.500449180603027,0.004233578685671091,0.07939115911722183,0.14498606324195862,0.0,3.03875,
2432,5.20726203918457,9.372246742248535,0.02086307667195797,0.16638430953025818,0.15197081863880157,0.0,3.04,
2433,6.421237945556641,8.879095077514648,0.03756721690297127,0.19756484031677246,0.15171903371810913,0.0,3.04125,
2434,5.230311393737793,9.300724983215332,0.07349691540002823,0.1093384325504303,0.19121216237545013,0.0,3.0425,
2435,5.529006004333496,8.988204956054688,0.1492193341255188,0.050413116812705994,0.14973874390125275,0.0,3.04375,
2436,7.925768852233887,8.660673141479492,0.012171229347586632,0.280629962682724,0.18385744094848633,0.0,3.045,
2437,4.359172821044922,6.836957931518555,0.05968340113759041,0.09275700151920319,0.15816496312618256,0.0,3.04625,
2438,8.911155700683594,8.84222412109375,0.04989969730377197,0.27911457419395447,0.1892382949590683,0.0,3.0475,
2439,9.498565673828125,7.4979376792907715,0.08818888664245605,0.2644961476325989,0.20162929594516754,0.0,3.04875,
2440,4.395925521850586,10.071764945983887,0.024958333000540733,0.12888431549072266,0.15348808467388153,0.0,3.05,
2441,6.700861930847168,9.981237411499023,0.11521925032138824,0.12973609566688538,0.171464741230011,0.0,3.05125,
2442,5.133701324462891,8.07882022857666,0.07238348573446274,0.11209513247013092,0.1512119323015213,0.0,3.0525,
2443,8.19303035736084,9.237105369567871,0.15115101635456085,0.1565181314945221,0.1353178173303604,0.0,3.05375,
2444,7.596800327301025,7.80949592590332,0.17384633421897888,0.10485601425170898,0.1801275759935379,0.0,3.055,
2445,7.928928375244141,8.746124267578125,0.07273788750171661,0.21486759185791016,0.2205091118812561,0.0,3.05625,
2446,2.8771352767944336,9.536694526672363,0.04492499306797981,0.04691112041473389,0.1721019148826599,0.0,3.0575,
2447,4.180034637451172,8.455487251281738,0.014776785857975483,0.1356983184814453,0.11079592257738113,0.0,3.05875,
2448,5.8193359375,8.168519020080566,0.044322311878204346,0.16411496698856354,0.18510717153549194,0.0,3.06,
2449,8.440573692321777,8.569764137268066,0.04583432152867317,0.26745307445526123,0.17787833511829376,0.0,3.06125,
2450,8.814160346984863,9.46777057647705,0.02254962921142578,0.3037793040275574,0.17938344180583954,0.0,3.0625,
2451,4.0839948654174805,8.67660140991211,0.04567265510559082,0.09667467325925827,0.1431657373905182,0.0,3.06375,
2452,1.989771842956543,8.118125915527344,0.025948742404580116,0.028109110891819,0.18727411329746246,0.0,3.065,
2453,12.756804466247559,10.262673377990723,0.0,0.48720782995224,0.17271636426448822,0.0,3.06625,
2454,11.936774253845215,9.029043197631836,0.08173602819442749,0.37200382351875305,0.16814185678958893,0.0,3.0675,
2455,3.937741279602051,8.96243953704834,0.04957284405827522,0.08243057131767273,0.17730526626110077,0.0,3.06875,
2456,5.9168901443481445,10.090253829956055,0.0,0.21462449431419373,0.15627044439315796,0.0,3.07,
2457,5.815675258636475,7.863544464111328,0.08267505466938019,0.12210968881845474,0.21782146394252777,0.0,3.07125,
2458,4.442995071411133,9.016592979431152,0.0,0.15419615805149078,0.15916644036769867,0.0,3.0725,
2459,4.786013126373291,7.287536144256592,0.0,0.17322629690170288,0.1227354183793068,0.0,3.07375,
2460,1.7515897750854492,8.872184753417969,0.012969116680324078,0.03951925039291382,0.118893563747406,0.0,3.075,
2461,6.401817321777344,9.11646556854248,0.0067581734620034695,0.2283632904291153,0.14599372446537018,0.0,3.07625,
2462,6.406252861022949,8.287302017211914,0.04007655382156372,0.19421184062957764,0.1584586650133133,0.0,3.0775,
2463,4.128422737121582,7.974352836608887,0.07713598012924194,0.0693097710609436,0.1269623041152954,0.0,3.07875,
2464,3.5000386238098145,7.91348934173584,0.0,0.12193077802658081,0.13329577445983887,0.0,3.08,
2465,4.568828105926514,6.853058815002441,0.08994559198617935,0.07599315047264099,0.12086688727140427,0.0,3.08125,
2466,4.1926093101501465,7.139606475830078,0.060977041721343994,0.091548390686512,0.1088559702038765,0.0,3.0825,
2467,2.6611289978027344,8.068887710571289,0.021095773205161095,0.06679856032133102,0.13637810945510864,0.0,3.08375,
2468,3.843874931335449,7.704868793487549,0.0,0.13623961806297302,0.1252119094133377,0.0,3.085,
2469,3.418731212615967,6.833057880401611,0.08367562294006348,0.0317271463572979,0.15189920365810394,0.0,3.08625,
2470,2.668097972869873,7.312965393066406,0.043010491877794266,0.042186763137578964,0.1512201577425003,0.0,3.0875,
2471,6.954484462738037,6.9783759117126465,0.016412535682320595,0.2421090006828308,0.13336235284805298,0.0,3.08875,
2472,7.612933158874512,8.85731315612793,0.014216561801731586,0.2745038866996765,0.10570934414863586,0.0,3.09,
2473,14.276383399963379,9.375457763671875,0.04206252098083496,0.5061885118484497,0.1631152182817459,0.0,3.09125,
2474,5.5415496826171875,7.944417953491211,0.10527714341878891,0.0967552438378334,0.14122949540615082,0.0,3.0925,
2475,5.18009614944458,7.665684223175049,0.07614459842443466,0.11158232390880585,0.13808298110961914,0.0,3.09375,
2476,4.305768013000488,8.437246322631836,0.11566219478845596,0.03714433312416077,0.12399902194738388,0.0,3.095,
2477,2.2321786880493164,8.294012069702148,0.04718923568725586,0.02406172826886177,0.1302718073129654,0.0,3.09625,
2478,3.145742416381836,8.443672180175781,0.013578057289123535,0.09306425601243973,0.13330502808094025,0.0,3.0975,
2479,5.181628227233887,8.92010498046875,0.043487489223480225,0.14447800815105438,0.13652215898036957,0.0,3.09875,
2480,6.831977844238281,9.637660026550293,0.02871924638748169,0.22287128865718842,0.15079905092716217,0.0,3.1,
2481,5.994647026062012,10.16961669921875,0.044327277690172195,0.16839927434921265,0.1908329576253891,0.0,3.10125,
2482,4.930807113647461,8.320539474487305,0.01457474660128355,0.16389544308185577,0.1325988471508026,0.0,3.1025,
2483,3.6801347732543945,9.397245407104492,0.07199772447347641,0.05081523209810257,0.1812470704317093,0.0,3.10375,
2484,1.4014577865600586,9.61444091796875,0.0,0.02760426513850689,0.1927708238363266,0.0,3.105,
2485,6.121700286865234,8.621033668518066,0.037468213587999344,0.18196158111095428,0.18055321276187897,0.0,3.10625,
2486,1.9079456329345703,9.463324546813965,0.021010616794228554,0.03321399539709091,0.15549065172672272,0.0,3.1075,
2487,1.90972900390625,8.268322944641113,0.014416933059692383,0.04523547738790512,0.11641612648963928,0.0,3.10875,
2488,4.5165510177612305,9.929914474487305,0.02069546841084957,0.13960780203342438,0.13595359027385712,0.0,3.11,
2489,8.631872177124023,8.004663467407227,0.01782558299601078,0.3063468933105469,0.1415911167860031,0.0,3.11125,
2490,6.278195381164551,8.850967407226562,0.07208231836557388,0.15761815011501312,0.14801330864429474,0.0,3.1125,
2491,5.815752029418945,9.013973236083984,0.02612568996846676,0.18878719210624695,0.1262941211462021,0.0,3.11375,
2492,5.689828872680664,8.94208812713623,0.1278960257768631,0.07968568056821823,0.133833110332489,0.0,3.115,
2493,5.6754255294799805,8.361169815063477,0.05512477830052376,0.14909663796424866,0.1607656329870224,0.0,3.11625,
2494,2.7645177841186523,9.436347961425781,0.020135819911956787,0.0677410215139389,0.15573014318943024,0.0,3.1175,
2495,7.433653831481934,9.721266746520996,0.05087568238377571,0.21615338325500488,0.2161957174539566,0.0,3.11875,
2496,4.442906379699707,8.25950813293457,0.05842747166752815,0.09548283368349075,0.17241311073303223,0.0,3.12,
2497,4.964201927185059,8.320662498474121,0.1465226113796234,0.028642874211072922,0.1730937361717224,0.0,3.12125,
2498,4.8546600341796875,9.282702445983887,0.06216982752084732,0.11130017787218094,0.14029675722122192,0.0,3.1225,
2499,4.784067153930664,9.802422523498535,0.03819775581359863,0.13179077208042145,0.15202350914478302,0.0,3.12375,
2500,4.883415699005127,7.875618934631348,0.059383492916822433,0.1067669689655304,0.2161005288362503,0.0,3.125,"[1.0907305479049683, 1.1794488430023193, 1.0126616954803467]"
2501,3.973829746246338,7.829860687255859,0.07229121774435043,0.05871276557445526,0.20180918276309967,0.0,3.12625,
2502,7.356307029724121,9.088557243347168,0.0035913388710469007,0.2707846760749817,0.13608834147453308,0.0,3.1275,
2503,5.4361572265625,9.806700706481934,0.030927855521440506,0.16523002088069916,0.14031903445720673,0.0,3.12875,
2504,6.859188079833984,9.05866527557373,0.03211299702525139,0.21675565838813782,0.18354249000549316,0.0,3.13,
2505,6.293951988220215,9.59984302520752,0.0,0.22577282786369324,0.1702912598848343,0.0,3.13125,
2506,8.771327018737793,9.903566360473633,0.09671914577484131,0.22725431621074677,0.1902397871017456,0.0,3.1325,
2507,7.615601539611816,9.596959114074707,0.010599911212921143,0.2701430320739746,0.16427332162857056,0.0,3.13375,
2508,4.942156791687012,10.033926010131836,0.04468001797795296,0.12036874890327454,0.24100469052791595,0.0,3.135,
2509,2.930826187133789,9.44154167175293,0.0,0.08894842118024826,0.19158147275447845,0.0,3.13625,
2510,3.143948554992676,8.895118713378906,0.014848391525447369,0.08574600517749786,0.16864460706710815,0.0,3.1375,
2511,3.7481932640075684,7.281771659851074,0.021223902702331543,0.10427068173885345,0.17809973657131195,0.0,3.13875,
2512,3.6817846298217773,8.110957145690918,0.030331453308463097,0.0930907353758812,0.1721131056547165,0.0,3.14,
2513,9.415205001831055,7.3651652336120605,0.21686238050460815,0.13752087950706482,0.16037455201148987,0.0,3.14125,
2514,7.0530195236206055,8.815194129943848,0.08348655700683594,0.1723373532295227,0.19890610873699188,0.0,3.1425,
2515,3.9875741004943848,7.936750411987305,0.09005707502365112,0.05154556408524513,0.11601481586694717,0.0,3.14375,
2516,6.238646030426025,7.771176815032959,0.06152443215250969,0.16197887063026428,0.18253205716609955,0.0,3.145,
2517,7.762617111206055,8.205658912658691,0.09184546768665314,0.1960671991109848,0.15999342501163483,0.0,3.14625,
2518,14.419921875,9.302279472351074,0.00993049144744873,0.5446051359176636,0.16369017958641052,0.0,3.1475,
2519,9.13499641418457,6.724318027496338,0.20716746151447296,0.1342577487230301,0.177007794380188,0.0,3.14875,
2520,4.8324079513549805,8.528316497802734,0.030508041381835938,0.1333857774734497,0.21425895392894745,0.0,3.15,
2521,8.034177780151367,7.53750467300415,0.15681587159633636,0.14018595218658447,0.18411703407764435,0.0,3.15125,
2522,3.567607879638672,7.953845977783203,0.0014341274509206414,0.11694373190402985,0.17582209408283234,0.0,3.1525,
2523,7.347002983093262,9.108251571655273,0.0833696722984314,0.1880291849374771,0.15584197640419006,0.0,3.15375,
2524,4.914807319641113,8.98047161102295,0.06335681676864624,0.1097964495420456,0.16110695898532867,0.0,3.155,
2525,4.551793098449707,8.608231544494629,0.1205519437789917,0.04164602607488632,0.13827140629291534,0.0,3.15625,
2526,10.127262115478516,9.099099159240723,0.0004532933235168457,0.3785337805747986,0.1759520024061203,0.0,3.1575,
2527,1.6990280151367188,9.452919960021973,0.018768012523651123,0.02199941873550415,0.18523412942886353,0.0,3.15875,
2528,9.351052284240723,12.110604286193848,0.05844249203801155,0.29085859656333923,0.15543310344219208,0.0,3.16,
2529,2.570315361022949,9.510390281677246,0.04880080744624138,0.03418397903442383,0.12622813880443573,0.0,3.16125,
2530,14.754207611083984,8.613449096679688,0.10792889446020126,0.46221068501472473,0.13687698543071747,0.0,3.1625,
2531,6.6486053466796875,8.186205863952637,0.1501641720533371,0.0914512574672699,0.16352558135986328,0.0,3.16375,
2532,6.36860466003418,9.063874244689941,0.018249234184622765,0.21510715782642365,0.1216600239276886,0.0,3.165,
2533,5.233395576477051,8.196633338928223,0.03876851126551628,0.14237383008003235,0.18197274208068848,0.0,3.16625,
2534,10.542801856994629,9.292974472045898,0.06050141528248787,0.33277156949043274,0.18849022686481476,0.0,3.1675,
2535,10.380744934082031,8.831171035766602,0.06404342502355576,0.326565146446228,0.17465840280056,0.0,3.16875,
2536,10.86585807800293,7.162675380706787,0.06935080140829086,0.34455254673957825,0.1517106145620346,0.0,3.17,
2537,13.293585777282715,9.56076717376709,0.18538622558116913,0.3259562849998474,0.13674475252628326,0.0,3.17125,
2538,7.413054466247559,9.459107398986816,0.03454025462269783,0.23816639184951782,0.1661078929901123,0.0,3.1725,
2539,5.90803337097168,7.942782878875732,0.10534889996051788,0.10039927065372467,0.21593357622623444,0.0,3.17375,
2540,4.626893520355225,7.806038856506348,0.08645910024642944,0.07798805832862854,0.15048523247241974,0.0,3.175,
2541,1.9606218338012695,8.489130973815918,0.027568936347961426,0.023103680461645126,0.2001182585954666,0.0,3.17625,
2542,8.89079475402832,9.180724143981934,0.06967254728078842,0.26619380712509155,0.14406655728816986,0.0,3.1775,
2543,2.654513359069824,8.424495697021484,0.02003602124750614,0.06166209280490875,0.17373418807983398,0.0,3.17875,
2544,10.47531509399414,8.584388732910156,0.05304573103785515,0.344690203666687,0.14787550270557404,0.0,3.18,
2545,4.941258430480957,9.360197067260742,0.15366099774837494,0.02005159854888916,0.15020598471164703,0.0,3.18125,
2546,9.611019134521484,9.52798080444336,0.08556272834539413,0.2703379690647125,0.20421405136585236,0.0,3.1825,
2547,3.2436437606811523,8.647439002990723,0.0,0.10429616272449493,0.1682024598121643,0.0,3.18375,
2548,4.604513168334961,9.902955055236816,0.012471795082092285,0.1423366516828537,0.19260424375534058,0.0,3.185,
2549,6.31644344329834,8.210298538208008,0.05120960995554924,0.17972272634506226,0.13373832404613495,0.0,3.18625,
2550,9.274005889892578,9.745548248291016,0.0748838558793068,0.27147457003593445,0.16726095974445343,0.0,3.1875,
2551,6.895089149475098,9.540702819824219,0.0,0.25487202405929565,0.1457207202911377,0.0,3.18875,
2552,5.111991882324219,8.78620719909668,0.019906679168343544,0.16122908890247345,0.1568911224603653,0.0,3.19,
2553,6.940512180328369,7.555306911468506,0.09608014672994614,0.1582777202129364,0.1514231562614441,0.0,3.19125,
2554,5.602234840393066,9.00589370727539,0.03420060873031616,0.16627630591392517,0.16810055077075958,0.0,3.1925,
2555,5.638185501098633,9.299575805664062,0.08007577806711197,0.12448678910732269,0.14362432062625885,0.0,3.19375,
2556,6.316376686096191,8.517496109008789,0.03350716829299927,0.1996196210384369,0.13935327529907227,0.0,3.195,
2557,4.715106010437012,8.6884765625,0.05705009028315544,0.10767273604869843,0.16922982037067413,0.0,3.19625,
2558,7.800765514373779,7.94062614440918,0.11528215557336807,0.17214550077915192,0.1817273050546646,0.0,3.1975,
2559,6.313803672790527,8.52395248413086,0.08200886100530624,0.14971181750297546,0.1470775008201599,0.0,3.19875,
2560,9.201703071594238,8.237425804138184,0.12934423983097076,0.2110060751438141,0.19807463884353638,0.0,3.2,
2561,9.87222957611084,8.201078414916992,0.14319393038749695,0.23165762424468994,0.14228607714176178,0.0,3.20125,
2562,5.070705413818359,8.59763240814209,0.053364116698503494,0.12703055143356323,0.16053958237171173,0.0,3.2025,
2563,6.313721656799316,8.278921127319336,0.15943995118141174,0.06822280585765839,0.1818418651819229,0.0,3.20375,
2564,7.480939865112305,9.507994651794434,0.07663089036941528,0.19981029629707336,0.15828175842761993,0.0,3.205,
2565,10.42840576171875,7.944614887237549,0.027736425399780273,0.36217546463012695,0.20170609652996063,0.0,3.20625,
2566,9.89020824432373,8.42801570892334,0.05579622462391853,0.3181988596916199,0.15202829241752625,0.0,3.2075,
2567,11.3289794921875,8.147449493408203,0.1517135202884674,0.2781354784965515,0.16149893403053284,0.0,3.20875,
2568,4.627857208251953,10.0520601272583,0.0920248031616211,0.06758104264736176,0.1799435168504715,0.0,3.21,
2569,3.784489631652832,9.368865013122559,6.071726602385752e-05,0.1233377605676651,0.1963220089673996,0.0,3.21125,
2570,5.121584892272949,7.65465784072876,0.109954334795475,0.0672765001654625,0.1982889026403427,0.0,3.2125,
2571,6.453923225402832,8.86897087097168,0.06703164428472519,0.16933661699295044,0.14622385799884796,0.0,3.21375,
2572,4.865556716918945,10.345416069030762,0.022551914677023888,0.14498387277126312,0.19326113164424896,0.0,3.215,
2573,2.369023323059082,8.96517562866211,0.0036390821915119886,0.07273980230093002,0.12362635135650635,0.0,3.21625,
2574,2.5076217651367188,9.458288192749023,0.027346333488821983,0.050474613904953,0.15116284787654877,0.0,3.2175,
2575,4.1771650314331055,8.284496307373047,0.07442518323659897,0.06827329099178314,0.16469396650791168,0.0,3.21875,
2576,4.94857120513916,8.093172073364258,0.026521384716033936,0.1463356912136078,0.1741679310798645,0.0,3.22,
2577,3.850513458251953,9.611458778381348,0.04341381788253784,0.08537217974662781,0.17632877826690674,0.0,3.22125,
2578,4.831112861633301,8.877999305725098,0.01828211545944214,0.15270206332206726,0.1571909487247467,0.0,3.2225,
2579,1.394404411315918,9.104467391967773,0.010616183280944824,0.019510746002197266,0.18201126158237457,0.0,3.22375,
2580,8.595593452453613,8.095623016357422,0.19603675603866577,0.12772811949253082,0.14352835714817047,0.0,3.225,
2581,1.626211166381836,9.478306770324707,0.029237329959869385,0.01105362270027399,0.16967134177684784,0.0,3.22625,
2582,4.892939567565918,9.08659553527832,0.018381258472800255,0.14500045776367188,0.2364875078201294,0.0,3.2275,
2583,5.401186943054199,9.91884994506836,0.028220772743225098,0.16164261102676392,0.18469573557376862,0.0,3.22875,
2584,6.061525344848633,9.746687889099121,0.020768027752637863,0.1987062692642212,0.15484876930713654,0.0,3.23,
2585,8.309353828430176,8.901847839355469,0.14335815608501434,0.16755199432373047,0.15174467861652374,0.0,3.23125,
2586,4.057147979736328,9.724961280822754,0.0030902426224201918,0.14072877168655396,0.12732326984405518,0.0,3.2325,
2587,3.4362525939941406,8.503646850585938,0.01758939027786255,0.09806180745363235,0.15074069797992706,0.0,3.23375,
2588,2.40621280670166,8.836735725402832,0.0,0.06995930522680283,0.18543648719787598,0.0,3.235,
2589,4.302800178527832,9.684618949890137,0.023581823334097862,0.12564684450626373,0.15075697004795074,0.0,3.23625,
2590,7.801833152770996,8.684056282043457,0.01752936840057373,0.2718965709209442,0.1579035520553589,0.0,3.2375,
2591,6.0672454833984375,8.570159912109375,0.0826474279165268,0.14306354522705078,0.118105947971344,0.0,3.23875,
2592,3.0325894355773926,7.7123894691467285,0.0,0.09429064393043518,0.1894071251153946,0.0,3.24,
2593,6.638472557067871,8.670624732971191,0.15934082865715027,0.08040475845336914,0.18405288457870483,0.0,3.24125,
2594,9.023856163024902,8.61620044708252,0.09883568435907364,0.23829157650470734,0.1638169139623642,0.0,3.2425,
2595,3.120638847351074,9.239764213562012,0.018806934356689453,0.07913096994161606,0.1939495950937271,0.0,3.24375,
2596,5.627458572387695,8.546862602233887,0.0,0.20144197344779968,0.17095942795276642,0.0,3.245,
2597,6.834006309509277,10.019452095031738,0.0,0.24761828780174255,0.17523939907550812,0.0,3.24625,
2598,4.776613235473633,10.213395118713379,0.026167133823037148,0.14455902576446533,0.13562652468681335,0.0,3.2475,
2599,4.33144474029541,9.430970191955566,0.08857271820306778,0.06904146820306778,0.09718116372823715,0.0,3.24875,
2600,4.369020938873291,7.898496627807617,0.09494177997112274,0.05976618453860283,0.13958311080932617,0.0,3.25,
2601,7.755606174468994,7.284117221832275,0.1546691209077835,0.1349967122077942,0.14133022725582123,0.0,3.25125,
2602,4.2289018630981445,9.214982986450195,0.026542484760284424,0.11925124377012253,0.14989037811756134,0.0,3.2525,
2603,4.338008880615234,9.383570671081543,0.07239814847707748,0.08447086811065674,0.10835825651884079,0.0,3.25375,
2604,3.1232481002807617,9.692795753479004,0.024277668446302414,0.07953564077615738,0.1320417821407318,0.0,3.255,
2605,4.875061988830566,8.753774642944336,0.03289874270558357,0.13281096518039703,0.2010038048028946,0.0,3.25625,
2606,8.55794620513916,8.12054443359375,0.032633960247039795,0.2843256890773773,0.17436254024505615,0.0,3.2575,
2607,4.76998233795166,8.120614051818848,0.0464136004447937,0.11796031892299652,0.1820296049118042,0.0,3.25875,
2608,6.966536521911621,9.310714721679688,0.16360996663570404,0.08778533339500427,0.19062833487987518,0.0,3.26,
2609,4.815743446350098,10.105188369750977,0.02676445245742798,0.14833275973796844,0.10745599120855331,0.0,3.26125,
2610,3.3459367752075195,9.22191047668457,0.0,0.10930801182985306,0.16158853471279144,0.0,3.2625,
2611,6.275073051452637,9.758871078491211,0.006042897701263428,0.21776998043060303,0.19261831045150757,0.0,3.26375,
2612,2.455463409423828,9.384675979614258,0.053186893463134766,0.018504908308386803,0.18587557971477509,0.0,3.265,
2613,8.082549095153809,8.584683418273926,0.008245269767940044,0.2984476089477539,0.10896121710538864,0.0,3.26625,
2614,5.553055763244629,8.54822826385498,0.18024657666683197,0.02292085438966751,0.131802037358284,0.0,3.2675,
2615,14.224963188171387,8.17187213897705,0.0,0.5456786155700684,0.15890008211135864,0.0,3.26875,
2616,6.622227668762207,8.143438339233398,0.025703728199005127,0.21502619981765747,0.16582410037517548,0.0,3.27,
2617,7.38919734954834,8.96960735321045,0.08137957006692886,0.19418558478355408,0.1401999443769455,0.0,3.27125,
2618,4.062619686126709,7.9377570152282715,0.06402665376663208,0.07591287791728973,0.15485310554504395,0.0,3.2725,
2619,5.150517463684082,8.91996955871582,0.0499313659965992,0.1331171691417694,0.15864324569702148,0.0,3.27375,
2620,4.8460893630981445,8.970868110656738,0.02677631378173828,0.14328983426094055,0.16317208111286163,0.0,3.275,
2621,8.072534561157227,7.5439629554748535,0.13315117359161377,0.1667897254228592,0.15341530740261078,0.0,3.27625,
2622,4.480884552001953,8.757168769836426,0.07636246830224991,0.07659348100423813,0.18046534061431885,0.0,3.2775,
2623,4.942091941833496,9.001530647277832,0.03689941018819809,0.13873478770256042,0.15444202721118927,0.0,3.27875,
2624,3.964535713195801,9.664102554321289,0.006031116005033255,0.12831950187683105,0.1658739298582077,0.0,3.28,
2625,3.218048095703125,9.204139709472656,0.013641794212162495,0.08901511132717133,0.17772696912288666,0.0,3.28125,
2626,4.46174430847168,9.095928192138672,0.0025763113517314196,0.15302297472953796,0.15711933374404907,0.0,3.2825,
2627,8.431086540222168,9.420988082885742,0.08097539097070694,0.23834381997585297,0.11302682757377625,0.0,3.28375,
2628,8.127779960632324,8.82352066040039,0.03345578908920288,0.2722850441932678,0.12905581295490265,0.0,3.285,
2629,11.1415433883667,9.851089477539062,0.0,0.42205169796943665,0.16620390117168427,0.0,3.28625,
2630,8.570387840270996,8.170557022094727,0.15466593205928802,0.16705025732517242,0.13749362528324127,0.0,3.2875,
2631,4.693161964416504,9.227860450744629,0.08426880836486816,0.08427315950393677,0.12991152703762054,0.0,3.28875,
2632,9.464520454406738,9.740836143493652,0.1080101728439331,0.24745595455169678,0.14711003005504608,0.0,3.29,
2633,2.799610137939453,7.762657165527344,0.030905744060873985,0.06049962341785431,0.13437680900096893,0.0,3.29125,
2634,8.296424865722656,7.654025554656982,0.1414700448513031,0.16992853581905365,0.14275483787059784,0.0,3.2925,
2635,7.583344459533691,8.25947093963623,0.17497488856315613,0.10974201560020447,0.12202281504869461,0.0,3.29375,
2636,9.16954517364502,8.69388198852539,0.01774386689066887,0.32351216673851013,0.17782722413539886,0.0,3.295,
2637,7.076959609985352,9.738125801086426,0.010372619144618511,0.2453210949897766,0.18403780460357666,0.0,3.29625,
2638,4.35578727722168,8.044024467468262,0.08429130166769028,0.07229011505842209,0.10889196395874023,0.0,3.2975,
2639,4.749761581420898,9.651615142822266,0.009304623119533062,0.1549300104379654,0.17327727377414703,0.0,3.29875,
2640,3.2368555068969727,9.080865859985352,0.06099885702133179,0.04788636416196823,0.14074192941188812,0.0,3.3,
2641,8.737710952758789,7.971903324127197,0.21475878357887268,0.11145438998937607,0.15241116285324097,0.0,3.30125,
2642,4.433363914489746,9.074384689331055,0.05069051310420036,0.09562589973211288,0.2087114453315735,0.0,3.3025,
2643,3.117809295654297,9.962716102600098,0.019622206687927246,0.08005538582801819,0.15897823870182037,0.0,3.30375,
2644,2.9664077758789062,9.068887710571289,0.03180418536067009,0.057377442717552185,0.20486187934875488,0.0,3.305,
2645,2.777862548828125,9.327614784240723,0.04085638001561165,0.045289695262908936,0.16112487018108368,0.0,3.30625,
2646,8.910199165344238,9.6300630569458,0.0,0.32810160517692566,0.18902115523815155,0.0,3.3075,
2647,6.463359832763672,9.193022727966309,0.025025149807333946,0.21452747285366058,0.12432357668876648,0.0,3.30875,
2648,9.62861156463623,9.732714653015137,0.11913885921239853,0.24248003959655762,0.158066526055336,0.0,3.31,
2649,6.078116416931152,12.322105407714844,0.008319894783198833,0.21286147832870483,0.13920137286186218,0.0,3.31125,
2650,8.654248237609863,10.083261489868164,0.0,0.3248894512653351,0.14786511659622192,0.0,3.3125,
2651,3.729800224304199,8.91170597076416,0.02701890468597412,0.10224565118551254,0.13573525846004486,0.0,3.31375,
2652,3.6823883056640625,9.363429069519043,0.03517723083496094,0.09388267993927002,0.11867990344762802,0.0,3.315,
2653,7.206437110900879,8.383115768432617,0.13940906524658203,0.1312139928340912,0.11608552187681198,0.0,3.31625,
2654,3.729290008544922,8.506091117858887,0.0930388793349266,0.03905123472213745,0.1106390729546547,0.0,3.3175,
2655,4.654262542724609,9.129449844360352,0.07018622010946274,0.0901816114783287,0.17635363340377808,0.0,3.31875,
2656,8.824066162109375,8.25362491607666,0.0037538011092692614,0.32309016585350037,0.18030206859111786,0.0,3.32,
2657,6.1748504638671875,9.84514045715332,0.007749001029878855,0.21428996324539185,0.1691257208585739,0.0,3.32125,
2658,17.88558578491211,8.954349517822266,0.0,0.6980255842208862,0.11951113492250443,0.0,3.3225,
2659,4.4827165603637695,9.51876449584961,0.022542458027601242,0.13046498596668243,0.1777545064687729,0.0,3.32375,
2660,8.516138076782227,9.616480827331543,0.0,0.31401240825653076,0.1829749196767807,0.0,3.325,
2661,5.481870174407959,7.918778419494629,0.06868360191583633,0.1320391297340393,0.12634558975696564,0.0,3.32625,
2662,9.628074645996094,8.924101829528809,0.08272433280944824,0.27953290939331055,0.1597031205892563,0.0,3.3275,
2663,8.279147148132324,9.469022750854492,0.04765176773071289,0.2652200758457184,0.12215059250593185,0.0,3.32875,
2664,8.80189323425293,7.655553817749023,0.08803609758615494,0.24117256700992584,0.1523052453994751,0.0,3.33,
2665,6.680790901184082,8.719779968261719,0.024970313534140587,0.22386372089385986,0.1214684471487999,0.0,3.33125,
2666,4.801458358764648,8.46780014038086,0.08487492799758911,0.08894840627908707,0.11981099843978882,0.0,3.3325,
2667,4.504615306854248,7.683112621307373,0.04890533164143562,0.11197052896022797,0.12813372910022736,0.0,3.33375,
2668,5.713863372802734,7.999385833740234,0.136259526014328,0.06909473985433578,0.1585492640733719,0.0,3.335,
2669,3.125232696533203,8.633763313293457,0.011920114047825336,0.0903276801109314,0.15480230748653412,0.0,3.33625,
2670,3.179032325744629,8.972734451293945,0.005937059875577688,0.0986572876572609,0.1517927348613739,0.0,3.3375,
2671,3.6047325134277344,8.872271537780762,0.013666133396327496,0.11196129024028778,0.11977192014455795,0.0,3.33875,
2672,2.479839324951172,8.817529678344727,0.00644703721627593,0.07514053583145142,0.11385975033044815,0.0,3.34,
2673,2.6722278594970703,9.165190696716309,0.0006123582716099918,0.08820047229528427,0.11742912977933884,0.0,3.34125,
2674,5.667868614196777,9.250910758972168,0.11596914380788803,0.08957181870937347,0.13325823843479156,0.0,3.3425,
2675,4.232544898986816,9.66916561126709,0.08207982778549194,0.06531869620084763,0.1437017172574997,0.0,3.34375,
2676,5.263190269470215,8.743229866027832,0.16064949333667755,0.03106807917356491,0.1222640872001648,0.0,3.345,
2677,7.225390434265137,8.681206703186035,0.06181748956441879,0.19680675864219666,0.2117072194814682,0.0,3.34625,
2678,7.469124794006348,8.437821388244629,0.08813335001468658,0.185510516166687,0.16780488193035126,0.0,3.3475,
2679,7.580323696136475,6.7332072257995605,0.17920370399951935,0.10291074216365814,0.13873247802257538,0.0,3.34875,
2680,2.4433059692382812,7.8959527015686035,0.048013366758823395,0.03128111734986305,0.11558016389608383,0.0,3.35,
2681,4.810548782348633,8.638494491577148,0.08902078866958618,0.08162309229373932,0.15071874856948853,0.0,3.35125,
2682,6.165575981140137,9.596756935119629,0.004242360591888428,0.21396754682064056,0.18787743151187897,0.0,3.3525,
2683,2.1166257858276367,9.686643600463867,0.0,0.058544449508190155,0.1669401377439499,0.0,3.35375,
2684,4.005975723266602,9.932245254516602,0.029102245345711708,0.10532615333795547,0.16919247806072235,0.0,3.355,
2685,3.803524971008301,9.00822925567627,0.0,0.12371402978897095,0.19334597885608673,0.0,3.35625,
2686,8.96043872833252,8.97264575958252,0.0,0.3303317427635193,0.18903964757919312,0.0,3.3575,
2687,5.08403205871582,8.737696647644043,0.02996792457997799,0.1467645913362503,0.15710948407649994,0.0,3.35875,
2688,8.27332592010498,10.035619735717773,0.0076569318771362305,0.3034144639968872,0.11687245219945908,0.0,3.36,
2689,8.628081321716309,10.03549575805664,0.004512508865445852,0.31011807918548584,0.2008374184370041,0.0,3.36125,
2690,2.7763900756835938,9.17879867553711,0.03668397665023804,0.047653406858444214,0.17999231815338135,0.0,3.3625,
2691,4.236790657043457,8.379127502441406,0.09718290716409683,0.045787833631038666,0.16030992567539215,0.0,3.36375,
2692,2.0535268783569336,8.829632759094238,0.0034007031936198473,0.05287616699934006,0.1712852269411087,0.0,3.365,
2693,11.639476776123047,7.013740539550781,0.15078234672546387,0.2960989475250244,0.12513291835784912,0.0,3.36625,
2694,4.544130325317383,7.687479496002197,0.029687443748116493,0.12985193729400635,0.14529678225517273,0.0,3.3675,
2695,7.922935962677002,7.5738959312438965,0.020843982696533203,0.27062103152275085,0.1643393635749817,0.0,3.36875,
2696,4.326028823852539,8.613675117492676,0.0676758885383606,0.08091965317726135,0.16304446756839752,0.0,3.37,
2697,3.7797317504882812,8.827715873718262,0.0014224648475646973,0.1325112283229828,0.10102414339780807,0.0,3.37125,
2698,4.5174126625061035,8.000954627990723,0.036868829280138016,0.12532398104667664,0.11610452085733414,0.0,3.3725,
2699,3.5833001136779785,7.487644672393799,0.037647146731615067,0.0797717273235321,0.1692381054162979,0.0,3.37375,
2700,4.846761226654053,8.05174732208252,0.07577335834503174,0.08557742089033127,0.20177061855793,0.0,3.375,
2701,5.854084014892578,7.5776848793029785,0.02122543193399906,0.18891194462776184,0.14403754472732544,0.0,3.37625,
2702,2.2247543334960938,8.968635559082031,0.012548248283565044,0.04279428720474243,0.22757618129253387,0.0,3.3775,
2703,4.912161827087402,8.717647552490234,0.0927467793226242,0.07992871850728989,0.16120773553848267,0.0,3.37875,
2704,6.126954555511475,7.538266658782959,0.007246176712214947,0.21193547546863556,0.1737506240606308,0.0,3.38,
2705,11.176924705505371,8.515430450439453,0.10520424693822861,0.31519991159439087,0.16203582286834717,0.0,3.38125,
2706,3.569735527038574,8.446608543395996,0.08697208017110825,0.030241094529628754,0.15868417918682098,0.0,3.3825,
2707,4.770787239074707,8.196952819824219,0.0,0.16717705130577087,0.14669986069202423,0.0,3.38375,
2708,2.934244155883789,8.348209381103516,0.03696282580494881,0.0584397166967392,0.1508810669183731,0.0,3.385,
2709,3.938863754272461,9.31885814666748,0.04681605100631714,0.08628621697425842,0.15419656038284302,0.0,3.38625,
2710,3.868697166442871,8.503286361694336,0.02090366743505001,0.11006024479866028,0.1538032740354538,0.0,3.3875,
2711,6.284358024597168,9.7575044631958,0.0028667051810771227,0.2198217213153839,0.18229947984218597,0.0,3.38875,
2712,3.5413522720336914,8.806435585021973,0.00476449728012085,0.11221098899841309,0.146036759018898,0.0,3.39,
2713,6.064464569091797,9.779247283935547,0.0,0.21347440779209137,0.1997094601392746,0.0,3.39125,
2714,1.7707090377807617,9.935277938842773,0.019359350204467773,0.024773836135864258,0.17367684841156006,0.0,3.3925,
2715,2.9564313888549805,8.851899147033691,0.0420069694519043,0.050831809639930725,0.1653481274843216,0.0,3.39375,
2716,12.474230766296387,8.41605281829834,0.015763860195875168,0.4648965299129486,0.10496047884225845,0.0,3.395,
2717,8.711270332336426,8.538370132446289,0.001166999340057373,0.32528042793273926,0.14603406190872192,0.0,3.39625,
2718,1.5882749557495117,7.7985124588012695,0.022513428702950478,0.02136404812335968,0.12220519036054611,0.0,3.3975,
2719,6.150295257568359,9.072349548339844,0.04733280465006828,0.1763090044260025,0.14418426156044006,0.0,3.39875,
2720,4.139468193054199,8.559633255004883,0.04739471152424812,0.09684690833091736,0.1385905146598816,0.0,3.4,
2721,7.248345375061035,9.411585807800293,0.012649078853428364,0.2568725347518921,0.13477277755737305,0.0,3.40125,
2722,9.455851554870605,8.630558967590332,0.02973363921046257,0.32369863986968994,0.1665218025445938,0.0,3.4025,
2723,5.273643493652344,8.59627914428711,0.042844176292419434,0.14584091305732727,0.13861478865146637,0.0,3.40375,
2724,5.036707878112793,9.217281341552734,0.052588265389204025,0.12547090649604797,0.14939917623996735,0.0,3.405,
2725,6.502108573913574,9.549617767333984,0.05847178027033806,0.17968207597732544,0.1411619335412979,0.0,3.40625,
2726,7.189558982849121,10.034996032714844,0.17482499778270721,0.08832606673240662,0.16219712793827057,0.0,3.4075,
2727,5.202895164489746,10.909761428833008,0.0,0.18136686086654663,0.15932534635066986,0.0,3.40875,
2728,3.057544708251953,10.36776065826416,0.014728586189448833,0.085285983979702,0.14559108018875122,0.0,3.41,
2729,7.17929744720459,8.994625091552734,0.09382947534322739,0.17081183195114136,0.14264510571956635,0.0,3.41125,
2730,4.967983245849609,9.286453247070312,0.0,0.1788310706615448,0.1310366690158844,0.0,3.4125,
2731,6.237539291381836,9.546990394592285,0.07164045423269272,0.15892069041728973,0.11926599591970444,0.0,3.41375,
2732,3.922189712524414,10.483915328979492,0.09518839418888092,0.04143286496400833,0.1358487457036972,0.0,3.415,
2733,6.828125953674316,8.071366310119629,0.10887038707733154,0.14000889658927917,0.1604461520910263,0.0,3.41625,
2734,2.550471305847168,8.322298049926758,0.02990400791168213,0.05302046239376068,0.1283838301897049,0.0,3.4175,
2735,5.196494102478027,8.181998252868652,0.09824647009372711,0.08831226080656052,0.13844722509384155,0.0,3.41875,
2736,5.5993242263793945,8.911469459533691,0.014660795219242573,0.17900371551513672,0.20376922190189362,0.0,3.42,
2737,5.621371269226074,9.441747665405273,0.006842275615781546,0.18901817500591278,0.19862250983715057,0.0,3.42125,
2738,4.165921211242676,8.584315299987793,0.036240119487047195,0.1042262464761734,0.17482666671276093,0.0,3.4225,
2739,4.760061264038086,8.62514591217041,0.07036139070987701,0.09409002959728241,0.17160731554031372,0.0,3.42375,
2740,8.074774742126465,8.887734413146973,0.21476233005523682,0.08371291309595108,0.1623617708683014,0.0,3.425,
2741,1.0673999786376953,7.912576675415039,0.0,0.021986890584230423,0.13559256494045258,0.0,3.42625,
2742,4.876725196838379,8.118403434753418,0.030667245388031006,0.13811546564102173,0.17198945581912994,0.0,3.4275,
2743,11.085405349731445,7.86544942855835,0.05280977487564087,0.3725864291191101,0.12229476124048233,0.0,3.42875,
2744,2.6027116775512695,8.654645919799805,0.033269066363573074,0.04251883551478386,0.18786410987377167,0.0,3.43,
2745,6.444685459136963,7.983063697814941,0.10559983551502228,0.12109293043613434,0.21533997356891632,0.0,3.43125,
2746,9.288232803344727,7.966177463531494,0.009220302104949951,0.3392609655857086,0.15329991281032562,0.0,3.4325,
2747,5.128965377807617,8.785165786743164,0.051641661673784256,0.12749744951725006,0.17234067618846893,0.0,3.43375,
2748,5.445282936096191,8.069826126098633,0.0,0.19363035261631012,0.1598435789346695,0.0,3.435,
2749,4.956977844238281,7.704037189483643,0.006262441631406546,0.16544556617736816,0.17182141542434692,0.0,3.43625,
2750,7.511693954467773,8.026564598083496,0.06679102033376694,0.21267862617969513,0.13829106092453003,0.0,3.4375,
2751,5.95040225982666,9.40583610534668,0.0715327039361,0.14627686142921448,0.12400495260953903,0.0,3.43875,
2752,10.114519119262695,7.60351037979126,0.31170740723609924,0.06469976902008057,0.19349665939807892,0.0,3.44,
2753,5.217319488525391,7.484465599060059,0.14126399159431458,0.044253841042518616,0.15153972804546356,0.0,3.44125,
2754,4.285406112670898,8.296135902404785,0.022247493267059326,0.12746787071228027,0.13948410749435425,0.0,3.4425,
2755,6.198340892791748,7.775973320007324,0.1749996840953827,0.0517837293446064,0.12803271412849426,0.0,3.44375,
2756,4.339780807495117,8.346899032592773,0.07943637669086456,0.0709240585565567,0.146025612950325,0.0,3.445,
2757,0.6503429412841797,8.787755966186523,0.0,0.006471333559602499,0.12358371168375015,0.0,3.44625,
2758,3.1604928970336914,8.436469078063965,0.05769550800323486,0.04200468957424164,0.17538702487945557,0.0,3.4475,
2759,5.3154754638671875,9.34397029876709,0.0,0.1835705190896988,0.19162802398204803,0.0,3.44875,
2760,11.487005233764648,8.090006828308105,0.058297693729400635,0.37763363122940063,0.1548200249671936,0.0,3.45,
2761,5.287445068359375,6.7010884284973145,0.12594561278820038,0.06123596802353859,0.16386616230010986,0.0,3.45125,
2762,4.770285606384277,9.995015144348145,0.0,0.1650746464729309,0.17191827297210693,0.0,3.4525,
2763,1.9230031967163086,9.191817283630371,0.0,0.05369465425610542,0.14724360406398773,0.0,3.45375,
2764,8.395263671875,9.776554107666016,0.0,0.3046288788318634,0.21068473160266876,0.0,3.455,
2765,8.106553077697754,8.140515327453613,0.14198312163352966,0.15603743493556976,0.1752728968858719,0.0,3.45625,
2766,5.242729187011719,7.5946946144104,0.05158776044845581,0.12720385193824768,0.20730364322662354,0.0,3.4575,
2767,4.079726219177246,8.376280784606934,0.00851645041257143,0.13005556166172028,0.15794919431209564,0.0,3.45875,
2768,5.394665718078613,8.237911224365234,0.08355458825826645,0.11153918504714966,0.1308550387620926,0.0,3.46,
2769,9.785209655761719,9.652931213378906,0.03733847662806511,0.3251568078994751,0.19092406332492828,0.0,3.46125,
2770,7.082511901855469,9.316003799438477,0.006718814373016357,0.2468905746936798,0.1972518116235733,0.0,3.4625,
2771,4.862970352172852,9.441178321838379,0.022768935188651085,0.14261849224567413,0.19712580740451813,0.0,3.46375,
2772,7.978039741516113,9.596323013305664,0.05162890627980232,0.24063453078269958,0.1804763823747635,0.0,3.465,
2773,4.866917610168457,8.550748825073242,0.07156819105148315,0.0953841358423233,0.180846706032753,0.0,3.46625,
2774,5.6866865158081055,9.058011054992676,0.02356499433517456,0.184957817196846,0.11398354917764664,0.0,3.4675,
2775,11.870344161987305,7.443688869476318,0.04974097013473511,0.3965908885002136,0.19061730802059174,0.0,3.46875,
2776,5.656406402587891,8.59316635131836,0.04054645821452141,0.15991567075252533,0.17414437234401703,0.0,3.47,
2777,3.324687957763672,8.54108715057373,0.0419732928276062,0.0644954964518547,0.17274510860443115,0.0,3.47125,
2778,2.3393516540527344,8.591107368469238,0.020182311534881592,0.04713065177202225,0.17187130451202393,0.0,3.4725,
2779,8.421692848205566,8.792036056518555,0.07677668333053589,0.23329463601112366,0.17532920837402344,0.0,3.47375,
2780,3.2252464294433594,8.1318998336792,0.02532031200826168,0.0802278220653534,0.15169115364551544,0.0,3.475,
2781,4.757704734802246,9.117076873779297,0.011451125144958496,0.15650084614753723,0.1322990357875824,0.0,3.47625,
2782,5.829836845397949,7.924540996551514,0.08751927316188812,0.1201673150062561,0.16525569558143616,0.0,3.4775,
2783,7.883841037750244,7.73839807510376,0.19813880324363708,0.09733963757753372,0.13059113919734955,0.0,3.47875,
2784,4.563582420349121,8.247920036315918,0.0,0.16016381978988647,0.14034241437911987,0.0,3.48,
2785,4.324077606201172,7.894728183746338,0.11054396629333496,0.03688431158661842,0.1682397723197937,0.0,3.48125,
2786,1.9715328216552734,9.408726692199707,0.0,0.056974176317453384,0.14065395295619965,0.0,3.4825,
2787,4.612805366516113,8.179000854492188,0.03336779400706291,0.13097243010997772,0.12656961381435394,0.0,3.48375,
2788,6.434125900268555,7.75935173034668,0.027035554870963097,0.20160947740077972,0.1910167932510376,0.0,3.485,
2789,2.2351932525634766,7.861810207366943,0.04029472544789314,0.027522068470716476,0.12923842668533325,0.0,3.48625,
2790,7.168514251708984,9.925601959228516,0.041629690676927567,0.22254419326782227,0.1458982676267624,0.0,3.4875,
2791,3.6169304847717285,7.850677967071533,0.07161809504032135,0.04928142577409744,0.15342628955841064,0.0,3.48875,
2792,3.979245662689209,7.604982376098633,0.06798545271158218,0.06948165595531464,0.13915912806987762,0.0,3.49,
2793,3.350050449371338,7.8582763671875,0.050619322806596756,0.0564456433057785,0.17462873458862305,0.0,3.49125,
2794,4.665576934814453,8.52316665649414,0.028948286548256874,0.13320708274841309,0.15361036360263824,0.0,3.4925,
2795,3.8890509605407715,7.6231560707092285,0.0,0.13562607765197754,0.12507541477680206,0.0,3.49375,
2796,6.596322059631348,9.39550495147705,0.0,0.24127225577831268,0.14582327008247375,0.0,3.495,
2797,6.78987979888916,7.965130805969238,0.13723210990428925,0.11504887044429779,0.12147121876478195,0.0,3.49625,
2798,3.776872158050537,7.727706432342529,0.06219884008169174,0.062355440109968185,0.1766795516014099,0.0,3.4975,
2799,2.4820079803466797,6.774107933044434,0.03907787799835205,0.0371427945792675,0.1463044136762619,0.0,3.49875,
2800,6.778572082519531,7.734499931335449,0.024440905079245567,0.22135218977928162,0.16199789941310883,0.0,3.5,
2801,4.836965560913086,8.228092193603516,0.033083558082580566,0.1358378678560257,0.1544075608253479,0.0,3.50125,
2802,6.921543598175049,7.919761657714844,0.01222821045666933,0.23955345153808594,0.15817449986934662,0.0,3.5025,
2803,2.276216506958008,8.527409553527832,0.020654618740081787,0.045257069170475006,0.15845941007137299,0.0,3.50375,
2804,3.2641401290893555,8.836498260498047,0.0,0.10660786926746368,0.15331999957561493,0.0,3.505,
2805,3.3873376846313477,8.647356986999512,0.041696369647979736,0.07083144783973694,0.14975841343402863,0.0,3.50625,
2806,6.054485321044922,8.191975593566895,0.12927788496017456,0.08946205675601959,0.15576201677322388,0.0,3.5075,
2807,2.769399642944336,9.680554389953613,0.0,0.08338861167430878,0.16333754360675812,0.0,3.50875,
2808,1.6811790466308594,8.517688751220703,0.0,0.032186221331357956,0.2363743633031845,0.0,3.51,
2809,1.8561887741088867,8.947175025939941,0.0,0.05320582911372185,0.13325490057468414,0.0,3.51125,
2810,3.2895755767822266,10.10500431060791,0.0,0.10494288802146912,0.16617149114608765,0.0,3.5125,
2811,4.0993781089782715,7.472963333129883,0.0,0.1364225447177887,0.17868764698505402,0.0,3.51375,
2812,10.363360404968262,8.049880027770996,0.1847541183233261,0.19695784151554108,0.21949128806591034,0.0,3.515,
2813,2.9831552505493164,8.018038749694824,0.014294306747615337,0.08323359489440918,0.13997314870357513,0.0,3.51625,
2814,4.841750144958496,9.331964492797852,0.05973939225077629,0.1087840273976326,0.1584700345993042,0.0,3.5175,
2815,2.5969977378845215,7.354118824005127,0.006921430584043264,0.07349444180727005,0.15296852588653564,0.0,3.51875,
2816,6.775946617126465,8.336637496948242,0.2110874503850937,0.0377407968044281,0.14717547595500946,0.0,3.52,
2817,4.293793201446533,7.334366798400879,0.06519267708063126,0.08055876195430756,0.17232944071292877,0.0,3.52125,
2818,3.762845993041992,8.045567512512207,0.009185154922306538,0.11204925924539566,0.1941724568605423,0.0,3.5225,
2819,4.5386481285095215,7.10596227645874,0.07533884048461914,0.07984520494937897,0.1785976141691208,0.0,3.52375,
2820,6.927974224090576,7.777559757232666,0.009100675582885742,0.24638280272483826,0.13616915047168732,0.0,3.525,
2821,5.412238121032715,8.347442626953125,0.05546879768371582,0.13717152178287506,0.1548379808664322,0.0,3.52625,
2822,4.042119979858398,7.712762832641602,0.06288951635360718,0.07646273076534271,0.1442059874534607,0.0,3.5275,
2823,20.248170852661133,7.589334011077881,0.02863919734954834,0.7558877468109131,0.16336530447006226,0.0,3.52875,
2824,15.76105785369873,8.877068519592285,0.0,0.6042083501815796,0.16982179880142212,0.0,3.53,
2825,7.405405521392822,6.899298667907715,0.009814341552555561,0.261264443397522,0.16659115254878998,0.0,3.53125,
2826,4.697762489318848,8.051918983459473,0.10852962732315063,0.05536295473575592,0.15543417632579803,0.0,3.5325,
2827,4.046229362487793,8.392311096191406,0.08254393190145493,0.04958123713731766,0.19786924123764038,0.0,3.53375,
2828,9.071074485778809,9.197967529296875,0.034261107444763184,0.3022933602333069,0.17366047203540802,0.0,3.535,
2829,4.421270370483398,9.271380424499512,0.0,0.1545640230178833,0.13570019602775574,0.0,3.53625,
2830,5.1607489585876465,7.646731376647949,0.05327530577778816,0.12893982231616974,0.15420468151569366,0.0,3.5375,
2831,3.9000401496887207,7.299243450164795,0.07005288451910019,0.05133522301912308,0.2315140962600708,0.0,3.53875,
2832,3.4252467155456543,7.531590461730957,0.017830193042755127,0.09203266352415085,0.171815887093544,0.0,3.54,
2833,3.7035107612609863,7.767324447631836,0.04547528550028801,0.07773042470216751,0.16527581214904785,0.0,3.54125,
2834,8.160433769226074,8.61532211303711,0.06795964390039444,0.23554545640945435,0.1512843668460846,0.0,3.5425,
2835,3.682612895965576,7.3883209228515625,0.02998441457748413,0.08785157650709152,0.19183869659900665,0.0,3.54375,
2836,6.199594974517822,7.868414878845215,0.14311686158180237,0.0839313343167305,0.12808117270469666,0.0,3.545,
2837,7.352789878845215,8.849909782409668,0.11011836677789688,0.1556602269411087,0.1856367588043213,0.0,3.54625,
2838,4.7049102783203125,8.014140129089355,0.02540123462677002,0.14250636100769043,0.12566782534122467,0.0,3.5475,
2839,4.259612083435059,8.600126266479492,0.014600534923374653,0.13025428354740143,0.1662852168083191,0.0,3.54875,
2840,6.383028984069824,7.272980690002441,0.02958633564412594,0.19709770381450653,0.1907171607017517,0.0,3.55,
2841,5.404716491699219,7.11267614364624,0.023714780807495117,0.16595420241355896,0.16996575891971588,0.0,3.55125,
2842,8.037757873535156,7.81850528717041,0.07108068466186523,0.22221262753009796,0.19045531749725342,0.0,3.5525,
2843,6.052943229675293,7.087837219238281,0.09984171390533447,0.11650428175926208,0.16747604310512543,0.0,3.55375,
2844,2.892549514770508,8.091731071472168,0.04285440966486931,0.049459174275398254,0.14889930188655853,0.0,3.555,
2845,2.749709129333496,7.677225589752197,0.03559432551264763,0.05589563399553299,0.11634232848882675,0.0,3.55625,
2846,7.242660999298096,7.512365818023682,0.03076714277267456,0.23705609142780304,0.1384984701871872,0.0,3.5575,
2847,5.784057140350342,7.444540977478027,0.02249288558959961,0.17649635672569275,0.20879708230495453,0.0,3.55875,
2848,3.0703182220458984,8.738863945007324,0.025458792224526405,0.07444297522306442,0.14664383232593536,0.0,3.56,
2849,6.088545799255371,8.906652450561523,0.1075739711523056,0.113397017121315,0.14010147750377655,0.0,3.56125,
2850,3.9166312217712402,7.566067695617676,0.1038532480597496,0.02620876207947731,0.172340527176857,0.0,3.5625,
2851,6.533949851989746,7.945131301879883,0.05044589564204216,0.18662124872207642,0.1597837656736374,0.0,3.56375,
2852,4.852006912231445,8.213623046875,0.058436810970306396,0.11319278180599213,0.13471397757530212,0.0,3.565,
2853,4.6061601638793945,8.408881187438965,0.020781496539711952,0.13475890457630157,0.18151508271694183,0.0,3.56625,
2854,6.537920951843262,8.422358512878418,0.017625967040657997,0.22117505967617035,0.13864663243293762,0.0,3.5675,
2855,5.76784610748291,9.223915100097656,0.053338926285505295,0.1488969326019287,0.1692935824394226,0.0,3.56875,
2856,2.246668815612793,8.581655502319336,0.022625884041190147,0.03707730397582054,0.1957636922597885,0.0,3.57,
2857,6.333403587341309,8.721565246582031,0.10507434606552124,0.12084756791591644,0.17945581674575806,0.0,3.57125,
2858,7.690361976623535,8.986153602600098,0.04651598259806633,0.237176775932312,0.1495998501777649,0.0,3.5725,
2859,14.084078788757324,9.125465393066406,0.12203279882669449,0.4209100604057312,0.11963704973459244,0.0,3.57375,
2860,12.036391258239746,8.713183403015137,0.07849729061126709,0.3743256628513336,0.1769207864999771,0.0,3.575,
2861,3.9920434951782227,9.315898895263672,0.012199859134852886,0.12320251017808914,0.15255577862262726,0.0,3.57625,
2862,6.630218505859375,10.208452224731445,0.03834555670619011,0.2078881710767746,0.11287444829940796,0.0,3.5775,
2863,5.836419582366943,7.607798099517822,0.02642126940190792,0.17333969473838806,0.21704010665416718,0.0,3.57875,
2864,6.9374847412109375,8.198982238769531,0.22501610219478607,0.02843337506055832,0.1514996737241745,0.0,3.58,
2865,4.866298675537109,7.4924821853637695,0.09207180887460709,0.074696384370327,0.17785274982452393,0.0,3.58125,
2866,5.628659725189209,7.784871578216553,0.11658573150634766,0.09074729681015015,0.11344125866889954,0.0,3.5825,
2867,5.132978439331055,7.684399604797363,0.08269131183624268,0.10271774232387543,0.128400519490242,0.0,3.58375,
2868,4.012943267822266,7.590342998504639,0.06665237993001938,0.06539704650640488,0.18748126924037933,0.0,3.585,
2869,4.792774200439453,8.294112205505371,0.038365405052900314,0.11664967238903046,0.240953266620636,0.0,3.58625,
2870,6.004611015319824,9.305902481079102,0.06263762712478638,0.16127735376358032,0.09418735653162003,0.0,3.5875,
2871,5.0889387130737305,9.407632827758789,0.09222257137298584,0.08896404504776001,0.1331852227449417,0.0,3.58875,
2872,8.366316795349121,8.237603187561035,0.025096356868743896,0.2823388874530792,0.16982008516788483,0.0,3.59,
2873,8.688061714172363,8.891043663024902,0.0,0.33053314685821533,0.09533881396055222,0.0,3.59125,
2874,7.999814987182617,8.169624328613281,0.09692247956991196,0.19570010900497437,0.1777866631746292,0.0,3.5925,
2875,2.201160430908203,10.276687622070312,0.008622785098850727,0.05224434286355972,0.16185925900936127,0.0,3.59375,
2876,11.09116268157959,8.116082191467285,0.10098987817764282,0.31731274724006653,0.15834085643291473,0.0,3.595,
2877,1.5538291931152344,9.817017555236816,0.0,0.041406914591789246,0.12108993530273438,0.0,3.59625,
2878,4.962852478027344,7.286406517028809,0.045229773968458176,0.12607386708259583,0.1788901835680008,0.0,3.5975,
2879,6.272078514099121,8.092063903808594,0.08052436262369156,0.15259672701358795,0.10959035903215408,0.0,3.59875,
2880,3.0328731536865234,7.998373031616211,0.017453432083129883,0.07408306747674942,0.19818703830242157,0.0,3.6,
2881,3.3286004066467285,7.243752956390381,0.013691067695617676,0.09536097198724747,0.1504596471786499,0.0,3.60125,
2882,3.171100616455078,8.383001327514648,0.04702857881784439,0.055415742099285126,0.15288205444812775,0.0,3.6025,
2883,6.454855442047119,6.637905120849609,0.13643485307693481,0.09820494055747986,0.14673954248428345,0.0,3.60375,
2884,9.031074523925781,8.084328651428223,0.027338862419128418,0.30274584889411926,0.20551268756389618,0.0,3.605,
2885,8.187643051147461,8.982234001159668,0.018343308940529823,0.27831530570983887,0.20273779332637787,0.0,3.60625,
2886,8.72683048248291,8.55947494506836,0.025851726531982422,0.2950255274772644,0.18413488566875458,0.0,3.6075,
2887,4.318241119384766,8.67104434967041,0.037531256675720215,0.11054486781358719,0.15633420646190643,0.0,3.60875,
2888,3.9572744369506836,8.288140296936035,0.0,0.12835237383842468,0.1939842849969864,0.0,3.61,
2889,7.989599227905273,8.4446439743042,0.07945460081100464,0.21250222623348236,0.17614631354808807,0.0,3.61125,
2890,2.0878357887268066,7.570593357086182,0.003889878513291478,0.05462516099214554,0.1600855141878128,0.0,3.6125,
2891,9.588077545166016,7.118985176086426,0.09266126155853271,0.26667332649230957,0.15347109735012054,0.0,3.61375,
2892,6.130552291870117,7.9748687744140625,0.014811237342655659,0.20764580368995667,0.14409108459949493,0.0,3.615,
2893,3.7622876167297363,8.025677680969238,0.03704235702753067,0.09079812467098236,0.1434227079153061,0.0,3.61625,
2894,7.455877304077148,8.468708992004395,0.1630711555480957,0.11621391773223877,0.11817731708288193,0.0,3.6175,
2895,7.664539337158203,8.65504264831543,0.03217025473713875,0.25485360622406006,0.11873344331979752,0.0,3.61875,
2896,7.960250377655029,7.361368656158447,0.028473317623138428,0.2663588225841522,0.14167048037052155,0.0,3.62,
2897,8.329490661621094,7.660083293914795,0.1316433697938919,0.1796582043170929,0.1352224200963974,0.0,3.62125,
2898,8.004205703735352,7.695852756500244,0.09520255029201508,0.20365917682647705,0.1329486072063446,0.0,3.6225,
2899,3.2930922508239746,6.746669769287109,0.05801932141184807,0.053230442106723785,0.12943866848945618,0.0,3.62375,
2900,6.029054164886475,7.250291347503662,0.00918591022491455,0.20716485381126404,0.16044600307941437,0.0,3.625,
2901,2.547171115875244,7.191115856170654,0.01417879294604063,0.06253363192081451,0.16445979475975037,0.0,3.62625,
2902,4.817732810974121,8.169419288635254,0.14152294397354126,0.03310123085975647,0.10307092219591141,0.0,3.6275,
2903,3.417745590209961,8.616070747375488,0.09006060659885406,0.028153270483016968,0.11629539728164673,0.0,3.62875,
2904,6.472682952880859,8.039169311523438,0.11741407215595245,0.12408258020877838,0.10700556635856628,0.0,3.63,
2905,5.499862194061279,7.717168807983398,0.07081309705972672,0.1207909882068634,0.18224476277828217,0.0,3.63125,
2906,4.4853596687316895,8.000244140625,0.02213764190673828,0.13833561539649963,0.1193515732884407,0.0,3.6325,
2907,8.346823692321777,10.809673309326172,0.09575291723012924,0.21721266210079193,0.12524127960205078,0.0,3.63375,
2908,4.734245300292969,7.592817783355713,0.0984199047088623,0.07106088101863861,0.12681598961353302,0.0,3.635,
2909,5.921963691711426,8.341404914855957,0.04617307707667351,0.1675688922405243,0.1465514451265335,0.0,3.63625,
2910,9.168313980102539,7.778321266174316,0.12123141437768936,0.22444000840187073,0.12923328578472137,0.0,3.6375,
2911,4.6398420333862305,10.162006378173828,0.030144134536385536,0.13212646543979645,0.1486206203699112,0.0,3.63875,
2912,3.7568445205688477,9.241520881652832,0.06888749450445175,0.05869108438491821,0.13417421281337738,0.0,3.64,
2913,5.688189506530762,9.272233009338379,0.07768034934997559,0.12583167850971222,0.14510732889175415,0.0,3.64125,
2914,5.585421562194824,10.220452308654785,0.0,0.1983829140663147,0.14863917231559753,0.0,3.6425,
2915,5.84861946105957,9.025314331054688,0.07267937809228897,0.13003119826316833,0.20212137699127197,0.0,3.64375,
2916,3.422696113586426,7.69728946685791,0.021077990531921387,0.09249772131443024,0.14425283670425415,0.0,3.645,
2917,3.2661361694335938,8.530543327331543,0.0,0.10723763704299927,0.14124171435832977,0.0,3.64625,
2918,6.824554920196533,7.707488059997559,0.0640590563416481,0.18436670303344727,0.1558143049478531,0.0,3.6475,
2919,9.362236976623535,8.338119506835938,0.006540695670992136,0.3434720039367676,0.1564154475927353,0.0,3.64875,
2920,8.34471607208252,7.194470405578613,0.20637258887290955,0.10154937207698822,0.16166023910045624,0.0,3.65,
2921,4.678231239318848,8.684117317199707,0.07517459243535995,0.0851433202624321,0.16783501207828522,0.0,3.65125,
2922,4.1831464767456055,8.717683792114258,0.07558952271938324,0.07054606080055237,0.1304364949464798,0.0,3.6525,
2923,5.683660984039307,7.935453414916992,0.03671155497431755,0.16201481223106384,0.18278484046459198,0.0,3.65375,
2924,6.689702033996582,8.075242042541504,0.11277712881565094,0.12923665344715118,0.16169124841690063,0.0,3.655,
2925,3.8425655364990234,8.3939790725708,0.03910130262374878,0.09499023854732513,0.11794254183769226,0.0,3.65625,
2926,3.232390880584717,7.925752639770508,0.03647732734680176,0.07410410791635513,0.10995010286569595,0.0,3.6575,
2927,4.393779754638672,8.422266006469727,0.02211582660675049,0.1287880539894104,0.1446423977613449,0.0,3.65875,
2928,7.147042751312256,7.109523773193359,0.06579405069351196,0.2043440043926239,0.09388414025306702,0.0,3.66,
2929,2.5346603393554688,7.745068550109863,0.012347797863185406,0.06401418149471283,0.15380559861660004,0.0,3.66125,
2930,11.065479278564453,8.595277786254883,0.0188461747020483,0.3996034264564514,0.14685504138469696,0.0,3.6625,
2931,5.986363410949707,8.544392585754395,0.016914188861846924,0.19895145297050476,0.14159677922725677,0.0,3.66375,
2932,4.486977577209473,9.022773742675781,0.11069835722446442,0.04389578476548195,0.1528562754392624,0.0,3.665,
2933,9.115421295166016,6.552130699157715,0.16864678263664246,0.16275542974472046,0.21292822062969208,0.0,3.66625,
2934,9.598156929016113,8.185097694396973,0.08755958080291748,0.2599193751811981,0.24052000045776367,0.0,3.6675,
2935,6.353384017944336,9.092071533203125,0.026629488915205002,0.2003673017024994,0.1684807687997818,0.0,3.66875,
2936,2.0038156509399414,8.783149719238281,0.0,0.05629950016736984,0.1407066136598587,0.0,3.67,
2937,7.381786823272705,7.80827522277832,0.032494086772203445,0.22514112293720245,0.2299707680940628,0.0,3.67125,
2938,4.260232448577881,7.328014373779297,0.040279824286699295,0.10068373382091522,0.18523800373077393,0.0,3.6725,
2939,5.504651069641113,8.765268325805664,0.03839697316288948,0.1625809371471405,0.11798066645860672,0.0,3.67375,
2940,10.837177276611328,9.896766662597656,0.009429852478206158,0.3997431993484497,0.15204958617687225,0.0,3.675,
2941,4.835254669189453,8.450515747070312,0.03853738307952881,0.1294257938861847,0.15638233721256256,0.0,3.67625,
2942,4.337090492248535,7.331716537475586,0.08558768033981323,0.06668220460414886,0.12754712998867035,0.0,3.6775,
2943,3.0754170417785645,6.956184387207031,0.03857354447245598,0.06165662407875061,0.14750710129737854,0.0,3.67875,
2944,5.295406341552734,6.923076629638672,0.0446590781211853,0.15114019811153412,0.0992245078086853,0.0,3.68,
2945,5.272714614868164,7.774801731109619,0.11218367516994476,0.06853987276554108,0.19255445897579193,0.0,3.68125,
2946,7.662209987640381,7.379567623138428,0.16634944081306458,0.10758459568023682,0.19359946250915527,0.0,3.6825,
2947,6.585698127746582,8.044441223144531,0.034991562366485596,0.2022910714149475,0.16644291579723358,0.0,3.68375,
2948,5.126593112945557,7.120854377746582,0.05259762331843376,0.13058413565158844,0.1358741670846939,0.0,3.685,
2949,6.621447563171387,7.618753910064697,0.01652117632329464,0.23082880675792694,0.11236071586608887,0.0,3.68625,
2950,11.184158325195312,7.470024108886719,0.10964095592498779,0.3086162209510803,0.18420463800430298,0.0,3.6875,
2951,6.587719917297363,8.66858959197998,0.06032343581318855,0.1806337535381317,0.14168289303779602,0.0,3.68875,
2952,10.05361270904541,9.250237464904785,0.03543563559651375,0.3435349762439728,0.13103866577148438,0.0,3.69,
2953,3.6290130615234375,9.082427978515625,0.0,0.11292071640491486,0.18984127044677734,0.0,3.69125,
2954,6.988951683044434,8.659048080444336,0.008608977310359478,0.24647563695907593,0.1509564071893692,0.0,3.6925,
2955,3.832791328430176,9.413580894470215,0.012390117160975933,0.1126222014427185,0.17474335432052612,0.0,3.69375,
2956,5.747347831726074,9.007955551147461,0.055721621960401535,0.14851130545139313,0.15344011783599854,0.0,3.695,
2957,3.6112775802612305,8.564092636108398,0.014264404773712158,0.10398663580417633,0.16183508932590485,0.0,3.69625,
2958,5.23651123046875,7.8357253074646,0.08374061435461044,0.10370470583438873,0.13782888650894165,0.0,3.6975,
2959,4.699341773986816,7.5892863273620605,0.14525851607322693,0.021304327994585037,0.13563945889472961,0.0,3.69875,
2960,9.759222030639648,7.574555397033691,0.1644667237997055,0.19787681102752686,0.178961381316185,0.0,3.7,
2961,7.485117435455322,7.842559814453125,0.10861682891845703,0.16492322087287903,0.16328950226306915,0.0,3.70125,
2962,3.8828039169311523,8.113192558288574,0.04528838396072388,0.08368893712759018,0.16182348132133484,0.0,3.7025,
2963,4.966609954833984,7.881073474884033,0.02831597998738289,0.14950406551361084,0.12882691621780396,0.0,3.70375,
2964,7.492784023284912,7.39116096496582,0.07673362642526627,0.1959732621908188,0.17051273584365845,0.0,3.705,
2965,3.792531967163086,7.511237144470215,0.03682507947087288,0.08976121246814728,0.1560022085905075,0.0,3.70625,
2966,3.8417253494262695,9.23794937133789,0.03686457872390747,0.09005090594291687,0.16593722999095917,0.0,3.7075,
2967,8.511054992675781,7.865253925323486,0.17014235258102417,0.14797763526439667,0.1376311033964157,0.0,3.70875,
2968,7.848397254943848,8.366293907165527,0.0,0.28873300552368164,0.15588293969631195,0.0,3.71,
2969,6.3609747886657715,7.967678070068359,0.02125326730310917,0.21046403050422668,0.14052462577819824,0.0,3.71125,
2970,4.255890846252441,8.585052490234375,0.0952359214425087,0.05298858880996704,0.13878338038921356,0.0,3.7125,
2971,2.859203338623047,7.006474018096924,0.05450562760233879,0.03719225525856018,0.1427670568227768,0.0,3.71375,
2972,3.6793317794799805,8.43270206451416,0.018559297546744347,0.10805601626634598,0.12149697542190552,0.0,3.715,
2973,6.045053005218506,8.006814956665039,0.1316094994544983,0.08641938120126724,0.14391028881072998,0.0,3.71625,
2974,3.7590951919555664,8.783492088317871,0.0,0.12238329648971558,0.17263895273208618,0.0,3.7175,
2975,4.4455671310424805,9.306421279907227,0.10272251069545746,0.0467476025223732,0.17552845180034637,0.0,3.71875,
2976,6.583231449127197,7.557472229003906,0.13295601308345795,0.10846199095249176,0.1284993439912796,0.0,3.72,
2977,3.432183265686035,8.27996826171875,0.020389417186379433,0.09516771137714386,0.13086289167404175,0.0,3.72125,
2978,3.42020320892334,8.859700202941895,0.0035853784065693617,0.11085353791713715,0.1332726925611496,0.0,3.7225,
2979,4.480932235717773,8.92729377746582,0.0,0.15268059074878693,0.15587301552295685,0.0,3.72375,
2980,5.659167289733887,7.7361836433410645,0.05638984963297844,0.14793652296066284,0.13425305485725403,0.0,3.725,
2981,7.925826549530029,7.731076717376709,0.133583664894104,0.16448290646076202,0.11136374622583389,0.0,3.72625,
2982,2.612844467163086,9.620502471923828,0.007713635917752981,0.07401344925165176,0.1386607140302658,0.0,3.7275,
2983,3.5382308959960938,8.246192932128906,0.04524930194020271,0.0742872953414917,0.13097578287124634,0.0,3.72875,
2984,4.691568851470947,7.9690680503845215,0.02892986871302128,0.13486748933792114,0.14714787900447845,0.0,3.73,
2985,9.187381744384766,8.040989875793457,0.052342772483825684,0.29014214873313904,0.15652185678482056,0.0,3.73125,
2986,4.386045932769775,8.032891273498535,0.0121967988088727,0.13411489129066467,0.17648081481456757,0.0,3.7325,
2987,5.4926676750183105,7.603472709655762,0.03685770556330681,0.16253447532653809,0.12780717015266418,0.0,3.73375,
2988,6.939630508422852,8.398923873901367,0.13381795585155487,0.1223549097776413,0.131992369890213,0.0,3.735,
2989,10.876188278198242,8.350285530090332,0.0484837107360363,0.35648101568222046,0.19125919044017792,0.0,3.73625,
2990,6.25255012512207,8.310791015625,0.05414026975631714,0.1720348298549652,0.15264694392681122,0.0,3.7375,
2991,5.756097316741943,7.095676422119141,0.10629992187023163,0.09964166581630707,0.15480579435825348,0.0,3.73875,
2992,5.073183059692383,8.998736381530762,0.08646036684513092,0.09175495058298111,0.15136703848838806,0.0,3.74,
2993,3.7554779052734375,8.460285186767578,0.0,0.13157983124256134,0.11256148666143417,0.0,3.74125,
2994,4.414726257324219,8.580204963684082,0.028936564922332764,0.12090247869491577,0.1634143739938736,0.0,3.7425,
2995,5.7574591636657715,7.640624046325684,0.08562000840902328,0.1236385852098465,0.1324879676103592,0.0,3.74375,
2996,4.808245658874512,8.43328857421875,0.14048141241073608,0.031459711492061615,0.12195300310850143,0.0,3.745,
2997,3.4494543075561523,8.271448135375977,0.021960457786917686,0.089882031083107,0.1528276801109314,0.0,3.74625,
2998,5.895024299621582,9.32404899597168,0.08523434400558472,0.13074703514575958,0.10968533903360367,0.0,3.7475,
2999,4.850785255432129,9.260690689086914,0.0,0.17317649722099304,0.11753129959106445,0.0,3.74875,
3000,4.386076927185059,7.929924964904785,0.07915803045034409,0.07520519196987152,0.12363603711128235,0.0,3.75,"[1.067923903465271, 0.7746604681015015, 1.1028342247009277]"
3001,7.462409019470215,9.937047004699707,0.006383717060089111,0.26763850450515747,0.14258237183094025,0.0,3.75125,
3002,6.250199317932129,8.633795738220215,0.04340970516204834,0.1853644996881485,0.12242334336042404,0.0,3.7525,
3003,3.786654472351074,9.280827522277832,0.048748113214969635,0.07914690673351288,0.13662080466747284,0.0,3.75375,
3004,3.8953042030334473,7.5356645584106445,0.09510526806116104,0.04084229841828346,0.12021409720182419,0.0,3.755,
3005,4.080681324005127,7.065196990966797,0.11303849518299103,0.029592689126729965,0.12355858087539673,0.0,3.75625,
3006,6.165346622467041,6.936179161071777,0.04896292835474014,0.1686137318611145,0.18147195875644684,0.0,3.7575,
3007,7.422478675842285,7.31379508972168,0.12079856544733047,0.14521673321723938,0.18863387405872345,0.0,3.75875,
3008,1.8544440269470215,7.885534763336182,0.0052953362464904785,0.0412929505109787,0.17090682685375214,0.0,3.76,
3009,5.164456844329834,7.9860663414001465,0.05471557378768921,0.12860794365406036,0.13977019488811493,0.0,3.76125,
3010,5.37267541885376,7.054183483123779,0.133958101272583,0.04781261086463928,0.2090533971786499,0.0,3.7625,
3011,4.790996551513672,8.4794340133667,0.03859774395823479,0.12903952598571777,0.14365240931510925,0.0,3.76375,
3012,6.3446478843688965,8.008058547973633,0.038053251802921295,0.192256897687912,0.1424243152141571,0.0,3.765,
3013,7.62069034576416,8.820255279541016,0.03764255717396736,0.2285541594028473,0.24647128582000732,0.0,3.76625,
3014,6.098024368286133,7.720803737640381,0.07797714322805405,0.1392284780740738,0.16211922466754913,0.0,3.7675,
3015,4.1792120933532715,7.293330669403076,0.0013449987163767219,0.13874441385269165,0.16840773820877075,0.0,3.76875,
3016,2.625645637512207,8.176386833190918,0.03644682839512825,0.04237184673547745,0.16190886497497559,0.0,3.77,
3017,7.416324615478516,9.724764823913574,0.0,0.27211496233940125,0.14531759917736053,0.0,3.77125,
3018,3.235123634338379,8.427844047546387,0.030130824074149132,0.08053945004940033,0.11286304146051407,0.0,3.7725,
3019,5.0799970626831055,8.947296142578125,0.03900798037648201,0.12458398938179016,0.2446366548538208,0.0,3.77375,
3020,4.98915958404541,8.269940376281738,0.016861459240317345,0.15965096652507782,0.13912124931812286,0.0,3.775,
3021,3.0258030891418457,7.548308849334717,0.005023201461881399,0.08561954647302628,0.18608629703521729,0.0,3.77625,
3022,11.046070098876953,8.559757232666016,0.031592726707458496,0.38274067640304565,0.16956882178783417,0.0,3.7775,
3023,6.133651256561279,8.001991271972656,0.047007620334625244,0.1758321076631546,0.137053981423378,0.0,3.77875,
3024,6.50606632232666,8.875482559204102,0.05040077120065689,0.1900818943977356,0.11375930160284042,0.0,3.78,
3025,5.083165645599365,7.726641654968262,0.08853524923324585,0.09449508786201477,0.12156323343515396,0.0,3.78125,
3026,9.843245506286621,8.159269332885742,0.004573623184114695,0.3678915798664093,0.1300208419561386,0.0,3.7825,
3027,9.323016166687012,8.396565437316895,0.0346398763358593,0.3223315477371216,0.08897298574447632,0.0,3.78375,
3028,4.2154860496521,7.473396301269531,0.11279145628213882,0.036743707954883575,0.11637554317712784,0.0,3.785,
3029,3.991936683654785,8.441743850708008,0.028544029220938683,0.1069464460015297,0.14451681077480316,0.0,3.78625,
3030,8.140917778015137,8.73626708984375,0.05991333723068237,0.24318471550941467,0.13955651223659515,0.0,3.7875,
3031,4.264577865600586,8.009414672851562,0.06239030882716179,0.08159524947404861,0.16413672268390656,0.0,3.78875,
3032,5.294483184814453,8.152406692504883,0.10115547478199005,0.09180089086294174,0.1082918643951416,0.0,3.79,
3033,12.292293548583984,7.684326648712158,0.33499979972839355,0.13131411373615265,0.15385085344314575,0.0,3.79125,
3034,6.228574752807617,9.094728469848633,0.04055378958582878,0.18916405737400055,0.11297035217285156,0.0,3.7925,
3035,5.333571434020996,9.303421974182129,0.07754726707935333,0.11203992366790771,0.14080044627189636,0.0,3.79375,
3036,5.661377906799316,7.7473883628845215,0.1964201033115387,0.013231955468654633,0.10056992620229721,0.0,3.795,
3037,4.359502792358398,8.99808120727539,0.0565723180770874,0.09088147431612015,0.15986771881580353,0.0,3.79625,
3038,2.443838119506836,8.954626083374023,0.028620341792702675,0.05106302350759506,0.10960515588521957,0.0,3.7975,
3039,6.91213321685791,9.128169059753418,0.051721733063459396,0.1959846317768097,0.1743573546409607,0.0,3.79875,
3040,3.230325698852539,8.994725227355957,0.0856507197022438,0.022258205339312553,0.12572582066059113,0.0,3.8,
3041,2.5766592025756836,10.38497543334961,0.010445237159729004,0.06564462929964066,0.1572963446378708,0.0,3.80125,
3042,3.429165840148926,10.35678482055664,0.0573306679725647,0.05604530870914459,0.14066533744335175,0.0,3.8025,
3043,7.934063911437988,8.657583236694336,0.0,0.2867289185523987,0.18792839348316193,0.0,3.80375,
3044,4.143145561218262,10.135725021362305,0.0716778039932251,0.06515425443649292,0.17229600250720978,0.0,3.805,
3045,4.492839336395264,8.036338806152344,0.0,0.14990177750587463,0.1828519105911255,0.0,3.80625,
3046,7.84256649017334,9.033939361572266,0.045351624488830566,0.23819704353809357,0.18329362571239471,0.0,3.8075,
3047,5.161655426025391,10.344016075134277,0.06740093231201172,0.11204107105731964,0.16588754951953888,0.0,3.80875,
3048,5.363182067871094,10.69324016571045,0.0,0.1894703507423401,0.1524299532175064,0.0,3.81,
3049,4.245695114135742,7.922418594360352,0.06983258575201035,0.06303034722805023,0.2307639718055725,0.0,3.81125,
3050,5.337185859680176,8.303718566894531,0.05908855050802231,0.13120566308498383,0.13817177712917328,0.0,3.8125,
3051,7.920309066772461,9.575104713439941,0.014628589153289795,0.27746397256851196,0.1506909728050232,0.0,3.81375,
3052,1.9960079193115234,8.967499732971191,0.030245700851082802,0.02370326779782772,0.1584232896566391,0.0,3.815,
3053,3.578232765197754,9.858925819396973,0.007405340671539307,0.10249261558055878,0.2022009938955307,0.0,3.81625,
3054,10.871495246887207,9.427763938903809,0.05397544428706169,0.3454996645450592,0.21077565848827362,0.0,3.8175,
3055,8.09207820892334,8.24179744720459,0.0,0.29088446497917175,0.20576973259449005,0.0,3.81875,
3056,1.7584905624389648,9.278523445129395,0.0,0.04090069606900215,0.17687509953975677,0.0,3.82,
3057,8.815438270568848,9.230896949768066,0.02873361110687256,0.29002150893211365,0.20916801691055298,0.0,3.82125,
3058,3.822636604309082,8.767900466918945,0.0,0.12927457690238953,0.13634933531284332,0.0,3.8225,
3059,3.5369739532470703,8.411225318908691,0.0,0.11036638915538788,0.1872299462556839,0.0,3.82375,
3060,3.269436836242676,9.285624504089355,0.0,0.08613529801368713,0.27748265862464905,0.0,3.825,
3061,5.025153160095215,9.078001022338867,0.0163307785987854,0.15726003050804138,0.16632352769374847,0.0,3.82625,
3062,5.604452610015869,7.974354267120361,0.05613046884536743,0.14268741011619568,0.1560351848602295,0.0,3.8275,
3063,4.398029804229736,7.888668060302734,0.03480986878275871,0.1191297173500061,0.12453313916921616,0.0,3.82875,
3064,7.3101935386657715,7.385860919952393,0.09878095239400864,0.16802938282489777,0.15912573039531708,0.0,3.83,
3065,4.923422336578369,7.833107948303223,0.04899920895695686,0.11082737147808075,0.2277083843946457,0.0,3.83125,
3066,3.8380870819091797,6.884400844573975,0.09162747859954834,0.04290711507201195,0.1121964380145073,0.0,3.8325,
3067,3.454059600830078,8.193655014038086,0.03856237605214119,0.07221449911594391,0.16637630760669708,0.0,3.83375,
3068,4.326867580413818,7.672730922698975,0.07240977138280869,0.07743941992521286,0.13806207478046417,0.0,3.835,
3069,3.0532264709472656,7.758322238922119,0.02019576169550419,0.07885856926441193,0.1378774791955948,0.0,3.83625,
3070,9.423223495483398,7.264481544494629,0.022805849090218544,0.32961514592170715,0.143462136387825,0.0,3.8375,
3071,7.602363586425781,8.339136123657227,0.045290350914001465,0.23450599610805511,0.1441299468278885,0.0,3.83875,
3072,4.828823566436768,7.662875652313232,0.08649351447820663,0.07621324062347412,0.18671578168869019,0.0,3.84,
3073,4.249037742614746,8.223599433898926,0.0,0.14179423451423645,0.16736692190170288,0.0,3.84125,
3074,2.6392569541931152,7.5445170402526855,0.027711668983101845,0.05412755161523819,0.13931332528591156,0.0,3.8425,
3075,5.0780415534973145,7.568500518798828,0.06117759272456169,0.11064305901527405,0.18795794248580933,0.0,3.84375,
3076,10.05208969116211,7.316413879394531,0.027857759967446327,0.34671205282211304,0.1623244285583496,0.0,3.845,
3077,8.552589416503906,8.519922256469727,0.11485183238983154,0.19331784546375275,0.21103323996067047,0.0,3.84625,
3078,4.408628463745117,8.162622451782227,0.07498107105493546,0.07763348519802094,0.13952738046646118,0.0,3.8475,
3079,1.9130830764770508,9.15941047668457,0.0,0.04485652968287468,0.1891176551580429,0.0,3.84875,
3080,14.057168960571289,8.40668773651123,0.1531633883714676,0.3856275677680969,0.14040663838386536,0.0,3.85,
3081,4.9784088134765625,7.490437984466553,0.0,0.16988664865493774,0.1808314174413681,0.0,3.85125,
3082,5.0637078285217285,7.919931411743164,0.09096769243478775,0.09115630388259888,0.11627610772848129,0.0,3.8525,
3083,1.981977939605713,7.827944755554199,0.031678397208452225,0.0188421830534935,0.1626400202512741,0.0,3.85375,
3084,7.646203517913818,6.783839225769043,0.10034605115652084,0.180584117770195,0.15104767680168152,0.0,3.855,
3085,2.053518295288086,7.52916955947876,0.0,0.05976489558815956,0.13746295869350433,0.0,3.85625,
3086,3.995110511779785,8.09560489654541,0.014611920341849327,0.11540399491786957,0.18054360151290894,0.0,3.8575,
3087,4.358916282653809,6.387510299682617,0.09598205983638763,0.0489540733397007,0.17639923095703125,0.0,3.85875,
3088,3.819399833679199,7.034049987792969,0.031200051307678223,0.10045617073774338,0.12479949742555618,0.0,3.86,
3089,6.868270397186279,7.505954742431641,0.08720362186431885,0.16344043612480164,0.1485729068517685,0.0,3.86125,
3090,4.028063774108887,9.116411209106445,0.043955247849226,0.09663143754005432,0.11768542975187302,0.0,3.8625,
3091,5.5847272872924805,8.11548137664795,0.08541180938482285,0.11349897086620331,0.14500877261161804,0.0,3.86375,
3092,3.737600326538086,8.809453964233398,0.048299431800842285,0.08139007538557053,0.11636615544557571,0.0,3.865,
3093,7.698580265045166,7.504105091094971,0.09119260311126709,0.1929709017276764,0.14543186128139496,0.0,3.86625,
3094,9.196662902832031,7.438500881195068,0.028576672077178955,0.31078827381134033,0.17386354506015778,0.0,3.8675,
3095,5.235574722290039,8.330388069152832,0.018115798011422157,0.1751524806022644,0.09346368908882141,0.0,3.86875,
3096,7.747215270996094,8.712020874023438,0.02016105316579342,0.2651554048061371,0.14476431906223297,0.0,3.87,
3097,5.277184009552002,7.996648788452148,0.006163537502288818,0.18168246746063232,0.14000876247882843,0.0,3.87125,
3098,8.195638656616211,6.847895622253418,0.1551256626844406,0.14997756481170654,0.13835324347019196,0.0,3.8725,
3099,4.549124717712402,9.411483764648438,0.06326651573181152,0.09383925050497055,0.13834263384342194,0.0,3.87375,
3100,7.630453109741211,9.75100326538086,0.0,0.2803196310997009,0.13951198756694794,0.0,3.875,
3101,5.919925689697266,8.373478889465332,0.02824413776397705,0.18329158425331116,0.1422107219696045,0.0,3.87625,
3102,6.9032721519470215,8.003556251525879,0.1298968642950058,0.12394072860479355,0.12762431800365448,0.0,3.8775,
3103,5.018752098083496,6.960300445556641,0.11789850890636444,0.059558212757110596,0.14138586819171906,0.0,3.87875,
3104,7.423796653747559,8.318058967590332,0.059217434376478195,0.2169809639453888,0.11770930886268616,0.0,3.88,
3105,5.079985618591309,8.746296882629395,0.0952117070555687,0.08538854867219925,0.1361720860004425,0.0,3.88125,
3106,5.537959098815918,8.936531066894531,0.07342611253261566,0.13091513514518738,0.09884180873632431,0.0,3.8825,
3107,4.708400726318359,8.4705228805542,0.06639020144939423,0.10243430733680725,0.1095370426774025,0.0,3.88375,
3108,4.267646789550781,7.688869953155518,0.09492261707782745,0.0455574169754982,0.18659144639968872,0.0,3.885,
3109,4.647164344787598,8.638060569763184,0.09178898483514786,0.06688076257705688,0.16654042899608612,0.0,3.88625,
3110,3.8834447860717773,9.634636878967285,0.006684064865112305,0.12567585706710815,0.13022752106189728,0.0,3.8875,
3111,8.772345542907715,9.405966758728027,0.11050264537334442,0.21910002827644348,0.12512655556201935,0.0,3.88875,
3112,6.139606475830078,8.195610046386719,0.02605183981359005,0.19304542243480682,0.1557493656873703,0.0,3.89,
3113,4.350259780883789,8.304024696350098,0.037168003618717194,0.1027102991938591,0.20465028285980225,0.0,3.89125,
3114,7.500191688537598,8.680335998535156,0.030578771606087685,0.23356635868549347,0.21667350828647614,0.0,3.8925,
3115,7.392321586608887,8.682170867919922,0.138841450214386,0.12358777225017548,0.19206644594669342,0.0,3.89375,
3116,2.1561732292175293,7.857580184936523,0.0,0.05724608153104782,0.1703600287437439,0.0,3.895,
3117,5.110574722290039,8.494222640991211,0.048422038555145264,0.12946835160255432,0.1557546705007553,0.0,3.89625,
3118,11.55704402923584,9.79223346710205,0.03327896073460579,0.4032335877418518,0.14781086146831512,0.0,3.8975,
3119,3.6688051223754883,8.610625267028809,0.03958366438746452,0.0847201868891716,0.12972556054592133,0.0,3.89875,
3120,13.492624282836914,7.14818811416626,0.09492870420217514,0.41307690739631653,0.19041605293750763,0.0,3.9,
3121,3.2571887969970703,8.902209281921387,0.008076488971710205,0.09544102847576141,0.1636175662279129,0.0,3.90125,
3122,6.618369102478027,8.685343742370605,0.054243821650743484,0.1854320466518402,0.15027464926242828,0.0,3.9025,
3123,2.731292724609375,8.859655380249023,0.01518603228032589,0.05849907547235489,0.21642941236495972,0.0,3.90375,
3124,9.613380432128906,7.785797595977783,0.08776535838842392,0.27120843529701233,0.14988940954208374,0.0,3.905,
3125,5.918911933898926,8.396086692810059,0.0016085306415334344,0.2023637443780899,0.19839857518672943,0.0,3.90625,
3126,4.77321720123291,7.769379615783691,0.023507794365286827,0.14400918781757355,0.14147450029850006,0.0,3.9075,
3127,10.96023941040039,7.948389053344727,0.0817166194319725,0.3299455940723419,0.15974490344524384,0.0,3.90875,
3128,7.178523063659668,8.5878267288208,0.0,0.26077914237976074,0.15841639041900635,0.0,3.91,
3129,1.7543468475341797,8.509571075439453,0.0,0.0483814999461174,0.13298766314983368,0.0,3.91125,
3130,5.0430450439453125,9.590556144714355,0.011763413436710835,0.1587419956922531,0.18941843509674072,0.0,3.9125,
3131,3.128293037414551,8.156521797180176,0.001215000986121595,0.09700564295053482,0.16476945579051971,0.0,3.91375,
3132,13.729585647583008,7.475028991699219,0.0505686029791832,0.4741935133934021,0.14121711254119873,0.0,3.915,
3133,7.716698169708252,7.469651699066162,0.11884845793247223,0.1705218106508255,0.11153169721364975,0.0,3.91625,
3134,6.035383701324463,7.580150127410889,0.11230780929327011,0.11243318766355515,0.09314247220754623,0.0,3.9175,
3135,5.95766019821167,7.992891311645508,0.14231567084789276,0.07298853993415833,0.13661737740039825,0.0,3.91875,
3136,9.589578628540039,8.018914222717285,0.12370558828115463,0.24140006303787231,0.10157530754804611,0.0,3.92,
3137,4.544355392456055,7.059372425079346,0.13327492773532867,0.02606099098920822,0.12925277650356293,0.0,3.92125,
3138,7.070926666259766,8.503992080688477,0.0792132019996643,0.17533400654792786,0.16425086557865143,0.0,3.9225,
3139,4.8584160804748535,7.840719223022461,0.01645849086344242,0.15537089109420776,0.12910938262939453,0.0,3.92375,
3140,5.4258294105529785,7.641334533691406,0.0898064598441124,0.11088668555021286,0.0865650475025177,0.0,3.925,
3141,6.630250930786133,7.89342737197876,0.17619608342647552,0.06204771250486374,0.15616165101528168,0.0,3.92625,
3142,5.287492752075195,8.234171867370605,0.09311046451330185,0.0994541123509407,0.11040565371513367,0.0,3.9275,
3143,5.276415824890137,8.202095985412598,0.05790821462869644,0.12954466044902802,0.1364877074956894,0.0,3.92875,
3144,7.874051094055176,8.278020858764648,0.0,0.29471513628959656,0.11237140744924545,0.0,3.93,
3145,11.456550598144531,9.410759925842285,0.13736656308174133,0.2941293716430664,0.1553705930709839,0.0,3.93125,
3146,6.01263952255249,7.840241432189941,0.06851954758167267,0.14298202097415924,0.17179246246814728,0.0,3.9325,
3147,4.747401237487793,8.094738006591797,0.12794873118400574,0.038128454238176346,0.13363732397556305,0.0,3.93375,
3148,3.167858600616455,8.040358543395996,0.05012456327676773,0.055857691913843155,0.11920405179262161,0.0,3.935,
3149,3.4615707397460938,9.470743179321289,0.0626891478896141,0.053038712590932846,0.1294003576040268,0.0,3.93625,
3150,10.2052583694458,8.98841381072998,0.11600478738546371,0.27708810567855835,0.07965190708637238,0.0,3.9375,
3151,3.178463935852051,9.806543350219727,0.029740849509835243,0.07369542121887207,0.12733173370361328,0.0,3.93875,
3152,5.014562606811523,9.230806350708008,0.06645313650369644,0.11058585345745087,0.13730062544345856,0.0,3.94,
3153,4.246697425842285,10.050541877746582,0.02112489938735962,0.12092290818691254,0.15333151817321777,0.0,3.94125,
3154,4.320569038391113,8.151484489440918,0.07459145784378052,0.06968747824430466,0.15841881930828094,0.0,3.9425,
3155,14.551583290100098,10.033312797546387,0.09216275066137314,0.45868223905563354,0.18054282665252686,0.0,3.94375,
3156,2.654789924621582,9.065133094787598,0.0,0.0848386362195015,0.1190493181347847,0.0,3.945,
3157,7.948348045349121,9.662525177001953,0.04386059567332268,0.24553529918193817,0.17003358900547028,0.0,3.94625,
3158,6.002951622009277,8.395692825317383,0.10423952341079712,0.10916344821453094,0.15272299945354462,0.0,3.9475,
3159,4.029568672180176,8.867278099060059,0.0,0.1365416795015335,0.14474710822105408,0.0,3.94875,
3160,5.404378890991211,8.988004684448242,0.10293973982334137,0.08780570328235626,0.14759306609630585,0.0,3.95,
3161,2.852823257446289,8.0499849319458,0.04881904274225235,0.03175928816199303,0.20265698432922363,0.0,3.95125,
3162,6.014817237854004,8.71447467803955,0.13486534357070923,0.0741533637046814,0.1848905086517334,0.0,3.9525,
3163,3.3897409439086914,9.80551528930664,0.05336670204997063,0.056911733001470566,0.1469905823469162,0.0,3.95375,
3164,4.3411149978637695,8.734410285949707,0.03625011444091797,0.11334225535392761,0.14135757088661194,0.0,3.955,
3165,12.07287311553955,8.859484672546387,0.11462495476007462,0.3341962397098541,0.2000548392534256,0.0,3.95625,
3166,4.5461578369140625,9.242189407348633,0.022169291973114014,0.13448071479797363,0.1509256809949875,0.0,3.9575,
3167,5.871445178985596,7.8373026847839355,0.1079123392701149,0.10799196362495422,0.10556461662054062,0.0,3.95875,
3168,4.757987022399902,8.937628746032715,0.026812493801116943,0.14020884037017822,0.12970857322216034,0.0,3.96,
3169,3.7389402389526367,9.016200065612793,0.06273707002401352,0.06256287544965744,0.1409456729888916,0.0,3.96125,
3170,4.281288146972656,8.096409797668457,0.047291260212659836,0.08897852897644043,0.20876048505306244,0.0,3.9625,
3171,4.403009414672852,9.002655982971191,0.08374792337417603,0.06003419682383537,0.19234217703342438,0.0,3.96375,
3172,1.7487916946411133,8.428581237792969,0.0,0.03430583328008652,0.2075216919183731,0.0,3.965,
3173,3.7970056533813477,9.616552352905273,0.07828464359045029,0.0490117110311985,0.14228908717632294,0.0,3.96625,
3174,7.8022565841674805,9.685323715209961,0.06668207794427872,0.21711452305316925,0.16316013038158417,0.0,3.9675,
3175,2.587357521057129,9.120705604553223,0.025214552879333496,0.03701339662075043,0.2471214085817337,0.0,3.96875,
3176,4.458221435546875,6.990024089813232,0.0,0.14552165567874908,0.19525118172168732,0.0,3.97,
3177,10.779524803161621,9.536338806152344,0.16782833635807037,0.2323189079761505,0.1862875372171402,0.0,3.97125,
3178,11.501407623291016,8.986993789672852,0.06190168857574463,0.36652693152427673,0.18992914259433746,0.0,3.9725,
3179,4.266996383666992,10.353958129882812,0.04930444806814194,0.09216144680976868,0.17151468992233276,0.0,3.97375,
3180,20.609413146972656,7.973647594451904,0.0,0.7907360792160034,0.20164011418819427,0.0,3.975,
3181,8.446738243103027,8.551836013793945,0.0726727619767189,0.2376638948917389,0.16365788877010345,0.0,3.97625,
3182,5.864479064941406,7.852195739746094,0.0,0.21220166981220245,0.12981922924518585,0.0,3.9775,
3183,5.225724220275879,9.430845260620117,0.04234856367111206,0.1361663043498993,0.18344765901565552,0.0,3.97875,
3184,5.346844673156738,8.589848518371582,0.016733506694436073,0.16910722851753235,0.16553224623203278,0.0,3.98,
3185,4.347971439361572,7.947924613952637,0.06803880631923676,0.07747692614793777,0.16671596467494965,0.0,3.98125,
3186,3.0647263526916504,7.470427513122559,0.06363018602132797,0.03287503495812416,0.1562168300151825,0.0,3.9825,
3187,4.085071563720703,8.973311424255371,0.0736783966422081,0.060912296175956726,0.16822867095470428,0.0,3.98375,
3188,4.623642921447754,8.07351303100586,0.07878915965557098,0.07421810925006866,0.18326306343078613,0.0,3.985,
3189,6.811398506164551,9.008042335510254,0.0,0.24470679461956024,0.1592848151922226,0.0,3.98625,
3190,5.709103584289551,8.11772346496582,0.08127528429031372,0.12287302315235138,0.1426948606967926,0.0,3.9875,
3191,4.120973587036133,8.91220474243164,0.006359557155519724,0.12661892175674438,0.1903342455625534,0.0,3.98875,
3192,4.481573104858398,7.650424480438232,0.0,0.15947198867797852,0.11248012632131577,0.0,3.99,
3193,4.838259696960449,10.419219970703125,0.01914910413324833,0.1430264115333557,0.17898476123809814,0.0,3.99125,
3194,4.602887153625488,8.98039722442627,0.04008668661117554,0.11511273682117462,0.16713416576385498,0.0,3.9925,
3195,12.726844787597656,8.813199043273926,0.05886927992105484,0.4241904616355896,0.15309761464595795,0.0,3.99375,
3196,2.100672721862793,8.350773811340332,0.040507733821868896,0.015578262507915497,0.15929169952869415,0.0,3.995,
3197,7.598608016967773,8.722372055053711,0.048375945538282394,0.23784545063972473,0.09816774725914001,0.0,3.99625,
3198,1.9668340682983398,8.792129516601562,0.0,0.05474584922194481,0.14143106341362,0.0,3.9975,
3199,5.033254623413086,8.162832260131836,0.057841282337903976,0.11416859179735184,0.1698579639196396,0.0,3.99875,
3200,5.57938289642334,8.76347827911377,0.0021293361205607653,0.19318871200084686,0.16183258593082428,0.0,4.0,
3201,6.724210739135742,8.372306823730469,0.17629316449165344,0.06196559965610504,0.1803750991821289,0.0,4.00125,
3202,4.889009475708008,7.048834800720215,0.11443008482456207,0.04651980102062225,0.20734865963459015,0.0,4.0025,
3203,3.640164375305176,7.712265968322754,0.09291613101959229,0.02650751732289791,0.15596194565296173,0.0,4.00375,
3204,6.599559783935547,7.291256904602051,0.1351243257522583,0.0992516353726387,0.1800045371055603,0.0,4.005,
3205,6.401986122131348,8.14322566986084,0.13795194029808044,0.08909910172224045,0.16869187355041504,0.0,4.00625,
3206,5.134836673736572,7.379722595214844,0.06506367772817612,0.11009417474269867,0.17943508923053741,0.0,4.0075,
3207,7.577096939086914,9.135437965393066,0.19501125812530518,0.08209501951932907,0.1468597799539566,0.0,4.00875,
3208,4.938044548034668,8.482337951660156,0.02086375094950199,0.14907321333885193,0.15648595988750458,0.0,4.01,
3209,4.830286979675293,10.355671882629395,0.0,0.1604207307100296,0.19255958497524261,0.0,4.01125,
3210,7.695870399475098,8.588834762573242,0.06537902355194092,0.21179169416427612,0.1720944494009018,0.0,4.0125,
3211,2.2605037689208984,10.439085006713867,0.0,0.06535568088293076,0.1436588317155838,0.0,4.01375,
3212,2.8054380416870117,9.736026763916016,0.0011376142501831055,0.08232922852039337,0.16557960212230682,0.0,4.015,
3213,10.528661727905273,11.13051700592041,0.06337537616491318,0.33056867122650146,0.1536039113998413,0.0,4.01625,
3214,8.367196083068848,8.991292953491211,0.0,0.3029036819934845,0.1750054806470871,0.0,4.0175,
3215,4.276856422424316,10.300743103027344,0.07818212360143661,0.05834251269698143,0.19907313585281372,0.0,4.01875,
3216,5.880087852478027,9.413590431213379,0.0,0.20810435712337494,0.15185700356960297,0.0,4.02,
3217,5.715151786804199,10.054892539978027,0.040993668138980865,0.15567803382873535,0.179357647895813,0.0,4.02125,
3218,3.276047706604004,9.688253402709961,0.0,0.10322333872318268,0.16091403365135193,0.0,4.0225,
3219,8.461103439331055,8.757609367370605,0.07277698814868927,0.23268276453018188,0.1911441832780838,0.0,4.02375,
3220,9.949692726135254,8.504731178283691,0.10337430238723755,0.2593308091163635,0.2043486088514328,0.0,4.025,
3221,5.206656455993652,7.853019714355469,0.10331974923610687,0.07915394008159637,0.14551858603954315,0.0,4.02625,
3222,3.1336488723754883,8.238739967346191,0.05085213854908943,0.04503293335437775,0.1732931286096573,0.0,4.0275,
3223,8.243026733398438,9.996173858642578,0.07769777625799179,0.21822047233581543,0.19210009276866913,0.0,4.02875,
3224,3.062197685241699,9.08792495727539,0.07982625812292099,0.0221067126840353,0.11320891976356506,0.0,4.03,
3225,3.296712875366211,7.881094932556152,0.03868557885289192,0.06867450475692749,0.1313861608505249,0.0,4.03125,
3226,7.2702531814575195,8.461690902709961,0.0,0.2608361542224884,0.17326927185058594,0.0,4.0325,
3227,6.310549736022949,9.381858825683594,0.13995128870010376,0.0804467499256134,0.19036079943180084,0.0,4.03375,
3228,6.137782573699951,7.978664875030518,0.1555163562297821,0.06234190985560417,0.15613149106502533,0.0,4.035,
3229,5.511833190917969,9.209258079528809,0.0,0.19841542840003967,0.1199578121304512,0.0,4.03625,
3230,3.73659610748291,8.783395767211914,0.019892990589141846,0.09838233143091202,0.17847277224063873,0.0,4.0375,
3231,4.396523475646973,9.624007225036621,0.03248131275177002,0.12083303928375244,0.1244058683514595,0.0,4.03875,
3232,6.3174638748168945,9.233922958374023,0.010259012691676617,0.21727412939071655,0.13949589431285858,0.0,4.04,
3233,9.431422233581543,8.382880210876465,0.061258673667907715,0.29208609461784363,0.14185556769371033,0.0,4.04125,
3234,5.608957767486572,7.878063201904297,0.0687042698264122,0.12747807800769806,0.15581578016281128,0.0,4.0425,
3235,6.478055000305176,8.329949378967285,0.07460298389196396,0.16480116546154022,0.11515261977910995,0.0,4.04375,
3236,7.984010696411133,8.74252700805664,0.08810307830572128,0.1999857872724533,0.18050318956375122,0.0,4.045,
3237,7.705052375793457,8.298758506774902,0.06308960914611816,0.21130307018756866,0.19670836627483368,0.0,4.04625,
3238,3.0923423767089844,9.092174530029297,0.07209855318069458,0.0271005742251873,0.1421341449022293,0.0,4.0475,
3239,6.344566345214844,9.030720710754395,0.05742909759283066,0.17100867629051208,0.14731642603874207,0.0,4.04875,
3240,5.639066696166992,7.49701452255249,0.030195951461791992,0.16677138209342957,0.16800087690353394,0.0,4.05,
3241,3.225900650024414,9.056241989135742,0.04230731725692749,0.06155850738286972,0.14432744681835175,0.0,4.05125,
3242,4.859400749206543,7.196356773376465,0.04891180992126465,0.12331244349479675,0.1225278452038765,0.0,4.0525,
3243,5.9040374755859375,8.82987117767334,0.030800243839621544,0.18150238692760468,0.1362411379814148,0.0,4.05375,
3244,6.998274803161621,8.355568885803223,0.1345643401145935,0.1146085113286972,0.1743728518486023,0.0,4.055,
3245,8.281879425048828,7.825180530548096,0.052911143749952316,0.24607720971107483,0.18247359991073608,0.0,4.05625,
3246,4.9471259117126465,7.8751068115234375,0.04912799596786499,0.11930152028799057,0.1727558970451355,0.0,4.0575,
3247,5.551335334777832,8.148752212524414,0.01414346694946289,0.18564698100090027,0.1259530931711197,0.0,4.05875,
3248,3.7960152626037598,7.640493869781494,0.095184825360775,0.0332147516310215,0.13589806854724884,0.0,4.06,
3249,9.261259078979492,9.391279220581055,0.019443055614829063,0.3252190351486206,0.1481737494468689,0.0,4.06125,
3250,7.400796890258789,9.352466583251953,0.009505708701908588,0.259981244802475,0.1496550440788269,0.0,4.0625,
3251,3.270623207092285,8.944019317626953,0.055331069976091385,0.05381128937005997,0.12125977128744125,0.0,4.06375,
3252,2.7200779914855957,8.034160614013672,0.008959571830928326,0.06981047242879868,0.17292939126491547,0.0,4.065,
3253,6.718358039855957,8.934854507446289,0.051232676953077316,0.19335372745990753,0.14089787006378174,0.0,4.06625,
3254,4.6489691734313965,8.010190963745117,0.05180338770151138,0.10758721828460693,0.15642288327217102,0.0,4.0675,
3255,7.9591875076293945,8.72769832611084,0.09196517616510391,0.1951339840888977,0.18100832402706146,0.0,4.06875,
3256,5.32717227935791,9.25820255279541,0.0,0.18331068754196167,0.175337553024292,0.0,4.07,
3257,2.430741310119629,9.505108833312988,0.0006149013643153012,0.06828609853982925,0.16637194156646729,0.0,4.07125,
3258,3.0894765853881836,9.0439453125,0.06400356441736221,0.037585318088531494,0.12437444180250168,0.0,4.0725,
3259,3.47487735748291,8.509815216064453,0.024852216243743896,0.08981575816869736,0.14169247448444366,0.0,4.07375,
3260,7.498777389526367,7.248054504394531,0.16022449731826782,0.11889156699180603,0.11493530869483948,0.0,4.075,
3261,7.8300676345825195,8.370060920715332,0.008186797611415386,0.2774154841899872,0.16057075560092926,0.0,4.07625,
3262,5.299803733825684,9.185144424438477,0.0,0.18524128198623657,0.1439058929681778,0.0,4.0775,
3263,4.345044136047363,9.092617988586426,0.0,0.1510700285434723,0.13091100752353668,0.0,4.07875,
3264,2.7606706619262695,9.428509712219238,0.0353584885597229,0.05333553999662399,0.11975232511758804,0.0,4.08,
3265,6.49287223815918,8.313841819763184,0.1106535792350769,0.12834343314170837,0.11381056904792786,0.0,4.08125,
3266,6.31285285949707,8.348184585571289,0.07445931434631348,0.15340246260166168,0.14275865256786346,0.0,4.0825,
3267,7.169328689575195,9.58145523071289,0.11405787616968155,0.1545383632183075,0.10395782440900803,0.0,4.08375,
3268,5.258742332458496,8.852058410644531,0.05409775301814079,0.13375434279441833,0.12913061678409576,0.0,4.085,
3269,2.369776725769043,8.696837425231934,0.018031975254416466,0.05705130100250244,0.11345750093460083,0.0,4.08625,
3270,4.5850934982299805,10.284021377563477,0.007600466255098581,0.15063945949077606,0.14337106049060822,0.0,4.0875,
3271,5.043292045593262,8.989829063415527,0.10220644623041153,0.07846201956272125,0.11834007501602173,0.0,4.08875,
3272,7.4296112060546875,9.695884704589844,0.003771881340071559,0.2704431712627411,0.13182540237903595,0.0,4.09,
3273,8.478137016296387,10.113959312438965,0.20002353191375732,0.11150957643985748,0.15742428600788116,0.0,4.09125,
3274,3.3993234634399414,9.545941352844238,0.07299292087554932,0.040660612285137177,0.12341812998056412,0.0,4.0925,
3275,3.448086738586426,10.621458053588867,0.0,0.1142377033829689,0.133455291390419,0.0,4.09375,
3276,3.4308156967163086,9.876960754394531,0.02725188061594963,0.08639853447675705,0.13205105066299438,0.0,4.095,
3277,3.0126333236694336,10.507800102233887,0.042778968811035156,0.049344200640916824,0.1568184345960617,0.0,4.09625,
3278,4.888233184814453,9.38779354095459,0.008892257697880268,0.16486357152462006,0.12082365900278091,0.0,4.0975,
3279,5.866571426391602,11.087530136108398,0.0,0.21106761693954468,0.1330322027206421,0.0,4.09875,
3280,4.306826591491699,9.455394744873047,0.05817703157663345,0.0858653113245964,0.14578433334827423,0.0,4.1,
3281,2.6845779418945312,9.500492095947266,0.0174690093845129,0.059803396463394165,0.16221021115779877,0.0,4.10125,
3282,4.631772994995117,9.361899375915527,0.04375984147191048,0.11232207715511322,0.170735165476799,0.0,4.1025,
3283,3.24190616607666,9.746345520019531,0.020730257034301758,0.07790984958410263,0.17936106026172638,0.0,4.10375,
3284,4.747101783752441,8.812600135803223,0.057134050875902176,0.10426023602485657,0.16455267369747162,0.0,4.105,
3285,2.326963424682617,7.975349426269531,0.010660350322723389,0.05340711027383804,0.1634124517440796,0.0,4.10625,
3286,5.95920467376709,9.820966720581055,0.046486854553222656,0.17113667726516724,0.11307411640882492,0.0,4.1075,
3287,3.475421905517578,10.071181297302246,0.03309385105967522,0.0792461708188057,0.1509748101234436,0.0,4.10875,
3288,4.747014999389648,9.78641414642334,0.025620779022574425,0.12626498937606812,0.22152428328990936,0.0,4.11,
3289,4.389575958251953,10.667622566223145,0.04123711585998535,0.10550743341445923,0.16615112125873566,0.0,4.11125,
3290,3.664217948913574,9.387568473815918,0.052158236503601074,0.06341537088155746,0.17635715007781982,0.0,4.1125,
3291,1.9270305633544922,10.047388076782227,0.0027261574286967516,0.04807084798812866,0.14885996282100677,0.0,4.11375,
3292,4.257437705993652,9.627435684204102,0.0,0.13698431849479675,0.19464178383350372,0.0,4.115,
3293,2.855759620666504,9.786107063293457,0.0,0.07657860219478607,0.218788281083107,0.0,4.11625,
3294,10.354166030883789,9.740500450134277,0.0144234299659729,0.35968446731567383,0.23414963483810425,0.0,4.1175,
3295,5.419421195983887,9.36942195892334,0.0731513723731041,0.10221590846776962,0.24194516241550446,0.0,4.11875,
3296,3.7948827743530273,11.162483215332031,0.0025329391937702894,0.11861273646354675,0.17538101971149445,0.0,4.12,
3297,15.85702896118164,10.577573776245117,0.07282104343175888,0.5274202823638916,0.1929139941930771,0.0,4.12125,
3298,5.942737579345703,10.038370132446289,0.03555520251393318,0.16707858443260193,0.20251737534999847,0.0,4.1225,
3299,7.118134498596191,10.244425773620605,0.01831130124628544,0.22750966250896454,0.2257988601922989,0.0,4.12375,
3300,10.943397521972656,9.985710144042969,0.005629380699247122,0.40359601378440857,0.16375519335269928,0.0,4.125,
3301,6.681110382080078,9.604941368103027,0.011027157306671143,0.22223211824893951,0.19114460051059723,0.0,4.12625,
3302,1.6995086669921875,10.794820785522461,0.024094024673104286,0.01922997459769249,0.13463689386844635,0.0,4.1275,
3303,3.335786819458008,9.695274353027344,0.0,0.1072494387626648,0.14790575206279755,0.0,4.12875,
3304,5.641709327697754,9.002793312072754,0.08638950437307358,0.11661941558122635,0.12505818903446198,0.0,4.13,
3305,7.070588111877441,9.880648612976074,0.15065523982048035,0.10437365621328354,0.1572146862745285,0.0,4.13125,
3306,3.1041860580444336,9.403443336486816,0.03367094323039055,0.06537637114524841,0.14424283802509308,0.0,4.1325,
3307,3.970259666442871,8.977029800415039,0.07398633658885956,0.056799210608005524,0.16126926243305206,0.0,4.13375,
3308,5.101709365844727,8.742058753967285,0.03671165183186531,0.1412477344274521,0.14429301023483276,0.0,4.135,
3309,6.813823699951172,9.167981147766113,0.019912024959921837,0.2257290780544281,0.15588527917861938,0.0,4.13625,
3310,7.434690475463867,9.10387134552002,0.04223157837986946,0.2342069447040558,0.1145201101899147,0.0,4.1375,
3311,7.390620231628418,9.820615768432617,0.04997881129384041,0.21667122840881348,0.15091350674629211,0.0,4.13875,
3312,6.157268524169922,10.999913215637207,0.02648242376744747,0.19792407751083374,0.12042389065027237,0.0,4.14,
3313,6.971418380737305,8.089110374450684,0.1384316235780716,0.11790008842945099,0.12050390243530273,0.0,4.14125,
3314,5.908522605895996,8.630732536315918,0.07139912992715836,0.1449500173330307,0.10936387628316879,0.0,4.1425,
3315,2.3485488891601562,9.344175338745117,0.0,0.06327509880065918,0.1718856245279312,0.0,4.14375,
3316,4.620301246643066,9.299263000488281,0.1004365086555481,0.07079393416643143,0.0724368765950203,0.0,4.145,
3317,6.2751922607421875,8.614129066467285,0.06844407320022583,0.1559075117111206,0.15230213105678558,0.0,4.14625,
3318,5.441423416137695,9.186182975769043,0.11564943939447403,0.08005441725254059,0.11546351760625839,0.0,4.1475,
3319,3.421560287475586,9.655380249023438,0.05244334414601326,0.06360267102718353,0.11618613451719284,0.0,4.14875,
3320,6.32296085357666,9.457470893859863,0.08810345083475113,0.14643865823745728,0.094190813601017,0.0,4.15,
3321,9.80686092376709,9.267515182495117,0.11141985654830933,0.2532728910446167,0.15105614066123962,0.0,4.15125,
3322,3.250237464904785,8.38019847869873,0.016583243384957314,0.08675843477249146,0.15122054517269135,0.0,4.1525,
3323,7.951934814453125,9.505889892578125,0.06867480278015137,0.22830450534820557,0.12068221718072891,0.0,4.15375,
3324,2.524582862854004,8.29105281829834,0.06346841901540756,0.007166936062276363,0.17052869498729706,0.0,4.155,
3325,3.694751739501953,9.20995807647705,0.05252528190612793,0.07721246778964996,0.09614413231611252,0.0,4.15625,
3326,3.5458898544311523,9.057913780212402,0.022807877510786057,0.10006053000688553,0.10606175661087036,0.0,4.1575,
3327,4.467164993286133,10.712995529174805,0.09963618218898773,0.047441110014915466,0.17349253594875336,0.0,4.15875,
3328,5.196072101593018,7.951508045196533,0.07411626726388931,0.110547736287117,0.13432805240154266,0.0,4.16,
3329,3.0000343322753906,9.96495532989502,0.026727518066763878,0.06808609515428543,0.14065149426460266,0.0,4.16125,
3330,6.5521345138549805,10.631499290466309,0.04192193225026131,0.19309237599372864,0.14536242187023163,0.0,4.1625,
3331,4.71071720123291,9.556214332580566,0.02949402667582035,0.13369715213775635,0.136594757437706,0.0,4.16375,
3332,5.038372993469238,9.270305633544922,0.058121901005506516,0.11717748641967773,0.14708760380744934,0.0,4.165,
3333,6.031031608581543,10.175827980041504,0.06572484970092773,0.1505359709262848,0.1404154896736145,0.0,4.16625,
3334,9.876959800720215,9.870726585388184,0.0,0.3633062243461609,0.17319358885288239,0.0,4.1675,
3335,6.790151596069336,9.458395957946777,0.06357645988464355,0.1781444251537323,0.16464684903621674,0.0,4.16875,
3336,3.534274101257324,9.360740661621094,0.01662609912455082,0.09784016013145447,0.14862944185733795,0.0,4.17,
3337,5.511368751525879,11.59419059753418,0.0,0.19227334856987,0.15666520595550537,0.0,4.17125,
3338,5.862739562988281,8.937543869018555,0.045115768909454346,0.16379889845848083,0.1417371779680252,0.0,4.1725,
3339,4.260570526123047,8.291146278381348,0.0,0.13614843785762787,0.1945066601037979,0.0,4.17375,
3340,4.997686386108398,9.392478942871094,0.02133079431951046,0.14977476000785828,0.16159696877002716,0.0,4.175,
3341,4.343962669372559,9.36149787902832,0.04883207753300667,0.10056126862764359,0.13436423242092133,0.0,4.17625,
3342,4.664490699768066,9.848970413208008,0.013581891544163227,0.14778873324394226,0.14043892920017242,0.0,4.1775,
3343,2.4550743103027344,8.877620697021484,0.04831584170460701,0.025234390050172806,0.1349245309829712,0.0,4.17875,
3344,7.623839378356934,8.507438659667969,0.09082646667957306,0.1943470686674118,0.10885093361139297,0.0,4.18,
3345,7.366346836090088,7.7981038093566895,0.11840783059597015,0.15259794890880585,0.12913872301578522,0.0,4.18125,
3346,5.068380355834961,8.394455909729004,0.014691869728267193,0.15466725826263428,0.19020409882068634,0.0,4.1825,
3347,3.0753259658813477,9.984566688537598,0.0007179180975072086,0.10128860920667648,0.11335401982069016,0.0,4.18375,
3348,2.9469451904296875,8.457781791687012,0.0016377171268686652,0.09100290387868881,0.14026959240436554,0.0,4.185,
3349,6.741925239562988,8.568076133728027,0.1725911647081375,0.07553153485059738,0.11649328470230103,0.0,4.18625,
3350,4.427032470703125,8.916818618774414,0.03493829444050789,0.11832695454359055,0.13454069197177887,0.0,4.1875,
3351,6.219002723693848,9.720232963562012,0.07924216985702515,0.14414384961128235,0.13916032016277313,0.0,4.18875,
3352,9.332747459411621,9.514979362487793,0.08955202996730804,0.255107045173645,0.15859366953372955,0.0,4.19,
3353,10.824268341064453,8.206418991088867,0.0188268031924963,0.39029669761657715,0.1274050623178482,0.0,4.19125,
3354,5.609073638916016,7.952457904815674,0.03411068394780159,0.1609514355659485,0.16322526335716248,0.0,4.1925,
3355,3.5338363647460938,8.101848602294922,0.006003519054502249,0.11073996871709824,0.1350538283586502,0.0,4.19375,
3356,6.524257659912109,8.036467552185059,0.1327076256275177,0.10098457336425781,0.15112195909023285,0.0,4.195,
3357,6.9230146408081055,9.751709938049316,0.07632581144571304,0.17852678894996643,0.1212284043431282,0.0,4.19625,
3358,4.188077926635742,9.710001945495605,0.061639487743377686,0.0767231434583664,0.1584261655807495,0.0,4.1975,
3359,10.121055603027344,9.443314552307129,0.10725172609090805,0.27139046788215637,0.14356200397014618,0.0,4.19875,
3360,3.4025659561157227,10.094056129455566,0.044135093688964844,0.06262607872486115,0.1618247777223587,0.0,4.2,
3361,6.8729352951049805,10.133975982666016,0.0,0.2488614320755005,0.14171196520328522,0.0,4.20125,
3362,8.943595886230469,9.880047798156738,0.13570094108581543,0.20073802769184113,0.11126711964607239,0.0,4.2025,
3363,2.8263349533081055,9.831820487976074,0.037172216922044754,0.049028366804122925,0.14533349871635437,0.0,4.20375,
3364,3.313518524169922,8.661367416381836,0.07851333916187286,0.03224387764930725,0.11247163265943527,0.0,4.205,
3365,4.235745429992676,10.397785186767578,0.0,0.15003283321857452,0.09738209843635559,0.0,4.20625,
3366,7.513689041137695,10.280289649963379,0.032561421394348145,0.24116793274879456,0.14831344783306122,0.0,4.2075,
3367,4.832839012145996,8.8239164352417,0.05749597027897835,0.10537692904472351,0.15749047696590424,0.0,4.20875,
3368,6.113498687744141,9.23665714263916,0.04212800785899162,0.17540305852890015,0.1493053436279297,0.0,4.21,
3369,4.298971176147461,10.10478401184082,0.03451571986079216,0.10488447546958923,0.1848355531692505,0.0,4.21125,
3370,7.165471076965332,9.698915481567383,0.17011401057243347,0.09036420285701752,0.13454125821590424,0.0,4.2125,
3371,3.401139259338379,9.330265045166016,0.07899446785449982,0.033426836133003235,0.12047833204269409,0.0,4.21375,
3372,4.197188377380371,10.523795127868652,0.05458637326955795,0.08732569217681885,0.1457241326570511,0.0,4.215,
3373,2.918980598449707,9.319648742675781,0.006180604454129934,0.0881514623761177,0.11715289950370789,0.0,4.21625,
3374,4.533426284790039,10.116913795471191,0.050347983837127686,0.1012725904583931,0.16446061432361603,0.0,4.2175,
3375,8.582062721252441,9.611516952514648,0.05047664791345596,0.2658725380897522,0.14246022701263428,0.0,4.21875,
3376,7.8554277420043945,10.519879341125488,0.0013973315944895148,0.2890501022338867,0.12989360094070435,0.0,4.22,
3377,6.928179740905762,9.875372886657715,0.0,0.2507741451263428,0.14204636216163635,0.0,4.22125,
3378,2.5665102005004883,10.398162841796875,0.0,0.0781426653265953,0.13055123388767242,0.0,4.2225,
3379,3.8723411560058594,9.159711837768555,0.03216085955500603,0.09498488903045654,0.14444376528263092,0.0,4.22375,
3380,6.36385440826416,9.996216773986816,0.0,0.22624340653419495,0.15442998707294464,0.0,4.225,
3381,2.6230926513671875,9.105523109436035,0.005059997085481882,0.07450097799301147,0.136567622423172,0.0,4.22625,
3382,4.040757179260254,10.19425106048584,0.06431671231985092,0.06939384341239929,0.15476298332214355,0.0,4.2275,
3383,3.1148252487182617,9.5375337600708,0.051567159593105316,0.0470350943505764,0.1483306735754013,0.0,4.22875,
3384,4.891767501831055,9.161563873291016,0.03447256609797478,0.14024071395397186,0.11567222326993942,0.0,4.23,
3385,3.3395090103149414,9.261455535888672,0.018554827198386192,0.0870676040649414,0.15530751645565033,0.0,4.23125,
3386,7.147617340087891,10.505281448364258,0.033931951969861984,0.23273314535617828,0.10161390900611877,0.0,4.2325,
3387,4.077700614929199,9.719378471374512,0.0,0.14357976615428925,0.1044316366314888,0.0,4.23375,
3388,6.860626220703125,9.428107261657715,0.21599063277244568,0.029544223099946976,0.1582154631614685,0.0,4.235,
3389,3.6450014114379883,8.694751739501953,0.08521107584238052,0.0361919179558754,0.13129056990146637,0.0,4.23625,
3390,3.198781967163086,9.960533142089844,0.02671140432357788,0.07871588319540024,0.124117910861969,0.0,4.2375,
3391,7.82553768157959,9.548752784729004,0.1299363076686859,0.15085795521736145,0.18003767728805542,0.0,4.23875,
3392,4.506339073181152,9.92605972290039,0.0,0.15542005002498627,0.1326393336057663,0.0,4.24,
3393,5.850042343139648,9.905919075012207,0.010384063236415386,0.1958390772342682,0.1337021291255951,0.0,4.24125,
3394,3.1446533203125,11.28306770324707,0.07242760807275772,0.028833771124482155,0.12996675074100494,0.0,4.2425,
3395,4.436770439147949,11.026795387268066,0.032863181084394455,0.11471006274223328,0.15726865828037262,0.0,4.24375,
3396,4.880947113037109,10.256437301635742,0.0,0.1634770780801773,0.15055584907531738,0.0,4.245,
3397,7.8054914474487305,11.830634117126465,0.07926350831985474,0.20520465075969696,0.13798485696315765,0.0,4.24625,
3398,6.641386985778809,11.258280754089355,0.020649632439017296,0.21519115567207336,0.16181237995624542,0.0,4.2475,
3399,4.5622148513793945,10.508170127868652,0.01565994881093502,0.1407669633626938,0.14102010428905487,0.0,4.24875,
3400,6.16851806640625,9.840567588806152,0.05348481610417366,0.16712085902690887,0.14055491983890533,0.0,4.25,
3401,4.899096488952637,10.16909408569336,0.0,0.1696295589208603,0.13532747328281403,0.0,4.25125,
3402,4.809334754943848,8.88226318359375,0.12682536244392395,0.03587697446346283,0.1539008617401123,0.0,4.2525,
3403,4.058008193969727,9.18494701385498,0.01608232595026493,0.12355412542819977,0.12276899814605713,0.0,4.25375,
3404,3.5725183486938477,10.907577514648438,0.09999171644449234,0.017954282462596893,0.13249212503433228,0.0,4.255,
3405,4.930117607116699,10.097686767578125,0.06308194249868393,0.10755737125873566,0.14528681337833405,0.0,4.25625,
3406,4.660155296325684,8.734177589416504,0.04170296713709831,0.11853387951850891,0.13700364530086517,0.0,4.2575,
3407,7.184700965881348,11.099041938781738,0.06742756068706512,0.195280984044075,0.12196580320596695,0.0,4.25875,
3408,4.83199405670166,10.088343620300293,0.03803868964314461,0.13449908792972565,0.1034327819943428,0.0,4.26,
3409,8.797966003417969,8.696996688842773,0.2676565945148468,0.05913949012756348,0.14111724495887756,0.0,4.26125,
3410,9.757905960083008,9.32658863067627,0.07804036140441895,0.2842819094657898,0.15300452709197998,0.0,4.2625,
3411,5.479191780090332,9.480239868164062,0.0018402934074401855,0.19409212470054626,0.11933630704879761,0.0,4.26375,
3412,7.961647033691406,8.610124588012695,0.09397900104522705,0.1874742954969406,0.19934187829494476,0.0,4.265,
3413,5.94273567199707,10.412455558776855,0.030354183167219162,0.1783360242843628,0.1593904197216034,0.0,4.26625,
3414,13.436442375183105,9.064391136169434,0.05996483564376831,0.45231565833091736,0.14071249961853027,0.0,4.2675,
3415,4.888692855834961,10.585530281066895,0.0948849767446518,0.06843748688697815,0.17252081632614136,0.0,4.26875,
3416,4.356867790222168,11.422102928161621,0.0,0.15004703402519226,0.1218947172164917,0.0,4.27,
3417,4.136360168457031,9.05581283569336,0.00930466316640377,0.1296463906764984,0.13927453756332397,0.0,4.27125,
3418,4.6533708572387695,10.271123886108398,0.04413117840886116,0.1163175031542778,0.13696764409542084,0.0,4.2725,
3419,6.652029991149902,10.763017654418945,0.005764365196228027,0.23061978816986084,0.1454690545797348,0.0,4.27375,
3420,4.927567481994629,10.434203147888184,0.05947144702076912,0.11267358064651489,0.13073617219924927,0.0,4.275,
3421,4.854789733886719,10.035736083984375,0.01893659494817257,0.14303871989250183,0.17109672725200653,0.0,4.27625,
3422,2.681057929992676,10.636500358581543,0.03847203776240349,0.03332411125302315,0.19040705263614655,0.0,4.2775,
3423,4.384900093078613,10.968628883361816,0.0,0.1482241451740265,0.1480647176504135,0.0,4.27875,
3424,4.513538360595703,9.26132869720459,0.022303977981209755,0.13025526702404022,0.14545200765132904,0.0,4.28,
3425,1.9660682678222656,10.546507835388184,0.009795129299163818,0.04728548973798752,0.11438017338514328,0.0,4.28125,
3426,6.803764343261719,9.848274230957031,0.07204947620630264,0.16589213907718658,0.18938155472278595,0.0,4.2825,
3427,8.551875114440918,9.463854789733887,0.06468421220779419,0.2553967535495758,0.12027427554130554,0.0,4.28375,
3428,6.882912635803223,10.567802429199219,0.03024747036397457,0.21444396674633026,0.15646906197071075,0.0,4.285,
3429,6.684514045715332,9.040919303894043,0.13318318128585815,0.10395363718271255,0.16011221706867218,0.0,4.28625,
3430,5.929694175720215,9.794772148132324,0.0954432487487793,0.11720699816942215,0.12902231514453888,0.0,4.2875,
3431,3.176633834838867,10.905496597290039,0.0,0.10134992003440857,0.13189750909805298,0.0,4.28875,
3432,9.282690048217773,10.731124877929688,0.0,0.34742477536201477,0.12476673722267151,0.0,4.29,
3433,4.18946647644043,10.103471755981445,0.0011840065708383918,0.14165882766246796,0.13376270234584808,0.0,4.29125,
3434,4.154841423034668,9.557363510131836,0.055704016238451004,0.08441001176834106,0.14129038155078888,0.0,4.2925,
3435,3.926999092102051,8.607598304748535,0.014531831257045269,0.1178642138838768,0.13101419806480408,0.0,4.29375,
3436,7.330720901489258,9.673625946044922,0.06952377408742905,0.1983558088541031,0.13494719564914703,0.0,4.295,
3437,5.825982093811035,8.889025688171387,0.08853065967559814,0.11901766061782837,0.14209870994091034,0.0,4.29625,
3438,7.451467514038086,9.677668571472168,0.03200709819793701,0.24521443247795105,0.10443153232336044,0.0,4.2975,
3439,4.337932586669922,8.925385475158691,0.049341004341840744,0.1055142804980278,0.10005884617567062,0.0,4.29875,
3440,7.503024101257324,8.641495704650879,0.15630528330802917,0.12640134990215302,0.0889672264456749,0.0,4.3,
3441,4.184858322143555,8.711498260498047,0.040097735822200775,0.10874062031507492,0.10058233886957169,0.0,4.30125,
3442,9.381701469421387,10.529805183410645,0.11009452491998672,0.23817476630210876,0.14256815612316132,0.0,4.3025,
3443,5.427848815917969,9.810742378234863,0.11628085374832153,0.08015711605548859,0.10216901451349258,0.0,4.30375,
3444,7.13859748840332,10.131364822387695,0.07827266305685043,0.18284998834133148,0.12993206083774567,0.0,4.305,
3445,5.7421674728393555,9.654481887817383,0.047886889427900314,0.15700387954711914,0.13229984045028687,0.0,4.30625,
3446,4.892729759216309,9.405488967895508,0.037048518657684326,0.1400148868560791,0.09668821841478348,0.0,4.3075,
3447,2.2029123306274414,10.732662200927734,0.021485328674316406,0.04164574295282364,0.1273726224899292,0.0,4.30875,
3448,4.259675979614258,10.131848335266113,0.05466689541935921,0.09319166094064713,0.1150660291314125,0.0,4.31,
3449,4.666923522949219,9.965041160583496,0.03942517563700676,0.12282057851552963,0.13201956450939178,0.0,4.31125,
3450,5.794244766235352,8.870015144348145,0.06190921738743782,0.1508220136165619,0.09848818928003311,0.0,4.3125,
3451,7.136987686157227,8.53659725189209,0.09392839670181274,0.1717132329940796,0.10548457503318787,0.0,4.31375,
3452,5.598879337310791,7.873633861541748,0.17613370716571808,0.02079564891755581,0.14913617074489594,0.0,4.315,
3453,3.6422300338745117,9.305963516235352,0.04332965612411499,0.0818595364689827,0.10287062078714371,0.0,4.31625,
3454,4.384596824645996,10.045324325561523,0.01413689088076353,0.13472117483615875,0.14365682005882263,0.0,4.3175,
3455,3.7295446395874023,9.439885139465332,0.041019439697265625,0.07965745031833649,0.15552444756031036,0.0,4.31875,
3456,3.0806522369384766,10.293211936950684,0.0279300007969141,0.07051469385623932,0.13404865562915802,0.0,4.32,
3457,4.011857032775879,10.142735481262207,0.0,0.1319529116153717,0.15477681159973145,0.0,4.32125,
3458,6.372638702392578,10.275225639343262,0.14293920993804932,0.0827934592962265,0.15276609361171722,0.0,4.3225,
3459,12.488177299499512,8.42605209350586,0.1426345556974411,0.3330948054790497,0.12783710658550262,0.0,4.32375,
3460,6.8640546798706055,8.532782554626465,0.19211654365062714,0.06235024333000183,0.10934445261955261,0.0,4.325,
3461,9.587218284606934,9.486204147338867,0.0505266971886158,0.30647584795951843,0.14075838029384613,0.0,4.32625,
3462,4.734440803527832,8.147309303283691,0.0582960844039917,0.10796822607517242,0.12266159057617188,0.0,4.3275,
3463,3.5225048065185547,8.966021537780762,0.06904727220535278,0.04791712760925293,0.12989498674869537,0.0,4.32875,
3464,5.880063056945801,10.82096004486084,0.0580889992415905,0.14853447675704956,0.15776042640209198,0.0,4.33,
3465,5.273691177368164,10.213001251220703,0.08450418710708618,0.0979229286313057,0.15564213693141937,0.0,4.33125,
3466,2.1310014724731445,9.334155082702637,0.016763627529144287,0.04171442240476608,0.13451065123081207,0.0,4.3325,
3467,7.4656782150268555,9.68581771850586,0.0,0.277340292930603,0.117179274559021,0.0,4.33375,
3468,2.853036880493164,8.30329704284668,0.024434804916381836,0.06295011937618256,0.1419883519411087,0.0,4.335,
3469,4.834061622619629,10.545135498046875,0.1149996891617775,0.05203564465045929,0.14215584099292755,0.0,4.33625,
3470,8.201221466064453,10.810343742370605,0.047169506549835205,0.2624533772468567,0.09465708583593369,0.0,4.3375,
3471,6.527463912963867,9.10791301727295,0.01414616871625185,0.2198004275560379,0.14945970475673676,0.0,4.33875,
3472,4.035303115844727,8.485925674438477,0.04897254705429077,0.08468365669250488,0.15105333924293518,0.0,4.34,
3473,3.3798294067382812,10.835229873657227,0.0003589788975659758,0.1116863489151001,0.11465088278055191,0.0,4.34125,
3474,7.671289443969727,10.0774507522583,0.0,0.27935144305229187,0.1480960249900818,0.0,4.3425,
3475,5.543956756591797,9.64903736114502,0.07727804034948349,0.11950430274009705,0.1289059966802597,0.0,4.34375,
3476,8.947477340698242,9.792458534240723,0.0696648582816124,0.25906702876091003,0.16236083209514618,0.0,4.345,
3477,13.422271728515625,9.6149320602417,0.03783806040883064,0.47322171926498413,0.13512757420539856,0.0,4.34625,
3478,5.097646713256836,8.794533729553223,0.1363239288330078,0.04321124404668808,0.13049273192882538,0.0,4.3475,
3479,5.444488525390625,9.263545036315918,0.049117088317871094,0.147332563996315,0.11460033804178238,0.0,4.34875,
3480,4.225598335266113,9.154691696166992,0.09627664089202881,0.04629414156079292,0.14518746733665466,0.0,4.35,
3481,7.183791160583496,8.118807792663574,0.019028306007385254,0.23800083994865417,0.16684190928936005,0.0,4.35125,
3482,5.34146785736084,9.429737091064453,0.1422133445739746,0.042243748903274536,0.15756942331790924,0.0,4.3525,
3483,4.448609352111816,9.37610912322998,0.0,0.15218715369701385,0.13722965121269226,0.0,4.35375,
3484,9.070518493652344,8.834718704223633,0.12361826002597809,0.21670544147491455,0.1177133098244667,0.0,4.355,
3485,4.491423606872559,8.397056579589844,0.049144964665174484,0.10748295485973358,0.11941191554069519,0.0,4.35625,
3486,1.8935375213623047,8.401662826538086,0.0,0.05555333197116852,0.1034567654132843,0.0,4.3575,
3487,2.801431655883789,9.300397872924805,0.0475187674164772,0.03761064261198044,0.1392592191696167,0.0,4.35875,
3488,4.77854061126709,8.841771125793457,0.015942493453621864,0.15060323476791382,0.1238829717040062,0.0,4.36,
3489,4.0984697341918945,9.60990047454834,0.0,0.14144840836524963,0.12024509161710739,0.0,4.36125,
3490,3.924074172973633,8.416094779968262,0.051346223801374435,0.08390307426452637,0.11847393959760666,0.0,4.3625,
3491,6.0219621658325195,9.382587432861328,0.16121460497379303,0.061953105032444,0.08786267787218094,0.0,4.36375,
3492,6.463595390319824,8.275694847106934,0.008405923843383789,0.2248140275478363,0.12749086320400238,0.0,4.365,
3493,3.140462875366211,9.210033416748047,0.05032700300216675,0.04199296608567238,0.17945466935634613,0.0,4.36625,
3494,7.173436164855957,9.980912208557129,0.07915210723876953,0.1801549792289734,0.1484925001859665,0.0,4.3675,
3495,3.814896583557129,8.352566719055176,0.04979969933629036,0.07894345372915268,0.1298445463180542,0.0,4.36875,
3496,4.036778450012207,9.396223068237305,0.04299129918217659,0.09282691776752472,0.1388620287179947,0.0,4.37,
3497,7.49201774597168,8.032258987426758,0.15985703468322754,0.11770786345005035,0.11318369954824448,0.0,4.37125,
3498,3.3422346115112305,9.202805519104004,0.022841135039925575,0.08653990924358368,0.1282673478126526,0.0,4.3725,
3499,3.507802963256836,9.060126304626465,0.0,0.11847139149904251,0.11429819464683533,0.0,4.37375,
3500,10.341302871704102,7.628561496734619,0.1326436698436737,0.2583233714103699,0.1242099478840828,0.0,4.375,"[1.138734221458435, 0.9826020002365112, 1.1038897037506104]"
3501,5.58643913269043,8.576830863952637,0.09574024379253387,0.10229325294494629,0.13727857172489166,0.0,4.37625,
3502,3.387208938598633,8.581975936889648,0.03121527098119259,0.07572277635335922,0.14968246221542358,0.0,4.3775,
3503,3.754939079284668,9.404777526855469,0.07000269740819931,0.05281420424580574,0.14777705073356628,0.0,4.37875,
3504,2.571328639984131,7.981449604034424,0.0591631717979908,0.014099161140620708,0.1585835963487625,0.0,4.38,
3505,3.2019758224487305,9.355446815490723,0.016976872459053993,0.0768418237566948,0.18068188428878784,0.0,4.38125,
3506,3.6946287155151367,8.929499626159668,0.053853292018175125,0.0689433291554451,0.131607785820961,0.0,4.3825,
3507,3.48520565032959,8.919661521911621,0.0,0.11712896823883057,0.12082267552614212,0.0,4.38375,
3508,1.8123292922973633,10.400829315185547,0.0,0.045397140085697174,0.1412184089422226,0.0,4.385,
3509,4.7647809982299805,8.800127983093262,0.018998265266418457,0.14560307562351227,0.13638822734355927,0.0,4.38625,
3510,1.080214500427246,9.315185546875,0.0,0.01158699207007885,0.17020893096923828,0.0,4.3875,
3511,5.979376792907715,9.519867897033691,0.07343804836273193,0.1379595696926117,0.1483311802148819,0.0,4.38875,
3512,7.8162336349487305,8.353351593017578,0.15754079818725586,0.12702985107898712,0.14664465188980103,0.0,4.39,
3513,7.659750938415527,9.944425582885742,0.14110581576824188,0.13138917088508606,0.1805354207754135,0.0,4.39125,
3514,4.211386680603027,9.04730224609375,0.061661601066589355,0.06402835249900818,0.23776619136333466,0.0,4.3925,
3515,5.336688041687012,8.065884590148926,0.04338902235031128,0.14847718179225922,0.11676126718521118,0.0,4.39375,
3516,4.773038864135742,9.279603958129883,0.09498196840286255,0.06871414184570312,0.14816899597644806,0.0,4.395,
3517,5.364431381225586,9.517977714538574,0.061226390302181244,0.1189367026090622,0.1854453831911087,0.0,4.39625,
3518,6.690412521362305,9.911787986755371,0.062472403049468994,0.1698790043592453,0.19189858436584473,0.0,4.3975,
3519,2.2494096755981445,8.595658302307129,0.007048448082059622,0.05179517716169357,0.16621674597263336,0.0,4.39875,
3520,6.193394660949707,9.42028522491455,0.018886486068367958,0.20752671360969543,0.1111253872513771,0.0,4.4,
3521,3.7676572799682617,9.468433380126953,0.08162645250558853,0.040576934814453125,0.15633419156074524,0.0,4.40125,
3522,10.144771575927734,9.720871925354004,0.20580187439918518,0.16996188461780548,0.1606817990541458,0.0,4.4025,
3523,3.105807304382324,9.20032024383545,0.0,0.09820182621479034,0.1394389271736145,0.0,4.40375,
3524,6.175901412963867,9.933181762695312,0.038540761917829514,0.1807945966720581,0.1474515050649643,0.0,4.405,
3525,6.135075569152832,11.443978309631348,0.011981864459812641,0.20113806426525116,0.17408494651317596,0.0,4.40625,
3526,7.262235641479492,10.538650512695312,0.0,0.2597021758556366,0.1634880155324936,0.0,4.4075,
3527,6.364448547363281,11.444950103759766,0.0,0.21428556740283966,0.2159246951341629,0.0,4.40875,
3528,4.1055908203125,9.200456619262695,0.008677382953464985,0.1239553689956665,0.17346607148647308,0.0,4.41,
3529,6.087856292724609,9.630576133728027,0.07221730798482895,0.1426766812801361,0.15574590861797333,0.0,4.41125,
3530,3.487856864929199,9.35987377166748,0.08634809404611588,0.025106631219387054,0.1555846929550171,0.0,4.4125,
3531,3.1325836181640625,10.372042655944824,0.021449148654937744,0.07633214443922043,0.14482885599136353,0.0,4.41375,
3532,2.9147233963012695,9.156501770019531,0.02748417854309082,0.061988260596990585,0.1459202915430069,0.0,4.415,
3533,2.288693428039551,9.074729919433594,0.03532324358820915,0.026510614901781082,0.15932723879814148,0.0,4.41625,
3534,7.004498481750488,8.249192237854004,0.0,0.2516794204711914,0.14778904616832733,0.0,4.4175,
3535,4.274306297302246,10.157896041870117,0.07707881927490234,0.06443821638822556,0.15892519056797028,0.0,4.41875,
3536,6.891447067260742,10.763882637023926,0.0,0.24803920090198517,0.14102773368358612,0.0,4.42,
3537,4.296505928039551,9.827645301818848,0.0,0.14274853467941284,0.1507495790719986,0.0,4.42125,
3538,8.787540435791016,7.989598751068115,0.1379249542951584,0.18510966002941132,0.15187053382396698,0.0,4.4225,
3539,2.3952646255493164,9.359665870666504,0.0,0.07350360602140427,0.11484265327453613,0.0,4.42375,
3540,5.374210357666016,9.999279975891113,0.07613412290811539,0.10537511110305786,0.18063223361968994,0.0,4.425,
3541,4.665074348449707,8.534194946289062,0.07522720098495483,0.08134425431489944,0.16233770549297333,0.0,4.42625,
3542,4.694921970367432,7.9624552726745605,0.025473594665527344,0.13525494933128357,0.14060500264167786,0.0,4.4275,
3543,4.531499862670898,10.332282066345215,0.012671331875026226,0.14248469471931458,0.1362811177968979,0.0,4.42875,
3544,5.965574264526367,10.33802318572998,0.062319397926330566,0.1527385264635086,0.1218116283416748,0.0,4.43,
3545,6.899192810058594,8.56220817565918,0.06866960227489471,0.1862967610359192,0.1026076078414917,0.0,4.43125,
3546,5.87918758392334,9.266524314880371,0.020522216334939003,0.18997180461883545,0.1253012865781784,0.0,4.4325,
3547,2.524897575378418,9.218985557556152,0.025713225826621056,0.052544403821229935,0.12144344300031662,0.0,4.43375,
3548,6.5961198806762695,9.936924934387207,0.07342636585235596,0.16753439605236053,0.11556336283683777,0.0,4.435,
3549,5.56302547454834,9.2474365234375,0.13217410445213318,0.057529017329216,0.17586620151996613,0.0,4.43625,
3550,3.84682559967041,9.34995174407959,0.02936941385269165,0.10177093744277954,0.11928965896368027,0.0,4.4375,
3551,5.782862663269043,9.227459907531738,0.06979012489318848,0.13416554033756256,0.1405077576637268,0.0,4.43875,
3552,3.996615409851074,8.442161560058594,0.05658787488937378,0.08119980245828629,0.10914339870214462,0.0,4.44,
3553,2.828371047973633,10.549644470214844,0.003908077720552683,0.07863345742225647,0.1624215543270111,0.0,4.44125,
3554,6.43638801574707,8.196598052978516,0.18448728322982788,0.05335045978426933,0.10114982724189758,0.0,4.4425,
3555,13.717768669128418,10.610509872436523,0.135789692401886,0.38603299856185913,0.1400219202041626,0.0,4.44375,
3556,2.3744325637817383,9.124124526977539,0.0006600220804102719,0.06741290539503098,0.14321884512901306,0.0,4.445,
3557,4.557926177978516,9.797124862670898,0.06319471448659897,0.08799132704734802,0.16230328381061554,0.0,4.44625,
3558,3.439746856689453,9.623427391052246,0.021146079525351524,0.08861783891916275,0.14663662016391754,0.0,4.4475,
3559,4.831847190856934,10.013099670410156,0.0,0.17090700566768646,0.11468994617462158,0.0,4.44875,
3560,9.07109260559082,10.645288467407227,0.262513130903244,0.06955818086862564,0.16176773607730865,0.0,4.45,
3561,8.285319328308105,11.666319847106934,0.0,0.3015480637550354,0.15701790153980255,0.0,4.45125,
3562,4.787646293640137,11.913315773010254,0.010075847618281841,0.15118999779224396,0.15527309477329254,0.0,4.4525,
3563,5.259050369262695,11.385032653808594,0.0,0.18368563055992126,0.14086423814296722,0.0,4.45375,
3564,7.932554244995117,10.491751670837402,0.05896015837788582,0.23550397157669067,0.11266165971755981,0.0,4.455,
3565,7.364847183227539,10.051563262939453,0.018723269924521446,0.2448020577430725,0.16019000113010406,0.0,4.45625,
3566,7.211012840270996,11.028836250305176,0.026502251625061035,0.23519816994667053,0.130657359957695,0.0,4.4575,
3567,7.796717643737793,11.382542610168457,0.0014195839175954461,0.2867765426635742,0.11349192261695862,0.0,4.45875,
3568,5.463910102844238,10.11640739440918,0.016369720920920372,0.17737852036952972,0.11916767805814743,0.0,4.46,
3569,5.7720537185668945,10.048456192016602,0.0,0.20907467603683472,0.11759784817695618,0.0,4.46125,
3570,9.054030418395996,9.431245803833008,0.03703119233250618,0.3015798032283783,0.12029968947172165,0.0,4.4625,
3571,3.5425844192504883,9.721667289733887,0.0015681982040405273,0.1148848682641983,0.13185784220695496,0.0,4.46375,
3572,10.430984497070312,9.297830581665039,0.03565744683146477,0.3565365970134735,0.1234305128455162,0.0,4.465,
3573,2.736164093017578,9.4775972366333,0.03046661615371704,0.0577675960958004,0.10381060838699341,0.0,4.46625,
3574,7.569250106811523,8.27252197265625,0.11062636226415634,0.16626182198524475,0.1368217170238495,0.0,4.4675,
3575,6.6465559005737305,8.21165943145752,0.15470600128173828,0.08728135377168655,0.12819251418113708,0.0,4.46875,
3576,3.8895998001098633,8.239951133728027,0.059437256306409836,0.0716271623969078,0.12528932094573975,0.0,4.47,
3577,3.6147871017456055,8.210437774658203,0.09292350709438324,0.026892203837633133,0.12675844132900238,0.0,4.47125,
3578,2.2296714782714844,8.191915512084961,0.013979176990687847,0.05585949867963791,0.10033421963453293,0.0,4.4725,
3579,6.1027703285217285,8.011533737182617,0.06535329669713974,0.15904396772384644,0.1040339469909668,0.0,4.47375,
3580,4.879846572875977,8.417487144470215,0.1212075799703598,0.047081127762794495,0.14254151284694672,0.0,4.475,
3581,8.438129425048828,7.529365539550781,0.24436253309249878,0.06940822303295135,0.12351023405790329,0.0,4.47625,
3582,5.4164276123046875,8.055594444274902,0.08665844053030014,0.10425935685634613,0.13955406844615936,0.0,4.4775,
3583,6.241918563842773,8.451455116271973,0.0317750982940197,0.19830763339996338,0.10171723365783691,0.0,4.47875,
3584,5.8582611083984375,7.995452404022217,0.08529162406921387,0.12864413857460022,0.10438963770866394,0.0,4.48,
3585,3.8154821395874023,8.790811538696289,0.03467204049229622,0.09605759382247925,0.11394527554512024,0.0,4.48125,
3586,5.454459190368652,8.099346160888672,0.05093492940068245,0.14555126428604126,0.11022785305976868,0.0,4.4825,
3587,4.9458818435668945,8.725519180297852,0.0,0.1746385544538498,0.11906546354293823,0.0,4.48375,
3588,11.278971672058105,10.041470527648926,0.11991791427135468,0.30276089906692505,0.15198449790477753,0.0,4.485,
3589,4.207154273986816,10.015193939208984,0.10574938356876373,0.03985125944018364,0.11484887450933456,0.0,4.48625,
3590,7.926383018493652,8.781946182250977,0.09435675293207169,0.1971464604139328,0.1334417313337326,0.0,4.4875,
3591,12.532182693481445,8.319417953491211,0.172426238656044,0.30249086022377014,0.13557687401771545,0.0,4.48875,
3592,5.653792381286621,8.691590309143066,0.0893981009721756,0.10395477712154388,0.17818446457386017,0.0,4.49,
3593,2.831024169921875,9.162035942077637,0.0642891377210617,0.01530273724347353,0.1764315962791443,0.0,4.49125,
3594,3.417120933532715,8.453511238098145,0.0698150247335434,0.03866128996014595,0.14586509764194489,0.0,4.4925,
3595,7.272192001342773,11.597142219543457,0.015069365501403809,0.2528018653392792,0.1191173568367958,0.0,4.49375,
3596,4.350337028503418,9.250895500183105,0.014120638370513916,0.1306224763393402,0.14949695765972137,0.0,4.495,
3597,4.8101091384887695,10.892096519470215,0.03625639155507088,0.13297565281391144,0.11648070067167282,0.0,4.49625,
3598,3.934873580932617,10.432256698608398,0.06427846848964691,0.0650557428598404,0.14496494829654694,0.0,4.4975,
3599,5.073687553405762,10.83958911895752,0.030209800228476524,0.14735640585422516,0.12291380763053894,0.0,4.49875,
3600,10.516186714172363,9.907569885253906,0.024762392044067383,0.37378787994384766,0.11136730760335922,0.0,4.5,
3601,8.018820762634277,9.46502685546875,0.03933020308613777,0.2484942376613617,0.17403149604797363,0.0,4.50125,
3602,10.844870567321777,10.441300392150879,0.15223105251789093,0.25330594182014465,0.14138247072696686,0.0,4.5025,
3603,4.400525093078613,10.695096969604492,0.033990681171417236,0.11447453498840332,0.1458842158317566,0.0,4.50375,
3604,6.421191215515137,11.29414176940918,0.14234554767608643,0.08859533071517944,0.12811574339866638,0.0,4.505,
3605,4.851099967956543,9.98180103302002,0.06689679622650146,0.10019069910049438,0.1293463557958603,0.0,4.50625,
3606,9.72510814666748,9.946344375610352,0.014970839023590088,0.3499510884284973,0.1228455975651741,0.0,4.5075,
3607,5.681005477905273,9.63033390045166,0.060687046498060226,0.14170566201210022,0.12607206404209137,0.0,4.50875,
3608,5.056822776794434,11.089218139648438,0.03260304406285286,0.13820824027061462,0.16271816194057465,0.0,4.51,
3609,2.22723388671875,10.8624849319458,0.01372490357607603,0.04933507367968559,0.12809351086616516,0.0,4.51125,
3610,4.4745988845825195,11.554636001586914,0.0510600209236145,0.10303111374378204,0.12772174179553986,0.0,4.5125,
3611,6.239615440368652,9.987687110900879,0.029287975281476974,0.19638344645500183,0.11966123431921005,0.0,4.51375,
3612,5.765172004699707,10.650437355041504,0.023878833279013634,0.18045556545257568,0.13574407994747162,0.0,4.515,
3613,4.144554138183594,10.454085350036621,0.04278169199824333,0.08927707374095917,0.17949849367141724,0.0,4.51625,
3614,3.813502311706543,9.13117790222168,0.054324228316545486,0.06872865557670593,0.15407824516296387,0.0,4.5175,
3615,6.7788496017456055,11.248029708862305,0.03585686534643173,0.2042481005191803,0.1593717485666275,0.0,4.51875,
3616,6.059264183044434,8.993813514709473,0.05321481078863144,0.16414774954319,0.12782467901706696,0.0,4.52,
3617,6.01460075378418,10.027815818786621,0.0,0.20678216218948364,0.1769133359193802,0.0,4.52125,
3618,4.426809310913086,8.906134605407715,0.0807841420173645,0.07463349401950836,0.11206624656915665,0.0,4.5225,
3619,4.901585578918457,10.001659393310547,0.02872566320002079,0.1481182724237442,0.09957023710012436,0.0,4.52375,
3620,3.416520118713379,10.988375663757324,0.010209739208221436,0.09755529463291168,0.1503349244594574,0.0,4.525,
3621,3.8528013229370117,9.487333297729492,0.06720670312643051,0.05459527671337128,0.17153657972812653,0.0,4.52625,
3622,7.119001388549805,9.633512496948242,0.07617902755737305,0.17744995653629303,0.1630546599626541,0.0,4.5275,
3623,3.984450340270996,9.71533489227295,0.0413358211517334,0.08531975746154785,0.1734597235918045,0.0,4.52875,
3624,19.557403564453125,10.152059555053711,0.12475697696208954,0.6325675845146179,0.12646596133708954,0.0,4.53,
3625,3.0059776306152344,9.572835922241211,0.03229355812072754,0.060011036694049835,0.14840005338191986,0.0,4.53125,
3626,10.2176513671875,9.677151679992676,0.0868450179696083,0.29655471444129944,0.13025622069835663,0.0,4.5325,
3627,3.154775619506836,10.298635482788086,0.0,0.09665098786354065,0.15250207483768463,0.0,4.53375,
3628,6.8771209716796875,11.932644844055176,0.0,0.25225093960762024,0.11640653759241104,0.0,4.535,
3629,4.524675369262695,9.133659362792969,0.0369923897087574,0.1168275848031044,0.144007608294487,0.0,4.53625,
3630,5.042820930480957,9.932920455932617,0.03927455097436905,0.13631801307201385,0.1323157250881195,0.0,4.5375,
3631,11.38685417175293,10.193992614746094,0.04652770236134529,0.38901135325431824,0.1013517752289772,0.0,4.53875,
3632,4.633628845214844,10.130253791809082,0.06263252347707748,0.09635835886001587,0.13222886621952057,0.0,4.54,
3633,4.606814384460449,10.776654243469238,0.02813667058944702,0.1294618546962738,0.13090400397777557,0.0,4.54125,
3634,3.9755401611328125,9.153897285461426,0.014731725677847862,0.1164093166589737,0.14679677784442902,0.0,4.5425,
3635,6.49644660949707,8.531221389770508,0.11481654644012451,0.12344512343406677,0.11341793090105057,0.0,4.54375,
3636,7.146949768066406,8.218770980834961,0.14342516660690308,0.11150859296321869,0.16403989493846893,0.0,4.545,
3637,4.206738471984863,9.077527046203613,0.11021324247121811,0.030228864401578903,0.14486248791217804,0.0,4.54625,
3638,6.72943115234375,10.318618774414062,0.042656898498535156,0.20229731500148773,0.11412659287452698,0.0,4.5475,
3639,4.7433061599731445,9.023674964904785,0.13442368805408478,0.03315962105989456,0.11009734869003296,0.0,4.54875,
3640,5.0703582763671875,10.85940933227539,0.09826298803091049,0.08403624594211578,0.09625675529241562,0.0,4.55,
3641,3.295191764831543,10.538595199584961,0.02813943289220333,0.07772588729858398,0.13329799473285675,0.0,4.55125,
3642,3.99613094329834,10.259698867797852,0.0,0.12482194602489471,0.17889606952667236,0.0,4.5525,
3643,4.984755516052246,10.606093406677246,0.0,0.17690353095531464,0.11359912157058716,0.0,4.55375,
3644,5.9164228439331055,8.72978401184082,0.06531023979187012,0.1378401666879654,0.1752001792192459,0.0,4.555,
3645,5.484441757202148,10.67546558380127,0.09812798351049423,0.09421390295028687,0.1333131343126297,0.0,4.55625,
3646,6.358878135681152,9.550103187561035,0.08124834299087524,0.14713066816329956,0.1291576772928238,0.0,4.5575,
3647,6.762213706970215,9.497644424438477,0.17486076056957245,0.06932710856199265,0.13810507953166962,0.0,4.55875,
3648,4.571727752685547,10.885700225830078,0.03061465360224247,0.1258685141801834,0.13316963613033295,0.0,4.56,
3649,6.4030561447143555,10.456786155700684,0.010372321121394634,0.20958411693572998,0.18841548264026642,0.0,4.56125,
3650,5.603507041931152,9.195757865905762,0.14134500920772552,0.06012330204248428,0.11939927935600281,0.0,4.5625,
3651,5.009884834289551,10.503620147705078,0.10728412866592407,0.06586921215057373,0.14202694594860077,0.0,4.56375,
3652,3.3058671951293945,10.775453567504883,0.03854702040553093,0.07150344550609589,0.10371378064155579,0.0,4.565,
3653,4.658586502075195,9.32425594329834,0.03701658919453621,0.11731408536434174,0.16547994315624237,0.0,4.56625,
3654,7.821990013122559,8.760068893432617,0.15438322722911835,0.1349959373474121,0.12095291167497635,0.0,4.5675,
3655,2.89755916595459,10.366046905517578,0.0,0.08773753046989441,0.1375623196363449,0.0,4.56875,
3656,3.656132698059082,10.900864601135254,0.0026382606010884047,0.11523117125034332,0.1403655856847763,0.0,4.57,
3657,3.7113037109375,10.270377159118652,0.017979303374886513,0.1055714339017868,0.12392725795507431,0.0,4.57125,
3658,1.4778270721435547,10.14571762084961,0.0,0.03047744557261467,0.14897368848323822,0.0,4.5725,
3659,3.002340316772461,10.272751808166504,0.02362857386469841,0.06249124929308891,0.17983131110668182,0.0,4.57375,
3660,4.836245536804199,10.401712417602539,0.02686466835439205,0.13151219487190247,0.1847805380821228,0.0,4.575,
3661,6.636349678039551,11.156838417053223,0.056234896183013916,0.1811816692352295,0.14101216197013855,0.0,4.57625,
3662,3.675352096557617,9.274308204650879,0.061420995742082596,0.0585784837603569,0.13708320260047913,0.0,4.5775,
3663,3.305666923522949,9.901430130004883,0.004446109291166067,0.09480267763137817,0.17440183460712433,0.0,4.57875,
3664,3.280520439147949,9.969803810119629,0.0603804774582386,0.043328627943992615,0.1381654441356659,0.0,4.58,
3665,7.4572343826293945,10.731043815612793,0.049788475036621094,0.22939671576023102,0.09873988479375839,0.0,4.58125,
3666,10.91871166229248,12.144424438476562,0.007344663143157959,0.4034557044506073,0.12605446577072144,0.0,4.5825,
3667,2.6022071838378906,9.877699851989746,0.03831294924020767,0.04126420244574547,0.12088071554899216,0.0,4.58375,
3668,4.257676124572754,11.481539726257324,0.0,0.1420726627111435,0.14237211644649506,0.0,4.585,
3669,4.236421585083008,11.03174877166748,0.04241861775517464,0.09477725625038147,0.1624523103237152,0.0,4.58625,
3670,6.169101715087891,9.6559419631958,0.02797512151300907,0.18492825329303741,0.17732898890972137,0.0,4.5875,
3671,3.9787473678588867,10.585501670837402,0.04083762690424919,0.09495869278907776,0.1166425347328186,0.0,4.58875,
3672,8.784849166870117,10.093666076660156,0.19737675786018372,0.1269378662109375,0.13691650331020355,0.0,4.59,
3673,1.4824180603027344,11.970582962036133,0.004256884101778269,0.031074609607458115,0.12176191061735153,0.0,4.59125,
3674,3.4523820877075195,10.965779304504395,0.017695149406790733,0.09530238807201385,0.12487056851387024,0.0,4.5925,
3675,6.376744270324707,10.7446928024292,0.02385767363011837,0.21073581278324127,0.10506820678710938,0.0,4.59375,
3676,2.2634220123291016,10.70029354095459,0.0,0.06897582113742828,0.10536429286003113,0.0,4.595,
3677,8.603179931640625,10.46356201171875,0.005760947708040476,0.3121136724948883,0.1311575025320053,0.0,4.59625,
3678,7.351764678955078,9.791829109191895,0.0,0.27588945627212524,0.09445258975028992,0.0,4.5975,
3679,3.7863645553588867,9.869890213012695,0.04605875536799431,0.08108637481927872,0.12284919619560242,0.0,4.59875,
3680,3.607754707336426,11.682920455932617,0.0,0.120000459253788,0.12590162456035614,0.0,4.6,
3681,4.281691551208496,10.241742134094238,0.12013000249862671,0.027080733329057693,0.12380106002092361,0.0,4.60125,
3682,2.351271629333496,10.060779571533203,0.005673547741025686,0.06297460198402405,0.12845338881015778,0.0,4.6025,
3683,6.93977165222168,9.69045639038086,0.07117000967264175,0.18282125890254974,0.11538084596395493,0.0,4.60375,
3684,6.243317604064941,9.25745677947998,0.12311708927154541,0.10106931626796722,0.12769848108291626,0.0,4.605,
3685,4.998734474182129,10.599616050720215,0.11057984828948975,0.06271390616893768,0.12915875017642975,0.0,4.60625,
3686,3.2891740798950195,10.840173721313477,0.03158450126647949,0.07241886854171753,0.1414938122034073,0.0,4.6075,
3687,4.367467880249023,10.695037841796875,0.11251387745141983,0.03236832469701767,0.15288887917995453,0.0,4.60875,
3688,5.50798225402832,9.76119327545166,0.014569004066288471,0.1762741059064865,0.14700575172901154,0.0,4.61,
3689,2.8421335220336914,8.967865943908691,0.002977728843688965,0.08908562362194061,0.11100556701421738,0.0,4.61125,
3690,6.482352256774902,11.469939231872559,0.01606804132461548,0.2101573944091797,0.16449008882045746,0.0,4.6125,
3691,4.440128326416016,12.060391426086426,0.02485477924346924,0.12337885051965714,0.1492294818162918,0.0,4.61375,
3692,6.006730079650879,11.844505310058594,0.025223830714821815,0.1853458732366562,0.14985336363315582,0.0,4.615,
3693,4.133530616760254,11.425477981567383,0.03914598748087883,0.10512236505746841,0.10279930382966995,0.0,4.61625,
3694,4.495039939880371,10.239130973815918,0.0339677520096302,0.12470467388629913,0.1036301851272583,0.0,4.6175,
3695,6.106476783752441,11.390195846557617,0.11830174922943115,0.0998823419213295,0.132802814245224,0.0,4.61875,
3696,5.785978317260742,11.489704132080078,0.15970391035079956,0.045435354113578796,0.12846355140209198,0.0,4.62,
3697,4.107370376586914,10.397987365722656,0.09071836620569229,0.04946504533290863,0.11787190288305283,0.0,4.62125,
3698,3.497529983520508,10.908614158630371,0.017785826697945595,0.0996488481760025,0.10404924303293228,0.0,4.6225,
3699,6.389021873474121,10.678534507751465,0.08687514066696167,0.14442728459835052,0.12108591198921204,0.0,4.62375,
3700,4.44036865234375,10.972953796386719,0.0223833117634058,0.12959182262420654,0.12431032210588455,0.0,4.625,
3701,1.8929853439331055,11.135749816894531,0.02025415562093258,0.031222939491271973,0.1179933249950409,0.0,4.62625,
3702,2.9614973068237305,11.381071090698242,0.050518691539764404,0.042958687990903854,0.1265784651041031,0.0,4.6275,
3703,7.867367744445801,9.254494667053223,0.11835455894470215,0.17515702545642853,0.10732046514749527,0.0,4.62875,
3704,3.1475276947021484,10.699847221374512,0.015603601932525635,0.08903482556343079,0.10849741846323013,0.0,4.63,
3705,2.785551071166992,10.354945182800293,0.05531958490610123,0.030493557453155518,0.12815910577774048,0.0,4.63125,
3706,5.257979393005371,11.570218086242676,0.08552203327417374,0.10008914768695831,0.12117474526166916,0.0,4.6325,
3707,5.294094085693359,9.905424118041992,0.04517942667007446,0.1329224407672882,0.1692114621400833,0.0,4.63375,
3708,6.392701148986816,9.49284839630127,0.09778839349746704,0.13590800762176514,0.1135096326470375,0.0,4.635,
3709,2.6327953338623047,10.041135787963867,0.028781255707144737,0.05112023279070854,0.1296379715204239,0.0,4.63625,
3710,2.490412712097168,11.430072784423828,0.0005489587783813477,0.0785650759935379,0.09929325431585312,0.0,4.6375,
3711,3.3303346633911133,12.322530746459961,0.06398791074752808,0.040658675134181976,0.142595112323761,0.0,4.63875,
3712,4.412184715270996,11.3906831741333,0.04751773551106453,0.10840299725532532,0.09999451786279678,0.0,4.64,
3713,4.266602516174316,10.721282005310059,0.0,0.13796743750572205,0.16557009518146515,0.0,4.64125,
3714,3.7598161697387695,11.295563697814941,0.02220628596842289,0.10601794719696045,0.11100033670663834,0.0,4.6425,
3715,5.6700544357299805,11.16006851196289,0.04863306134939194,0.14653125405311584,0.15728673338890076,0.0,4.64375,
3716,2.992603302001953,10.505468368530273,0.0,0.09302320331335068,0.13557815551757812,0.0,4.645,
3717,5.662867546081543,11.290499687194824,0.031377315521240234,0.16604191064834595,0.14953117072582245,0.0,4.64625,
3718,6.951329231262207,11.579782485961914,0.048344630748033524,0.20003901422023773,0.1511090248823166,0.0,4.6475,
3719,7.742312431335449,9.709997177124023,0.09727521985769272,0.178214892745018,0.172903373837471,0.0,4.64875,
3720,3.6561174392700195,10.18724536895752,0.025588950142264366,0.09255579113960266,0.1420830935239792,0.0,4.65,
3721,3.1766366958618164,10.316455841064453,0.0,0.09247752279043198,0.17787949740886688,0.0,4.65125,
3722,2.68218994140625,11.338517189025879,0.04116751626133919,0.038815438747406006,0.1309298872947693,0.0,4.6525,
3723,5.3005266189575195,10.31006908416748,0.06839587539434433,0.11080867052078247,0.16156111657619476,0.0,4.65375,
3724,10.927122116088867,10.407444953918457,0.1871890276670456,0.2174133062362671,0.1600218266248703,0.0,4.655,
3725,4.777338027954102,12.314297676086426,0.021923959255218506,0.13004107773303986,0.1992582529783249,0.0,4.65625,
3726,3.4813737869262695,12.841703414916992,0.02266780473291874,0.08016747236251831,0.18311840295791626,0.0,4.6575,
3727,2.8677635192871094,12.095300674438477,0.021640878170728683,0.06945385038852692,0.11734727025032043,0.0,4.65875,
3728,8.367650032043457,10.569806098937988,0.1450132131576538,0.15907356142997742,0.15446482598781586,0.0,4.66,
3729,4.225643157958984,11.282966613769531,0.01655932329595089,0.1172894611954689,0.18015630543231964,0.0,4.66125,
3730,3.9559803009033203,9.247923851013184,0.010658065788447857,0.11940515786409378,0.14519982039928436,0.0,4.6625,
3731,4.957024574279785,10.604748725891113,0.06963831186294556,0.09903981536626816,0.14550985395908356,0.0,4.66375,
3732,1.6658697128295898,12.989201545715332,0.0,0.040643949061632156,0.12404439598321915,0.0,4.665,
3733,3.6142196655273438,12.518744468688965,0.0,0.11800210922956467,0.12870408594608307,0.0,4.66625,
3734,2.416807174682617,11.284070014953613,0.034499507397413254,0.034310031682252884,0.12913194298744202,0.0,4.6675,
3735,4.75416374206543,12.51720142364502,0.03752906993031502,0.12333716452121735,0.14555875957012177,0.0,4.66875,
3736,5.739415168762207,13.222820281982422,0.06493594497442245,0.13404147326946259,0.14477117359638214,0.0,4.67,
3737,2.3910837173461914,12.202417373657227,0.03489486500620842,0.03340579941868782,0.13321448862552643,0.0,4.67125,
3738,3.063047409057617,11.153312683105469,0.0,0.09286674112081528,0.1437748819589615,0.0,4.6725,
3739,1.6677074432373047,12.580820083618164,0.0,0.03022807464003563,0.18119579553604126,0.0,4.67375,
3740,5.233585357666016,11.63538646697998,0.022261977195739746,0.1598687767982483,0.1383434385061264,0.0,4.675,
3741,7.636181831359863,11.73540210723877,0.19983866810798645,0.07997094094753265,0.12574706971645355,0.0,4.67625,
3742,5.575974464416504,12.078453063964844,0.1328408122062683,0.05784519761800766,0.16139651834964752,0.0,4.6775,
3743,3.530101776123047,11.323965072631836,0.015914738178253174,0.09728805720806122,0.13540466129779816,0.0,4.67875,
3744,3.785651206970215,11.742875099182129,0.07415381819009781,0.05395221710205078,0.10831696540117264,0.0,4.68,
3745,5.440312385559082,11.774521827697754,0.02953050471842289,0.1677769124507904,0.0991179421544075,0.0,4.68125,
3746,5.210625648498535,11.636043548583984,0.03277202323079109,0.14740756154060364,0.14066053926944733,0.0,4.6825,
3747,7.189295768737793,9.331707000732422,0.1314404010772705,0.12915058434009552,0.13828296959400177,0.0,4.68375,
3748,4.011524200439453,12.665802955627441,0.009480793960392475,0.11255014687776566,0.19641460478305817,0.0,4.685,
3749,2.6633920669555664,9.9307222366333,0.04893936589360237,0.030953701585531235,0.13176636397838593,0.0,4.68625,
3750,4.499813079833984,11.701651573181152,0.015531659126281738,0.13688689470291138,0.14032632112503052,0.0,4.6875,
3751,4.754965782165527,10.656930923461914,0.05042165517807007,0.10994204133749008,0.1483910232782364,0.0,4.68875,
3752,14.483651161193848,10.694682121276855,0.07589980214834213,0.47916609048843384,0.12033209949731827,0.0,4.69,
3753,7.407941818237305,10.659229278564453,0.0051186284981667995,0.2618246376514435,0.14787498116493225,0.0,4.69125,
3754,9.9657564163208,10.311803817749023,0.18190526962280273,0.18468540906906128,0.15997707843780518,0.0,4.6925,
3755,3.113347053527832,10.046496391296387,0.086447574198246,0.012347583658993244,0.12963491678237915,0.0,4.69375,
3756,8.20525074005127,11.36502456665039,0.12743158638477325,0.1783285290002823,0.11286316066980362,0.0,4.695,
3757,8.205472946166992,10.398826599121094,0.2554752230644226,0.04864277318120003,0.11909226328134537,0.0,4.69625,
3758,3.5662174224853516,10.657604217529297,0.0,0.11667057126760483,0.12968160212039948,0.0,4.6975,
3759,3.3592424392700195,10.621045112609863,0.031096437945961952,0.082852803170681,0.10082527250051498,0.0,4.69875,
3760,5.88951301574707,12.384160995483398,0.1517871916294098,0.05675531551241875,0.13326838612556458,0.0,4.7,
3761,8.056965827941895,11.159040451049805,0.0,0.2993989586830139,0.11360324174165726,0.0,4.70125,
3762,2.0984134674072266,11.606712341308594,0.018588364124298096,0.03864898532629013,0.12925098836421967,0.0,4.7025,
3763,5.869523048400879,12.84878158569336,0.020206928253173828,0.1905013918876648,0.10523232072591782,0.0,4.70375,
3764,7.282680511474609,12.036137580871582,0.05816308781504631,0.20679259300231934,0.12104231119155884,0.0,4.705,
3765,4.185662269592285,13.224485397338867,0.0,0.14200443029403687,0.12504494190216064,0.0,4.70625,
3766,3.1999855041503906,9.507831573486328,0.06268700212240219,0.04175261780619621,0.11649616807699203,0.0,4.7075,
3767,4.5273847579956055,13.923809051513672,0.0,0.15699732303619385,0.11803027987480164,0.0,4.70875,
3768,2.4953880310058594,12.285988807678223,0.0,0.07707729935646057,0.10888799279928207,0.0,4.71,
3769,5.048591613769531,10.178817749023438,0.09436710923910141,0.08169049024581909,0.12495522946119308,0.0,4.71125,
3770,7.686946868896484,11.300447463989258,0.0713692307472229,0.20516540110111237,0.15493160486221313,0.0,4.7125,
3771,2.7511205673217773,11.847418785095215,0.051510054618120193,0.03520350158214569,0.11053001135587692,0.0,4.71375,
3772,4.646924018859863,11.935750961303711,0.0846526026725769,0.07161390036344528,0.1469927877187729,0.0,4.715,
3773,6.6421098709106445,12.34252643585205,0.12859924137592316,0.11218493431806564,0.11991068720817566,0.0,4.71625,
3774,9.073142051696777,12.991273880004883,0.06473018229007721,0.27232101559638977,0.12388984113931656,0.0,4.7175,
3775,8.381635665893555,11.965009689331055,0.042263586074113846,0.27069807052612305,0.10332438349723816,0.0,4.71875,
3776,2.218923568725586,13.441176414489746,0.01889183185994625,0.04730672761797905,0.10472305864095688,0.0,4.72,
3777,4.139151573181152,10.766093254089355,0.0735921636223793,0.06615384668111801,0.12885381281375885,0.0,4.72125,
3778,4.837190628051758,10.956978797912598,0.039563436061143875,0.1330518275499344,0.10259577631950378,0.0,4.7225,
3779,2.5502662658691406,11.689263343811035,0.03997053578495979,0.03646986186504364,0.1219387874007225,0.0,4.72375,
3780,2.855027198791504,10.911961555480957,0.04621676355600357,0.044060610234737396,0.11533985286951065,0.0,4.725,
3781,5.998570442199707,12.00219440460205,0.02982807159423828,0.1857197880744934,0.12077834457159042,0.0,4.72625,
3782,7.1279497146606445,11.723956108093262,0.005043844226747751,0.24969837069511414,0.14813032746315002,0.0,4.7275,
3783,1.5970211029052734,12.79799747467041,0.0,0.03162255883216858,0.1534610092639923,0.0,4.72875,
3784,4.980274200439453,12.770552635192871,0.013657788746058941,0.15798647701740265,0.13225357234477997,0.0,4.73,
3785,4.805893898010254,12.808016777038574,0.015445311553776264,0.15533286333084106,0.10117224603891373,0.0,4.73125,
3786,3.991288185119629,11.878073692321777,0.030120333656668663,0.10588838160037994,0.10835912078619003,0.0,4.7325,
3787,5.200076103210449,12.319767951965332,0.029312152415513992,0.15717902779579163,0.0994962826371193,0.0,4.73375,
3788,2.1760644912719727,12.740469932556152,0.0,0.05773825943470001,0.14639876782894135,0.0,4.735,
3789,5.151920318603516,11.316288948059082,0.01232755184173584,0.16638913750648499,0.13103316724300385,0.0,4.73625,
3790,4.663801193237305,13.1934232711792,0.03046482801437378,0.13034588098526,0.12775498628616333,0.0,4.7375,
3791,2.142017364501953,11.477871894836426,0.03213000297546387,0.03380637243390083,0.09084692597389221,0.0,4.73875,
3792,6.228366851806641,11.37569808959961,0.0986436977982521,0.1277715265750885,0.1136348620057106,0.0,4.74,
3793,4.7105817794799805,11.804227828979492,0.04082642123103142,0.11319521069526672,0.17186348140239716,0.0,4.74125,
3794,5.4967756271362305,11.373003959655762,0.15413051843643188,0.039571184664964676,0.12858746945858002,0.0,4.7425,
3795,5.051770210266113,11.560124397277832,0.04741738364100456,0.13028591871261597,0.11657045036554337,0.0,4.74375,
3796,15.248724937438965,12.53321647644043,0.039127230644226074,0.5408467650413513,0.14409363269805908,0.0,4.745,
3797,4.968217849731445,9.995859146118164,0.09913041442632675,0.07216780632734299,0.1286744624376297,0.0,4.74625,
3798,5.289481163024902,10.729555130004883,0.08536972850561142,0.10076860338449478,0.12705935537815094,0.0,4.7475,
3799,6.591266632080078,12.146008491516113,0.1180155873298645,0.11557191610336304,0.14068250358104706,0.0,4.74875,
3800,1.75115966796875,11.913379669189453,0.01311415433883667,0.033864036202430725,0.10342075675725937,0.0,4.75,
3801,6.651451110839844,11.954001426696777,0.056899845600128174,0.18083634972572327,0.1310797780752182,0.0,4.75125,
3802,6.9373016357421875,12.948240280151367,0.012606024742126465,0.2398928701877594,0.12269703298807144,0.0,4.7525,
3803,5.676518440246582,11.102499008178711,0.0,0.20044229924678802,0.12298530340194702,0.0,4.75375,
3804,6.015715599060059,11.56056022644043,0.05292115733027458,0.15730810165405273,0.14188070595264435,0.0,4.755,
3805,1.7833995819091797,9.56707763671875,0.015139500610530376,0.03152022510766983,0.11038828641176224,0.0,4.75625,
3806,3.1618356704711914,11.003802299499512,0.059133827686309814,0.03736916184425354,0.14840829372406006,0.0,4.7575,
3807,10.208497047424316,12.205924987792969,0.010416011326014996,0.3632712662220001,0.14013542234897614,0.0,4.75875,
3808,6.578441619873047,11.279891967773438,0.019658008590340614,0.21088401973247528,0.12184341996908188,0.0,4.76,
3809,8.996963500976562,10.899718284606934,0.15542662143707275,0.17669326066970825,0.11782610416412354,0.0,4.76125,
3810,4.507536888122559,9.664735794067383,0.0,0.154935821890831,0.11514750868082047,0.0,4.7625,
3811,3.5144195556640625,10.031415939331055,0.06913242489099503,0.04600140452384949,0.1185273826122284,0.0,4.76375,
3812,1.2064218521118164,10.651615142822266,0.0,0.022905398160219193,0.10168889909982681,0.0,4.765,
3813,1.976445198059082,11.051257133483887,0.019064247608184814,0.034853484481573105,0.11841126531362534,0.0,4.76625,
3814,7.852967262268066,10.344776153564453,0.13747954368591309,0.14940007030963898,0.1283883899450302,0.0,4.7675,
3815,7.147069931030273,10.72391414642334,0.04723215103149414,0.2076638787984848,0.12639206647872925,0.0,4.76875,
3816,3.4176673889160156,10.059664726257324,0.04197921231389046,0.06104094162583351,0.1362944394350052,0.0,4.77,
3817,1.8304548263549805,11.456864356994629,0.015549699775874615,0.029642928391695023,0.1307225227355957,0.0,4.77125,
3818,9.118559837341309,12.499469757080078,0.06272796541452408,0.28334367275238037,0.08111100643873215,0.0,4.7725,
3819,2.416031837463379,11.361641883850098,0.018574079498648643,0.05013267695903778,0.0991939976811409,0.0,4.77375,
3820,2.8421497344970703,11.310627937316895,0.012297292239964008,0.07071338593959808,0.12939579784870148,0.0,4.775,
3821,6.129405975341797,10.945608139038086,0.06792489439249039,0.15097378194332123,0.1268698126077652,0.0,4.77625,
3822,5.540075302124023,8.999040603637695,0.14630126953125,0.051142022013664246,0.11809238791465759,0.0,4.7775,
3823,3.89078426361084,11.903068542480469,0.016780277714133263,0.11197677999734879,0.10634518414735794,0.0,4.77875,
3824,3.000485420227051,10.978291511535645,0.046810586005449295,0.04060548543930054,0.13622713088989258,0.0,4.78,
3825,7.449315071105957,11.895731925964355,0.06280720233917236,0.20036938786506653,0.15973789989948273,0.0,4.78125,
3826,1.5772361755371094,10.809873580932617,0.02860991284251213,0.009587878361344337,0.12224926799535751,0.0,4.7825,
3827,4.456650733947754,11.439665794372559,0.06509864330291748,0.07880163192749023,0.1602443903684616,0.0,4.78375,
3828,3.4016714096069336,10.546208381652832,0.0,0.10723033547401428,0.135621577501297,0.0,4.785,
3829,2.53427791595459,12.333893775939941,0.04111369326710701,0.028725560754537582,0.1500663161277771,0.0,4.78625,
3830,4.2014970779418945,12.533790588378906,0.049580514430999756,0.09770772606134415,0.09866350889205933,0.0,4.7875,
3831,4.30693244934082,12.786684036254883,0.014629820361733437,0.12976887822151184,0.11917833238840103,0.0,4.78875,
3832,5.6584978103637695,11.826284408569336,0.0301604475826025,0.16273024678230286,0.14642570912837982,0.0,4.79,
3833,4.2156476974487305,13.373547554016113,0.0,0.1382206678390503,0.1317685842514038,0.0,4.79125,
3834,5.341317176818848,15.046001434326172,0.04550423100590706,0.13707590103149414,0.1463523507118225,0.0,4.7925,
3835,12.294852256774902,15.718026161193848,0.0,0.4669983386993408,0.10181311517953873,0.0,4.79375,
3836,6.539340019226074,12.081245422363281,0.04420991614460945,0.18259809911251068,0.1512085646390915,0.0,4.795,
3837,5.200442314147949,13.2314453125,0.0,0.17061613500118256,0.1624332219362259,0.0,4.79625,
3838,8.787652015686035,11.918155670166016,0.0,0.3167698383331299,0.15278451144695282,0.0,4.7975,
3839,2.498650550842285,12.777140617370605,0.0208817720413208,0.05216986685991287,0.12514758110046387,0.0,4.79875,
3840,4.578559875488281,12.785057067871094,0.0,0.15686745941638947,0.11707112193107605,0.0,4.8,
3841,4.394137382507324,13.439230918884277,0.0174842681735754,0.13352014124393463,0.10923529416322708,0.0,4.80125,
3842,6.564034461975098,13.862556457519531,0.0,0.23090659081935883,0.13070419430732727,0.0,4.8025,
3843,8.36740779876709,13.114348411560059,0.0,0.30126920342445374,0.15341177582740784,0.0,4.80375,
3844,4.68309211730957,12.351696014404297,0.09293607622385025,0.06501433998346329,0.14335046708583832,0.0,4.805,
3845,2.426447868347168,12.286858558654785,0.01920328475534916,0.04759927839040756,0.13794375956058502,0.0,4.80625,
3846,2.234541893005371,11.375991821289062,0.0,0.05437389388680458,0.16866159439086914,0.0,4.8075,
3847,4.642867088317871,10.421229362487793,0.09244261682033539,0.06622935086488724,0.1267443746328354,0.0,4.80875,
3848,2.996363639831543,9.697822570800781,0.0,0.0893682986497879,0.1488654464483261,0.0,4.81,
3849,2.447659492492676,11.995929718017578,0.021566292271018028,0.04763846471905708,0.14192087948322296,0.0,4.81125,
3850,3.212885856628418,10.309088706970215,0.011328458786010742,0.08818480372428894,0.13970822095870972,0.0,4.8125,
3851,1.104161262512207,11.248915672302246,0.0,0.018983105197548866,0.11921917647123337,0.0,4.81375,
3852,4.627535820007324,10.546408653259277,0.04954453185200691,0.11355763673782349,0.10527333617210388,0.0,4.815,
3853,2.619744300842285,10.277332305908203,0.004270195960998535,0.07435937225818634,0.1260049045085907,0.0,4.81625,
3854,4.711548805236816,12.087038040161133,0.05954011157155037,0.10614901036024094,0.10105804353952408,0.0,4.8175,
3855,3.886723518371582,10.299819946289062,0.06960185617208481,0.06299570947885513,0.10259222984313965,0.0,4.81875,
3856,2.8281164169311523,10.55982494354248,0.028680304065346718,0.06316198408603668,0.10486340522766113,0.0,4.82,
3857,8.581372261047363,8.713645935058594,0.10889135301113129,0.20998317003250122,0.12084431201219559,0.0,4.82125,
3858,6.672513008117676,10.257461547851562,0.0706612691283226,0.17610511183738708,0.0915127769112587,0.0,4.8225,
3859,5.681724548339844,10.018257141113281,0.053015172481536865,0.15059588849544525,0.10260491818189621,0.0,4.82375,
3860,7.485090255737305,9.469686508178711,0.20975670218467712,0.06358522921800613,0.12701408565044403,0.0,4.825,
3861,1.960188865661621,10.591827392578125,0.03965349867939949,0.017177585512399673,0.1003178283572197,0.0,4.82625,
3862,7.751158714294434,11.7620210647583,0.0,0.2775161862373352,0.15038463473320007,0.0,4.8275,
3863,6.826313018798828,12.580245971679688,0.047822970896959305,0.19816504418849945,0.12247645854949951,0.0,4.82875,
3864,5.199139595031738,11.300666809082031,0.0,0.17940810322761536,0.11882522702217102,0.0,4.83,
3865,5.352108001708984,12.555859565734863,0.05247718095779419,0.1347300410270691,0.11322494596242905,0.0,4.83125,
3866,14.891316413879395,9.342434883117676,0.0,0.567104697227478,0.13372452557086945,0.0,4.8325,
3867,9.282803535461426,10.214838981628418,0.0007945497636683285,0.35027891397476196,0.0949907973408699,0.0,4.83375,
3868,6.816900253295898,10.7431001663208,0.06370443105697632,0.1818763017654419,0.1199650838971138,0.0,4.835,
3869,6.445967674255371,9.782586097717285,0.019521594047546387,0.2171974629163742,0.0876399576663971,0.0,4.83625,
3870,1.708439826965332,10.817689895629883,0.009468178264796734,0.03816433995962143,0.09411689639091492,0.0,4.8375,
3871,9.113953590393066,11.748199462890625,0.08948910236358643,0.24245652556419373,0.15628188848495483,0.0,4.83875,
3872,4.868082046508789,9.745349884033203,0.029067138209939003,0.14325019717216492,0.09884900599718094,0.0,4.84,
3873,4.54209041595459,9.243345260620117,0.11715970933437347,0.037679120898246765,0.11634254455566406,0.0,4.84125,
3874,4.541719436645508,9.879112243652344,0.07998035848140717,0.07395556569099426,0.12348657846450806,0.0,4.8425,
3875,5.255850791931152,11.185491561889648,0.06106525659561157,0.12757976353168488,0.09220405668020248,0.0,4.84375,
3876,3.779849052429199,9.340082168579102,0.029608607292175293,0.100755974650383,0.09665482491254807,0.0,4.845,
3877,4.574190139770508,9.537453651428223,0.05724900960922241,0.10087242722511292,0.11971446871757507,0.0,4.84625,
3878,7.244569778442383,9.896181106567383,0.08986785262823105,0.17581981420516968,0.1146518662571907,0.0,4.8475,
3879,6.725325584411621,11.012527465820312,0.0484950952231884,0.20103198289871216,0.08330809324979782,0.0,4.84875,
3880,4.0514326095581055,9.66334056854248,0.09645452350378036,0.04232921451330185,0.10684240609407425,0.0,4.85,
3881,3.3024654388427734,9.748916625976562,0.038619477301836014,0.068233922123909,0.12086699157953262,0.0,4.85125,
3882,6.399624824523926,11.790620803833008,0.10350372642278671,0.13151276111602783,0.09163624048233032,0.0,4.8525,
3883,6.282406806945801,10.51581859588623,0.03514224290847778,0.1906995177268982,0.10654675960540771,0.0,4.85375,
3884,3.52362060546875,9.986151695251465,0.031189024448394775,0.07757557928562164,0.14312861859798431,0.0,4.855,
3885,3.8143138885498047,9.62551212310791,0.05932615324854851,0.07064366340637207,0.09794334322214127,0.0,4.85625,
3886,2.864459991455078,10.576111793518066,0.0,0.08500847965478897,0.14011062681674957,0.0,4.8575,
3887,8.736041069030762,12.03321647644043,0.0,0.31575295329093933,0.15819524228572845,0.0,4.85875,
3888,1.5511255264282227,10.618921279907227,0.002303381683304906,0.03701144829392433,0.09826277941465378,0.0,4.86,
3889,9.87596607208252,10.87368392944336,0.04724119231104851,0.3226514160633087,0.11220332980155945,0.0,4.86125,
3890,3.200589179992676,10.245943069458008,0.007346173282712698,0.09939548373222351,0.0994178056716919,0.0,4.8625,
3891,5.10235595703125,10.884370803833008,0.07616446167230606,0.09470827132463455,0.16165928542613983,0.0,4.86375,
3892,6.758151054382324,10.552249908447266,0.0,0.23977568745613098,0.14087621867656708,0.0,4.865,
3893,4.133512496948242,10.432414054870605,0.023517806082963943,0.10583517700433731,0.1704157590866089,0.0,4.86625,
3894,7.497417449951172,10.403724670410156,0.04901953786611557,0.2239985167980194,0.12965896725654602,0.0,4.8675,
3895,2.789999008178711,12.053251266479492,0.03902294114232063,0.046774499118328094,0.11451701074838638,0.0,4.86875,
3896,6.825159072875977,9.636075973510742,0.007629056926816702,0.23585271835327148,0.14288653433322906,0.0,4.87,
3897,8.971100807189941,10.5949125289917,0.22174912691116333,0.10460853576660156,0.1547159105539322,0.0,4.87125,
3898,2.7480459213256836,9.210539817810059,0.04820017144083977,0.030561689287424088,0.15106886625289917,0.0,4.8725,
3899,5.898124694824219,12.480032920837402,0.09712095558643341,0.1061464250087738,0.1538832038640976,0.0,4.87375,
3900,3.660672187805176,11.696535110473633,0.035335738211870193,0.0869436040520668,0.11462690681219101,0.0,4.875,
3901,6.141736030578613,10.192954063415527,0.14123749732971191,0.077298104763031,0.13154266774654388,0.0,4.87625,
3902,5.084480285644531,11.128156661987305,0.05902711674571037,0.12238635122776031,0.0964629054069519,0.0,4.8775,
3903,4.535031318664551,10.583527565002441,0.05862267687916756,0.08969426155090332,0.15512366592884064,0.0,4.87875,
3904,5.738795280456543,12.253365516662598,0.0,0.1912946105003357,0.1859624832868576,0.0,4.88,
3905,6.421923637390137,10.613789558410645,0.0,0.22707843780517578,0.1443973332643509,0.0,4.88125,
3906,6.3518877029418945,12.265597343444824,0.0,0.22961696982383728,0.10741829127073288,0.0,4.8825,
3907,5.759039878845215,11.831088066101074,0.0,0.2010272890329361,0.13965855538845062,0.0,4.88375,
3908,3.532160758972168,12.952452659606934,0.0,0.11771953850984573,0.10977968573570251,0.0,4.885,
3909,5.629262924194336,10.985029220581055,0.03437485173344612,0.15848733484745026,0.15322686731815338,0.0,4.88625,
3910,4.491646766662598,10.022332191467285,0.044995348900556564,0.1154252141714096,0.08542119711637497,0.0,4.8875,
3911,6.301509857177734,12.289916038513184,0.053620595484972,0.17074710130691528,0.12943650782108307,0.0,4.88875,
3912,2.572598457336426,10.1639986038208,0.017232457175850868,0.059776730835437775,0.12031684070825577,0.0,4.89,
3913,2.6207504272460938,11.368531227111816,0.05319718271493912,0.022678760811686516,0.13479436933994293,0.0,4.89125,
3914,2.795689582824707,10.492313385009766,0.06552945077419281,0.020680569112300873,0.12164533138275146,0.0,4.8925,
3915,7.353869438171387,11.37279224395752,0.20253285765647888,0.06646887212991714,0.11764872819185257,0.0,4.89375,
3916,3.7768259048461914,11.278489112854004,0.05064012482762337,0.07816391438245773,0.10447732359170914,0.0,4.895,
3917,5.976656913757324,12.514610290527344,0.03004654310643673,0.17446014285087585,0.1645810604095459,0.0,4.89625,
3918,6.259189605712891,12.217623710632324,0.029672721400856972,0.19173914194107056,0.13236548006534576,0.0,4.8975,
3919,2.8730850219726562,12.08688735961914,0.028564373031258583,0.06312523782253265,0.10794991999864578,0.0,4.89875,
3920,4.747969627380371,11.068180084228516,0.06681351363658905,0.10028344392776489,0.10271662473678589,0.0,4.9,
3921,4.015514373779297,12.134377479553223,0.0026367504615336657,0.13346853852272034,0.10776408761739731,0.0,4.90125,
3922,2.3579349517822266,9.911727905273438,0.0,0.06961221992969513,0.11978620290756226,0.0,4.9025,
3923,14.22217082977295,10.982361793518066,0.046726226806640625,0.49630844593048096,0.11069046705961227,0.0,4.90375,
3924,3.7939977645874023,10.745675086975098,0.00552453612908721,0.12035392224788666,0.12271881848573685,0.0,4.905,
3925,2.1832666397094727,11.746626853942871,0.0,0.061515212059020996,0.11874142289161682,0.0,4.90625,
3926,5.674099922180176,12.79963207244873,0.03955690190196037,0.15689104795455933,0.13799448311328888,0.0,4.9075,
3927,3.674724578857422,10.372071266174316,0.020129719749093056,0.09919292479753494,0.12768782675266266,0.0,4.90875,
3928,4.741442680358887,9.968766212463379,0.03828428313136101,0.1256445199251175,0.11893194168806076,0.0,4.91,
3929,5.737170219421387,10.547625541687012,0.06495960801839828,0.1351366490125656,0.1364964246749878,0.0,4.91125,
3930,2.2856130599975586,10.258650779724121,0.006339570041745901,0.06116494536399841,0.11354928463697433,0.0,4.9125,
3931,4.866074562072754,10.161623001098633,0.05923084542155266,0.10659979283809662,0.13540808856487274,0.0,4.91375,
3932,4.599119186401367,9.660981178283691,0.02622280642390251,0.12556758522987366,0.15405045449733734,0.0,4.915,
3933,6.246452331542969,10.31182861328125,0.03210228681564331,0.19348660111427307,0.11240718513727188,0.0,4.91625,
3934,3.6367568969726562,10.344225883483887,0.09767031669616699,0.027393624186515808,0.09432578831911087,0.0,4.9175,
3935,5.08480167388916,10.187647819519043,0.1113806813955307,0.06663358956575394,0.11344791203737259,0.0,4.91875,
3936,4.901630401611328,10.379030227661133,0.02820408344268799,0.14654719829559326,0.10265778750181198,0.0,4.92,
3937,9.004491806030273,8.73642349243164,0.04255674406886101,0.2884078025817871,0.14132414758205414,0.0,4.92125,
3938,3.1433115005493164,10.403656959533691,0.014380772598087788,0.08635830879211426,0.11758029460906982,0.0,4.9225,
3939,3.6435861587524414,9.447307586669922,0.0490376353263855,0.06689819693565369,0.1393619328737259,0.0,4.92375,
3940,3.076542854309082,11.067014694213867,0.0377986803650856,0.05596493184566498,0.12840838730335236,0.0,4.925,
3941,8.634753227233887,10.964374542236328,0.05736355111002922,0.2665420472621918,0.09490091353654861,0.0,4.92625,
3942,5.434375762939453,10.904354095458984,0.06002585217356682,0.13445794582366943,0.10674393177032471,0.0,4.9275,
3943,2.7467565536499023,11.767251968383789,0.0,0.08113174140453339,0.13837367296218872,0.0,4.92875,
3944,3.8164262771606445,11.03486156463623,0.09041418880224228,0.037576936185359955,0.11293864995241165,0.0,4.93,
3945,5.964856147766113,11.519487380981445,0.049358803778886795,0.16814368963241577,0.09356647729873657,0.0,4.93125,
3946,11.017925262451172,11.828757286071777,0.012662231922149658,0.40408414602279663,0.11123383045196533,0.0,4.9325,
3947,5.01289176940918,9.891683578491211,0.10214078426361084,0.07115496695041656,0.1302124410867691,0.0,4.93375,
3948,4.091921806335449,10.975098609924316,0.03238258883357048,0.09760884940624237,0.16104619204998016,0.0,4.935,
3949,1.8963069915771484,11.27281665802002,0.0,0.05569932609796524,0.08935632556676865,0.0,4.93625,
3950,5.404182434082031,10.846104621887207,0.03714263439178467,0.15701736509799957,0.10243780165910721,0.0,4.9375,
3951,6.41140079498291,11.50804615020752,0.08262211084365845,0.14527079463005066,0.13109157979488373,0.0,4.93875,
3952,7.8975419998168945,11.922199249267578,0.2584976255893707,0.031683843582868576,0.11906242370605469,0.0,4.94,
3953,5.713562965393066,11.898785591125488,0.01866336725652218,0.1833970844745636,0.12289562076330185,0.0,4.94125,
3954,10.677595138549805,10.139052391052246,0.006145258899778128,0.3932653069496155,0.13242433965206146,0.0,4.9425,
3955,9.197638511657715,12.060018539428711,0.26577258110046387,0.07790587842464447,0.10365847498178482,0.0,4.94375,
3956,2.2024927139282227,10.41423225402832,0.013986746780574322,0.03972432017326355,0.15014366805553436,0.0,4.945,
3957,6.185698509216309,12.096435546875,0.037693340331315994,0.18685445189476013,0.10515818744897842,0.0,4.94625,
3958,5.461518287658691,10.870990753173828,0.057476699352264404,0.13623380661010742,0.10062564164400101,0.0,4.9475,
3959,7.573788642883301,10.014836311340332,0.2192084640264511,0.058945827186107635,0.10588590055704117,0.0,4.94875,
3960,7.571141242980957,9.636672019958496,0.13082706928253174,0.14471760392189026,0.1194448173046112,0.0,4.95,
3961,1.9599180221557617,10.14648723602295,0.03787617012858391,0.015587416477501392,0.11145476251840591,0.0,4.95125,
3962,6.078391075134277,10.544013977050781,0.06070597842335701,0.15642032027244568,0.11395015567541122,0.0,4.9525,
3963,7.60874080657959,13.179287910461426,0.0,0.2768441438674927,0.1298065334558487,0.0,4.95375,
3964,4.090152740478516,11.971686363220215,0.0,0.13422240316867828,0.13962261378765106,0.0,4.955,
3965,5.966936111450195,12.237793922424316,0.061042606830596924,0.15100780129432678,0.1114308163523674,0.0,4.95625,
3966,3.015108108520508,11.288050651550293,0.0020516912918537855,0.09548691660165787,0.10485216230154037,0.0,4.9575,
3967,5.770057678222656,10.139841079711914,0.12189187109470367,0.08784542977809906,0.09309229999780655,0.0,4.95875,
3968,5.359657287597656,10.13711929321289,0.06041751056909561,0.1306658685207367,0.10502194613218307,0.0,4.96,
3969,2.0022153854370117,10.944511413574219,0.014689743518829346,0.038208119571208954,0.12428194284439087,0.0,4.96125,
3970,7.750906944274902,11.046175956726074,0.017403721809387207,0.2619750499725342,0.14035139977931976,0.0,4.9625,
3971,5.267409324645996,11.263581275939941,0.1012827605009079,0.08553142845630646,0.11269966512918472,0.0,4.96375,
3972,3.669713020324707,10.968415260314941,0.061316609382629395,0.06321084499359131,0.09812706708908081,0.0,4.965,
3973,2.7881479263305664,9.9281005859375,0.009777367115020752,0.07823032140731812,0.10452702641487122,0.0,4.96625,
3974,2.8089447021484375,10.926155090332031,0.0,0.08884647488594055,0.1126597598195076,0.0,4.9675,
3975,5.541214942932129,10.26326847076416,0.0015958944568410516,0.1921335756778717,0.13189084827899933,0.0,4.96875,
3976,6.637310028076172,11.0576171875,0.05017928406596184,0.19174475967884064,0.10580890625715256,0.0,4.97,
3977,2.6492462158203125,11.666916847229004,0.006201783660799265,0.07267376035451889,0.12541842460632324,0.0,4.97125,
3978,4.43381404876709,11.031697273254395,0.014905731193721294,0.14165201783180237,0.0920378789305687,0.0,4.9725,
3979,2.154449462890625,10.986509323120117,0.0,0.0551547110080719,0.14181332290172577,0.0,4.97375,
3980,6.681407928466797,10.025425910949707,0.15377141535282135,0.09349042177200317,0.09243622422218323,0.0,4.975,
3981,4.331907272338867,11.205674171447754,0.06540385633707047,0.08134247362613678,0.10907552391290665,0.0,4.97625,
3982,3.810922622680664,10.411334037780762,0.07814959436655045,0.0497107058763504,0.11323416233062744,0.0,4.9775,
3983,6.553969383239746,12.209402084350586,0.062051814049482346,0.17565743625164032,0.10887650400400162,0.0,4.97875,
3984,3.4527645111083984,12.459512710571289,0.0903872475028038,0.021274518221616745,0.12331834435462952,0.0,4.98,
3985,4.760814666748047,11.07304573059082,0.04918670654296875,0.11428572237491608,0.12338573485612869,0.0,4.98125,
3986,2.502532958984375,11.355280876159668,0.018377861008048058,0.05200305953621864,0.13728974759578705,0.0,4.9825,
3987,5.596931457519531,9.471419334411621,0.10372699797153473,0.09496019780635834,0.11305185407400131,0.0,4.98375,
3988,9.183512687683105,12.047176361083984,0.14131808280944824,0.19933980703353882,0.12301212549209595,0.0,4.985,
3989,2.4701385498046875,11.368395805358887,0.006017426494508982,0.06468374282121658,0.12074994295835495,0.0,4.98625,
3990,4.150433540344238,11.292765617370605,0.10966672748327255,0.0328783355653286,0.1071203351020813,0.0,4.9875,
3991,5.104301452636719,12.787677764892578,0.0012717446079477668,0.17668001353740692,0.12121197581291199,0.0,4.98875,
3992,7.304186820983887,13.074031829833984,0.013412495143711567,0.2487541139125824,0.1429460495710373,0.0,4.99,
3993,2.561587333679199,12.011174201965332,0.0,0.06921364367008209,0.14791427552700043,0.0,4.99125,
3994,7.370820999145508,12.549294471740723,0.0,0.2651958465576172,0.1357501894235611,0.0,4.9925,
3995,4.5771074295043945,11.60623836517334,0.007937113754451275,0.14538943767547607,0.13961349427700043,0.0,4.99375,
3996,4.303511619567871,13.531627655029297,0.018747130408883095,0.12411081045866013,0.12619158625602722,0.0,4.995,
3997,3.3915529251098633,13.568674087524414,0.018441280350089073,0.0804823711514473,0.16942815482616425,0.0,4.99625,
3998,2.3053150177001953,12.960783004760742,0.0,0.05736610293388367,0.15927734971046448,0.0,4.9975,
3999,3.9300317764282227,12.413647651672363,0.053135454654693604,0.07131627947092056,0.14149104058742523,0.0,4.99875,
4000,6.473533630371094,11.526598930358887,0.03606448695063591,0.19123190641403198,0.14758805930614471,0.0,5.0,"[1.1920032501220703, 1.327371597290039, 1.1894230842590332]"
4001,4.717561721801758,12.609344482421875,0.015358488075435162,0.14288179576396942,0.13744515180587769,0.0,5.0,
4002,1.4644174575805664,13.63778018951416,0.0,0.02999141439795494,0.12210843712091446,0.0,5.0,
4003,4.365107536315918,13.576574325561523,0.06586283445358276,0.08319789171218872,0.11103088408708572,0.0,5.0,
4004,6.601096153259277,12.423792839050293,0.0,0.23627325892448425,0.1268967241048813,0.0,5.0,
4005,3.1860008239746094,12.556635856628418,0.064583420753479,0.030000973492860794,0.1516076773405075,0.0,5.0,
4006,4.054381370544434,14.20946979522705,0.03080916404724121,0.10346893966197968,0.11161083728075027,0.0,5.0,
4007,5.115004539489746,13.206972122192383,0.006023923400789499,0.1694863736629486,0.11411324888467789,0.0,5.0,
4008,3.042287826538086,11.885272026062012,0.0,0.08835531771183014,0.143085777759552,0.0,5.0,
4009,4.154111862182617,12.392709732055664,0.05474640801548958,0.0836297944188118,0.11944476515054703,0.0,5.0,
4010,4.225977897644043,12.254156112670898,0.05950969457626343,0.0846855640411377,0.10027623921632767,0.0,5.0,
4011,4.130107879638672,12.05290699005127,0.08928672224283218,0.050347551703453064,0.11926554888486862,0.0,5.0,
4012,15.719178199768066,11.81840705871582,0.11762779951095581,0.48504704236984253,0.11017055064439774,0.0,5.0,
4013,5.8063859939575195,11.468666076660156,0.09816741943359375,0.10499957203865051,0.13131414353847504,0.0,5.0,
4014,4.640040397644043,11.726244926452637,0.06309153884649277,0.09820961207151413,0.09728747606277466,0.0,5.0,
4015,9.37427806854248,11.3804931640625,0.0,0.344953328371048,0.1362588107585907,0.0,5.0,
4016,5.9787139892578125,10.83938980102539,0.06663817167282104,0.15032993257045746,0.09898284822702408,0.0,5.0,
4017,6.6797637939453125,11.459576606750488,0.01873866654932499,0.21945643424987793,0.13017591834068298,0.0,5.0,
4018,2.458141326904297,11.35708999633789,0.017508426681160927,0.05668338015675545,0.10451716184616089,0.0,5.0,
4019,7.84049129486084,10.590019226074219,0.036934416741132736,0.2535479664802551,0.10721328109502792,0.0,5.0,
4020,4.658900260925293,10.618782043457031,0.02673216722905636,0.13425752520561218,0.1146373376250267,0.0,5.0,
4021,4.398545265197754,11.837597846984863,0.06364802271127701,0.08876915276050568,0.10198362916707993,0.0,5.0,
4022,3.5687131881713867,11.995323181152344,0.03589242696762085,0.08463706076145172,0.09910281747579575,0.0,5.0,
4023,2.6685991287231445,11.518621444702148,0.03611381724476814,0.046849317848682404,0.11010431498289108,0.0,5.0,
4024,2.0726146697998047,10.661121368408203,0.03325192257761955,0.023072581738233566,0.1107243001461029,0.0,5.0,
4025,5.569425582885742,12.214322090148926,0.0,0.2009098082780838,0.10135319828987122,0.0,5.0,
4026,3.9723377227783203,10.208597183227539,0.08574903011322021,0.04952704533934593,0.1053045317530632,0.0,5.0,
4027,2.6711082458496094,11.598472595214844,0.0,0.08481947332620621,0.09782902151346207,0.0,5.0,
4028,4.165816307067871,11.581233024597168,0.0,0.1396966278553009,0.12806327641010284,0.0,5.0,
4029,2.5004348754882812,9.946786880493164,0.027214568108320236,0.03691009432077408,0.15816964209079742,0.0,5.0,
4030,4.896241188049316,10.965775489807129,0.11031452566385269,0.06008993089199066,0.11929426342248917,0.0,5.0,
4031,5.527588844299316,12.914328575134277,0.0,0.19220615923404694,0.12820157408714294,0.0,5.0,
4032,2.8822755813598633,11.562838554382324,0.0,0.08746569603681564,0.12488511204719543,0.0,5.0,
4033,5.097225189208984,11.289138793945312,0.06737273931503296,0.10843174904584885,0.12827636301517487,0.0,5.0,
4034,3.779651641845703,10.46096420288086,0.011894662864506245,0.11787395179271698,0.09234902262687683,0.0,5.0,
4035,4.2185258865356445,12.094801902770996,0.0,0.14334926009178162,0.1139579638838768,0.0,5.0,
4036,3.22299861907959,12.030720710754395,0.0,0.0999501422047615,0.12989215552806854,0.0,5.0,
4037,5.686833381652832,10.507230758666992,0.0,0.19473052024841309,0.14929743111133575,0.0,5.0,
4038,6.467709541320801,12.547142028808594,0.06741020828485489,0.15920273959636688,0.14540238678455353,0.0,5.0,
4039,4.046342849731445,11.283839225769043,0.04011797904968262,0.08879616111516953,0.1491396278142929,0.0,5.0,
4040,5.456356048583984,12.256853103637695,0.026280799880623817,0.16332150995731354,0.1303577870130539,0.0,5.0,
4041,6.6016387939453125,11.089560508728027,0.037329476326704025,0.2015397995710373,0.1120610460639,0.0,5.0,
4042,5.057975769042969,9.994115829467773,0.05968902260065079,0.11625580489635468,0.11834054440259933,0.0,5.0,
4043,7.739627838134766,11.476537704467773,0.23384864628314972,0.05533067137002945,0.08072199672460556,0.0,5.0,
4044,5.032866477966309,10.00903606414795,0.10214527696371078,0.06772295385599136,0.1484041064977646,0.0,5.0,
4045,2.262744903564453,11.30759048461914,0.028838714584708214,0.04229012131690979,0.08981630951166153,0.0,5.0,
4046,6.617074012756348,11.778787612915039,0.11850637197494507,0.12344244122505188,0.08946780115365982,0.0,5.0,
4047,6.30441951751709,10.403526306152344,0.04054643586277962,0.18667525053024292,0.112535260617733,0.0,5.0,
4048,5.768059730529785,10.182011604309082,0.12644904851913452,0.08245763927698135,0.10591613501310349,0.0,5.0,
4049,1.9210233688354492,11.118220329284668,0.017538467422127724,0.03930136188864708,0.09390053153038025,0.0,5.0,
4050,2.9265880584716797,10.802681922912598,0.04547762870788574,0.04651448130607605,0.11643282324075699,0.0,5.0,
4051,2.796621322631836,11.196557998657227,0.018846571445465088,0.06760131567716599,0.10273394733667374,0.0,5.0,
4052,4.945047378540039,9.513228416442871,0.0712757259607315,0.10781373828649521,0.07685581594705582,0.0,5.0,
4053,5.838387489318848,11.396331787109375,0.08784482628107071,0.12295936048030853,0.10237663984298706,0.0,5.0,
4054,11.63662052154541,10.645251274108887,0.013238589279353619,0.42775484919548035,0.11221329122781754,0.0,5.0,
4055,4.5600128173828125,11.308003425598145,0.11695567518472672,0.04134083911776543,0.09893882274627686,0.0,5.0,
4056,2.2509374618530273,10.748758316040039,0.0,0.06781943887472153,0.10162823647260666,0.0,5.0,
4057,7.340169906616211,9.708642959594727,0.015505889430642128,0.24893954396247864,0.1285567432641983,0.0,5.0,
4058,3.919475555419922,11.821422576904297,0.041341088712215424,0.09211796522140503,0.09694340825080872,0.0,5.0,
4059,7.113724708557129,11.508707046508789,0.0924239531159401,0.16674096882343292,0.11217030882835388,0.0,5.0,
4060,3.055056571960449,11.652195930480957,0.024026891216635704,0.07127262651920319,0.12210115790367126,0.0,5.0,
4061,5.202869415283203,10.81151294708252,0.11726035922765732,0.058926817029714584,0.14634275436401367,0.0,5.0,
4062,3.228647232055664,11.263381004333496,0.0024116039276123047,0.09899389743804932,0.11785576492547989,0.0,5.0,
4063,4.366471290588379,10.179973602294922,0.03166453167796135,0.11091877520084381,0.14229480922222137,0.0,5.0,
4064,2.348581314086914,11.131635665893555,0.007690211292356253,0.06494636833667755,0.09550982713699341,0.0,5.0,
4065,2.4090890884399414,11.38094425201416,0.03731071949005127,0.029236996546387672,0.13814514875411987,0.0,5.0,
4066,3.807788848876953,10.972686767578125,0.0045569539070129395,0.11981227993965149,0.12500961124897003,0.0,5.0,
4067,5.570298194885254,10.994433403015137,0.05182097107172012,0.1418171525001526,0.1342480331659317,0.0,5.0,
4068,8.56439208984375,10.073246002197266,0.07057096809148788,0.2414732277393341,0.1420067548751831,0.0,5.0,
4069,3.1278228759765625,10.360644340515137,0.00986750889569521,0.0957581177353859,0.0780138298869133,0.0,5.0,
4070,3.9113330841064453,9.35248851776123,0.07389646768569946,0.05710408836603165,0.1116313636302948,0.0,5.0,
4071,5.66644287109375,10.955098152160645,0.1022152528166771,0.10050401091575623,0.10931003093719482,0.0,5.0,
4072,3.8623218536376953,11.309351921081543,0.05376897379755974,0.07601660490036011,0.11236736178398132,0.0,5.0,
4073,4.31584358215332,10.800561904907227,0.02887227013707161,0.11295543611049652,0.14393696188926697,0.0,5.0,
4074,6.934332847595215,10.517450332641602,0.12444380670785904,0.1178361251950264,0.16460482776165009,0.0,5.0,
4075,3.949443817138672,10.631197929382324,0.04870118573307991,0.0819559246301651,0.12545163929462433,0.0,5.0,
4076,2.4062700271606445,10.660355567932129,0.0,0.059492871165275574,0.17499686777591705,0.0,5.0,
4077,3.300111770629883,9.855506896972656,0.004296799190342426,0.09219323098659515,0.16451071202754974,0.0,5.0,
4078,5.198534965515137,9.999161720275879,0.08698588609695435,0.08508956432342529,0.16993176937103271,0.0,5.0,
4079,6.040604591369629,10.058633804321289,0.08672928810119629,0.12695637345314026,0.13144901394844055,0.0,5.0,
4080,7.476423263549805,10.113192558288574,0.016284486278891563,0.2548232674598694,0.13175883889198303,0.0,5.0,
4081,11.200312614440918,12.322854042053223,0.09096946567296982,0.32675880193710327,0.14260880649089813,0.0,5.0,
4082,2.8508501052856445,10.777738571166992,0.01001838780939579,0.07963213324546814,0.10567691177129745,0.0,5.0,
4083,4.526176452636719,11.355152130126953,0.026077887043356895,0.12788517773151398,0.12237346917390823,0.0,5.0,
4084,5.920281410217285,12.488709449768066,0.0,0.20846879482269287,0.12648729979991913,0.0,5.0,
4085,3.892141342163086,11.018353462219238,0.02295108698308468,0.10327047109603882,0.1360865980386734,0.0,5.0,
4086,2.5048370361328125,10.387314796447754,0.0010022720089182258,0.06621165573596954,0.15824668109416962,0.0,5.0,
4087,9.168095588684082,10.398536682128906,0.07344052940607071,0.27369993925094604,0.08039817214012146,0.0,5.0,
4088,4.468981742858887,11.57633113861084,0.0,0.15596912801265717,0.08957726508378983,0.0,5.0,
4089,2.317803382873535,12.054757118225098,0.029298564419150352,0.03926989063620567,0.0999302789568901,0.0,5.0,
4090,3.346721649169922,10.586740493774414,0.050318699330091476,0.05739385634660721,0.12443721294403076,0.0,5.0,
4091,3.5256710052490234,10.94217586517334,0.010467211715877056,0.10826382040977478,0.0907873883843422,0.0,5.0,
4092,5.499265670776367,9.122065544128418,0.04263937473297119,0.14884516596794128,0.12279804795980453,0.0,5.0,
4093,4.72348690032959,9.883411407470703,0.06618819385766983,0.09603312611579895,0.11869481950998306,0.0,5.0,
4094,5.143445014953613,10.090880393981934,0.06227594614028931,0.1215398833155632,0.10016845911741257,0.0,5.0,
4095,1.9378175735473633,10.249371528625488,0.026330411434173584,0.023685378953814507,0.1264856904745102,0.0,5.0,
4096,2.88238525390625,10.477033615112305,0.003220458747819066,0.08447274565696716,0.1084192767739296,0.0,5.0,
4097,6.723361968994141,10.965923309326172,0.0,0.24520465731620789,0.10341796278953552,0.0,5.0,
4098,0.9999380111694336,9.56086540222168,0.0030689239501953125,0.01932140439748764,0.07709085196256638,0.0,5.0,
4099,2.3120689392089844,10.05865478515625,0.015880942344665527,0.051433928310871124,0.11710856109857559,0.0,5.0,
4100,2.128345489501953,11.529655456542969,0.0,0.06215047091245651,0.09192012995481491,0.0,5.0,
4101,3.8315067291259766,10.546514511108398,0.07810177654027939,0.04772578924894333,0.11591698974370956,0.0,5.0,
4102,4.1697235107421875,10.890788078308105,0.06695091724395752,0.07631032913923264,0.10074496269226074,0.0,5.0,
4103,5.294259071350098,9.783804893493652,0.14557842910289764,0.0358831062912941,0.12970437109470367,0.0,5.0,
4104,6.055788993835449,10.167128562927246,0.08973417431116104,0.12453499436378479,0.12439572811126709,0.0,5.0,
4105,5.727805137634277,10.763911247253418,0.11995062977075577,0.08828829228878021,0.09250626713037491,0.0,5.0,
4106,2.264712333679199,11.666224479675293,0.006888270378112793,0.06064843386411667,0.10301228612661362,0.0,5.0,
4107,2.768277168273926,11.81560230255127,0.0,0.08542940765619278,0.10772635787725449,0.0,5.0,
4108,15.957592964172363,11.664793968200684,0.008529026992619038,0.600121259689331,0.12526124715805054,0.0,5.0,
4109,5.444697380065918,10.654168128967285,0.030240019783377647,0.15550461411476135,0.1363687664270401,0.0,5.0,
4110,4.57674503326416,11.785813331604004,0.1024048924446106,0.06301596760749817,0.07588843256235123,0.0,5.0,
4111,9.495610237121582,12.975637435913086,0.0,0.34701913595199585,0.15310178697109222,0.0,5.0,
4112,2.888810157775879,12.737236022949219,0.0059093632735311985,0.07884570211172104,0.12964046001434326,0.0,5.0,
4113,10.982393264770508,12.846718788146973,0.010139524936676025,0.3973653018474579,0.12094160169363022,0.0,5.0,
4114,3.881598472595215,12.997838973999023,0.02854090929031372,0.09574338793754578,0.12689106166362762,0.0,5.0,
4115,6.652106285095215,11.972465515136719,0.16081614792346954,0.0727221742272377,0.15035414695739746,0.0,5.0,
4116,5.629759788513184,12.841687202453613,0.09732890129089355,0.10174822807312012,0.11147288233041763,0.0,5.0,
4117,4.597282409667969,11.761944770812988,0.01541618537157774,0.13966448605060577,0.12012924998998642,0.0,5.0,
4118,4.509401321411133,10.52388858795166,0.01913905143737793,0.1318719983100891,0.1312400996685028,0.0,5.0,
4119,1.5117082595825195,12.109308242797852,0.0,0.03365843743085861,0.11776643246412277,0.0,5.0,
4120,4.13385009765625,13.205140113830566,0.0,0.14058688282966614,0.10019642859697342,0.0,5.0,
4121,8.008174896240234,11.256002426147461,0.07710633426904678,0.20722827315330505,0.1471666544675827,0.0,5.0,
4122,5.30759334564209,12.547425270080566,0.04609058424830437,0.13118818402290344,0.11457636952400208,0.0,5.0,
4123,6.9515485763549805,11.336901664733887,0.10191118717193604,0.14999696612358093,0.11588207632303238,0.0,5.0,
4124,10.096699714660645,10.770445823669434,0.061099570244550705,0.31216973066329956,0.13901324570178986,0.0,5.0,
4125,1.6828937530517578,10.935114860534668,0.0,0.045581668615341187,0.09209433943033218,0.0,5.0,
4126,8.52724838256836,12.300606727600098,0.07966513931751251,0.23289963603019714,0.11994567513465881,0.0,5.0,
4127,4.105542182922363,10.941346168518066,0.025424044579267502,0.11217226088047028,0.12157398462295532,0.0,5.0,
4128,6.628689765930176,9.117965698242188,0.10158147662878036,0.13739077746868134,0.12137293070554733,0.0,5.0,
4129,10.836804389953613,11.1361722946167,0.0663219541311264,0.34022608399391174,0.12602458894252777,0.0,5.0,
4130,3.888808250427246,10.025066375732422,0.06348691880702972,0.06088833138346672,0.13885532319545746,0.0,5.0,
4131,10.301360130310059,10.75629997253418,0.21848861873149872,0.17110618948936462,0.09960184246301651,0.0,5.0,
4132,8.618941307067871,10.567667007446289,0.14232102036476135,0.18072913587093353,0.09967509657144547,0.0,5.0,
4133,13.049215316772461,9.578154563903809,0.13352712988853455,0.3644700050354004,0.10844868421554565,0.0,5.0,
4134,1.9044761657714844,9.60617446899414,0.03397854045033455,0.017964599654078484,0.10531216859817505,0.0,5.0,
4135,6.234046936035156,10.664712905883789,0.1101839542388916,0.11728905141353607,0.09087740629911423,0.0,5.0,
4136,8.378886222839355,10.064021110534668,0.1506182700395584,0.161033496260643,0.10464934259653091,0.0,5.0,
4137,8.406064987182617,10.792302131652832,0.029738983139395714,0.28067025542259216,0.10616860538721085,0.0,5.0,
4138,5.5807647705078125,11.146696090698242,0.11907309293746948,0.07891228795051575,0.09838652610778809,0.0,5.0,
4139,4.663719177246094,11.076541900634766,0.10535198450088501,0.05790755897760391,0.08976972848176956,0.0,5.0,
4140,6.87766170501709,11.699189186096191,0.10388699918985367,0.14448951184749603,0.11368908733129501,0.0,5.0,
4141,2.4539947509765625,11.695042610168457,0.023623088374733925,0.05199515447020531,0.10023794323205948,0.0,5.0,
4142,4.703722953796387,12.577813148498535,0.030979454517364502,0.13182665407657623,0.11483738571405411,0.0,5.0,
4143,4.199726104736328,10.045186996459961,0.06563887745141983,0.07733815908432007,0.09780532121658325,0.0,5.0,
4144,5.223237991333008,10.757492065429688,0.0,0.1809268593788147,0.12814831733703613,0.0,5.0,
4145,3.481769561767578,10.501172065734863,0.06815832853317261,0.05008675158023834,0.0926523432135582,0.0,5.0,
4146,5.32025146484375,11.698769569396973,0.022012928500771523,0.16471417248249054,0.11572439223527908,0.0,5.0,
4147,2.762655258178711,11.131978988647461,0.04350397735834122,0.043678004294633865,0.10368917137384415,0.0,5.0,
4148,8.133070945739746,11.837450981140137,0.11240927129983902,0.18415981531143188,0.12099701166152954,0.0,5.0,
4149,6.7340593338012695,10.542945861816406,0.009299139492213726,0.23456288874149323,0.11397042870521545,0.0,5.0,
4150,3.102569580078125,10.895974159240723,0.03127996250987053,0.07187914103269577,0.09647387266159058,0.0,5.0,
4151,4.16291618347168,11.380095481872559,0.07726776599884033,0.057458460330963135,0.14412228763103485,0.0,5.0,
4152,6.79312801361084,11.536699295043945,0.17446346580982208,0.07240870594978333,0.10887879133224487,0.0,5.0,
4153,2.7795772552490234,10.989584922790527,0.017049670219421387,0.06792653352022171,0.11463067680597305,0.0,5.0,
4154,5.719256401062012,10.450039863586426,0.12000777572393417,0.08281472325325012,0.11589580774307251,0.0,5.0,
4155,3.379837989807129,12.396058082580566,0.005364398006349802,0.10193253308534622,0.10222407430410385,0.0,5.0,
4156,5.137192726135254,11.215030670166016,0.015929242596030235,0.16250506043434143,0.12418665736913681,0.0,5.0,
4157,1.7344484329223633,13.309548377990723,0.0,0.04351383447647095,0.11033353954553604,0.0,5.0,
4158,3.046572685241699,12.830021858215332,0.0,0.08722815662622452,0.14064426720142365,0.0,5.0,
4159,7.11466121673584,13.730975151062012,0.0,0.24784310162067413,0.1632748693227768,0.0,5.0,
4160,6.190132141113281,11.7328462600708,0.08086773008108139,0.13783128559589386,0.12927834689617157,0.0,5.0,
4161,6.431276321411133,11.196053504943848,0.0,0.21963873505592346,0.15930090844631195,0.0,5.0,
4162,5.823641777038574,13.37547779083252,0.0,0.1969328075647354,0.15627048909664154,0.0,5.0,
4163,3.041034698486328,11.275227546691895,0.0,0.09015275537967682,0.14340327680110931,0.0,5.0,
4164,4.911801338195801,11.282069206237793,0.0,0.16496926546096802,0.1389636993408203,0.0,5.0,
4165,2.137465476989746,12.446045875549316,0.0,0.05805090814828873,0.12208125740289688,0.0,5.0,
4166,2.8838605880737305,11.596278190612793,0.035878658294677734,0.054109811782836914,0.11458127945661545,0.0,5.0,
4167,9.74782943725586,10.823358535766602,0.07957077026367188,0.2801703214645386,0.13186079263687134,0.0,5.0,
4168,2.639632225036621,11.503069877624512,0.008094191551208496,0.07573209702968597,0.09535285085439682,0.0,5.0,
4169,4.500311851501465,11.0806245803833,0.0,0.1516505777835846,0.12791623175144196,0.0,5.0,
4170,2.730221748352051,10.765074729919434,0.03413568064570427,0.04771983623504639,0.11633061617612839,0.0,5.0,
4171,3.0203399658203125,9.675983428955078,0.0616336464881897,0.03902367502450943,0.08895087242126465,0.0,5.0,
4172,6.569586753845215,11.106490135192871,0.05444958060979843,0.17719092965126038,0.14615793526172638,0.0,5.0,
4173,5.917250633239746,10.73472785949707,0.1257510632276535,0.08429251611232758,0.12366179376840591,0.0,5.0,
4174,5.4644975662231445,10.015275955200195,0.14577868580818176,0.050645604729652405,0.10189934819936752,0.0,5.0,
4175,3.9718923568725586,9.407609939575195,0.08158854395151138,0.04345090687274933,0.1558811366558075,0.0,5.0,
4176,3.3972997665405273,10.499747276306152,0.055141545832157135,0.05055613070726395,0.14156527817249298,0.0,5.0,
4177,4.512543678283691,10.787458419799805,0.06992105394601822,0.08664337545633316,0.10744837671518326,0.0,5.0,
4178,5.281220436096191,10.65042495727539,0.13157470524311066,0.055589452385902405,0.11016544699668884,0.0,5.0,
4179,4.439583778381348,12.074586868286133,0.0,0.14791524410247803,0.1253782957792282,0.0,5.0,
4180,5.736806869506836,11.930480003356934,0.15763139724731445,0.04646740108728409,0.11187735199928284,0.0,5.0,
4181,3.16416072845459,13.06911563873291,0.0,0.09807024151086807,0.11840176582336426,0.0,5.0,
4182,4.432437896728516,13.0960111618042,0.02629176713526249,0.11911693215370178,0.13846740126609802,0.0,5.0,
4183,7.910167694091797,13.547856330871582,0.0,0.29059043526649475,0.11009231209754944,0.0,5.0,
4184,2.302724838256836,12.520651817321777,0.0,0.06309139728546143,0.11502992361783981,0.0,5.0,
4185,4.320038795471191,13.484081268310547,0.002475559711456299,0.13952037692070007,0.1299079954624176,0.0,5.0,
4186,1.6722192764282227,12.150116920471191,0.0,0.03905200958251953,0.1234099268913269,0.0,5.0,
4187,9.016046524047852,12.410026550292969,0.00849489402025938,0.326610267162323,0.114456407725811,0.0,5.0,
4188,6.845672607421875,14.07490348815918,0.00441982364282012,0.23824283480644226,0.13857005536556244,0.0,5.0,
4189,13.174647331237793,12.57822036743164,0.02158198691904545,0.47979992628097534,0.11636173725128174,0.0,5.0,
4190,2.9175329208374023,11.387720108032227,0.021525243297219276,0.06667429208755493,0.12409573048353195,0.0,5.0,
4191,7.630928039550781,12.495793342590332,0.07019516080617905,0.20688790082931519,0.1278088241815567,0.0,5.0,
4192,1.7861528396606445,13.476683616638184,0.0,0.04909377172589302,0.09961386770009995,0.0,5.0,
4193,3.1417245864868164,11.494987487792969,0.011319796554744244,0.0920848548412323,0.10369599610567093,0.0,5.0,
4194,4.844348907470703,11.010315895080566,0.012338976375758648,0.15498840808868408,0.11932998895645142,0.0,5.0,
4195,8.784638404846191,12.046365737915039,0.04169930890202522,0.27911239862442017,0.13773255050182343,0.0,5.0,
4196,3.8535537719726562,10.868738174438477,0.06088795140385628,0.0720876008272171,0.09013676643371582,0.0,5.0,
4197,3.309603691101074,10.518281936645508,0.0878949761390686,0.026016632094979286,0.07766131311655045,0.0,5.0,
4198,5.742149353027344,10.34689712524414,0.10635484755039215,0.09697046875953674,0.10656062513589859,0.0,5.0,
4199,5.1401262283325195,9.378406524658203,0.09745366871356964,0.08670227229595184,0.0899193063378334,0.0,5.0,
4200,3.745804786682129,9.540175437927246,0.08131422847509384,0.04499681293964386,0.10075124353170395,0.0,5.0,
4201,5.464631080627441,10.328250885009766,0.13937194645404816,0.05413362383842468,0.11374660581350327,0.0,5.0,
4202,2.56882381439209,9.825566291809082,0.05395599082112312,0.025166068226099014,0.10084459185600281,0.0,5.0,
4203,2.066176414489746,9.735846519470215,0.028693795204162598,0.027296599000692368,0.11441276222467422,0.0,5.0,
4204,4.17866325378418,11.584263801574707,0.033055901527404785,0.10761499404907227,0.1149660274386406,0.0,5.0,
4205,5.939509391784668,10.356449127197266,0.07938747107982635,0.13390973210334778,0.1052689477801323,0.0,5.0,
4206,4.433638572692871,12.040239334106445,0.009483575820922852,0.14342865347862244,0.10560376197099686,0.0,5.0,
4207,2.714344024658203,11.781819343566895,0.0,0.08227910846471786,0.1103115975856781,0.0,5.0,
4208,1.795623779296875,11.95623779296875,0.013936062343418598,0.034678056836128235,0.09782684594392776,0.0,5.0,
4209,4.680477142333984,12.300711631774902,0.0,0.16152246296405792,0.09559222310781479,0.0,5.0,
4210,4.851483345031738,10.731438636779785,0.0,0.16894018650054932,0.10587093979120255,0.0,5.0,
4211,5.626708984375,11.748159408569336,0.014069895260035992,0.18215055763721466,0.12314560264348984,0.0,5.0,
4212,6.522469520568848,11.790350914001465,0.005927244666963816,0.22795195877552032,0.11205139756202698,0.0,5.0,
4213,5.994389533996582,11.064373970031738,0.12391029298305511,0.09362515062093735,0.09867828339338303,0.0,5.0,
4214,5.488194465637207,11.90074634552002,0.08626715838909149,0.10781847685575485,0.11421603709459305,0.0,5.0,
4215,12.714377403259277,13.520692825317383,0.0,0.4786607623100281,0.12859246134757996,0.0,5.0,
4216,6.946101188659668,10.959508895874023,0.09326251596212387,0.1529201865196228,0.1344798356294632,0.0,5.0,
4217,3.4198074340820312,12.776626586914062,0.024314602836966515,0.08467766642570496,0.1190393790602684,0.0,5.0,
4218,3.7788619995117188,11.3599271774292,0.0013110041618347168,0.11809947341680527,0.1376430243253708,0.0,5.0,
4219,6.9256181716918945,13.448037147521973,0.05430096387863159,0.19736416637897491,0.11856299638748169,0.0,5.0,
4220,4.82421875,12.1187105178833,0.013113617897033691,0.15733613073825836,0.10367003828287125,0.0,5.0,
4221,3.631999969482422,10.86628246307373,0.1147444099187851,0.008749454282224178,0.0960058942437172,0.0,5.0,
4222,1.7653989791870117,12.941169738769531,0.0,0.0429471880197525,0.12044163793325424,0.0,5.0,
4223,9.513687133789062,11.941558837890625,0.03473750874400139,0.3092465400695801,0.16440461575984955,0.0,5.0,
4224,4.113672256469727,12.043966293334961,0.006224373821169138,0.12829306721687317,0.13846395909786224,0.0,5.0,
4225,5.014631271362305,12.901519775390625,0.06419674307107925,0.10700773447751999,0.12162093073129654,0.0,5.0,
4226,6.704700469970703,12.283379554748535,0.0866004005074501,0.1561509370803833,0.10395046323537827,0.0,5.0,
4227,12.128101348876953,10.710342407226562,0.03735051676630974,0.423630028963089,0.10548017174005508,0.0,5.0,
4228,2.7869319915771484,12.512174606323242,0.04302459955215454,0.04291494935750961,0.1118687316775322,0.0,5.0,
4229,6.171074867248535,11.288753509521484,0.11463916301727295,0.10394364595413208,0.12998151779174805,0.0,5.0,
4230,2.231393814086914,11.710997581481934,0.007978400215506554,0.060312461107969284,0.08251116424798965,0.0,5.0,
4231,7.556554794311523,9.950387954711914,0.09320958703756332,0.183757483959198,0.10993064194917679,0.0,5.0,
4232,2.2757930755615234,13.127972602844238,0.0,0.06082843244075775,0.13136006891727448,0.0,5.0,
4233,2.625027656555176,12.919478416442871,0.008924941532313824,0.06354197859764099,0.1358904093503952,0.0,5.0,
4234,9.066219329833984,13.842961311340332,0.0,0.33379268646240234,0.11727156490087509,0.0,5.0,
4235,4.232850074768066,12.411002159118652,0.0432150773704052,0.0876375287771225,0.16775666177272797,0.0,5.0,
4236,8.042226791381836,13.483762741088867,0.02933933399617672,0.2716856002807617,0.09036481380462646,0.0,5.0,
4237,6.2070722579956055,12.086793899536133,0.03263159468770027,0.1946438103914261,0.09621158987283707,0.0,5.0,
4238,5.305030822753906,11.367751121520996,0.08038842678070068,0.10265345126390457,0.12451686710119247,0.0,5.0,
4239,2.34787654876709,11.7793550491333,0.025163769721984863,0.04833429679274559,0.07458563894033432,0.0,5.0,
4240,8.527145385742188,10.702027320861816,0.1424858421087265,0.17267437279224396,0.1172529086470604,0.0,5.0,
4241,5.69773006439209,11.658666610717773,0.06022953987121582,0.1404181718826294,0.11906962841749191,0.0,5.0,
4242,5.883840560913086,11.860836029052734,0.03599562123417854,0.17245827615261078,0.12076564878225327,0.0,5.0,
4243,9.984145164489746,13.392062187194824,0.13936704397201538,0.23692408204078674,0.10000544786453247,0.0,5.0,
4244,4.3897600173950195,12.040848731994629,0.030834872275590897,0.11908851563930511,0.10770884156227112,0.0,5.0,
4245,5.850394248962402,10.90918254852295,0.12096641212701797,0.08989889919757843,0.10056046396493912,0.0,5.0,
4246,1.7211523056030273,11.217045783996582,0.02390211820602417,0.02522335946559906,0.08213692158460617,0.0,5.0,
4247,3.1214075088500977,10.346857070922852,0.05647692829370499,0.04187643900513649,0.11415890604257584,0.0,5.0,
4248,4.738539695739746,10.997876167297363,0.10770557820796967,0.05810447037220001,0.10778076201677322,0.0,5.0,
4249,8.245684623718262,12.496212005615234,0.028920909389853477,0.2808636426925659,0.08340353518724442,0.0,5.0,
4250,5.942198753356934,11.802628517150879,0.07215996831655502,0.1415778398513794,0.11119860410690308,0.0,5.0,
4251,6.886054992675781,12.516348838806152,0.0708230510354042,0.1805616319179535,0.09937471151351929,0.0,5.0,
4252,4.94558048248291,11.610574722290039,0.025685468688607216,0.14820340275764465,0.10176733136177063,0.0,5.0,
4253,3.652613639831543,11.390592575073242,0.07763352245092392,0.04328128695487976,0.1114899218082428,0.0,5.0,
4254,18.31692123413086,9.964347839355469,0.06640569120645523,0.6431215405464172,0.1067541241645813,0.0,5.0,
4255,13.258954048156738,11.043540000915527,0.04928773641586304,0.45094844698905945,0.1336723119020462,0.0,5.0,
4256,3.3984622955322266,10.287271499633789,0.0035138328094035387,0.1052810475230217,0.12004038691520691,0.0,5.0,
4257,9.582181930541992,11.023933410644531,0.020627636462450027,0.3401259779930115,0.10062391310930252,0.0,5.0,
4258,4.096823692321777,11.237604141235352,0.03677235171198845,0.10286656022071838,0.10378681868314743,0.0,5.0,
4259,9.396439552307129,11.696921348571777,0.18567287921905518,0.1695358008146286,0.0925067663192749,0.0,5.0,
4260,2.4547510147094727,10.456938743591309,0.026757001876831055,0.05280488729476929,0.08132892847061157,0.0,5.0,
4261,4.439427375793457,10.048927307128906,0.06681431829929352,0.08769554644823074,0.10024262219667435,0.0,5.0,
4262,3.3900794982910156,11.699159622192383,0.0045397281646728516,0.10334960371255875,0.12622380256652832,0.0,5.0,
4263,4.235993385314941,11.348153114318848,0.01414555311203003,0.13472190499305725,0.09044184535741806,0.0,5.0,
4264,6.171322822570801,10.848072052001953,0.05994792655110359,0.16367334127426147,0.09867987036705017,0.0,5.0,
4265,9.338661193847656,10.506162643432617,0.08194849640130997,0.26799681782722473,0.10102943331003189,0.0,5.0,
4266,6.008747100830078,10.277872085571289,0.12248881906270981,0.09596021473407745,0.09960048645734787,0.0,5.0,
4267,4.630188941955566,12.107649803161621,0.08644280582666397,0.07684987783432007,0.09537751227617264,0.0,5.0,
4268,4.5521039962768555,9.736518859863281,0.0976596251130104,0.05934391915798187,0.1099693700671196,0.0,5.0,
4269,1.3896188735961914,10.439263343811035,0.004677633289247751,0.018117034807801247,0.14012831449508667,0.0,5.0,
4270,4.8720502853393555,10.929365158081055,0.005059778690338135,0.15993627905845642,0.12917467951774597,0.0,5.0,
4271,3.7482337951660156,10.905407905578613,0.050981663167476654,0.070139080286026,0.12188468128442764,0.0,5.0,
4272,7.8287248611450195,12.339410781860352,0.052804749459028244,0.2359844297170639,0.10483801364898682,0.0,5.0,
4273,3.43802547454834,12.038385391235352,0.01882745884358883,0.08858223259449005,0.12444179505109787,0.0,5.0,
4274,3.1855926513671875,11.477689743041992,0.034962158650159836,0.06770861893892288,0.10284686833620071,0.0,5.0,
4275,5.369965553283691,12.410980224609375,0.0,0.17934274673461914,0.15909366309642792,0.0,5.0,
4276,2.352529525756836,10.30103874206543,0.06045718863606453,0.011021018028259277,0.09375711530447006,0.0,5.0,
4277,2.7777528762817383,11.414341926574707,0.06149780750274658,0.021217111498117447,0.1305551677942276,0.0,5.0,
4278,4.474199295043945,13.318360328674316,0.0,0.15314026176929474,0.10855572670698166,0.0,5.0,
4279,2.397305488586426,11.97326946258545,0.0,0.06930992752313614,0.11195594817399979,0.0,5.0,
4280,6.171295166015625,13.950172424316406,0.0,0.21641018986701965,0.1369505673646927,0.0,5.0,
4281,7.917270660400391,12.552202224731445,0.0,0.2941257357597351,0.08900132030248642,0.0,5.0,
4282,4.740490913391113,10.800429344177246,0.02391183376312256,0.13856954872608185,0.11586657911539078,0.0,5.0,
4283,8.807332038879395,12.724172592163086,0.0,0.3265872597694397,0.11571943759918213,0.0,5.0,
4284,8.332916259765625,12.679391860961914,0.03410492464900017,0.2710188031196594,0.1272265464067459,0.0,5.0,
4285,3.0528669357299805,13.146135330200195,0.0,0.09646523743867874,0.10202878713607788,0.0,5.0,
4286,11.095616340637207,13.037302017211914,0.073023222386837,0.3321975767612457,0.17643064260482788,0.0,5.0,
4287,2.0128087997436523,11.488451957702637,0.0,0.05279134213924408,0.13146306574344635,0.0,5.0,
4288,2.486525535583496,10.887530326843262,0.04011136293411255,0.032019998878240585,0.12434450536966324,0.0,5.0,
4289,7.730851173400879,10.431855201721191,0.050306279212236404,0.2309364378452301,0.12600526213645935,0.0,5.0,
4290,4.33823299407959,10.994648933410645,0.1057220920920372,0.046805400401353836,0.09256771206855774,0.0,5.0,
4291,2.559530258178711,9.691917419433594,0.030226033180952072,0.05350937321782112,0.0831971988081932,0.0,5.0,
4292,3.7310895919799805,12.450282096862793,0.0,0.12615542113780975,0.1014619842171669,0.0,5.0,
4293,2.119013786315918,10.426609992980957,0.0,0.06253273040056229,0.1012209951877594,0.0,5.0,
4294,3.852297782897949,12.980499267578125,0.010976573452353477,0.12236583232879639,0.08072298020124435,0.0,5.0,
4295,6.142683982849121,13.003619194030762,0.0790449008345604,0.14139634370803833,0.11735064536333084,0.0,5.0,
4296,2.344405174255371,11.524089813232422,0.005622526165097952,0.06799162924289703,0.08692487329244614,0.0,5.0,
4297,5.139443397521973,9.259858131408691,0.03395158052444458,0.14485697448253632,0.11785993725061417,0.0,5.0,
4298,4.132143974304199,13.397491455078125,0.04408713057637215,0.09564023464918137,0.10238132625818253,0.0,5.0,
4299,8.577499389648438,11.097956657409668,0.012503902427852154,0.30719438195228577,0.10406458377838135,0.0,5.0,
4300,2.8676633834838867,10.901477813720703,0.02450450323522091,0.06352286040782928,0.11943051964044571,0.0,5.0,
4301,1.3247089385986328,12.180368423461914,0.0,0.03226803243160248,0.0891961082816124,0.0,5.0,
4302,11.410138130187988,10.568646430969238,0.02585724927484989,0.4062948524951935,0.10998368263244629,0.0,5.0,
4303,5.895861625671387,11.008456230163574,0.06222176551818848,0.14660637080669403,0.11184728145599365,0.0,5.0,
4304,6.679139137268066,11.121329307556152,0.19503992795944214,0.05209444463253021,0.08434062451124191,0.0,5.0,
4305,5.3156938552856445,10.155555725097656,0.07891742140054703,0.1103033646941185,0.09413624554872513,0.0,5.0,
4306,5.678844451904297,10.117749214172363,0.06683734804391861,0.13398601114749908,0.11038947105407715,0.0,5.0,
4307,4.379190444946289,11.069458961486816,0.017577946186065674,0.13654115796089172,0.08857620507478714,0.0,5.0,
4308,6.531538009643555,9.830440521240234,0.10969362407922745,0.1312428116798401,0.08904653042554855,0.0,5.0,
4309,5.85211181640625,10.124403953552246,0.12575562298297882,0.08764050900936127,0.09229075908660889,0.0,5.0,
4310,8.510071754455566,10.934732437133789,0.22258895635604858,0.09781397134065628,0.09163696318864822,0.0,5.0,
4311,3.569578170776367,10.258686065673828,0.04891490936279297,0.06651090085506439,0.12009730935096741,0.0,5.0,
4312,3.80812931060791,9.142054557800293,0.06194007396697998,0.07019226998090744,0.08546271175146103,0.0,5.0,
4313,5.861661911010742,11.033634185791016,0.10501378774642944,0.10866755247116089,0.08975482732057571,0.0,5.0,
4314,3.6593236923217773,10.476095199584961,0.003933906555175781,0.12179742753505707,0.08609534054994583,0.0,5.0,
4315,2.2374954223632812,12.564858436584473,0.023401379585266113,0.03668075054883957,0.1311052292585373,0.0,5.0,
4316,3.2062063217163086,11.820150375366211,0.0,0.10730057954788208,0.09315896034240723,0.0,5.0,
4317,3.9890031814575195,9.61203384399414,0.09243325144052505,0.04566916823387146,0.09566638618707657,0.0,5.0,
4318,4.221116065979004,9.447783470153809,0.08231057971715927,0.06326799839735031,0.10338938981294632,0.0,5.0,
4319,4.455960273742676,10.59124755859375,0.0728357583284378,0.08022330701351166,0.11120694130659103,0.0,5.0,
4320,2.2176198959350586,11.208895683288574,0.0,0.06730932742357254,0.09564850479364395,0.0,5.0,
4321,3.7904748916625977,11.542521476745605,0.0,0.12514948844909668,0.109319768846035,0.0,5.0,
4322,4.028630256652832,12.036125183105469,0.057132262736558914,0.07847674190998077,0.10719818621873856,0.0,5.0,
4323,2.4161081314086914,11.12260627746582,0.07184968888759613,0.0069473604671657085,0.0792679563164711,0.0,5.0,
4324,4.592476844787598,13.321117401123047,0.07333119958639145,0.08884831517934799,0.0928025171160698,0.0,5.0,
4325,7.9448442459106445,12.211373329162598,0.0,0.2922494411468506,0.10058514028787613,0.0,5.0,
4326,6.872524261474609,12.552780151367188,0.08552592992782593,0.16622596979141235,0.10250935703516006,0.0,5.0,
4327,5.034045219421387,13.79865837097168,0.0,0.17386144399642944,0.12428130954504013,0.0,5.0,
4328,3.1095495223999023,12.544397354125977,0.024216333404183388,0.07293988019227982,0.1292782574892044,0.0,5.0,
4329,4.854035377502441,12.763096809387207,0.07015860080718994,0.09524088352918625,0.13524673879146576,0.0,5.0,
4330,5.098609924316406,11.103350639343262,0.08842507749795914,0.09091350436210632,0.11686870455741882,0.0,5.0,
4331,6.312142372131348,12.407960891723633,0.02717270515859127,0.20010384917259216,0.12081430107355118,0.0,5.0,
4332,2.0057945251464844,13.474502563476562,0.016333142295479774,0.03593076393008232,0.11681005358695984,0.0,5.0,
4333,4.987237930297852,14.081226348876953,0.016003072261810303,0.14955708384513855,0.15567895770072937,0.0,5.0,
4334,2.2516355514526367,13.7487211227417,0.0362793393433094,0.025889351963996887,0.1287509799003601,0.0,5.0,
4335,5.433465003967285,13.04774284362793,0.025791723281145096,0.1602632701396942,0.14112861454486847,0.0,5.0,
4336,4.340096473693848,12.719298362731934,0.03627626225352287,0.11652368307113647,0.09231657534837723,0.0,5.0,
4337,3.6625356674194336,12.732236862182617,0.0,0.1194036677479744,0.12616215646266937,0.0,5.0,
4338,4.951004981994629,13.549242973327637,0.014472643844783306,0.16084052622318268,0.09445322304964066,0.0,5.0,
4339,4.776780128479004,12.685686111450195,0.0,0.1623765379190445,0.13144046068191528,0.0,5.0,
4340,5.475045204162598,13.785115242004395,0.0,0.1912558674812317,0.11628887802362442,0.0,5.0,
4341,1.4539880752563477,12.888651847839355,0.0,0.033250849694013596,0.11179729551076889,0.0,5.0,
4342,2.916306495666504,12.87641716003418,0.0,0.09099212288856506,0.10113029927015305,0.0,5.0,
4343,4.893190383911133,13.024346351623535,0.0,0.17521263659000397,0.08653324842453003,0.0,5.0,
4344,3.2140731811523438,12.498764038085938,0.0,0.10756233334541321,0.09043598175048828,0.0,5.0,
4345,0.9537668228149414,14.909309387207031,0.0,0.014792987145483494,0.10270967334508896,0.0,5.0,
4346,3.738008499145508,12.259453773498535,0.06468863785266876,0.06353142112493515,0.0948205292224884,0.0,5.0,
4347,4.654963493347168,11.90068244934082,0.08172716945409775,0.08402522653341293,0.08301857858896255,0.0,5.0,
4348,3.640085220336914,12.696906089782715,0.041099388152360916,0.08686987310647964,0.07198287546634674,0.0,5.0,
4349,8.623080253601074,12.241474151611328,0.060554761439561844,0.2600176930427551,0.10999827831983566,0.0,5.0,
4350,5.161511421203613,11.423117637634277,0.12496074289083481,0.05683339014649391,0.10265054553747177,0.0,5.0,
4351,9.159290313720703,11.426399230957031,0.10335974395275116,0.23753811419010162,0.10779640823602676,0.0,5.0,
4352,4.216358184814453,12.065675735473633,0.025758842006325722,0.11905360221862793,0.11068707704544067,0.0,5.0,
4353,8.233519554138184,13.037944793701172,0.09809072315692902,0.20509441196918488,0.10889334231615067,0.0,5.0,
4354,6.22390079498291,11.482416152954102,0.016740819439291954,0.21207848191261292,0.08311891555786133,0.0,5.0,
4355,6.093029975891113,11.49055290222168,0.01095410156995058,0.2113947868347168,0.08991515636444092,0.0,5.0,
4356,3.96920108795166,11.391963005065918,0.07294702529907227,0.05759872496128082,0.131449893116951,0.0,5.0,
4357,4.821185111999512,11.45249080657959,0.02160821296274662,0.1457747220993042,0.11857687681913376,0.0,5.0,
4358,7.012312889099121,11.2938232421875,0.0917084664106369,0.16233792901039124,0.10872102528810501,0.0,5.0,
4359,4.340831756591797,12.159344673156738,0.013210654258728027,0.14034174382686615,0.07933416217565536,0.0,5.0,
4360,5.40061092376709,11.632120132446289,0.10553083568811417,0.08601120114326477,0.10349583625793457,0.0,5.0,
4361,2.280398368835449,10.827958106994629,0.016503870487213135,0.05298658460378647,0.10086176544427872,0.0,5.0,
4362,8.474844932556152,10.781146049499512,0.03911691904067993,0.27952051162719727,0.09192679077386856,0.0,5.0,
4363,4.295001983642578,11.559945106506348,0.04889601469039917,0.10166622698307037,0.09039062261581421,0.0,5.0,
4364,1.947260856628418,10.883009910583496,0.0037198662757873535,0.04896702989935875,0.10549811273813248,0.0,5.0,
4365,2.875300407409668,10.398131370544434,0.004732111934572458,0.08750522881746292,0.10464242845773697,0.0,5.0,
4366,1.9454107284545898,9.934432029724121,0.00908307172358036,0.04569027200341225,0.10043757408857346,0.0,5.0,
4367,4.353699684143066,10.999842643737793,0.0,0.14692279696464539,0.12285923957824707,0.0,5.0,
4368,3.4272422790527344,9.788474082946777,0.05292513221502304,0.06205221265554428,0.094943106174469,0.0,5.0,
4369,3.8554792404174805,11.62309741973877,0.021157503128051758,0.11207060515880585,0.09630462527275085,0.0,5.0,
4370,3.780735969543457,10.515528678894043,0.04593557119369507,0.07942192256450653,0.11725427955389023,0.0,5.0,
4371,5.171463966369629,9.90959358215332,0.0,0.1878330111503601,0.08330594748258591,0.0,5.0,
4372,3.6257753372192383,10.654470443725586,0.05209606885910034,0.06967495381832123,0.10498619079589844,0.0,5.0,
4373,3.358081817626953,10.095651626586914,0.041465263813734055,0.07018464058637619,0.09494617581367493,0.0,5.0,
4374,2.6423940658569336,11.287364959716797,0.05195488780736923,0.027798883616924286,0.12133116275072098,0.0,5.0,
4375,4.614150047302246,11.035848617553711,0.14289692044258118,0.014719760045409203,0.12019780278205872,0.0,5.0,
4376,4.380007743835449,11.319226264953613,0.08498219400644302,0.07175211608409882,0.08031628280878067,0.0,5.0,
4377,6.411708831787109,12.908830642700195,0.021087607368826866,0.20933905243873596,0.11214948445558548,0.0,5.0,
4378,5.098189353942871,11.353205680847168,0.16881178319454193,0.008297616615891457,0.1195317804813385,0.0,5.0,
4379,7.779975891113281,12.192486763000488,0.018537163734436035,0.27020856738090515,0.1030026450753212,0.0,5.0,
4380,2.615407943725586,12.793533325195312,0.04048122838139534,0.03789561241865158,0.11354616284370422,0.0,5.0,
4381,2.933439254760742,13.62360668182373,0.008025924675166607,0.08184616267681122,0.12256547808647156,0.0,5.0,
4382,3.8681068420410156,12.05190372467041,0.0,0.13528910279273987,0.08719787746667862,0.0,5.0,
4383,3.8146848678588867,11.469562530517578,0.0,0.12848423421382904,0.10514002293348312,0.0,5.0,
4384,1.9412670135498047,15.28343391418457,0.0,0.049844011664390564,0.11807194352149963,0.0,5.0,
4385,7.443525314331055,13.386963844299316,0.0,0.26620304584503174,0.14233165979385376,0.0,5.0,
4386,4.4641618728637695,13.134385108947754,0.0,0.14946851134300232,0.13283579051494598,0.0,5.0,
4387,7.559700965881348,12.803672790527344,0.12102200090885162,0.1534128338098526,0.1276644766330719,0.0,5.0,
4388,8.809428215026855,13.066061019897461,0.0,0.3298965096473694,0.10001907497644424,0.0,5.0,
4389,6.237092018127441,13.327816009521484,0.0,0.22230999171733856,0.11930390447378159,0.0,5.0,
4390,2.6620407104492188,12.186534881591797,0.015071094036102295,0.0695982500910759,0.09114003926515579,0.0,5.0,
4391,3.1344642639160156,11.163125038146973,0.04425899311900139,0.05887962877750397,0.10048693418502808,0.0,5.0,
4392,2.222081184387207,10.063928604125977,0.05956323817372322,0.009411691688001156,0.09016337990760803,0.0,5.0,
4393,4.951937675476074,11.151405334472656,0.06203331798315048,0.11749685555696487,0.07723989337682724,0.0,5.0,
4394,2.897794723510742,11.218204498291016,0.0,0.09377232939004898,0.1012469157576561,0.0,5.0,
4395,7.161185264587402,10.164703369140625,0.13073164224624634,0.13360363245010376,0.0961325541138649,0.0,5.0,
4396,5.392162322998047,9.70344066619873,0.0397023931145668,0.14857274293899536,0.13234876096248627,0.0,5.0,
4397,5.351571083068848,12.12918758392334,0.08858593553304672,0.09890365600585938,0.1135798916220665,0.0,5.0,
4398,7.140594482421875,11.790521621704102,0.06322196871042252,0.19313094019889832,0.12643496692180634,0.0,5.0,
4399,5.1870622634887695,10.883556365966797,0.0063033499754965305,0.17159609496593475,0.14019083976745605,0.0,5.0,
4400,3.069350242614746,12.259803771972656,0.05509475991129875,0.04913056641817093,0.07338026165962219,0.0,5.0,
4401,2.772017478942871,11.590803146362305,0.014445384033024311,0.0674646869301796,0.11545228958129883,0.0,5.0,
4402,4.154851913452148,11.095881462097168,0.08269365131855011,0.06056460738182068,0.10085871070623398,0.0,5.0,
4403,12.872827529907227,10.134130477905273,0.11196768283843994,0.38075771927833557,0.10121064633131027,0.0,5.0,
4404,4.949765205383301,11.034022331237793,0.10304155200719833,0.0715484768152237,0.10016504675149918,0.0,5.0,
4405,3.767153739929199,11.080219268798828,0.01253857184201479,0.11454056948423386,0.10427474975585938,0.0,5.0,
4406,10.355015754699707,11.90455436706543,0.08264313638210297,0.3097323775291443,0.09936967492103577,0.0,5.0,
4407,3.9404172897338867,11.443880081176758,0.09500080347061157,0.03699527680873871,0.11353883892297745,0.0,5.0,
4408,4.75129508972168,11.067054748535156,0.01665119268000126,0.15005457401275635,0.09442266821861267,0.0,5.0,
4409,3.2018375396728516,11.128528594970703,0.04645746946334839,0.05970920994877815,0.09851209074258804,0.0,5.0,
4410,3.996731758117676,11.558173179626465,0.03965729475021362,0.09679193049669266,0.09518211334943771,0.0,5.0,
4411,2.572575569152832,12.397741317749023,0.02231123112142086,0.053158413618803024,0.12683002650737762,0.0,5.0,
4412,8.498761177062988,11.079850196838379,0.07114672660827637,0.2442239671945572,0.10020223259925842,0.0,5.0,
4413,7.401186943054199,10.838942527770996,0.018213490024209023,0.2522597312927246,0.10329893231391907,0.0,5.0,
4414,2.981207847595215,10.905386924743652,0.005340218544006348,0.08882533013820648,0.11292793601751328,0.0,5.0,
4415,4.53945255279541,12.003374099731445,0.08580806106328964,0.06739185750484467,0.13121716678142548,0.0,5.0,
4416,4.43159294128418,10.64637279510498,0.09101525694131851,0.06276006251573563,0.10435716062784195,0.0,5.0,
4417,8.870299339294434,11.882376670837402,0.012369871139526367,0.3190825581550598,0.10933443903923035,0.0,5.0,
4418,1.7231464385986328,11.68481159210205,0.01906222105026245,0.026329921558499336,0.10653030127286911,0.0,5.0,
4419,4.204648017883301,11.6329345703125,0.034572403877973557,0.11104100942611694,0.10392778366804123,0.0,5.0,
4420,7.1151533126831055,11.690251350402832,0.1594468504190445,0.10235379636287689,0.10440089553594589,0.0,5.0,
4421,3.627688407897949,11.327231407165527,0.0,0.12029146403074265,0.10648095607757568,0.0,5.0,
4422,3.200098991394043,11.725422859191895,0.0,0.1037493646144867,0.10022184997797012,0.0,5.0,
4423,6.495905876159668,9.940428733825684,0.1718495488166809,0.06646672636270523,0.09903168678283691,0.0,5.0,
4424,5.451830863952637,12.380023002624512,0.07010718435049057,0.11860734224319458,0.1250179260969162,0.0,5.0,
4425,5.103355407714844,11.859341621398926,0.0,0.18001030385494232,0.10587277263402939,0.0,5.0,
4426,8.307473182678223,11.845170021057129,0.2153557389974594,0.09436432272195816,0.10149753093719482,0.0,5.0,
4427,5.24910831451416,11.462899208068848,0.0,0.18548814952373505,0.10527420789003372,0.0,5.0,
4428,3.625077247619629,11.271570205688477,0.0,0.12508007884025574,0.08702635020017624,0.0,5.0,
4429,6.91292667388916,9.622414588928223,0.1328677237033844,0.12655453383922577,0.07096878439188004,0.0,5.0,
4430,4.210379600524902,10.690140724182129,0.0,0.14539477229118347,0.09590238332748413,0.0,5.0,
4431,3.994143486022949,9.919599533081055,0.06801161915063858,0.06792490929365158,0.10734850913286209,0.0,5.0,
4432,6.70096492767334,11.175363540649414,0.08999987691640854,0.14959263801574707,0.1055065169930458,0.0,5.0,
4433,3.7727813720703125,11.839675903320312,0.05672921612858772,0.06961658596992493,0.10478665679693222,0.0,5.0,
4434,4.708731651306152,10.857771873474121,0.0848076343536377,0.08458137512207031,0.07835028320550919,0.0,5.0,
4435,5.209489822387695,10.298171043395996,0.019580701366066933,0.16849350929260254,0.09090692549943924,0.0,5.0,
4436,6.418301582336426,9.873117446899414,0.17342324554920197,0.061127692461013794,0.09579604864120483,0.0,5.0,
4437,7.075594902038574,11.199049949645996,0.05031098797917366,0.20576122403144836,0.12394716590642929,0.0,5.0,
4438,3.882823944091797,11.070223808288574,0.034591514617204666,0.09881884604692459,0.08983993530273438,0.0,5.0,
4439,6.141726493835449,10.448118209838867,0.09093022346496582,0.13060393929481506,0.1074511706829071,0.0,5.0,
4440,2.759282112121582,10.514500617980957,0.04033348709344864,0.05462654307484627,0.0591743104159832,0.0,5.0,
4441,3.153428077697754,10.621935844421387,0.0,0.10603144019842148,0.09053108841180801,0.0,5.0,
4442,4.804668426513672,9.915292739868164,0.050957560539245605,0.12213895469903946,0.08230289071798325,0.0,5.0,
4443,7.4707489013671875,10.828995704650879,0.1069907546043396,0.1697557419538498,0.1030731275677681,0.0,5.0,
4444,3.845142364501953,11.48522663116455,0.048228662461042404,0.08363303542137146,0.09287407249212265,0.0,5.0,
4445,3.524447441101074,10.630942344665527,0.038017887622117996,0.08239351958036423,0.09533398598432541,0.0,5.0,
4446,5.987951278686523,10.531319618225098,0.10342307388782501,0.11409653723239899,0.09812169522047043,0.0,5.0,
4447,2.904982566833496,11.634413719177246,0.06137082725763321,0.031122345477342606,0.09705692529678345,0.0,5.0,
4448,3.82924747467041,10.615010261535645,0.0557083897292614,0.07631660252809525,0.09720557928085327,0.0,5.0,
4449,6.164763450622559,10.65119457244873,0.05804542824625969,0.16290590167045593,0.11642887443304062,0.0,5.0,
4450,4.419466018676758,10.564251899719238,0.10480894893407822,0.04965592920780182,0.10286476463079453,0.0,5.0,
4451,1.7200679779052734,10.911937713623047,0.006882885936647654,0.043768443167209625,0.07563716918230057,0.0,5.0,
4452,7.405827522277832,11.05479621887207,0.18223045766353607,0.09070336818695068,0.10152777284383774,0.0,5.0,
4453,3.632486343383789,10.825424194335938,0.05763043835759163,0.0649285688996315,0.10421217232942581,0.0,5.0,
4454,12.954654693603516,13.078378677368164,0.051534492522478104,0.4391075074672699,0.1167672872543335,0.0,5.0,
4455,4.176712989807129,10.649484634399414,0.013505379669368267,0.12841485440731049,0.10641396045684814,0.0,5.0,
4456,2.276301383972168,12.257079124450684,0.021082520484924316,0.04199433699250221,0.12537801265716553,0.0,5.0,
4457,9.123428344726562,13.365924835205078,0.0,0.33261221647262573,0.1426074057817459,0.0,5.0,
4458,2.456271171569824,12.97043514251709,0.005372802261263132,0.06819344311952591,0.11208122968673706,0.0,5.0,
4459,8.848715782165527,13.051666259765625,0.0,0.32543057203292847,0.12492390722036362,0.0,5.0,
4460,5.407731056213379,12.348690032958984,0.0452970452606678,0.14470873773097992,0.1223875880241394,0.0,5.0,
4461,3.0183677673339844,13.236090660095215,0.027991652488708496,0.06868383288383484,0.09732791036367416,0.0,5.0,
4462,2.2085371017456055,11.372559547424316,0.0,0.06754854321479797,0.08985712379217148,0.0,5.0,
4463,3.9318666458129883,11.782292366027832,0.07655725628137589,0.053308237344026566,0.12594687938690186,0.0,5.0,
4464,4.027462005615234,12.098403930664062,0.0604625940322876,0.07775446027517319,0.10218185186386108,0.0,5.0,
4465,4.6135101318359375,11.55318832397461,0.028786957263946533,0.12859158217906952,0.12601858377456665,0.0,5.0,
4466,8.799983024597168,13.439326286315918,0.020539840683341026,0.3078920245170593,0.10634908825159073,0.0,5.0,
4467,5.598676681518555,10.258031845092773,0.005675931926816702,0.19424481689929962,0.1105223000049591,0.0,5.0,
4468,9.472336769104004,11.28197193145752,0.1136186495423317,0.24241472780704498,0.10207351297140121,0.0,5.0,
4469,4.879245758056641,12.093897819519043,0.0916396826505661,0.07835711538791656,0.11478984355926514,0.0,5.0,
4470,3.5229806900024414,12.248723030090332,0.015961965546011925,0.09707055240869522,0.12152058631181717,0.0,5.0,
4471,2.9408702850341797,13.027297973632812,0.02861942909657955,0.06409892439842224,0.10887693613767624,0.0,5.0,
4472,2.420321464538574,12.602012634277344,0.01646312139928341,0.05523029342293739,0.11060477048158646,0.0,5.0,
4473,4.607108116149902,14.184778213500977,0.0,0.16010916233062744,0.10856979340314865,0.0,5.0,
4474,3.791891098022461,12.531449317932129,0.013093034736812115,0.1125572919845581,0.10848161578178406,0.0,5.0,
4475,4.099570274353027,11.663512229919434,0.015078902244567871,0.1264565885066986,0.09925317764282227,0.0,5.0,
4476,2.464069366455078,12.288603782653809,0.025172928348183632,0.04930216446518898,0.11086898297071457,0.0,5.0,
4477,1.6533889770507812,12.617127418518066,0.0,0.04098375514149666,0.10992681980133057,0.0,5.0,
4478,8.198359489440918,11.462187767028809,0.0,0.2987450361251831,0.12445967644453049,0.0,5.0,
4479,4.6071014404296875,12.301263809204102,0.07339639961719513,0.08610541373491287,0.11537295579910278,0.0,5.0,
4480,3.2039594650268555,12.803010940551758,0.0,0.1061154454946518,0.09115531295537949,0.0,5.0,
4481,4.984155654907227,12.771085739135742,0.0,0.17700041830539703,0.10234535485506058,0.0,5.0,
4482,3.6377716064453125,11.241070747375488,0.022130271419882774,0.09832542389631271,0.10625159740447998,0.0,5.0,
4483,6.51971435546875,11.223540306091309,0.03290243819355965,0.20460689067840576,0.09731598943471909,0.0,5.0,
4484,6.153624534606934,11.476272583007812,0.013722400180995464,0.21431882679462433,0.08037248998880386,0.0,5.0,
4485,5.846766471862793,11.18565559387207,0.0031298398971557617,0.21027928590774536,0.08807504177093506,0.0,5.0,
4486,4.14247989654541,10.605746269226074,0.020396610721945763,0.12526816129684448,0.09295440465211868,0.0,5.0,
4487,5.712210655212402,10.817386627197266,0.0801832526922226,0.12696734070777893,0.09540390223264694,0.0,5.0,
4488,1.783390998840332,10.41674518585205,0.03442958742380142,0.015287731774151325,0.09741801768541336,0.0,5.0,
4489,4.823866844177246,10.036344528198242,0.10253097862005234,0.06965246051549911,0.0919167622923851,0.0,5.0,
4490,4.130702972412109,11.856948852539062,0.03973887115716934,0.0986713320016861,0.12256626039743423,0.0,5.0,
4491,4.075841903686523,11.246269226074219,0.042889755219221115,0.0947437435388565,0.10117441415786743,0.0,5.0,
4492,4.311602592468262,10.879867553710938,0.047420501708984375,0.10281389951705933,0.09634876996278763,0.0,5.0,
4493,3.6935548782348633,9.996636390686035,0.0722736343741417,0.055645495653152466,0.08306775242090225,0.0,5.0,
4494,4.666299819946289,11.163691520690918,0.0343649797141552,0.13105425238609314,0.0927591547369957,0.0,5.0,
4495,5.338981628417969,12.022080421447754,0.08636041730642319,0.10059057176113129,0.11700421571731567,0.0,5.0,
4496,4.966835021972656,10.797572135925293,0.093092180788517,0.08467189967632294,0.08692660927772522,0.0,5.0,
4497,2.8567581176757812,10.78515911102295,0.04482477903366089,0.0462949313223362,0.09877542406320572,0.0,5.0,
4498,5.536379814147949,11.354117393493652,0.008619089610874653,0.19042150676250458,0.0980978012084961,0.0,5.0,
4499,6.428582191467285,10.094986915588379,0.13994824886322021,0.09296142309904099,0.10213091224431992,0.0,5.0,
4500,4.43729305267334,11.492618560791016,0.0506710410118103,0.10305604338645935,0.10743121057748795,0.0,5.0,"[0.8693509101867676, 1.1212241649627686, 1.0080950260162354]"
4501,4.168059349060059,12.682544708251953,0.07388415187597275,0.07151027768850327,0.09136125445365906,0.0,5.0,
4502,2.3242483139038086,12.622756958007812,0.0025948286056518555,0.0626215934753418,0.11912410706281662,0.0,5.0,
4503,4.689763069152832,11.151365280151367,0.026687422767281532,0.13786320388317108,0.09302964061498642,0.0,5.0,
4504,3.581864356994629,11.219627380371094,0.058071017265319824,0.06440179795026779,0.09639570116996765,0.0,5.0,
4505,2.0185976028442383,11.495519638061523,0.0,0.05733390152454376,0.10083956271409988,0.0,5.0,
4506,1.9527759552001953,13.194784164428711,0.0,0.05498348921537399,0.10372397303581238,0.0,5.0,
4507,6.065056800842285,10.88913631439209,0.03954372927546501,0.181535005569458,0.09514293074607849,0.0,5.0,
4508,6.017352104187012,14.232940673828125,0.0,0.213961660861969,0.11380594968795776,0.0,5.0,
4509,3.5499935150146484,12.452987670898438,0.09339559078216553,0.01717655174434185,0.14403533935546875,0.0,5.0,
4510,3.0260353088378906,11.689600944519043,0.0787232294678688,0.012060671113431454,0.1300588995218277,0.0,5.0,
4511,3.6455135345458984,13.051223754882812,0.0021788079757243395,0.12306758761405945,0.0905592069029808,0.0,5.0,
4512,5.6653242111206055,11.686047554016113,0.01827957294881344,0.18301095068454742,0.11168626695871353,0.0,5.0,
4513,5.646221160888672,12.429646492004395,0.0,0.20255258679389954,0.09973756223917007,0.0,5.0,
4514,5.346771240234375,12.910566329956055,0.015561978332698345,0.16868863999843597,0.13375604152679443,0.0,5.0,
4515,6.4769792556762695,11.465608596801758,0.027698317542672157,0.21010252833366394,0.09223943203687668,0.0,5.0,
4516,7.532657623291016,10.633369445800781,0.11211522668600082,0.16399064660072327,0.10406596213579178,0.0,5.0,
4517,4.425169944763184,10.878578186035156,0.08338823169469833,0.06892619282007217,0.10599005967378616,0.0,5.0,
4518,3.547104835510254,11.79108715057373,0.06800077110528946,0.04797211289405823,0.1010696068406105,0.0,5.0,
4519,5.862553596496582,11.270108222961426,0.08989405632019043,0.12079028785228729,0.10800588130950928,0.0,5.0,
4520,5.016789436340332,11.533745765686035,0.023150742053985596,0.15594492852687836,0.08279199153184891,0.0,5.0,
4521,1.9656457901000977,11.323636054992676,0.003481626510620117,0.054593004286289215,0.07625613361597061,0.0,5.0,
4522,2.980177879333496,10.54869556427002,0.060692351311445236,0.02904312126338482,0.1265634000301361,0.0,5.0,
4523,6.699397087097168,11.141448020935059,0.07571081072092056,0.16996823251247406,0.09382292628288269,0.0,5.0,
4524,6.404287338256836,11.585902214050293,0.06795100122690201,0.16803131997585297,0.08288054913282394,0.0,5.0,
4525,5.114117622375488,9.948637008666992,0.09460204839706421,0.08961036801338196,0.0894291028380394,0.0,5.0,
4526,4.422224044799805,10.950532913208008,0.03717935085296631,0.12154233455657959,0.0829564705491066,0.0,5.0,
4527,5.168730735778809,11.340170860290527,0.051774442195892334,0.13076187670230865,0.10171506553888321,0.0,5.0,
4528,14.754576683044434,11.142569541931152,0.06380853801965714,0.5012065172195435,0.10552603006362915,0.0,5.0,
4529,7.876056671142578,11.731385231018066,0.18673673272132874,0.09759628027677536,0.13181668519973755,0.0,5.0,
4530,5.305123329162598,10.957959175109863,0.08514489978551865,0.09758318215608597,0.13447101414203644,0.0,5.0,
4531,3.6464767456054688,11.465648651123047,0.015311935916543007,0.1115676611661911,0.0832998976111412,0.0,5.0,
4532,3.8894166946411133,12.142518043518066,0.02149077318608761,0.11394298821687698,0.08258280903100967,0.0,5.0,
4533,3.653005599975586,11.111482620239258,0.08940184116363525,0.03575052693486214,0.08436445146799088,0.0,5.0,
4534,6.479796409606934,12.691985130310059,0.06650903075933456,0.16495157778263092,0.11712471395730972,0.0,5.0,
4535,4.588056564331055,10.675238609313965,0.01889614202082157,0.1375969797372818,0.11923325061798096,0.0,5.0,
4536,3.926504135131836,13.261402130126953,0.016618410125374794,0.11784262955188751,0.09315988421440125,0.0,5.0,
4537,4.407177925109863,11.874273300170898,0.06657157093286514,0.08711344748735428,0.10408870130777359,0.0,5.0,
4538,6.521927833557129,10.472172737121582,0.11591414362192154,0.11957765370607376,0.1117614284157753,0.0,5.0,
4539,2.6674728393554688,12.052638053894043,0.0049735307693481445,0.0815151259303093,0.08880547434091568,0.0,5.0,
4540,6.459856033325195,14.262564659118652,0.0,0.23189087212085724,0.11460015177726746,0.0,5.0,
4541,5.21707820892334,11.46895694732666,0.1115361824631691,0.07293619215488434,0.09454988688230515,0.0,5.0,
4542,4.626320838928223,11.419181823730469,0.05903218314051628,0.10610013455152512,0.08881094306707382,0.0,5.0,
4543,9.08510971069336,10.888981819152832,0.0033219456672668457,0.3389407992362976,0.09402783960103989,0.0,5.0,
4544,5.959546089172363,10.46306037902832,0.09516110271215439,0.11958754062652588,0.10059941560029984,0.0,5.0,
4545,3.164827346801758,12.58877182006836,0.0,0.09725573658943176,0.13696147501468658,0.0,5.0,
4546,3.4727344512939453,10.94416618347168,0.01895429752767086,0.0987592488527298,0.09726369380950928,0.0,5.0,
4547,3.2541942596435547,9.984687805175781,0.038408081978559494,0.0708000659942627,0.09735482186079025,0.0,5.0,
4548,8.360569953918457,10.75928020477295,0.035050928592681885,0.27937430143356323,0.08769422769546509,0.0,5.0,
4549,1.5384244918823242,11.070116996765137,0.0,0.037207502871751785,0.11358236521482468,0.0,5.0,
4550,5.519222259521484,11.607451438903809,0.05123680830001831,0.14291945099830627,0.11618881672620773,0.0,5.0,
4551,2.4256210327148438,11.000174522399902,0.04607115313410759,0.02779291197657585,0.10314486175775528,0.0,5.0,
4552,4.32084846496582,10.507920265197754,0.10013003647327423,0.05190020054578781,0.0895879864692688,0.0,5.0,
4553,4.790661811828613,11.846229553222656,0.04794212058186531,0.12588173151016235,0.07416359335184097,0.0,5.0,
4554,3.6053667068481445,10.669193267822266,0.0347059965133667,0.07812916487455368,0.14526356756687164,0.0,5.0,
4555,3.2334299087524414,11.468108177185059,0.03354978561401367,0.07109886407852173,0.10231319814920425,0.0,5.0,
4556,4.6020050048828125,11.785938262939453,0.047860901802778244,0.11526545882225037,0.09286298602819443,0.0,5.0,
4557,1.8651514053344727,10.303754806518555,0.0,0.04857287555932999,0.10805582255125046,0.0,5.0,
4558,4.449414253234863,10.459197044372559,0.0,0.15266504883766174,0.10734952241182327,0.0,5.0,
4559,5.426939010620117,10.993941307067871,0.07235673815011978,0.12081660330295563,0.10405717045068741,0.0,5.0,
4560,5.6364946365356445,10.792614936828613,0.0,0.20345525443553925,0.09792399406433105,0.0,5.0,
4561,8.610477447509766,10.675284385681152,0.0,0.3237799406051636,0.08581898361444473,0.0,5.0,
4562,4.523316383361816,11.24129581451416,0.03387651965022087,0.11680728197097778,0.13746052980422974,0.0,5.0,
4563,3.521853446960449,11.160325050354004,0.04410489276051521,0.07110780477523804,0.11728430539369583,0.0,5.0,
4564,5.182051658630371,10.309220314025879,0.1677582859992981,0.01755511946976185,0.09470660239458084,0.0,5.0,
4565,3.3479928970336914,10.710333824157715,0.022986728698015213,0.0858554020524025,0.10500840097665787,0.0,5.0,
4566,3.3930482864379883,10.57457447052002,0.0,0.11429237574338913,0.09569209814071655,0.0,5.0,
4567,3.098531723022461,11.238039016723633,0.0,0.096517413854599,0.12375080585479736,0.0,5.0,
4568,6.590490341186523,10.954146385192871,0.0,0.23800386488437653,0.10510212182998657,0.0,5.0,
4569,7.036050796508789,12.662298202514648,0.008943636901676655,0.25071343779563904,0.09732530266046524,0.0,5.0,
4570,2.5937862396240234,10.94648265838623,0.010503768920898438,0.07519201189279556,0.07988189905881882,0.0,5.0,
4571,4.26369571685791,11.328428268432617,0.0,0.14326663315296173,0.11681348830461502,0.0,5.0,
4572,3.294513702392578,10.527260780334473,0.0,0.11425451934337616,0.07643058896064758,0.0,5.0,
4573,6.852066993713379,9.79471492767334,0.0631045326590538,0.19036850333213806,0.09236035495996475,0.0,5.0,
4574,3.1560916900634766,10.249017715454102,0.002489705802872777,0.10071063041687012,0.10412517935037613,0.0,5.0,
4575,2.1682043075561523,11.149524688720703,0.0,0.06651544570922852,0.0904228687286377,0.0,5.0,
4576,4.055781364440918,11.271133422851562,0.13207727670669556,0.008650276809930801,0.09271001815795898,0.0,5.0,
4577,3.3401012420654297,10.515398979187012,0.025741854682564735,0.09094556421041489,0.07350648194551468,0.0,5.0,
4578,6.561358451843262,9.881893157958984,0.072165846824646,0.1716708242893219,0.08795393258333206,0.0,5.0,
4579,2.3895740509033203,10.085272789001465,0.05182411149144173,0.02317139320075512,0.08097624033689499,0.0,5.0,
4580,3.492791175842285,11.005626678466797,0.060463450849056244,0.05946648120880127,0.08382385224103928,0.0,5.0,
4581,3.7895736694335938,11.532536506652832,0.0328558087348938,0.09525347501039505,0.09884795546531677,0.0,5.0,
4582,8.707242012023926,11.646811485290527,0.07857022434473038,0.24589809775352478,0.10662072151899338,0.0,5.0,
4583,4.007279396057129,12.370930671691895,0.0,0.14110849797725677,0.08062043786048889,0.0,5.0,
4584,5.329132080078125,10.702533721923828,0.11017429828643799,0.07708285748958588,0.10335126519203186,0.0,5.0,
4585,5.257651329040527,12.379535675048828,0.020123997703194618,0.16484661400318146,0.10084947943687439,0.0,5.0,
4586,4.985766410827637,12.60671329498291,0.04138879105448723,0.13633573055267334,0.08798781782388687,0.0,5.0,
4587,4.847526550292969,11.055665016174316,0.11210513114929199,0.062201716005802155,0.08182930946350098,0.0,5.0,
4588,2.993475914001465,12.59720230102539,0.08529007434844971,0.012778162024915218,0.0927911177277565,0.0,5.0,
4589,2.3294200897216797,12.607539176940918,0.0,0.06261519342660904,0.13882951438426971,0.0,5.0,
4590,5.659480094909668,12.508427619934082,0.05433724448084831,0.14891500771045685,0.09673918038606644,0.0,5.0,
4591,7.310279846191406,10.73702335357666,0.0,0.27324819564819336,0.07877606898546219,0.0,5.0,
4592,3.70712947845459,12.929418563842773,0.015630105510354042,0.10979879647493362,0.1012893095612526,0.0,5.0,
4593,5.451685905456543,10.6730375289917,0.02408963441848755,0.17195037007331848,0.09413374215364456,0.0,5.0,
4594,2.8636159896850586,12.572402954101562,0.02890201471745968,0.06411174684762955,0.08629909157752991,0.0,5.0,
4595,5.463115692138672,12.623150825500488,0.10743103921413422,0.08479224890470505,0.10856202989816666,0.0,5.0,
4596,5.796807289123535,12.595645904541016,0.05522875115275383,0.15806573629379272,0.08017539232969284,0.0,5.0,
4597,2.5272703170776367,12.136797904968262,0.027427395805716515,0.04388663172721863,0.13562577962875366,0.0,5.0,
4598,2.5900964736938477,12.443477630615234,0.012557526119053364,0.06812697649002075,0.09837719053030014,0.0,5.0,
4599,5.775738716125488,12.927262306213379,0.0,0.20414482057094574,0.10683366656303406,0.0,5.0,
4600,5.164824485778809,11.921144485473633,0.03565136715769768,0.13981859385967255,0.14225994050502777,0.0,5.0,
4601,4.191767692565918,13.730598449707031,0.0033077001571655273,0.14100468158721924,0.09541048854589462,0.0,5.0,
4602,6.978951454162598,12.793839454650879,0.03230452537536621,0.21950934827327728,0.11925581842660904,0.0,5.0,
4603,5.580249786376953,11.232711791992188,0.0,0.19932875037193298,0.0984499454498291,0.0,5.0,
4604,4.288707733154297,12.629471778869629,0.02610180713236332,0.11892412602901459,0.1130162701010704,0.0,5.0,
4605,1.8421716690063477,12.661478042602539,0.0,0.04770033061504364,0.10941898822784424,0.0,5.0,
4606,5.2667951583862305,11.71177864074707,0.08445855230093002,0.10154399275779724,0.09812504798173904,0.0,5.0,
4607,4.203845024108887,11.975374221801758,0.007592201232910156,0.14101433753967285,0.08675000816583633,0.0,5.0,
4608,6.994277000427246,11.341214179992676,0.11240863800048828,0.13966670632362366,0.12400466203689575,0.0,5.0,
4609,4.083385467529297,12.230262756347656,0.043755173683166504,0.09595923125743866,0.09989737719297409,0.0,5.0,
4610,2.3960084915161133,9.744876861572266,0.012461364269256592,0.06386697292327881,0.07961899787187576,0.0,5.0,
4611,2.6650876998901367,10.470356941223145,0.019908230751752853,0.06832041591405869,0.07810167968273163,0.0,5.0,
4612,4.572945594787598,11.183125495910645,0.0,0.16358014941215515,0.07970075309276581,0.0,5.0,
4613,4.67130184173584,12.02676010131836,0.0,0.16161184012889862,0.11946886777877808,0.0,5.0,
4614,9.347831726074219,11.35448169708252,0.254480242729187,0.10076034814119339,0.07716750353574753,0.0,5.0,
4615,5.75974178314209,10.389365196228027,0.14925488829612732,0.061162229627370834,0.07568421959877014,0.0,5.0,
4616,4.14103889465332,10.466476440429688,0.10550334304571152,0.03964773565530777,0.08286500722169876,0.0,5.0,
4617,3.237299919128418,11.901142120361328,0.03456040099263191,0.07362636178731918,0.09077173471450806,0.0,5.0,
4618,3.693495750427246,11.784585952758789,0.07223238795995712,0.052565477788448334,0.09761501103639603,0.0,5.0,
4619,3.662692070007324,10.617782592773438,0.048865318298339844,0.07740255445241928,0.08051256090402603,0.0,5.0,
4620,3.139699935913086,11.65735149383545,0.08077728748321533,0.019873647019267082,0.09607931226491928,0.0,5.0,
4621,1.7284355163574219,10.847750663757324,8.986393368104473e-05,0.045663297176361084,0.1047753170132637,0.0,5.0,
4622,13.089461326599121,10.857108116149902,0.2128978818655014,0.28371116518974304,0.11623883992433548,0.0,5.0,
4623,5.095005035400391,10.530614852905273,0.07378719747066498,0.10304999351501465,0.11759942770004272,0.0,5.0,
4624,6.148475646972656,11.658489227294922,0.015827298164367676,0.20755352079868317,0.09378830343484879,0.0,5.0,
4625,4.915488243103027,11.73956298828125,0.0,0.17408490180969238,0.08709458261728287,0.0,5.0,
4626,3.354419708251953,12.770752906799316,0.0,0.10255733877420425,0.13828372955322266,0.0,5.0,
4627,3.006044387817383,12.41087532043457,0.0334545373916626,0.0604187436401844,0.09869403392076492,0.0,5.0,
4628,5.170485496520996,12.224372863769531,0.0,0.1861875206232071,0.09071604162454605,0.0,5.0,
4629,4.603947639465332,12.403971672058105,0.06496137380599976,0.09200763702392578,0.10887166857719421,0.0,5.0,
4630,2.778927803039551,11.414316177368164,0.029429176822304726,0.05572233349084854,0.10638784617185593,0.0,5.0,
4631,3.9773101806640625,11.039292335510254,0.07470649480819702,0.057487569749355316,0.11799311637878418,0.0,5.0,
4632,2.2677011489868164,11.019408226013184,0.01779087446630001,0.047344692051410675,0.10783147066831589,0.0,5.0,
4633,2.590089797973633,11.440957069396973,0.033912260085344315,0.04610259458422661,0.10061397403478622,0.0,5.0,
4634,6.022103309631348,12.289754867553711,0.09672658145427704,0.11568766832351685,0.11407854408025742,0.0,5.0,
4635,3.4879989624023438,10.11058521270752,0.013863365165889263,0.09789630770683289,0.12515394389629364,0.0,5.0,
4636,7.300357818603516,12.21701431274414,0.06526386737823486,0.20190168917179108,0.11200415343046188,0.0,5.0,
4637,6.652370452880859,12.082006454467773,0.18810556828975677,0.05441699177026749,0.10034012794494629,0.0,5.0,
4638,10.85352611541748,13.480563163757324,0.047940753400325775,0.35824137926101685,0.12076213955879211,0.0,5.0,
4639,10.827061653137207,13.492048263549805,0.055591799318790436,0.3511449992656708,0.11089757084846497,0.0,5.0,
4640,4.774834632873535,13.838558197021484,0.051370780915021896,0.11603367328643799,0.10026287287473679,0.0,5.0,
4641,7.100014686584473,12.295875549316406,0.12325987964868546,0.1284271627664566,0.14869658648967743,0.0,5.0,
4642,2.0204038619995117,13.494876861572266,0.0,0.054636530578136444,0.10472863912582397,0.0,5.0,
4643,3.6487531661987305,12.870083808898926,0.0,0.11780968308448792,0.1320241242647171,0.0,5.0,
4644,5.309016227722168,11.44357681274414,0.052317578345537186,0.1336526870727539,0.10510136932134628,0.0,5.0,
4645,9.171147346496582,13.8761625289917,0.0,0.3427608907222748,0.10215281695127487,0.0,5.0,
4646,4.189369201660156,12.186391830444336,0.06090231612324715,0.07979641854763031,0.12341002374887466,0.0,5.0,
4647,5.935174942016602,12.81978702545166,0.0,0.21470248699188232,0.09738849848508835,0.0,5.0,
4648,3.8432626724243164,11.48235034942627,0.051844675093889236,0.08167387545108795,0.08388253301382065,0.0,5.0,
4649,4.540764808654785,11.400276184082031,0.1202264204621315,0.031813476234674454,0.12391891330480576,0.0,5.0,
4650,9.77028751373291,12.296767234802246,0.0333201065659523,0.3350730240345001,0.09289592504501343,0.0,5.0,
4651,5.685061454772949,11.04068374633789,0.11406999826431274,0.08974500745534897,0.10316856950521469,0.0,5.0,
4652,7.144341468811035,11.675505638122559,0.029726943001151085,0.23023970425128937,0.11641823500394821,0.0,5.0,
4653,6.462115287780762,11.667966842651367,0.10688688606023788,0.13043174147605896,0.09318732470273972,0.0,5.0,
4654,4.163084030151367,11.603545188903809,0.041511692106723785,0.10176527500152588,0.09539703279733658,0.0,5.0,
4655,5.336576461791992,11.17869758605957,0.08229432255029678,0.1118062436580658,0.0751492902636528,0.0,5.0,
4656,3.8601455688476562,11.643755912780762,0.05870705842971802,0.0715874582529068,0.10537448525428772,0.0,5.0,
4657,3.029582977294922,12.269757270812988,0.0,0.08686336874961853,0.1579209715127945,0.0,5.0,
4658,1.902597427368164,13.088680267333984,0.0,0.05143465846776962,0.11012152582406998,0.0,5.0,
4659,4.658743858337402,10.707123756408691,0.1070600152015686,0.05740095674991608,0.1022881269454956,0.0,5.0,
4660,1.7744779586791992,11.972932815551758,0.005988597869873047,0.04499020427465439,0.08453809469938278,0.0,5.0,
4661,1.717494010925293,10.944628715515137,0.010229607112705708,0.03651554137468338,0.0951787456870079,0.0,5.0,
4662,5.257685661315918,11.682601928710938,0.018184762448072433,0.17065656185150146,0.0854172334074974,0.0,5.0,
4663,4.884264945983887,11.523290634155273,0.10606120526790619,0.06741637736558914,0.08616077899932861,0.0,5.0,
4664,2.720179557800293,12.012870788574219,0.0,0.08715641498565674,0.09931706637144089,0.0,5.0,
4665,3.479802131652832,10.538451194763184,0.06782837957143784,0.05110719054937363,0.08705922216176987,0.0,5.0,
4666,7.164830207824707,11.562398910522461,0.07285505533218384,0.18997874855995178,0.10587353259325027,0.0,5.0,
4667,3.61240291595459,11.26975154876709,0.031093040481209755,0.0924803763628006,0.08867496252059937,0.0,5.0,
4668,4.706780433654785,12.332874298095703,0.10191494226455688,0.06093388423323631,0.10702740401029587,0.0,5.0,
4669,2.210263252258301,11.114456176757812,0.0,0.06320284307003021,0.1127997413277626,0.0,5.0,
4670,4.227843284606934,11.23083782196045,0.05227784439921379,0.0910002663731575,0.10804340988397598,0.0,5.0,
4671,3.593390464782715,13.577689170837402,0.0,0.11515212059020996,0.12926335632801056,0.0,5.0,
4672,11.661572456359863,11.867425918579102,0.111768938601017,0.33375194668769836,0.09706458449363708,0.0,5.0,
4673,9.127240180969238,12.326395988464355,0.0,0.34507355093955994,0.08722939342260361,0.0,5.0,
4674,3.9408302307128906,11.94753360748291,0.1170223206281662,0.01393775176256895,0.11717764288187027,0.0,5.0,
4675,4.553423881530762,11.284333229064941,0.05319998785853386,0.10695014148950577,0.09573762863874435,0.0,5.0,
4676,4.675942420959473,12.251975059509277,0.08879679441452026,0.08165135979652405,0.06531354784965515,0.0,5.0,
4677,4.71009635925293,10.387588500976562,0.11459924280643463,0.053402092307806015,0.08398453146219254,0.0,5.0,
4678,5.099095344543457,11.931381225585938,0.065168596804142,0.11382558941841125,0.11050676554441452,0.0,5.0,
4679,3.9536123275756836,11.152735710144043,0.04955267906188965,0.08658149093389511,0.09317425638437271,0.0,5.0,
4680,5.595919609069824,11.072534561157227,0.05794366076588631,0.144880011677742,0.0947231650352478,0.0,5.0,
4681,3.337470054626465,11.354897499084473,0.012258549220860004,0.09847275167703629,0.10305577516555786,0.0,5.0,
4682,3.56943416595459,11.756053924560547,0.08126459270715714,0.038934316486120224,0.09037324041128159,0.0,5.0,
4683,3.352841377258301,12.000617980957031,0.0,0.11226855218410492,0.09643247723579407,0.0,5.0,
4684,4.0812883377075195,12.037276268005371,0.010923962108790874,0.1287720948457718,0.10409963876008987,0.0,5.0,
4685,8.860889434814453,11.636438369750977,0.24281199276447296,0.09260132908821106,0.08370327949523926,0.0,5.0,
4686,3.8151798248291016,11.854850769042969,0.04217980429530144,0.08975249528884888,0.09221967309713364,0.0,5.0,
4687,4.276303291320801,11.62444019317627,0.07311119884252548,0.06988807022571564,0.12208989262580872,0.0,5.0,
4688,4.014084815979004,11.584821701049805,0.03820459172129631,0.09705854207277298,0.11144866794347763,0.0,5.0,
4689,3.1048355102539062,9.92116928100586,0.05211065337061882,0.048424482345581055,0.10713041573762894,0.0,5.0,
4690,3.590876579284668,10.7250394821167,0.04647238925099373,0.07504184544086456,0.0958315059542656,0.0,5.0,
4691,8.958359718322754,11.863525390625,0.20561878383159637,0.12841953337192535,0.10514383763074875,0.0,5.0,
4692,4.065759658813477,11.343558311462402,0.08219307661056519,0.054590873420238495,0.10734740644693375,0.0,5.0,
4693,2.407146453857422,11.29297161102295,0.005159576889127493,0.06819591671228409,0.10608652979135513,0.0,5.0,
4694,6.822877883911133,11.352723121643066,0.06172279641032219,0.1856270730495453,0.11146485060453415,0.0,5.0,
4695,3.428248405456543,13.013940811157227,0.0015884637832641602,0.11103986203670502,0.10837940126657486,0.0,5.0,
4696,3.0786561965942383,12.775075912475586,0.008212268352508545,0.08842633664608002,0.11036601662635803,0.0,5.0,
4697,3.042024612426758,11.530050277709961,0.004869520664215088,0.08955549448728561,0.11730465292930603,0.0,5.0,
4698,4.693315505981445,10.877381324768066,0.0,0.1664198338985443,0.08677098900079727,0.0,5.0,
4699,4.740486145019531,12.451316833496094,0.017683127894997597,0.148845836520195,0.1053704023361206,0.0,5.0,
4700,2.2362022399902344,11.22675895690918,0.04609161615371704,0.0248868428170681,0.08304896950721741,0.0,5.0,
4701,5.286318778991699,12.075959205627441,0.032917458564043045,0.15134724974632263,0.1248004212975502,0.0,5.0,
4702,1.8757266998291016,10.531473159790039,0.0,0.046072494238615036,0.13467763364315033,0.0,5.0,
4703,6.870082855224609,10.660314559936523,0.026033619418740273,0.22400449216365814,0.11129996180534363,0.0,5.0,
4704,6.1413469314575195,9.945663452148438,0.07801932096481323,0.1464434266090393,0.09542114287614822,0.0,5.0,
4705,3.0580272674560547,10.678388595581055,0.0852523073554039,0.02078644186258316,0.07121094316244125,0.0,5.0,
4706,3.6048946380615234,11.763116836547852,0.08778563886880875,0.02909436821937561,0.12431593984365463,0.0,5.0,
4707,2.6156435012817383,11.361674308776855,0.013447443954646587,0.07035356760025024,0.09258953481912613,0.0,5.0,
4708,4.016546249389648,10.055678367614746,0.04451211169362068,0.08612319827079773,0.13518713414669037,0.0,5.0,
4709,3.5127477645874023,10.774181365966797,0.0,0.11266915500164032,0.12737657129764557,0.0,5.0,
4710,3.463953971862793,11.18409252166748,0.052042365074157715,0.06668059527873993,0.0837319865822792,0.0,5.0,
4711,6.306881904602051,10.11349105834961,0.09945782274007797,0.12649507820606232,0.11922764778137207,0.0,5.0,
4712,5.079108238220215,11.645743370056152,0.0,0.17411568760871887,0.11522755026817322,0.0,5.0,
4713,5.539053916931152,11.093735694885254,0.061872441321611404,0.13736657798290253,0.10194528102874756,0.0,5.0,
4714,3.534966468811035,9.885190963745117,0.07158154249191284,0.04460865631699562,0.10200953483581543,0.0,5.0,
4715,3.611861228942871,11.21069622039795,0.0,0.11508554965257645,0.12724383175373077,0.0,5.0,
4716,5.116365432739258,10.705036163330078,0.02723153494298458,0.14386744797229767,0.15658177435398102,0.0,5.0,
4717,3.301741600036621,11.50439167022705,0.01274601649492979,0.09224461019039154,0.11965340375900269,0.0,5.0,
4718,9.37861442565918,9.651033401489258,0.10091730207204819,0.2541136145591736,0.08415544778108597,0.0,5.0,
4719,2.250370979309082,10.691817283630371,0.012873669154942036,0.05311744660139084,0.10038474947214127,0.0,5.0,
4720,8.681466102600098,12.294870376586914,0.0,0.3287307322025299,0.0858200266957283,0.0,5.0,
4721,5.81602668762207,11.290628433227539,0.003636519191786647,0.20823198556900024,0.09184911847114563,0.0,5.0,
4722,3.0683107376098633,11.011661529541016,0.048279982060194016,0.05138889327645302,0.1036471351981163,0.0,5.0,
4723,2.783374786376953,10.751128196716309,0.021694540977478027,0.06838472187519073,0.09492247551679611,0.0,5.0,
4724,2.37457275390625,11.218360900878906,0.038434308022260666,0.03142719715833664,0.10089254379272461,0.0,5.0,
4725,2.182845115661621,10.913392066955566,0.033008694648742676,0.03471623361110687,0.08546764403581619,0.0,5.0,
4726,1.5529747009277344,11.099921226501465,0.0,0.036104485392570496,0.12052742391824722,0.0,5.0,
4727,5.230024337768555,9.766037940979004,0.06970356404781342,0.11552655696868896,0.10649587959051132,0.0,5.0,
4728,5.082516670227051,9.63106918334961,0.059563495218753815,0.11937431246042252,0.09646501392126083,0.0,5.0,
4729,6.56585693359375,9.994392395019531,0.13665997982025146,0.09993807971477509,0.11214839667081833,0.0,5.0,
4730,6.643630027770996,10.543298721313477,0.04961216449737549,0.195490762591362,0.08737411350011826,0.0,5.0,
4731,4.028102874755859,11.293219566345215,0.013752778060734272,0.12185458838939667,0.10674124956130981,0.0,5.0,
4732,7.854160308837891,12.369781494140625,0.0,0.2894957959651947,0.10100331157445908,0.0,5.0,
4733,7.733710289001465,12.571237564086914,0.06845349073410034,0.21024495363235474,0.13160869479179382,0.0,5.0,
4734,3.9412288665771484,11.568591117858887,0.0013353427639231086,0.12915562093257904,0.10266226530075073,0.0,5.0,
4735,2.0407705307006836,10.715384483337402,0.0,0.05906287208199501,0.09898636490106583,0.0,5.0,
4736,3.568942070007324,11.668123245239258,0.02608700655400753,0.09477700293064117,0.08890583366155624,0.0,5.0,
4737,3.129922866821289,10.861339569091797,0.02454111911356449,0.07450875639915466,0.11211930960416794,0.0,5.0,
4738,3.632990837097168,10.580350875854492,0.040970027446746826,0.07764209806919098,0.11637401580810547,0.0,5.0,
4739,5.354491233825684,11.065789222717285,9.671846783021465e-05,0.1870402991771698,0.12256348133087158,0.0,5.0,
4740,4.431962966918945,10.827275276184082,0.11528670787811279,0.03913845121860504,0.10046594589948654,0.0,5.0,
4741,3.882486343383789,11.062036514282227,0.0385664701461792,0.09255795180797577,0.10473930835723877,0.0,5.0,
4742,3.750988006591797,10.951034545898438,0.06959625333547592,0.05498552322387695,0.108399897813797,0.0,5.0,
4743,7.214818000793457,9.748747825622559,0.10236667096614838,0.15916220843791962,0.11725101619958878,0.0,5.0,
4744,3.631514549255371,10.203062057495117,0.07710208743810654,0.03979172185063362,0.1179642304778099,0.0,5.0,
4745,3.2686262130737305,10.956934928894043,0.04810662940144539,0.06161103770136833,0.0830669179558754,0.0,5.0,
4746,7.612093925476074,10.30211353302002,0.09548995643854141,0.18228879570960999,0.11481064558029175,0.0,5.0,
4747,2.0823545455932617,9.738341331481934,0.0,0.053718097507953644,0.13082270324230194,0.0,5.0,
4748,5.039379119873047,11.129948616027832,0.03560350462794304,0.14046426117420197,0.10137038677930832,0.0,5.0,
4749,9.820586204528809,11.646892547607422,0.0,0.3653840720653534,0.12093182653188705,0.0,5.0,
4750,5.443591117858887,11.015498161315918,0.011253138072788715,0.18392536044120789,0.10052290558815002,0.0,5.0,
4751,3.756010055541992,12.083227157592773,0.0,0.12556153535842896,0.1005864068865776,0.0,5.0,
4752,3.510441780090332,11.081825256347656,0.0,0.1181405708193779,0.0929122045636177,0.0,5.0,
4753,6.453166961669922,10.745159149169922,0.023171881213784218,0.2109500765800476,0.10891469568014145,0.0,5.0,
4754,4.233969688415527,10.617419242858887,0.03353182598948479,0.10865160822868347,0.12314655631780624,0.0,5.0,
4755,4.141667366027832,10.98844051361084,0.10906189680099487,0.034048840403556824,0.09915217012166977,0.0,5.0,
4756,5.051840782165527,11.930351257324219,0.03517158702015877,0.14499378204345703,0.09083814173936844,0.0,5.0,
4757,4.756817817687988,10.627289772033691,0.0,0.16334015130996704,0.11058291047811508,0.0,5.0,
4758,3.3213415145874023,10.321697235107422,0.05100260302424431,0.06285100430250168,0.08236292749643326,0.0,5.0,
4759,5.367847442626953,10.130803108215332,0.056111596524715424,0.1356246918439865,0.09711405634880066,0.0,5.0,
4760,3.6520566940307617,11.757573127746582,0.025656839832663536,0.09271407127380371,0.11404013633728027,0.0,5.0,
4761,4.003302574157715,10.200342178344727,0.04062388464808464,0.09821848571300507,0.09218025952577591,0.0,5.0,
4762,4.2457733154296875,10.792756080627441,0.0885169506072998,0.05312391370534897,0.12124497443437576,0.0,5.0,
4763,1.3923473358154297,10.828873634338379,0.01047919224947691,0.0264839269220829,0.07739036530256271,0.0,5.0,
4764,5.175539016723633,8.708769798278809,0.06336575746536255,0.11751121282577515,0.10673768073320389,0.0,5.0,
4765,1.6054229736328125,10.337899208068848,0.0,0.042906373739242554,0.0910303071141243,0.0,5.0,
4766,4.984800338745117,10.118857383728027,0.14795036613941193,0.03140677139163017,0.09290578216314316,0.0,5.0,
4767,8.044412612915039,11.290726661682129,0.0,0.2937491238117218,0.11346980184316635,0.0,5.0,
4768,2.600008010864258,10.435559272766113,0.06723994016647339,0.01667768321931362,0.06933358311653137,0.0,5.0,
4769,4.542814254760742,10.6527099609375,0.07588740438222885,0.08329685777425766,0.09901251643896103,0.0,5.0,
4770,3.4955434799194336,10.00291919708252,0.0,0.11535285413265228,0.10108789056539536,0.0,5.0,
4771,5.380448341369629,11.701826095581055,0.03617451712489128,0.15051603317260742,0.10908015817403793,0.0,5.0,
4772,3.2480545043945312,11.055590629577637,0.04842696711421013,0.06195332482457161,0.06788715720176697,0.0,5.0,
4773,2.8273239135742188,11.369704246520996,0.016894500702619553,0.07313942909240723,0.09574589878320694,0.0,5.0,
4774,6.631855010986328,12.094040870666504,0.059881627559661865,0.18128222227096558,0.09074600785970688,0.0,5.0,
4775,4.220233917236328,10.666001319885254,0.0,0.14012561738491058,0.1066577136516571,0.0,5.0,
4776,4.6333417892456055,11.258578300476074,0.07428447157144547,0.088603675365448,0.08532951027154922,0.0,5.0,
4777,5.412919044494629,9.62328052520752,0.06627032905817032,0.1280698925256729,0.09302530437707901,0.0,5.0,
4778,4.146501541137695,11.447797775268555,0.039598263800144196,0.10383835434913635,0.08721280843019485,0.0,5.0,
4779,4.8793439865112305,11.3482027053833,0.10364554077386856,0.06947756558656693,0.0783146545290947,0.0,5.0,
4780,2.4548826217651367,11.100286483764648,0.04206778481602669,0.037365857511758804,0.07957930862903595,0.0,5.0,
4781,3.400300979614258,10.404021263122559,0.04344344139099121,0.06655444949865341,0.10010089725255966,0.0,5.0,
4782,2.666049003601074,11.011674880981445,0.059024471789598465,0.018780013546347618,0.11612915992736816,0.0,5.0,
4783,2.9109716415405273,10.359169006347656,0.08345957100391388,0.009418288245797157,0.10139932483434677,0.0,5.0,
4784,3.292848587036133,10.758605003356934,0.00494837760925293,0.1038956344127655,0.09571080654859543,0.0,5.0,
4785,5.648695945739746,9.798334121704102,0.052672822028398514,0.14672091603279114,0.11349448561668396,0.0,5.0,
4786,3.2787017822265625,12.592035293579102,0.014214237220585346,0.0867791622877121,0.11261437088251114,0.0,5.0,
4787,3.823103904724121,11.537341117858887,0.0467817559838295,0.07563211768865585,0.11305364966392517,0.0,5.0,
4788,1.50677490234375,11.798088073730469,0.034112293273210526,0.0033890726044774055,0.08990320563316345,0.0,5.0,
4789,3.116133689880371,12.10572338104248,0.0696161761879921,0.029645489528775215,0.11371546238660812,0.0,5.0,
4790,3.376063346862793,14.540141105651855,0.0,0.1119069904088974,0.09527081251144409,0.0,5.0,
4791,5.128139495849609,11.289051055908203,0.11179419606924057,0.06653814762830734,0.11178827285766602,0.0,5.0,
4792,3.811473846435547,12.986676216125488,0.02356884814798832,0.09986951947212219,0.1167101189494133,0.0,5.0,
4793,5.071524620056152,12.195992469787598,0.0,0.1664329618215561,0.15352901816368103,0.0,5.0,
4794,1.598464012145996,12.633097648620605,0.0,0.041715942323207855,0.08863326162099838,0.0,5.0,
4795,2.387542724609375,13.293658256530762,0.0,0.06490959227085114,0.13186635076999664,0.0,5.0,
4796,2.954258918762207,12.572199821472168,0.0,0.09159376472234726,0.11961890012025833,0.0,5.0,
4797,4.373412132263184,11.54670238494873,0.03927387669682503,0.10341481864452362,0.13692606985569,0.0,5.0,
4798,2.5271520614624023,13.999869346618652,0.0,0.07480622828006744,0.1215548887848854,0.0,5.0,
4799,2.47788143157959,13.023030281066895,0.015461842529475689,0.051315661519765854,0.14522570371627808,0.0,5.0,
4800,3.3898868560791016,12.143614768981934,0.007796803954988718,0.09912260621786118,0.10855063796043396,0.0,5.0,
4801,3.262847900390625,12.45097541809082,0.06392177194356918,0.039823681116104126,0.11677437275648117,0.0,5.0,
4802,4.348618507385254,13.1768159866333,0.0,0.14755484461784363,0.11238973587751389,0.0,5.0,
4803,9.09394359588623,14.073771476745605,0.0006935994024388492,0.3349015712738037,0.11446776241064072,0.0,5.0,
4804,4.095806121826172,12.946284294128418,0.0,0.133266881108284,0.11507672816514969,0.0,5.0,
4805,4.055933952331543,14.930968284606934,0.04173080250620842,0.09193357080221176,0.11632349342107773,0.0,5.0,
4806,8.173294067382812,12.072998046875,0.0430329255759716,0.25705137848854065,0.1191355288028717,0.0,5.0,
4807,2.717252731323242,11.153651237487793,0.010251998901367188,0.07162372022867203,0.11247637122869492,0.0,5.0,
4808,3.3342533111572266,13.035819053649902,0.0,0.10147920250892639,0.14058057963848114,0.0,5.0,
4809,10.788520812988281,11.75426197052002,0.0922059416770935,0.30333980917930603,0.16245044767856598,0.0,5.0,
4810,5.073814392089844,11.843483924865723,0.0919172540307045,0.08808918297290802,0.09968358278274536,0.0,5.0,
4811,4.4871625900268555,12.234228134155273,0.01761806011199951,0.13712430000305176,0.10529667139053345,0.0,5.0,
4812,2.2114782333374023,12.11728572845459,0.011762361042201519,0.047153327614068985,0.1234932467341423,0.0,5.0,
4813,2.6086387634277344,12.398155212402344,0.012974143028259277,0.06593909859657288,0.10926742106676102,0.0,5.0,
4814,5.6321306228637695,11.85007381439209,0.11766652017831802,0.0794542208313942,0.1265934258699417,0.0,5.0,
4815,3.8886938095092773,12.376015663146973,0.08220615237951279,0.047703515738248825,0.10849428921937943,0.0,5.0,
4816,4.872560501098633,11.112586975097656,0.009910821914672852,0.1543726623058319,0.13173066079616547,0.0,5.0,
4817,5.605888366699219,11.574135780334473,0.006541013717651367,0.1957351267337799,0.1007484421133995,0.0,5.0,
4818,2.8813419342041016,10.47130298614502,0.025147834792733192,0.07088632881641388,0.07507935911417007,0.0,5.0,
4819,3.494479179382324,11.385902404785156,0.06756234169006348,0.049817755818367004,0.10517365485429764,0.0,5.0,
4820,1.8219318389892578,10.209190368652344,0.023874500766396523,0.02348346635699272,0.0948113426566124,0.0,5.0,
4821,7.248552322387695,10.947443962097168,0.17954039573669434,0.09273381531238556,0.07429151237010956,0.0,5.0,
4822,4.633106231689453,10.114425659179688,0.09886406362056732,0.057227637618780136,0.12516994774341583,0.0,5.0,
4823,4.629032135009766,12.661870956420898,0.0,0.16101495921611786,0.10127416998147964,0.0,5.0,
4824,6.793365478515625,12.340003967285156,0.010602493770420551,0.23425883054733276,0.10817570239305496,0.0,5.0,
4825,6.339016914367676,12.234491348266602,0.0,0.2241877019405365,0.12340062856674194,0.0,5.0,
4826,3.5770034790039062,12.29824447631836,0.04034725949168205,0.07570891082286835,0.11199576407670975,0.0,5.0,
4827,3.101228713989258,11.093753814697266,0.02761717699468136,0.07244882732629776,0.10585081577301025,0.0,5.0,
4828,3.1528024673461914,12.174924850463867,0.0,0.10092885792255402,0.11101879924535751,0.0,5.0,
4829,3.8314313888549805,10.146344184875488,0.056522153317928314,0.0751395970582962,0.08707674592733383,0.0,5.0,
4830,5.165705680847168,11.353611946105957,0.07160297781229019,0.10849814862012863,0.11475133895874023,0.0,5.0,
4831,5.971189498901367,11.464248657226562,0.059480465948581696,0.15195199847221375,0.10875305533409119,0.0,5.0,
4832,2.6557483673095703,10.783757209777832,0.03714899346232414,0.03994002565741539,0.1241561695933342,0.0,5.0,
4833,1.628631591796875,11.477402687072754,0.0,0.035356976091861725,0.13128048181533813,0.0,5.0,
4834,7.865686416625977,10.814682006835938,0.16993749141693115,0.11863292008638382,0.11299780756235123,0.0,5.0,
4835,4.164884567260742,11.037616729736328,0.09948182106018066,0.046446293592453,0.08118311315774918,0.0,5.0,
4836,2.9713916778564453,12.365255355834961,0.035519182682037354,0.05412672460079193,0.11748266965150833,0.0,5.0,
4837,6.473031044006348,10.414236068725586,0.06065835803747177,0.17361773550510406,0.10466564446687698,0.0,5.0,
4838,6.205448150634766,11.262255668640137,0.002444366691634059,0.22089393436908722,0.0858723595738411,0.0,5.0,
4839,4.080840110778809,10.74921989440918,0.011199732311069965,0.12397948652505875,0.129294291138649,0.0,5.0,
4840,1.4440078735351562,11.322354316711426,0.0,0.03171577304601669,0.11712414026260376,0.0,5.0,
4841,4.297205924987793,11.419318199157715,0.06990063190460205,0.07644982635974884,0.10786622762680054,0.0,5.0,
4842,4.713312149047852,10.343303680419922,0.015772858634591103,0.15652799606323242,0.06774366647005081,0.0,5.0,
4843,3.8694067001342773,12.323002815246582,0.0,0.12701193988323212,0.12437089532613754,0.0,5.0,
4844,1.858011245727539,11.323190689086914,0.005124509334564209,0.043653689324855804,0.11031223088502884,0.0,5.0,
4845,2.7256689071655273,12.442270278930664,0.02211950160562992,0.057691026479005814,0.12573225796222687,0.0,5.0,
4846,11.134425163269043,9.821526527404785,0.04947848990559578,0.3689066171646118,0.1215544268488884,0.0,5.0,
4847,2.4790096282958984,10.857085227966309,0.012386421672999859,0.0611940398812294,0.11769314855337143,0.0,5.0,
4848,6.575728416442871,11.216348648071289,0.008947690017521381,0.23242977261543274,0.09341830015182495,0.0,5.0,
4849,6.371603965759277,9.818726539611816,0.05287543684244156,0.176015704870224,0.10617689043283463,0.0,5.0,
4850,4.656603813171387,12.003154754638672,0.061386704444885254,0.09250247478485107,0.12583748996257782,0.0,5.0,
4851,3.966029167175293,9.688390731811523,0.084150530397892,0.048801325261592865,0.11654219031333923,0.0,5.0,
4852,3.685235023498535,10.605306625366211,0.07293133437633514,0.046648576855659485,0.13207285106182098,0.0,5.0,
4853,4.678476333618164,11.08205509185791,0.045825399458408356,0.11677243560552597,0.10537562519311905,0.0,5.0,
4854,4.512075424194336,11.02746295928955,0.037461936473846436,0.1190437451004982,0.10491915792226791,0.0,5.0,
4855,5.272975921630859,10.677237510681152,0.0,0.18897627294063568,0.09218757599592209,0.0,5.0,
4856,4.289511680603027,11.09043025970459,0.03492869809269905,0.11028530448675156,0.12201579660177231,0.0,5.0,
4857,3.307429313659668,11.402410507202148,0.025210300460457802,0.08757735788822174,0.08321558684110641,0.0,5.0,
4858,6.646812438964844,10.039629936218262,0.00010061264038085938,0.23883578181266785,0.12451069802045822,0.0,5.0,
4859,2.35336971282959,9.29429817199707,0.05877870321273804,0.015633990988135338,0.09030243009328842,0.0,5.0,
4860,9.11738109588623,10.072009086608887,0.0,0.33829134702682495,0.1039632260799408,0.0,5.0,
4861,6.229954719543457,11.703588485717773,0.060907185077667236,0.16225986182689667,0.10387464612722397,0.0,5.0,
4862,7.901127815246582,11.176775932312012,0.0853128656744957,0.20301106572151184,0.12886212766170502,0.0,5.0,
4863,8.557958602905273,10.49199104309082,0.0,0.3180152177810669,0.10774717479944229,0.0,5.0,
4864,5.182575225830078,8.910037994384766,0.04069290682673454,0.14597821235656738,0.0879984125494957,0.0,5.0,
4865,5.618408203125,9.660945892333984,0.1166258454322815,0.08942292630672455,0.08385827392339706,0.0,5.0,
4866,5.558241844177246,8.506693840026855,0.12740440666675568,0.07148899883031845,0.10719621181488037,0.0,5.0,
4867,5.218118667602539,9.939826965332031,0.1007763147354126,0.08139193803071976,0.11719649285078049,0.0,5.0,
4868,7.7854509353637695,9.951786041259766,0.19832679629325867,0.09023363888263702,0.09392768889665604,0.0,5.0,
4869,1.2465782165527344,9.783906936645508,0.007257362361997366,0.02179715968668461,0.08153387159109116,0.0,5.0,
4870,3.588017463684082,10.378076553344727,0.04829845950007439,0.06680361926555634,0.12122277170419693,0.0,5.0,
4871,4.931243896484375,9.006088256835938,0.032097578048706055,0.14797121286392212,0.07544315606355667,0.0,5.0,
4872,2.406831741333008,10.171330451965332,0.012033781036734581,0.06192227452993393,0.0956939160823822,0.0,5.0,
4873,2.694575309753418,9.808306694030762,0.032135408371686935,0.05434040725231171,0.08530578017234802,0.0,5.0,
4874,3.915567398071289,10.178996086120605,0.04976499080657959,0.08464476466178894,0.09046988934278488,0.0,5.0,
4875,3.327341079711914,9.566728591918945,0.04297274351119995,0.06541868299245834,0.10834958404302597,0.0,5.0,
4876,4.304320335388184,9.92269515991211,0.11069542169570923,0.03541399538516998,0.11902052164077759,0.0,5.0,
4877,5.348431587219238,10.633872985839844,0.1045425683259964,0.08651391416788101,0.09618031978607178,0.0,5.0,
4878,3.828719139099121,11.476947784423828,0.0,0.13355615735054016,0.07376335561275482,0.0,5.0,
4879,5.903367042541504,10.60990047454834,0.05842258781194687,0.1484682857990265,0.1234966441988945,0.0,5.0,
4880,4.264895439147949,12.776619911193848,0.045887429267168045,0.09931915998458862,0.1106804683804512,0.0,5.0,
4881,4.314304351806641,10.589811325073242,0.02425352670252323,0.12215834856033325,0.11474574357271194,0.0,5.0,
4882,8.97147274017334,11.757472038269043,0.05655881017446518,0.27490487694740295,0.1211395189166069,0.0,5.0,
4883,6.733189582824707,11.54979133605957,0.13262301683425903,0.10805894434452057,0.12227613478899002,0.0,5.0,
4884,7.60115909576416,11.296247482299805,0.11399777978658676,0.16405141353607178,0.11152570694684982,0.0,5.0,
4885,3.5120620727539062,10.745935440063477,0.029760261997580528,0.08245167881250381,0.11899187415838242,0.0,5.0,
4886,3.2712860107421875,11.86528491973877,0.0,0.10339116305112839,0.12321177124977112,0.0,5.0,
4887,1.9102582931518555,12.322510719299316,0.0,0.05451280623674393,0.0935421958565712,0.0,5.0,
4888,2.7781667709350586,10.622530937194824,0.029933730140328407,0.05635460466146469,0.11276958137750626,0.0,5.0,
4889,3.946141242980957,11.041437149047852,0.07032521814107895,0.06221941113471985,0.11678358912467957,0.0,5.0,
4890,3.9262542724609375,10.934024810791016,0.04236672446131706,0.09268892556428909,0.091972716152668,0.0,5.0,
4891,4.218768119812012,11.418402671813965,0.04032446816563606,0.09656663984060287,0.1441667526960373,0.0,5.0,
4892,4.766626358032227,10.170177459716797,0.07797737419605255,0.08723252266645432,0.11774817109107971,0.0,5.0,
4893,7.3022918701171875,11.431233406066895,0.0033091306686401367,0.26194632053375244,0.1208210363984108,0.0,5.0,
4894,4.597109794616699,10.233311653137207,0.0,0.15653936564922333,0.12251996994018555,0.0,5.0,
4895,5.369436264038086,10.49414348602295,0.030223149806261063,0.15647178888320923,0.130564346909523,0.0,5.0,
4896,11.33046817779541,9.288469314575195,0.06117202714085579,0.3675647974014282,0.11418116092681885,0.0,5.0,
4897,4.941673278808594,9.859649658203125,0.08501054346561432,0.08360078930854797,0.13627195358276367,0.0,5.0,
4898,5.732122421264648,9.232355117797852,0.043854039162397385,0.16598856449127197,0.08362161368131638,0.0,5.0,
4899,4.462194442749023,9.892285346984863,0.04029613733291626,0.1113184243440628,0.12302306294441223,0.0,5.0,
4900,2.5403270721435547,10.4661226272583,0.0296455230563879,0.05085371062159538,0.09635037928819656,0.0,5.0,
4901,7.022597312927246,9.892874717712402,0.01363859511911869,0.24302104115486145,0.10962364077568054,0.0,5.0,
4902,1.8570547103881836,9.978778839111328,0.002695322036743164,0.044437702745199203,0.12313655763864517,0.0,5.0,
4903,7.562920570373535,8.77293872833252,0.026371579617261887,0.25478866696357727,0.10291682928800583,0.0,5.0,
4904,4.806859016418457,10.269224166870117,0.06040723994374275,0.10967853665351868,0.10082457214593887,0.0,5.0,
4905,6.180784225463867,8.664830207824707,0.08696985244750977,0.13231821358203888,0.12512598931789398,0.0,5.0,
4906,3.6700096130371094,11.005996704101562,0.022965868934988976,0.0987163856625557,0.09717438369989395,0.0,5.0,
4907,2.6126508712768555,10.798460006713867,0.02148059941828251,0.059771958738565445,0.10513702780008316,0.0,5.0,
4908,3.3550281524658203,11.436272621154785,0.01952958106994629,0.0942016988992691,0.0776054859161377,0.0,5.0,
4909,6.919634819030762,10.008380889892578,0.0662773996591568,0.18469583988189697,0.11253118515014648,0.0,5.0,
4910,3.3400707244873047,9.90611457824707,0.011668503284454346,0.09668590128421783,0.10499748587608337,0.0,5.0,
4911,4.767851829528809,10.950998306274414,0.0,0.1633768528699875,0.12511247396469116,0.0,5.0,
4912,11.81899642944336,10.621088981628418,0.009038448333740234,0.44297510385513306,0.08294977992773056,0.0,5.0,
4913,4.440242767333984,11.256991386413574,0.008531053550541401,0.1458171308040619,0.09807752817869186,0.0,5.0,
4914,4.524049758911133,8.966748237609863,0.025829970836639404,0.12813547253608704,0.127723827958107,0.0,5.0,
4915,5.557482719421387,10.047831535339355,0.0,0.20066653192043304,0.08466223627328873,0.0,5.0,
4916,3.5735387802124023,9.126599311828613,0.04538969323039055,0.07421611249446869,0.1029326394200325,0.0,5.0,
4917,5.924656867980957,9.584025382995605,0.0,0.2080744057893753,0.131442129611969,0.0,5.0,
4918,6.896658897399902,10.91163158416748,0.09777871519327164,0.1568242609500885,0.08055421710014343,0.0,5.0,
4919,8.166016578674316,9.779549598693848,0.0731038823723793,0.2300219088792801,0.09988916665315628,0.0,5.0,
4920,4.418357849121094,10.534896850585938,0.06767836958169937,0.0830015316605568,0.118745356798172,0.0,5.0,
4921,5.562861442565918,8.120556831359863,0.0,0.2022342085838318,0.08920522779226303,0.0,5.0,
4922,2.4385900497436523,8.89744758605957,0.0528792142868042,0.01695425808429718,0.1271696388721466,0.0,5.0,
4923,4.833232879638672,7.974914073944092,0.058198075741529465,0.11534664779901505,0.09170910716056824,0.0,5.0,
4924,6.670448303222656,8.005964279174805,0.18217679858207703,0.05948294326663017,0.11411768198013306,0.0,5.0,
4925,6.83204984664917,7.075484275817871,0.1761586219072342,0.07369163632392883,0.10981862992048264,0.0,5.0,
4926,3.5472230911254883,9.569046974182129,0.0878748670220375,0.037199653685092926,0.07112710922956467,0.0,5.0,
4927,3.1751480102539062,8.846060752868652,0.06075539067387581,0.04631124064326286,0.08897293359041214,0.0,5.0,
4928,3.767521858215332,9.237236022949219,0.0,0.12757880985736847,0.10108437389135361,0.0,5.0,
4929,5.651895999908447,7.967785358428955,0.10262572765350342,0.10258082300424576,0.08987971395254135,0.0,5.0,
4930,3.375494956970215,9.831466674804688,0.016776761040091515,0.09957899898290634,0.07972684502601624,0.0,5.0,
4931,5.653185844421387,9.676793098449707,0.03238336369395256,0.1678100824356079,0.11896029859781265,0.0,5.0,
4932,4.756475448608398,8.934041976928711,0.08177632093429565,0.08833721280097961,0.0914427861571312,0.0,5.0,
4933,6.725022315979004,8.279428482055664,0.04567156359553337,0.20486976206302643,0.07231009751558304,0.0,5.0,
4934,2.4613771438598633,10.404709815979004,0.06870200484991074,0.01003971416503191,0.07821223884820938,0.0,5.0,
4935,3.862229347229004,9.613131523132324,0.06066127493977547,0.06883314251899719,0.09178867191076279,0.0,5.0,
4936,6.338408470153809,8.995560646057129,0.05954408645629883,0.17572098970413208,0.08376973122358322,0.0,5.0,
4937,3.674750328063965,10.29962158203125,0.022536417469382286,0.10404300689697266,0.09370201826095581,0.0,5.0,
4938,5.6751861572265625,8.958528518676758,0.008479495532810688,0.20063677430152893,0.07433456927537918,0.0,5.0,
4939,5.490374565124512,10.207966804504395,0.07766681909561157,0.11844484508037567,0.09832519292831421,0.0,5.0,
4940,9.354456901550293,9.176370620727539,0.26511695981025696,0.08743952214717865,0.09949254989624023,0.0,5.0,
4941,5.629033088684082,9.514723777770996,0.028725843876600266,0.17127861082553864,0.10699152201414108,0.0,5.0,
4942,2.2512407302856445,9.587258338928223,0.025507748126983643,0.04387465491890907,0.08971068263053894,0.0,5.0,
4943,3.225104331970215,9.314804077148438,0.0,0.10508225858211517,0.10722246766090393,0.0,5.0,
4944,5.261992454528809,9.469525337219238,0.05868816375732422,0.13250216841697693,0.07684775441884995,0.0,5.0,
4945,1.0332765579223633,9.75974178314209,0.0,0.01418906170874834,0.124300517141819,0.0,5.0,
4946,3.8274593353271484,9.202770233154297,0.07998120784759521,0.04733361676335335,0.12196808308362961,0.0,5.0,
4947,4.145358085632324,9.08237075805664,0.038719672709703445,0.1018647700548172,0.11867133527994156,0.0,5.0,
4948,7.984556198120117,9.193450927734375,0.1495388299226761,0.1491185575723648,0.08899807184934616,0.0,5.0,
4949,1.8354406356811523,10.47520923614502,0.0029487807769328356,0.0472649484872818,0.0892646312713623,0.0,5.0,
4950,3.6735591888427734,10.373676300048828,0.056996505707502365,0.0650675892829895,0.11103472858667374,0.0,5.0,
4951,4.106856346130371,9.338427543640137,0.007066508289426565,0.1359315663576126,0.09327712655067444,0.0,5.0,
4952,3.5132627487182617,10.21426010131836,0.015387316234409809,0.09862679243087769,0.11269986629486084,0.0,5.0,
4953,4.3106231689453125,8.747687339782715,0.0,0.15044857561588287,0.09253960102796555,0.0,5.0,
4954,1.7761077880859375,10.385903358459473,0.008689045906066895,0.039204999804496765,0.09876212477684021,0.0,5.0,
4955,3.62298583984375,9.019427299499512,0.0028808515053242445,0.11985869705677032,0.08079315721988678,0.0,5.0,
4956,2.6530513763427734,9.74069595336914,0.0030732552986592054,0.08042816072702408,0.0858137384057045,0.0,5.0,
4957,1.5501041412353516,9.66408920288086,0.021197399124503136,0.01588357612490654,0.11101660132408142,0.0,5.0,
4958,3.5971336364746094,10.695035934448242,0.0,0.11586198210716248,0.11988464742898941,0.0,5.0,
4959,3.5602188110351562,9.575526237487793,0.016803205013275146,0.10159188508987427,0.09925340861082077,0.0,5.0,
4960,3.240555763244629,10.05099105834961,0.046718694269657135,0.05956312641501427,0.0986315906047821,0.0,5.0,
4961,4.338654518127441,9.916642189025879,0.0,0.15273109078407288,0.09197818487882614,0.0,5.0,
4962,3.161532402038574,9.106091499328613,0.04050159454345703,0.06194532662630081,0.10753897577524185,0.0,5.0,
4963,2.805082321166992,9.696910858154297,0.0,0.0913134217262268,0.08556713908910751,0.0,5.0,
4964,4.864875793457031,8.941258430480957,0.022594669833779335,0.14870460331439972,0.10770808905363083,0.0,5.0,
4965,3.2077455520629883,9.517472267150879,0.009846508502960205,0.08546258509159088,0.14899958670139313,0.0,5.0,
4966,4.6468305587768555,8.823615074157715,0.004839042667299509,0.16144731640815735,0.0867319330573082,0.0,5.0,
4967,1.6784791946411133,9.87003231048584,0.0,0.04316765442490578,0.10753976553678513,0.0,5.0,
4968,3.875788688659668,9.14923095703125,0.04271308705210686,0.09115272760391235,0.09455481171607971,0.0,5.0,
4969,6.569281578063965,8.84908390045166,0.1424199491739273,0.09736113250255585,0.09574511647224426,0.0,5.0,
4970,2.6609573364257812,8.65110969543457,0.016096293926239014,0.06956151127815247,0.08973845094442368,0.0,5.0,
4971,3.685800552368164,10.016918182373047,0.0,0.11917824298143387,0.1257459670305252,0.0,5.0,
4972,2.9269723892211914,9.41575813293457,0.0765388235449791,0.018056370317935944,0.08988592028617859,0.0,5.0,
4973,3.751750946044922,9.38830280303955,0.04514425992965698,0.08125704526901245,0.10367872565984726,0.0,5.0,
4974,3.3513078689575195,9.13379192352295,0.009941359050571918,0.10293520241975784,0.095816470682621,0.0,5.0,
4975,2.4820594787597656,9.942774772644043,0.021103104576468468,0.05472966656088829,0.09876351803541183,0.0,5.0,
4976,5.811372756958008,8.952120780944824,0.10019534826278687,0.1081148236989975,0.11147990077733994,0.0,5.0,
4977,5.201996803283691,8.822202682495117,0.052986323833465576,0.13369785249233246,0.09332483261823654,0.0,5.0,
4978,4.228894233703613,8.312614440917969,0.04402746632695198,0.09742270410060883,0.11417945474386215,0.0,5.0,
4979,4.181964874267578,10.046242713928223,0.08281181007623672,0.058975741267204285,0.11066677421331406,0.0,5.0,
4980,1.0519418716430664,10.01063060760498,0.008199174888432026,0.01376837957650423,0.07597824186086655,0.0,5.0,
4981,3.3828001022338867,9.318751335144043,0.0,0.11526483297348022,0.07747962325811386,0.0,5.0,
4982,1.2574796676635742,10.43781566619873,0.006316205020993948,0.022302377969026566,0.09074892848730087,0.0,5.0,
4983,6.374541282653809,8.774764060974121,0.0,0.22807547450065613,0.12649321556091309,0.0,5.0,
4984,1.1287593841552734,9.430656433105469,0.0,0.02981569804251194,0.06327653676271439,0.0,5.0,
4985,2.9122867584228516,10.325355529785156,0.04065926745533943,0.05635462701320648,0.08229683339595795,0.0,5.0,
4986,5.007661819458008,8.635579109191895,0.00285947322845459,0.17406541109085083,0.10303647071123123,0.0,5.0,
4987,3.2177696228027344,11.312548637390137,0.06144704297184944,0.04124680161476135,0.11443006992340088,0.0,5.0,
4988,5.377834320068359,10.218429565429688,0.059236567467451096,0.13191194832324982,0.10302122682332993,0.0,5.0,
4989,4.054238319396973,9.957551002502441,0.008773366920650005,0.13403195142745972,0.08049044758081436,0.0,5.0,
4990,3.17392635345459,9.415367126464844,0.017780503258109093,0.08789365738630295,0.09472905844449997,0.0,5.0,
4991,3.336358070373535,9.517507553100586,0.06103644520044327,0.04887248948216438,0.09845807403326035,0.0,5.0,
4992,1.9049501419067383,8.32762336730957,0.006417572498321533,0.04985705390572548,0.08657840639352798,0.0,5.0,
4993,3.41170597076416,9.77530288696289,0.016071200370788574,0.09716042876243591,0.09768927842378616,0.0,5.0,
4994,3.1161365509033203,9.918883323669434,0.023005306720733643,0.08310747891664505,0.06826281547546387,0.0,5.0,
4995,3.5344839096069336,9.164061546325684,0.015303274616599083,0.09990866482257843,0.10616707056760788,0.0,5.0,
4996,1.3372087478637695,9.759488105773926,0.0,0.031195200979709625,0.09367766976356506,0.0,5.0,
4997,8.35401439666748,8.231697082519531,0.20672926306724548,0.10295401513576508,0.11511193960905075,0.0,5.0,
4998,2.0352554321289062,8.888776779174805,0.009289463050663471,0.051358163356781006,0.09241298586130142,0.0,5.0,
4999,4.278797149658203,10.215421676635742,0.03294960781931877,0.11038010567426682,0.12525610625743866,0.0,5.0,
5000,7.7100629806518555,9.296979904174805,0.2306903749704361,0.05714140459895134,0.09402256458997726,0.0,5.0,"[1.103928565979004, 1.1589372158050537, 1.1273212432861328]"
5001,2.7455434799194336,8.983684539794922,0.014197091571986675,0.07668504863977432,0.08757627755403519,0.0,5.0,
5002,2.46181583404541,10.996918678283691,0.0,0.07966380566358566,0.07391248643398285,0.0,5.0,
5003,8.30567455291748,9.276022911071777,0.1853330433368683,0.11929041892290115,0.12501145899295807,0.0,5.0,
5004,6.180035591125488,9.102377891540527,0.06873534619808197,0.1559939831495285,0.09235651046037674,0.0,5.0,
5005,5.234210968017578,9.369863510131836,0.03498254343867302,0.14728260040283203,0.12349755316972733,0.0,5.0,
5006,9.807900428771973,11.386439323425293,0.03449217602610588,0.3378453850746155,0.07895215600728989,0.0,5.0,
5007,9.531817436218262,10.516972541809082,0.018833041191101074,0.3389227092266083,0.10109751671552658,0.0,5.0,
5008,2.575531005859375,9.338777542114258,0.0,0.07801815867424011,0.1157526895403862,0.0,5.0,
5009,5.480581283569336,9.548726081848145,0.07983517646789551,0.11408373713493347,0.11008358001708984,0.0,5.0,
5010,5.3958282470703125,8.968341827392578,0.04184635356068611,0.15296563506126404,0.09291187673807144,0.0,5.0,
5011,2.397585868835449,9.674676895141602,0.018609166145324707,0.054903317242860794,0.087384432554245,0.0,5.0,
5012,2.809846878051758,8.413455963134766,0.0002499421243555844,0.09056839346885681,0.09705621004104614,0.0,5.0,
5013,5.320969581604004,8.726187705993652,0.03640151023864746,0.15275415778160095,0.10265445709228516,0.0,5.0,
5014,6.794705390930176,9.833271026611328,0.04527975991368294,0.20628219842910767,0.08696848154067993,0.0,5.0,
5015,4.089529037475586,9.255846977233887,0.1137852668762207,0.025873977690935135,0.10785999149084091,0.0,5.0,
5016,2.9702186584472656,8.739678382873535,0.062431953847408295,0.032347165048122406,0.10518147796392441,0.0,5.0,
5017,2.9587831497192383,10.696500778198242,0.03357287496328354,0.06182149797677994,0.10300160199403763,0.0,5.0,
5018,4.661629676818848,11.094449996948242,0.04856175184249878,0.11405027657747269,0.10500062257051468,0.0,5.0,
5019,3.199831962585449,10.081319808959961,0.03822294995188713,0.06783382594585419,0.09472775459289551,0.0,5.0,
5020,2.174300193786621,10.143831253051758,0.0017903248080983758,0.05759093165397644,0.13129577040672302,0.0,5.0,
5021,1.7223434448242188,9.83383846282959,0.0,0.053608499467372894,0.05974891781806946,0.0,5.0,
5022,6.043728828430176,10.33576488494873,0.03808516263961792,0.17917394638061523,0.10680203884840012,0.0,5.0,
5023,2.948920249938965,9.52726936340332,0.020543357357382774,0.06714602559804916,0.13759763538837433,0.0,5.0,
5024,6.357230186462402,10.472399711608887,0.06821628659963608,0.1625337451696396,0.09990795701742172,0.0,5.0,
5025,7.958861351013184,8.96199893951416,0.0361018180847168,0.2571874260902405,0.10031808167695999,0.0,5.0,
5026,2.017505645751953,9.650357246398926,0.027145087718963623,0.03400712087750435,0.0806775614619255,0.0,5.0,
5027,4.488347053527832,9.133625984191895,0.0,0.1538425236940384,0.10879435390233994,0.0,5.0,
5028,2.0654773712158203,11.226334571838379,0.020124077796936035,0.039223141968250275,0.08596906810998917,0.0,5.0,
5029,6.309906959533691,8.613167762756348,0.025064924731850624,0.20035968720912933,0.11825581640005112,0.0,5.0,
5030,4.255321502685547,9.326892852783203,0.0891868844628334,0.056150101125240326,0.11312583833932877,0.0,5.0,
5031,9.37186336517334,10.323563575744629,0.1921076476573944,0.15297938883304596,0.13531386852264404,0.0,5.0,
5032,8.202219009399414,8.953039169311523,0.04519623517990112,0.25738075375556946,0.11559721827507019,0.0,5.0,
5033,3.6036224365234375,11.135643005371094,0.034489888697862625,0.08356031775474548,0.12159764766693115,0.0,5.0,
5034,4.10105037689209,8.970377922058105,0.04000520706176758,0.10174989700317383,0.09553209692239761,0.0,5.0,
5035,2.566311836242676,9.878283500671387,0.042706649750471115,0.03577916696667671,0.09084811806678772,0.0,5.0,
5036,2.681086540222168,9.626523971557617,0.0423886775970459,0.043702881783246994,0.08108426630496979,0.0,5.0,
5037,1.3732852935791016,9.772749900817871,0.0,0.034734997898340225,0.08714571595191956,0.0,5.0,
5038,2.0040950775146484,10.601256370544434,0.005148669239133596,0.05138317868113518,0.09263559430837631,0.0,5.0,
5039,4.520040512084961,10.410177230834961,0.028815269470214844,0.13079825043678284,0.08842200040817261,0.0,5.0,
5040,4.082066535949707,9.866061210632324,0.0017963250866159797,0.13240282237529755,0.12288352102041245,0.0,5.0,
5041,3.1274423599243164,9.463820457458496,0.05723468214273453,0.04649759829044342,0.08966154605150223,0.0,5.0,
5042,3.5930328369140625,10.938979148864746,0.0,0.11854412406682968,0.10898768901824951,0.0,5.0,
5043,4.006715774536133,10.211997032165527,0.04977019503712654,0.08609164506196976,0.10902538895606995,0.0,5.0,
5044,2.7317628860473633,9.792473793029785,0.0,0.09335604310035706,0.06745906919240952,0.0,5.0,
5045,3.793004035949707,9.12242317199707,0.05420389026403427,0.07605549693107605,0.08448762446641922,0.0,5.0,
5046,5.637940406799316,11.063889503479004,0.03432708978652954,0.16319015622138977,0.12132945656776428,0.0,5.0,
5047,7.375485420227051,11.102248191833496,0.13557086884975433,0.1340755671262741,0.10078997164964676,0.0,5.0,
5048,6.556866645812988,10.414789199829102,0.047821324318647385,0.18816454708576202,0.10987036675214767,0.0,5.0,
5049,1.830897331237793,10.089905738830566,0.0009556412696838379,0.045333147048950195,0.09667688608169556,0.0,5.0,
5050,4.9386444091796875,9.941573143005371,0.048644620925188065,0.1208394393324852,0.1287280172109604,0.0,5.0,
5051,6.545865058898926,8.942924499511719,0.03814186528325081,0.20198994874954224,0.09726876765489578,0.0,5.0,
5052,4.622052192687988,9.826723098754883,0.10818197578191757,0.05268262326717377,0.10284974426031113,0.0,5.0,
5053,4.296733856201172,9.738078117370605,0.08221614360809326,0.0652601569890976,0.11401519924402237,0.0,5.0,
5054,3.296858787536621,8.420120239257812,0.06558797508478165,0.043151114135980606,0.09933173656463623,0.0,5.0,
5055,8.057991027832031,9.739209175109863,0.23437678813934326,0.06524619460105896,0.09072495251893997,0.0,5.0,
5056,6.724564552307129,10.254190444946289,0.01799919269979,0.23101767897605896,0.08002395927906036,0.0,5.0,
5057,3.8989477157592773,10.273063659667969,0.09665723890066147,0.03640702739357948,0.08828232437372208,0.0,5.0,
5058,6.937600135803223,10.787182807922363,0.1218639388680458,0.13286195695400238,0.08645273000001907,0.0,5.0,
5059,2.232492446899414,10.66748332977295,0.0,0.0644172728061676,0.11178133636713028,0.0,5.0,
5060,4.072602272033691,10.451992988586426,0.021261274814605713,0.11095014959573746,0.13491162657737732,0.0,5.0,
5061,4.725324630737305,10.126038551330566,0.05208788439631462,0.11598290503025055,0.08990903943777084,0.0,5.0,
5062,6.040050506591797,10.13188362121582,0.05876793712377548,0.1536073088645935,0.13638049364089966,0.0,5.0,
5063,1.7314815521240234,11.671335220336914,0.01573016308248043,0.025525543838739395,0.13176769018173218,0.0,5.0,
5064,2.14272403717041,10.289502143859863,0.029947897419333458,0.031148318201303482,0.11557462066411972,0.0,5.0,
5065,3.7897777557373047,11.024235725402832,0.03159457445144653,0.09679161757230759,0.10037872195243835,0.0,5.0,
5066,4.408668518066406,12.311165809631348,0.03538836911320686,0.11389768123626709,0.1187579408288002,0.0,5.0,
5067,7.232230186462402,11.843975067138672,0.0048998394049704075,0.25596171617507935,0.10914982110261917,0.0,5.0,
5068,6.769818305969238,9.980807304382324,0.04365042969584465,0.20492133498191833,0.08427511900663376,0.0,5.0,
5069,4.587037086486816,9.638545036315918,0.0,0.15763789415359497,0.11515176296234131,0.0,5.0,
5070,3.7704076766967773,11.404306411743164,0.0,0.1286810338497162,0.09644639492034912,0.0,5.0,
5071,2.0332412719726562,13.163969993591309,0.0,0.0581648051738739,0.09958434104919434,0.0,5.0,
5072,6.416110038757324,11.285916328430176,0.04453778266906738,0.18947450816631317,0.10374844074249268,0.0,5.0,
5073,2.8295984268188477,11.316536903381348,0.030905207619071007,0.0602191798388958,0.0846046581864357,0.0,5.0,
5074,1.7597646713256836,10.177665710449219,0.0,0.04937473312020302,0.0910281240940094,0.0,5.0,
5075,6.65255069732666,9.620442390441895,0.1291700154542923,0.1122615858912468,0.102385975420475,0.0,5.0,
5076,3.9279584884643555,10.870484352111816,0.01544837187975645,0.11460402607917786,0.12016457319259644,0.0,5.0,
5077,3.8471412658691406,10.326241493225098,0.0005399386282078922,0.12784984707832336,0.11475589871406555,0.0,5.0,
5078,4.425581932067871,10.977418899536133,0.0,0.15584976971149445,0.0962168499827385,0.0,5.0,
5079,1.638880729675293,9.192630767822266,0.0266660638153553,0.016828622668981552,0.08176825195550919,0.0,5.0,
5080,2.2766590118408203,9.26194953918457,0.03908314183354378,0.02875465527176857,0.10685968399047852,0.0,5.0,
5081,4.617092132568359,9.483946800231934,0.07527078688144684,0.08227944374084473,0.11965283751487732,0.0,5.0,
5082,6.111851692199707,9.652706146240234,0.13448891043663025,0.09198399633169174,0.07824263721704483,0.0,5.0,
5083,3.967715263366699,8.358957290649414,0.07595627009868622,0.06730025261640549,0.07121888548135757,0.0,5.0,
5084,7.508967399597168,9.698609352111816,0.1096407026052475,0.1690170168876648,0.10039407759904861,0.0,5.0,
5085,6.365909576416016,10.352095603942871,0.0,0.22865769267082214,0.1065099909901619,0.0,5.0,
5086,4.37242317199707,9.142457962036133,0.05984210968017578,0.09556782245635986,0.07231077551841736,0.0,5.0,
5087,3.4224891662597656,10.071402549743652,0.021499911323189735,0.0867709368467331,0.11421531438827515,0.0,5.0,
5088,3.9449357986450195,9.3550443649292,0.0445706844329834,0.08784376829862595,0.11528774350881577,0.0,5.0,
5089,4.969298362731934,8.466856956481934,0.06211753562092781,0.11333011090755463,0.09829599410295486,0.0,5.0,
5090,3.057345390319824,9.484862327575684,0.019762873649597168,0.07833509892225266,0.10058239847421646,0.0,5.0,
5091,3.5079307556152344,11.345197677612305,0.07057800143957138,0.0460924468934536,0.1084505021572113,0.0,5.0,
5092,7.069425582885742,8.148799896240234,0.11762493848800659,0.1430564820766449,0.10082127898931503,0.0,5.0,
5093,3.400254249572754,10.488147735595703,0.016386568546295166,0.08902532607316971,0.12959277629852295,0.0,5.0,
5094,3.9185800552368164,10.508073806762695,0.04450853914022446,0.09109397232532501,0.09152162075042725,0.0,5.0,
5095,6.488983631134033,7.489135265350342,0.0,0.23654671013355255,0.10295446962118149,0.0,5.0,
5096,2.393191337585449,11.342850685119629,0.010500311851501465,0.0612640306353569,0.09259632229804993,0.0,5.0,
5097,3.9362049102783203,8.391926765441895,0.05259513854980469,0.08366124331951141,0.09091035276651382,0.0,5.0,
5098,4.355914115905762,10.072933197021484,0.08531717211008072,0.06430549919605255,0.09457988291978836,0.0,5.0,
5099,3.6906347274780273,11.337030410766602,0.06181625649333,0.06175310164690018,0.09865427017211914,0.0,5.0,
5100,4.391210556030273,9.80663013458252,0.040579359978437424,0.11523358523845673,0.08283413201570511,0.0,5.0,
5101,2.3023767471313477,10.649563789367676,0.02477186918258667,0.044946134090423584,0.09818639606237411,0.0,5.0,
5102,7.007628440856934,10.952832221984863,0.0,0.25233691930770874,0.12189126014709473,0.0,5.0,
5103,5.075613021850586,11.200798034667969,0.0,0.1774040013551712,0.11404935270547867,0.0,5.0,
5104,2.2510032653808594,10.988129615783691,0.00965223740786314,0.0590515211224556,0.09129640460014343,0.0,5.0,
5105,2.731673240661621,10.306197166442871,0.06558971107006073,0.021204771474003792,0.10059764236211777,0.0,5.0,
5106,3.07315731048584,11.165846824645996,0.0,0.10034577548503876,0.0975806936621666,0.0,5.0,
5107,5.224891662597656,9.124013900756836,0.040854692459106445,0.14114171266555786,0.11618968844413757,0.0,5.0,
5108,4.175860404968262,9.387921333312988,0.04522188380360603,0.09538912773132324,0.11763545870780945,0.0,5.0,
5109,2.443197250366211,10.529090881347656,0.015133281238377094,0.06141838803887367,0.0869298204779625,0.0,5.0,
5110,4.53041934967041,10.773606300354004,0.12314225733280182,0.037207573652267456,0.08931352943181992,0.0,5.0,
5111,4.928597450256348,10.251172065734863,0.024339357390999794,0.15367741882801056,0.08178341388702393,0.0,5.0,
5112,5.517362594604492,9.93598747253418,0.06235108897089958,0.13066768646240234,0.12078269571065903,0.0,5.0,
5113,2.6029090881347656,11.394366264343262,0.025455474853515625,0.05795963853597641,0.09004446119070053,0.0,5.0,
5114,1.7822551727294922,9.98093032836914,0.0,0.05133708566427231,0.08247800916433334,0.0,5.0,
5115,3.999495506286621,11.810522079467773,0.03391069173812866,0.1029474213719368,0.09966808557510376,0.0,5.0,
5116,5.67268180847168,11.071569442749023,0.08260393142700195,0.12304334342479706,0.07985460013151169,0.0,5.0,
5117,5.137049674987793,11.652249336242676,0.015946149826049805,0.1646864414215088,0.10951396822929382,0.0,5.0,
5118,2.1785154342651367,10.90909481048584,0.01843208074569702,0.0451529324054718,0.10306618362665176,0.0,5.0,
5119,7.41391658782959,10.152054786682129,0.026676436886191368,0.2438524067401886,0.10385042428970337,0.0,5.0,
5120,3.9650516510009766,10.649582862854004,0.07204226404428482,0.060895439237356186,0.10272660106420517,0.0,5.0,
5121,3.7337217330932617,11.187826156616211,0.01168342400342226,0.11280491948127747,0.08628787845373154,0.0,5.0,
5122,3.6363658905029297,10.058151245117188,0.07135859876871109,0.05271589383482933,0.08158867806196213,0.0,5.0,
5123,4.254185676574707,9.97278881072998,0.03208400681614876,0.1141611859202385,0.10125527530908585,0.0,5.0,
5124,2.280292510986328,10.307526588439941,0.026264389976859093,0.03560810908675194,0.12170145660638809,0.0,5.0,
5125,4.477300643920898,9.98403549194336,0.0215431060642004,0.13170941174030304,0.10420878976583481,0.0,5.0,
5126,1.9619865417480469,9.45105266571045,0.01683056354522705,0.03322942182421684,0.1262250393629074,0.0,5.0,
5127,2.338460922241211,9.437503814697266,0.02150140330195427,0.05166689306497574,0.08911465853452682,0.0,5.0,
5128,2.228506088256836,9.898521423339844,0.01849343441426754,0.04609266296029091,0.09946218878030777,0.0,5.0,
5129,3.9996957778930664,10.241162300109863,0.0,0.13142673671245575,0.11379290372133255,0.0,5.0,
5130,4.632648468017578,9.943095207214355,0.0141460495069623,0.14913365244865417,0.08394698053598404,0.0,5.0,
5131,5.060688018798828,11.672492980957031,0.036922771483659744,0.1441698521375656,0.08995083719491959,0.0,5.0,
5132,2.5578651428222656,10.227697372436523,0.0212086234241724,0.05810737609863281,0.08308098465204239,0.0,5.0,
5133,6.2969160079956055,9.968059539794922,0.004099706653505564,0.217889204621315,0.12474355101585388,0.0,5.0,
5134,2.485828399658203,10.255208969116211,0.028527339920401573,0.0481264665722847,0.09644482284784317,0.0,5.0,
5135,1.9849023818969727,10.788775444030762,0.02270331047475338,0.029312193393707275,0.11408435553312302,0.0,5.0,
5136,6.162269592285156,10.653745651245117,0.0,0.21831348538398743,0.10265833884477615,0.0,5.0,
5137,5.040492057800293,10.744817733764648,0.009627123363316059,0.1680583357810974,0.10260573774576187,0.0,5.0,
5138,4.197153091430664,9.602181434631348,0.005335569381713867,0.1354037970304489,0.11295589059591293,0.0,5.0,
5139,4.886455535888672,9.736348152160645,0.04149286076426506,0.13021118938922882,0.09661629050970078,0.0,5.0,
5140,2.4663925170898438,11.675690650939941,0.043267328292131424,0.03435809165239334,0.08815288543701172,0.0,5.0,
5141,3.94107723236084,10.704689025878906,0.0,0.12922199070453644,0.11094269156455994,0.0,5.0,
5142,4.195935249328613,10.760746002197266,0.0,0.13992393016815186,0.10522222518920898,0.0,5.0,
5143,2.680757522583008,11.720284461975098,0.029754361137747765,0.05294514447450638,0.09520924836397171,0.0,5.0,
5144,1.9592781066894531,10.624663352966309,0.0,0.05604223161935806,0.08946498483419418,0.0,5.0,
5145,3.6863937377929688,10.560758590698242,0.03695599362254143,0.08945412933826447,0.07497096806764603,0.0,5.0,
5146,2.4606895446777344,10.073955535888672,0.0007934768800623715,0.07372169941663742,0.08859619498252869,0.0,5.0,
5147,4.6124267578125,10.35361099243164,0.03921395540237427,0.12419764697551727,0.08950820565223694,0.0,5.0,
5148,3.329024314880371,10.559672355651855,0.02236407995223999,0.08380687981843948,0.10263641923666,0.0,5.0,
5149,4.954032897949219,10.677927017211914,0.07883647829294205,0.0962686538696289,0.0860547199845314,0.0,5.0,
5150,3.94376277923584,10.772809028625488,0.06441153585910797,0.06684610992670059,0.10730531066656113,0.0,5.0,
5151,3.386410713195801,11.248870849609375,0.05179305747151375,0.060959454625844955,0.09954110532999039,0.0,5.0,
5152,3.840611457824707,9.072344779968262,0.054297905415296555,0.07447867840528488,0.11015212535858154,0.0,5.0,
5153,4.10935115814209,10.375421524047852,0.055220723152160645,0.08300648629665375,0.11331538110971451,0.0,5.0,
5154,2.6987009048461914,9.782544136047363,0.03531565144658089,0.0503464937210083,0.08724284172058105,0.0,5.0,
5155,2.569136619567871,10.788983345031738,0.0,0.08129578083753586,0.08022195845842361,0.0,5.0,
5156,4.191858291625977,9.466463088989258,0.11108412593603134,0.033722639083862305,0.09341751784086227,0.0,5.0,
5157,2.737762451171875,10.676117897033691,0.05698535591363907,0.03253364935517311,0.06752263754606247,0.0,5.0,
5158,1.8456830978393555,9.703619956970215,0.0296045932918787,0.021539419889450073,0.09400305896997452,0.0,5.0,
5159,4.573274612426758,9.322311401367188,0.04832138493657112,0.11112520098686218,0.0967346802353859,0.0,5.0,
5160,4.030233383178711,10.348413467407227,0.004431804176419973,0.13065205514431,0.11722031235694885,0.0,5.0,
5161,6.079732894897461,10.826991081237793,0.07850781828165054,0.14438804984092712,0.08499780297279358,0.0,5.0,
5162,4.5592756271362305,11.43929672241211,0.0703546404838562,0.08627147972583771,0.11085111647844315,0.0,5.0,
5163,1.8375120162963867,10.276568412780762,0.005883356090635061,0.0419766940176487,0.11855726689100266,0.0,5.0,
5164,2.7559356689453125,8.683605194091797,0.0273551344871521,0.05762545019388199,0.11325373500585556,0.0,5.0,
5165,6.419903755187988,11.2490816116333,0.0453830361366272,0.1881086528301239,0.1052667573094368,0.0,5.0,
5166,3.1336917877197266,10.489357948303223,0.04634469747543335,0.046046797186136246,0.11498784273862839,0.0,5.0,
5167,8.634307861328125,11.167624473571777,0.014840642921626568,0.30260857939720154,0.10971006751060486,0.0,5.0,
5168,3.5545597076416016,11.26129150390625,0.0004096428456250578,0.11983776092529297,0.08686385303735733,0.0,5.0,
5169,2.4191017150878906,12.379253387451172,0.0025176804047077894,0.0629410371184349,0.1369810402393341,0.0,5.0,
5170,5.050673484802246,11.005111694335938,0.00840167235583067,0.1700219213962555,0.09556279331445694,0.0,5.0,
5171,10.891789436340332,11.428771018981934,0.0,0.40551432967185974,0.12444738298654556,0.0,5.0,
5172,6.642298698425293,9.728266716003418,0.06889571994543076,0.16778747737407684,0.12552903592586517,0.0,5.0,
5173,1.6670770645141602,11.888232231140137,0.0,0.038830842822790146,0.11268924921751022,0.0,5.0,
5174,1.928532600402832,12.097739219665527,0.03673430532217026,0.010941144078969955,0.12789522111415863,0.0,5.0,
5175,7.716078758239746,10.965997695922852,0.027516862377524376,0.25829175114631653,0.08841586112976074,0.0,5.0,
5176,4.312946319580078,11.443527221679688,0.08911190181970596,0.06000598520040512,0.08667150884866714,0.0,5.0,
5177,2.3831281661987305,10.751938819885254,0.01071995496749878,0.05963008105754852,0.10280660539865494,0.0,5.0,
5178,5.544421195983887,11.393239974975586,0.03245316073298454,0.1612517237663269,0.12441278249025345,0.0,5.0,
5179,2.729412078857422,10.180740356445312,0.061884958297014236,0.02107195556163788,0.11318885535001755,0.0,5.0,
5180,2.9211578369140625,12.11534309387207,0.01695551536977291,0.06941788643598557,0.12325674295425415,0.0,5.0,
5181,7.052298545837402,11.302119255065918,0.009432375431060791,0.23864303529262543,0.13328969478607178,0.0,5.0,
5182,6.719698905944824,11.90655517578125,0.15115858614444733,0.08790184557437897,0.11167758703231812,0.0,5.0,
5183,5.645895957946777,12.074630737304688,0.0,0.19723589718341827,0.10947694629430771,0.0,5.0,
5184,4.8759307861328125,10.244576454162598,0.04503464698791504,0.12440897524356842,0.10881975293159485,0.0,5.0,
5185,2.4562454223632812,10.217991828918457,0.019742071628570557,0.054168395698070526,0.10513747483491898,0.0,5.0,
5186,4.366103172302246,9.806026458740234,0.0023063223343342543,0.14847473800182343,0.0882323607802391,0.0,5.0,
5187,3.6219139099121094,11.937909126281738,0.0,0.12003317475318909,0.10568803548812866,0.0,5.0,
5188,5.549930572509766,10.242612838745117,0.07322447001934052,0.12350722402334213,0.10982081294059753,0.0,5.0,
5189,1.0872373580932617,10.514749526977539,0.0,0.01863788068294525,0.10592901706695557,0.0,5.0,
5190,4.508213043212891,9.659022331237793,0.018677055835723877,0.14002826809883118,0.09101474285125732,0.0,5.0,
5191,2.228581428527832,9.739618301391602,0.01151712704449892,0.053307220339775085,0.09647756814956665,0.0,5.0,
5192,5.402442932128906,9.851792335510254,0.07463934272527695,0.11153336614370346,0.12787611782550812,0.0,5.0,
5193,2.718085289001465,9.120960235595703,0.05064990371465683,0.034569427371025085,0.10350342839956284,0.0,5.0,
5194,2.4276609420776367,9.711088180541992,0.0,0.06809819489717484,0.11619553714990616,0.0,5.0,
5195,3.2828664779663086,10.574268341064453,0.03946186974644661,0.06646788120269775,0.10868066549301147,0.0,5.0,
5196,1.5840892791748047,10.67014217376709,0.006919980049133301,0.033520251512527466,0.08358006924390793,0.0,5.0,
5197,4.460024833679199,10.038151741027832,0.06317136436700821,0.09713266044855118,0.06713949888944626,0.0,5.0,
5198,2.989659309387207,9.536456108093262,0.06764783710241318,0.024983074516057968,0.11343156546354294,0.0,5.0,
5199,2.7623605728149414,9.88133430480957,0.027747472748160362,0.06239597126841545,0.08438360691070557,0.0,5.0,
5200,4.276308059692383,10.101239204406738,0.003814617870375514,0.1430695503950119,0.09855163097381592,0.0,5.0,
5201,4.402620315551758,9.327425003051758,0.018384018912911415,0.13891056180000305,0.0735144391655922,0.0,5.0,
5202,1.5272159576416016,9.676351547241211,0.01977825164794922,0.02012886293232441,0.09097108244895935,0.0,5.0,
5203,1.6283330917358398,10.855534553527832,0.0,0.04144883155822754,0.10175460577011108,0.0,5.0,
5204,4.7479047775268555,10.585766792297363,0.08622326701879501,0.07841232419013977,0.10499120503664017,0.0,5.0,
5205,3.472646713256836,10.287620544433594,0.06527671962976456,0.051110025495290756,0.09346654266119003,0.0,5.0,
5206,3.2083864212036133,10.470433235168457,0.0,0.09571757912635803,0.14926525950431824,0.0,5.0,
5207,1.4627294540405273,11.052509307861328,0.006506343837827444,0.03193879872560501,0.08530490845441818,0.0,5.0,
5208,1.9740066528320312,10.21153736114502,0.028406044468283653,0.027535004541277885,0.10022080689668655,0.0,5.0,
5209,2.9691762924194336,11.678106307983398,0.05996854975819588,0.038270872086286545,0.08817418664693832,0.0,5.0,
5210,9.968717575073242,8.611650466918945,0.0,0.3715308606624603,0.128614142537117,0.0,5.0,
5211,7.071681022644043,8.88664436340332,0.0,0.2587648928165436,0.10773203521966934,0.0,5.0,
5212,5.617138862609863,9.416000366210938,0.06882055848836899,0.13416029512882233,0.08765681833028793,0.0,5.0,
5213,4.161093711853027,10.97983455657959,0.0,0.1429990530014038,0.10519745200872421,0.0,5.0,
5214,2.4780149459838867,10.642102241516113,0.018973907455801964,0.05902039632201195,0.09576701372861862,0.0,5.0,
5215,4.947275161743164,10.34978199005127,0.02137823775410652,0.15345031023025513,0.0948888435959816,0.0,5.0,
5216,6.537777900695801,10.003503799438477,0.12685386836528778,0.10902238637208939,0.1192951574921608,0.0,5.0,
5217,5.211231231689453,9.664365768432617,0.11866513639688492,0.06607361882925034,0.10090544074773788,0.0,5.0,
5218,1.6868810653686523,9.993102073669434,0.006787240505218506,0.03430654853582382,0.1182512566447258,0.0,5.0,
5219,3.9255151748657227,11.007828712463379,0.08978734910488129,0.04966667667031288,0.07421319931745529,0.0,5.0,
5220,5.834528923034668,11.310922622680664,0.0,0.21195605397224426,0.09494534879922867,0.0,5.0,
5221,6.370478630065918,10.468605995178223,0.06678632646799088,0.16553446650505066,0.0898357629776001,0.0,5.0,
5222,3.150017738342285,10.245978355407715,0.02336517907679081,0.07865165919065475,0.10904350876808167,0.0,5.0,
5223,2.495340347290039,10.174264907836914,0.014459053985774517,0.06289078295230865,0.10575739294290543,0.0,5.0,
5224,5.558309555053711,9.314085006713867,0.06788734346628189,0.12909382581710815,0.11153709888458252,0.0,5.0,
5225,2.4103384017944336,11.37614631652832,0.0,0.07151882350444794,0.10041315108537674,0.0,5.0,
5226,2.614138603210449,8.814079284667969,0.002740581752732396,0.07855764031410217,0.09059399366378784,0.0,5.0,
5227,3.78000545501709,9.93139362335205,0.0,0.13274557888507843,0.07507752627134323,0.0,5.0,
5228,3.079819679260254,10.050182342529297,0.06718770414590836,0.034805770963430405,0.09298736602067947,0.0,5.0,
5229,2.3825206756591797,10.614866256713867,0.0,0.06929396837949753,0.12006858736276627,0.0,5.0,
5230,5.865479469299316,11.276629447937012,0.12212695926427841,0.09179513156414032,0.08699825406074524,0.0,5.0,
5231,5.6250152587890625,9.365140914916992,0.12787844240665436,0.07761197537183762,0.08126915991306305,0.0,5.0,
5232,3.777493476867676,9.88174057006836,0.0514790415763855,0.08102940022945404,0.08267084509134293,0.0,5.0,
5233,3.2355480194091797,10.317953109741211,0.0930624008178711,0.01412995532155037,0.09457194805145264,0.0,5.0,
5234,3.0705747604370117,11.156622886657715,0.0,0.09926872700452805,0.09764578938484192,0.0,5.0,
5235,3.226700782775879,9.936188697814941,0.06025020033121109,0.05128806084394455,0.07307099550962448,0.0,5.0,
5236,4.405953407287598,11.766388893127441,0.0,0.15943819284439087,0.0704716369509697,0.0,5.0,
5237,5.048399925231934,10.288620948791504,0.00670313835144043,0.1817394196987152,0.058301690965890884,0.0,5.0,
5238,10.810364723205566,9.645846366882324,0.15885362029075623,0.25466984510421753,0.07662153244018555,0.0,5.0,
5239,2.798018455505371,9.694759368896484,0.0,0.08914057165384293,0.10236864537000656,0.0,5.0,
5240,2.8672447204589844,9.756114959716797,0.0019785959739238024,0.09225742518901825,0.09076080471277237,0.0,5.0,
5241,4.30087947845459,10.138328552246094,0.012256939895451069,0.1377064734697342,0.09349039196968079,0.0,5.0,
5242,2.970210075378418,9.50490665435791,0.0007280707359313965,0.09974519908428192,0.06726891547441483,0.0,5.0,
5243,9.608418464660645,8.752645492553711,0.2570032775402069,0.10795222967863083,0.07854504883289337,0.0,5.0,
5244,3.717611312866211,9.02560806274414,0.06513354927301407,0.06528936326503754,0.08270292729139328,0.0,5.0,
5245,7.801316261291504,8.834481239318848,0.1419171839952469,0.15263885259628296,0.0714983120560646,0.0,5.0,
5246,6.910672187805176,10.527424812316895,0.011438965797424316,0.24404151737689972,0.08369714021682739,0.0,5.0,
5247,7.285938262939453,9.886458396911621,0.15007317066192627,0.12063070386648178,0.0862075611948967,0.0,5.0,
5248,6.979649543762207,9.018572807312012,0.047863204032182693,0.2140403538942337,0.0729554072022438,0.0,5.0,
5249,2.8730573654174805,10.900081634521484,0.04762200266122818,0.04816022142767906,0.07668999582529068,0.0,5.0,
5250,1.2640676498413086,10.12740421295166,0.001966615440323949,0.02523239329457283,0.08440304547548294,0.0,5.0,
5251,1.071340560913086,10.981966018676758,0.0,0.023719698190689087,0.08335915207862854,0.0,5.0,
5252,2.709446907043457,9.534375190734863,0.03512310981750488,0.05587613582611084,0.07136502116918564,0.0,5.0,
5253,4.022221565246582,10.287013053894043,0.023892521858215332,0.11220704764127731,0.08612818270921707,0.0,5.0,
5254,3.5077133178710938,9.568299293518066,0.08422120660543442,0.03444288671016693,0.09168457239866257,0.0,5.0,
5255,4.5787248611450195,9.6168794631958,0.0,0.15960276126861572,0.09964913129806519,0.0,5.0,
5256,3.9977798461914062,9.681139945983887,0.009363492019474506,0.13155466318130493,0.07958923280239105,0.0,5.0,
5257,3.0814990997314453,8.92038631439209,0.057480454444885254,0.047205932438373566,0.0845879539847374,0.0,5.0,
5258,3.745499610900879,9.341506004333496,0.022462189197540283,0.10763376951217651,0.08397211879491806,0.0,5.0,
5259,3.8488550186157227,11.61870002746582,0.08522597700357437,0.046717409044504166,0.09283134341239929,0.0,5.0,
5260,8.066631317138672,8.577242851257324,0.046751540154218674,0.25210750102996826,0.10535513609647751,0.0,5.0,
5261,3.1989336013793945,9.527016639709473,0.03832797333598137,0.06424850970506668,0.11017381399869919,0.0,5.0,
5262,12.284462928771973,10.79679012298584,0.29142534732818604,0.17947836220264435,0.09048686176538467,0.0,5.0,
5263,3.5247068405151367,9.9810791015625,0.0905056968331337,0.027426842600107193,0.09217286854982376,0.0,5.0,
5264,1.339310646057129,9.550025939941406,0.023876488208770752,0.00878484919667244,0.08811914175748825,0.0,5.0,
5265,5.557258605957031,10.455221176147461,0.04274846985936165,0.15404841303825378,0.11061040312051773,0.0,5.0,
5266,5.718969345092773,10.32482624053955,0.027116000652313232,0.1815779209136963,0.08418169617652893,0.0,5.0,
5267,8.962468147277832,10.564534187316895,0.019407331943511963,0.3102000951766968,0.10936079174280167,0.0,5.0,
5268,2.7986574172973633,11.364782333374023,0.004136383533477783,0.08066971600055695,0.11002934724092484,0.0,5.0,
5269,5.029397010803223,11.944960594177246,0.04496012255549431,0.1349480152130127,0.08853933960199356,0.0,5.0,
5270,1.1490201950073242,10.839428901672363,0.006122609134763479,0.017486410215497017,0.0945705994963646,0.0,5.0,
5271,14.427177429199219,8.439202308654785,0.0569726824760437,0.5019937753677368,0.08021476119756699,0.0,5.0,
5272,2.295424461364746,11.748740196228027,0.0187605619430542,0.050044044852256775,0.08951249718666077,0.0,5.0,
5273,3.342068672180176,10.972418785095215,0.025636712089180946,0.08560054749250412,0.09360793232917786,0.0,5.0,
5274,8.118661880493164,10.091312408447266,0.03693050146102905,0.26303523778915405,0.10732918232679367,0.0,5.0,
5275,3.593560218811035,10.83167839050293,0.015499532222747803,0.10081994533538818,0.11762549728155136,0.0,5.0,
5276,5.959425926208496,9.601905822753906,0.08515193313360214,0.12950024008750916,0.10236344486474991,0.0,5.0,
5277,9.224705696105957,10.84746265411377,0.1627073884010315,0.17744000256061554,0.12215939909219742,0.0,5.0,
5278,4.462023735046387,9.745850563049316,0.09402912855148315,0.05913783237338066,0.09685514122247696,0.0,5.0,
5279,3.41690731048584,10.814876556396484,0.009244401939213276,0.1063576191663742,0.08377709239721298,0.0,5.0,
5280,4.1517534255981445,9.21700668334961,0.07701575756072998,0.061759404838085175,0.125417560338974,0.0,5.0,
5281,3.13405704498291,11.603912353515625,0.05657905340194702,0.042191073298454285,0.11417732387781143,0.0,5.0,
5282,2.6695117950439453,10.337839126586914,0.0022019941825419664,0.08021049201488495,0.1022850051522255,0.0,5.0,
5283,7.157769203186035,13.686259269714355,0.0102081298828125,0.2526910901069641,0.09759756922721863,0.0,5.0,
5284,5.980217933654785,11.781447410583496,0.0852169543504715,0.12560418248176575,0.12262140959501266,0.0,5.0,
5285,5.570893287658691,10.923473358154297,0.0,0.19602996110916138,0.1164630725979805,0.0,5.0,
5286,3.045145034790039,11.758618354797363,0.0,0.0850655734539032,0.1468128263950348,0.0,5.0,
5287,10.055426597595215,12.066370964050293,0.0,0.3777308464050293,0.11031202226877213,0.0,5.0,
5288,3.38576602935791,13.131823539733887,0.0,0.10787135362625122,0.10732879489660263,0.0,5.0,
5289,2.852227210998535,10.634655952453613,0.0,0.08813630044460297,0.10506937652826309,0.0,5.0,
5290,5.471076965332031,10.622461318969727,0.055632609874010086,0.14547206461429596,0.06877067685127258,0.0,5.0,
5291,13.973578453063965,12.38233470916748,0.07410605996847153,0.4529498517513275,0.13627678155899048,0.0,5.0,
5292,13.450568199157715,11.045208930969238,0.0,0.5079654455184937,0.10822010040283203,0.0,5.0,
5293,9.122105598449707,10.5593900680542,0.05623402073979378,0.2839503288269043,0.10139608383178711,0.0,5.0,
5294,2.2341184616088867,11.217820167541504,0.0048223533667624,0.06038143113255501,0.10354047268629074,0.0,5.0,
5295,6.851225852966309,8.761722564697266,0.04063832759857178,0.21711602807044983,0.07488252222537994,0.0,5.0,
5296,5.556026458740234,9.53553581237793,0.05254463106393814,0.1496114730834961,0.08863600343465805,0.0,5.0,
5297,4.526828765869141,9.027677536010742,0.11832863092422485,0.0430913083255291,0.07807042449712753,0.0,5.0,
5298,4.7052459716796875,10.767206192016602,0.09213101863861084,0.07706330716609955,0.06553595513105392,0.0,5.0,
5299,5.156153202056885,7.672770977020264,0.0918743759393692,0.09331347793340683,0.08732698112726212,0.0,5.0,
5300,2.501710891723633,9.641534805297852,0.012150824069976807,0.06263648718595505,0.10748163610696793,0.0,5.0,
5301,1.9769916534423828,9.658428192138672,0.0,0.06296295672655106,0.06625568121671677,0.0,5.0,
5302,6.355277061462402,9.436134338378906,0.1699088215827942,0.06401222944259644,0.0927923247218132,0.0,5.0,
5303,3.413881301879883,9.732759475708008,0.055361609905958176,0.06039983779191971,0.0899379625916481,0.0,5.0,
5304,3.629164695739746,9.110490798950195,0.03354934975504875,0.0929001122713089,0.0723150447010994,0.0,5.0,
5305,6.613171577453613,9.871246337890625,0.09463918209075928,0.14278754591941833,0.11757493019104004,0.0,5.0,
5306,3.548245429992676,8.97995376586914,0.033395688980817795,0.08750522136688232,0.08798124641180038,0.0,5.0,
5307,4.80579948425293,10.224947929382324,0.07207081466913223,0.09793182462453842,0.09188467264175415,0.0,5.0,
5308,1.5751962661743164,10.11166000366211,0.016464293003082275,0.023090481758117676,0.09699792414903641,0.0,5.0,
5309,3.4164323806762695,10.378913879394531,0.0,0.11675220727920532,0.08771016448736191,0.0,5.0,
5310,2.4884424209594727,11.302190780639648,0.048583053052425385,0.02756563574075699,0.09530672430992126,0.0,5.0,
5311,5.266782760620117,9.50033187866211,0.06944745779037476,0.12272273004055023,0.07953803986310959,0.0,5.0,
5312,2.3804197311401367,11.151382446289062,0.011774420738220215,0.05723154544830322,0.11243527382612228,0.0,5.0,
5313,3.511885643005371,11.647886276245117,0.01665087603032589,0.1030789315700531,0.07020740956068039,0.0,5.0,
5314,4.631197929382324,11.126275062561035,0.0,0.15546435117721558,0.12595981359481812,0.0,5.0,
5315,2.2266244888305664,11.117728233337402,0.03396320343017578,0.028235526755452156,0.09536105394363403,0.0,5.0,
5316,4.148419380187988,10.569042205810547,0.012922823429107666,0.1279820054769516,0.10120386630296707,0.0,5.0,
5317,8.184072494506836,11.252490997314453,0.0,0.3020671606063843,0.1126565933227539,0.0,5.0,
5318,5.786308288574219,10.094168663024902,0.0,0.20369046926498413,0.11337176710367203,0.0,5.0,
5319,8.376845359802246,10.833439826965332,0.006550034042447805,0.29907339811325073,0.1151871457695961,0.0,5.0,
5320,6.264420509338379,12.491415023803711,0.06770310550928116,0.15918204188346863,0.08942786604166031,0.0,5.0,
5321,4.516022682189941,12.075947761535645,0.009839852340519428,0.1459999978542328,0.09868612140417099,0.0,5.0,
5322,4.270908355712891,12.255182266235352,0.09325659275054932,0.058218345046043396,0.08876600116491318,0.0,5.0,
5323,1.9679536819458008,11.796272277832031,0.0,0.05484304577112198,0.10576370358467102,0.0,5.0,
5324,1.9408044815063477,11.753947257995605,0.0,0.05303991585969925,0.09206988662481308,0.0,5.0,
5325,2.523646354675293,9.704160690307617,0.0,0.07929541915655136,0.09641775488853455,0.0,5.0,
5326,7.49764347076416,11.8765230178833,0.0,0.2767881751060486,0.09587037563323975,0.0,5.0,
5327,3.4132299423217773,11.891154289245605,0.0,0.10932552814483643,0.10874948650598526,0.0,5.0,
5328,4.938542366027832,10.487064361572266,0.13837771117687225,0.03876534849405289,0.07538045942783356,0.0,5.0,
5329,4.556432723999023,11.044973373413086,0.12496025860309601,0.03670277073979378,0.08720016479492188,0.0,5.0,
5330,3.405519485473633,9.281682968139648,0.0,0.11351379752159119,0.09071695804595947,0.0,5.0,
5331,5.051305770874023,10.182357788085938,0.16141274571418762,0.017750106751918793,0.09926268458366394,0.0,5.0,
5332,4.842104911804199,8.962898254394531,0.062099993228912354,0.11173059046268463,0.07677081227302551,0.0,5.0,
5333,8.48386001586914,9.058524131774902,0.2187230885028839,0.09936776757240295,0.09043163806200027,0.0,5.0,
5334,1.9247159957885742,9.44974422454834,0.0,0.056998394429683685,0.07692573964595795,0.0,5.0,
5335,3.831827163696289,10.479122161865234,0.06991013139486313,0.06351263076066971,0.08231528103351593,0.0,5.0,
5336,2.2024803161621094,10.500301361083984,0.02127452753484249,0.046251848340034485,0.08517291396856308,0.0,5.0,
5337,2.385085105895996,10.738765716552734,0.05495544150471687,0.019284149631857872,0.08980672806501389,0.0,5.0,
5338,5.617072105407715,11.466794967651367,0.08385264873504639,0.11954988539218903,0.08667954802513123,0.0,5.0,
5339,3.8172740936279297,9.247749328613281,0.009423951618373394,0.11716974526643753,0.10793238878250122,0.0,5.0,
5340,4.589519500732422,10.72984790802002,0.0,0.16066409647464752,0.08311878144741058,0.0,5.0,
5341,3.024205207824707,11.15475082397461,0.03406302258372307,0.06544310599565506,0.07512865960597992,0.0,5.0,
5342,4.629868507385254,11.35536003112793,0.060688477009534836,0.10186155140399933,0.09386363625526428,0.0,5.0,
5343,7.244744300842285,12.79044246673584,0.07117835432291031,0.19378846883773804,0.08857928961515427,0.0,5.0,
5344,2.882293701171875,11.908638000488281,0.0,0.10192333161830902,0.05102883651852608,0.0,5.0,
5345,7.231955528259277,10.5669584274292,0.0828484296798706,0.1764603853225708,0.11257348209619522,0.0,5.0,
5346,5.627825736999512,12.168176651000977,0.014296571724116802,0.18826806545257568,0.09356588125228882,0.0,5.0,
5347,4.210999488830566,11.72041130065918,0.0190939512103796,0.12623007595539093,0.0914965346455574,0.0,5.0,
5348,4.23516845703125,11.5349760055542,0.02481277659535408,0.12468128651380539,0.08394400030374527,0.0,5.0,
5349,5.943955421447754,11.994831085205078,0.01366098690778017,0.2026398628950119,0.08014300465583801,0.0,5.0,
5350,4.123226165771484,10.945381164550781,0.09389159828424454,0.047440268099308014,0.09894152730703354,0.0,5.0,
5351,3.68839168548584,11.170631408691406,0.0,0.12488988041877747,0.09752669185400009,0.0,5.0,
5352,4.180688858032227,10.12251091003418,0.034495096653699875,0.11423283070325851,0.07360947132110596,0.0,5.0,
5353,5.057981491088867,10.640080451965332,0.06827076524496078,0.11087578535079956,0.09321453422307968,0.0,5.0,
5354,4.405574798583984,9.283534049987793,0.03995301574468613,0.11049910634756088,0.10057144612073898,0.0,5.0,
5355,3.207383155822754,10.41711139678955,0.08004441112279892,0.030203580856323242,0.0777687132358551,0.0,5.0,
5356,3.23660945892334,11.10942554473877,0.05412228778004646,0.050976574420928955,0.10357461124658585,0.0,5.0,
5357,4.252325057983398,11.552919387817383,0.011750936508178711,0.13212719559669495,0.1123376190662384,0.0,5.0,
5358,3.467296600341797,11.119281768798828,0.006453851703554392,0.09960342198610306,0.1381189376115799,0.0,5.0,
5359,6.497807502746582,11.17774486541748,0.04860244318842888,0.1904180347919464,0.08249890059232712,0.0,5.0,
5360,2.6677780151367188,9.642138481140137,0.023587066680192947,0.05924254655838013,0.09229826182126999,0.0,5.0,
5361,9.563944816589355,10.224608421325684,0.0014405250549316406,0.35786905884742737,0.07481592893600464,0.0,5.0,
5362,5.881374359130859,12.189334869384766,0.13696539402008057,0.07237750291824341,0.113441102206707,0.0,5.0,
5363,2.6075973510742188,13.032403945922852,0.0,0.08073373883962631,0.09010779857635498,0.0,5.0,
5364,8.801997184753418,10.217350006103516,0.23756720125675201,0.09639739990234375,0.07428925484418869,0.0,5.0,
5365,3.8092851638793945,9.96829605102539,0.04780133441090584,0.07933703064918518,0.1083909273147583,0.0,5.0,
5366,5.505341529846191,9.983330726623535,0.04966835305094719,0.1436905860900879,0.10637728124856949,0.0,5.0,
5367,3.4245824813842773,11.712677955627441,0.0010079940548166633,0.1133681982755661,0.08896583318710327,0.0,5.0,
5368,3.9172916412353516,11.456944465637207,0.0,0.1310114860534668,0.10239901393651962,0.0,5.0,
5369,2.519502639770508,10.452798843383789,0.008892874233424664,0.0688355565071106,0.10383588075637817,0.0,5.0,
5370,3.269843101501465,10.60083293914795,0.0,0.10544727742671967,0.11227769404649734,0.0,5.0,
5371,3.107778549194336,9.953571319580078,0.04047979786992073,0.06252332031726837,0.08871675282716751,0.0,5.0,
5372,3.6816024780273438,9.490766525268555,0.04698842763900757,0.07732293754816055,0.09494227916002274,0.0,5.0,
5373,6.44864559173584,8.938511848449707,0.01702946424484253,0.21717815101146698,0.0973731279373169,0.0,5.0,
5374,5.7462921142578125,10.9816255569458,0.027715086936950684,0.17965635657310486,0.09635499119758606,0.0,5.0,
5375,4.975866317749023,9.739415168762207,0.15244191884994507,0.02497319132089615,0.09122686833143234,0.0,5.0,
5376,6.072707176208496,11.052621841430664,0.07310952246189117,0.14516139030456543,0.09934177994728088,0.0,5.0,
5377,5.254027366638184,10.250732421875,0.0,0.18480810523033142,0.10501845926046371,0.0,5.0,
5378,5.8556976318359375,8.641209602355957,0.056613821536302567,0.15094828605651855,0.12281838804483414,0.0,5.0,
5379,6.081402778625488,11.719244003295898,0.057846229523420334,0.1652415543794632,0.0715874657034874,0.0,5.0,
5380,3.2708845138549805,12.180084228515625,0.054443635046482086,0.05639391392469406,0.07355179637670517,0.0,5.0,
5381,2.861264228820801,10.779823303222656,0.03179315850138664,0.056839533150196075,0.09569121152162552,0.0,5.0,
5382,1.4772014617919922,10.37883472442627,0.0026408631820231676,0.02980978973209858,0.10659847408533096,0.0,5.0,
5383,7.078280448913574,11.640910148620605,0.05653909966349602,0.20796969532966614,0.07844375818967819,0.0,5.0,
5384,5.062539100646973,9.285103797912598,0.03475431725382805,0.14848053455352783,0.08272591233253479,0.0,5.0,
5385,2.5203046798706055,9.63066291809082,0.04838287830352783,0.02118866518139839,0.13865496218204498,0.0,5.0,
5386,2.387063980102539,10.460541725158691,0.017847100272774696,0.0505044087767601,0.12056588381528854,0.0,5.0,
5387,3.0834598541259766,9.645671844482422,0.056816160678863525,0.043584778904914856,0.10525178909301758,0.0,5.0,
5388,2.6985855102539062,9.825265884399414,0.03294891119003296,0.056223515421152115,0.08599656820297241,0.0,5.0,
5389,3.8148279190063477,10.734362602233887,0.0,0.12310028076171875,0.12262334674596786,0.0,5.0,
5390,3.9753618240356445,10.659709930419922,0.0,0.136647567152977,0.08623134344816208,0.0,5.0,
5391,2.4042272567749023,10.738205909729004,0.03134733438491821,0.042632944881916046,0.09291574358940125,0.0,5.0,
5392,3.104048728942871,9.537235260009766,0.040971774607896805,0.06373441219329834,0.08159144967794418,0.0,5.0,
5393,7.469992637634277,11.24540901184082,0.00568842887878418,0.26956427097320557,0.09471423178911209,0.0,5.0,
5394,4.9551591873168945,9.742237091064453,0.047756094485521317,0.12622155249118805,0.1099030151963234,0.0,5.0,
5395,1.623992919921875,9.41878890991211,0.0,0.04294757544994354,0.0955716148018837,0.0,5.0,
5396,5.806279182434082,11.478367805480957,0.032506030052900314,0.17560388147830963,0.10061696916818619,0.0,5.0,
5397,4.562861442565918,10.241408348083496,0.07873481512069702,0.0807209238409996,0.10280397534370422,0.0,5.0,
5398,9.700504302978516,10.805318832397461,0.19505199790000916,0.17217104136943817,0.08225534111261368,0.0,5.0,
5399,5.695959091186523,10.072836875915527,0.03761255741119385,0.16566617786884308,0.10153970122337341,0.0,5.0,
5400,4.019465446472168,10.399511337280273,0.07416949421167374,0.060010265558958054,0.11442192643880844,0.0,5.0,
5401,1.273179054260254,11.532821655273438,0.007845182903110981,0.020269613713026047,0.098244808614254,0.0,5.0,
5402,5.325360298156738,11.179537773132324,0.0,0.19240614771842957,0.0936121940612793,0.0,5.0,
5403,5.365116119384766,9.270011901855469,0.056608278304338455,0.1332094669342041,0.10847242921590805,0.0,5.0,
5404,2.1627988815307617,9.651073455810547,0.030933598056435585,0.03193549066781998,0.09452921897172928,0.0,5.0,
5405,2.006528854370117,9.482120513916016,0.03405306860804558,0.01944292150437832,0.12145575135946274,0.0,5.0,
5406,1.9987220764160156,9.997563362121582,0.03457726910710335,0.024736054241657257,0.08828678727149963,0.0,5.0,
5407,3.998748779296875,9.806907653808594,0.014475305564701557,0.1263183206319809,0.08155906945466995,0.0,5.0,
5408,6.88507080078125,9.927081108093262,0.10392999649047852,0.14528918266296387,0.1124265119433403,0.0,5.0,
5409,7.715115547180176,9.44088077545166,0.0,0.28845489025115967,0.08544091135263443,0.0,5.0,
5410,3.529770851135254,10.657929420471191,0.0059683918952941895,0.11015233397483826,0.09491344541311264,0.0,5.0,
5411,6.259026527404785,8.230961799621582,0.07976831495761871,0.1454460769891739,0.11472947150468826,0.0,5.0,
5412,2.424729347229004,11.188041687011719,0.0,0.0761898010969162,0.08802760392427444,0.0,5.0,
5413,7.467350006103516,10.487627029418945,0.1982673555612564,0.07712292671203613,0.09914839267730713,0.0,5.0,
5414,4.138140678405762,10.63765811920166,0.0994880199432373,0.04729212075471878,0.08452267199754715,0.0,5.0,
5415,5.655108451843262,10.047767639160156,0.08641315996646881,0.11792635172605515,0.09719354659318924,0.0,5.0,
5416,3.576380729675293,11.1502046585083,0.050357043743133545,0.0667242705821991,0.0965714082121849,0.0,5.0,
5417,1.8754653930664062,11.879876136779785,0.02643108367919922,0.02434839867055416,0.10791578143835068,0.0,5.0,
5418,4.996964454650879,10.620080947875977,0.0,0.17451618611812592,0.1109994575381279,0.0,5.0,
5419,4.1760969161987305,10.752420425415039,0.053961556404829025,0.08177196979522705,0.1416235715150833,0.0,5.0,
5420,4.016375541687012,11.923379898071289,0.0,0.13584215939044952,0.09557970613241196,0.0,5.0,
5421,5.857410430908203,10.972627639770508,0.036365408450365067,0.1657022088766098,0.14217402040958405,0.0,5.0,
5422,4.036783218383789,11.1072998046875,0.0,0.13327570259571075,0.12861090898513794,0.0,5.0,
5423,2.5037269592285156,10.632163047790527,0.03530573844909668,0.03640542924404144,0.1217992827296257,0.0,5.0,
5424,4.666567802429199,10.81252670288086,0.001813391805626452,0.15804290771484375,0.11652877181768417,0.0,5.0,
5425,3.2511844635009766,9.602137565612793,0.0,0.10475664585828781,0.10892233997583389,0.0,5.0,
5426,2.4162778854370117,10.588541984558105,0.015275736339390278,0.06116153299808502,0.09462424367666245,0.0,5.0,
5427,4.66253662109375,10.628591537475586,0.07655686140060425,0.08041010051965714,0.12948091328144073,0.0,5.0,
5428,5.686145782470703,10.854049682617188,0.03958628699183464,0.16155311465263367,0.115690678358078,0.0,5.0,
5429,3.011392593383789,9.755232810974121,0.012966613285243511,0.08244404196739197,0.10747527331113815,0.0,5.0,
5430,3.819486618041992,9.606427192687988,0.10915448516607285,0.021918758749961853,0.09318727254867554,0.0,5.0,
5431,3.9290618896484375,10.312217712402344,0.053020138293504715,0.07685036957263947,0.11569467931985855,0.0,5.0,
5432,2.3103561401367188,10.789702415466309,0.02483457326889038,0.03880845755338669,0.125962495803833,0.0,5.0,
5433,2.7272138595581055,10.12193775177002,0.0,0.08724278956651688,0.07906647026538849,0.0,5.0,
5434,2.049809455871582,11.878881454467773,0.02089848183095455,0.038227204233407974,0.09460868686437607,0.0,5.0,
5435,2.0925989151000977,10.238052368164062,0.020517488941550255,0.03863398730754852,0.10172826796770096,0.0,5.0,
5436,4.464357376098633,11.501287460327148,0.04782754182815552,0.10605384409427643,0.11359325796365738,0.0,5.0,
5437,7.053142547607422,10.867288589477539,0.21064572036266327,0.050248075276613235,0.08750241249799728,0.0,5.0,
5438,4.060257911682129,10.454418182373047,0.03013545274734497,0.10315490514039993,0.11288008838891983,0.0,5.0,
5439,6.197686195373535,10.4435453414917,0.065648652613163,0.15864314138889313,0.10407137125730515,0.0,5.0,
5440,4.100648880004883,10.532739639282227,0.03459354117512703,0.10343742370605469,0.11246205121278763,0.0,5.0,
5441,11.933859825134277,11.38851261138916,0.07493285089731216,0.3777565360069275,0.09980744868516922,0.0,5.0,
5442,2.7251319885253906,10.128630638122559,0.0,0.08161629736423492,0.11600493639707565,0.0,5.0,
5443,3.1695632934570312,10.69873332977295,0.0,0.10308970510959625,0.10113350301980972,0.0,5.0,
5444,1.9743595123291016,10.699419975280762,0.010616183280944824,0.04866955429315567,0.08420320600271225,0.0,5.0,
5445,5.7979736328125,10.955050468444824,0.027593335136771202,0.1846882700920105,0.07105077058076859,0.0,5.0,
5446,2.4585466384887695,10.032794952392578,0.002300043823197484,0.07249535620212555,0.10278302431106567,0.0,5.0,
5447,7.168540000915527,10.605340957641602,0.04454116150736809,0.22049982845783234,0.091439388692379,0.0,5.0,
5448,1.510300636291504,12.047041893005371,0.0,0.030804511159658432,0.11045077443122864,0.0,5.0,
5449,6.955808639526367,9.430499076843262,0.18844658136367798,0.06965955346822739,0.0874466523528099,0.0,5.0,
5450,6.264565467834473,10.270362854003906,0.03307433798909187,0.19716182351112366,0.07717663049697876,0.0,5.0,
5451,6.375033378601074,8.9349946975708,0.11908513307571411,0.11295521259307861,0.09050431847572327,0.0,5.0,
5452,6.375676155090332,11.34752082824707,0.076817587018013,0.1554679125547409,0.08030066639184952,0.0,5.0,
5453,5.657647132873535,9.705570220947266,0.12420070171356201,0.08096678555011749,0.06983274966478348,0.0,5.0,
5454,4.614300727844238,9.58130168914795,0.07340910285711288,0.08437463641166687,0.11043445020914078,0.0,5.0,
5455,2.872391700744629,9.47447681427002,0.044742584228515625,0.041261352598667145,0.12173942476511002,0.0,5.0,
5456,4.629404067993164,11.166807174682617,0.058202266693115234,0.10491801798343658,0.08069775253534317,0.0,5.0,
5457,3.8609752655029297,10.137743949890137,0.020026424899697304,0.11494788527488708,0.08209351450204849,0.0,5.0,
5458,6.6785783767700195,10.951988220214844,0.01229935884475708,0.23154419660568237,0.09509111195802689,0.0,5.0,
5459,3.900404930114746,9.091207504272461,0.046163298189640045,0.08879593014717102,0.08793690800666809,0.0,5.0,
5460,4.536599159240723,9.11791706085205,0.09327224642038345,0.06275448203086853,0.11285621672868729,0.0,5.0,
5461,4.438298225402832,10.055395126342773,0.039579153060913086,0.12396934628486633,0.05730101466178894,0.0,5.0,
5462,7.658916473388672,11.650904655456543,0.03984769061207771,0.24519015848636627,0.09493741393089294,0.0,5.0,
5463,6.279056549072266,9.907193183898926,0.1338302344083786,0.09138304740190506,0.1030706986784935,0.0,5.0,
5464,5.531451225280762,12.231471061706543,0.03021903894841671,0.16724632680416107,0.10338879376649857,0.0,5.0,
5465,5.172008514404297,9.954017639160156,0.06570965051651001,0.11502505093812943,0.09781435132026672,0.0,5.0,
5466,3.9964351654052734,11.320869445800781,0.045805156230926514,0.0922362208366394,0.09012626856565475,0.0,5.0,
5467,3.9204254150390625,11.700443267822266,0.07074584811925888,0.05984802544116974,0.09856421500444412,0.0,5.0,
5468,4.727999687194824,10.823636054992676,0.11016257852315903,0.0554257407784462,0.10521990060806274,0.0,5.0,
5469,2.9764175415039062,10.818373680114746,0.0029628872871398926,0.09185417741537094,0.1004638671875,0.0,5.0,
5470,4.294588088989258,10.951554298400879,0.0269180741161108,0.11887418478727341,0.09742613881826401,0.0,5.0,
5471,3.0941381454467773,9.813150405883789,0.04203760623931885,0.055013664066791534,0.11781352758407593,0.0,5.0,
5472,2.771306037902832,11.949847221374512,0.010957677848637104,0.07539328932762146,0.09085165709257126,0.0,5.0,
5473,4.256718635559082,12.931361198425293,0.0797555074095726,0.06566648185253143,0.10138809680938721,0.0,5.0,
5474,5.814593315124512,11.970719337463379,0.04080808162689209,0.17069464921951294,0.08358913660049438,0.0,5.0,
5475,2.4159889221191406,11.26559829711914,0.016899824142456055,0.05102819949388504,0.1194104477763176,0.0,5.0,
5476,2.3999557495117188,12.653858184814453,0.0,0.06175163388252258,0.11879295855760574,0.0,5.0,
5477,3.431650161743164,11.846755981445312,0.005222976207733154,0.10589080303907394,0.10539037734270096,0.0,5.0,
5478,6.669585227966309,13.883323669433594,0.0,0.23956847190856934,0.09923159331083298,0.0,5.0,
5479,5.751413345336914,10.851058959960938,0.0,0.20158740878105164,0.11802476644515991,0.0,5.0,
5480,12.757655143737793,12.84123706817627,0.09914781153202057,0.38607025146484375,0.10164804011583328,0.0,5.0,
5481,4.2295942306518555,11.898571014404297,0.01714249514043331,0.12913155555725098,0.09284303337335587,0.0,5.0,
5482,7.078581809997559,11.96164608001709,0.0635516494512558,0.194871723651886,0.10393492132425308,0.0,5.0,
5483,2.4009695053100586,9.762995719909668,0.0,0.07528454810380936,0.08553274720907211,0.0,5.0,
5484,4.605110168457031,10.357162475585938,0.03213125467300415,0.13142512738704681,0.0744682177901268,0.0,5.0,
5485,4.410228729248047,9.954557418823242,0.05182782933115959,0.10016967356204987,0.10461839288473129,0.0,5.0,
5486,2.4790706634521484,9.247632026672363,0.0476885624229908,0.027469752356410027,0.08246007561683655,0.0,5.0,
5487,3.5437660217285156,9.502006530761719,0.029125332832336426,0.09280712157487869,0.08143249154090881,0.0,5.0,
5488,8.721742630004883,9.451257705688477,0.13735459744930267,0.18880082666873932,0.10131936520338058,0.0,5.0,
5489,2.839262008666992,9.583403587341309,0.03973591327667236,0.0524321123957634,0.08250270038843155,0.0,5.0,
5490,3.0795183181762695,10.043642044067383,0.07001545280218124,0.03314853459596634,0.0858633816242218,0.0,5.0,
5491,2.7426071166992188,10.545918464660645,0.0,0.08863739669322968,0.08758420497179031,0.0,5.0,
5492,2.789475440979004,9.396081924438477,0.015498598106205463,0.07135642319917679,0.09415573626756668,0.0,5.0,
5493,4.012722969055176,9.060967445373535,0.12118778377771378,0.018381783738732338,0.08403798937797546,0.0,5.0,
5494,4.932345390319824,10.757246971130371,0.03726528212428093,0.13482877612113953,0.09796146303415298,0.0,5.0,
5495,9.514042854309082,9.309868812561035,0.3261745870113373,0.035032808780670166,0.08436581492424011,0.0,5.0,
5496,3.1302623748779297,9.273436546325684,0.023625394329428673,0.08172903954982758,0.08145428448915482,0.0,5.0,
5497,2.2247753143310547,11.24061393737793,0.020510613918304443,0.044837526977062225,0.08701223880052567,0.0,5.0,
5498,6.720841407775879,10.939379692077637,0.019865909591317177,0.21920174360275269,0.12968702614307404,0.0,5.0,
5499,7.515942573547363,10.695088386535645,0.03697735071182251,0.23188769817352295,0.1322447508573532,0.0,5.0,
5500,2.109041213989258,10.208672523498535,0.0,0.060187771916389465,0.07385442405939102,0.0,5.0,"[1.0832668542861938, 1.260169267654419, 1.1904090642929077]"
5501,6.283625602722168,10.114583015441895,0.0,0.2261764109134674,0.08815700560808182,0.0,5.0,
5502,6.980504035949707,9.23288631439209,0.11499965190887451,0.13591408729553223,0.12862041592597961,0.0,5.0,
5503,1.951925277709961,10.006539344787598,0.0,0.04601898789405823,0.12147174030542374,0.0,5.0,
5504,5.1604461669921875,10.630374908447266,0.00621767807751894,0.17953583598136902,0.08342629671096802,0.0,5.0,
5505,2.2980165481567383,10.404631614685059,0.035238880664110184,0.04036523401737213,0.07301757484674454,0.0,5.0,
5506,6.026394844055176,8.814706802368164,0.07625105232000351,0.1404498964548111,0.10628771781921387,0.0,5.0,
5507,4.175482749938965,10.367466926574707,0.0,0.13621900975704193,0.11680865287780762,0.0,5.0,
5508,6.7496232986450195,9.863248825073242,0.014869253151118755,0.22523339092731476,0.11598219722509384,0.0,5.0,
5509,0.9008235931396484,9.986143112182617,0.0,0.01175965741276741,0.11136413365602493,0.0,5.0,
5510,6.402369499206543,11.718012809753418,0.05689505860209465,0.1755826622247696,0.09948482364416122,0.0,5.0,
5511,1.9631519317626953,9.44986629486084,0.03527452424168587,0.01907450705766678,0.07803473621606827,0.0,5.0,
5512,3.146709442138672,8.183091163635254,0.023149967193603516,0.08130590617656708,0.07871640473604202,0.0,5.0,
5513,4.317416191101074,8.504995346069336,0.09870320558547974,0.05078631266951561,0.1006295308470726,0.0,5.0,
5514,3.0081987380981445,9.849451065063477,0.022248387336730957,0.07924582809209824,0.07312246412038803,0.0,5.0,
5515,2.7174205780029297,9.468704223632812,0.04529893398284912,0.03717941790819168,0.07674474269151688,0.0,5.0,
5516,5.99315071105957,9.156298637390137,0.006835659500211477,0.207472026348114,0.09525363892316818,0.0,5.0,
5517,2.4558324813842773,10.396638870239258,0.0,0.07583566009998322,0.07572288811206818,0.0,5.0,
5518,3.271371841430664,9.322090148925781,0.07795847952365875,0.02528127282857895,0.10921213775873184,0.0,5.0,
5519,3.940919876098633,9.048126220703125,0.11259754747152328,0.02333957888185978,0.08374831825494766,0.0,5.0,
5520,4.183793067932129,9.306781768798828,0.0785362496972084,0.06247323378920555,0.1090816780924797,0.0,5.0,
5521,2.880568504333496,9.960846900939941,0.0,0.09015175700187683,0.10372138023376465,0.0,5.0,
5522,3.7029552459716797,10.089506149291992,0.010838170535862446,0.11202417314052582,0.09202281385660172,0.0,5.0,
5523,3.4950027465820312,9.325577735900879,0.0,0.11356908082962036,0.10692626982927322,0.0,5.0,
5524,2.602471351623535,9.405373573303223,0.042109448462724686,0.03666970506310463,0.10376603156328201,0.0,5.0,
5525,3.930880546569824,10.92724323272705,0.007482608314603567,0.12480738759040833,0.10485345870256424,0.0,5.0,
5526,2.9835262298583984,10.317229270935059,0.044194359332323074,0.05596340447664261,0.07817944884300232,0.0,5.0,
5527,3.2199506759643555,10.446966171264648,0.019346773624420166,0.08093997836112976,0.12076660990715027,0.0,5.0,
5528,2.144120216369629,9.481773376464844,0.012994985096156597,0.047125209122896194,0.10600870847702026,0.0,5.0,
5529,5.1814069747924805,9.558744430541992,0.050347767770290375,0.13319025933742523,0.10766618698835373,0.0,5.0,
5530,8.448171615600586,10.129849433898926,0.05090345814824104,0.2653568983078003,0.09228235483169556,0.0,5.0,
5531,2.943063735961914,8.895855903625488,0.0001320640294579789,0.09197261184453964,0.09879473596811295,0.0,5.0,
5532,5.222794532775879,10.605255126953125,0.0,0.18514199554920197,0.09750435501337051,0.0,5.0,
5533,2.8633108139038086,10.75992488861084,0.0,0.09372611343860626,0.08190837502479553,0.0,5.0,
5534,5.812995910644531,8.68836498260498,0.1311427652835846,0.07273484766483307,0.1274421662092209,0.0,5.0,
5535,3.6959915161132812,9.220192909240723,0.00044423341751098633,0.12483274936676025,0.07570677250623703,0.0,5.0,
5536,1.5270709991455078,10.666840553283691,0.0,0.035377394407987595,0.10148870199918747,0.0,5.0,
5537,2.707228660583496,9.955218315124512,0.055052340030670166,0.028254136443138123,0.11032827943563461,0.0,5.0,
5538,4.24092960357666,10.143372535705566,0.06353944540023804,0.08175835013389587,0.1058407798409462,0.0,5.0,
5539,3.6884193420410156,10.708767890930176,0.05045042559504509,0.0790807455778122,0.06786229461431503,0.0,5.0,
5540,1.9782629013061523,10.014734268188477,0.039194125682115555,0.012051540426909924,0.08781113475561142,0.0,5.0,
5541,4.858837127685547,12.00196647644043,0.07665618509054184,0.09522850811481476,0.08543264865875244,0.0,5.0,
5542,8.133320808410645,10.481876373291016,0.19733721017837524,0.10731661319732666,0.0935606062412262,0.0,5.0,
5543,4.393824577331543,11.569217681884766,0.0,0.15013663470745087,0.1034206748008728,0.0,5.0,
5544,6.923832893371582,10.852603912353516,0.08341789245605469,0.16941066086292267,0.09582897275686264,0.0,5.0,
5545,4.76741886138916,11.113824844360352,0.08778349310159683,0.08087988197803497,0.10045678168535233,0.0,5.0,
5546,2.2458839416503906,9.926971435546875,0.013681530952453613,0.049551814794540405,0.11292009800672531,0.0,5.0,
5547,3.9985551834106445,10.170112609863281,0.061514437198638916,0.07413433492183685,0.09226507693529129,0.0,5.0,
5548,5.395489692687988,11.49610424041748,0.11019136011600494,0.07241128385066986,0.10225585103034973,0.0,5.0,
5549,3.6739988327026367,9.766396522521973,0.03444858267903328,0.07876105606555939,0.13599009811878204,0.0,5.0,
5550,4.497523307800293,11.984264373779297,0.0,0.15416516363620758,0.10660269111394882,0.0,5.0,
5551,3.842291831970215,11.634028434753418,0.06709468364715576,0.0644998550415039,0.08555614948272705,0.0,5.0,
5552,7.040523529052734,11.761466979980469,0.0,0.24809347093105316,0.1125485897064209,0.0,5.0,
5553,6.6060380935668945,12.363950729370117,0.008895953185856342,0.22278709709644318,0.08089334517717361,0.0,5.0,
5554,7.864256858825684,11.471331596374512,0.02603934146463871,0.2601090371608734,0.11891923099756241,0.0,5.0,
5555,2.273355484008789,10.509834289550781,0.0,0.07352699339389801,0.06791380792856216,0.0,5.0,
5556,1.467947006225586,10.981979370117188,0.0,0.03652283921837807,0.08186762779951096,0.0,5.0,
5557,2.0220489501953125,10.892536163330078,0.0,0.05696675926446915,0.09504512697458267,0.0,5.0,
5558,6.185785293579102,10.086588859558105,0.07255687564611435,0.14936436712741852,0.10470703989267349,0.0,5.0,
5559,2.800591468811035,9.718406677246094,0.012405256740748882,0.07240591198205948,0.09252101927995682,0.0,5.0,
5560,4.140064239501953,9.894672393798828,0.07272789627313614,0.066697858273983,0.10706499218940735,0.0,5.0,
5561,2.348896026611328,9.501126289367676,0.004666765686124563,0.07125842571258545,0.08191961795091629,0.0,5.0,
5562,4.203451156616211,9.871672630310059,0.04702039435505867,0.10342460125684738,0.07472962886095047,0.0,5.0,
5563,3.0666580200195312,10.040373802185059,0.031225422397255898,0.0710769072175026,0.08487001806497574,0.0,5.0,
5564,1.8267745971679688,9.551445007324219,0.0255912933498621,0.024489397183060646,0.09788280725479126,0.0,5.0,
5565,6.206120491027832,9.307861328125,0.13923396170139313,0.08811049163341522,0.07776260375976562,0.0,5.0,
5566,2.939499855041504,8.99029541015625,0.05732208490371704,0.03684176504611969,0.09643923491239548,0.0,5.0,
5567,7.051242828369141,9.854687690734863,0.018299320712685585,0.23697057366371155,0.11262763291597366,0.0,5.0,
5568,3.056992530822754,10.79316520690918,0.03578364849090576,0.06248737871646881,0.09816408902406693,0.0,5.0,
5569,8.145332336425781,9.922098159790039,0.12385040521621704,0.1769062578678131,0.08656864613294601,0.0,5.0,
5570,1.4416389465332031,11.01806354522705,0.0,0.037666480988264084,0.06942971795797348,0.0,5.0,
5571,3.516775131225586,10.996832847595215,0.009663243778049946,0.10738980025053024,0.08861848711967468,0.0,5.0,
5572,6.935019493103027,11.154221534729004,0.0362696647644043,0.21665619313716888,0.09281671047210693,0.0,5.0,
5573,1.8957014083862305,11.56590461730957,0.0,0.04980183392763138,0.09925667196512222,0.0,5.0,
5574,10.02242374420166,10.48095703125,0.09378441423177719,0.287852942943573,0.05668608471751213,0.0,5.0,
5575,4.794753074645996,11.265068054199219,0.031657714396715164,0.13968321681022644,0.0667555183172226,0.0,5.0,
5576,4.113541603088379,11.645713806152344,0.0696483850479126,0.06490248441696167,0.09036707133054733,0.0,5.0,
5577,7.766077995300293,10.104125022888184,0.023678481578826904,0.260014146566391,0.09052273631095886,0.0,5.0,
5578,1.971571922302246,10.444576263427734,0.008392930030822754,0.0365249402821064,0.09466686844825745,0.0,5.0,
5579,1.9548978805541992,9.295207977294922,0.016056856140494347,0.04299839213490486,0.0776539146900177,0.0,5.0,
5580,3.783550262451172,9.085993766784668,0.03016618825495243,0.10305240005254745,0.07413920015096664,0.0,5.0,
5581,4.982200622558594,10.624723434448242,0.1085248589515686,0.06891641020774841,0.08159271627664566,0.0,5.0,
5582,2.555307388305664,9.996191024780273,0.0,0.07515490800142288,0.09648428112268448,0.0,5.0,
5583,6.449919700622559,10.97691535949707,0.03161349147558212,0.20536792278289795,0.08199397474527359,0.0,5.0,
5584,3.5830039978027344,10.900751113891602,0.007193783763796091,0.11627961695194244,0.08604755252599716,0.0,5.0,
5585,5.065468788146973,9.763025283813477,0.015450000762939453,0.15964233875274658,0.12056687474250793,0.0,5.0,
5586,3.687422752380371,11.240922927856445,0.0,0.12235549837350845,0.099643774330616,0.0,5.0,
5587,3.692988395690918,9.234983444213867,0.09043089300394058,0.03467855975031853,0.07311122864484787,0.0,5.0,
5588,4.218954086303711,8.703653335571289,0.08842569589614868,0.05578017979860306,0.11164180189371109,0.0,5.0,
5589,5.00319766998291,8.683712005615234,0.09138822555541992,0.08770618587732315,0.0846884474158287,0.0,5.0,
5590,3.514227867126465,9.335182189941406,0.026225227862596512,0.09454309195280075,0.08073529601097107,0.0,5.0,
5591,3.847226142883301,9.212873458862305,0.07324107736349106,0.05847109109163284,0.09746941179037094,0.0,5.0,
5592,4.466180801391602,9.366765975952148,0.0,0.15817025303840637,0.07870208472013474,0.0,5.0,
5593,5.6798200607299805,9.36210823059082,0.03394242003560066,0.1698547601699829,0.08888932317495346,0.0,5.0,
5594,5.629533767700195,8.878941535949707,0.0579785518348217,0.14253006875514984,0.1100182756781578,0.0,5.0,
5595,3.4439210891723633,11.717480659484863,0.02050926350057125,0.09495888650417328,0.09474527835845947,0.0,5.0,
5596,3.285616874694824,9.679802894592285,0.046235598623752594,0.060761768370866776,0.09887076169252396,0.0,5.0,
5597,1.6180906295776367,10.875763893127441,0.02481631375849247,0.01601511612534523,0.09096205979585648,0.0,5.0,
5598,3.267178535461426,9.00283145904541,0.011114656925201416,0.09993130713701248,0.07944311201572418,0.0,5.0,
5599,6.735742568969727,9.648144721984863,0.017789799720048904,0.22276358306407928,0.12833349406719208,0.0,5.0,
5600,3.2856130599975586,10.311623573303223,0.05034251883625984,0.05803050100803375,0.09675609320402145,0.0,5.0,
5601,5.26639461517334,10.565040588378906,0.08704203367233276,0.09574878215789795,0.10243590921163559,0.0,5.0,
5602,3.0241031646728516,8.923911094665527,0.010804613120853901,0.08580423146486282,0.10227885097265244,0.0,5.0,
5603,4.458867073059082,10.630887985229492,0.10790149867534637,0.05059538409113884,0.07462885975837708,0.0,5.0,
5604,7.366398811340332,11.21613883972168,0.01888430118560791,0.25216343998908997,0.08912075310945511,0.0,5.0,
5605,4.791884422302246,9.918376922607422,0.07581134885549545,0.0961020216345787,0.08493975549936295,0.0,5.0,
5606,6.7510881423950195,10.100448608398438,0.09371694177389145,0.1492604911327362,0.10704232007265091,0.0,5.0,
5607,2.4832000732421875,9.177042961120605,0.03968995809555054,0.03896452859044075,0.08909226208925247,0.0,5.0,
5608,2.785872459411621,10.35344123840332,0.018839597702026367,0.06750446557998657,0.10929890722036362,0.0,5.0,
5609,6.818589210510254,9.288349151611328,0.019388297572731972,0.2253541201353073,0.11849156022071838,0.0,5.0,
5610,3.5240440368652344,9.320405006408691,0.0,0.11280623078346252,0.11931363493204117,0.0,5.0,
5611,4.322752952575684,9.234184265136719,0.029906848445534706,0.12005952000617981,0.10301476716995239,0.0,5.0,
5612,5.337340354919434,10.631756782531738,0.12732338905334473,0.05951458960771561,0.11274112015962601,0.0,5.0,
5613,2.841250419616699,10.324044227600098,0.018889546394348145,0.07499679177999496,0.07128163427114487,0.0,5.0,
5614,6.431715965270996,9.703750610351562,0.1888805776834488,0.04640795662999153,0.08568567037582397,0.0,5.0,
5615,5.022394180297852,10.739851951599121,0.025726914405822754,0.15780726075172424,0.07322496920824051,0.0,5.0,
5616,5.349530220031738,9.916476249694824,0.0,0.1909954994916916,0.08992781490087509,0.0,5.0,
5617,6.331521034240723,9.817387580871582,0.0,0.22594521939754486,0.11985350400209427,0.0,5.0,
5618,3.6448888778686523,9.671140670776367,0.00850429106503725,0.11560553312301636,0.09323234111070633,0.0,5.0,
5619,2.912290573120117,9.728927612304688,0.0007992585306055844,0.09205162525177002,0.10415788739919662,0.0,5.0,
5620,2.4277114868164062,8.959383964538574,0.06255513429641724,0.01109599880874157,0.09922482818365097,0.0,5.0,
5621,4.392124176025391,10.393082618713379,0.0,0.15261410176753998,0.10025853663682938,0.0,5.0,
5622,6.841054916381836,8.928877830505371,0.14403954148292542,0.10765282809734344,0.08547588437795639,0.0,5.0,
5623,3.1354312896728516,9.874523162841797,0.03314163163304329,0.07101395726203918,0.09311305731534958,0.0,5.0,
5624,2.851877212524414,10.520565032958984,0.015535414218902588,0.07672027498483658,0.08993402123451233,0.0,5.0,
5625,4.802985191345215,9.81885051727295,0.03953194618225098,0.1243182048201561,0.12186846137046814,0.0,5.0,
5626,5.396503448486328,9.198968887329102,0.0857798233628273,0.11031345278024673,0.08673737198114395,0.0,5.0,
5627,7.184433937072754,10.17134952545166,0.11004354804754257,0.1573653221130371,0.08244270831346512,0.0,5.0,
5628,3.0469446182250977,8.75164794921875,0.04715980961918831,0.05268939584493637,0.08214177936315536,0.0,5.0,
5629,2.264859199523926,9.296443939208984,0.04773847013711929,0.02069105952978134,0.0950375497341156,0.0,5.0,
5630,4.426394462585449,10.210344314575195,0.06112971156835556,0.09264873713254929,0.10193837434053421,0.0,5.0,
5631,5.8803205490112305,10.529382705688477,0.03317135572433472,0.17891016602516174,0.07945700734853745,0.0,5.0,
5632,5.348475456237793,10.555318832397461,0.16173945367336273,0.029522206634283066,0.09826845675706863,0.0,5.0,
5633,4.843351364135742,8.676025390625,0.057795725762844086,0.11389854550361633,0.10186434537172318,0.0,5.0,
5634,3.6933975219726562,10.923675537109375,0.0,0.12318547070026398,0.09926116466522217,0.0,5.0,
5635,8.753795623779297,11.290401458740234,0.2556192874908447,0.06466416269540787,0.13522973656654358,0.0,5.0,
5636,7.3435468673706055,10.6320219039917,0.0,0.26725542545318604,0.08461015671491623,0.0,5.0,
5637,3.3530588150024414,10.71731948852539,0.0,0.10352645814418793,0.1286919265985489,0.0,5.0,
5638,3.522477149963379,11.581872940063477,0.0026016037445515394,0.11624962091445923,0.0842319130897522,0.0,5.0,
5639,2.9161367416381836,11.01716423034668,0.0,0.09142490476369858,0.11460009962320328,0.0,5.0,
5640,4.878268241882324,11.592330932617188,0.0,0.16332820057868958,0.13020193576812744,0.0,5.0,
5641,10.385921478271484,10.865589141845703,0.040864426642656326,0.35155779123306274,0.09970689564943314,0.0,5.0,
5642,6.373928070068359,11.350719451904297,0.0031250715255737305,0.2246132791042328,0.09742811322212219,0.0,5.0,
5643,2.51151180267334,10.960945129394531,0.025010546669363976,0.052863143384456635,0.07919449359178543,0.0,5.0,
5644,4.965950012207031,11.908547401428223,0.09341571480035782,0.08384278416633606,0.09238751977682114,0.0,5.0,
5645,6.157504081726074,12.263038635253906,0.0,0.21746018528938293,0.09432581067085266,0.0,5.0,
5646,14.298316955566406,10.686603546142578,0.052554190158843994,0.493291437625885,0.10733318328857422,0.0,5.0,
5647,2.6713132858276367,11.512194633483887,0.04400942847132683,0.03583770990371704,0.09144755452871323,0.0,5.0,
5648,4.249058723449707,11.371933937072754,0.06879904121160507,0.07641568034887314,0.10083302855491638,0.0,5.0,
5649,3.0938720703125,10.607903480529785,0.019075453281402588,0.08199775218963623,0.07837365567684174,0.0,5.0,
5650,8.025208473205566,11.491606712341309,0.25565093755722046,0.04456821084022522,0.08284999430179596,0.0,5.0,
5651,3.674814224243164,9.745412826538086,0.10872700065374374,0.013030774891376495,0.10931619256734848,0.0,5.0,
5652,4.574322700500488,9.948687553405762,0.10301627963781357,0.05799095705151558,0.09615571051836014,0.0,5.0,
5653,5.368325233459473,9.84972095489502,0.04134947061538696,0.14994603395462036,0.10081809759140015,0.0,5.0,
5654,3.2135820388793945,11.145934104919434,0.02786419913172722,0.07405053824186325,0.11015954613685608,0.0,5.0,
5655,5.6608991622924805,9.153030395507812,0.06566973775625229,0.13637502491474152,0.08305052667856216,0.0,5.0,
5656,4.447288513183594,10.6965913772583,0.008058707229793072,0.14555835723876953,0.10802242904901505,0.0,5.0,
5657,2.9965124130249023,10.732152938842773,0.044660668820142746,0.05030295252799988,0.107520692050457,0.0,5.0,
5658,4.427960395812988,11.836816787719727,0.0176223311573267,0.13323037326335907,0.11003527045249939,0.0,5.0,
5659,1.884486198425293,11.546968460083008,0.01972530223429203,0.024274423718452454,0.13345091044902802,0.0,5.0,
5660,5.607810020446777,12.249432563781738,0.0,0.20043417811393738,0.08342733234167099,0.0,5.0,
5661,3.531477928161621,12.975852012634277,0.049233853816986084,0.06552296876907349,0.09479868412017822,0.0,5.0,
5662,5.816576957702637,12.021441459655762,0.012688596732914448,0.18823854625225067,0.12332841008901596,0.0,5.0,
5663,3.380331039428711,11.641045570373535,0.0,0.101650170981884,0.12796998023986816,0.0,5.0,
5664,8.594403266906738,12.17817497253418,0.08702222257852554,0.22998838126659393,0.1079234778881073,0.0,5.0,
5665,5.915266990661621,12.849099159240723,0.017679015174508095,0.18991723656654358,0.10169180482625961,0.0,5.0,
5666,5.541327476501465,12.933433532714844,0.03871079161763191,0.16033479571342468,0.08766669034957886,0.0,5.0,
5667,5.184504508972168,13.406763076782227,0.0,0.1778324842453003,0.11566242575645447,0.0,5.0,
5668,3.683462142944336,12.143210411071777,0.0,0.12296975404024124,0.09040767699480057,0.0,5.0,
5669,5.4407548904418945,12.458948135375977,0.01093949843198061,0.1788439005613327,0.11279351264238358,0.0,5.0,
5670,2.602412223815918,11.071989059448242,0.0,0.07909908890724182,0.08882486820220947,0.0,5.0,
5671,3.1111297607421875,10.391022682189941,0.018067577853798866,0.0823516920208931,0.09903112053871155,0.0,5.0,
5672,4.770899772644043,10.368764877319336,0.05715183541178703,0.10794693231582642,0.09810314327478409,0.0,5.0,
5673,2.9236745834350586,11.357890129089355,0.0,0.09272627532482147,0.06893403828144073,0.0,5.0,
5674,2.3688764572143555,12.030651092529297,0.008560736663639545,0.05639277398586273,0.10907340049743652,0.0,5.0,
5675,3.416454315185547,10.282533645629883,0.04332780838012695,0.07032835483551025,0.08021917194128036,0.0,5.0,
5676,4.7947540283203125,11.893320083618164,0.07766033709049225,0.08247043192386627,0.09582087397575378,0.0,5.0,
5677,2.6380443572998047,10.004429817199707,0.057757019996643066,0.03063112124800682,0.06569769978523254,0.0,5.0,
5678,4.531404495239258,11.240797996520996,0.07516596466302872,0.08164150267839432,0.07645613700151443,0.0,5.0,
5679,7.384106636047363,9.313369750976562,0.12166521698236465,0.15344318747520447,0.07870417088270187,0.0,5.0,
5680,2.5148658752441406,10.506464004516602,0.03647041320800781,0.040261976420879364,0.08460092544555664,0.0,5.0,
5681,3.582326889038086,9.407879829406738,0.08813253790140152,0.03451155871152878,0.07676320523023605,0.0,5.0,
5682,3.1288061141967773,10.498516082763672,0.09139758348464966,0.011886741034686565,0.0976683497428894,0.0,5.0,
5683,4.529670715332031,10.396883964538574,0.033845286816358566,0.12278298288583755,0.09772200137376785,0.0,5.0,
5684,2.687657356262207,10.702460289001465,0.008020341396331787,0.07400583475828171,0.10441944748163223,0.0,5.0,
5685,7.273983001708984,9.676981925964355,0.0,0.266232430934906,0.1024734154343605,0.0,5.0,
5686,2.4225683212280273,10.798469543457031,0.062155526131391525,0.010107195004820824,0.09982600063085556,0.0,5.0,
5687,4.375576019287109,11.084761619567871,0.013440370559692383,0.1378040909767151,0.0950315073132515,0.0,5.0,
5688,3.517012596130371,11.34246826171875,0.0,0.1133904904127121,0.10695397853851318,0.0,5.0,
5689,5.643410682678223,9.887453079223633,0.0,0.20038993656635284,0.10463523119688034,0.0,5.0,
5690,7.067084312438965,8.735879898071289,0.0,0.2547301650047302,0.120857834815979,0.0,5.0,
5691,3.536073684692383,10.722785949707031,0.03140223026275635,0.08414097130298615,0.10508175939321518,0.0,5.0,
5692,8.363504409790039,10.3896484375,0.07084006071090698,0.2362150251865387,0.11783886700868607,0.0,5.0,
5693,5.526780128479004,10.825033187866211,0.04438282921910286,0.15178313851356506,0.08660122752189636,0.0,5.0,
5694,4.240020751953125,10.608909606933594,0.054831068962812424,0.09218746423721313,0.09119456261396408,0.0,5.0,
5695,5.696166038513184,10.723468780517578,0.09208288043737411,0.1129496768116951,0.09942377358675003,0.0,5.0,
5696,5.322668075561523,10.44625473022461,0.06269331276416779,0.13091710209846497,0.06881024688482285,0.0,5.0,
5697,4.152153968811035,8.86601734161377,0.1289145052433014,0.013804679736495018,0.09298527985811234,0.0,5.0,
5698,2.2205514907836914,10.281719207763672,0.02458345890045166,0.03970754146575928,0.09818660467863083,0.0,5.0,
5699,2.5036516189575195,9.660829544067383,0.025468211621046066,0.053082797676324844,0.09034507721662521,0.0,5.0,
5700,2.2662534713745117,10.721269607543945,0.0,0.06126470863819122,0.09567189961671829,0.0,5.0,
5701,5.331050872802734,10.527231216430664,0.03475664183497429,0.14998005330562592,0.1083550825715065,0.0,5.0,
5702,6.47086238861084,11.60042667388916,0.08904377371072769,0.14516876637935638,0.08654090017080307,0.0,5.0,
5703,4.907757759094238,10.703134536743164,0.07211188226938248,0.09637121111154556,0.11025756597518921,0.0,5.0,
5704,12.96226692199707,9.560649871826172,0.29043009877204895,0.20579040050506592,0.0926765725016594,0.0,5.0,
5705,2.20074462890625,12.063175201416016,0.002283811569213867,0.06498534977436066,0.08167325705289841,0.0,5.0,
5706,4.5616044998168945,10.625601768493652,0.07651873677968979,0.08440995961427689,0.09607461094856262,0.0,5.0,
5707,3.4666128158569336,11.167919158935547,0.043712276965379715,0.0755961611866951,0.06242651864886284,0.0,5.0,
5708,1.436594009399414,10.622772216796875,0.012925605289638042,0.022064652293920517,0.0813322439789772,0.0,5.0,
5709,3.9564380645751953,10.922531127929688,0.0496479868888855,0.08465199172496796,0.09018579125404358,0.0,5.0,
5710,5.217286109924316,11.940664291381836,0.04129384085536003,0.14520016312599182,0.0887383222579956,0.0,5.0,
5711,2.1747827529907227,8.782495498657227,0.0,0.0651562511920929,0.09732558578252792,0.0,5.0,
5712,3.661233901977539,12.295377731323242,0.0,0.12133611738681793,0.10332229733467102,0.0,5.0,
5713,9.33806324005127,11.546411514282227,0.012890517711639404,0.33255815505981445,0.12568919360637665,0.0,5.0,
5714,3.402754783630371,11.947577476501465,0.025384506210684776,0.08658472448587418,0.09090102463960648,0.0,5.0,
5715,4.835903167724609,9.605511665344238,0.01408308744430542,0.15346188843250275,0.11718913167715073,0.0,5.0,
5716,1.7455921173095703,11.330879211425781,0.0,0.04248209670186043,0.09723973274230957,0.0,5.0,
5717,5.668844223022461,10.805612564086914,0.07568091154098511,0.12675386667251587,0.08773267269134521,0.0,5.0,
5718,11.388641357421875,10.973150253295898,0.05484096333384514,0.37442800402641296,0.09482059627771378,0.0,5.0,
5719,6.735062599182129,9.45524787902832,0.06310711055994034,0.18221846222877502,0.0935811772942543,0.0,5.0,
5720,9.480273246765137,10.20377254486084,0.12041083723306656,0.2359173446893692,0.09194166213274002,0.0,5.0,
5721,5.62485408782959,9.582606315612793,0.06688582897186279,0.13960783183574677,0.07574117183685303,0.0,5.0,
5722,2.8223724365234375,11.566658973693848,0.00488676642999053,0.07934108376502991,0.12177595496177673,0.0,5.0,
5723,4.395369529724121,11.03729248046875,0.033236920833587646,0.11728855222463608,0.09323657304048538,0.0,5.0,
5724,5.464990615844727,9.486977577209473,0.08563264459371567,0.1108207106590271,0.0841759517788887,0.0,5.0,
5725,4.0473432540893555,10.762055397033691,0.02854841947555542,0.11352336406707764,0.0845748782157898,0.0,5.0,
5726,6.041105270385742,9.685914039611816,0.01531153917312622,0.20444905757904053,0.09446790814399719,0.0,5.0,
5727,6.6845903396606445,9.720169067382812,0.07810316234827042,0.1673130840063095,0.08507070690393448,0.0,5.0,
5728,6.3459978103637695,9.357483863830566,0.1307874172925949,0.1012684777379036,0.0793192982673645,0.0,5.0,
5729,7.788610458374023,9.17869758605957,0.09363371133804321,0.2007276713848114,0.07330828905105591,0.0,5.0,
5730,8.987786293029785,10.28357219696045,0.1771705597639084,0.16403013467788696,0.06698019057512283,0.0,5.0,
5731,7.254969596862793,9.764617919921875,0.08643126487731934,0.1833372414112091,0.07840549200773239,0.0,5.0,
5732,5.234866142272949,9.02759838104248,0.09321657568216324,0.09499382227659225,0.06962268799543381,0.0,5.0,
5733,6.158099174499512,9.209373474121094,0.08664917945861816,0.14433160424232483,0.056945864111185074,0.0,5.0,
5734,4.198359489440918,8.522223472595215,0.06691902875900269,0.07529959082603455,0.09886568784713745,0.0,5.0,
5735,3.158492088317871,9.630069732666016,0.07678490877151489,0.024948161095380783,0.08644145727157593,0.0,5.0,
5736,4.11573600769043,9.896885871887207,0.0056311883963644505,0.13849212229251862,0.0705135241150856,0.0,5.0,
5737,3.676875114440918,10.43507194519043,0.04357536509633064,0.07864796370267868,0.0799693688750267,0.0,5.0,
5738,2.0559473037719727,10.09704875946045,0.0,0.06197576969861984,0.08154818415641785,0.0,5.0,
5739,4.134885787963867,9.39549446105957,0.09824484586715698,0.04888395965099335,0.07144194096326828,0.0,5.0,
5740,2.7438879013061523,11.177287101745605,0.061889391392469406,0.0244891457259655,0.09034103155136108,0.0,5.0,
5741,3.7322750091552734,9.08414077758789,0.09667941182851791,0.03269258141517639,0.08484280109405518,0.0,5.0,
5742,8.726747512817383,8.76874828338623,0.22245410084724426,0.10622777044773102,0.08699361234903336,0.0,5.0,
5743,3.943882942199707,10.323498725891113,0.08224271237850189,0.0498848631978035,0.10693436861038208,0.0,5.0,
5744,2.285923957824707,10.99138355255127,0.01185701321810484,0.06178513169288635,0.06796377152204514,0.0,5.0,
5745,3.72914981842041,10.905881881713867,0.05850609019398689,0.06582951545715332,0.09588515758514404,0.0,5.0,
5746,3.955193519592285,11.324654579162598,0.06201551482081413,0.06879138946533203,0.0869908332824707,0.0,5.0,
5747,4.913638114929199,10.595052719116211,0.021161874756217003,0.15097181499004364,0.11049161106348038,0.0,5.0,
5748,5.512216567993164,11.640542030334473,0.058441758155822754,0.14004701375961304,0.0918503999710083,0.0,5.0,
5749,6.225799560546875,11.578208923339844,0.0,0.22357454895973206,0.09952405840158463,0.0,5.0,
5750,5.209699630737305,9.781759262084961,0.028359711170196533,0.15257786214351654,0.11261015385389328,0.0,5.0,
5751,1.1171960830688477,11.132699966430664,0.0,0.016084201633930206,0.12093779444694519,0.0,5.0,
5752,5.3075761795043945,11.643263816833496,0.08325276523828506,0.09944064170122147,0.11327245086431503,0.0,5.0,
5753,3.5578527450561523,12.798243522644043,0.011965572834014893,0.10721695423126221,0.09718505293130875,0.0,5.0,
5754,2.5192718505859375,12.780473709106445,0.05237017199397087,0.021053381264209747,0.118669293820858,0.0,5.0,
5755,3.626101493835449,12.408340454101562,0.0,0.11690060794353485,0.11020407825708389,0.0,5.0,
5756,8.958606719970703,11.598628044128418,0.0,0.3288314938545227,0.11323080211877823,0.0,5.0,
5757,2.075709342956543,11.587909698486328,0.0,0.06135851889848709,0.0902308002114296,0.0,5.0,
5758,7.750706672668457,11.025181770324707,0.09342783689498901,0.19269002974033356,0.10651645064353943,0.0,5.0,
5759,4.307225227355957,10.86707878112793,0.01140566635876894,0.13654133677482605,0.08955512195825577,0.0,5.0,
5760,12.27587890625,10.972819328308105,0.027034461498260498,0.4412664771080017,0.0904182493686676,0.0,5.0,
5761,3.5186328887939453,10.62350082397461,0.04314442351460457,0.07872158288955688,0.07556816935539246,0.0,5.0,
5762,5.148013114929199,10.805671691894531,0.031322360038757324,0.15538331866264343,0.08257675915956497,0.0,5.0,
5763,4.759042739868164,10.066360473632812,0.0822797566652298,0.08368386328220367,0.10464022308588028,0.0,5.0,
5764,1.773453712463379,10.088662147521973,0.0,0.045611098408699036,0.11308469623327255,0.0,5.0,
5765,5.628415107727051,10.818663597106934,0.0,0.20187197625637054,0.08956196904182434,0.0,5.0,
5766,5.53165340423584,9.593533515930176,0.03164958953857422,0.16913676261901855,0.08025870472192764,0.0,5.0,
5767,4.447005271911621,9.507698059082031,0.07837704569101334,0.07776538282632828,0.09036336094141006,0.0,5.0,
5768,2.1590957641601562,9.326017379760742,0.029067933559417725,0.03488907217979431,0.09223544597625732,0.0,5.0,
5769,5.281316757202148,9.68022632598877,0.0,0.18633274734020233,0.09721022099256516,0.0,5.0,
5770,2.4662132263183594,9.79255485534668,0.03394470736384392,0.041078608483076096,0.09423758834600449,0.0,5.0,
5771,3.7688846588134766,10.586487770080566,0.06862106174230576,0.06619173288345337,0.06741878390312195,0.0,5.0,
5772,3.0288925170898438,10.039660453796387,0.0839248076081276,0.015205658972263336,0.0927429124712944,0.0,5.0,
5773,3.504979133605957,9.32519245147705,0.040123701095581055,0.08103550970554352,0.08817780017852783,0.0,5.0,
5774,2.9153757095336914,10.417877197265625,0.06521906703710556,0.027559051290154457,0.0983588695526123,0.0,5.0,
5775,5.526939392089844,9.32353401184082,0.049316465854644775,0.15543778240680695,0.06320304423570633,0.0,5.0,
5776,2.970876693725586,9.50088119506836,0.03461601212620735,0.0620742067694664,0.09056957811117172,0.0,5.0,
5777,1.406707763671875,10.714694023132324,0.018659332767128944,0.0124279223382473,0.1029396653175354,0.0,5.0,
5778,5.364886283874512,10.95801067352295,0.016755223274230957,0.18015071749687195,0.07209186255931854,0.0,5.0,
5779,4.027594566345215,8.667315483093262,0.07315763086080551,0.0670883059501648,0.08754631876945496,0.0,5.0,
5780,5.747921943664551,9.266717910766602,0.005941808223724365,0.20349492132663727,0.09148260205984116,0.0,5.0,
5781,4.393418312072754,10.804985046386719,0.0,0.14651216566562653,0.11982643604278564,0.0,5.0,
5782,2.5597734451293945,10.09724235534668,0.015948990359902382,0.060028836131095886,0.10863524675369263,0.0,5.0,
5783,5.363569259643555,9.956594467163086,0.0956972986459732,0.09768884629011154,0.08202651143074036,0.0,5.0,
5784,2.6251306533813477,10.633993148803711,0.0072720847092568874,0.0738755613565445,0.07589554041624069,0.0,5.0,
5785,6.103141784667969,11.225298881530762,0.1261553168296814,0.09306060522794724,0.0926443561911583,0.0,5.0,
5786,7.230269432067871,10.505547523498535,0.0734042152762413,0.19638249278068542,0.07783716171979904,0.0,5.0,
5787,3.62241268157959,10.350845336914062,0.07632142305374146,0.04300320893526077,0.10632196068763733,0.0,5.0,
5788,3.5663843154907227,10.572710990905762,0.005360603332519531,0.11515115946531296,0.08350328356027603,0.0,5.0,
5789,4.523388862609863,11.409846305847168,0.044127702713012695,0.11578350514173508,0.09149858355522156,0.0,5.0,
5790,5.184710502624512,10.1220121383667,0.007855872623622417,0.17614465951919556,0.09560901671648026,0.0,5.0,
5791,7.846848487854004,11.591330528259277,0.23538219928741455,0.05172301456332207,0.07729541510343552,0.0,5.0,
5792,3.9505577087402344,10.508127212524414,0.04847796633839607,0.08198188990354538,0.09575270861387253,0.0,5.0,
5793,2.649242401123047,12.031274795532227,0.03280993178486824,0.045262835919857025,0.10623911023139954,0.0,5.0,
5794,3.146979331970215,11.088576316833496,6.22868537902832e-05,0.10451508313417435,0.08506237715482712,0.0,5.0,
5795,4.614871025085449,12.229823112487793,0.005254209041595459,0.1580398678779602,0.081357441842556,0.0,5.0,
5796,4.758515357971191,12.091769218444824,0.03429571911692619,0.12987174093723297,0.08764663338661194,0.0,5.0,
5797,5.062287330627441,11.831620216369629,0.014745275489985943,0.16032341122627258,0.11472499370574951,0.0,5.0,
5798,5.962934494018555,12.482369422912598,0.1918359398841858,0.024906467646360397,0.0858948826789856,0.0,5.0,
5799,6.6269330978393555,12.092405319213867,0.016870975494384766,0.2236473560333252,0.10066959261894226,0.0,5.0,
5800,6.370014190673828,11.108329772949219,0.02833878993988037,0.1999298483133316,0.12047763913869858,0.0,5.0,
5801,4.6465606689453125,10.66694450378418,0.06466344743967056,0.09926600754261017,0.0846247598528862,0.0,5.0,
5802,6.431675910949707,12.2406005859375,0.05152227357029915,0.18477118015289307,0.07208491116762161,0.0,5.0,
5803,2.7252769470214844,11.156747817993164,0.03263278678059578,0.05294639617204666,0.09224846959114075,0.0,5.0,
5804,3.3404541015625,11.071806907653809,0.0,0.10960663110017776,0.07988308370113373,0.0,5.0,
5805,3.161675453186035,10.309305191040039,0.007899503223598003,0.10064641386270523,0.07116871327161789,0.0,5.0,
5806,1.7525768280029297,10.778803825378418,0.0,0.04525565356016159,0.09260723739862442,0.0,5.0,
5807,4.604067802429199,10.895271301269531,0.06305646896362305,0.09800425916910172,0.0918373093008995,0.0,5.0,
5808,3.794584274291992,10.39029312133789,0.05466218665242195,0.07358936965465546,0.090143583714962,0.0,5.0,
5809,3.5114355087280273,12.10226821899414,0.0,0.11784152686595917,0.09836757183074951,0.0,5.0,
5810,2.818751335144043,10.854390144348145,0.007648507598787546,0.08251359313726425,0.09844047576189041,0.0,5.0,
5811,2.4991226196289062,9.237142562866211,0.007417937275022268,0.07294286042451859,0.08799189329147339,0.0,5.0,
5812,6.255318641662598,9.98540210723877,0.056664228439331055,0.1709175705909729,0.08836891502141953,0.0,5.0,
5813,5.602625846862793,9.888198852539062,0.19607171416282654,0.011135798878967762,0.07842208445072174,0.0,5.0,
5814,4.083235740661621,9.95959186553955,0.05905185267329216,0.07969977706670761,0.1015360951423645,0.0,5.0,
5815,4.1952056884765625,9.960447311401367,0.0038359363097697496,0.14282873272895813,0.09260039776563644,0.0,5.0,
5816,2.2903518676757812,9.908665657043457,0.016835728660225868,0.05422268435359001,0.08547833561897278,0.0,5.0,
5817,3.4640445709228516,8.997239112854004,0.043078918009996414,0.07353708148002625,0.0945490375161171,0.0,5.0,
5818,7.566834449768066,11.000381469726562,0.24102024734020233,0.04364844039082527,0.07016799598932266,0.0,5.0,
5819,8.070147514343262,10.169150352478027,0.02797985076904297,0.27192044258117676,0.08348267525434494,0.0,5.0,
5820,4.161212921142578,10.827967643737793,0.015855690464377403,0.1285766214132309,0.08743944764137268,0.0,5.0,
5821,2.454740524291992,11.202771186828613,0.05916637182235718,0.014989567920565605,0.09540721029043198,0.0,5.0,
5822,2.858208656311035,10.943894386291504,0.0,0.08871104568243027,0.09229706972837448,0.0,5.0,
5823,4.087547302246094,11.603562355041504,0.04439498856663704,0.09748862683773041,0.07832292467355728,0.0,5.0,
5824,6.789227485656738,11.032968521118164,0.0,0.24715162813663483,0.10161986202001572,0.0,5.0,
5825,4.041585922241211,10.852256774902344,0.07373642921447754,0.06596972793340683,0.09669122844934464,0.0,5.0,
5826,4.595961570739746,10.865283012390137,0.0,0.15760093927383423,0.11691153794527054,0.0,5.0,
5827,3.173102378845215,11.075926780700684,0.05476025864481926,0.05016237124800682,0.08990123122930527,0.0,5.0,
5828,6.656824111938477,12.04810619354248,0.0,0.24630925059318542,0.07978253811597824,0.0,5.0,
5829,5.057805061340332,10.277181625366211,0.09165389835834503,0.09102876484394073,0.07678095996379852,0.0,5.0,
5830,4.508243560791016,10.078166007995605,0.031261224299669266,0.12288709729909897,0.11430785804986954,0.0,5.0,
5831,4.806950569152832,10.133024215698242,0.08923236280679703,0.08553242683410645,0.07347013056278229,0.0,5.0,
5832,3.796445846557617,9.82705307006836,0.05540589615702629,0.07637626677751541,0.07585220783948898,0.0,5.0,
5833,6.362396240234375,11.540424346923828,0.03671640157699585,0.19261062145233154,0.09684411436319351,0.0,5.0,
5834,4.2186689376831055,11.493513107299805,0.010613123886287212,0.1383495032787323,0.06078489497303963,0.0,5.0,
5835,3.481520652770996,10.41938304901123,0.04253554344177246,0.0748014971613884,0.08197186887264252,0.0,5.0,
5836,3.634988784790039,10.510185241699219,0.01865873672068119,0.0990060567855835,0.10071756690740585,0.0,5.0,
5837,4.55742073059082,9.677291870117188,0.043561894446611404,0.1216266080737114,0.06943529099225998,0.0,5.0,
5838,6.571530342102051,10.52843952178955,0.053777217864990234,0.18112701177597046,0.1246711015701294,0.0,5.0,
5839,2.9426050186157227,9.909764289855957,0.03843899443745613,0.05788937956094742,0.08319171518087387,0.0,5.0,
5840,2.5145130157470703,11.105971336364746,0.04928090050816536,0.03209027647972107,0.07593665271997452,0.0,5.0,
5841,3.6025524139404297,8.911637306213379,0.06494830548763275,0.058721788227558136,0.09212230890989304,0.0,5.0,
5842,6.510220527648926,11.100812911987305,0.0,0.23536422848701477,0.10447189956903458,0.0,5.0,
5843,5.185739517211914,10.9027738571167,0.0,0.18518297374248505,0.09068488329648972,0.0,5.0,
5844,4.303210258483887,11.918997764587402,0.021005908027291298,0.12694238126277924,0.09364619851112366,0.0,5.0,
5845,3.8368892669677734,11.602729797363281,0.06562353670597076,0.0683138445019722,0.077361099421978,0.0,5.0,
5846,3.8446922302246094,10.716024398803711,0.0156682338565588,0.11683396250009537,0.07683195918798447,0.0,5.0,
5847,3.281595230102539,11.046586036682129,0.04201618954539299,0.06745779514312744,0.09142791479825974,0.0,5.0,
5848,3.5120086669921875,11.298633575439453,0.01321770716458559,0.10573991388082504,0.09453627467155457,0.0,5.0,
5849,4.16534423828125,12.234617233276367,0.0,0.14395573735237122,0.08197396248579025,0.0,5.0,
5850,5.76656436920166,12.344582557678223,0.024793406948447227,0.18318244814872742,0.08067543059587479,0.0,5.0,
5851,2.3079395294189453,12.361547470092773,0.00022884209465701133,0.06836185604333878,0.10257849842309952,0.0,5.0,
5852,2.987974166870117,11.49323844909668,0.006187697406858206,0.09384576231241226,0.08272605389356613,0.0,5.0,
5853,2.45174503326416,11.826109886169434,0.00822929572314024,0.0690450593829155,0.09222149103879929,0.0,5.0,
5854,3.2098731994628906,10.677305221557617,0.02209462784230709,0.08716042339801788,0.07860405743122101,0.0,5.0,
5855,4.637738227844238,10.75844669342041,0.0732719898223877,0.09357389062643051,0.07401943951845169,0.0,5.0,
5856,10.744677543640137,10.027719497680664,0.07179246097803116,0.3387306332588196,0.08628084510564804,0.0,5.0,
5857,3.232781410217285,10.438817024230957,0.04492785409092903,0.06501473486423492,0.08435394614934921,0.0,5.0,
5858,2.5144519805908203,11.805550575256348,0.02856954000890255,0.04685264825820923,0.07792673259973526,0.0,5.0,
5859,2.06204891204834,12.60607624053955,0.0,0.06255370378494263,0.08389732986688614,0.0,5.0,
5860,3.5112199783325195,12.022481918334961,0.02896161936223507,0.09127002209424973,0.08104991167783737,0.0,5.0,
5861,4.908037185668945,10.724203109741211,0.04324636608362198,0.1290801763534546,0.09828507155179977,0.0,5.0,
5862,1.5205879211425781,12.778217315673828,0.0,0.04330962151288986,0.06771500408649445,0.0,5.0,
5863,3.535369873046875,10.00319766998291,0.0510401725769043,0.06811963021755219,0.09777017682790756,0.0,5.0,
5864,1.5567007064819336,11.688584327697754,0.006882806774228811,0.03134891390800476,0.10373171418905258,0.0,5.0,
5865,4.6838531494140625,11.62509822845459,0.018645187839865685,0.14681755006313324,0.0887531265616417,0.0,5.0,
5866,1.8090543746948242,10.978856086730957,0.0,0.051581017673015594,0.0819278284907341,0.0,5.0,
5867,2.670527458190918,11.436762809753418,0.07801343500614166,0.010175717994570732,0.08098869770765305,0.0,5.0,
5868,3.3258914947509766,11.309478759765625,0.003116309642791748,0.11187329888343811,0.06278328597545624,0.0,5.0,
5869,3.5531044006347656,13.52441692352295,0.002485513687133789,0.11258196085691452,0.10195919126272202,0.0,5.0,
5870,3.9379072189331055,12.663667678833008,0.005981942173093557,0.1286228448152542,0.07382944226264954,0.0,5.0,
5871,5.65656852722168,10.89743423461914,0.05141729116439819,0.15194669365882874,0.08858511596918106,0.0,5.0,
5872,6.965743064880371,12.909276962280273,0.13163962960243225,0.12206898629665375,0.08319487422704697,0.0,5.0,
5873,5.377509117126465,13.649991035461426,0.0065289936028420925,0.17917948961257935,0.10585420578718185,0.0,5.0,
5874,5.033540725708008,11.778193473815918,0.039607007056474686,0.14325565099716187,0.06169741973280907,0.0,5.0,
5875,3.5714588165283203,10.97208023071289,0.027425548061728477,0.09187144786119461,0.07917614281177521,0.0,5.0,
5876,6.491673469543457,11.262078285217285,0.04327976703643799,0.18919332325458527,0.11045640707015991,0.0,5.0,
5877,3.7379846572875977,11.56401538848877,0.07432494312524796,0.051800474524497986,0.09176906198263168,0.0,5.0,
5878,3.9450531005859375,12.797623634338379,0.0,0.13440647721290588,0.09494342654943466,0.0,5.0,
5879,3.60479736328125,11.355517387390137,0.033498506993055344,0.09284483641386032,0.06986954808235168,0.0,5.0,
5880,2.7043886184692383,13.097067832946777,0.04477141425013542,0.041481874883174896,0.08081457763910294,0.0,5.0,
5881,2.7425308227539062,11.73701000213623,0.010884921066462994,0.07348383963108063,0.10580534487962723,0.0,5.0,
5882,3.9012556076049805,12.183318138122559,0.011018872261047363,0.1253822147846222,0.05994268134236336,0.0,5.0,
5883,9.772758483886719,11.910223960876465,0.22138231992721558,0.14900606870651245,0.08605892211198807,0.0,5.0,
5884,4.358884811401367,12.569613456726074,0.042466700077056885,0.1057099997997284,0.09537205845117569,0.0,5.0,
5885,4.5793256759643555,11.805776596069336,0.014835198409855366,0.14810964465141296,0.07091951370239258,0.0,5.0,
5886,2.100111961364746,11.998525619506836,0.025530874729156494,0.034081026911735535,0.09967619925737381,0.0,5.0,
5887,6.040508270263672,13.407217979431152,0.001017490983940661,0.21691100299358368,0.08409599214792252,0.0,5.0,
5888,4.699357986450195,10.486708641052246,0.04878091812133789,0.1159224584698677,0.0838308110833168,0.0,5.0,
5889,1.4949569702148438,10.2206392288208,0.0,0.0389399528503418,0.07748650014400482,0.0,5.0,
5890,3.107515335083008,11.539915084838867,0.040062349289655685,0.05742860212922096,0.10014980286359787,0.0,5.0,
5891,1.7142839431762695,12.511510848999023,0.0,0.04040287062525749,0.11181678622961044,0.0,5.0,
5892,4.864900588989258,11.260114669799805,0.07351747900247574,0.09509885311126709,0.10973282903432846,0.0,5.0,
5893,2.4668216705322266,11.93104076385498,0.05284794047474861,0.019727643579244614,0.11728709191083908,0.0,5.0,
5894,3.4230518341064453,10.97933578491211,0.046590447425842285,0.06626053899526596,0.08967822790145874,0.0,5.0,
5895,2.8231992721557617,10.956624984741211,0.0,0.08927085995674133,0.09586212038993835,0.0,5.0,
5896,3.12075138092041,10.81217098236084,0.07578568160533905,0.023662319406867027,0.1078958809375763,0.0,5.0,
5897,1.2376680374145508,10.266336441040039,0.015863696113228798,0.010903237387537956,0.09296739846467972,0.0,5.0,
5898,3.8255319595336914,10.510343551635742,0.03496227785944939,0.09216344356536865,0.10511118173599243,0.0,5.0,
5899,10.140578269958496,12.555290222167969,0.0,0.37800711393356323,0.10558632761240005,0.0,5.0,
5900,2.664701461791992,12.349774360656738,0.0034353930968791246,0.07265307754278183,0.11751870065927505,0.0,5.0,
5901,2.2460527420043945,11.562294960021973,0.00243222713470459,0.06847847998142242,0.08421194553375244,0.0,5.0,
5902,4.3560028076171875,10.891324996948242,0.0,0.1489468216896057,0.11582981795072556,0.0,5.0,
5903,3.455495834350586,10.936952590942383,0.023410776630043983,0.08948512375354767,0.10770199447870255,0.0,5.0,
5904,3.9854488372802734,10.251785278320312,0.049497365951538086,0.09122303128242493,0.07746782898902893,0.0,5.0,
5905,4.035525321960449,12.055545806884766,0.058576423674821854,0.0849500298500061,0.07528866082429886,0.0,5.0,
5906,2.434725761413574,12.823452949523926,0.01754683256149292,0.060216180980205536,0.07229533046483994,0.0,5.0,
5907,2.6321191787719727,11.47744083404541,0.0,0.08655130863189697,0.07753071933984756,0.0,5.0,
5908,8.41679859161377,11.00648307800293,0.036967456340789795,0.27185627818107605,0.11201592534780502,0.0,5.0,
5909,1.186685562133789,11.802091598510742,0.0,0.021268697455525398,0.10730481892824173,0.0,5.0,
5910,2.6372241973876953,10.870944023132324,0.030884424224495888,0.05496513098478317,0.08638989180326462,0.0,5.0,
5911,4.228262901306152,11.31048583984375,0.02214624546468258,0.12656688690185547,0.08420148491859436,0.0,5.0,
5912,5.048464775085449,12.429035186767578,0.09088125079870224,0.08596456050872803,0.0898790955543518,0.0,5.0,
5913,3.512615203857422,10.382554054260254,0.052842654287815094,0.061576902866363525,0.09634897112846375,0.0,5.0,
5914,7.0467119216918945,11.110416412353516,0.07360327243804932,0.18366752564907074,0.07845896482467651,0.0,5.0,
5915,4.02195930480957,12.106792449951172,0.0,0.13613340258598328,0.09594189375638962,0.0,5.0,
5916,6.5967607498168945,10.515811920166016,0.02450903318822384,0.2199898213148117,0.07250099629163742,0.0,5.0,
5917,5.952221870422363,10.94406795501709,0.11675947904586792,0.09295424073934555,0.1090560182929039,0.0,5.0,
5918,3.458378791809082,11.792970657348633,0.03375599905848503,0.08401280641555786,0.06469018757343292,0.0,5.0,
5919,4.273214340209961,10.949699401855469,0.02284298464655876,0.12687522172927856,0.08059016615152359,0.0,5.0,
5920,5.610764503479004,11.363057136535645,0.1047322005033493,0.09334450215101242,0.09599283337593079,0.0,5.0,
5921,2.182866096496582,11.760030746459961,0.0,0.06237918138504028,0.08213215321302414,0.0,5.0,
5922,3.5912675857543945,11.148737907409668,0.08101123571395874,0.04186730086803436,0.06889837235212326,0.0,5.0,
5923,1.7954273223876953,11.128066062927246,0.01490445900708437,0.0374457910656929,0.0691915974020958,0.0,5.0,
5924,4.168889999389648,12.09738826751709,0.04032963514328003,0.10487359762191772,0.08683542162179947,0.0,5.0,
5925,5.9275712966918945,11.51363754272461,0.0,0.21108072996139526,0.1077844500541687,0.0,5.0,
5926,1.999863624572754,11.298779487609863,0.0,0.06182653829455376,0.07059270143508911,0.0,5.0,
5927,3.939150810241699,11.05490779876709,0.046010732650756836,0.0847332626581192,0.10451983660459518,0.0,5.0,
5928,3.2308855056762695,9.897610664367676,0.0353156141936779,0.07368721067905426,0.07662708312273026,0.0,5.0,
5929,3.752389907836914,11.836212158203125,0.09827446937561035,0.03418102115392685,0.0709381103515625,0.0,5.0,
5930,2.5757341384887695,10.593070983886719,0.0,0.07847850024700165,0.10953115671873093,0.0,5.0,
5931,10.813093185424805,9.96584415435791,0.028249025344848633,0.3829325735569,0.08877118676900864,0.0,5.0,
5932,3.5013084411621094,11.218047142028809,0.02825140953063965,0.08806763589382172,0.09727513045072556,0.0,5.0,
5933,4.212648391723633,10.412684440612793,0.1321786344051361,0.016056228429079056,0.07959116250276566,0.0,5.0,
5934,4.331764221191406,10.408682823181152,0.10279794782400131,0.046950068324804306,0.09701159596443176,0.0,5.0,
5935,5.6909284591674805,11.03201675415039,0.049866240471601486,0.1570126712322235,0.0891045406460762,0.0,5.0,
5936,10.482090950012207,11.556255340576172,0.029036760330200195,0.3701423704624176,0.07938158512115479,0.0,5.0,
5937,6.230592727661133,11.348721504211426,0.0,0.22539903223514557,0.08843251317739487,0.0,5.0,
5938,3.923386573791504,11.8003511428833,0.0510711669921875,0.0824323371052742,0.09839600324630737,0.0,5.0,
5939,3.2501144409179688,10.89615249633789,0.039134323596954346,0.0655071809887886,0.10971174389123917,0.0,5.0,
5940,2.519327163696289,10.797157287597656,0.0,0.08093880116939545,0.08339980244636536,0.0,5.0,
5941,3.9354610443115234,11.924239158630371,0.09295642375946045,0.04041200876235962,0.10374730825424194,0.0,5.0,
5942,5.02158260345459,11.727404594421387,0.059214651584625244,0.11192697286605835,0.10939651727676392,0.0,5.0,
5943,4.950773239135742,10.70802116394043,0.0,0.1783302277326584,0.08217009156942368,0.0,5.0,
5944,4.5060625076293945,11.171257972717285,0.02514348365366459,0.13472022116184235,0.0849308967590332,0.0,5.0,
5945,2.8250980377197266,12.739297866821289,0.013245959766209126,0.07172941416501999,0.09580850601196289,0.0,5.0,
5946,7.763440132141113,12.604877471923828,0.04099114611744881,0.23899981379508972,0.10846835374832153,0.0,5.0,
5947,3.522793769836426,11.056859016418457,0.011534670367836952,0.10769990086555481,0.09454960376024246,0.0,5.0,
5948,2.6122798919677734,12.001626014709473,0.005431076046079397,0.07504305243492126,0.09463059902191162,0.0,5.0,
5949,3.395918846130371,11.635269165039062,0.0,0.10849393904209137,0.11306053400039673,0.0,5.0,
5950,5.800158500671387,10.857583045959473,0.17334090173244476,0.03850848972797394,0.08473781496286392,0.0,5.0,
5951,2.947037696838379,11.085670471191406,0.03086620569229126,0.05915147066116333,0.11458330601453781,0.0,5.0,
5952,5.440875053405762,11.200732231140137,0.008514960296452045,0.18783973157405853,0.07775744050741196,0.0,5.0,
5953,2.631485939025879,10.306869506835938,0.03798786923289299,0.043616943061351776,0.09538578987121582,0.0,5.0,
5954,4.220538139343262,9.24184799194336,0.037838976830244064,0.10643382370471954,0.09651324898004532,0.0,5.0,
5955,3.9066944122314453,10.225943565368652,0.04120834544301033,0.08894676715135574,0.10761719197034836,0.0,5.0,
5956,4.916069984436035,12.74728012084961,0.04890570789575577,0.1275496482849121,0.07489525526762009,0.0,5.0,
5957,5.059113502502441,10.172338485717773,0.07025168091058731,0.11206448823213577,0.07641223073005676,0.0,5.0,
5958,3.448704719543457,12.03499984741211,0.0,0.11591023951768875,0.09295342117547989,0.0,5.0,
5959,8.147067070007324,11.395922660827637,0.019214829429984093,0.27991798520088196,0.0830192118883133,0.0,5.0,
5960,5.2567338943481445,12.213418960571289,0.02045595645904541,0.16616302728652954,0.07936602085828781,0.0,5.0,
5961,4.808405876159668,11.085484504699707,0.0,0.1663641482591629,0.08907679468393326,0.0,5.0,
5962,4.784283638000488,12.173116683959961,0.06112625077366829,0.10730192065238953,0.09092981368303299,0.0,5.0,
5963,1.8772621154785156,10.760064125061035,0.015152652747929096,0.037338901311159134,0.096349336206913,0.0,5.0,
5964,4.793032646179199,10.63360595703125,0.08014391362667084,0.09315122663974762,0.07014063745737076,0.0,5.0,
5965,6.440518379211426,11.35581111907959,0.0011977156391367316,0.23514187335968018,0.09278446435928345,0.0,5.0,
5966,1.3176374435424805,11.236750602722168,0.0,0.030207257717847824,0.0772433951497078,0.0,5.0,
5967,3.4484777450561523,11.022958755493164,0.03445432707667351,0.08148840069770813,0.07750751078128815,0.0,5.0,
5968,5.578332901000977,9.019857406616211,0.08204898983240128,0.12265418469905853,0.07755932211875916,0.0,5.0,
5969,4.646570205688477,13.061750411987305,0.14191854000091553,0.01885593868792057,0.1036929115653038,0.0,5.0,
5970,2.760664939880371,11.502652168273926,0.0,0.08563794940710068,0.09590333700180054,0.0,5.0,
5971,4.054196357727051,9.964698791503906,0.08587495982646942,0.05884856730699539,0.07545500248670578,0.0,5.0,
5972,2.8760061264038086,10.568418502807617,0.052107494324445724,0.04141252115368843,0.0861603245139122,0.0,5.0,
5973,5.15717887878418,11.865470886230469,0.0,0.1864091157913208,0.08171907067298889,0.0,5.0,
5974,6.564542770385742,11.327109336853027,0.016823649406433105,0.21795669198036194,0.11986568570137024,0.0,5.0,
5975,5.044572830200195,10.622157096862793,0.12797272205352783,0.050135381519794464,0.10261406749486923,0.0,5.0,
5976,5.987226486206055,9.685979843139648,0.07659459114074707,0.14345397055149078,0.08604048937559128,0.0,5.0,
5977,4.843280792236328,10.16943073272705,0.02749709226191044,0.14860261976718903,0.07773739844560623,0.0,5.0,
5978,4.360498428344727,11.694454193115234,0.058454614132642746,0.09103814512491226,0.10678151994943619,0.0,5.0,
5979,2.495842933654785,11.182734489440918,0.028365671634674072,0.0436236672103405,0.12467684596776962,0.0,5.0,
5980,1.9977350234985352,10.234526634216309,0.017810622230172157,0.03849249705672264,0.09613117575645447,0.0,5.0,
5981,2.6340789794921875,11.89956283569336,0.015875736251473427,0.06979400664567947,0.0859409049153328,0.0,5.0,
5982,3.6282081604003906,10.668898582458496,0.0034592945594340563,0.11954367160797119,0.0981060341000557,0.0,5.0,
5983,6.12705135345459,10.428175926208496,0.14202643930912018,0.07770532369613647,0.08952999860048294,0.0,5.0,
5984,3.4420013427734375,11.91853141784668,0.06914979219436646,0.04738796874880791,0.09101599454879761,0.0,5.0,
5985,4.39334774017334,11.2040433883667,0.0,0.15225888788700104,0.10875201970338821,0.0,5.0,
5986,3.5848617553710938,10.674221992492676,0.03755998611450195,0.0834130272269249,0.08786413073539734,0.0,5.0,
5987,1.7699356079101562,11.68647289276123,0.0,0.046930380165576935,0.0908527672290802,0.0,5.0,
5988,3.140716552734375,9.898682594299316,0.0,0.10502081364393234,0.08135730028152466,0.0,5.0,
5989,1.9164600372314453,11.194562911987305,0.021178165450692177,0.0320853516459465,0.09292402863502502,0.0,5.0,
5990,1.857853889465332,11.245905876159668,0.0157307181507349,0.037922948598861694,0.08614512532949448,0.0,5.0,
5991,4.085293769836426,11.025812149047852,0.06434401124715805,0.0778220146894455,0.09346809983253479,0.0,5.0,
5992,1.386012077331543,11.693032264709473,0.011710445396602154,0.02498420514166355,0.06655407696962357,0.0,5.0,
5993,3.7667150497436523,11.543007850646973,0.0977788120508194,0.0286712609231472,0.10223277658224106,0.0,5.0,
5994,3.5670700073242188,11.28860092163086,0.0688149556517601,0.048456743359565735,0.099545419216156,0.0,5.0,
5995,5.321526527404785,11.338434219360352,0.023734867572784424,0.16458889842033386,0.10499050468206406,0.0,5.0,
5996,2.095052719116211,10.737085342407227,0.02813345193862915,0.034348342567682266,0.09466103464365005,0.0,5.0,
5997,6.567753791809082,9.669795036315918,0.10608921945095062,0.1352671980857849,0.09145518392324448,0.0,5.0,
5998,3.703314781188965,13.127213478088379,0.06478468328714371,0.05388185754418373,0.12603692710399628,0.0,5.0,
5999,3.1676597595214844,11.932559967041016,0.06910024583339691,0.0267287977039814,0.12051427364349365,0.0,5.0,
6000,4.07623291015625,12.911869049072266,0.017457425594329834,0.12024969607591629,0.10487488657236099,0.0,5.0,"[1.1372051239013672, 1.578758955001831, 0.9627371430397034]"
6001,2.217479705810547,12.998428344726562,0.008645336143672466,0.05209736526012421,0.11902143806219101,0.0,5.0,
6002,2.070810317993164,12.814159393310547,0.0,0.06174153834581375,0.08897791057825089,0.0,5.0,
6003,6.7550764083862305,15.013054847717285,0.0,0.24489735066890717,0.09129294008016586,0.0,5.0,
6004,3.8616714477539062,14.15222454071045,0.024463236331939697,0.10532412678003311,0.09934741258621216,0.0,5.0,
6005,3.678656578063965,14.720953941345215,0.00546737527474761,0.11767535656690598,0.10218558460474014,0.0,5.0,
6006,7.609910011291504,12.397972106933594,0.0,0.27573198080062866,0.10850337147712708,0.0,5.0,
6007,7.828031539916992,15.18040943145752,0.009552340023219585,0.2802926301956177,0.07601802796125412,0.0,5.0,
6008,7.261349678039551,12.809419631958008,0.002145230770111084,0.2670537233352661,0.07588451355695724,0.0,5.0,
6009,2.596986770629883,13.121214866638184,0.0,0.07643973082304001,0.0975358709692955,0.0,5.0,
6010,4.366827011108398,13.841451644897461,0.005266586784273386,0.15069404244422913,0.07276635617017746,0.0,5.0,
6011,2.6740493774414062,12.915674209594727,0.07203304767608643,0.011658195406198502,0.08608808368444443,0.0,5.0,
6012,3.471646308898926,12.92387580871582,0.00039682784699834883,0.10974225401878357,0.11082460731267929,0.0,5.0,
6013,3.5775203704833984,14.113460540771484,0.0,0.11912356317043304,0.09100963920354843,0.0,5.0,
6014,4.803009986877441,13.074226379394531,0.011412501335144043,0.1532994508743286,0.0857023075222969,0.0,5.0,
6015,2.1532697677612305,13.311333656311035,0.0,0.05851144716143608,0.07437820732593536,0.0,5.0,
6016,1.722116470336914,12.998459815979004,0.011127750389277935,0.027006812393665314,0.11615341901779175,0.0,5.0,
6017,3.5538816452026367,13.018473625183105,0.012794017791748047,0.10389149188995361,0.10866206139326096,0.0,5.0,
6018,5.926878929138184,12.700319290161133,0.01839160919189453,0.1939690113067627,0.08944573253393173,0.0,5.0,
6019,2.793926239013672,12.24557876586914,0.0,0.08480148017406464,0.0988074541091919,0.0,5.0,
6020,8.771451950073242,11.139768600463867,0.10638011991977692,0.22475653886795044,0.07959336042404175,0.0,5.0,
6021,12.572016716003418,10.329109191894531,0.2004966139793396,0.27970659732818604,0.1058792695403099,0.0,5.0,
6022,2.5403032302856445,11.209737777709961,0.0019489129772409797,0.07574475556612015,0.09301794320344925,0.0,5.0,
6023,7.25163459777832,12.5081205368042,0.07418842613697052,0.19750231504440308,0.06901869922876358,0.0,5.0,
6024,10.09675407409668,10.723978042602539,0.27890974283218384,0.1034017875790596,0.09074638038873672,0.0,5.0,
6025,4.391122817993164,11.719855308532715,0.004941681865602732,0.1478067934513092,0.09213278442621231,0.0,5.0,
6026,6.886225700378418,11.215176582336426,0.13349846005439758,0.116532102227211,0.08434351533651352,0.0,5.0,
6027,1.2371511459350586,10.987401008605957,0.005228996276855469,0.02301659807562828,0.08219901472330093,0.0,5.0,
6028,6.036899566650391,10.096460342407227,0.1289016455411911,0.09665334224700928,0.06870510429143906,0.0,5.0,
6029,5.77607536315918,10.032312393188477,0.11468511819839478,0.09089420735836029,0.10592011362314224,0.0,5.0,
6030,2.2868528366088867,11.838499069213867,0.0,0.06996085494756699,0.08505430817604065,0.0,5.0,
6031,6.951171875,11.396934509277344,0.23129360377788544,0.028877314180135727,0.06428676098585129,0.0,5.0,
6032,4.2017011642456055,12.191719055175781,0.011007368564605713,0.13403090834617615,0.09241580963134766,0.0,5.0,
6033,6.469296455383301,11.650310516357422,0.08941581100225449,0.14642223715782166,0.08301062136888504,0.0,5.0,
6034,1.021073341369629,11.11697006225586,0.0,0.01841091737151146,0.0880742073059082,0.0,5.0,
6035,2.358264923095703,10.890888214111328,0.012991686351597309,0.06239507719874382,0.07400932908058167,0.0,5.0,
6036,0.8090066909790039,11.42606258392334,0.0,0.01716260425746441,0.05596131086349487,0.0,5.0,
6037,7.135930061340332,10.337519645690918,0.16198787093162537,0.10464613139629364,0.0802076980471611,0.0,5.0,
6038,1.8395566940307617,10.199702262878418,0.025652190670371056,0.024121662601828575,0.09288728982210159,0.0,5.0,
6039,2.822159767150879,12.338839530944824,0.0,0.0912824422121048,0.09175267815589905,0.0,5.0,
6040,6.562516212463379,12.534144401550293,0.06203236058354378,0.17544421553611755,0.08886481076478958,0.0,5.0,
6041,7.692408561706543,12.638343811035156,0.025118231773376465,0.2572903335094452,0.1000906452536583,0.0,5.0,
6042,1.6144218444824219,11.935651779174805,0.0,0.04325111210346222,0.0850844755768776,0.0,5.0,
6043,2.5950260162353516,11.545036315917969,0.007205883506685495,0.0715518668293953,0.11067043989896774,0.0,5.0,
6044,3.6878929138183594,12.73922348022461,0.08553459495306015,0.03472694009542465,0.10326556116342545,0.0,5.0,
6045,3.561769485473633,13.05972957611084,0.05196261405944824,0.07001332938671112,0.0830674096941948,0.0,5.0,
6046,4.486285209655762,12.9750337600708,0.08075398206710815,0.07492682337760925,0.08912292867898941,0.0,5.0,
6047,9.137356758117676,11.51862621307373,0.0,0.3418734073638916,0.08220741897821426,0.0,5.0,
6048,2.8639307022094727,13.647911071777344,0.027090787887573242,0.05750509724020958,0.1093049868941307,0.0,5.0,
6049,4.6741132736206055,12.331661224365234,0.0749744400382042,0.0862966850399971,0.11210548132658005,0.0,5.0,
6050,3.506319999694824,11.668889999389648,0.08953335136175156,0.022730549797415733,0.1268344521522522,0.0,5.0,
6051,7.875234603881836,12.525741577148438,0.0,0.28853726387023926,0.11471539735794067,0.0,5.0,
6052,4.474666595458984,11.39396858215332,0.1069764494895935,0.053465187549591064,0.07130585610866547,0.0,5.0,
6053,4.797613143920898,11.886613845825195,0.003228425979614258,0.16825194656848907,0.08545307070016861,0.0,5.0,
6054,3.853832244873047,11.735520362854004,0.0,0.1348855048418045,0.06920810788869858,0.0,5.0,
6055,6.423222541809082,12.908329010009766,0.0567844919860363,0.1725919097661972,0.10592099279165268,0.0,5.0,
6056,6.370118141174316,11.010225296020508,0.08442922681570053,0.14722402393817902,0.10099444538354874,0.0,5.0,
6057,9.277939796447754,9.018022537231445,0.21806572377681732,0.13079945743083954,0.09162009507417679,0.0,5.0,
6058,6.074431419372559,12.366158485412598,0.06967129558324814,0.15162953734397888,0.09587318450212479,0.0,5.0,
6059,4.345865249633789,10.574200630187988,0.13464677333831787,0.019740190356969833,0.07733967155218124,0.0,5.0,
6060,4.087277412414551,12.894314765930176,0.055734556168317795,0.08738761395215988,0.08012156933546066,0.0,5.0,
6061,4.033710479736328,11.021196365356445,0.0,0.13362400233745575,0.10971388965845108,0.0,5.0,
6062,4.052863121032715,10.839859008789062,0.05896155163645744,0.08016225695610046,0.09717906266450882,0.0,5.0,
6063,4.602782249450684,12.268064498901367,0.018176594749093056,0.1464376449584961,0.08658510446548462,0.0,5.0,
6064,2.035482406616211,11.202098846435547,0.01202172040939331,0.047488339245319366,0.08691214770078659,0.0,5.0,
6065,3.5866565704345703,12.108755111694336,0.04990198090672493,0.06897492706775665,0.11439556628465652,0.0,5.0,
6066,2.3168468475341797,11.821870803833008,0.008925259113311768,0.05895054340362549,0.09071295708417892,0.0,5.0,
6067,3.15950870513916,12.353365898132324,0.025338927283883095,0.0750310868024826,0.09812033921480179,0.0,5.0,
6068,2.0503692626953125,11.210917472839355,0.016287783160805702,0.04217742010951042,0.09726753830909729,0.0,5.0,
6069,4.610373497009277,12.361774444580078,0.046228885650634766,0.11210460960865021,0.10591312497854233,0.0,5.0,
6070,4.450439453125,11.16750431060791,0.0,0.15512093901634216,0.1020067110657692,0.0,5.0,
6071,2.710042953491211,12.731719017028809,0.03074556589126587,0.05717580020427704,0.08855322003364563,0.0,5.0,
6072,8.847945213317871,11.328470230102539,0.0,0.3314542770385742,0.09913673996925354,0.0,5.0,
6073,2.850813865661621,11.622889518737793,0.05472103878855705,0.03440827131271362,0.10214323550462723,0.0,5.0,
6074,5.0800065994262695,11.75562858581543,0.006610135082155466,0.17768526077270508,0.08035486191511154,0.0,5.0,
6075,8.007842063903809,10.695479393005371,0.08496558666229248,0.21684010326862335,0.07989799976348877,0.0,5.0,
6076,5.801762580871582,11.334848403930664,0.015289823524653912,0.19946496188640594,0.07843735814094543,0.0,5.0,
6077,5.745236396789551,10.1646146774292,0.07059917598962784,0.14500945806503296,0.05616037920117378,0.0,5.0,
6078,3.4240121841430664,10.39255142211914,0.05632185935974121,0.05609866976737976,0.11247313767671585,0.0,5.0,
6079,4.701625823974609,10.901604652404785,0.10002849996089935,0.07098373770713806,0.07259377837181091,0.0,5.0,
6080,5.688316345214844,9.795761108398438,0.14061710238456726,0.0612003356218338,0.10112905502319336,0.0,5.0,
6081,3.805074691772461,10.072190284729004,0.06694314628839493,0.06698627769947052,0.0770542323589325,0.0,5.0,
6082,3.1393728256225586,10.058096885681152,0.06897338479757309,0.0348166897892952,0.0857137069106102,0.0,5.0,
6083,6.935563087463379,9.6419095993042,0.04209268093109131,0.20932480692863464,0.10602760314941406,0.0,5.0,
6084,3.1291885375976562,9.907646179199219,0.05093185231089592,0.05425785109400749,0.09069574624300003,0.0,5.0,
6085,4.118635177612305,10.626086235046387,0.059901732951402664,0.0803840383887291,0.10494911670684814,0.0,5.0,
6086,3.641249656677246,12.01949405670166,0.023340702056884766,0.09443069249391556,0.10538846254348755,0.0,5.0,
6087,4.831467628479004,11.211298942565918,0.0,0.17308710515499115,0.07697867602109909,0.0,5.0,
6088,3.1976404190063477,12.26682186126709,0.0479503870010376,0.05391734465956688,0.10982421040534973,0.0,5.0,
6089,3.124174118041992,11.687079429626465,0.0,0.10492691397666931,0.08090440183877945,0.0,5.0,
6090,2.507615089416504,9.52486515045166,0.006394545082002878,0.0719367042183876,0.0889161005616188,0.0,5.0,
6091,11.578434944152832,12.931443214416504,0.038174886256456375,0.3920758068561554,0.11425071954727173,0.0,5.0,
6092,7.611222267150879,12.262877464294434,0.0,0.28020989894866943,0.09305745363235474,0.0,5.0,
6093,3.139805793762207,11.625921249389648,0.030904093757271767,0.06993743777275085,0.09314552694559097,0.0,5.0,
6094,4.420507431030273,11.480461120605469,0.0,0.15308217704296112,0.06155199930071831,0.0,5.0,
6095,5.877066612243652,11.158435821533203,0.0,0.21593894064426422,0.08544813841581345,0.0,5.0,
6096,8.317821502685547,11.324743270874023,0.01992400549352169,0.29057103395462036,0.09754820913076401,0.0,5.0,
6097,5.9247846603393555,11.734614372253418,0.04446114972233772,0.17130661010742188,0.08638840168714523,0.0,5.0,
6098,8.043257713317871,11.155438423156738,0.17414140701293945,0.12874099612236023,0.0870881900191307,0.0,5.0,
6099,1.8340225219726562,10.287075996398926,0.014265716075897217,0.036721836775541306,0.06826481223106384,0.0,5.0,
6100,5.299742698669434,9.436663627624512,0.08947042375802994,0.10559738427400589,0.06825162470340729,0.0,5.0,
6101,6.599308967590332,11.033164024353027,0.04341089725494385,0.20040705800056458,0.07193148881196976,0.0,5.0,
6102,3.373767852783203,10.939980506896973,0.01068762969225645,0.1048085018992424,0.07070888578891754,0.0,5.0,
6103,5.400055885314941,10.438947677612305,0.05169558525085449,0.1414288431406021,0.09434802085161209,0.0,5.0,
6104,3.778240203857422,11.114330291748047,0.008333882316946983,0.12319828569889069,0.08499560505151749,0.0,5.0,
6105,1.7953901290893555,9.120780944824219,0.030619284138083458,0.02524728514254093,0.0689162164926529,0.0,5.0,
6106,2.068035125732422,10.880468368530273,0.041662316769361496,0.021821344271302223,0.07959900051355362,0.0,5.0,
6107,2.954277992248535,10.816092491149902,0.06675521284341812,0.025514673441648483,0.09755510836839676,0.0,5.0,
6108,3.992123603820801,9.83635425567627,0.04871692508459091,0.09542348980903625,0.06840892136096954,0.0,5.0,
6109,2.873889923095703,10.1766996383667,0.021680593490600586,0.06984630972146988,0.08467698097229004,0.0,5.0,
6110,3.048625946044922,11.597504615783691,0.0,0.09731309860944748,0.09631326049566269,0.0,5.0,
6111,1.796889305114746,11.169916152954102,0.010817150585353374,0.037539370357990265,0.10348565131425858,0.0,5.0,
6112,2.780390739440918,11.923202514648438,0.05415022373199463,0.030736932530999184,0.08928865194320679,0.0,5.0,
6113,6.725627899169922,10.875081062316895,0.0,0.24345389008522034,0.11089905351400375,0.0,5.0,
6114,3.2715463638305664,11.857260704040527,0.07935849577188492,0.033507078886032104,0.06422344595193863,0.0,5.0,
6115,2.3092336654663086,11.620170593261719,0.0,0.0714576244354248,0.0853838324546814,0.0,5.0,
6116,2.543076515197754,11.127739906311035,0.0,0.07753582298755646,0.09161543846130371,0.0,5.0,
6117,4.6102800369262695,11.68498420715332,0.027927517890930176,0.13213974237442017,0.0842645987868309,0.0,5.0,
6118,5.657163619995117,10.680824279785156,0.0648912563920021,0.13323740661144257,0.10877349227666855,0.0,5.0,
6119,5.422680854797363,11.054545402526855,0.0,0.19322530925273895,0.08551890403032303,0.0,5.0,
6120,6.219368934631348,10.82480525970459,0.019218146800994873,0.20981097221374512,0.07518178969621658,0.0,5.0,
6121,3.1435861587524414,11.48266315460205,0.008748273365199566,0.09238921105861664,0.07842081040143967,0.0,5.0,
6122,3.435551643371582,11.273563385009766,0.0,0.11634641140699387,0.07593858242034912,0.0,5.0,
6123,3.0797910690307617,11.330986022949219,0.011463860981166363,0.09887263923883438,0.05504335090517998,0.0,5.0,
6124,3.814666748046875,12.733642578125,0.055141329765319824,0.07143744081258774,0.09658998250961304,0.0,5.0,
6125,4.367547035217285,10.6767578125,0.0,0.15598294138908386,0.08012420684099197,0.0,5.0,
6126,3.2936201095581055,11.148619651794434,0.023517509922385216,0.08795186132192612,0.0867142453789711,0.0,5.0,
6127,3.77078914642334,10.526912689208984,0.01707492209970951,0.11269194632768631,0.08685678243637085,0.0,5.0,
6128,2.584421157836914,9.976452827453613,0.026641827076673508,0.06020862236618996,0.06792186945676804,0.0,5.0,
6129,2.168919563293457,10.584077835083008,0.03756900504231453,0.029528269544243813,0.07379049062728882,0.0,5.0,
6130,8.952296257019043,9.709280967712402,0.11617104709148407,0.22129671275615692,0.08347413688898087,0.0,5.0,
6131,4.351419448852539,9.672163009643555,0.06398427486419678,0.0841514840722084,0.09367256611585617,0.0,5.0,
6132,8.971372604370117,10.147297859191895,0.07794584333896637,0.2547742426395416,0.11240345984697342,0.0,5.0,
6133,4.763216018676758,10.121089935302734,0.0,0.16836437582969666,0.08463563770055771,0.0,5.0,
6134,3.705153465270996,10.267687797546387,0.042491037398576736,0.08126238733530045,0.09955167770385742,0.0,5.0,
6135,4.792001724243164,11.06700611114502,0.08516303449869156,0.08597908914089203,0.09361030906438828,0.0,5.0,
6136,8.084263801574707,11.049368858337402,0.2015063315629959,0.10306251049041748,0.08077722042798996,0.0,5.0,
6137,2.50784969329834,10.658289909362793,0.0,0.07976169884204865,0.07454235851764679,0.0,5.0,
6138,2.0158653259277344,9.629288673400879,0.0,0.06358715891838074,0.0599905289709568,0.0,5.0,
6139,2.5451717376708984,9.337591171264648,0.026218950748443604,0.054748713970184326,0.0815170630812645,0.0,5.0,
6140,7.480162620544434,9.435408592224121,0.020951449871063232,0.25650715827941895,0.08106911927461624,0.0,5.0,
6141,3.4853124618530273,11.182793617248535,0.03428878262639046,0.08158202469348907,0.08956962078809738,0.0,5.0,
6142,4.83918571472168,10.319059371948242,0.0739293321967125,0.10070651769638062,0.06896436959505081,0.0,5.0,
6143,9.491799354553223,10.609102249145508,0.2931228578090668,0.06717821210622787,0.05716603621840477,0.0,5.0,
6144,5.87209415435791,10.252869606018066,0.15402942895889282,0.06070239096879959,0.07783374935388565,0.0,5.0,
6145,6.227230072021484,10.526442527770996,0.09493511915206909,0.13223837316036224,0.08652091026306152,0.0,5.0,
6146,3.4063339233398438,11.812170028686523,0.04448968172073364,0.0698532983660698,0.08345669507980347,0.0,5.0,
6147,1.5402240753173828,10.645557403564453,0.0,0.037502508610486984,0.08787278085947037,0.0,5.0,
6148,4.677951812744141,11.31582260131836,0.0,0.16758815944194794,0.07252923399209976,0.0,5.0,
6149,6.116860389709473,10.789119720458984,0.11627791076898575,0.10558336228132248,0.09392890334129333,0.0,5.0,
6150,4.781061172485352,9.954176902770996,0.12550948560237885,0.03714204952120781,0.09324828535318375,0.0,5.0,
6151,10.524481773376465,10.851496696472168,0.07415801286697388,0.3271081745624542,0.0871984139084816,0.0,5.0,
6152,3.6911935806274414,8.9465970993042,0.09018437564373016,0.03345789015293121,0.1048644408583641,0.0,5.0,
6153,6.605874061584473,10.89089298248291,0.08420606702566147,0.15840737521648407,0.07634327560663223,0.0,5.0,
6154,8.777901649475098,12.332067489624023,0.0,0.3273634910583496,0.08169921487569809,0.0,5.0,
6155,5.431307792663574,12.988871574401855,0.013211250305175781,0.17829325795173645,0.09945636987686157,0.0,5.0,
6156,11.276432991027832,10.418947219848633,0.01319060754030943,0.41827377676963806,0.08390452712774277,0.0,5.0,
6157,5.661323547363281,11.328874588012695,0.0,0.20306001603603363,0.08534649759531021,0.0,5.0,
6158,3.1475868225097656,10.035698890686035,0.0,0.10239355266094208,0.09395948797464371,0.0,5.0,
6159,2.419724464416504,9.828287124633789,0.052772004157304764,0.020990341901779175,0.09679872542619705,0.0,5.0,
6160,7.863007545471191,11.239181518554688,0.018044153228402138,0.27302128076553345,0.09492305666208267,0.0,5.0,
6161,2.3271732330322266,10.897468566894531,0.03506956622004509,0.03737131506204605,0.08521721512079239,0.0,5.0,
6162,5.944924354553223,11.079800605773926,0.09197056293487549,0.12393055856227875,0.09323615580797195,0.0,5.0,
6163,6.359118461608887,10.41421890258789,0.08871301263570786,0.14161211252212524,0.09697028994560242,0.0,5.0,
6164,5.640676498413086,8.885433197021484,0.09872301667928696,0.10849703848361969,0.08117830753326416,0.0,5.0,
6165,5.463898658752441,10.631139755249023,0.04234357550740242,0.1530357301235199,0.10646400600671768,0.0,5.0,
6166,5.0919084548950195,10.35203742980957,0.04163702204823494,0.13918007910251617,0.0998695120215416,0.0,5.0,
6167,4.324333190917969,10.536234855651855,0.064899742603302,0.08544842153787613,0.09498252719640732,0.0,5.0,
6168,4.304562568664551,12.689513206481934,0.03292473033070564,0.11699352413415909,0.06277210265398026,0.0,5.0,
6169,10.084715843200684,9.121228218078613,0.27850988507270813,0.10136595368385315,0.09200412780046463,0.0,5.0,
6170,6.638121604919434,11.500232696533203,0.0,0.24366632103919983,0.09586608409881592,0.0,5.0,
6171,4.554892539978027,12.039608001708984,0.0,0.16300491988658905,0.0708853229880333,0.0,5.0,
6172,5.217299461364746,12.031354904174805,0.04435275122523308,0.13156704604625702,0.10326817631721497,0.0,5.0,
6173,3.2685623168945312,11.70419979095459,0.024624407291412354,0.08683454990386963,0.07444215565919876,0.0,5.0,
6174,4.158933639526367,10.684454917907715,0.058949172496795654,0.08480095118284225,0.09703465551137924,0.0,5.0,
6175,6.649928092956543,11.020012855529785,0.14046180248260498,0.09855997562408447,0.11219945549964905,0.0,5.0,
6176,3.2854433059692383,10.98752498626709,0.027243494987487793,0.079897940158844,0.09559515118598938,0.0,5.0,
6177,5.176825523376465,12.216781616210938,0.08182945102453232,0.10162666440010071,0.10094659775495529,0.0,5.0,
6178,7.054886817932129,11.609731674194336,0.0195387601852417,0.2391338050365448,0.09662441164255142,0.0,5.0,
6179,2.2309999465942383,12.356379508972168,0.0,0.06640926003456116,0.0958527997136116,0.0,5.0,
6180,6.866204261779785,11.29633617401123,0.055210232734680176,0.1978757083415985,0.08202213048934937,0.0,5.0,
6181,2.8824281692504883,10.955618858337402,0.021913766860961914,0.06601954996585846,0.10458434373140335,0.0,5.0,
6182,6.191747665405273,10.18508243560791,0.1436157375574112,0.08486304432153702,0.08445476740598679,0.0,5.0,
6183,7.845792770385742,9.668011665344238,0.0587751641869545,0.23358109593391418,0.09199715405702591,0.0,5.0,
6184,5.170953750610352,10.066094398498535,0.034588634967803955,0.1513640135526657,0.0781896635890007,0.0,5.0,
6185,6.269701957702637,10.768641471862793,0.029783030971884727,0.20515261590480804,0.06925588846206665,0.0,5.0,
6186,7.107539176940918,10.119405746459961,0.04618648812174797,0.21391229331493378,0.10234537720680237,0.0,5.0,
6187,3.8808908462524414,10.236737251281738,0.0008580684661865234,0.13089120388031006,0.10112867504358292,0.0,5.0,
6188,4.113361358642578,10.39125919342041,0.09652713686227798,0.04637697711586952,0.09213032573461533,0.0,5.0,
6189,2.5801620483398438,10.674509048461914,0.0017733970889821649,0.08142521232366562,0.0762406662106514,0.0,5.0,
6190,5.1869049072265625,10.038561820983887,0.09001380205154419,0.0973980575799942,0.08064835518598557,0.0,5.0,
6191,3.421523094177246,9.68143367767334,0.0013742446899414062,0.1178513616323471,0.06884518265724182,0.0,5.0,
6192,3.5716962814331055,9.349464416503906,0.015872875228524208,0.10705647617578506,0.09277978539466858,0.0,5.0,
6193,4.591604232788086,10.130922317504883,0.0026414196472615004,0.16035890579223633,0.08860704302787781,0.0,5.0,
6194,4.027801513671875,9.633745193481445,0.1098051518201828,0.029772799462080002,0.09462251514196396,0.0,5.0,
6195,3.9157066345214844,8.910966873168945,0.028955677524209023,0.1094503402709961,0.08252133429050446,0.0,5.0,
6196,2.4332399368286133,9.902080535888672,0.0077391862869262695,0.06543028354644775,0.09894906729459763,0.0,5.0,
6197,9.41197681427002,9.6876220703125,0.20967558026313782,0.149446040391922,0.07826567441225052,0.0,5.0,
6198,3.6274471282958984,10.368975639343262,0.064381442964077,0.0595221146941185,0.07362256199121475,0.0,5.0,
6199,4.557682037353516,9.612563133239746,0.08435610681772232,0.07631611824035645,0.09120950847864151,0.0,5.0,
6200,2.2254514694213867,8.403851509094238,0.0,0.06998292356729507,0.08196114748716354,0.0,5.0,
6201,3.617722511291504,9.732292175292969,0.004416624549776316,0.11814740300178528,0.09994196891784668,0.0,5.0,
6202,6.295839309692383,8.550532341003418,0.1575106680393219,0.0717993825674057,0.08644197136163712,0.0,5.0,
6203,4.74893856048584,9.035441398620605,0.11279340833425522,0.053150370717048645,0.10162869840860367,0.0,5.0,
6204,4.818814277648926,10.02621841430664,0.08466361463069916,0.08863235265016556,0.08470240235328674,0.0,5.0,
6205,4.5239763259887695,10.659308433532715,0.035195786505937576,0.12235145270824432,0.07791787385940552,0.0,5.0,
6206,2.1114463806152344,10.582831382751465,0.03639721870422363,0.026411790400743484,0.08866134285926819,0.0,5.0,
6207,2.01328182220459,10.886865615844727,0.04154546931385994,0.0192815400660038,0.08952111750841141,0.0,5.0,
6208,6.134320259094238,11.026665687561035,0.013317207805812359,0.20489034056663513,0.10434294492006302,0.0,5.0,
6209,4.465351104736328,11.018742561340332,0.056150615215301514,0.10207853466272354,0.07933756709098816,0.0,5.0,
6210,5.458320617675781,12.115388870239258,0.032532889395952225,0.16293582320213318,0.08944851160049438,0.0,5.0,
6211,3.3066043853759766,11.137099266052246,0.0,0.100990429520607,0.12717415392398834,0.0,5.0,
6212,4.5675811767578125,11.517098426818848,0.0,0.15871846675872803,0.09984862804412842,0.0,5.0,
6213,3.518247604370117,12.173069953918457,0.022740960121154785,0.09605792909860611,0.0879468321800232,0.0,5.0,
6214,4.608599662780762,12.785179138183594,0.07599973678588867,0.08817502856254578,0.07302838563919067,0.0,5.0,
6215,5.959621429443359,14.027018547058105,0.04495052620768547,0.17083463072776794,0.0902036726474762,0.0,5.0,
6216,2.3334293365478516,12.89712142944336,0.01233142614364624,0.05152912065386772,0.1289680451154709,0.0,5.0,
6217,7.0184173583984375,11.857095718383789,0.01822950504720211,0.23488712310791016,0.11404905468225479,0.0,5.0,
6218,6.281834602355957,12.800942420959473,0.0,0.23016850650310516,0.07662571966648102,0.0,5.0,
6219,5.5059309005737305,11.611092567443848,0.016052404418587685,0.17749133706092834,0.10902171581983566,0.0,5.0,
6220,6.141758918762207,12.588045120239258,0.0,0.21551743149757385,0.11075498908758163,0.0,5.0,
6221,5.571928977966309,13.552756309509277,0.0,0.2001137137413025,0.08790716528892517,0.0,5.0,
6222,2.971151351928711,12.724825859069824,0.0,0.09515801817178726,0.10196176916360855,0.0,5.0,
6223,5.850193023681641,11.946894645690918,0.011280815117061138,0.19791454076766968,0.10528286546468735,0.0,5.0,
6224,1.40826416015625,12.805777549743652,0.01181544829159975,0.016427911818027496,0.10530226677656174,0.0,5.0,
6225,1.0631017684936523,13.975958824157715,0.0,0.01940995082259178,0.10226138681173325,0.0,5.0,
6226,4.0971574783325195,11.902891159057617,0.020422140136361122,0.12170960009098053,0.08503710478544235,0.0,5.0,
6227,5.056819915771484,11.93802547454834,0.0,0.183852881193161,0.07963728159666061,0.0,5.0,
6228,1.2342844009399414,14.191837310791016,0.0,0.02690945193171501,0.08365955948829651,0.0,5.0,
6229,7.00819206237793,12.526296615600586,0.14414668083190918,0.11263622343540192,0.08988982439041138,0.0,5.0,
6230,2.9540529251098633,11.815783500671387,0.0,0.09274078905582428,0.10410211235284805,0.0,5.0,
6231,3.191145896911621,11.954606056213379,0.05366794392466545,0.05389492213726044,0.07623928785324097,0.0,5.0,
6232,4.3587646484375,9.94470500946045,0.07983662188053131,0.0701393410563469,0.1076195240020752,0.0,5.0,
6233,1.9873123168945312,10.07441234588623,0.002442816970869899,0.05615057796239853,0.08516902476549149,0.0,5.0,
6234,2.6063995361328125,11.624856948852539,0.01613626815378666,0.06762918829917908,0.08449821919202805,0.0,5.0,
6235,10.795578956604004,12.322381973266602,0.26384681463241577,0.1529552936553955,0.06471294909715652,0.0,5.0,
6236,5.816287040710449,12.136847496032715,0.0075682601891458035,0.20167672634124756,0.0956612303853035,0.0,5.0,
6237,1.1234922409057617,11.353668212890625,0.0034030477982014418,0.016448790207505226,0.09149760007858276,0.0,5.0,
6238,3.7382774353027344,11.939324378967285,0.039298515766859055,0.08175233006477356,0.10786052793264389,0.0,5.0,
6239,4.792941093444824,11.224221229553223,0.02830769680440426,0.142155259847641,0.07055475562810898,0.0,5.0,
6240,2.0224761962890625,10.951672554016113,0.018503248691558838,0.03987383469939232,0.06744902580976486,0.0,5.0,
6241,8.28654956817627,11.964661598205566,0.042502760887145996,0.2656252980232239,0.06256930530071259,0.0,5.0,
6242,6.145546913146973,10.800495147705078,0.0,0.22324344515800476,0.09536422044038773,0.0,5.0,
6243,9.308424949645996,11.347180366516113,0.025638679042458534,0.32225170731544495,0.0983223021030426,0.0,5.0,
6244,4.614731788635254,11.426373481750488,0.02605956792831421,0.13935011625289917,0.07428187131881714,0.0,5.0,
6245,4.421024322509766,9.34400463104248,0.008886356838047504,0.1459488570690155,0.08421150594949722,0.0,5.0,
6246,6.319316864013672,10.699357986450195,0.019625922664999962,0.21492300927639008,0.0693918839097023,0.0,5.0,
6247,2.6539878845214844,9.961105346679688,0.054493505507707596,0.03423807770013809,0.0702541247010231,0.0,5.0,
6248,7.427613258361816,10.354645729064941,0.055485885590314865,0.21560443937778473,0.10586225986480713,0.0,5.0,
6249,4.745013236999512,9.402623176574707,0.05782824754714966,0.10352085530757904,0.11037448793649673,0.0,5.0,
6250,5.111828804016113,8.209572792053223,0.105068638920784,0.07472199946641922,0.09537985175848007,0.0,5.0,
6251,6.495972633361816,9.92780876159668,0.16676509380340576,0.07393339276313782,0.07598225027322769,0.0,5.0,
6252,2.2531909942626953,9.396241188049316,0.042264241725206375,0.024327345192432404,0.10678551346063614,0.0,5.0,
6253,5.041653633117676,10.445710182189941,0.13492849469184875,0.04554520174860954,0.06396838277578354,0.0,5.0,
6254,4.835720062255859,9.864013671875,0.011336724273860455,0.15892735123634338,0.09636623412370682,0.0,5.0,
6255,3.1875410079956055,10.708160400390625,0.07113508880138397,0.03878793120384216,0.05749299004673958,0.0,5.0,
6256,4.371821403503418,11.282442092895508,0.023793239146471024,0.1328849494457245,0.06827304512262344,0.0,5.0,
6257,8.44791316986084,11.19263744354248,0.05554991960525513,0.2563905715942383,0.10128781944513321,0.0,5.0,
6258,8.059285163879395,9.74109172821045,0.07210858911275864,0.22089171409606934,0.12010516971349716,0.0,5.0,
6259,3.2044200897216797,10.876506805419922,0.012802362442016602,0.09274633228778839,0.08338141441345215,0.0,5.0,
6260,2.1911230087280273,10.934231758117676,0.02258376218378544,0.04384968429803848,0.08161651343107224,0.0,5.0,
6261,3.2766876220703125,10.309138298034668,0.0692209005355835,0.037916842848062515,0.09327510744333267,0.0,5.0,
6262,7.1435041427612305,11.191083908081055,0.0584445595741272,0.20324420928955078,0.0863376334309578,0.0,5.0,
6263,5.259311676025391,11.535253524780273,0.0,0.18786391615867615,0.08729689568281174,0.0,5.0,
6264,2.010117530822754,11.145893096923828,0.04637551307678223,0.015871824696660042,0.06606664508581161,0.0,5.0,
6265,10.465500831604004,11.175107955932617,0.028524061664938927,0.3659506142139435,0.0933968722820282,0.0,5.0,
6266,6.80649471282959,10.302817344665527,0.16661792993545532,0.08488215506076813,0.0769256055355072,0.0,5.0,
6267,5.22683048248291,10.85661506652832,0.0,0.1847337782382965,0.10744547098875046,0.0,5.0,
6268,3.8708200454711914,12.525425910949707,0.019496897235512733,0.10954797267913818,0.10402397066354752,0.0,5.0,
6269,3.9667482376098633,11.753751754760742,0.01294614840298891,0.12474329769611359,0.08253210037946701,0.0,5.0,
6270,5.362312316894531,12.537074089050293,0.0,0.19196772575378418,0.06744109094142914,0.0,5.0,
6271,1.4049673080444336,10.95552921295166,0.0,0.0356842540204525,0.07877080887556076,0.0,5.0,
6272,4.3547468185424805,9.869343757629395,0.11327984184026718,0.03918207064270973,0.08407775312662125,0.0,5.0,
6273,2.4037513732910156,10.877934455871582,0.012759825214743614,0.05968976765871048,0.08957827091217041,0.0,5.0,
6274,3.8034324645996094,11.911620140075684,0.02615567110478878,0.0992148295044899,0.1021563783288002,0.0,5.0,
6275,2.1307811737060547,10.195574760437012,0.00257718563079834,0.0608663335442543,0.09244539588689804,0.0,5.0,
6276,2.4178991317749023,9.108383178710938,0.022544682025909424,0.05168940871953964,0.09574317187070847,0.0,5.0,
6277,9.111695289611816,10.161855697631836,0.036618947982788086,0.3111954927444458,0.0675710067152977,0.0,5.0,
6278,2.211160659790039,9.756235122680664,0.011701881885528564,0.052114859223365784,0.10530975461006165,0.0,5.0,
6279,1.9641523361206055,10.578592300415039,0.043913524597883224,0.01701582595705986,0.07204101979732513,0.0,5.0,
6280,9.855663299560547,11.050047874450684,0.23120276629924774,0.14045271277427673,0.08816597610712051,0.0,5.0,
6281,5.446032524108887,11.238259315490723,0.015897253528237343,0.1774941384792328,0.10753221064805984,0.0,5.0,
6282,2.5332956314086914,10.656706809997559,0.0050840177573263645,0.07699069380760193,0.08082707971334457,0.0,5.0,
6283,4.172338485717773,11.980643272399902,0.05097423121333122,0.09119255095720291,0.08429373055696487,0.0,5.0,
6284,1.7511215209960938,11.805389404296875,0.018433311954140663,0.03108121082186699,0.08001219481229782,0.0,5.0,
6285,4.392930030822754,10.724933624267578,0.0,0.15329022705554962,0.09227311611175537,0.0,5.0,
6286,2.7420358657836914,9.816193580627441,0.043932557106018066,0.04157784581184387,0.11281585693359375,0.0,5.0,
6287,5.79244327545166,11.1137056350708,0.0882326140999794,0.12054632604122162,0.09857895225286484,0.0,5.0,
6288,3.4005823135375977,10.021712303161621,0.0426328182220459,0.07348205149173737,0.07236208766698837,0.0,5.0,
6289,5.972491264343262,9.16375732421875,0.19013677537441254,0.030216891318559647,0.0760277584195137,0.0,5.0,
6290,2.380552291870117,10.990593910217285,0.03131004050374031,0.040065765380859375,0.09741630405187607,0.0,5.0,
6291,3.225735664367676,10.409151077270508,0.05881565809249878,0.05137660354375839,0.0709095224738121,0.0,5.0,
6292,3.942279815673828,10.550497055053711,0.07698418945074081,0.058204956352710724,0.09226692467927933,0.0,5.0,
6293,6.015155792236328,9.193490028381348,0.15065526962280273,0.06875667721033096,0.08923923224210739,0.0,5.0,
6294,6.908871650695801,10.528725624084473,0.06518645584583282,0.18623317778110504,0.0887356773018837,0.0,5.0,
6295,5.400518417358398,11.607805252075195,0.1494879275560379,0.04371349513530731,0.07468060404062271,0.0,5.0,
6296,4.177563667297363,11.807437896728516,0.04410465434193611,0.10254766047000885,0.07316402345895767,0.0,5.0,
6297,3.25374698638916,11.985359191894531,0.0,0.10047300159931183,0.11538922786712646,0.0,5.0,
6298,6.2967119216918945,11.901135444641113,0.060732800513505936,0.16913193464279175,0.08925331383943558,0.0,5.0,
6299,7.816380500793457,10.50880241394043,0.0047263503074646,0.27673715353012085,0.12643231451511383,0.0,5.0,
6300,4.068933486938477,10.788816452026367,0.012355010025203228,0.1259147971868515,0.10878811031579971,0.0,5.0,
6301,2.6171836853027344,11.442299842834473,0.017422359436750412,0.06502188742160797,0.08002792298793793,0.0,5.0,
6302,13.373062133789062,11.984389305114746,0.14653748273849487,0.36067765951156616,0.09842073172330856,0.0,5.0,
6303,3.1095705032348633,12.467522621154785,0.00802661944180727,0.09331116080284119,0.08170496672391891,0.0,5.0,
6304,3.2125606536865234,11.826839447021484,0.0007115404005162418,0.09973426163196564,0.08784937113523483,0.0,5.0,
6305,3.037311553955078,10.852665901184082,0.014296889305114746,0.07734411209821701,0.11350211501121521,0.0,5.0,
6306,4.465968132019043,11.773824691772461,0.0,0.15300261974334717,0.10333988070487976,0.0,5.0,
6307,2.6885690689086914,12.511520385742188,0.006665627006441355,0.07400260120630264,0.1008622944355011,0.0,5.0,
6308,4.712594032287598,11.036693572998047,0.0012581944465637207,0.16013868153095245,0.09474414587020874,0.0,5.0,
6309,2.1580610275268555,10.535086631774902,0.02626136876642704,0.03507564216852188,0.0951315388083458,0.0,5.0,
6310,6.23532772064209,12.182687759399414,0.0,0.22449743747711182,0.09137037396430969,0.0,5.0,
6311,5.365608215332031,10.445823669433594,0.04142963886260986,0.15147550404071808,0.09210359305143356,0.0,5.0,
6312,4.424783706665039,10.576070785522461,0.009278158657252789,0.14367172122001648,0.10046202689409256,0.0,5.0,
6313,5.015566825866699,10.46352767944336,0.06806379556655884,0.10968302935361862,0.08183491975069046,0.0,5.0,
6314,6.160460472106934,10.474217414855957,0.15975268185138702,0.07061014324426651,0.061954960227012634,0.0,5.0,
6315,4.4430437088012695,11.303004264831543,0.08203890174627304,0.07567251473665237,0.07850117236375809,0.0,5.0,
6316,3.813051223754883,10.370460510253906,0.08308851718902588,0.04617965966463089,0.1026071310043335,0.0,5.0,
6317,5.941516876220703,10.888456344604492,0.20032887160778046,0.013410907238721848,0.07595235109329224,0.0,5.0,
6318,2.0706090927124023,12.347227096557617,0.008296470157802105,0.05257907509803772,0.08116570860147476,0.0,5.0,
6319,2.855820655822754,9.852067947387695,0.05500844866037369,0.03734540939331055,0.09334934502840042,0.0,5.0,
6320,3.5850467681884766,12.291362762451172,0.0,0.12268373370170593,0.07885488122701645,0.0,5.0,
6321,6.865469932556152,12.048192977905273,0.0619044303894043,0.18433581292629242,0.11578110605478287,0.0,5.0,
6322,1.769608497619629,12.053587913513184,0.00704212998971343,0.03273201733827591,0.12237263470888138,0.0,5.0,
6323,3.6858558654785156,11.506787300109863,0.014265875332057476,0.10703703761100769,0.10842808336019516,0.0,5.0,
6324,2.0205726623535156,11.105941772460938,0.0,0.05661337450146675,0.10843373090028763,0.0,5.0,
6325,8.103901863098145,11.42692756652832,0.0,0.30150073766708374,0.07978260517120361,0.0,5.0,
6326,1.6707048416137695,11.953934669494629,0.0,0.03967364504933357,0.10669133812189102,0.0,5.0,
6327,1.4471712112426758,12.639547348022461,0.00887531042098999,0.026005396619439125,0.08648674935102463,0.0,5.0,
6328,2.3663549423217773,11.057947158813477,0.028073251247406006,0.041985444724559784,0.09385507553815842,0.0,5.0,
6329,9.184183120727539,11.168084144592285,0.0,0.3399364948272705,0.11871224641799927,0.0,5.0,
6330,4.51051139831543,10.863142013549805,0.04694443941116333,0.10746149718761444,0.10597871989011765,0.0,5.0,
6331,7.981161117553711,10.70441722869873,0.041730642318725586,0.25818687677383423,0.08842851966619492,0.0,5.0,
6332,1.2278738021850586,11.51827621459961,0.0,0.019031573086977005,0.11565258353948593,0.0,5.0,
6333,6.72934627532959,10.313730239868164,0.09182421118021011,0.15368065237998962,0.10303843766450882,0.0,5.0,
6334,4.859044075012207,11.150214195251465,0.0,0.17078739404678345,0.09326067566871643,0.0,5.0,
6335,2.9349679946899414,10.141010284423828,0.03992925211787224,0.049899280071258545,0.11265819519758224,0.0,5.0,
6336,4.423946380615234,9.819930076599121,0.01863682270050049,0.13285286724567413,0.08603253215551376,0.0,5.0,
6337,0.9611806869506836,10.808794975280762,0.0,0.01856773905456066,0.07424786686897278,0.0,5.0,
6338,6.6996259689331055,8.888660430908203,0.10895466804504395,0.14179831743240356,0.06814146041870117,0.0,5.0,
6339,4.3302001953125,10.23420524597168,0.07659747451543808,0.07269471883773804,0.10176116973161697,0.0,5.0,
6340,4.018540382385254,9.180448532104492,0.08754080533981323,0.04983765259385109,0.10220722109079361,0.0,5.0,
6341,3.20987606048584,9.896727561950684,0.0,0.11274546384811401,0.06532599776983261,0.0,5.0,
6342,0.8434238433837891,9.35664176940918,0.0016961097717285156,0.012867564335465431,0.06791030615568161,0.0,5.0,
6343,3.403304100036621,10.478663444519043,0.08937841653823853,0.026417896151542664,0.08567767590284348,0.0,5.0,
6344,1.6916275024414062,10.114356994628906,0.031714122742414474,0.01130085252225399,0.09373188018798828,0.0,5.0,
6345,3.0036115646362305,10.99374771118164,0.0435064435005188,0.04929179325699806,0.08730106800794601,0.0,5.0,
6346,7.3168535232543945,9.645960807800293,0.07687216997146606,0.18938907980918884,0.10268417745828629,0.0,5.0,
6347,3.9673690795898438,12.049592971801758,0.010118246078491211,0.1286116987466812,0.07882320135831833,0.0,5.0,
6348,6.966156005859375,11.292574882507324,0.017213741317391396,0.233484148979187,0.09981820732355118,0.0,5.0,
6349,7.27665901184082,10.552626609802246,0.14011360704898834,0.1335947960615158,0.06736110895872116,0.0,5.0,
6350,2.2722606658935547,12.002840042114258,0.0009700655937194824,0.06510697305202484,0.1036452054977417,0.0,5.0,
6351,3.6537322998046875,11.393568992614746,0.0015756487846374512,0.12293227016925812,0.08866215497255325,0.0,5.0,
6352,5.1612749099731445,11.704668045043945,0.010038475506007671,0.18001803755760193,0.06730775535106659,0.0,5.0,
6353,2.311245918273926,12.775471687316895,0.03643779084086418,0.02827400714159012,0.0780569314956665,0.0,5.0,
6354,4.904677391052246,13.187758445739746,0.07925628125667572,0.0959368646144867,0.09285339713096619,0.0,5.0,
6355,2.973417282104492,11.377873420715332,0.0,0.0932464674115181,0.11121524125337601,0.0,5.0,
6356,4.971592903137207,12.207122802734375,0.03401632979512215,0.13835003972053528,0.11381720751523972,0.0,5.0,
6357,4.101492881774902,11.591041564941406,0.0,0.13773378729820251,0.08529114723205566,0.0,5.0,
6358,2.7436037063598633,13.465005874633789,0.05737380310893059,0.032314106822013855,0.07279456406831741,0.0,5.0,
6359,6.852439880371094,12.453916549682617,0.07365355640649796,0.18034856021404266,0.07772938162088394,0.0,5.0,
6360,3.9256467819213867,10.731152534484863,0.04156196117401123,0.0939563512802124,0.08941035717725754,0.0,5.0,
6361,3.834867477416992,12.254853248596191,0.03783174231648445,0.09608164429664612,0.08294548839330673,0.0,5.0,
6362,1.642420768737793,11.678890228271484,0.006159225944429636,0.03734937310218811,0.09151828289031982,0.0,5.0,
6363,3.7153635025024414,10.77641487121582,0.04187409207224846,0.08587110042572021,0.08267949521541595,0.0,5.0,
6364,4.629054069519043,11.419490814208984,0.06731388717889786,0.09752961993217468,0.0686420276761055,0.0,5.0,
6365,4.38670539855957,10.649919509887695,0.09403600543737411,0.05320095270872116,0.12683917582035065,0.0,5.0,
6366,4.346900939941406,10.943110466003418,0.05024878308176994,0.09946633875370026,0.09809568524360657,0.0,5.0,
6367,4.804638862609863,12.14422607421875,0.010663707740604877,0.15714287757873535,0.09807004779577255,0.0,5.0,
6368,7.202256202697754,10.221182823181152,0.023352384567260742,0.24147526919841766,0.0878739133477211,0.0,5.0,
6369,7.808794021606445,10.74275016784668,0.21457749605178833,0.0784142017364502,0.0746593251824379,0.0,5.0,
6370,5.423033714294434,10.153319358825684,0.08476221561431885,0.10925519466400146,0.07223664224147797,0.0,5.0,
6371,4.344021797180176,9.451428413391113,0.07299558818340302,0.0775749608874321,0.10273367166519165,0.0,5.0,
6372,2.99429988861084,11.436408042907715,0.02971804141998291,0.07097014784812927,0.07349284738302231,0.0,5.0,
6373,2.0724897384643555,11.284544944763184,0.00506301736459136,0.058449629694223404,0.07219263166189194,0.0,5.0,
6374,3.6703128814697266,10.408612251281738,0.030506134033203125,0.09601115435361862,0.07541940361261368,0.0,5.0,
6375,1.2422122955322266,10.605956077575684,0.005953371524810791,0.02249824069440365,0.08529440313577652,0.0,5.0,
6376,4.541821479797363,10.370806694030762,0.0,0.15579022467136383,0.08220198005437851,0.0,5.0,
6377,3.588045120239258,12.318971633911133,0.024544060230255127,0.09185497462749481,0.10728391259908676,0.0,5.0,
6378,4.794868469238281,11.161171913146973,0.04335445165634155,0.1226758062839508,0.09980278462171555,0.0,5.0,
6379,5.961373329162598,12.286233901977539,0.037514228373765945,0.17247255146503448,0.10382357239723206,0.0,5.0,
6380,4.849747657775879,11.514482498168945,0.0032552082557231188,0.16739240288734436,0.07603177428245544,0.0,5.0,
6381,2.2820425033569336,10.743854522705078,0.017711499705910683,0.05025549605488777,0.08986590057611465,0.0,5.0,
6382,4.420816421508789,11.418228149414062,0.08515746891498566,0.06374027580022812,0.10315949469804764,0.0,5.0,
6383,3.064952850341797,12.368446350097656,0.036537665873765945,0.056186310946941376,0.090647853910923,0.0,5.0,
6384,3.930744171142578,12.170902252197266,0.01027109194546938,0.12246255576610565,0.1034156009554863,0.0,5.0,
6385,2.3588037490844727,12.064597129821777,0.030179699882864952,0.03420495241880417,0.11899766325950623,0.0,5.0,
6386,3.889312744140625,11.40185832977295,0.019224384799599648,0.10520213842391968,0.11960960179567337,0.0,5.0,
6387,3.7129154205322266,10.423124313354492,0.048083920031785965,0.07700815796852112,0.07476771622896194,0.0,5.0,
6388,1.6698675155639648,11.466243743896484,0.0,0.04408750310540199,0.09827559441328049,0.0,5.0,
6389,3.3181533813476562,12.383321762084961,0.0,0.10836604982614517,0.09557867050170898,0.0,5.0,
6390,10.043792724609375,11.97227668762207,0.0,0.3770763874053955,0.1024237647652626,0.0,5.0,
6391,12.970152854919434,10.379387855529785,0.2031087875366211,0.2906720042228699,0.10864734649658203,0.0,5.0,
6392,8.760380744934082,12.761004447937012,0.20770163834095,0.11800770461559296,0.08367833495140076,0.0,5.0,
6393,2.498016357421875,10.452628135681152,0.049533504992723465,0.028565365821123123,0.0885707437992096,0.0,5.0,
6394,4.431838035583496,11.856993675231934,0.08662446588277817,0.06533705443143845,0.0946664810180664,0.0,5.0,
6395,6.959957122802734,11.464597702026367,0.12490089982748032,0.12854783236980438,0.11172690987586975,0.0,5.0,
6396,6.287509918212891,11.056605339050293,0.06917879730463028,0.15531960129737854,0.11802328377962112,0.0,5.0,
6397,10.378457069396973,12.109700202941895,0.02916528843343258,0.36202651262283325,0.1035354807972908,0.0,5.0,
6398,5.435037612915039,10.471115112304688,0.0,0.18892022967338562,0.11708968877792358,0.0,5.0,
6399,2.043400764465332,10.366278648376465,0.0,0.05490568280220032,0.11993595957756042,0.0,5.0,
6400,5.27119255065918,10.990346908569336,0.019963541999459267,0.1658172756433487,0.11270520091056824,0.0,5.0,
6401,1.333359718322754,12.01039981842041,0.0,0.03312941640615463,0.0808105617761612,0.0,5.0,
6402,1.882399559020996,10.23182487487793,0.0,0.05126110836863518,0.09665226936340332,0.0,5.0,
6403,1.923823356628418,9.659486770629883,0.0,0.0531361848115921,0.11035147309303284,0.0,5.0,
6404,2.5760202407836914,9.525811195373535,0.038355886936187744,0.042063724249601364,0.09734074026346207,0.0,5.0,
6405,3.7122011184692383,9.504203796386719,0.08620742708444595,0.04549184814095497,0.04961785674095154,0.0,5.0,
6406,3.640584945678711,9.646247863769531,0.04243435338139534,0.08565814793109894,0.07398153096437454,0.0,5.0,
6407,6.980358123779297,8.746285438537598,0.12245150655508041,0.13700641691684723,0.0837521180510521,0.0,5.0,
6408,3.7174062728881836,8.854257583618164,0.02373373508453369,0.10129622370004654,0.10263839364051819,0.0,5.0,
6409,3.570270538330078,9.98773193359375,0.02193758822977543,0.09924817085266113,0.08894439786672592,0.0,5.0,
6410,7.290032386779785,10.211487770080566,0.1506119817495346,0.11816991865634918,0.07440042495727539,0.0,5.0,
6411,8.066792488098145,9.509546279907227,0.13936837017536163,0.16384953260421753,0.07023819535970688,0.0,5.0,
6412,2.205047607421875,8.947967529296875,0.021619021892547607,0.04751084744930267,0.07464989274740219,0.0,5.0,
6413,5.588074684143066,9.631973266601562,0.12843334674835205,0.07412585616111755,0.07842875272035599,0.0,5.0,
6414,3.5282020568847656,9.896369934082031,0.09097573906183243,0.028466317802667618,0.07210744172334671,0.0,5.0,
6415,2.6992578506469727,10.070398330688477,0.011541485786437988,0.07816634327173233,0.06435095518827438,0.0,5.0,
6416,2.5250539779663086,10.708166122436523,0.0,0.08175815641880035,0.07681652903556824,0.0,5.0,
6417,1.1691827774047852,10.393882751464844,0.0,0.023863721638917923,0.08986874669790268,0.0,5.0,
6418,4.689723014831543,10.48607063293457,0.015265583992004395,0.14928367733955383,0.09323769807815552,0.0,5.0,
6419,2.5804615020751953,10.371804237365723,0.06597431749105453,0.02065340057015419,0.06808368116617203,0.0,5.0,
6420,1.8692712783813477,10.850031852722168,0.023457428440451622,0.03317788243293762,0.07254724949598312,0.0,5.0,
6421,2.2965917587280273,11.123927116394043,0.012296040542423725,0.0614185631275177,0.07629667222499847,0.0,5.0,
6422,6.014453887939453,9.82890796661377,0.03159463405609131,0.1848444938659668,0.11049497127532959,0.0,5.0,
6423,3.9075469970703125,9.601465225219727,0.0,0.13111963868141174,0.09678217023611069,0.0,5.0,
6424,8.639567375183105,10.307151794433594,0.18305367231369019,0.14113545417785645,0.07651049643754959,0.0,5.0,
6425,2.0908966064453125,10.830184936523438,0.034916143864393234,0.026862861588597298,0.09445810317993164,0.0,5.0,
6426,4.024450302124023,9.86229133605957,0.06031664088368416,0.0777704119682312,0.09852921217679977,0.0,5.0,
6427,2.805729866027832,10.122201919555664,0.0,0.0855427011847496,0.11066210269927979,0.0,5.0,
6428,4.885433197021484,10.017292976379395,0.12269961833953857,0.0481395497918129,0.08015067130327225,0.0,5.0,
6429,3.479452133178711,10.013972282409668,0.008909523487091064,0.0994761735200882,0.13820458948612213,0.0,5.0,
6430,2.809427261352539,11.800139427185059,0.02090662717819214,0.06229563057422638,0.13579437136650085,0.0,5.0,
6431,3.92722225189209,11.730117797851562,0.0,0.12884332239627838,0.11107101291418076,0.0,5.0,
6432,7.134966850280762,10.438570976257324,0.0,0.2605688273906708,0.09454401582479477,0.0,5.0,
6433,2.9136390686035156,9.544127464294434,0.0,0.09009390324354172,0.09541436284780502,0.0,5.0,
6434,2.0301589965820312,10.06220531463623,0.0,0.056392841041088104,0.10938719660043716,0.0,5.0,
6435,2.6503076553344727,9.809714317321777,0.0,0.08249692618846893,0.0884973406791687,0.0,5.0,
6436,2.450413703918457,10.600613594055176,0.02760348841547966,0.04378299415111542,0.10497620701789856,0.0,5.0,
6437,1.7284784317016602,10.843496322631836,0.0,0.041255056858062744,0.11104097962379456,0.0,5.0,
6438,4.737602233886719,11.035398483276367,0.0,0.16855625808238983,0.08680342882871628,0.0,5.0,
6439,3.2527599334716797,9.703351974487305,0.05848681926727295,0.05049572512507439,0.07268578559160233,0.0,5.0,
6440,3.085155487060547,10.618556022644043,0.0317225456237793,0.06927785277366638,0.08038514107465744,0.0,5.0,
6441,5.370734214782715,10.899141311645508,0.02912682294845581,0.15878421068191528,0.11739615350961685,0.0,5.0,
6442,4.463222503662109,11.110628128051758,0.0734158530831337,0.08437595516443253,0.08239676058292389,0.0,5.0,
6443,3.505748748779297,9.550576210021973,0.01843019388616085,0.09791633486747742,0.09374818205833435,0.0,5.0,
6444,2.826422691345215,9.96330451965332,0.031736474484205246,0.05827151611447334,0.08194107562303543,0.0,5.0,
6445,5.125822067260742,9.308053016662598,0.03945217654109001,0.14216244220733643,0.10585933178663254,0.0,5.0,
6446,3.2745752334594727,9.654736518859863,0.04855158179998398,0.063343845307827,0.08363521844148636,0.0,5.0,
6447,4.005636215209961,9.565595626831055,0.08908180147409439,0.04639982432126999,0.10564714670181274,0.0,5.0,
6448,1.899785041809082,9.962883949279785,0.0,0.054941002279520035,0.0848303958773613,0.0,5.0,
6449,2.9884557723999023,9.963459968566895,0.0,0.09627196937799454,0.09440676122903824,0.0,5.0,
6450,2.539076805114746,10.088628768920898,0.00936551857739687,0.06680120527744293,0.11212607473134995,0.0,5.0,
6451,1.1015405654907227,11.04516887664795,0.0005302627687342465,0.019411258399486542,0.09104541689157486,0.0,5.0,
6452,7.775303840637207,12.580451011657715,0.033852994441986084,0.2539789378643036,0.08927436918020248,0.0,5.0,
6453,1.889078140258789,10.617562294006348,0.0,0.05432436615228653,0.08914352208375931,0.0,5.0,
6454,7.956927299499512,11.03193473815918,0.09410077333450317,0.20220085978507996,0.09077895432710648,0.0,5.0,
6455,2.1164255142211914,10.038569450378418,0.03378107026219368,0.029563937336206436,0.07709572464227676,0.0,5.0,
6456,1.4132652282714844,11.82176685333252,0.0,0.03504553809762001,0.08342088013887405,0.0,5.0,
6457,2.278233528137207,10.930317878723145,0.04688781499862671,0.021009720861911774,0.09342178702354431,0.0,5.0,
6458,3.1844377517700195,8.643877983093262,0.07562106847763062,0.02834967151284218,0.11114999651908875,0.0,5.0,
6459,1.3241262435913086,9.069802284240723,0.0,0.030009984970092773,0.09608223289251328,0.0,5.0,
6460,3.8579015731811523,9.844917297363281,0.042262256145477295,0.08754990994930267,0.09700777381658554,0.0,5.0,
6461,6.13411808013916,10.633947372436523,0.007734199520200491,0.2122480869293213,0.10178390890359879,0.0,5.0,
6462,8.317838668823242,10.207545280456543,0.035317182540893555,0.27970901131629944,0.071964792907238,0.0,5.0,
6463,6.108323097229004,10.234182357788086,0.15197989344596863,0.07129310071468353,0.08110459893941879,0.0,5.0,
6464,7.621786117553711,9.250184059143066,0.038053493946790695,0.24190279841423035,0.08670035004615784,0.0,5.0,
6465,4.544920921325684,10.583712577819824,0.0,0.15287986397743225,0.11245498806238174,0.0,5.0,
6466,1.6470794677734375,8.96841812133789,0.02279684878885746,0.022739794105291367,0.07801849395036697,0.0,5.0,
6467,6.913646697998047,9.28252124786377,0.06643480062484741,0.1883493810892105,0.07034686952829361,0.0,5.0,
6468,1.7136898040771484,10.303197860717773,0.0045720734633505344,0.037402134388685226,0.10122042894363403,0.0,5.0,
6469,3.6894235610961914,9.05276870727539,0.011675259098410606,0.11671240627765656,0.0740613341331482,0.0,5.0,
6470,3.2186012268066406,10.030481338500977,0.046902935951948166,0.06310994923114777,0.06952173262834549,0.0,5.0,
6471,2.2417993545532227,9.913901329040527,0.016252756118774414,0.05697168409824371,0.0599854402244091,0.0,5.0,
6472,4.158084869384766,9.566529273986816,0.04204477742314339,0.10136901587247849,0.08160126954317093,0.0,5.0,
6473,2.5356807708740234,9.893759727478027,0.03851628303527832,0.041635286062955856,0.09458763152360916,0.0,5.0,
6474,2.4030542373657227,9.421046257019043,0.0,0.07459288835525513,0.08078207820653915,0.0,5.0,
6475,6.152117729187012,10.053376197814941,0.13741400837898254,0.0885685384273529,0.07907653599977493,0.0,5.0,
6476,1.686899185180664,9.014156341552734,0.0,0.04447370022535324,0.09598007053136826,0.0,5.0,
6477,3.42465877532959,10.025568008422852,0.050167303532361984,0.06766126304864883,0.08122680336236954,0.0,5.0,
6478,7.755221366882324,8.60073184967041,0.08175241947174072,0.2016558051109314,0.11312048882246017,0.0,5.0,
6479,4.583966255187988,10.215116500854492,0.12201863527297974,0.03588341176509857,0.11104492098093033,0.0,5.0,
6480,4.9281110763549805,9.709858894348145,0.12396065145730972,0.04753303527832031,0.10060140490531921,0.0,5.0,
6481,2.2858047485351562,10.658426284790039,0.01969609595835209,0.05019945278763771,0.08519438654184341,0.0,5.0,
6482,7.470292091369629,12.048447608947754,0.016850491985678673,0.26069703698158264,0.08442914485931396,0.0,5.0,
6483,8.170015335083008,10.768280982971191,0.01368778944015503,0.2828943729400635,0.10063644498586655,0.0,5.0,
6484,3.6853065490722656,10.692351341247559,0.01426867675036192,0.10785636305809021,0.09582745283842087,0.0,5.0,
6485,2.201150894165039,11.339432716369629,0.005231797695159912,0.05918310955166817,0.08912491053342819,0.0,5.0,
6486,4.6645402908325195,10.887164115905762,0.061076581478118896,0.10614216327667236,0.05917704477906227,0.0,5.0,
6487,7.101288795471191,12.701541900634766,0.01794632337987423,0.23499828577041626,0.11472192406654358,0.0,5.0,
6488,3.6234960556030273,11.925737380981445,0.0,0.12311767041683197,0.07502372562885284,0.0,5.0,
6489,3.055818557739258,11.392220497131348,0.04783596470952034,0.044446613639593124,0.09474411606788635,0.0,5.0,
6490,3.722635269165039,9.639245986938477,0.0348975844681263,0.08927204459905624,0.10067394375801086,0.0,5.0,
6491,4.347023010253906,11.874558448791504,0.03336868807673454,0.11832720041275024,0.09592381864786148,0.0,5.0,
6492,4.771819114685059,12.65107536315918,0.026468494907021523,0.13583704829216003,0.11509689688682556,0.0,5.0,
6493,5.328747749328613,12.193221092224121,0.0,0.18661032617092133,0.10077670961618423,0.0,5.0,
6494,6.255100250244141,11.223673820495605,0.0,0.2197110652923584,0.1152692660689354,0.0,5.0,
6495,3.1424999237060547,10.022414207458496,0.04287971928715706,0.061536166816949844,0.09094292670488358,0.0,5.0,
6496,3.7982521057128906,11.931694030761719,0.0009507934446446598,0.13167844712734222,0.07825873792171478,0.0,5.0,
6497,2.790736198425293,12.661930084228516,0.04819905757904053,0.038194477558135986,0.10690552741289139,0.0,5.0,
6498,4.0964765548706055,9.351883888244629,0.0878494381904602,0.05034481734037399,0.10207096487283707,0.0,5.0,
6499,2.4618892669677734,11.766782760620117,0.034237463027238846,0.042639415711164474,0.08995244652032852,0.0,5.0,
6500,7.3651533126831055,10.031648635864258,0.057621777057647705,0.21700866520404816,0.07792464643716812,0.0,5.0,"[1.3287628889083862, 1.2969220876693726, 0.933819055557251]"
6501,4.556419372558594,12.409517288208008,0.08896994590759277,0.06974707543849945,0.09756646305322647,0.0,5.0,
6502,6.525238037109375,10.128809928894043,0.0,0.236433744430542,0.1045340821146965,0.0,5.0,
6503,3.2662601470947266,9.502375602722168,0.0,0.10982634127140045,0.08425795286893845,0.0,5.0,
6504,7.196747779846191,10.705013275146484,0.0,0.26518288254737854,0.07909472286701202,0.0,5.0,
6505,2.6594619750976562,10.063787460327148,0.062008798122406006,0.02236984297633171,0.08041646331548691,0.0,5.0,
6506,12.649807929992676,10.001768112182617,0.22106331586837769,0.2610308825969696,0.09346728771924973,0.0,5.0,
6507,2.3881235122680664,9.067784309387207,0.006532073020935059,0.07053512334823608,0.07491514831781387,0.0,5.0,
6508,5.824634552001953,9.680652618408203,0.023013532161712646,0.1853790432214737,0.08054328709840775,0.0,5.0,
6509,1.12646484375,10.839279174804688,0.006051321979612112,0.01302637904882431,0.07113626599311829,0.0,5.0,
6510,4.225263595581055,9.845157623291016,0.05126943066716194,0.09897525608539581,0.07004190236330032,0.0,5.0,
6511,2.829501152038574,10.07214641571045,0.04978432133793831,0.041742295026779175,0.0927734375,0.0,5.0,
6512,2.9796457290649414,9.855664253234863,0.06082819029688835,0.03221035748720169,0.0987890288233757,0.0,5.0,
6513,1.9336519241333008,10.369012832641602,0.025415003299713135,0.0294865183532238,0.07938379794359207,0.0,5.0,
6514,5.757392883300781,9.18377685546875,0.04599444195628166,0.15919120609760284,0.07944031804800034,0.0,5.0,
6515,3.8850975036621094,10.493019104003906,0.019164225086569786,0.11107739806175232,0.09447339922189713,0.0,5.0,
6516,3.096864700317383,11.340075492858887,0.0363633818924427,0.06119957193732262,0.1099211797118187,0.0,5.0,
6517,9.008824348449707,9.876971244812012,0.024278024211525917,0.3153897821903229,0.08484741300344467,0.0,5.0,
6518,4.929004669189453,10.702971458435059,0.0,0.17342543601989746,0.09196800738573074,0.0,5.0,
6519,4.972779273986816,11.032732963562012,0.054609477519989014,0.12216641008853912,0.08912187814712524,0.0,5.0,
6520,3.2560501098632812,11.109257698059082,0.0,0.10912181437015533,0.07383345067501068,0.0,5.0,
6521,4.68082332611084,9.777515411376953,0.05457979440689087,0.11255461722612381,0.0818670317530632,0.0,5.0,
6522,3.626193046569824,11.210251808166504,0.011419057846069336,0.11268693208694458,0.07609718292951584,0.0,5.0,
6523,3.6816415786743164,10.228772163391113,0.01842067576944828,0.10465654730796814,0.09427288919687271,0.0,5.0,
6524,1.472611427307129,9.87702751159668,0.01720007322728634,0.02457403391599655,0.06148016080260277,0.0,5.0,
6525,4.463589668273926,8.740739822387695,0.11960738897323608,0.0413629524409771,0.0739687979221344,0.0,5.0,
6526,2.7358837127685547,10.156559944152832,0.014789004810154438,0.0755893811583519,0.07714175432920456,0.0,5.0,
6527,3.788440704345703,9.536713600158691,0.009437263011932373,0.1245311051607132,0.07635705173015594,0.0,5.0,
6528,3.3603858947753906,9.867107391357422,0.0607764907181263,0.05350462347269058,0.08875763416290283,0.0,5.0,
6529,3.8587026596069336,10.476372718811035,0.08417612314224243,0.04631578549742699,0.10252413898706436,0.0,5.0,
6530,7.140381813049316,9.568940162658691,0.15116038918495178,0.11064419895410538,0.09642436355352402,0.0,5.0,
6531,6.514086723327637,9.831915855407715,0.04572119191288948,0.1952151358127594,0.09259144216775894,0.0,5.0,
6532,5.548986434936523,10.083905220031738,0.049488168209791183,0.15244898200035095,0.08628735691308975,0.0,5.0,
6533,4.924899101257324,10.26575756072998,0.03786267712712288,0.13998953998088837,0.08180369436740875,0.0,5.0,
6534,4.848438262939453,10.884407997131348,0.015662193298339844,0.15708522498607635,0.07876776903867722,0.0,5.0,
6535,1.712580680847168,9.80031967163086,0.024028241634368896,0.02221992053091526,0.0776607021689415,0.0,5.0,
6536,5.574588775634766,10.447356224060059,0.0,0.19138707220554352,0.1303471475839615,0.0,5.0,
6537,1.5142526626586914,10.902048110961914,0.0035984318237751722,0.03463432565331459,0.087958425283432,0.0,5.0,
6538,4.229000091552734,12.024073600769043,0.0,0.14679044485092163,0.07480350136756897,0.0,5.0,
6539,3.484577178955078,10.627873420715332,0.04277414083480835,0.07421990483999252,0.08923549205064774,0.0,5.0,
6540,2.139021873474121,10.016274452209473,0.0,0.06598955392837524,0.08635109663009644,0.0,5.0,
6541,4.565382957458496,9.721131324768066,0.05935013294219971,0.10289910435676575,0.06865624338388443,0.0,5.0,
6542,1.0400829315185547,10.062447547912598,0.0,0.018054164946079254,0.07775850594043732,0.0,5.0,
6543,1.875554084777832,9.849443435668945,0.01587931253015995,0.03916284814476967,0.08944333344697952,0.0,5.0,
6544,3.8640689849853516,10.963177680969238,0.032947320491075516,0.10425658524036407,0.07328329235315323,0.0,5.0,
6545,2.6279611587524414,11.287593841552734,0.03192426636815071,0.04924440756440163,0.0874103307723999,0.0,5.0,
6546,3.7344722747802734,10.72225284576416,0.00983013678342104,0.11877596378326416,0.06617683917284012,0.0,5.0,
6547,7.0027923583984375,11.016414642333984,0.07184845209121704,0.18742504715919495,0.07720831036567688,0.0,5.0,
6548,2.990450859069824,10.022749900817871,0.05605002120137215,0.04591279476881027,0.06932679563760757,0.0,5.0,
6549,1.8399324417114258,11.3450927734375,0.03467835858464241,0.018811088055372238,0.08494877070188522,0.0,5.0,
6550,2.9429216384887695,10.113138198852539,0.04485509917140007,0.05246947705745697,0.07891235500574112,0.0,5.0,
6551,3.3338088989257812,10.606526374816895,0.07269942760467529,0.041108183562755585,0.06514466553926468,0.0,5.0,
6552,3.5778799057006836,11.8160400390625,0.033736228942871094,0.08382221311330795,0.0894637480378151,0.0,5.0,
6553,3.744638442993164,10.71967601776123,0.03381313756108284,0.09504766762256622,0.08515739440917969,0.0,5.0,
6554,1.7100353240966797,9.973739624023438,0.028208056464791298,0.018389256671071053,0.08293192833662033,0.0,5.0,
6555,4.16474723815918,10.715947151184082,0.08307864516973495,0.0645221471786499,0.06306346505880356,0.0,5.0,
6556,2.6989173889160156,11.552752494812012,0.0553649477660656,0.031177764758467674,0.08276424556970596,0.0,5.0,
6557,8.131318092346191,11.481599807739258,0.05248306319117546,0.24673859775066376,0.10863325744867325,0.0,5.0,
6558,5.596954345703125,11.134157180786133,0.09720177948474884,0.1020408496260643,0.09324169158935547,0.0,5.0,
6559,6.156950950622559,11.557998657226562,0.06833577156066895,0.1529064029455185,0.11254981905221939,0.0,5.0,
6560,6.692330360412598,11.276154518127441,0.1817297637462616,0.06336410343647003,0.09907329827547073,0.0,5.0,
6561,3.7002134323120117,11.155320167541504,0.09214786440134048,0.03828391432762146,0.07437873631715775,0.0,5.0,
6562,5.215060234069824,11.083230018615723,0.08141009509563446,0.10048413276672363,0.08927638083696365,0.0,5.0,
6563,3.6121931076049805,11.618346214294434,0.0657108798623085,0.053665149956941605,0.10549014806747437,0.0,5.0,
6564,3.5489978790283203,12.423140525817871,0.02610238455235958,0.0931955873966217,0.07992372661828995,0.0,5.0,
6565,6.35843563079834,11.197409629821777,0.0,0.23182013630867004,0.096161387860775,0.0,5.0,
6566,5.834084510803223,11.291207313537598,0.08268322795629501,0.12526506185531616,0.11086311936378479,0.0,5.0,
6567,12.042258262634277,13.074807167053223,0.0,0.4584158658981323,0.10757855325937271,0.0,5.0,
6568,5.109158515930176,11.982707023620605,0.0,0.1778845340013504,0.10194194316864014,0.0,5.0,
6569,5.850852012634277,12.445104598999023,2.562999725341797e-05,0.21016553044319153,0.09716766327619553,0.0,5.0,
6570,4.492382049560547,12.439238548278809,0.0,0.157075434923172,0.08024496585130692,0.0,5.0,
6571,9.855290412902832,10.915549278259277,0.012536008842289448,0.36052465438842773,0.0874917283654213,0.0,5.0,
6572,8.915027618408203,12.250514030456543,0.0,0.3319564461708069,0.08337980508804321,0.0,5.0,
6573,2.9365644454956055,12.50897216796875,0.0,0.09006018936634064,0.11310122162103653,0.0,5.0,
6574,1.7485313415527344,11.427650451660156,0.0,0.046849530190229416,0.09473731368780136,0.0,5.0,
6575,6.310298919677734,11.460916519165039,0.027791520580649376,0.20201659202575684,0.08538974076509476,0.0,5.0,
6576,7.279557228088379,11.540752410888672,0.022060135379433632,0.24486064910888672,0.10154104232788086,0.0,5.0,
6577,4.186532020568848,10.284615516662598,0.08701273053884506,0.05937934294342995,0.07148449867963791,0.0,5.0,
6578,3.774968147277832,11.873177528381348,0.036722879856824875,0.09684649109840393,0.060047686100006104,0.0,5.0,
6579,4.198088645935059,10.879303932189941,0.09324496984481812,0.05486321449279785,0.07091958075761795,0.0,5.0,
6580,3.86252498626709,12.053730010986328,0.009046335704624653,0.12170713394880295,0.09070408344268799,0.0,5.0,
6581,7.31740665435791,10.420266151428223,0.1498100608587265,0.12345921993255615,0.07877840846776962,0.0,5.0,
6582,1.5117101669311523,9.886526107788086,0.0,0.04127020761370659,0.07816363126039505,0.0,5.0,
6583,5.753432273864746,10.575645446777344,0.13147081434726715,0.08269146829843521,0.062038615345954895,0.0,5.0,
6584,1.4368438720703125,9.789974212646484,0.0,0.033842187374830246,0.09851586073637009,0.0,5.0,
6585,3.8121891021728516,11.261367797851562,0.10531743615865707,0.02576214075088501,0.07482942193746567,0.0,5.0,
6586,7.780274391174316,10.909088134765625,0.04134643077850342,0.24543459713459015,0.10036171227693558,0.0,5.0,
6587,4.575201988220215,10.608833312988281,0.08183709532022476,0.07857263833284378,0.07099834829568863,0.0,5.0,
6588,3.4014062881469727,11.16763973236084,0.048939745873212814,0.06579460203647614,0.07472444325685501,0.0,5.0,
6589,1.9507474899291992,9.414266586303711,0.04339210316538811,0.019160863012075424,0.059335753321647644,0.0,5.0,
6590,1.644831657409668,10.755284309387207,0.03367163613438606,0.005298337433487177,0.11842121928930283,0.0,5.0,
6591,2.947195053100586,10.782541275024414,0.03809515759348869,0.05219272896647453,0.09365570545196533,0.0,5.0,
6592,2.596367835998535,11.111950874328613,0.04568793252110481,0.033990487456321716,0.0824858769774437,0.0,5.0,
6593,2.8442611694335938,12.069428443908691,0.04996579885482788,0.044797275215387344,0.06215335428714752,0.0,5.0,
6594,3.1913576126098633,11.37131404876709,0.015553295612335205,0.08922336250543594,0.07775039225816727,0.0,5.0,
6595,3.159099578857422,12.018754959106445,0.03967563062906265,0.06349533796310425,0.07645683735609055,0.0,5.0,
6596,5.624833106994629,13.07174015045166,0.08948756754398346,0.10897167026996613,0.09234432131052017,0.0,5.0,
6597,2.967069625854492,11.832155227661133,0.06194804236292839,0.03638151288032532,0.08356988430023193,0.0,5.0,
6598,2.8989267349243164,11.490445137023926,0.041227538138628006,0.0525682270526886,0.07010975480079651,0.0,5.0,
6599,4.768634796142578,11.132573127746582,0.027652541175484657,0.13399995863437653,0.10993868857622147,0.0,5.0,
6600,1.2642507553100586,11.367522239685059,0.0,0.03267417103052139,0.07677585631608963,0.0,5.0,
6601,5.779263496398926,12.958635330200195,0.0,0.20551607012748718,0.10982153564691544,0.0,5.0,
6602,7.249044418334961,11.561383247375488,0.0,0.2639986574649811,0.10260296612977982,0.0,5.0,
6603,3.240253448486328,11.331099510192871,0.0,0.09429775923490524,0.1383906602859497,0.0,5.0,
6604,2.1466293334960938,12.655230522155762,0.015144865028560162,0.043577272444963455,0.10277757048606873,0.0,5.0,
6605,3.4082155227661133,12.548833847045898,0.0020336706656962633,0.10717905312776566,0.11621906608343124,0.0,5.0,
6606,2.1295204162597656,11.868391036987305,0.0,0.057961031794548035,0.10888522863388062,0.0,5.0,
6607,1.1248893737792969,12.040579795837402,0.0,0.017369935289025307,0.11607474088668823,0.0,5.0,
6608,6.958935737609863,11.8834228515625,0.089194655418396,0.16086062788963318,0.11125511676073074,0.0,5.0,
6609,2.093717575073242,11.692724227905273,0.0046378374099731445,0.05151662603020668,0.11046009510755539,0.0,5.0,
6610,2.314103126525879,12.630681991577148,0.0,0.06191909313201904,0.12536290287971497,0.0,5.0,
6611,2.505587577819824,12.418572425842285,0.0,0.07671169191598892,0.08064661175012589,0.0,5.0,
6612,3.949888229370117,12.669078826904297,0.022416075691580772,0.1130228191614151,0.0899551585316658,0.0,5.0,
6613,2.6168460845947266,12.164148330688477,0.017572343349456787,0.063322514295578,0.0982065200805664,0.0,5.0,
6614,6.256970405578613,11.223588943481445,0.07996704429388046,0.14418475329875946,0.11381415277719498,0.0,5.0,
6615,6.401203155517578,12.335206985473633,0.0,0.22576239705085754,0.13120964169502258,0.0,5.0,
6616,5.709903717041016,11.983470916748047,0.098211370408535,0.100165955722332,0.11297229677438736,0.0,5.0,
6617,2.8511343002319336,11.999515533447266,0.015445630066096783,0.07190361618995667,0.11041482537984848,0.0,5.0,
6618,11.264077186584473,11.645322799682617,0.05752621218562126,0.3709508180618286,0.08879190683364868,0.0,5.0,
6619,5.545605659484863,11.357200622558594,0.05558544397354126,0.13455592095851898,0.1262197345495224,0.0,5.0,
6620,7.834174156188965,12.924040794372559,0.04749508574604988,0.24120262265205383,0.10033302754163742,0.0,5.0,
6621,3.8010854721069336,12.566957473754883,0.0,0.13205507397651672,0.07252621650695801,0.0,5.0,
6622,2.282257080078125,10.039000511169434,0.0030179619789123535,0.0633021742105484,0.10840070247650146,0.0,5.0,
6623,2.993290901184082,10.993110656738281,0.03416597843170166,0.06497284024953842,0.07591886073350906,0.0,5.0,
6624,2.293210983276367,11.259065628051758,0.014511088840663433,0.057083919644355774,0.06787919253110886,0.0,5.0,
6625,5.248858451843262,10.835426330566406,0.021023273468017578,0.16812701523303986,0.0893990620970726,0.0,5.0,
6626,3.7519025802612305,11.425542831420898,0.0035124223213642836,0.1256980150938034,0.08029618114233017,0.0,5.0,
6627,3.513606071472168,10.219009399414062,0.07312729209661484,0.04264064133167267,0.08046513050794601,0.0,5.0,
6628,3.2347354888916016,12.188368797302246,0.010580003261566162,0.09519682824611664,0.09173408150672913,0.0,5.0,
6629,4.018872261047363,10.749042510986328,0.025857171043753624,0.11389757692813873,0.07738053053617477,0.0,5.0,
6630,3.252139091491699,10.587523460388184,0.026695111766457558,0.08193641901016235,0.09067624062299728,0.0,5.0,
6631,6.121672630310059,11.766958236694336,0.1573522686958313,0.06131933629512787,0.09589672088623047,0.0,5.0,
6632,4.164948463439941,10.197579383850098,0.06853296607732773,0.07808613777160645,0.07116494327783585,0.0,5.0,
6633,2.805917739868164,11.405498504638672,0.0348726324737072,0.05801103636622429,0.07251725345849991,0.0,5.0,
6634,5.954599380493164,11.407367706298828,0.08553773164749146,0.13076357543468475,0.08540286868810654,0.0,5.0,
6635,5.538908958435059,12.48707103729248,0.09423049539327621,0.10577589273452759,0.0830216184258461,0.0,5.0,
6636,7.549837112426758,9.454933166503906,0.0892556756734848,0.1891605257987976,0.0940423384308815,0.0,5.0,
6637,2.645106315612793,10.9041166305542,0.024617990478873253,0.06401139497756958,0.06624027341604233,0.0,5.0,
6638,5.115548133850098,11.51575756072998,0.029413044452667236,0.15178188681602478,0.09401500970125198,0.0,5.0,
6639,2.512505531311035,11.431778907775879,0.001849015592597425,0.07565506547689438,0.08022185415029526,0.0,5.0,
6640,3.8056135177612305,9.997370719909668,0.05764470249414444,0.07384005188941956,0.08740907907485962,0.0,5.0,
6641,2.602071762084961,9.749935150146484,0.02357449196279049,0.06004612147808075,0.08559060841798782,0.0,5.0,
6642,5.418527603149414,9.668413162231445,0.04999309778213501,0.14284992218017578,0.1078760102391243,0.0,5.0,
6643,4.193190574645996,11.337099075317383,0.055411554872989655,0.09027360379695892,0.08629485964775085,0.0,5.0,
6644,4.476509094238281,10.558650016784668,0.09416300058364868,0.0655827447772026,0.0787578597664833,0.0,5.0,
6645,4.7032470703125,10.573068618774414,0.06247013807296753,0.09761932492256165,0.11861434578895569,0.0,5.0,
6646,4.310187339782715,10.21176815032959,0.037950675934553146,0.1105506643652916,0.09812566637992859,0.0,5.0,
6647,4.051043510437012,11.864852905273438,0.0,0.1402333676815033,0.09288406372070312,0.0,5.0,
6648,2.3023853302001953,10.176521301269531,0.0,0.06573106348514557,0.11146697402000427,0.0,5.0,
6649,5.356453895568848,13.209101676940918,0.01331378985196352,0.17177781462669373,0.0936131700873375,0.0,5.0,
6650,2.691765785217285,11.099008560180664,0.0062050423584878445,0.0794522762298584,0.079042948782444,0.0,5.0,
6651,17.623004913330078,12.44784927368164,0.03598976135253906,0.6432428359985352,0.09016155451536179,0.0,5.0,
6652,2.4874134063720703,12.39362621307373,0.028569420799613,0.04244939982891083,0.11223984509706497,0.0,5.0,
6653,7.349647521972656,12.176568031311035,0.0,0.270125150680542,0.09163714200258255,0.0,5.0,
6654,4.938349723815918,13.839579582214355,0.06241351366043091,0.10563068091869354,0.11413072794675827,0.0,5.0,
6655,7.493831634521484,11.755263328552246,0.004245499614626169,0.27463507652282715,0.08366122841835022,0.0,5.0,
6656,5.975041389465332,13.994295120239258,0.03501097485423088,0.1785484403371811,0.09648976475000381,0.0,5.0,
6657,3.912339210510254,11.433733940124512,0.03218575194478035,0.10187796503305435,0.08479869365692139,0.0,5.0,
6658,2.951913833618164,11.596588134765625,0.040330152958631516,0.04961461201310158,0.1201556921005249,0.0,5.0,
6659,3.955575942993164,9.700545310974121,0.05778924748301506,0.0781400054693222,0.0908316969871521,0.0,5.0,
6660,3.2332115173339844,12.344963073730469,0.03321792557835579,0.07112434506416321,0.11425115913152695,0.0,5.0,
6661,1.029768943786621,11.448030471801758,0.0,0.020969606935977936,0.08422234654426575,0.0,5.0,
6662,8.138060569763184,11.485381126403809,0.10132209211587906,0.19590681791305542,0.11090848594903946,0.0,5.0,
6663,8.772258758544922,12.174383163452148,0.08349410444498062,0.24527864158153534,0.07706165313720703,0.0,5.0,
6664,0.9314718246459961,10.106261253356934,0.004749675747007132,0.012104930356144905,0.09288450330495834,0.0,5.0,
6665,8.66151237487793,11.566389083862305,0.12285548448562622,0.20233914256095886,0.08424562960863113,0.0,5.0,
6666,3.567751884460449,10.263284683227539,0.1107979267835617,0.011367367580533028,0.09460405260324478,0.0,5.0,
6667,3.129380226135254,10.487196922302246,0.007968406192958355,0.09233061969280243,0.09772440791130066,0.0,5.0,
6668,3.7666187286376953,10.718239784240723,0.05574309825897217,0.06665968149900436,0.12117447704076767,0.0,5.0,
6669,6.283910751342773,10.13760757446289,0.1157170906662941,0.11777977645397186,0.08095122128725052,0.0,5.0,
6670,2.9876060485839844,11.515713691711426,0.0,0.09340359270572662,0.11446825414896011,0.0,5.0,
6671,6.098370552062988,10.850037574768066,0.10304886102676392,0.11195620149374008,0.11937275528907776,0.0,5.0,
6672,3.3716793060302734,12.45802116394043,0.0,0.11188753694295883,0.09986773133277893,0.0,5.0,
6673,2.8159494400024414,10.396980285644531,0.034206271171569824,0.05494682118296623,0.10719606280326843,0.0,5.0,
6674,3.7489118576049805,10.311965942382812,0.07842564582824707,0.05047525465488434,0.09216562658548355,0.0,5.0,
6675,3.150308609008789,11.306320190429688,0.010633508674800396,0.09473554790019989,0.08157815039157867,0.0,5.0,
6676,2.525416374206543,11.464015007019043,0.020650804042816162,0.05598492920398712,0.10575117915868759,0.0,5.0,
6677,2.3602914810180664,12.934551239013672,0.0,0.060818322002887726,0.1377742737531662,0.0,5.0,
6678,4.256269454956055,12.676763534545898,0.0,0.13687844574451447,0.14432255923748016,0.0,5.0,
6679,6.312472343444824,10.884476661682129,0.0631289854645729,0.1630616933107376,0.10152745246887207,0.0,5.0,
6680,5.111403465270996,11.896838188171387,0.01806642673909664,0.16059276461601257,0.09068658202886581,0.0,5.0,
6681,4.737978935241699,11.481884956359863,0.0,0.1665305346250534,0.07874441146850586,0.0,5.0,
6682,4.585742950439453,11.550029754638672,0.12260033935308456,0.03645209223031998,0.09829428046941757,0.0,5.0,
6683,2.8998022079467773,12.820056915283203,0.0,0.09057500958442688,0.10718194395303726,0.0,5.0,
6684,2.240497589111328,12.84851360321045,0.014810780994594097,0.04878880828619003,0.10349281877279282,0.0,5.0,
6685,4.226347923278809,10.554104804992676,0.017977038398385048,0.12692134082317352,0.1070755198597908,0.0,5.0,
6686,2.2518653869628906,11.917652130126953,0.013368566520512104,0.04973376542329788,0.11632656306028366,0.0,5.0,
6687,2.7559690475463867,10.403358459472656,0.0,0.09244677424430847,0.07091230154037476,0.0,5.0,
6688,3.7847156524658203,12.725242614746094,0.016088386997580528,0.10676052421331406,0.10449580103158951,0.0,5.0,
6689,3.681828498840332,13.422731399536133,0.0173037052154541,0.10408562421798706,0.1120762750506401,0.0,5.0,
6690,8.882079124450684,11.151744842529297,0.13814972341060638,0.19155776500701904,0.106780044734478,0.0,5.0,
6691,1.2834100723266602,11.014640808105469,0.023115456104278564,0.008443676866590977,0.07329383492469788,0.0,5.0,
6692,2.9078216552734375,10.872529983520508,0.05232645943760872,0.04052533209323883,0.10043943673372269,0.0,5.0,
6693,2.2000856399536133,10.20071029663086,0.014546036720275879,0.053075820207595825,0.08366113901138306,0.0,5.0,
6694,3.817424774169922,11.76111125946045,0.032302260398864746,0.09424126148223877,0.11472445726394653,0.0,5.0,
6695,4.813444137573242,10.551252365112305,0.0006701548700220883,0.16875626146793365,0.09615007042884827,0.0,5.0,
6696,3.8450326919555664,10.938791275024414,0.0,0.12841667234897614,0.10420304536819458,0.0,5.0,
6697,3.424675941467285,9.970235824584961,0.028738636523485184,0.0843878984451294,0.09566693753004074,0.0,5.0,
6698,4.2265214920043945,9.060179710388184,0.08120948076248169,0.06565065681934357,0.09947419166564941,0.0,5.0,
6699,2.7453107833862305,10.5829439163208,0.03155364468693733,0.05718441680073738,0.07691739499568939,0.0,5.0,
6700,4.687037467956543,10.57861042022705,0.0805332288146019,0.07888112217187881,0.10668003559112549,0.0,5.0,
6701,13.075175285339355,10.180408477783203,0.1452007293701172,0.3593926429748535,0.0790296122431755,0.0,5.0,
6702,3.4953479766845703,10.715434074401855,0.0669633150100708,0.05115513131022453,0.08574733883142471,0.0,5.0,
6703,3.9456043243408203,9.764225006103516,0.05742422863841057,0.07917267084121704,0.0808967724442482,0.0,5.0,
6704,3.338043212890625,9.169344902038574,0.057396769523620605,0.05684594810009003,0.08510168641805649,0.0,5.0,
6705,6.147006988525391,9.092830657958984,0.1343635618686676,0.08632776886224747,0.09363896399736404,0.0,5.0,
6706,8.092235565185547,10.846723556518555,0.009935438632965088,0.2860354781150818,0.08997208625078201,0.0,5.0,
6707,4.3729963302612305,11.182619094848633,0.001110672950744629,0.15599435567855835,0.06388351321220398,0.0,5.0,
6708,4.409552574157715,12.59439754486084,0.04299686476588249,0.11374993622303009,0.06941314786672592,0.0,5.0,
6709,2.770181655883789,10.93067455291748,0.0,0.08699057251214981,0.08331190794706345,0.0,5.0,
6710,4.0989885330200195,10.458050727844238,0.0,0.14353494346141815,0.08200624585151672,0.0,5.0,
6711,4.262148857116699,12.647980690002441,0.055026035755872726,0.09127295017242432,0.09822698682546616,0.0,5.0,
6712,2.130369186401367,10.9793062210083,0.012220263481140137,0.045599792152643204,0.09219499677419662,0.0,5.0,
6713,2.2780447006225586,11.541659355163574,0.02114228345453739,0.04999993368983269,0.07477683573961258,0.0,5.0,
6714,3.6527185440063477,10.871024131774902,0.05151611566543579,0.07390463352203369,0.07845544815063477,0.0,5.0,
6715,1.5322036743164062,11.382256507873535,0.006871581077575684,0.03364098072052002,0.08518054336309433,0.0,5.0,
6716,4.902942657470703,11.638065338134766,0.08168836683034897,0.09357085824012756,0.08983856439590454,0.0,5.0,
6717,5.857926368713379,10.9761323928833,0.07631025463342667,0.13215003907680511,0.07841414958238602,0.0,5.0,
6718,3.173276901245117,11.522699356079102,0.04925157502293587,0.06066372990608215,0.06454607099294662,0.0,5.0,
6719,3.704644203186035,11.095989227294922,0.006978293415158987,0.11898630857467651,0.08241342753171921,0.0,5.0,
6720,2.5602426528930664,10.756683349609375,0.043062228709459305,0.03952383995056152,0.08197539299726486,0.0,5.0,
6721,2.6217594146728516,9.501545906066895,0.007647236343473196,0.07076215744018555,0.09374979883432388,0.0,5.0,
6722,2.1266708374023438,12.820137977600098,0.0,0.06537102162837982,0.0838012620806694,0.0,5.0,
6723,2.8073806762695312,10.374863624572754,0.0,0.09140507876873016,0.08733084052801132,0.0,5.0,
6724,5.019372940063477,12.327738761901855,0.020380398258566856,0.15414564311504364,0.1099775955080986,0.0,5.0,
6725,6.458685874938965,10.637497901916504,0.1862126737833023,0.05343242362141609,0.0796104371547699,0.0,5.0,
6726,3.429795265197754,10.967259407043457,0.06365247070789337,0.049293436110019684,0.10954157263040543,0.0,5.0,
6727,3.3520898818969727,11.377192497253418,0.0,0.11249718070030212,0.08427374809980392,0.0,5.0,
6728,3.5219411849975586,10.80266284942627,0.03416512534022331,0.08318696171045303,0.09918805956840515,0.0,5.0,
6729,4.366437911987305,11.421489715576172,0.10710915178060532,0.04367661476135254,0.09265729784965515,0.0,5.0,
6730,3.363370895385742,11.186671257019043,0.0291923675686121,0.08124931156635284,0.10028452426195145,0.0,5.0,
6731,1.680485725402832,11.199822425842285,0.007131457328796387,0.03873002901673317,0.0867488756775856,0.0,5.0,
6732,4.262282371520996,10.6019868850708,0.07805385440587997,0.06841928511857986,0.10072609782218933,0.0,5.0,
6733,4.443970680236816,10.851917266845703,0.02108762599527836,0.13110023736953735,0.10375815629959106,0.0,5.0,
6734,5.072390556335449,11.653099060058594,0.0,0.17728467285633087,0.11350784450769424,0.0,5.0,
6735,4.489331245422363,9.758869171142578,0.01491198968142271,0.13708575069904327,0.10970548540353775,0.0,5.0,
6736,7.214138984680176,13.075068473815918,0.07485395669937134,0.18914297223091125,0.08609045296907425,0.0,5.0,
6737,3.7941360473632812,12.193102836608887,0.0,0.12368054687976837,0.09723246842622757,0.0,5.0,
6738,2.4147462844848633,11.000019073486328,0.004827698227018118,0.06894613802433014,0.0992920771241188,0.0,5.0,
6739,1.6299076080322266,11.098180770874023,0.005049427505582571,0.03759095072746277,0.10032474994659424,0.0,5.0,
6740,3.4666051864624023,13.010184288024902,0.0,0.11558940261602402,0.08583301305770874,0.0,5.0,
6741,5.059969902038574,10.84388542175293,0.0,0.17353054881095886,0.10742964595556259,0.0,5.0,
6742,3.1969432830810547,11.624094009399414,0.05131405591964722,0.05262826383113861,0.09279761463403702,0.0,5.0,
6743,2.062047004699707,10.265633583068848,0.027550557628273964,0.03339117392897606,0.08436893671751022,0.0,5.0,
6744,3.260373115539551,10.983541488647461,0.0,0.11331683397293091,0.06711382418870926,0.0,5.0,
6745,7.676736831665039,11.330659866333008,0.09784998744726181,0.18671032786369324,0.08133050799369812,0.0,5.0,
6746,5.456362724304199,10.503554344177246,0.01917256973683834,0.1738434135913849,0.08298172801733017,0.0,5.0,
6747,5.458937644958496,11.79439926147461,0.0,0.1878863424062729,0.0999998077750206,0.0,5.0,
6748,5.491726875305176,11.63652229309082,0.011553029529750347,0.18213830888271332,0.11451885849237442,0.0,5.0,
6749,4.086376190185547,10.469000816345215,0.0,0.1453179121017456,0.07540174573659897,0.0,5.0,
6750,4.921380996704102,10.354305267333984,0.06403455883264542,0.10903173685073853,0.1011865958571434,0.0,5.0,
6751,3.043158531188965,10.374922752380371,0.0,0.09855225682258606,0.08598369359970093,0.0,5.0,
6752,3.453793525695801,10.191441535949707,0.0631343349814415,0.053262487053871155,0.09048062562942505,0.0,5.0,
6753,5.003508567810059,11.9094877243042,0.06506794691085815,0.1113690435886383,0.09057090431451797,0.0,5.0,
6754,3.643488883972168,10.174657821655273,0.012340366840362549,0.11328049749135971,0.07990484684705734,0.0,5.0,
6755,3.7249269485473633,8.936100006103516,0.03586810827255249,0.09047447144985199,0.09628194570541382,0.0,5.0,
6756,8.014472007751465,10.11355209350586,0.13886906206607819,0.15869678556919098,0.08678918331861496,0.0,5.0,
6757,5.516986846923828,8.75747013092041,0.09544086456298828,0.10057877004146576,0.10148880630731583,0.0,5.0,
6758,3.317129135131836,9.298836708068848,0.046282511204481125,0.06801466643810272,0.07432659715414047,0.0,5.0,
6759,4.594093322753906,8.889124870300293,0.054408054798841476,0.111799456179142,0.07122904807329178,0.0,5.0,
6760,3.132265090942383,8.864063262939453,0.07205331325531006,0.028050068765878677,0.0833946242928505,0.0,5.0,
6761,3.874392509460449,8.95587158203125,0.06955084949731827,0.06710562855005264,0.07938554137945175,0.0,5.0,
6762,1.9524612426757812,8.444723129272461,0.018393537029623985,0.04203124716877937,0.06960148364305496,0.0,5.0,
6763,7.278063774108887,9.24474048614502,0.18963289260864258,0.07962824404239655,0.08418992161750793,0.0,5.0,
6764,1.6662025451660156,8.904300689697266,0.027520259842276573,0.0182892344892025,0.08691193908452988,0.0,5.0,
6765,5.6591949462890625,9.429656982421875,0.05268142744898796,0.1540135145187378,0.0620989091694355,0.0,5.0,
6766,4.7395524978637695,8.655899047851562,0.041291553527116776,0.1255285143852234,0.09491925686597824,0.0,5.0,
6767,2.896482467651367,8.512492179870605,0.03195422887802124,0.06478367745876312,0.07468714565038681,0.0,5.0,
6768,1.4897031784057617,8.65577220916748,0.0,0.03727344423532486,0.0939546599984169,0.0,5.0,
6769,3.7951440811157227,9.792305946350098,0.08360471576452255,0.047653649002313614,0.08133853226900101,0.0,5.0,
6770,2.9814271926879883,9.634224891662598,0.01707460545003414,0.07572753727436066,0.08937513828277588,0.0,5.0,
6771,7.321026802062988,9.9754056930542,0.10660996288061142,0.16555052995681763,0.0782053992152214,0.0,5.0,
6772,3.5013437271118164,10.642006874084473,0.03209948539733887,0.0806133896112442,0.10521558672189713,0.0,5.0,
6773,2.5669546127319336,10.97424030303955,0.009374916553497314,0.06953741610050201,0.08248800784349442,0.0,5.0,
6774,4.1939697265625,10.542240142822266,0.01671411655843258,0.12980064749717712,0.08394055813550949,0.0,5.0,
6775,4.240359306335449,10.460582733154297,0.009244740009307861,0.13722053170204163,0.09280634671449661,0.0,5.0,
6776,6.706114768981934,9.178133010864258,0.0,0.24103978276252747,0.10767250508069992,0.0,5.0,
6777,6.951577186584473,9.386197090148926,0.01594620943069458,0.23472683131694794,0.10576068609952927,0.0,5.0,
6778,2.328824043273926,11.812535285949707,0.047402482479810715,0.021566765382885933,0.09321283549070358,0.0,5.0,
6779,2.9745969772338867,9.960294723510742,0.0,0.09616784751415253,0.08332546800374985,0.0,5.0,
6780,2.884319305419922,10.435842514038086,0.014859874732792377,0.0766075998544693,0.10099631547927856,0.0,5.0,
6781,4.801342964172363,10.115639686584473,0.028616705909371376,0.1396109014749527,0.0991831049323082,0.0,5.0,
6782,3.9335241317749023,9.834132194519043,0.08555803447961807,0.05297340452671051,0.07803571224212646,0.0,5.0,
6783,4.844111442565918,10.54765510559082,0.05484253168106079,0.10816237330436707,0.10970467329025269,0.0,5.0,
6784,1.2473201751708984,10.110650062561035,0.002446333644911647,0.02159181982278824,0.11930064111948013,0.0,5.0,
6785,3.37060546875,10.374197959899902,0.059564631432294846,0.05028443783521652,0.10381969809532166,0.0,5.0,
6786,4.217733383178711,10.071053504943848,0.06707483530044556,0.07373488694429398,0.11181125044822693,0.0,5.0,
6787,6.322139739990234,10.832159996032715,0.03990622237324715,0.1884870082139969,0.07649480551481247,0.0,5.0,
6788,8.97309398651123,11.437427520751953,0.1111365407705307,0.215697780251503,0.1231502965092659,0.0,5.0,
6789,9.26889419555664,10.887690544128418,0.08565916866064072,0.26001831889152527,0.09328661113977432,0.0,5.0,
6790,13.438400268554688,11.200433731079102,0.0,0.5131093859672546,0.10779397934675217,0.0,5.0,
6791,4.074329376220703,11.083986282348633,0.06560838222503662,0.0688609853386879,0.11827167868614197,0.0,5.0,
6792,2.017533302307129,10.36750316619873,0.01104398537427187,0.04600659757852554,0.08775032311677933,0.0,5.0,
6793,2.439936637878418,9.692706108093262,0.0,0.07701628655195236,0.08846286684274673,0.0,5.0,
6794,5.661497116088867,9.712663650512695,0.09332302957773209,0.10909046232700348,0.10115298628807068,0.0,5.0,
6795,2.5397796630859375,9.101568222045898,0.0,0.0777699202299118,0.10236202925443649,0.0,5.0,
6796,4.374116897583008,9.093520164489746,0.0,0.15132026374340057,0.10937369614839554,0.0,5.0,
6797,4.383003234863281,11.505810737609863,0.0,0.14922842383384705,0.10455867648124695,0.0,5.0,
6798,4.346615791320801,9.866828918457031,0.0,0.15186184644699097,0.0961388573050499,0.0,5.0,
6799,5.349367141723633,9.706510543823242,0.0644117146730423,0.12727715075016022,0.08085674792528152,0.0,5.0,
6800,5.371737480163574,10.770736694335938,0.1049208790063858,0.09242585301399231,0.07965709269046783,0.0,5.0,
6801,2.2640390396118164,9.208870887756348,0.02873762510716915,0.04263322800397873,0.07761320471763611,0.0,5.0,
6802,4.243542671203613,8.490029335021973,0.09310974925756454,0.05718113109469414,0.08587417006492615,0.0,5.0,
6803,3.214053153991699,9.073381423950195,0.052753228694200516,0.05431952327489853,0.0932091698050499,0.0,5.0,
6804,2.921261787414551,9.081130027770996,0.03906901553273201,0.056394945830106735,0.09061061590909958,0.0,5.0,
6805,1.1939258575439453,9.252703666687012,0.007186373230069876,0.0186321958899498,0.09329318255186081,0.0,5.0,
6806,2.849949836730957,9.796812057495117,0.008006811141967773,0.08451659977436066,0.08755596727132797,0.0,5.0,
6807,1.4163131713867188,9.229898452758789,0.0,0.04153688997030258,0.06399934738874435,0.0,5.0,
6808,2.6163225173950195,8.691843032836914,0.005852262023836374,0.07385724037885666,0.0991780161857605,0.0,5.0,
6809,3.154996871948242,9.867313385009766,0.057331960648298264,0.04484936594963074,0.1017267107963562,0.0,5.0,
6810,5.906780242919922,8.395423889160156,0.0,0.21651479601860046,0.07439041137695312,0.0,5.0,
6811,3.3266372680664062,9.426738739013672,0.044872600585222244,0.06585072726011276,0.09349796921014786,0.0,5.0,
6812,4.163858413696289,9.44316577911377,0.03909929469227791,0.10175357758998871,0.100162573158741,0.0,5.0,
6813,3.077364921569824,9.653470993041992,0.02686619758605957,0.07494945824146271,0.09255682677030563,0.0,5.0,
6814,5.228091239929199,9.69813346862793,0.06362786144018173,0.12212818115949631,0.10106900334358215,0.0,5.0,
6815,1.418564796447754,9.59379768371582,0.0,0.031614627689123154,0.11284395307302475,0.0,5.0,
6816,4.212685585021973,9.242413520812988,0.09846138954162598,0.04645462706685066,0.10025134682655334,0.0,5.0,
6817,2.18521785736084,9.958712577819824,0.0,0.06039761006832123,0.11614838987588882,0.0,5.0,
6818,5.923822402954102,9.77739143371582,0.06415281444787979,0.15297028422355652,0.08295422047376633,0.0,5.0,
6819,1.8655071258544922,10.290144920349121,0.03738534450531006,0.01730845682322979,0.07533132284879684,0.0,5.0,
6820,4.870047569274902,9.248489379882812,0.023595592007040977,0.15127187967300415,0.07513856887817383,0.0,5.0,
6821,4.7838640213012695,10.749068260192871,0.05214383080601692,0.11574813723564148,0.09951043874025345,0.0,5.0,
6822,3.961001396179199,9.173849105834961,0.0,0.13627292215824127,0.0929967537522316,0.0,5.0,
6823,1.936422348022461,10.546865463256836,0.0,0.052036456763744354,0.09627754241228104,0.0,5.0,
6824,6.061291694641113,10.260629653930664,0.05654988810420036,0.1620161086320877,0.08043917268514633,0.0,5.0,
6825,1.0522184371948242,10.761531829833984,0.0,0.0198325477540493,0.09642445296049118,0.0,5.0,
6826,3.1288270950317383,10.354371070861816,0.0,0.10315635800361633,0.09544166177511215,0.0,5.0,
6827,7.4372968673706055,9.236220359802246,0.1738535761833191,0.09966500848531723,0.09609917551279068,0.0,5.0,
6828,2.382552146911621,10.54906940460205,0.0338045172393322,0.04229537397623062,0.0784447118639946,0.0,5.0,
6829,2.736194610595703,8.8546142578125,0.06107620522379875,0.019726566970348358,0.12146660685539246,0.0,5.0,
6830,3.752640724182129,9.586444854736328,0.02162082865834236,0.10795296728610992,0.08576395362615585,0.0,5.0,
6831,3.256692886352539,9.465140342712402,0.032474618405103683,0.07831034809350967,0.08273816853761673,0.0,5.0,
6832,7.275317192077637,9.986428260803223,0.04671210050582886,0.22186164557933807,0.09389084577560425,0.0,5.0,
6833,2.4904699325561523,8.79028034210205,0.052582304924726486,0.02784690447151661,0.08295512944459915,0.0,5.0,
6834,2.689054489135742,10.898079872131348,0.0,0.0864914208650589,0.08586279302835464,0.0,5.0,
6835,5.997010231018066,9.367241859436035,0.0,0.21375156939029694,0.08342697471380234,0.0,5.0,
6836,3.141202926635742,9.72929859161377,0.04478186368942261,0.05641954019665718,0.0943303033709526,0.0,5.0,
6837,5.411638259887695,9.948460578918457,0.15120279788970947,0.04506126791238785,0.08885069936513901,0.0,5.0,
6838,3.7977304458618164,8.914555549621582,0.06032973527908325,0.06698765605688095,0.10307535529136658,0.0,5.0,
6839,4.7706193923950195,10.05119800567627,0.012366533279418945,0.15642808377742767,0.09522678703069687,0.0,5.0,
6840,8.031331062316895,9.879977226257324,0.034811753779649734,0.26614344120025635,0.08639515191316605,0.0,5.0,
6841,3.1138124465942383,9.922344207763672,0.026384353637695312,0.07774209976196289,0.07871883362531662,0.0,5.0,
6842,4.168408393859863,10.355043411254883,0.0,0.13855336606502533,0.0931004211306572,0.0,5.0,
6843,3.718428611755371,9.647723197937012,0.028613368049263954,0.10147314518690109,0.0681239441037178,0.0,5.0,
6844,2.7163915634155273,9.6558256149292,0.0,0.0807037353515625,0.11957184225320816,0.0,5.0,
6845,1.1625957489013672,9.215163230895996,0.0,0.027471324428915977,0.07680210471153259,0.0,5.0,
6846,3.606717109680176,8.541851043701172,0.06030203774571419,0.06341256201267242,0.07674331218004227,0.0,5.0,
6847,3.6503915786743164,8.990752220153809,0.03812122344970703,0.08325750380754471,0.11059959977865219,0.0,5.0,
6848,1.4252986907958984,8.971872329711914,0.0,0.03566388040781021,0.09019449353218079,0.0,5.0,
6849,3.035848617553711,8.885129928588867,0.004294594284147024,0.09448424726724625,0.08482568711042404,0.0,5.0,
6850,3.821107864379883,8.402782440185547,0.04833217337727547,0.08659794926643372,0.07603167742490768,0.0,5.0,
6851,4.353559494018555,9.93271255493164,0.010940968990325928,0.1383674293756485,0.09089929610490799,0.0,5.0,
6852,3.636671543121338,7.597479343414307,0.01483811903744936,0.11023926734924316,0.08194691687822342,0.0,5.0,
6853,1.6907234191894531,8.946310997009277,0.010583083145320415,0.03467898070812225,0.08730726689100266,0.0,5.0,
6854,3.0352697372436523,8.824529647827148,0.0,0.09769222885370255,0.09375976771116257,0.0,5.0,
6855,2.5267410278320312,9.577978134155273,0.035471200942993164,0.04519921541213989,0.08651665598154068,0.0,5.0,
6856,4.268752098083496,8.35938835144043,0.10547759383916855,0.046900033950805664,0.06494785100221634,0.0,5.0,
6857,3.627814292907715,9.123656272888184,0.05764760449528694,0.06630134582519531,0.07801934331655502,0.0,5.0,
6858,2.268369674682617,9.613433837890625,0.048415303230285645,0.027142442762851715,0.06730983406305313,0.0,5.0,
6859,4.411186218261719,8.738068580627441,0.08712325990200043,0.06566793471574783,0.10384660214185715,0.0,5.0,
6860,4.942509651184082,8.287538528442383,0.0431368350982666,0.13505560159683228,0.08109661191701889,0.0,5.0,
6861,1.5055150985717773,9.582326889038086,0.0016832748660817742,0.03658591955900192,0.0850234255194664,0.0,5.0,
6862,4.214399337768555,9.43089485168457,0.0,0.14056353271007538,0.11724672466516495,0.0,5.0,
6863,8.360917091369629,10.24082088470459,0.24899359047412872,0.06731605529785156,0.08016882091760635,0.0,5.0,
6864,5.77331018447876,7.410905838012695,0.12493592500686646,0.08152996003627777,0.10411105304956436,0.0,5.0,
6865,3.336554527282715,9.420494079589844,0.031195243820548058,0.08417093008756638,0.07253773510456085,0.0,5.0,
6866,1.2479753494262695,9.528380393981934,0.015625575557351112,0.012383580207824707,0.09253889322280884,0.0,5.0,
6867,4.714266777038574,9.651909828186035,0.004284361843019724,0.15323227643966675,0.12123849242925644,0.0,5.0,
6868,5.914461135864258,9.492281913757324,0.0,0.21262162923812866,0.09650770574808121,0.0,5.0,
6869,4.314709663391113,8.23923110961914,0.023002127185463905,0.12511084973812103,0.10222673416137695,0.0,5.0,
6870,3.5507888793945312,11.030258178710938,0.004424730781465769,0.10832362622022629,0.11985979229211807,0.0,5.0,
6871,1.881601333618164,10.928257942199707,0.020165344700217247,0.029384255409240723,0.08757269382476807,0.0,5.0,
6872,4.303153038024902,9.128023147583008,0.016387343406677246,0.1285548210144043,0.10645381361246109,0.0,5.0,
6873,3.498457908630371,10.216194152832031,0.027526378631591797,0.08893296867609024,0.0989200547337532,0.0,5.0,
6874,5.418739318847656,9.45775032043457,0.02856999635696411,0.165158212184906,0.08540617674589157,0.0,5.0,
6875,4.134024620056152,9.52229118347168,0.019015789031982422,0.12480726838111877,0.07323765009641647,0.0,5.0,
6876,4.678705215454102,10.135456085205078,0.05867626145482063,0.10444401949644089,0.0941631868481636,0.0,5.0,
6877,2.5487747192382812,10.51836109161377,0.013301928527653217,0.06633783876895905,0.08958989381790161,0.0,5.0,
6878,4.425030708312988,8.508960723876953,0.007085601799190044,0.14305059611797333,0.11168719083070755,0.0,5.0,
6879,8.087935447692871,8.88896369934082,0.20268233120441437,0.10011489689350128,0.08583524078130722,0.0,5.0,
6880,6.527115821838379,11.169756889343262,0.012691955082118511,0.22472263872623444,0.09294826537370682,0.0,5.0,
6881,1.6656036376953125,9.668153762817383,0.017095506191253662,0.026565436273813248,0.09019500762224197,0.0,5.0,
6882,3.305704116821289,9.455605506896973,0.062439024448394775,0.04748613014817238,0.09272795915603638,0.0,5.0,
6883,5.835356712341309,9.415328979492188,0.0,0.2115153670310974,0.08889273554086685,0.0,5.0,
6884,5.105090141296387,8.50337028503418,0.13123314082622528,0.04883820191025734,0.09430644661188126,0.0,5.0,
6885,5.666759490966797,10.2673921585083,0.03234217315912247,0.17449766397476196,0.07795444875955582,0.0,5.0,
6886,3.043635368347168,8.943613052368164,0.04912010580301285,0.050533730536699295,0.0899977907538414,0.0,5.0,
6887,2.80129337310791,8.31228256225586,0.0030667781829833984,0.0901537537574768,0.08120236545801163,0.0,5.0,
6888,5.318643569946289,7.639226913452148,0.11929231882095337,0.07204122096300125,0.10081592202186584,0.0,5.0,
6889,4.281759738922119,7.825275421142578,0.009080827236175537,0.14172816276550293,0.09042912721633911,0.0,5.0,
6890,3.4614105224609375,8.02503776550293,0.07680344581604004,0.03675790876150131,0.10342157632112503,0.0,5.0,
6891,3.704281806945801,9.325879096984863,0.0,0.12660503387451172,0.09147462993860245,0.0,5.0,
6892,2.730759620666504,8.79563045501709,0.010233481414616108,0.07354560494422913,0.09977182745933533,0.0,5.0,
6893,10.138508796691895,9.638021469116211,0.05860115960240364,0.31785014271736145,0.12327132374048233,0.0,5.0,
6894,4.578601837158203,8.443246841430664,0.08893787860870361,0.07239611446857452,0.08968192338943481,0.0,5.0,
6895,5.286170959472656,9.133004188537598,0.027211865410208702,0.16307507455348969,0.06801501661539078,0.0,5.0,
6896,2.0497093200683594,9.756050109863281,0.0,0.0595424622297287,0.0797181949019432,0.0,5.0,
6897,4.4425048828125,8.727226257324219,0.05421211197972298,0.09679362922906876,0.09771933406591415,0.0,5.0,
6898,6.202277183532715,8.505162239074707,0.05242742970585823,0.1726703643798828,0.09111756831407547,0.0,5.0,
6899,5.697181701660156,8.34347915649414,0.04423266649246216,0.1583051085472107,0.09614008665084839,0.0,5.0,
6900,3.4626474380493164,8.425263404846191,0.027755439281463623,0.08852080255746841,0.08156032115221024,0.0,5.0,
6901,3.0744361877441406,8.824427604675293,0.002576112747192383,0.09757952392101288,0.08791127800941467,0.0,5.0,
6902,5.8176774978637695,9.07891845703125,0.0,0.21136102080345154,0.07934031635522842,0.0,5.0,
6903,2.597105026245117,7.513669967651367,0.014805912971496582,0.06788364052772522,0.08261401206254959,0.0,5.0,
6904,4.679473876953125,8.487645149230957,0.0831160917878151,0.07725803554058075,0.10239473730325699,0.0,5.0,
6905,2.730347156524658,7.434362888336182,0.05900440737605095,0.022746991366147995,0.12319079786539078,0.0,5.0,
6906,4.307635307312012,8.875297546386719,0.03724684193730354,0.11144332587718964,0.10820478200912476,0.0,5.0,
6907,2.854907989501953,9.499922752380371,0.0,0.09044497460126877,0.09843554347753525,0.0,5.0,
6908,3.4358177185058594,8.772879600524902,0.01932559348642826,0.09745310246944427,0.07839325815439224,0.0,5.0,
6909,2.4881458282470703,9.14055061340332,0.014579017646610737,0.06118282303214073,0.08953320235013962,0.0,5.0,
6910,6.190701484680176,9.464043617248535,0.04361655190587044,0.18093585968017578,0.09460369497537613,0.0,5.0,
6911,3.793356418609619,7.266433238983154,0.060370463877916336,0.07228834927082062,0.0760824978351593,0.0,5.0,
6912,3.6854658126831055,9.14687728881836,0.01723017357289791,0.10475164651870728,0.11368811130523682,0.0,5.0,
6913,4.101327896118164,8.50293254852295,0.05261862277984619,0.08501197397708893,0.10916072130203247,0.0,5.0,
6914,4.778042793273926,10.253765106201172,0.16630081832408905,0.008090835995972157,0.05986211821436882,0.0,5.0,
6915,3.2491369247436523,9.469991683959961,0.07302261888980865,0.03383283689618111,0.0922955870628357,0.0,5.0,
6916,3.8950910568237305,9.874703407287598,0.0,0.13411074876785278,0.09179358929395676,0.0,5.0,
6917,2.910019874572754,9.462226867675781,0.04304446652531624,0.05300012230873108,0.07809584587812424,0.0,5.0,
6918,2.9380035400390625,10.727433204650879,0.0,0.08858849108219147,0.11896706372499466,0.0,5.0,
6919,3.8218259811401367,10.365793228149414,0.0,0.13081654906272888,0.0826588124036789,0.0,5.0,
6920,2.572545051574707,10.872041702270508,0.0,0.07547902315855026,0.1056184247136116,0.0,5.0,
6921,2.8113183975219727,10.793800354003906,0.0,0.09135790914297104,0.0835801362991333,0.0,5.0,
6922,5.26955509185791,10.548828125,0.0,0.18619008362293243,0.08437354117631912,0.0,5.0,
6923,6.595343589782715,10.259841918945312,0.006171544548124075,0.2355489581823349,0.08779141306877136,0.0,5.0,
6924,3.032258987426758,10.54677677154541,0.04059932753443718,0.05835491046309471,0.09500627964735031,0.0,5.0,
6925,5.617918014526367,8.611260414123535,0.08607751131057739,0.1130770891904831,0.09395516663789749,0.0,5.0,
6926,2.3607282638549805,10.709449768066406,0.02761598490178585,0.04547273740172386,0.09188728779554367,0.0,5.0,
6927,1.8754701614379883,10.106279373168945,0.006582339759916067,0.047772884368896484,0.08517556637525558,0.0,5.0,
6928,8.542997360229492,9.9369478225708,0.014969825744628906,0.3019949495792389,0.09656977653503418,0.0,5.0,
6929,3.040308952331543,10.605834007263184,0.05507570505142212,0.04534909129142761,0.0885424017906189,0.0,5.0,
6930,2.4227285385131836,8.390385627746582,0.04507070779800415,0.03114629164338112,0.08114559948444366,0.0,5.0,
6931,3.507777214050293,9.266951560974121,0.04773523285984993,0.07266375422477722,0.07824210822582245,0.0,5.0,
6932,5.3572235107421875,8.401834487915039,0.05986364558339119,0.13210025429725647,0.09313031286001205,0.0,5.0,
6933,4.796797752380371,9.006485939025879,0.050674162805080414,0.12043005228042603,0.08212139457464218,0.0,5.0,
6934,4.893973350524902,9.011935234069824,0.03543313220143318,0.13663329184055328,0.0997866615653038,0.0,5.0,
6935,2.547952651977539,8.80128002166748,0.05456296354532242,0.023985013365745544,0.0944887027144432,0.0,5.0,
6936,2.0572023391723633,9.762961387634277,0.0,0.061647552996873856,0.08361300081014633,0.0,5.0,
6937,4.465873718261719,9.125612258911133,0.0853918194770813,0.0641690269112587,0.12033519893884659,0.0,5.0,
6938,3.495846748352051,9.624979972839355,0.000905156135559082,0.11708725243806839,0.08302041888237,0.0,5.0,
6939,2.7944726943969727,9.43840503692627,0.052351392805576324,0.03390979394316673,0.11395713686943054,0.0,5.0,
6940,4.148309707641602,10.183780670166016,0.0,0.14761003851890564,0.07942693680524826,0.0,5.0,
6941,5.099116325378418,10.738974571228027,0.02182759717106819,0.15607410669326782,0.12107416987419128,0.0,5.0,
6942,7.430645942687988,9.478278160095215,0.06609924882650375,0.20842386782169342,0.10268626362085342,0.0,5.0,
6943,4.3030500411987305,9.980123519897461,0.0182636771351099,0.13507455587387085,0.06821481138467789,0.0,5.0,
6944,2.191605567932129,9.578490257263184,0.04219351336359978,0.02735137939453125,0.0733191967010498,0.0,5.0,
6945,6.582463264465332,10.730339050292969,0.004846076015383005,0.23521488904953003,0.09994646161794662,0.0,5.0,
6946,5.945137977600098,10.407798767089844,0.07610398530960083,0.13490086793899536,0.11090287566184998,0.0,5.0,
6947,8.120369911193848,10.318660736083984,0.006970047950744629,0.28706884384155273,0.12800157070159912,0.0,5.0,
6948,4.441112518310547,10.259634971618652,0.07460607588291168,0.08320020884275436,0.08505233377218246,0.0,5.0,
6949,4.801172256469727,10.042862892150879,0.063473641872406,0.10554364323616028,0.10150150209665298,0.0,5.0,
6950,2.421499252319336,10.5836763381958,0.0,0.07266813516616821,0.10429612547159195,0.0,5.0,
6951,5.1613969802856445,10.330366134643555,0.0,0.1791304647922516,0.11246991902589798,0.0,5.0,
6952,2.8820085525512695,11.392820358276367,0.0,0.09173186123371124,0.08308622986078262,0.0,5.0,
6953,1.0311012268066406,10.550322532653809,0.0033832192420959473,0.01116790622472763,0.1015724316239357,0.0,5.0,
6954,5.573332786560059,10.628022193908691,0.0686187744140625,0.13474512100219727,0.0675908699631691,0.0,5.0,
6955,5.5946550369262695,10.046870231628418,0.16523747146129608,0.03513577952980995,0.10452268272638321,0.0,5.0,
6956,7.150046348571777,11.092000961303711,0.016403058543801308,0.24797141551971436,0.07759586721658707,0.0,5.0,
6957,1.4430170059204102,11.498764991760254,0.0,0.0354129783809185,0.07307184487581253,0.0,5.0,
6958,3.7501697540283203,9.759079933166504,0.06294763088226318,0.06524313986301422,0.06433186680078506,0.0,5.0,
6959,4.362393379211426,10.811861991882324,0.022485891357064247,0.12860411405563354,0.0887644961476326,0.0,5.0,
6960,2.4384937286376953,10.475764274597168,0.01656673289835453,0.05397697538137436,0.10873993486166,0.0,5.0,
6961,4.459672927856445,10.06563663482666,0.041419267654418945,0.10874003171920776,0.10064543038606644,0.0,5.0,
6962,12.564969062805176,12.459342956542969,0.05432319641113281,0.42201969027519226,0.07967346906661987,0.0,5.0,
6963,7.441973686218262,9.525270462036133,0.015539725311100483,0.2583484649658203,0.0918317511677742,0.0,5.0,
6964,3.9762630462646484,10.121065139770508,0.017125725746154785,0.11252301931381226,0.10310766845941544,0.0,5.0,
6965,8.920546531677246,10.545036315917969,0.011116663925349712,0.32114723324775696,0.09500002861022949,0.0,5.0,
6966,3.765397071838379,8.552395820617676,0.08352118730545044,0.044904597103595734,0.08997882157564163,0.0,5.0,
6967,8.77668571472168,10.402827262878418,0.06958460807800293,0.26036056876182556,0.06993480771780014,0.0,5.0,
6968,2.454129219055176,9.812822341918945,0.0432501845061779,0.032670728862285614,0.09242027997970581,0.0,5.0,
6969,3.5667600631713867,10.318340301513672,0.07583274692296982,0.047311920672655106,0.08572808653116226,0.0,5.0,
6970,2.3223066329956055,10.568585395812988,0.04198674485087395,0.029464613646268845,0.07142864167690277,0.0,5.0,
6971,2.3747739791870117,9.350905418395996,0.04925097897648811,0.02185196429491043,0.09748470038175583,0.0,5.0,
6972,3.5381898880004883,10.186492919921875,0.10107731819152832,0.02139354683458805,0.08232711255550385,0.0,5.0,
6973,2.0479650497436523,9.701129913330078,0.0007320443983189762,0.05803827941417694,0.10163649916648865,0.0,5.0,
6974,3.717823028564453,9.975143432617188,0.02126908302307129,0.10321749746799469,0.10448173433542252,0.0,5.0,
6975,8.376227378845215,9.211837768554688,0.046327829360961914,0.2619267702102661,0.10400518774986267,0.0,5.0,
6976,4.776706695556641,10.628210067749023,0.008566637523472309,0.16049954295158386,0.0833253264427185,0.0,5.0,
6977,2.778578758239746,11.079023361206055,0.0,0.08688890933990479,0.09465571492910385,0.0,5.0,
6978,1.1578760147094727,8.876058578491211,0.012366930954158306,0.012758767232298851,0.09289413690567017,0.0,5.0,
6979,2.0112924575805664,9.434431076049805,0.01751941442489624,0.04303009808063507,0.0845283791422844,0.0,5.0,
6980,3.2462425231933594,9.524849891662598,0.038649577647447586,0.07109616696834564,0.0752725675702095,0.0,5.0,
6981,3.231593132019043,9.572126388549805,0.0,0.11083419620990753,0.080541230738163,0.0,5.0,
6982,5.37491512298584,10.244440078735352,0.05248657986521721,0.13222935795783997,0.10893557220697403,0.0,5.0,
6983,7.9332475662231445,10.408609390258789,0.058366794139146805,0.23797209560871124,0.091139055788517,0.0,5.0,
6984,5.495226860046387,10.426493644714355,0.043773770332336426,0.15109722316265106,0.09407513588666916,0.0,5.0,
6985,1.1329412460327148,10.844334602355957,0.0,0.02162795700132847,0.10122505575418472,0.0,5.0,
6986,2.2546491622924805,9.54157829284668,0.032939910888671875,0.03362518921494484,0.09999731183052063,0.0,5.0,
6987,1.801443099975586,8.874309539794922,0.010562160983681679,0.03524542227387428,0.12205708026885986,0.0,5.0,
6988,2.0202322006225586,9.849603652954102,0.013250231742858887,0.04180625453591347,0.10207805782556534,0.0,5.0,
6989,3.062638282775879,9.918147087097168,0.0752994567155838,0.023452699184417725,0.08615542203187943,0.0,5.0,
6990,8.96184253692627,8.437596321105957,0.2384984940290451,0.09418349713087082,0.11403128504753113,0.0,5.0,
6991,4.893260955810547,9.705008506774902,0.0581730417907238,0.11859568953514099,0.08273562788963318,0.0,5.0,
6992,2.413100242614746,10.166444778442383,0.03797582536935806,0.03354746475815773,0.1100502610206604,0.0,5.0,
6993,7.038967132568359,8.773274421691895,0.03146811202168465,0.22681929171085358,0.1021701917052269,0.0,5.0,
6994,5.260499000549316,9.28145980834961,0.043948471546173096,0.14558860659599304,0.08449772000312805,0.0,5.0,
6995,7.5490875244140625,11.06460952758789,0.023596307262778282,0.25810307264328003,0.08231128752231598,0.0,5.0,
6996,4.707300186157227,9.004549980163574,0.03115401603281498,0.13399815559387207,0.08922413736581802,0.0,5.0,
6997,6.598952293395996,9.816291809082031,0.1554216891527176,0.08833076059818268,0.08793409913778305,0.0,5.0,
6998,1.2191057205200195,10.538751602172852,0.005151430610567331,0.022733435034751892,0.0898556113243103,0.0,5.0,
6999,4.497648239135742,9.468059539794922,0.012430687434971333,0.1447782963514328,0.09446913748979568,0.0,5.0,
7000,2.8984432220458984,10.499368667602539,0.020193159580230713,0.07206377387046814,0.10490559786558151,0.0,5.0,"[1.1442055702209473, 1.445217490196228, 0.9543981552124023]"
7001,2.0299530029296875,10.018789291381836,0.03428840637207031,0.02006450481712818,0.12113363295793533,0.0,5.0,
7002,4.402990341186523,9.869217872619629,0.021503249183297157,0.13390037417411804,0.0891372337937355,0.0,5.0,
7003,3.4896087646484375,9.9994535446167,0.045424360781908035,0.07347415387630463,0.07094820588827133,0.0,5.0,
7004,3.708036422729492,9.629045486450195,0.022325774654746056,0.10419438779354095,0.08851896971464157,0.0,5.0,
7005,2.9963159561157227,9.537466049194336,0.057751595973968506,0.03882130607962608,0.0960966944694519,0.0,5.0,
7006,7.656619071960449,10.762388229370117,0.0,0.2816706895828247,0.1047414019703865,0.0,5.0,
7007,2.848374366760254,10.277593612670898,0.05778368189930916,0.03548692911863327,0.09114920347929001,0.0,5.0,
7008,4.489016532897949,8.969176292419434,0.09804555028676987,0.0572718009352684,0.11522027850151062,0.0,5.0,
7009,2.738070487976074,8.470850944519043,0.0027606685180217028,0.07368022203445435,0.14635421335697174,0.0,5.0,
7010,3.935763359069824,10.939420700073242,0.034202516078948975,0.09233933687210083,0.14008426666259766,0.0,5.0,
7011,6.014548301696777,10.8043851852417,0.0,0.21883031725883484,0.10153914242982864,0.0,5.0,
7012,3.94620418548584,9.388178825378418,0.0014063119888305664,0.13205963373184204,0.09624632447957993,0.0,5.0,
7013,1.6442193984985352,10.396974563598633,0.0,0.03666763752698898,0.127928227186203,0.0,5.0,
7014,1.7630462646484375,9.810108184814453,0.0023277599830180407,0.048290081322193146,0.09032876044511795,0.0,5.0,
7015,4.841383934020996,9.958309173583984,0.06587620824575424,0.1051768958568573,0.094894640147686,0.0,5.0,
7016,2.623828887939453,9.40865421295166,0.0,0.0849267989397049,0.07443172484636307,0.0,5.0,
7017,5.158392906188965,9.905231475830078,0.004327535629272461,0.17866720259189606,0.09248989075422287,0.0,5.0,
7018,4.5164690017700195,10.248190879821777,0.0,0.15145856142044067,0.13184653222560883,0.0,5.0,
7019,4.334084510803223,10.679282188415527,0.08552674204111099,0.06262651830911636,0.10859870910644531,0.0,5.0,
7020,6.050806045532227,9.047337532043457,0.01875392533838749,0.19457057118415833,0.11337149143218994,0.0,5.0,
7021,3.637232780456543,10.160204887390137,0.0033288795966655016,0.11800742149353027,0.10434826463460922,0.0,5.0,
7022,2.7934112548828125,8.790403366088867,0.01755291223526001,0.06885576248168945,0.09697476774454117,0.0,5.0,
7023,2.5948266983032227,8.653602600097656,0.010789553634822369,0.0724812000989914,0.07504359632730484,0.0,5.0,
7024,6.701645851135254,8.969895362854004,0.12407640367746353,0.12276320159435272,0.08855663985013962,0.0,5.0,
7025,1.9809045791625977,10.201337814331055,0.0,0.05163418874144554,0.11700866371393204,0.0,5.0,
7026,4.002499580383301,8.93984603881836,0.0612802691757679,0.07978183776140213,0.08292994648218155,0.0,5.0,
7027,3.264493942260742,8.849328994750977,0.006753126624971628,0.10182119905948639,0.09016972780227661,0.0,5.0,
7028,4.660854816436768,7.9314188957214355,0.07746370881795883,0.08763635903596878,0.09360288828611374,0.0,5.0,
7029,1.466231346130371,9.62580394744873,0.02079310081899166,0.014863548800349236,0.07485062628984451,0.0,5.0,
7030,4.030230522155762,8.836833000183105,0.050110261887311935,0.0886072963476181,0.0863523781299591,0.0,5.0,
7031,2.8177881240844727,9.794440269470215,0.03645189478993416,0.04688787832856178,0.11438608914613724,0.0,5.0,
7032,2.004079818725586,10.515753746032715,0.0320766381919384,0.02722196839749813,0.08060964196920395,0.0,5.0,
7033,3.168407440185547,9.8734712600708,0.0439571738243103,0.06159836798906326,0.07236108183860779,0.0,5.0,
7034,3.7472143173217773,10.715635299682617,0.04229837656021118,0.0783105343580246,0.11251336336135864,0.0,5.0,
7035,3.331658363342285,10.933039665222168,0.0,0.10669338703155518,0.10491032153367996,0.0,5.0,
7036,2.4945411682128906,9.409838676452637,0.008349141106009483,0.06394588947296143,0.11021853238344193,0.0,5.0,
7037,3.664609909057617,10.615739822387695,0.04808777570724487,0.07261114567518234,0.10446638613939285,0.0,5.0,
7038,5.373753547668457,10.807581901550293,0.03581412509083748,0.15538284182548523,0.10037419945001602,0.0,5.0,
7039,3.689107894897461,10.742981910705566,0.028515934944152832,0.08900995552539825,0.11972079426050186,0.0,5.0,
7040,3.513704299926758,10.199570655822754,0.0866050124168396,0.030072137713432312,0.09211144596338272,0.0,5.0,
7041,4.162198066711426,11.711163520812988,0.0,0.14014863967895508,0.090550996363163,0.0,5.0,
7042,2.557244300842285,10.854320526123047,0.01001723576337099,0.07142379134893417,0.09071324020624161,0.0,5.0,
7043,4.760542869567871,10.73771858215332,0.0,0.15773937106132507,0.11611849069595337,0.0,5.0,
7044,6.070713043212891,10.163969993591309,0.010382493026554585,0.20366396009922028,0.10160451382398605,0.0,5.0,
7045,7.527972221374512,9.944551467895508,0.035318631678819656,0.23805910348892212,0.1148582324385643,0.0,5.0,
7046,14.754246711730957,9.069864273071289,0.0,0.5616745948791504,0.12672625482082367,0.0,5.0,
7047,6.170140266418457,11.871489524841309,0.09946856647729874,0.12320755422115326,0.09334709495306015,0.0,5.0,
7048,2.1618595123291016,9.54150104522705,0.0,0.06650658696889877,0.08837703615427017,0.0,5.0,
7049,5.979764938354492,8.873123168945312,0.13869920372962952,0.07339142262935638,0.10398935526609421,0.0,5.0,
7050,1.9803810119628906,10.147632598876953,0.00988831091672182,0.0479118637740612,0.08538180589675903,0.0,5.0,
7051,6.115250587463379,11.919533729553223,0.004149893764406443,0.2194962352514267,0.07961706817150116,0.0,5.0,
7052,5.705099105834961,9.037413597106934,0.17645567655563354,0.02928023412823677,0.09603625535964966,0.0,5.0,
7053,2.5483264923095703,10.607277870178223,0.012896537780761719,0.0642872303724289,0.10450088977813721,0.0,5.0,
7054,1.7384700775146484,8.764711380004883,0.0,0.04881254583597183,0.07996251434087753,0.0,5.0,
7055,7.509983062744141,8.982823371887207,0.15424266457557678,0.1221800148487091,0.10502644628286362,0.0,5.0,
7056,1.0928897857666016,10.433158874511719,0.00939526129513979,0.011217246763408184,0.09298109263181686,0.0,5.0,
7057,1.7674379348754883,10.188767433166504,0.015478372573852539,0.035303689539432526,0.07656503468751907,0.0,5.0,
7058,2.640383720397949,8.786214828491211,0.029617806896567345,0.05656043067574501,0.07932140678167343,0.0,5.0,
7059,9.738446235656738,9.532927513122559,0.09273651987314224,0.27945125102996826,0.0649736151099205,0.0,5.0,
7060,2.8120040893554688,9.840065002441406,0.0203171968460083,0.07141090929508209,0.08548426628112793,0.0,5.0,
7061,0.8530178070068359,10.308645248413086,0.0028680365066975355,0.010516829788684845,0.08293891698122025,0.0,5.0,
7062,3.83920955657959,9.763092041015625,0.024317800998687744,0.10752846300601959,0.08160335570573807,0.0,5.0,
7063,3.9261293411254883,9.809617042541504,0.04778941348195076,0.08691690862178802,0.08955451846122742,0.0,5.0,
7064,5.067907333374023,9.904687881469727,0.0,0.17540867626667023,0.11697900295257568,0.0,5.0,
7065,4.365495681762695,10.06711196899414,0.017634868621826172,0.1285388171672821,0.11416048556566238,0.0,5.0,
7066,1.5561151504516602,9.959641456604004,0.0,0.04466471076011658,0.07214824855327606,0.0,5.0,
7067,5.3682861328125,9.256770133972168,0.04491080716252327,0.14690038561820984,0.09484422206878662,0.0,5.0,
7068,5.907317161560059,10.750871658325195,0.01773182488977909,0.19425787031650543,0.11029007285833359,0.0,5.0,
7069,3.3449087142944336,10.333686828613281,0.0,0.11340836435556412,0.07326418161392212,0.0,5.0,
7070,6.712841033935547,10.469961166381836,0.0,0.23962454497814178,0.10419625788927078,0.0,5.0,
7071,2.0953283309936523,9.973660469055176,0.016003886237740517,0.041971296072006226,0.09865566343069077,0.0,5.0,
7072,3.0737714767456055,8.831663131713867,0.05597742274403572,0.04604419693350792,0.08882206678390503,0.0,5.0,
7073,5.290000915527344,8.965239524841309,0.025612950325012207,0.16070149838924408,0.09554890543222427,0.0,5.0,
7074,5.147110939025879,9.226279258728027,0.05428987741470337,0.12874020636081696,0.08567920327186584,0.0,5.0,
7075,4.763059616088867,10.036163330078125,0.12112496048212051,0.052642032504081726,0.07081099599599838,0.0,5.0,
7076,4.102433204650879,8.948912620544434,0.09954136610031128,0.044507063925266266,0.08720123767852783,0.0,5.0,
7077,2.446721076965332,8.74278736114502,0.049197614192962646,0.02609637752175331,0.09898392111063004,0.0,5.0,
7078,3.6468305587768555,9.302878379821777,0.062177516520023346,0.06023344025015831,0.09279964119195938,0.0,5.0,
7079,2.8901567459106445,8.954233169555664,0.019791802391409874,0.07353492826223373,0.0985141322016716,0.0,5.0,
7080,1.9976463317871094,9.020967483520508,0.04744088649749756,0.008394411765038967,0.1062375009059906,0.0,5.0,
7081,3.734917640686035,10.639097213745117,0.01740860939025879,0.10900699347257614,0.0940312072634697,0.0,5.0,
7082,1.7649765014648438,9.410387992858887,0.03143743798136711,0.01799025386571884,0.09804437309503555,0.0,5.0,
7083,4.544491767883301,8.833203315734863,0.07156232744455338,0.09039577841758728,0.09038618952035904,0.0,5.0,
7084,2.4072675704956055,8.901482582092285,0.0,0.07500673085451126,0.09281354397535324,0.0,5.0,
7085,10.636504173278809,9.871214866638184,0.09452277421951294,0.3101801574230194,0.0857829749584198,0.0,5.0,
7086,8.58962345123291,10.810174942016602,0.042091626673936844,0.28033068776130676,0.09135142713785172,0.0,5.0,
7087,4.807042121887207,11.275745391845703,0.07163015753030777,0.09884052723646164,0.09243615716695786,0.0,5.0,
7088,3.7785253524780273,11.350616455078125,0.06170191615819931,0.0668940320611,0.08759612590074539,0.0,5.0,
7089,3.5225019454956055,9.67091178894043,0.0,0.11501011252403259,0.09626711159944534,0.0,5.0,
7090,2.460542678833008,9.914753913879395,0.022419193759560585,0.04900984466075897,0.11276162415742874,0.0,5.0,
7091,5.343639373779297,9.96649169921875,0.0014192262897267938,0.18797525763511658,0.09893286973237991,0.0,5.0,
7092,3.3436384201049805,9.803248405456543,0.011791685596108437,0.0993964672088623,0.097686767578125,0.0,5.0,
7093,3.5351133346557617,8.667911529541016,0.04733212664723396,0.07246629893779755,0.09844360500574112,0.0,5.0,
7094,7.298226356506348,8.545455932617188,0.0,0.2712463140487671,0.07460402697324753,0.0,5.0,
7095,7.4606733322143555,9.527812957763672,0.06809457391500473,0.21146497130393982,0.08329278975725174,0.0,5.0,
7096,1.9958233833312988,8.016051292419434,0.034830886870622635,0.02258320525288582,0.08765079826116562,0.0,5.0,
7097,2.8993172645568848,7.95752477645874,0.038257401436567307,0.056686654686927795,0.08660868555307388,0.0,5.0,
7098,6.332973480224609,9.374873161315918,0.051469821482896805,0.17772692441940308,0.09380977600812912,0.0,5.0,
7099,3.9364328384399414,7.524935722351074,0.047721244394779205,0.08699323236942291,0.0858503207564354,0.0,5.0,
7100,2.8680381774902344,8.921854972839355,0.0,0.08846820145845413,0.10382244735956192,0.0,5.0,
7101,1.9128808975219727,10.067923545837402,0.01768149994313717,0.03659220039844513,0.08559729903936386,0.0,5.0,
7102,5.382493019104004,8.841850280761719,0.13617008924484253,0.05851417034864426,0.08294857293367386,0.0,5.0,
7103,4.9199676513671875,9.969477653503418,0.07917945086956024,0.09632429480552673,0.07327496260404587,0.0,5.0,
7104,7.436225891113281,8.673567771911621,0.21725697815418243,0.06301651149988174,0.07581095397472382,0.0,5.0,
7105,3.19378662109375,8.145807266235352,0.030885478481650352,0.07512864470481873,0.09038650244474411,0.0,5.0,
7106,2.295098304748535,8.830787658691406,0.0,0.07117491960525513,0.08409792929887772,0.0,5.0,
7107,2.5642433166503906,8.990293502807617,0.0,0.07820640504360199,0.1028369888663292,0.0,5.0,
7108,3.4819631576538086,9.090373992919922,0.0,0.11697250604629517,0.09044457226991653,0.0,5.0,
7109,3.7316746711730957,7.258241176605225,0.04374895617365837,0.07851542532444,0.09740304946899414,0.0,5.0,
7110,4.14792537689209,8.57957935333252,0.0013179382076486945,0.13851504027843475,0.10016009956598282,0.0,5.0,
7111,4.101859092712402,8.15174674987793,0.06143341585993767,0.08009214699268341,0.0916198268532753,0.0,5.0,
7112,10.536040306091309,8.966253280639648,0.09285235404968262,0.30744102597236633,0.0881127417087555,0.0,5.0,
7113,6.585151672363281,8.61450481414795,0.09489677101373672,0.14715790748596191,0.09216753393411636,0.0,5.0,
7114,2.243565559387207,9.030903816223145,0.016910571604967117,0.04863744601607323,0.09774229675531387,0.0,5.0,
7115,4.8045783042907715,8.026229858398438,0.16574250161647797,0.007138489745557308,0.08070853352546692,0.0,5.0,
7116,5.718845367431641,10.114154815673828,0.0847647562623024,0.12190689146518707,0.08055757731199265,0.0,5.0,
7117,10.147237777709961,7.896004676818848,0.04243361949920654,0.341877281665802,0.07243210822343826,0.0,5.0,
7118,1.153707504272461,9.350335121154785,0.0,0.02766890823841095,0.07406312972307205,0.0,5.0,
7119,7.173484802246094,8.605783462524414,0.028167327865958214,0.2351701706647873,0.0944967046380043,0.0,5.0,
7120,1.5403194427490234,11.029274940490723,0.011160016059875488,0.028545254841446877,0.09496361017227173,0.0,5.0,
7121,9.160133361816406,9.698877334594727,0.1534489393234253,0.1944025158882141,0.08208224922418594,0.0,5.0,
7122,5.8983917236328125,10.119211196899414,0.06006346270442009,0.1539745032787323,0.09113294631242752,0.0,5.0,
7123,2.2557268142700195,9.980084419250488,0.0343136191368103,0.03746933862566948,0.06711950153112411,0.0,5.0,
7124,2.2643041610717773,9.818892478942871,0.0316852331161499,0.04177093878388405,0.06386367976665497,0.0,5.0,
7125,8.440736770629883,8.45331859588623,0.089383564889431,0.2305334508419037,0.05798244848847389,0.0,5.0,
7126,7.6776018142700195,8.997498512268066,0.20727629959583282,0.07640358805656433,0.10273297876119614,0.0,5.0,
7127,1.5480804443359375,9.610058784484863,0.00795525312423706,0.026448098942637444,0.10446711629629135,0.0,5.0,
7128,2.530935287475586,9.740185737609863,0.007063309196382761,0.0704490914940834,0.10369554162025452,0.0,5.0,
7129,2.679668426513672,9.721684455871582,0.009363770484924316,0.07667484879493713,0.09035436064004898,0.0,5.0,
7130,1.5912113189697266,8.66230583190918,0.01544382143765688,0.026522500440478325,0.09832129627466202,0.0,5.0,
7131,5.302803993225098,10.9122314453125,0.11626031249761581,0.07217538356781006,0.10480289906263351,0.0,5.0,
7132,3.5938549041748047,8.512237548828125,0.014793436042964458,0.10705922544002533,0.0907195508480072,0.0,5.0,
7133,2.551486015319824,9.53692626953125,0.02601180411875248,0.053921736776828766,0.10028501600027084,0.0,5.0,
7134,5.887566566467285,9.059399604797363,0.0723814144730568,0.1426449418067932,0.07972412556409836,0.0,5.0,
7135,1.473982810974121,9.335472106933594,0.0,0.036180682480335236,0.09274376183748245,0.0,5.0,
7136,4.804333686828613,8.778937339782715,0.12453077733516693,0.04467446729540825,0.10638800263404846,0.0,5.0,
7137,4.603145599365234,10.006811141967773,0.07324419170618057,0.09030082821846008,0.08822173625230789,0.0,5.0,
7138,4.373608589172363,8.59495735168457,0.005410333629697561,0.145076721906662,0.10880788415670395,0.0,5.0,
7139,4.160683631896973,10.22110366821289,0.0491669587790966,0.0864172875881195,0.12765969336032867,0.0,5.0,
7140,1.7536487579345703,10.202661514282227,0.022116264328360558,0.028580524027347565,0.08039920777082443,0.0,5.0,
7141,7.797701835632324,9.908507347106934,0.0,0.2810976803302765,0.10448829084634781,0.0,5.0,
7142,4.929035186767578,10.368171691894531,0.01647007465362549,0.15766426920890808,0.10123377293348312,0.0,5.0,
7143,3.536587715148926,9.20182991027832,0.011934001930058002,0.10275468975305557,0.11241483688354492,0.0,5.0,
7144,2.3602075576782227,10.88612174987793,0.0026739835739135742,0.06412514299154282,0.1125488355755806,0.0,5.0,
7145,2.0302734375,9.019722938537598,0.014124552719295025,0.04272278770804405,0.09196289628744125,0.0,5.0,
7146,4.040306091308594,10.106968879699707,0.0,0.13866235315799713,0.08722731471061707,0.0,5.0,
7147,4.364316940307617,10.535099029541016,0.07957271486520767,0.06893158704042435,0.10767116397619247,0.0,5.0,
7148,2.8402318954467773,10.531993865966797,0.0,0.08486299216747284,0.1221781075000763,0.0,5.0,
7149,8.970824241638184,9.702497482299805,0.00943082571029663,0.3222257196903229,0.0914345383644104,0.0,5.0,
7150,7.4394121170043945,10.40661907196045,0.0,0.26838481426239014,0.12401490658521652,0.0,5.0,
7151,1.8764963150024414,9.031193733215332,0.0,0.05476493760943413,0.08076908439397812,0.0,5.0,
7152,2.1445446014404297,10.364211082458496,0.018222451210021973,0.04072162136435509,0.09924441576004028,0.0,5.0,
7153,2.4547929763793945,10.423391342163086,0.0011731386184692383,0.06934154778718948,0.11542361974716187,0.0,5.0,
7154,7.570404052734375,11.000153541564941,0.08428468555212021,0.19528569281101227,0.10063894838094711,0.0,5.0,
7155,8.440047264099121,9.274541854858398,0.0,0.31655171513557434,0.0790797621011734,0.0,5.0,
7156,2.737123489379883,9.129754066467285,0.015056371688842773,0.07249811291694641,0.09306067228317261,0.0,5.0,
7157,4.384058952331543,9.78690242767334,0.08914206176996231,0.05992821976542473,0.09419608116149902,0.0,5.0,
7158,2.165750503540039,8.81080150604248,0.038338880985975266,0.02820170857012272,0.08245440572500229,0.0,5.0,
7159,5.164704322814941,9.068960189819336,0.046265482902526855,0.13936865329742432,0.08141303062438965,0.0,5.0,
7160,1.9351005554199219,9.31275749206543,0.0,0.05574558302760124,0.07954558730125427,0.0,5.0,
7161,6.925253868103027,9.502893447875977,0.10888872295618057,0.14507289230823517,0.09020542353391647,0.0,5.0,
7162,4.480945587158203,8.844200134277344,0.04765653610229492,0.1044744998216629,0.10119425505399704,0.0,5.0,
7163,2.354703426361084,7.630025863647461,0.0,0.06881614029407501,0.10960981994867325,0.0,5.0,
7164,1.2384328842163086,8.344002723693848,0.0,0.02681368961930275,0.09675941616296768,0.0,5.0,
7165,1.3489837646484375,9.724982261657715,0.0,0.03279973566532135,0.08585536479949951,0.0,5.0,
7166,3.681377410888672,7.668834686279297,0.05985875800251961,0.06666627526283264,0.07655294984579086,0.0,5.0,
7167,0.7345409393310547,9.128528594970703,0.0,0.005257870070636272,0.1088239848613739,0.0,5.0,
7168,3.109379291534424,7.498618125915527,0.0827840194106102,0.020248357206583023,0.0926031693816185,0.0,5.0,
7169,5.128002643585205,8.031426429748535,0.014754493720829487,0.16424089670181274,0.11141255497932434,0.0,5.0,
7170,5.8121538162231445,7.187799453735352,0.16268807649612427,0.04581287503242493,0.09657814353704453,0.0,5.0,
7171,9.561044692993164,7.139774799346924,0.07671024650335312,0.2871708273887634,0.07110109180212021,0.0,5.0,
7172,6.326225280761719,7.780895709991455,0.059772789478302,0.17410290241241455,0.08434150367975235,0.0,5.0,
7173,4.153453826904297,7.365660190582275,0.05328577756881714,0.09356791526079178,0.08436997979879379,0.0,5.0,
7174,5.619894027709961,8.645670890808105,0.08776366710662842,0.11514265835285187,0.09545454382896423,0.0,5.0,
7175,6.4338579177856445,8.835176467895508,0.04279675334692001,0.19307146966457367,0.06447578221559525,0.0,5.0,
7176,4.400656700134277,8.657886505126953,0.03877248242497444,0.11586801707744598,0.07572866231203079,0.0,5.0,
7177,2.782076835632324,9.388982772827148,0.025163650512695312,0.06034725531935692,0.0844903215765953,0.0,5.0,
7178,6.228532791137695,9.211028099060059,0.010411540977656841,0.213159441947937,0.08036962151527405,0.0,5.0,
7179,1.9390268325805664,10.134163856506348,0.023962438106536865,0.030269615352153778,0.06714262813329697,0.0,5.0,
7180,4.261884689331055,10.267433166503906,0.01754705049097538,0.13083042204380035,0.07791363447904587,0.0,5.0,
7181,2.3864641189575195,9.955480575561523,0.005837937351316214,0.06979385018348694,0.058682914823293686,0.0,5.0,
7182,3.3078603744506836,8.688369750976562,0.0,0.11110585182905197,0.07297826558351517,0.0,5.0,
7183,4.66524600982666,9.862518310546875,0.03735790401697159,0.11919651925563812,0.07082439213991165,0.0,5.0,
7184,1.8356266021728516,8.66321849822998,0.00479869032278657,0.04401073977351189,0.0796247124671936,0.0,5.0,
7185,4.491970062255859,8.757576942443848,0.01767732761800289,0.1398082673549652,0.070414699614048,0.0,5.0,
7186,2.445502281188965,8.463582992553711,0.035469431430101395,0.03938458487391472,0.08155293017625809,0.0,5.0,
7187,3.898822784423828,9.1907320022583,0.0,0.13219159841537476,0.0881686881184578,0.0,5.0,
7188,3.673900604248047,8.151204109191895,0.03300243616104126,0.09047259390354156,0.08988702297210693,0.0,5.0,
7189,4.083759307861328,8.886417388916016,0.0,0.14262785017490387,0.08132809400558472,0.0,5.0,
7190,3.5669283866882324,7.774934768676758,0.018500149250030518,0.09522029757499695,0.10257584601640701,0.0,5.0,
7191,4.24001407623291,8.840231895446777,0.05195339396595955,0.09496641159057617,0.09221762418746948,0.0,5.0,
7192,1.9647636413574219,7.88331413269043,0.023241162300109863,0.038511600345373154,0.06213541701436043,0.0,5.0,
7193,2.3095641136169434,7.3473615646362305,0.04845805838704109,0.028573594987392426,0.06802662461996078,0.0,5.0,
7194,4.705583095550537,7.487117767333984,0.10323949158191681,0.06300865858793259,0.09503191709518433,0.0,5.0,
7195,4.279343128204346,7.651734828948975,0.0996556505560875,0.051145706325769424,0.0877879187464714,0.0,5.0,
7196,2.4604969024658203,8.93261432647705,0.0017449259757995605,0.07453160732984543,0.08031589537858963,0.0,5.0,
7197,3.9870409965515137,6.9140448570251465,0.05392180010676384,0.08181688189506531,0.10319042205810547,0.0,5.0,
7198,3.0179028511047363,7.977487087249756,0.0,0.09517205506563187,0.10831285268068314,0.0,5.0,
7199,2.1655378341674805,8.52530574798584,0.014333287253975868,0.046731747686862946,0.08717658370733261,0.0,5.0,
7200,1.7901506423950195,9.134970664978027,0.0,0.05189903825521469,0.07983680814504623,0.0,5.0,
7201,2.5476465225219727,8.780564308166504,0.008384008891880512,0.06619973480701447,0.12027754634618759,0.0,5.0,
7202,4.619230270385742,7.815117359161377,0.06926888227462769,0.09309101104736328,0.0998494029045105,0.0,5.0,
7203,6.360620498657227,8.298384666442871,0.09822279214859009,0.1355755776166916,0.09119006246328354,0.0,5.0,
7204,4.739864826202393,7.549077033996582,0.09655843675136566,0.07165611535310745,0.09360148757696152,0.0,5.0,
7205,2.2609100341796875,7.325096130371094,0.03937961533665657,0.03226776421070099,0.08309012651443481,0.0,5.0,
7206,0.863184928894043,8.532234191894531,0.0,0.0144297294318676,0.07820900529623032,0.0,5.0,
7207,6.001166343688965,8.459695816040039,0.0,0.21659497916698456,0.10584720969200134,0.0,5.0,
7208,3.3338871002197266,8.215218544006348,0.0,0.11292661726474762,0.08118841797113419,0.0,5.0,
7209,3.59930419921875,9.070391654968262,0.0,0.12048660963773727,0.09066993743181229,0.0,5.0,
7210,5.7721333503723145,7.242694854736328,0.03216053918004036,0.17558906972408295,0.10391498357057571,0.0,5.0,
7211,3.1837902069091797,8.570262908935547,0.05413615703582764,0.044041506946086884,0.09538137912750244,0.0,5.0,
7212,3.283024787902832,8.447372436523438,0.024069568142294884,0.0872659757733345,0.08609301596879959,0.0,5.0,
7213,5.318574905395508,8.820664405822754,0.013179500587284565,0.17745685577392578,0.09557197242975235,0.0,5.0,
7214,6.8891754150390625,9.357587814331055,0.04407072067260742,0.20992878079414368,0.08900410681962967,0.0,5.0,
7215,5.869328498840332,9.183591842651367,0.0,0.21020500361919403,0.10329433530569077,0.0,5.0,
7216,3.172818183898926,9.129765510559082,0.01184999942779541,0.09159797430038452,0.08394703269004822,0.0,5.0,
7217,6.826085090637207,8.710182189941406,0.0587414912879467,0.19119541347026825,0.079520083963871,0.0,5.0,
7218,4.636040687561035,8.580021858215332,0.01971789263188839,0.1462544947862625,0.07400763034820557,0.0,5.0,
7219,1.7854881286621094,8.078997611999512,0.018026530742645264,0.034723080694675446,0.07870960980653763,0.0,5.0,
7220,2.8996639251708984,8.21951675415039,0.012897511012852192,0.08095388114452362,0.08628934621810913,0.0,5.0,
7221,2.5302562713623047,8.562883377075195,0.01096433401107788,0.07223000377416611,0.07938337326049805,0.0,5.0,
7222,4.612422943115234,7.475278377532959,0.0497581772506237,0.12104184180498123,0.054138779640197754,0.0,5.0,
7223,3.5272531509399414,8.322430610656738,0.055762410163879395,0.06341558694839478,0.09307325631380081,0.0,5.0,
7224,4.092051029205322,7.181985378265381,0.03258401155471802,0.11480351537466049,0.06769854575395584,0.0,5.0,
7225,2.64304780960083,8.117757797241211,0.038922470062971115,0.04453328251838684,0.07280512899160385,0.0,5.0,
7226,3.892409324645996,7.789840221405029,0.11021286249160767,0.032306257635354996,0.05400428548455238,0.0,5.0,
7227,4.530073642730713,7.71653413772583,0.11925184726715088,0.04286064952611923,0.07408962398767471,0.0,5.0,
7228,2.217799186706543,7.342290878295898,0.05906879901885986,0.009399381466209888,0.08135766535997391,0.0,5.0,
7229,6.089509963989258,7.210132122039795,0.15578369796276093,0.06673555076122284,0.08905258029699326,0.0,5.0,
7230,2.4929161071777344,7.174978256225586,0.04792674630880356,0.03307550400495529,0.07967466861009598,0.0,5.0,
7231,2.403697967529297,7.520840644836426,0.03957853838801384,0.03879213705658913,0.08349499106407166,0.0,5.0,
7232,7.145327568054199,8.83410930633545,0.11625389754772186,0.15102535486221313,0.08032673597335815,0.0,5.0,
7233,2.6008338928222656,9.144970893859863,0.04517050459980965,0.03126126155257225,0.1156340166926384,0.0,5.0,
7234,2.5569515228271484,9.910378456115723,0.0,0.07380136102437973,0.11345165967941284,0.0,5.0,
7235,5.270784378051758,9.76119327545166,0.0,0.18482552468776703,0.10514716058969498,0.0,5.0,
7236,6.520127296447754,9.924114227294922,0.0,0.2398739755153656,0.08533450216054916,0.0,5.0,
7237,3.259614944458008,9.914759635925293,0.05987082049250603,0.04771238565444946,0.09453394263982773,0.0,5.0,
7238,6.684070587158203,8.690321922302246,0.070273257791996,0.17317788302898407,0.10331469774246216,0.0,5.0,
7239,3.1561765670776367,10.644379615783691,0.005323091987520456,0.09932560473680496,0.08906800299882889,0.0,5.0,
7240,6.193865776062012,9.325584411621094,0.0789017453789711,0.13074345886707306,0.14141976833343506,0.0,5.0,
7241,3.1798086166381836,9.742196083068848,0.04904906079173088,0.04830561578273773,0.12547089159488678,0.0,5.0,
7242,1.558588981628418,8.213467597961426,0.0,0.03731073439121246,0.09852900356054306,0.0,5.0,
7243,9.331151008605957,9.770467758178711,0.0075028738938272,0.3421884775161743,0.10095811635255814,0.0,5.0,
7244,7.011565208435059,9.78902530670166,0.09354660660028458,0.15648581087589264,0.1367814987897873,0.0,5.0,
7245,6.1455183029174805,10.39589786529541,0.09849192947149277,0.123467355966568,0.08760014921426773,0.0,5.0,
7246,6.831815719604492,9.101088523864746,0.0,0.24140939116477966,0.11537370085716248,0.0,5.0,
7247,8.556771278381348,11.454263687133789,0.0009043614263646305,0.3128989636898041,0.08120831847190857,0.0,5.0,
7248,2.020030975341797,9.199885368347168,0.0,0.054702676832675934,0.09718149900436401,0.0,5.0,
7249,3.694695472717285,10.436575889587402,0.018438121303915977,0.10420854389667511,0.09586093574762344,0.0,5.0,
7250,5.520425319671631,8.03471851348877,0.061053574085235596,0.13148151338100433,0.09460226446390152,0.0,5.0,
7251,6.248147964477539,9.302773475646973,0.010881960391998291,0.2151573747396469,0.09659703820943832,0.0,5.0,
7252,3.9027671813964844,8.938942909240723,0.037028294056653976,0.09248674660921097,0.0957372784614563,0.0,5.0,
7253,4.22723388671875,9.01960277557373,0.03391782566905022,0.11275330185890198,0.08285979926586151,0.0,5.0,
7254,3.3344364166259766,8.772932052612305,0.07317405939102173,0.037201862782239914,0.07353680580854416,0.0,5.0,
7255,5.318027019500732,7.810513496398926,0.1196654662489891,0.07219886779785156,0.08956415206193924,0.0,5.0,
7256,2.6923437118530273,10.111776351928711,0.012780685909092426,0.07036382704973221,0.09707903861999512,0.0,5.0,
7257,2.702082633972168,7.639537811279297,0.02346769906580448,0.06012598052620888,0.08963444828987122,0.0,5.0,
7258,2.465512275695801,8.948400497436523,0.005975464824587107,0.06904535740613937,0.09723237156867981,0.0,5.0,
7259,2.5410337448120117,8.73034954071045,0.0,0.07728507369756699,0.09769386053085327,0.0,5.0,
7260,8.91321086883545,9.291248321533203,0.26473814249038696,0.07375892996788025,0.0685911476612091,0.0,5.0,
7261,2.0683069229125977,8.763875961303711,0.005203207489103079,0.0536855049431324,0.08630330115556717,0.0,5.0,
7262,2.7533340454101562,8.255851745605469,0.020607393234968185,0.07080590724945068,0.07918991893529892,0.0,5.0,
7263,2.758456230163574,8.50853157043457,0.038873035460710526,0.04758375883102417,0.08530312776565552,0.0,5.0,
7264,4.354842185974121,8.714743614196777,0.07038833945989609,0.07464978843927383,0.10321607440710068,0.0,5.0,
7265,2.3365135192871094,9.701226234436035,0.02417985536158085,0.041337430477142334,0.11096406728029251,0.0,5.0,
7266,7.99163818359375,8.952657699584961,0.004767318721860647,0.287255197763443,0.09499064832925797,0.0,5.0,
7267,2.7982044219970703,8.309401512145996,0.0,0.09006114304065704,0.09601344913244247,0.0,5.0,
7268,2.4965429306030273,9.14711856842041,0.03939984366297722,0.03427332639694214,0.08726256340742111,0.0,5.0,
7269,6.516514778137207,10.503458023071289,0.03269471600651741,0.20199376344680786,0.09526977688074112,0.0,5.0,
7270,3.360245704650879,9.921862602233887,0.004651486873626709,0.10178650170564651,0.10721319168806076,0.0,5.0,
7271,5.388767242431641,11.116900444030762,0.041274070739746094,0.1481141448020935,0.10374868661165237,0.0,5.0,
7272,3.268803596496582,9.73324966430664,0.0,0.10816293954849243,0.09989872574806213,0.0,5.0,
7273,2.1865901947021484,9.871453285217285,0.0,0.05714591592550278,0.12653489410877228,0.0,5.0,
7274,3.2315149307250977,11.42730712890625,0.0,0.10178466141223907,0.10450052469968796,0.0,5.0,
7275,1.838618278503418,8.470926284790039,0.0,0.043204594403505325,0.12530772387981415,0.0,5.0,
7276,2.173389434814453,8.922250747680664,0.0,0.06406620144844055,0.0857272520661354,0.0,5.0,
7277,9.074893951416016,10.79747486114502,0.21673090755939484,0.12239714711904526,0.08894739300012589,0.0,5.0,
7278,4.098786354064941,9.818133354187012,0.04576019197702408,0.0948847234249115,0.09937427192926407,0.0,5.0,
7279,5.303151607513428,8.155414581298828,0.0,0.1823534220457077,0.11682098358869553,0.0,5.0,
7280,3.95452880859375,10.075613975524902,0.0991605892777443,0.036060914397239685,0.0871257409453392,0.0,5.0,
7281,7.410159111022949,9.253161430358887,0.1795090138912201,0.09408383071422577,0.09015917032957077,0.0,5.0,
7282,2.7298994064331055,8.67626953125,0.035541970282793045,0.0521983727812767,0.0904231071472168,0.0,5.0,
7283,6.269628524780273,9.636573791503906,0.07751679420471191,0.15348376333713531,0.0846894383430481,0.0,5.0,
7284,2.5768604278564453,9.06022834777832,0.0061028399504721165,0.07389159500598907,0.10407117754220963,0.0,5.0,
7285,4.676222324371338,7.6063103675842285,0.1388106495141983,0.027528339996933937,0.08921825885772705,0.0,5.0,
7286,3.0616750717163086,7.639674663543701,0.044450581073760986,0.0551442950963974,0.08768337219953537,0.0,5.0,
7287,7.647709846496582,9.498970985412598,0.1336602121591568,0.1519363820552826,0.0819634422659874,0.0,5.0,
7288,6.849931240081787,7.756542205810547,0.05962793156504631,0.19275134801864624,0.09633658081293106,0.0,5.0,
7289,2.786168098449707,8.240264892578125,0.027923842892050743,0.06041780486702919,0.0894758403301239,0.0,5.0,
7290,4.4409894943237305,8.237600326538086,0.07447340339422226,0.08352228254079819,0.0657157301902771,0.0,5.0,
7291,3.3620481491088867,8.790661811828613,0.08471578359603882,0.024092093110084534,0.09858980029821396,0.0,5.0,
7292,2.256856918334961,8.845980644226074,0.03286431357264519,0.03390717878937721,0.0970558151602745,0.0,5.0,
7293,3.553337574005127,8.022784233093262,0.004743496421724558,0.11760275065898895,0.07815629988908768,0.0,5.0,
7294,1.4042510986328125,8.867775917053223,0.0,0.03334604576230049,0.08813933283090591,0.0,5.0,
7295,1.6482982635498047,9.80908489227295,0.0,0.04420657083392143,0.09398708492517471,0.0,5.0,
7296,7.107120513916016,8.994171142578125,0.08422639220952988,0.17166508734226227,0.10130342841148376,0.0,5.0,
7297,4.818591117858887,9.41591739654541,0.010086238384246826,0.16175444424152374,0.0822516605257988,0.0,5.0,
7298,4.083732604980469,9.598014831542969,0.025186479091644287,0.11608687043190002,0.08044317364692688,0.0,5.0,
7299,4.170536994934082,9.941713333129883,0.048707444220781326,0.09376385807991028,0.09118303656578064,0.0,5.0,
7300,1.3879613876342773,9.98678207397461,0.0,0.026884879916906357,0.10294359922409058,0.0,5.0,
7301,2.520153045654297,8.948188781738281,0.0,0.07537795603275299,0.11205150932073593,0.0,5.0,
7302,1.7131681442260742,9.852928161621094,0.010278801433742046,0.037308987230062485,0.08061602711677551,0.0,5.0,
7303,4.166468620300293,9.655595779418945,0.0,0.147935688495636,0.07950564473867416,0.0,5.0,
7304,5.384624481201172,10.084738731384277,0.021833717823028564,0.16956467926502228,0.09626737236976624,0.0,5.0,
7305,7.509028434753418,9.596650123596191,0.0748739242553711,0.20433349907398224,0.09042759984731674,0.0,5.0,
7306,5.8408050537109375,9.46959400177002,0.07500795274972916,0.13432948291301727,0.10432112216949463,0.0,5.0,
7307,4.308886528015137,9.183674812316895,0.11048686504364014,0.04339839518070221,0.08164875209331512,0.0,5.0,
7308,2.6109085083007812,8.949405670166016,0.02114003896713257,0.05812913924455643,0.10589281469583511,0.0,5.0,
7309,2.591917037963867,8.963689804077148,0.0,0.08200450241565704,0.0883573517203331,0.0,5.0,
7310,3.6032285690307617,8.276578903198242,0.04613818973302841,0.0768652930855751,0.09015277773141861,0.0,5.0,
7311,2.486032485961914,8.377786636352539,0.05336141586303711,0.02014155127108097,0.1150723472237587,0.0,5.0,
7312,6.2580766677856445,9.162605285644531,0.0,0.2271241843700409,0.10297813266515732,0.0,5.0,
7313,4.800615310668945,8.37974739074707,0.038384318351745605,0.1301531195640564,0.1025916039943695,0.0,5.0,
7314,1.7511301040649414,8.836244583129883,0.02273845672607422,0.025017285719513893,0.07912171632051468,0.0,5.0,
7315,1.3321914672851562,8.220877647399902,0.01101811695843935,0.016229866072535515,0.10777411609888077,0.0,5.0,
7316,1.7521343231201172,8.404134750366211,0.02496359683573246,0.02627948857843876,0.08096817880868912,0.0,5.0,
7317,2.5758132934570312,8.025829315185547,0.032738763839006424,0.04463567957282066,0.10437151044607162,0.0,5.0,
7318,5.414900779724121,10.110160827636719,0.0,0.19706830382347107,0.08445780724287033,0.0,5.0,
7319,1.7837209701538086,8.978089332580566,0.008892874233424664,0.033516477793455124,0.13424983620643616,0.0,5.0,
7320,4.312056541442871,8.767946243286133,0.09478546679019928,0.05839988589286804,0.07157997041940689,0.0,5.0,
7321,3.3919849395751953,8.91795539855957,0.025711217895150185,0.08982468396425247,0.08013159781694412,0.0,5.0,
7322,6.083622932434082,9.043743133544922,0.046930212527513504,0.17605388164520264,0.07944422960281372,0.0,5.0,
7323,1.9699459075927734,8.614684104919434,0.022533496841788292,0.03279463201761246,0.09202700853347778,0.0,5.0,
7324,2.523207664489746,10.290670394897461,0.01770051382482052,0.05863945186138153,0.07808864861726761,0.0,5.0,
7325,3.235170364379883,8.623699188232422,0.05590379238128662,0.047352682799100876,0.11706772446632385,0.0,5.0,
7326,5.696494102478027,9.179522514343262,0.059347689151763916,0.14490577578544617,0.10164439678192139,0.0,5.0,
7327,4.126136779785156,10.179491996765137,0.060908496379852295,0.07894671708345413,0.09488899260759354,0.0,5.0,
7328,5.0694169998168945,9.21349048614502,0.0,0.17922058701515198,0.0877581238746643,0.0,5.0,
7329,2.772139549255371,10.131454467773438,0.001676758169196546,0.08443346619606018,0.09149690717458725,0.0,5.0,
7330,3.3216733932495117,10.322765350341797,0.0,0.1063789650797844,0.1132017970085144,0.0,5.0,
7331,3.4402647018432617,9.560561180114746,0.0,0.11178787052631378,0.11019455641508102,0.0,5.0,
7332,4.891212463378906,8.654085159301758,0.0325382761657238,0.1384439915418625,0.0939684733748436,0.0,5.0,
7333,5.850279808044434,9.524250030517578,0.0,0.20523759722709656,0.12470117211341858,0.0,5.0,
7334,6.698034286499023,10.795845985412598,0.08838953077793121,0.1560698002576828,0.09375811368227005,0.0,5.0,
7335,3.466970443725586,10.194223403930664,0.0,0.11379804462194443,0.10018821805715561,0.0,5.0,
7336,4.162426948547363,9.176331520080566,0.022442519664764404,0.11893495917320251,0.11175534129142761,0.0,5.0,
7337,3.2700142860412598,7.981748104095459,0.004043360706418753,0.105518639087677,0.08386251330375671,0.0,5.0,
7338,1.9703855514526367,9.83923625946045,0.013109207153320312,0.04502122476696968,0.06896788626909256,0.0,5.0,
7339,3.664566993713379,8.730581283569336,0.03595973923802376,0.08988833427429199,0.08002807945013046,0.0,5.0,
7340,3.150454521179199,10.157744407653809,0.0027406017761677504,0.09833335876464844,0.11567188054323196,0.0,5.0,
7341,2.595442771911621,8.868766784667969,0.05690397694706917,0.023193035274744034,0.09801355749368668,0.0,5.0,
7342,3.938839912414551,8.513843536376953,0.05519133806228638,0.07910499721765518,0.08237337321043015,0.0,5.0,
7343,4.076905250549316,9.384952545166016,0.09523111581802368,0.04362192004919052,0.0898149386048317,0.0,5.0,
7344,3.7617712020874023,10.182019233703613,0.011239329352974892,0.11986444890499115,0.08189620822668076,0.0,5.0,
7345,6.40715217590332,8.818280220031738,0.04010937735438347,0.1928820163011551,0.0904427245259285,0.0,5.0,
7346,5.9781012535095215,8.050603866577148,0.0044878325425088406,0.21257643401622772,0.07381222397089005,0.0,5.0,
7347,2.8503713607788086,9.44617748260498,0.0,0.08939167112112045,0.09153202176094055,0.0,5.0,
7348,2.6310291290283203,8.589441299438477,0.032830316573381424,0.05049709975719452,0.09576893597841263,0.0,5.0,
7349,2.0515308380126953,9.07663345336914,0.0,0.05448161065578461,0.12199784070253372,0.0,5.0,
7350,2.932384490966797,9.395085334777832,0.04442918300628662,0.052381981164216995,0.06905194371938705,0.0,5.0,
7351,4.710373878479004,9.007909774780273,0.13172708451747894,0.03432394191622734,0.10460519790649414,0.0,5.0,
7352,2.942997932434082,9.94384765625,0.04367697238922119,0.04118691012263298,0.0977611169219017,0.0,5.0,
7353,6.269680023193359,8.418231964111328,0.040340326726436615,0.18938572704792023,0.08703438192605972,0.0,5.0,
7354,9.471272468566895,9.872867584228516,0.0,0.35766279697418213,0.07973307371139526,0.0,5.0,
7355,6.360010147094727,9.566800117492676,0.03134608268737793,0.20109397172927856,0.0915839895606041,0.0,5.0,
7356,2.296624183654785,11.04284954071045,0.0,0.07371232658624649,0.0764339491724968,0.0,5.0,
7357,2.434326171875,10.163630485534668,0.017905255779623985,0.05851887911558151,0.0816965326666832,0.0,5.0,
7358,1.7448234558105469,9.820429801940918,0.009977380745112896,0.03961344435811043,0.07911241799592972,0.0,5.0,
7359,4.115902900695801,10.848929405212402,0.03518899157643318,0.10245072096586227,0.08516959100961685,0.0,5.0,
7360,4.147068977355957,9.495315551757812,0.0033589403610676527,0.13865704834461212,0.10171139240264893,0.0,5.0,
7361,4.643449783325195,9.697900772094727,0.01250988245010376,0.15305300056934357,0.07523604482412338,0.0,5.0,
7362,4.991832733154297,9.9774808883667,0.08941835165023804,0.08973824977874756,0.08267185837030411,0.0,5.0,
7363,4.968085289001465,9.973916053771973,0.0036075711250305176,0.1722804754972458,0.08680900931358337,0.0,5.0,
7364,2.9642486572265625,9.475801467895508,0.024169206619262695,0.076003298163414,0.07895217835903168,0.0,5.0,
7365,6.626809120178223,9.531600952148438,0.03621387481689453,0.20539648830890656,0.09535146504640579,0.0,5.0,
7366,4.4512834548950195,8.518424987792969,0.04528433084487915,0.11585827171802521,0.06197262927889824,0.0,5.0,
7367,5.5313005447387695,8.720736503601074,0.11966951191425323,0.08219146728515625,0.06158757209777832,0.0,5.0,
7368,3.0937891006469727,8.310015678405762,0.06749381870031357,0.03112071007490158,0.0941419005393982,0.0,5.0,
7369,4.351767539978027,8.3181791305542,0.10163205862045288,0.05305071175098419,0.07266534119844437,0.0,5.0,
7370,3.3158254623413086,9.52315902709961,0.047073978930711746,0.06264802813529968,0.09822443127632141,0.0,5.0,
7371,2.4898757934570312,9.894569396972656,0.02211674116551876,0.05695031210780144,0.06647443026304245,0.0,5.0,
7372,2.5308685302734375,8.961275100708008,0.0,0.07652045041322708,0.10841415077447891,0.0,5.0,
7373,3.93192195892334,9.277891159057617,0.06656651198863983,0.06829693913459778,0.09345623850822449,0.0,5.0,
7374,3.5285654067993164,8.486144065856934,0.036550067365169525,0.07634101808071136,0.09722273796796799,0.0,5.0,
7375,1.6961212158203125,9.645959854125977,0.008157889358699322,0.034982725977897644,0.07981406152248383,0.0,5.0,
7376,5.571714401245117,9.899160385131836,0.07186788320541382,0.12953658401966095,0.08483963459730148,0.0,5.0,
7377,4.368821144104004,9.071452140808105,0.08323971182107925,0.07042098790407181,0.07674181461334229,0.0,5.0,
7378,3.7614974975585938,9.42358112335205,0.1071016788482666,0.025239843875169754,0.06617157906293869,0.0,5.0,
7379,5.720306396484375,8.198055267333984,0.05371693894267082,0.15226784348487854,0.09241204708814621,0.0,5.0,
7380,2.2727975845336914,8.2293119430542,0.023938775062561035,0.04750838130712509,0.08567176014184952,0.0,5.0,
7381,10.108848571777344,10.191519737243652,0.0006752610206604004,0.38169944286346436,0.0932493507862091,0.0,5.0,
7382,4.5534820556640625,8.388998985290527,0.027800003066658974,0.13303658366203308,0.0815514549612999,0.0,5.0,
7383,2.9743118286132812,8.578058242797852,0.012910624034702778,0.07814958691596985,0.11343889683485031,0.0,5.0,
7384,4.820551872253418,10.032604217529297,0.0,0.17130447924137115,0.08191056549549103,0.0,5.0,
7385,2.408858299255371,8.435567855834961,0.012854675762355328,0.06183911859989166,0.09126567840576172,0.0,5.0,
7386,1.9391288757324219,8.817371368408203,0.0,0.05910944193601608,0.07345610111951828,0.0,5.0,
7387,2.5165796279907227,9.270745277404785,0.0,0.07583343237638474,0.10819900780916214,0.0,5.0,
7388,6.034446716308594,8.746336936950684,0.0,0.22261172533035278,0.08260337263345718,0.0,5.0,
7389,5.893836975097656,8.300143241882324,0.0,0.21518197655677795,0.08803445845842361,0.0,5.0,
7390,2.476931571960449,8.660165786743164,0.0372452549636364,0.04390968754887581,0.07924754172563553,0.0,5.0,
7391,2.861588478088379,8.873754501342773,0.0708191990852356,0.021486720070242882,0.09477411955595016,0.0,5.0,
7392,4.935873985290527,7.107332229614258,0.11496452242136002,0.06021806225180626,0.09496241062879562,0.0,5.0,
7393,3.615382194519043,8.62995433807373,0.07877518981695175,0.042760029435157776,0.10055346041917801,0.0,5.0,
7394,2.5966033935546875,8.68416976928711,0.038919687271118164,0.03743753954768181,0.11225056648254395,0.0,5.0,
7395,3.140575408935547,8.934845924377441,0.0016896923771128058,0.09827946126461029,0.10082640498876572,0.0,5.0,
7396,2.8391637802124023,8.978035926818848,0.030938267707824707,0.06568092107772827,0.07666288316249847,0.0,5.0,
7397,1.1409235000610352,8.17727279663086,0.0,0.02515355311334133,0.08917050808668137,0.0,5.0,
7398,2.807493209838867,9.474472045898438,0.06881207227706909,0.02045481838285923,0.09036236256361008,0.0,5.0,
7399,4.391523361206055,7.804562568664551,0.0,0.1560451090335846,0.0847494900226593,0.0,5.0,
7400,2.2994346618652344,8.384919166564941,0.009249587543308735,0.059096455574035645,0.10001840442419052,0.0,5.0,
7401,2.8793277740478516,9.257811546325684,0.04981869459152222,0.04167166352272034,0.10237106680870056,0.0,5.0,
7402,3.921161651611328,9.640851974487305,0.0,0.13244421780109406,0.09978008270263672,0.0,5.0,
7403,6.244502067565918,10.517878532409668,0.0851951465010643,0.13975463807582855,0.08804436773061752,0.0,5.0,
7404,4.795095920562744,7.8827714920043945,0.01001054048538208,0.16341370344161987,0.08568932861089706,0.0,5.0,
7405,1.1820011138916016,9.104324340820312,0.0,0.02499547228217125,0.09093725681304932,0.0,5.0,
7406,1.7739133834838867,9.41153335571289,0.023024380207061768,0.019634433090686798,0.1158512756228447,0.0,5.0,
7407,4.472900390625,8.794995307922363,0.0,0.15219756960868835,0.10679376125335693,0.0,5.0,
7408,3.0803098678588867,9.663297653198242,0.07338467985391617,0.030952341854572296,0.06650985032320023,0.0,5.0,
7409,1.5266008377075195,8.852439880371094,0.02293980121612549,0.013348815962672234,0.10625157505273819,0.0,5.0,
7410,3.5977582931518555,9.479263305664062,0.034010786563158035,0.08497534692287445,0.10127905756235123,0.0,5.0,
7411,3.1304473876953125,9.09317684173584,0.04377521947026253,0.05993293970823288,0.09430118650197983,0.0,5.0,
7412,2.24285888671875,9.902342796325684,0.0,0.06804490089416504,0.08913127332925797,0.0,5.0,
7413,2.543354034423828,10.30737590789795,0.0,0.07390184700489044,0.10651895403862,0.0,5.0,
7414,6.8939619064331055,10.094395637512207,0.0,0.25409916043281555,0.08357244729995728,0.0,5.0,
7415,4.6190643310546875,9.88929557800293,0.014807462692260742,0.14791671931743622,0.08611628413200378,0.0,5.0,
7416,4.530233383178711,8.42796516418457,0.011567194946110249,0.14265863597393036,0.11462447792291641,0.0,5.0,
7417,4.225556373596191,9.990824699401855,7.929404819151387e-05,0.14877618849277496,0.07276677340269089,0.0,5.0,
7418,1.7963953018188477,9.296233177185059,0.0,0.04966358467936516,0.08008299022912979,0.0,5.0,
7419,2.91025447845459,9.325790405273438,0.0,0.0942472591996193,0.08642134815454483,0.0,5.0,
7420,2.267073631286621,10.844703674316406,0.0020745396614074707,0.06569952517747879,0.08628567308187485,0.0,5.0,
7421,4.747550010681152,10.297309875488281,0.0,0.16668136417865753,0.07507821917533875,0.0,5.0,
7422,3.3231658935546875,8.846549034118652,0.004075209144502878,0.10462160408496857,0.09367164969444275,0.0,5.0,
7423,4.795233726501465,8.845401763916016,0.039954621344804764,0.12648531794548035,0.10157562047243118,0.0,5.0,
7424,2.281405448913574,8.596415519714355,0.03330216929316521,0.03918612003326416,0.08054625988006592,0.0,5.0,
7425,5.9465436935424805,8.786057472229004,0.13736045360565186,0.07895683497190475,0.08179930597543716,0.0,5.0,
7426,3.536853790283203,9.29844856262207,0.0,0.11522713303565979,0.11701314896345139,0.0,5.0,
7427,4.973628997802734,8.277281761169434,0.11607939004898071,0.0658404529094696,0.06298572570085526,0.0,5.0,
7428,6.035880088806152,8.159150123596191,0.11397901922464371,0.10307639837265015,0.0977354645729065,0.0,5.0,
7429,3.3223772048950195,9.122583389282227,0.0642564669251442,0.050631094723939896,0.0754869356751442,0.0,5.0,
7430,2.341005325317383,8.518880844116211,0.009454508312046528,0.061087869107723236,0.09272625297307968,0.0,5.0,
7431,6.777956962585449,8.95297908782959,0.05113542079925537,0.20102865993976593,0.06842876225709915,0.0,5.0,
7432,3.2193498611450195,8.144765853881836,0.08401402086019516,0.021047141402959824,0.08991225808858871,0.0,5.0,
7433,3.4679174423217773,8.838641166687012,0.07943812757730484,0.04499781131744385,0.05703499913215637,0.0,5.0,
7434,5.089095115661621,9.063528060913086,0.0357411690056324,0.14448592066764832,0.09918730705976486,0.0,5.0,
7435,1.5925359725952148,8.183445930480957,0.026626745238900185,0.01588565483689308,0.07797925919294357,0.0,5.0,
7436,1.3810462951660156,8.804214477539062,0.0,0.03840241581201553,0.07145319879055023,0.0,5.0,
7437,3.3796262741088867,9.032305717468262,0.03050355054438114,0.08606266230344772,0.07533691078424454,0.0,5.0,
7438,5.4073662757873535,7.0422773361206055,0.08834181725978851,0.10216482728719711,0.11238058656454086,0.0,5.0,
7439,1.9691314697265625,8.07676887512207,0.013821284286677837,0.04606030508875847,0.07955538481473923,0.0,5.0,
7440,3.7692079544067383,9.008685111999512,0.03454967215657234,0.09507106989622116,0.09560517221689224,0.0,5.0,
7441,1.1966791152954102,9.210357666015625,0.0,0.0268242284655571,0.09027925878763199,0.0,5.0,
7442,6.273299217224121,8.298831939697266,0.06152476742863655,0.1663624346256256,0.09887775033712387,0.0,5.0,
7443,4.03623104095459,9.788049697875977,0.08516764640808105,0.05722971633076668,0.06444492191076279,0.0,5.0,
7444,3.2164382934570312,8.341595649719238,0.009147465229034424,0.09140174090862274,0.11308601498603821,0.0,5.0,
7445,5.021139144897461,9.409707069396973,0.04228900000452995,0.13390430808067322,0.0989384576678276,0.0,5.0,
7446,9.738192558288574,9.064247131347656,0.09528213739395142,0.27383118867874146,0.0859113335609436,0.0,5.0,
7447,7.180280685424805,8.70846939086914,0.03380123898386955,0.22447018325328827,0.12953509390354156,0.0,5.0,
7448,2.058588981628418,8.356669425964355,0.03220188617706299,0.025389686226844788,0.0964711606502533,0.0,5.0,
7449,3.2128524780273438,10.042704582214355,0.0,0.1009998768568039,0.11351507902145386,0.0,5.0,
7450,5.280865669250488,8.752829551696777,0.0414985828101635,0.15011891722679138,0.08184655755758286,0.0,5.0,
7451,3.4235754013061523,8.480365753173828,0.02215721271932125,0.09511888027191162,0.07920323312282562,0.0,5.0,
7452,2.7783565521240234,8.061835289001465,0.061407607048749924,0.03003723919391632,0.09000096470117569,0.0,5.0,
7453,3.459280014038086,10.060698509216309,0.016982754692435265,0.0988788828253746,0.08883105963468552,0.0,5.0,
7454,3.0689220428466797,8.276688575744629,0.0,0.10208097100257874,0.08436233550310135,0.0,5.0,
7455,1.916259765625,8.734010696411133,0.023073533549904823,0.029671933501958847,0.10484432429075241,0.0,5.0,
7456,2.275082588195801,8.183228492736816,0.04320822283625603,0.028737369924783707,0.0856679156422615,0.0,5.0,
7457,3.8153810501098633,8.130290985107422,0.007603704929351807,0.12548479437828064,0.0772252157330513,0.0,5.0,
7458,5.195784091949463,8.033458709716797,0.05934009701013565,0.1243203729391098,0.0941784679889679,0.0,5.0,
7459,1.395432949066162,7.668802261352539,0.01849897764623165,0.017439013347029686,0.08296804875135422,0.0,5.0,
7460,3.2109174728393555,9.469740867614746,0.044237036257982254,0.06274178624153137,0.08438321202993393,0.0,5.0,
7461,4.223546028137207,9.307567596435547,0.07275960594415665,0.0715523362159729,0.10133310407400131,0.0,5.0,
7462,4.593698501586914,9.417585372924805,0.107857346534729,0.05515351891517639,0.08149348944425583,0.0,5.0,
7463,2.7864856719970703,8.355774879455566,0.03952500969171524,0.049826353788375854,0.10229223966598511,0.0,5.0,
7464,2.6531667709350586,8.227167129516602,0.06670049577951431,0.014576524496078491,0.11346358060836792,0.0,5.0,
7465,6.364957809448242,10.11523723602295,0.044263582676649094,0.17843055725097656,0.1284797340631485,0.0,5.0,
7466,4.013068199157715,8.990666389465332,0.012550135143101215,0.12187023460865021,0.11819177865982056,0.0,5.0,
7467,5.824668884277344,9.326231956481934,0.0,0.20953404903411865,0.09526574611663818,0.0,5.0,
7468,2.165043830871582,8.275446891784668,0.02960216999053955,0.03446616604924202,0.0831930860877037,0.0,5.0,
7469,7.326798439025879,10.493159294128418,0.07642366737127304,0.19394642114639282,0.09518007189035416,0.0,5.0,
7470,2.4326658248901367,9.35026741027832,0.0035129983443766832,0.07121527194976807,0.10335170477628708,0.0,5.0,
7471,3.177938461303711,8.96489429473877,0.0,0.10485921800136566,0.09757106751203537,0.0,5.0,
7472,3.7092370986938477,8.820585250854492,0.046622950583696365,0.08412427455186844,0.07657010108232498,0.0,5.0,
7473,2.2900333404541016,11.117311477661133,0.053153831511735916,0.01450423151254654,0.07937350869178772,0.0,5.0,
7474,6.004166603088379,10.265525817871094,0.0,0.21906937658786774,0.08077812194824219,0.0,5.0,
7475,1.1422224044799805,9.654918670654297,0.0,0.02642948552966118,0.08269105851650238,0.0,5.0,
7476,5.275850296020508,9.814013481140137,0.15245066583156586,0.0341927744448185,0.10226398706436157,0.0,5.0,
7477,6.348043441772461,9.420589447021484,0.07122049480676651,0.16264761984348297,0.08211946487426758,0.0,5.0,
7478,5.204723358154297,10.361964225769043,0.0,0.1861218512058258,0.08377368003129959,0.0,5.0,
7479,2.616579055786133,9.33554458618164,0.0,0.07854775339365005,0.11826340109109879,0.0,5.0,
7480,2.776719093322754,9.220451354980469,0.05475735664367676,0.030218500643968582,0.12034668773412704,0.0,5.0,
7481,4.509346961975098,10.672749519348145,0.0156402587890625,0.14168331027030945,0.1062617376446724,0.0,5.0,
7482,3.041339874267578,8.580585479736328,0.06742499023675919,0.033628951758146286,0.08404585719108582,0.0,5.0,
7483,3.741840362548828,8.614960670471191,0.09034539759159088,0.03765633702278137,0.08774689584970474,0.0,5.0,
7484,5.73027229309082,9.20595645904541,0.13574016094207764,0.07014116644859314,0.10367212444543839,0.0,5.0,
7485,2.166126251220703,8.6815185546875,0.013303200714290142,0.054708562791347504,0.08513592928647995,0.0,5.0,
7486,3.3635120391845703,8.095394134521484,0.04894910007715225,0.06821136176586151,0.07159114629030228,0.0,5.0,
7487,3.1233835220336914,9.999743461608887,0.07217904180288315,0.030699830502271652,0.08544886112213135,0.0,5.0,
7488,7.005611419677734,10.41471004486084,0.03459775447845459,0.21872490644454956,0.09349793940782547,0.0,5.0,
7489,3.0710182189941406,9.346067428588867,0.024148643016815186,0.07529845833778381,0.08940300345420837,0.0,5.0,
7490,2.6181344985961914,8.639124870300293,0.011997024528682232,0.0725567638874054,0.08691984415054321,0.0,5.0,
7491,2.940563201904297,10.084145545959473,0.05501292273402214,0.03699193894863129,0.10110338777303696,0.0,5.0,
7492,3.9613142013549805,9.254013061523438,0.012224952690303326,0.12074507772922516,0.10755439847707748,0.0,5.0,
7493,2.1215600967407227,9.065284729003906,0.017871102318167686,0.04303140938282013,0.0904790535569191,0.0,5.0,
7494,6.103878974914551,10.33074951171875,0.0,0.21482570469379425,0.11502421647310257,0.0,5.0,
7495,7.074902534484863,9.438718795776367,0.007093191146850586,0.24601346254348755,0.11513928323984146,0.0,5.0,
7496,4.227520942687988,10.409933090209961,0.0,0.14309458434581757,0.09604156017303467,0.0,5.0,
7497,3.159176826477051,9.562993049621582,0.05423671007156372,0.04428168013691902,0.1219504252076149,0.0,5.0,
7498,4.314720153808594,11.386270523071289,0.0,0.14544422924518585,0.11249155551195145,0.0,5.0,
7499,1.613417625427246,10.262853622436523,0.0,0.0408112071454525,0.10249427706003189,0.0,5.0,
7500,5.101284980773926,11.50490665435791,0.0,0.18014411628246307,0.0934697687625885,0.0,5.0,"[1.1115758419036865, 1.3729270696640015, 1.2049777507781982]"
7501,1.6773242950439453,9.15860652923584,0.003215571166947484,0.04295052960515022,0.08586157113313675,0.0,5.0,
7502,8.044437408447266,10.171503067016602,0.0,0.2956600785255432,0.12249799817800522,0.0,5.0,
7503,2.7448949813842773,10.92174243927002,0.01324937678873539,0.07708016037940979,0.06865675002336502,0.0,5.0,
7504,3.9329538345336914,8.721611022949219,0.05383380129933357,0.07519438862800598,0.12106289714574814,0.0,5.0,
7505,3.0291595458984375,9.127659797668457,0.05957350879907608,0.04028034955263138,0.08865765482187271,0.0,5.0,
7506,3.1022205352783203,10.005903244018555,0.06405407190322876,0.03760787099599838,0.09849480539560318,0.0,5.0,
7507,4.329520225524902,8.562929153442383,0.0,0.14641450345516205,0.117459736764431,0.0,5.0,
7508,2.961977005004883,9.506861686706543,0.055218201130628586,0.03652406856417656,0.11189496517181396,0.0,5.0,
7509,3.067880630493164,9.332590103149414,0.0049898624420166016,0.09670232981443405,0.09056057780981064,0.0,5.0,
7510,3.1132097244262695,8.962504386901855,0.0430474691092968,0.05992770567536354,0.08993027359247208,0.0,5.0,
7511,2.533289909362793,10.152505874633789,0.013975302688777447,0.0639011561870575,0.09777551144361496,0.0,5.0,
7512,3.0660400390625,9.52110481262207,0.04258012771606445,0.061061762273311615,0.06992054730653763,0.0,5.0,
7513,6.939754486083984,9.275283813476562,0.15988847613334656,0.09754034876823425,0.07759454101324081,0.0,5.0,
7514,2.879232406616211,9.877046585083008,0.01235260535031557,0.07931479811668396,0.10351821035146713,0.0,5.0,
7515,2.3359460830688477,9.999627113342285,0.0,0.07211438566446304,0.09107347577810287,0.0,5.0,
7516,5.1580963134765625,10.519715309143066,0.05066724494099617,0.1356843113899231,0.06780096143484116,0.0,5.0,
7517,2.9333438873291016,9.906005859375,0.02657316066324711,0.06326092779636383,0.0994553193449974,0.0,5.0,
7518,6.261317253112793,11.189888000488281,0.04333462193608284,0.18536122143268585,0.08029983192682266,0.0,5.0,
7519,1.7309436798095703,10.966740608215332,0.014689226634800434,0.030534926801919937,0.10569950193166733,0.0,5.0,
7520,1.6807775497436523,9.79472827911377,0.010362525470554829,0.029998954385519028,0.10457050055265427,0.0,5.0,
7521,8.111933708190918,10.23853588104248,0.0,0.30130821466445923,0.09656763076782227,0.0,5.0,
7522,16.307762145996094,11.161982536315918,0.07198965549468994,0.5511634945869446,0.10304778814315796,0.0,5.0,
7523,2.5954971313476562,11.21189022064209,0.0,0.08359276503324509,0.09303350001573563,0.0,5.0,
7524,2.3277130126953125,10.533413887023926,0.0,0.0756455659866333,0.07630448788404465,0.0,5.0,
7525,4.709694862365723,9.582447052001953,0.05630495026707649,0.10208242386579514,0.09991993755102158,0.0,5.0,
7526,2.8497047424316406,10.004361152648926,0.043652672320604324,0.048160430043935776,0.08993929624557495,0.0,5.0,
7527,3.875316619873047,9.449674606323242,0.0007172822952270508,0.12833009660243988,0.11383196711540222,0.0,5.0,
7528,3.738910675048828,11.036083221435547,0.0,0.12511447072029114,0.08047795295715332,0.0,5.0,
7529,2.28951358795166,9.876090049743652,0.0,0.06295763701200485,0.12391401082277298,0.0,5.0,
7530,2.8302698135375977,9.387380599975586,0.04529688507318497,0.03899150341749191,0.12335285544395447,0.0,5.0,
7531,3.320805549621582,9.267586708068848,0.026256024837493896,0.08652214705944061,0.08666647225618362,0.0,5.0,
7532,3.686441421508789,8.325246810913086,0.04084670543670654,0.08184824138879776,0.10761161893606186,0.0,5.0,
7533,12.478175163269043,9.39724349975586,0.0,0.4778783917427063,0.075290746986866,0.0,5.0,
7534,4.303999900817871,8.710877418518066,0.08179827779531479,0.06719537079334259,0.10626106709241867,0.0,5.0,
7535,4.415716171264648,10.058899879455566,0.047387201339006424,0.10915528237819672,0.07649172097444534,0.0,5.0,
7536,4.3522443771362305,9.48408031463623,0.09885251522064209,0.0503922775387764,0.10381292551755905,0.0,5.0,
7537,5.132607460021973,8.881701469421387,0.05750793218612671,0.12261020392179489,0.10963332653045654,0.0,5.0,
7538,4.286843299865723,10.341277122497559,0.0,0.14480216801166534,0.10124208778142929,0.0,5.0,
7539,5.908176422119141,9.70947551727295,0.030267098918557167,0.18657279014587402,0.0817786380648613,0.0,5.0,
7540,1.8964920043945312,9.937931060791016,0.030687173828482628,0.023912625387310982,0.08617142587900162,0.0,5.0,
7541,3.2393321990966797,9.412480354309082,0.029459873214364052,0.07419299334287643,0.10107854753732681,0.0,5.0,
7542,3.5477094650268555,10.1535005569458,0.0,0.12002900242805481,0.08476199954748154,0.0,5.0,
7543,5.021919250488281,9.507769584655762,0.06802201271057129,0.10174069553613663,0.11127787828445435,0.0,5.0,
7544,1.2697124481201172,9.016535758972168,0.0033000309485942125,0.02025160938501358,0.09960564970970154,0.0,5.0,
7545,6.040046691894531,8.769532203674316,0.033089619129896164,0.1826915442943573,0.10742536932229996,0.0,5.0,
7546,3.5354928970336914,9.421415328979492,0.04574219509959221,0.0737573578953743,0.07848713546991348,0.0,5.0,
7547,2.2508974075317383,10.172526359558105,0.0,0.06243082135915756,0.09790283441543579,0.0,5.0,
7548,4.286465644836426,10.264106750488281,0.05200972035527229,0.09560684114694595,0.09132883697748184,0.0,5.0,
7549,2.671815872192383,10.24264907836914,0.0,0.08085614442825317,0.09896720200777054,0.0,5.0,
7550,4.988712310791016,11.518067359924316,0.02242632582783699,0.13568393886089325,0.13532507419586182,0.0,5.0,
7551,3.4489383697509766,9.930288314819336,0.030139684677124023,0.07710374891757965,0.11605476588010788,0.0,5.0,
7552,6.863799095153809,10.44262981414795,0.0,0.25021424889564514,0.09283440560102463,0.0,5.0,
7553,7.201886177062988,9.62773609161377,0.07306090742349625,0.189081609249115,0.09203525632619858,0.0,5.0,
7554,2.7472057342529297,10.420272827148438,0.01746932603418827,0.06449393928050995,0.11133688688278198,0.0,5.0,
7555,3.588984489440918,9.354877471923828,0.0034663875121623278,0.11953749507665634,0.0844101831316948,0.0,5.0,
7556,2.893866539001465,10.739123344421387,0.0860055461525917,0.006742545869201422,0.08366993814706802,0.0,5.0,
7557,4.886212348937988,9.588342666625977,0.07970285415649414,0.08631674200296402,0.10065609216690063,0.0,5.0,
7558,7.435565948486328,9.969545364379883,0.017005005851387978,0.25600314140319824,0.08593013882637024,0.0,5.0,
7559,5.0933380126953125,10.00991439819336,0.052024584263563156,0.13221590220928192,0.06778420507907867,0.0,5.0,
7560,5.014377593994141,9.391534805297852,0.07126488536596298,0.10554186254739761,0.09524089843034744,0.0,5.0,
7561,4.017601013183594,9.198458671569824,0.007764736656099558,0.12957163155078888,0.08323055505752563,0.0,5.0,
7562,1.6533536911010742,9.453315734863281,0.0,0.04070921987295151,0.0961994007229805,0.0,5.0,
7563,4.629758834838867,8.801344871520996,0.08944481611251831,0.07612298429012299,0.07782120257616043,0.0,5.0,
7564,2.7014331817626953,10.067728042602539,0.034950219094753265,0.047495558857917786,0.10366319864988327,0.0,5.0,
7565,3.985846519470215,11.031723976135254,0.033931076526641846,0.10177485644817352,0.09682825952768326,0.0,5.0,
7566,2.325897216796875,10.736956596374512,0.0,0.06989888846874237,0.09946320205926895,0.0,5.0,
7567,4.5399065017700195,8.698197364807129,0.0020222067832946777,0.15211349725723267,0.12359693646430969,0.0,5.0,
7568,2.0514917373657227,8.90831470489502,0.0,0.0588008314371109,0.09406229108572006,0.0,5.0,
7569,4.041934967041016,8.238533020019531,0.037652768194675446,0.10389984399080276,0.09420458227396011,0.0,5.0,
7570,5.2161712646484375,8.451053619384766,0.06147446483373642,0.12570874392986298,0.09222930669784546,0.0,5.0,
7571,3.799818992614746,10.788971900939941,0.032165687531232834,0.09517065435647964,0.0811569020152092,0.0,5.0,
7572,3.1817140579223633,10.344230651855469,0.043720345944166183,0.054983895272016525,0.10165557265281677,0.0,5.0,
7573,3.4076366424560547,8.870429992675781,0.06007250025868416,0.057999953627586365,0.07625041157007217,0.0,5.0,
7574,1.2693681716918945,8.450586318969727,0.0025222699623554945,0.026172690093517303,0.09995601326227188,0.0,5.0,
7575,4.415308952331543,10.267477989196777,0.023972252383828163,0.12809956073760986,0.09189307689666748,0.0,5.0,
7576,3.991535186767578,8.579085350036621,0.0176186952739954,0.12180350720882416,0.08088242262601852,0.0,5.0,
7577,4.367432594299316,10.079978942871094,0.01730944775044918,0.1316862255334854,0.10250409692525864,0.0,5.0,
7578,2.3512353897094727,8.618012428283691,0.0005162954330444336,0.06977351009845734,0.09913277626037598,0.0,5.0,
7579,2.95131778717041,9.478446960449219,0.03807369992136955,0.059973329305648804,0.08365437388420105,0.0,5.0,
7580,3.9728193283081055,9.49771785736084,0.019788702949881554,0.11677713692188263,0.08835329860448837,0.0,5.0,
7581,4.076478958129883,8.981688499450684,0.0,0.1433248519897461,0.07288552075624466,0.0,5.0,
7582,1.6803388595581055,9.727773666381836,0.0,0.04106036201119423,0.11297965794801712,0.0,5.0,
7583,4.935019493103027,8.004706382751465,0.010692398063838482,0.16634318232536316,0.09090665727853775,0.0,5.0,
7584,4.084323883056641,11.388938903808594,0.033039987087249756,0.11136391758918762,0.06940571963787079,0.0,5.0,
7585,2.230990409851074,10.8961763381958,0.014732678420841694,0.04979325085878372,0.09481251984834671,0.0,5.0,
7586,1.675612449645996,10.610607147216797,0.026359399780631065,0.017426632344722748,0.09214237332344055,0.0,5.0,
7587,3.338947296142578,8.954689979553223,0.06471848487854004,0.049068305641412735,0.0772390142083168,0.0,5.0,
7588,3.136599540710449,9.922637939453125,0.027884701266884804,0.0664098784327507,0.13267552852630615,0.0,5.0,
7589,4.141382217407227,9.24431037902832,0.0027226607780903578,0.13942836225032806,0.09683863073587418,0.0,5.0,
7590,1.807485580444336,10.828779220581055,0.020074844360351562,0.031240694224834442,0.08727684617042542,0.0,5.0,
7591,9.225687026977539,9.557648658752441,0.04075753688812256,0.29890039563179016,0.12382733076810837,0.0,5.0,
7592,4.3192243576049805,10.211660385131836,0.0,0.14357759058475494,0.11263814568519592,0.0,5.0,
7593,7.22440242767334,11.007129669189453,0.0,0.26523178815841675,0.08861727267503738,0.0,5.0,
7594,1.8873682022094727,9.492464065551758,0.029279252514243126,0.022017188370227814,0.09500580281019211,0.0,5.0,
7595,4.995171546936035,9.888944625854492,0.13232333958148956,0.037897203117609024,0.11299597471952438,0.0,5.0,
7596,5.673859596252441,10.541271209716797,8.51750373840332e-05,0.20953796803951263,0.07273036241531372,0.0,5.0,
7597,5.156865119934082,10.147795677185059,0.09126152098178864,0.0961063802242279,0.08294042199850082,0.0,5.0,
7598,3.5979785919189453,10.874404907226562,0.07614477723836899,0.04683448374271393,0.08214543014764786,0.0,5.0,
7599,1.927748680114746,9.692462921142578,0.0,0.05553461238741875,0.0942268893122673,0.0,5.0,
7600,4.6491594314575195,10.48801040649414,0.0,0.1629023253917694,0.09721273183822632,0.0,5.0,
7601,7.272735595703125,11.878327369689941,0.012860854156315327,0.25249236822128296,0.10064774751663208,0.0,5.0,
7602,7.370863914489746,11.363801956176758,0.0,0.2698822617530823,0.08680372685194016,0.0,5.0,
7603,5.598311424255371,10.003546714782715,0.011169691570103168,0.18921025097370148,0.08346614986658096,0.0,5.0,
7604,6.128266334533691,10.04076862335205,0.04502991959452629,0.1830834448337555,0.0635037049651146,0.0,5.0,
7605,5.417054176330566,10.512052536010742,0.12674817442893982,0.06705838441848755,0.09440428018569946,0.0,5.0,
7606,2.5554065704345703,8.899129867553711,0.03553984686732292,0.03772358596324921,0.1164817214012146,0.0,5.0,
7607,2.9138498306274414,9.594673156738281,0.0,0.09349402040243149,0.09940606355667114,0.0,5.0,
7608,3.813823699951172,9.415836334228516,0.03580506518483162,0.09585942327976227,0.08705869317054749,0.0,5.0,
7609,5.173521041870117,8.80063247680664,0.036593079566955566,0.14941105246543884,0.08111955970525742,0.0,5.0,
7610,2.7768335342407227,10.149393081665039,0.0,0.08948598802089691,0.08392292261123657,0.0,5.0,
7611,3.9560546875,9.745144844055176,0.10731564462184906,0.03085397183895111,0.07017543166875839,0.0,5.0,
7612,6.310739517211914,9.18692398071289,0.15517202019691467,0.07893455028533936,0.07919373363256454,0.0,5.0,
7613,1.2264957427978516,8.864721298217773,0.0,0.03224135562777519,0.05833614990115166,0.0,5.0,
7614,5.17071533203125,9.414790153503418,0.10186431556940079,0.0835217535495758,0.08454345911741257,0.0,5.0,
7615,1.7467479705810547,8.55601692199707,0.030811268836259842,0.018334588035941124,0.0913582369685173,0.0,5.0,
7616,5.3003435134887695,8.8448486328125,0.12556371092796326,0.06358267366886139,0.08538872003555298,0.0,5.0,
7617,2.928370475769043,8.530231475830078,0.052583713084459305,0.045795466750860214,0.07703191041946411,0.0,5.0,
7618,1.2687463760375977,8.995447158813477,0.01660422421991825,0.016173291951417923,0.07839687913656235,0.0,5.0,
7619,5.537951469421387,9.38676929473877,0.14128808677196503,0.057712480425834656,0.10010667890310287,0.0,5.0,
7620,1.6973953247070312,9.683199882507324,0.0,0.04613719508051872,0.07982350140810013,0.0,5.0,
7621,5.820679664611816,8.662930488586426,0.0,0.20809966325759888,0.11389059573411942,0.0,5.0,
7622,3.095963478088379,8.507794380187988,0.06940823793411255,0.03142461180686951,0.08698370307683945,0.0,5.0,
7623,3.0119733810424805,8.91544246673584,0.022288700565695763,0.07429882138967514,0.09900689125061035,0.0,5.0,
7624,5.545034408569336,9.128300666809082,0.020536860451102257,0.1698448210954666,0.14255128800868988,0.0,5.0,
7625,1.6212177276611328,9.683046340942383,0.018108347430825233,0.022536611184477806,0.10854563862085342,0.0,5.0,
7626,4.766990661621094,8.500544548034668,0.052548449486494064,0.1176663190126419,0.07918012887239456,0.0,5.0,
7627,0.9864749908447266,9.919966697692871,0.00831333827227354,0.013152163475751877,0.07559791952371597,0.0,5.0,
7628,8.054533004760742,7.499156475067139,0.053923070430755615,0.2500927448272705,0.0828336551785469,0.0,5.0,
7629,3.94161319732666,9.942959785461426,0.035774290561676025,0.09733027219772339,0.09733527153730392,0.0,5.0,
7630,3.881375312805176,9.532848358154297,0.004128694534301758,0.12577098608016968,0.10685690492391586,0.0,5.0,
7631,3.447453498840332,9.026002883911133,0.037913303822278976,0.07882097363471985,0.09026380628347397,0.0,5.0,
7632,6.145089149475098,10.17920207977295,0.0,0.21806545555591583,0.12062874436378479,0.0,5.0,
7633,5.899105072021484,9.3699951171875,0.0,0.20561116933822632,0.12131237983703613,0.0,5.0,
7634,5.353179931640625,9.892693519592285,0.019691726192831993,0.1727912575006485,0.09301605075597763,0.0,5.0,
7635,5.835450172424316,9.568702697753906,0.05242190882563591,0.15854094922542572,0.09295663982629776,0.0,5.0,
7636,4.344358444213867,10.239579200744629,0.020383834838867188,0.1315140426158905,0.08578228950500488,0.0,5.0,
7637,2.501204490661621,10.449310302734375,0.004935125354677439,0.07324899733066559,0.08030010014772415,0.0,5.0,
7638,3.8542537689208984,9.202042579650879,0.08881858736276627,0.03920771926641464,0.10995105654001236,0.0,5.0,
7639,4.547069549560547,9.56874942779541,0.005268553737550974,0.15212050080299377,0.11155151575803757,0.0,5.0,
7640,5.246397972106934,9.148950576782227,0.0898304134607315,0.0970621332526207,0.09704922884702682,0.0,5.0,
7641,3.639465808868408,7.854868412017822,0.0,0.12118754535913467,0.10685835033655167,0.0,5.0,
7642,6.41892147064209,9.938337326049805,0.0,0.2245149463415146,0.14077281951904297,0.0,5.0,
7643,1.873870849609375,10.623528480529785,0.003766000270843506,0.04235874116420746,0.1183745488524437,0.0,5.0,
7644,4.314874649047852,9.849686622619629,0.0,0.15244507789611816,0.0770699754357338,0.0,5.0,
7645,5.810163497924805,9.738851547241211,0.0,0.2106645554304123,0.09376493841409683,0.0,5.0,
7646,7.042342185974121,10.02027702331543,0.034353356808423996,0.2230977714061737,0.10606979578733444,0.0,5.0,
7647,4.0182342529296875,8.749646186828613,0.028392115607857704,0.11089101433753967,0.086393803358078,0.0,5.0,
7648,3.571080207824707,9.850927352905273,0.0,0.12415636330842972,0.08017482608556747,0.0,5.0,
7649,4.824362754821777,9.33203411102295,0.07539547979831696,0.09680785238742828,0.08494559675455093,0.0,5.0,
7650,5.178555488586426,9.077890396118164,0.09332962334156036,0.09524437040090561,0.07076481729745865,0.0,5.0,
7651,3.0503482818603516,9.402718544006348,0.007903735153377056,0.09764472395181656,0.06971736252307892,0.0,5.0,
7652,2.958592414855957,9.232063293457031,0.0779421329498291,0.021959442645311356,0.06430283933877945,0.0,5.0,
7653,4.051589012145996,9.345327377319336,0.006289263721555471,0.13815370202064514,0.07409748435020447,0.0,5.0,
7654,2.624730110168457,8.315670013427734,0.019343635067343712,0.0646047443151474,0.08094639331102371,0.0,5.0,
7655,3.721038818359375,10.398250579833984,0.09134622663259506,0.03418614715337753,0.08966007083654404,0.0,5.0,
7656,3.759807586669922,8.057547569274902,0.0,0.1300007402896881,0.08866298198699951,0.0,5.0,
7657,6.8771562576293945,8.179369926452637,0.09629249572753906,0.15991947054862976,0.0744650587439537,0.0,5.0,
7658,2.499903678894043,9.757513046264648,0.0,0.08117421716451645,0.07482274621725082,0.0,5.0,
7659,5.58613395690918,9.684514045715332,0.0698394775390625,0.1339513212442398,0.07103417068719864,0.0,5.0,
7660,3.163726806640625,9.598804473876953,0.010395050048828125,0.09372158348560333,0.07661966979503632,0.0,5.0,
7661,4.3307905197143555,9.191795349121094,0.07515513896942139,0.07620278000831604,0.09042736142873764,0.0,5.0,
7662,2.759183883666992,9.319770812988281,0.03911105915904045,0.05235829949378967,0.05703609064221382,0.0,5.0,
7663,5.837799072265625,8.988813400268555,0.04906868934631348,0.16357630491256714,0.09147030115127563,0.0,5.0,
7664,2.9744672775268555,9.11464786529541,0.0,0.10120563954114914,0.06420404464006424,0.0,5.0,
7665,5.212238311767578,9.408587455749512,0.0289319958537817,0.15453465282917023,0.10918921232223511,0.0,5.0,
7666,2.034823417663574,9.526902198791504,0.02766595222055912,0.032670702785253525,0.059153806418180466,0.0,5.0,
7667,7.050655841827393,7.86028528213501,0.033923644572496414,0.2297120839357376,0.07825130969285965,0.0,5.0,
7668,0.7089958190917969,8.816823959350586,0.0,0.0123714879155159,0.07188165932893753,0.0,5.0,
7669,5.436551094055176,8.151179313659668,0.004042068962007761,0.19166959822177887,0.09733099490404129,0.0,5.0,
7670,3.35207462310791,9.120205879211426,0.08465158939361572,0.029840385541319847,0.06885380297899246,0.0,5.0,
7671,2.901172161102295,7.733238220214844,0.057398002594709396,0.04012740030884743,0.07415028661489487,0.0,5.0,
7672,2.243147850036621,9.129693031311035,0.0,0.07025890052318573,0.07759790867567062,0.0,5.0,
7673,2.4109230041503906,8.455092430114746,0.013439576141536236,0.05960724502801895,0.09105973690748215,0.0,5.0,
7674,1.9792146682739258,9.16224193572998,0.033015865832567215,0.023109763860702515,0.08476698398590088,0.0,5.0,
7675,2.528985023498535,8.718255043029785,0.04919161647558212,0.036636997014284134,0.05989297106862068,0.0,5.0,
7676,2.8650126457214355,7.9998064041137695,0.05721380189061165,0.032636500895023346,0.10060057789087296,0.0,5.0,
7677,4.308943748474121,10.954056739807129,0.011404752731323242,0.13549885153770447,0.09250447154045105,0.0,5.0,
7678,2.9379968643188477,9.71476936340332,0.038529492914676666,0.057152602821588516,0.09384117275476456,0.0,5.0,
7679,6.010828018188477,9.322501182556152,0.05454973503947258,0.16412395238876343,0.09199422597885132,0.0,5.0,
7680,3.597177505493164,8.62535285949707,0.027213534340262413,0.08903227001428604,0.10690835863351822,0.0,5.0,
7681,3.079209327697754,8.863649368286133,0.03830872103571892,0.06489032506942749,0.09283218532800674,0.0,5.0,
7682,1.9344425201416016,9.187253952026367,0.018275776877999306,0.03244201838970184,0.1130184531211853,0.0,5.0,
7683,2.2854442596435547,9.705286979675293,0.014345546253025532,0.05073946341872215,0.11791212111711502,0.0,5.0,
7684,1.729231834411621,10.617463111877441,0.012500564567744732,0.028315851464867592,0.112894207239151,0.0,5.0,
7685,4.477201461791992,9.911813735961914,0.0,0.15347297489643097,0.10773193091154099,0.0,5.0,
7686,2.332045555114746,11.143508911132812,0.011813799850642681,0.06565417349338531,0.05464350804686546,0.0,5.0,
7687,4.0849809646606445,10.501382827758789,0.0015384554862976074,0.1404145359992981,0.08941449970006943,0.0,5.0,
7688,6.211050987243652,8.618816375732422,0.0065734186209738255,0.22055260837078094,0.08427271246910095,0.0,5.0,
7689,3.8162689208984375,9.04736328125,0.07107891887426376,0.057343266904354095,0.07740402221679688,0.0,5.0,
7690,6.349076271057129,9.390090942382812,0.05861141160130501,0.1726389229297638,0.08020272850990295,0.0,5.0,
7691,3.436274528503418,10.099998474121094,0.033849816769361496,0.08185753971338272,0.08593148738145828,0.0,5.0,
7692,4.658010482788086,8.986324310302734,0.01576838828623295,0.14315006136894226,0.10262945294380188,0.0,5.0,
7693,2.1449661254882812,10.839001655578613,0.0322631411254406,0.0291619710624218,0.10544266551733017,0.0,5.0,
7694,1.402298927307129,9.005524635314941,0.0,0.03195732831954956,0.10348278284072876,0.0,5.0,
7695,3.5569515228271484,9.529491424560547,0.03952491283416748,0.08093013614416122,0.0759546235203743,0.0,5.0,
7696,9.7410306930542,10.436945915222168,0.02782805822789669,0.3370145857334137,0.10336675494909286,0.0,5.0,
7697,4.770190238952637,9.985639572143555,0.04085089638829231,0.12818366289138794,0.07712452858686447,0.0,5.0,
7698,3.146855354309082,11.657513618469238,0.0,0.09184323996305466,0.1185840368270874,0.0,5.0,
7699,4.936567306518555,9.002584457397461,0.029416322708129883,0.14536152780056,0.09143833070993423,0.0,5.0,
7700,5.3130693435668945,8.736690521240234,0.012521783821284771,0.17635807394981384,0.0941862240433693,0.0,5.0,
7701,7.568879127502441,8.912766456604004,0.10581839084625244,0.17733176052570343,0.07562791556119919,0.0,5.0,
7702,5.440803527832031,7.846793174743652,0.003203352214768529,0.191809743642807,0.09319566935300827,0.0,5.0,
7703,5.814021110534668,9.227927207946777,0.1023024320602417,0.109990693628788,0.08194056153297424,0.0,5.0,
7704,5.536627769470215,8.22792911529541,0.000932157039642334,0.1947406828403473,0.11445969343185425,0.0,5.0,
7705,2.5409727096557617,8.621634483337402,0.030659794807434082,0.05012240260839462,0.07896739989519119,0.0,5.0,
7706,1.911707878112793,8.305623054504395,0.0001867214887170121,0.058859117329120636,0.0731181874871254,0.0,5.0,
7707,4.2628889083862305,9.334555625915527,0.09846621751785278,0.05132373422384262,0.07367982715368271,0.0,5.0,
7708,3.9581871032714844,8.640657424926758,0.10952106863260269,0.023297961801290512,0.11604657769203186,0.0,5.0,
7709,3.736196517944336,8.762094497680664,0.04068775847554207,0.0859706923365593,0.09102586656808853,0.0,5.0,
7710,2.7753419876098633,9.224754333496094,0.045745331794023514,0.047615788877010345,0.06841664016246796,0.0,5.0,
7711,5.9565277099609375,8.31729507446289,0.00807239580899477,0.21089300513267517,0.08336538076400757,0.0,5.0,
7712,6.312249660491943,8.065930366516113,0.022428175434470177,0.20357070863246918,0.11317072063684464,0.0,5.0,
7713,5.650088787078857,7.735716342926025,0.0792585015296936,0.1223485916852951,0.11171632260084152,0.0,5.0,
7714,6.932137489318848,9.252057075500488,0.05948978662490845,0.194886714220047,0.09582784026861191,0.0,5.0,
7715,4.519835472106934,8.659050941467285,0.0781140923500061,0.08144742250442505,0.08048005402088165,0.0,5.0,
7716,2.10799503326416,9.62065315246582,0.009334961883723736,0.051157884299755096,0.10137233883142471,0.0,5.0,
7717,4.596393585205078,9.790756225585938,0.0,0.16279400885105133,0.08743643760681152,0.0,5.0,
7718,3.7232375144958496,7.804015159606934,0.013537307269871235,0.11596754193305969,0.081413134932518,0.0,5.0,
7719,5.325139045715332,7.17586612701416,0.13064755499362946,0.06204964593052864,0.08461043983697891,0.0,5.0,
7720,7.416001319885254,8.658092498779297,0.2101367563009262,0.0665060505270958,0.08690694719552994,0.0,5.0,
7721,4.180798530578613,9.370096206665039,0.04876595735549927,0.09810446202754974,0.07511194050312042,0.0,5.0,
7722,2.2506208419799805,8.410553932189941,0.03687898442149162,0.030931200832128525,0.09973744302988052,0.0,5.0,
7723,2.528326988220215,9.660059928894043,0.030597010627388954,0.04753779247403145,0.09260750561952591,0.0,5.0,
7724,3.878480911254883,9.236337661743164,0.012274165637791157,0.11876554787158966,0.11124762147665024,0.0,5.0,
7725,5.9325666427612305,8.941581726074219,0.0,0.21278387308120728,0.10138336569070816,0.0,5.0,
7726,2.8240890502929688,10.294865608215332,0.0339123010635376,0.055766329169273376,0.09644309431314468,0.0,5.0,
7727,2.567685127258301,8.565228462219238,0.0,0.08127181231975555,0.08423784375190735,0.0,5.0,
7728,2.4565744400024414,8.643929481506348,0.02379288338124752,0.05422774702310562,0.08510074019432068,0.0,5.0,
7729,1.9423017501831055,9.868102073669434,0.0,0.05822161212563515,0.07884287089109421,0.0,5.0,
7730,6.179800033569336,9.39958667755127,0.10288629680871964,0.12410426139831543,0.09030270576477051,0.0,5.0,
7731,2.479991912841797,9.487616539001465,0.03469375520944595,0.0429224967956543,0.0949828028678894,0.0,5.0,
7732,3.182760238647461,9.207290649414062,0.06471987068653107,0.04003981500864029,0.08923682570457458,0.0,5.0,
7733,1.2458934783935547,9.765774726867676,0.0,0.025917503982782364,0.11156948655843735,0.0,5.0,
7734,6.52231502532959,9.797104835510254,0.06527503579854965,0.1693500578403473,0.10548901557922363,0.0,5.0,
7735,1.939539909362793,10.549962043762207,0.019586840644478798,0.036607615649700165,0.09592481702566147,0.0,5.0,
7736,6.532910346984863,11.503551483154297,0.04718361422419548,0.1873336285352707,0.10704895853996277,0.0,5.0,
7737,3.0067338943481445,9.859960556030273,0.07267417758703232,0.023205485194921494,0.0952286496758461,0.0,5.0,
7738,7.786828994750977,10.144006729125977,0.016193628311157227,0.2763451337814331,0.07574263960123062,0.0,5.0,
7739,4.3770952224731445,10.47732162475586,0.0,0.1520024836063385,0.09606564044952393,0.0,5.0,
7740,6.346369743347168,10.173640251159668,0.12483769655227661,0.10196278244256973,0.10632315278053284,0.0,5.0,
7741,9.054940223693848,10.103913307189941,0.006433685775846243,0.3365115523338318,0.0855390653014183,0.0,5.0,
7742,2.7034215927124023,10.13539981842041,0.016040384769439697,0.06754131615161896,0.11083044856786728,0.0,5.0,
7743,3.697140693664551,9.992778778076172,0.06427647918462753,0.06072842329740524,0.09496777504682541,0.0,5.0,
7744,8.496419906616211,10.488086700439453,0.11833515018224716,0.19732066988945007,0.08321952074766159,0.0,5.0,
7745,5.381880760192871,9.575035095214844,0.13038018345832825,0.06306850165128708,0.08898109942674637,0.0,5.0,
7746,4.484979629516602,9.670158386230469,0.08245819807052612,0.07213835418224335,0.09281182289123535,0.0,5.0,
7747,5.793267250061035,8.698962211608887,0.08291492611169815,0.1285156011581421,0.08872603625059128,0.0,5.0,
7748,6.3456621170043945,9.462849617004395,0.03671087697148323,0.19703617691993713,0.0851047933101654,0.0,5.0,
7749,3.8742265701293945,10.686705589294434,0.05738401412963867,0.07558990269899368,0.07920490205287933,0.0,5.0,
7750,9.283036231994629,10.16720962524414,0.190248504281044,0.15507064759731293,0.09999803453683853,0.0,5.0,
7751,2.3505449295043945,10.029458045959473,0.06449279934167862,0.0041649662889540195,0.08923453837633133,0.0,5.0,
7752,8.228510856628418,9.766225814819336,0.09739261865615845,0.2072041928768158,0.10140242427587509,0.0,5.0,
7753,3.5545082092285156,9.925540924072266,0.029228786006569862,0.09188290685415268,0.09187903255224228,0.0,5.0,
7754,3.017038345336914,9.890347480773926,0.03814542293548584,0.058823488652706146,0.09570445865392685,0.0,5.0,
7755,3.8036680221557617,10.2355375289917,0.10464614629745483,0.03173559904098511,0.07079935073852539,0.0,5.0,
7756,3.647698402404785,9.232309341430664,0.05700761079788208,0.06894278526306152,0.08244351297616959,0.0,5.0,
7757,2.2757463455200195,8.263233184814453,0.025200465694069862,0.043251026421785355,0.08198495954275131,0.0,5.0,
7758,5.128294944763184,10.888407707214355,0.0,0.17968793213367462,0.09427497535943985,0.0,5.0,
7759,4.981634140014648,8.354069709777832,0.04364005848765373,0.12859123945236206,0.12212864309549332,0.0,5.0,
7760,2.952254295349121,9.24293041229248,0.01285348366945982,0.07884246855974197,0.10209683328866959,0.0,5.0,
7761,2.7476701736450195,11.173288345336914,0.015261570923030376,0.07016478478908539,0.07678037136793137,0.0,5.0,
7762,5.687952995300293,9.4354829788208,0.0,0.2035602331161499,0.10108355432748795,0.0,5.0,
7763,21.211687088012695,10.599246978759766,0.013112902641296387,0.8082830905914307,0.11851940304040909,0.0,5.0,
7764,3.081939697265625,10.967658996582031,0.009010235778987408,0.09156864881515503,0.0965438112616539,0.0,5.0,
7765,2.053190231323242,9.452988624572754,0.010062694549560547,0.04503583535552025,0.11660639196634293,0.0,5.0,
7766,3.456597328186035,8.31963062286377,0.013335883617401123,0.097198486328125,0.10689320415258408,0.0,5.0,
7767,2.6379098892211914,11.01082706451416,0.009670376777648926,0.0708593875169754,0.10358066111803055,0.0,5.0,
7768,1.6434297561645508,9.89003849029541,0.0,0.03911213204264641,0.10613550990819931,0.0,5.0,
7769,1.503927230834961,9.260652542114258,0.0,0.03319252282381058,0.12501686811447144,0.0,5.0,
7770,7.329148292541504,9.015700340270996,0.12472611665725708,0.14849917590618134,0.09089144319295883,0.0,5.0,
7771,3.3612966537475586,9.02811336517334,0.011088748462498188,0.10209470242261887,0.08471343666315079,0.0,5.0,
7772,3.9965038299560547,10.097183227539062,0.0,0.13596703112125397,0.09551474452018738,0.0,5.0,
7773,1.954716682434082,9.364041328430176,0.020192325115203857,0.03418976813554764,0.1106920838356018,0.0,5.0,
7774,4.084342002868652,9.818099975585938,0.08339416980743408,0.05129410699009895,0.11953079700469971,0.0,5.0,
7775,4.567720413208008,9.534089088439941,0.015606720931828022,0.14356425404548645,0.09950637817382812,0.0,5.0,
7776,2.425295829772949,9.082006454467773,0.035152871161699295,0.031301021575927734,0.1394813507795334,0.0,5.0,
7777,2.9319992065429688,9.017851829528809,0.013101776130497456,0.08227944374084473,0.09313314408063889,0.0,5.0,
7778,4.095170974731445,8.852322578430176,0.07722866535186768,0.058771125972270966,0.1293073296546936,0.0,5.0,
7779,3.57956600189209,8.929200172424316,0.03296281769871712,0.08262142539024353,0.12189925462007523,0.0,5.0,
7780,5.98123836517334,9.251708030700684,0.07029791921377182,0.1479613482952118,0.08803818374872208,0.0,5.0,
7781,1.9129152297973633,9.663528442382812,0.0023422439116984606,0.04744601622223854,0.10103932023048401,0.0,5.0,
7782,4.392687797546387,9.74345588684082,0.0,0.15346841514110565,0.10288365930318832,0.0,5.0,
7783,2.049823760986328,10.360533714294434,0.0,0.058151207864284515,0.09109559655189514,0.0,5.0,
7784,7.938370704650879,9.871127128601074,0.22248701751232147,0.07190051674842834,0.08862315863370895,0.0,5.0,
7785,5.915981292724609,9.776690483093262,0.034249067306518555,0.181260347366333,0.07584768533706665,0.0,5.0,
7786,2.0777883529663086,9.579416275024414,0.0023452441673725843,0.04783311113715172,0.09308744221925735,0.0,5.0,
7787,4.2547149658203125,9.530181884765625,0.026647469028830528,0.12096545100212097,0.09291201829910278,0.0,5.0,
7788,1.6082324981689453,8.475189208984375,4.4604141294257715e-05,0.04262026399374008,0.08463688939809799,0.0,5.0,
7789,1.7485923767089844,8.968131065368652,0.0,0.047366976737976074,0.09827779978513718,0.0,5.0,
7790,3.3225221633911133,8.808070182800293,0.011094649322330952,0.09920534491539001,0.08788023144006729,0.0,5.0,
7791,2.9844770431518555,8.828615188598633,0.013001720421016216,0.08010698854923248,0.10963348299264908,0.0,5.0,
7792,11.718794822692871,9.798577308654785,0.0,0.439994215965271,0.08575326949357986,0.0,5.0,
7793,5.7426042556762695,9.068498611450195,0.08019199222326279,0.12532512843608856,0.08943634480237961,0.0,5.0,
7794,3.2469353675842285,7.814146518707275,0.0644497498869896,0.04417165741324425,0.07979222387075424,0.0,5.0,
7795,1.4673824310302734,8.739572525024414,0.0,0.03811584785580635,0.0870295837521553,0.0,5.0,
7796,6.545839309692383,8.252964973449707,0.20653937757015228,0.03249413147568703,0.0836939737200737,0.0,5.0,
7797,1.5913047790527344,8.359993934631348,0.020536163821816444,0.026645146310329437,0.0728936418890953,0.0,5.0,
7798,7.023648262023926,9.226801872253418,0.12517625093460083,0.1376081109046936,0.07632684707641602,0.0,5.0,
7799,2.0779380798339844,8.248039245605469,0.0,0.06522218137979507,0.07062818855047226,0.0,5.0,
7800,4.99055290222168,8.742231369018555,0.03250241279602051,0.1424473077058792,0.10526295751333237,0.0,5.0,
7801,7.455300807952881,7.796313762664795,0.06531550735235214,0.21065378189086914,0.09640633314847946,0.0,5.0,
7802,4.53466796875,9.289735794067383,0.04432952404022217,0.11225198954343796,0.11022204160690308,0.0,5.0,
7803,2.46970272064209,9.480268478393555,0.0,0.07378152012825012,0.10114198923110962,0.0,5.0,
7804,2.5960769653320312,8.698508262634277,0.06446512043476105,0.01972346194088459,0.08807238191366196,0.0,5.0,
7805,9.288300514221191,9.288798332214355,0.2241716980934143,0.12595650553703308,0.08897147327661514,0.0,5.0,
7806,5.0886921882629395,7.79403018951416,0.08288682997226715,0.09827384352684021,0.08824760466814041,0.0,5.0,
7807,4.147557258605957,8.701725959777832,0.10994098335504532,0.03752875328063965,0.07739148288965225,0.0,5.0,
7808,1.7469940185546875,9.071246147155762,0.011917074210941792,0.035590674728155136,0.08081867545843124,0.0,5.0,
7809,3.2168989181518555,8.825154304504395,0.0892442837357521,0.01450454443693161,0.10250338912010193,0.0,5.0,
7810,2.038228988647461,8.546181678771973,0.013788302429020405,0.046654995530843735,0.09465733170509338,0.0,5.0,
7811,3.7390804290771484,9.377863883972168,0.0,0.12190382182598114,0.10852083563804626,0.0,5.0,
7812,3.821483612060547,10.125814437866211,0.0398942232131958,0.0898602083325386,0.09148114174604416,0.0,5.0,
7813,4.354386329650879,8.925174713134766,0.035130877047777176,0.11451499164104462,0.0936131700873375,0.0,5.0,
7814,4.735208511352539,8.94276237487793,0.05903734639286995,0.10304660350084305,0.1041807308793068,0.0,5.0,
7815,6.157949447631836,9.41042423248291,0.10687512159347534,0.11815372854471207,0.07239187508821487,0.0,5.0,
7816,4.1188507080078125,10.042174339294434,0.05513538792729378,0.08676035702228546,0.08722653239965439,0.0,5.0,
7817,5.892778396606445,8.173437118530273,0.009860058315098286,0.20005181431770325,0.1028631255030632,0.0,5.0,
7818,7.39094352722168,8.279282569885254,0.19847820699214935,0.07193657755851746,0.09003311395645142,0.0,5.0,
7819,2.863492012023926,8.65918254852295,0.02433878183364868,0.061437368392944336,0.10471457988023758,0.0,5.0,
7820,3.517627716064453,9.297019004821777,0.006108561996370554,0.11077064275741577,0.09607978910207748,0.0,5.0,
7821,7.793143272399902,9.953973770141602,0.11637914180755615,0.16626417636871338,0.10218536853790283,0.0,5.0,
7822,4.656628608703613,9.421982765197754,0.027634480968117714,0.12669143080711365,0.11861643195152283,0.0,5.0,
7823,4.212347030639648,9.0722074508667,0.0,0.14600211381912231,0.09987745434045792,0.0,5.0,
7824,5.309883117675781,9.1761474609375,0.034850120544433594,0.1530986726284027,0.10011941194534302,0.0,5.0,
7825,4.134883880615234,9.425773620605469,0.07018395513296127,0.07188019156455994,0.08239630609750748,0.0,5.0,
7826,3.4083251953125,9.900581359863281,0.0,0.11025992780923843,0.1185981035232544,0.0,5.0,
7827,7.982769966125488,9.795915603637695,0.18421855568885803,0.10521630942821503,0.13655318319797516,0.0,5.0,
7828,4.754085540771484,9.487668991088867,0.05426432564854622,0.10535172373056412,0.13812138140201569,0.0,5.0,
7829,5.577942371368408,7.6396613121032715,0.061893440783023834,0.133887380361557,0.1114133968949318,0.0,5.0,
7830,4.497200965881348,8.702276229858398,0.06770934909582138,0.0881837010383606,0.09938883036375046,0.0,5.0,
7831,9.387040138244629,10.42184066772461,0.036989014595746994,0.3139139413833618,0.09799864143133163,0.0,5.0,
7832,2.8696279525756836,10.258822441101074,0.0,0.08707235753536224,0.12291127443313599,0.0,5.0,
7833,7.135349273681641,8.242717742919922,0.10959557443857193,0.15570764243602753,0.08435145765542984,0.0,5.0,
7834,4.3867597579956055,10.409038543701172,0.14160069823265076,0.01211216114461422,0.08601132035255432,0.0,5.0,
7835,2.654308319091797,9.539644241333008,0.010849754326045513,0.07525039464235306,0.08426105976104736,0.0,5.0,
7836,3.303983688354492,9.071305274963379,0.00022935867309570312,0.1075965091586113,0.09852743148803711,0.0,5.0,
7837,3.317540168762207,9.569718360900879,0.015400886535644531,0.09396806359291077,0.10118771344423294,0.0,5.0,
7838,4.5183515548706055,9.365605354309082,0.059954684227705,0.09982551634311676,0.08582169562578201,0.0,5.0,
7839,5.0347442626953125,10.300750732421875,0.01756574772298336,0.16230334341526031,0.08194144815206528,0.0,5.0,
7840,5.091513633728027,8.562711715698242,0.06414745002985,0.11858372390270233,0.09156475216150284,0.0,5.0,
7841,3.79110050201416,8.689493179321289,0.0,0.1317378729581833,0.09469592571258545,0.0,5.0,
7842,1.8317651748657227,9.279829025268555,0.0,0.0519547313451767,0.08927913755178452,0.0,5.0,
7843,3.356039047241211,11.056655883789062,0.059538185596466064,0.05249194800853729,0.09589129686355591,0.0,5.0,
7844,3.1658668518066406,9.94354248046875,0.05280504748225212,0.055962949991226196,0.06842302531003952,0.0,5.0,
7845,1.9220590591430664,10.108088493347168,0.013099472038447857,0.03703739494085312,0.08205708861351013,0.0,5.0,
7846,5.006782531738281,9.689390182495117,0.06078668311238289,0.12256897985935211,0.06836465001106262,0.0,5.0,
7847,3.8732309341430664,8.986499786376953,0.031620681285858154,0.10192766040563583,0.09087254852056503,0.0,5.0,
7848,5.563040733337402,8.95615005493164,0.10834803432226181,0.08711779117584229,0.10181096941232681,0.0,5.0,
7849,6.413773536682129,10.063353538513184,0.0,0.23647400736808777,0.08610708266496658,0.0,5.0,
7850,7.718014717102051,9.72230339050293,0.15677733719348907,0.1283610463142395,0.0986664891242981,0.0,5.0,
7851,5.187790870666504,10.296401023864746,0.0,0.18459586799144745,0.09507077187299728,0.0,5.0,
7852,8.073122024536133,7.935516357421875,0.09253890812397003,0.20398204028606415,0.10159780830144882,0.0,5.0,
7853,1.9564428329467773,10.794295310974121,0.025645196437835693,0.02663654461503029,0.09267541021108627,0.0,5.0,
7854,5.504643440246582,9.197145462036133,0.0255646500736475,0.17468884587287903,0.0739678144454956,0.0,5.0,
7855,2.3950061798095703,9.790364265441895,0.015554170124232769,0.05590130761265755,0.09826285392045975,0.0,5.0,
7856,1.4478845596313477,8.826274871826172,0.0,0.03460955619812012,0.07671934366226196,0.0,5.0,
7857,1.089569091796875,9.353260040283203,0.0,0.023884041234850883,0.07977525144815445,0.0,5.0,
7858,1.655618667602539,9.362777709960938,0.005444228649139404,0.040539078414440155,0.08165303617715836,0.0,5.0,
7859,1.4903888702392578,9.004242897033691,0.00489517068490386,0.03273068740963936,0.07666052132844925,0.0,5.0,
7860,10.982282638549805,8.116788864135742,0.014148294925689697,0.4002595543861389,0.0819036141037941,0.0,5.0,
7861,4.453095436096191,8.723137855529785,0.04397394135594368,0.11463319510221481,0.07217447459697723,0.0,5.0,
7862,2.0187435150146484,8.909235954284668,0.0032078425865620375,0.05998514965176582,0.05855174735188484,0.0,5.0,
7863,1.946660041809082,9.351073265075684,0.03701033070683479,0.019161898642778397,0.09429222345352173,0.0,5.0,
7864,2.7461328506469727,10.311508178710938,0.005722840782254934,0.08519170433282852,0.07005302608013153,0.0,5.0,
7865,3.2472410202026367,9.776270866394043,0.026727816089987755,0.08218169212341309,0.08712876588106155,0.0,5.0,
7866,7.409437656402588,7.552664279937744,0.21589884161949158,0.05952124297618866,0.08124330639839172,0.0,5.0,
7867,2.972079277038574,9.50833797454834,0.0331057533621788,0.0629931166768074,0.08896157890558243,0.0,5.0,
7868,2.806486129760742,8.298029899597168,0.04985547065734863,0.04201546311378479,0.07422805577516556,0.0,5.0,
7869,3.169724464416504,9.774530410766602,0.0,0.10091181844472885,0.10785505920648575,0.0,5.0,
7870,2.5807790756225586,9.316184997558594,0.03410480543971062,0.04675855487585068,0.08815182000398636,0.0,5.0,
7871,1.9908666610717773,8.427084922790527,0.01602472923696041,0.03952725604176521,0.11146783828735352,0.0,5.0,
7872,2.743236541748047,8.687755584716797,0.059045594185590744,0.02940484881401062,0.08605005592107773,0.0,5.0,
7873,4.424443244934082,9.683292388916016,0.04636623337864876,0.10304912179708481,0.10340449213981628,0.0,5.0,
7874,3.626345634460449,9.065543174743652,0.03902840614318848,0.08482041954994202,0.07788777351379395,0.0,5.0,
7875,2.185922622680664,10.162568092346191,0.051049649715423584,0.01223738119006157,0.08170541375875473,0.0,5.0,
7876,4.97574520111084,8.377496719360352,0.04153704643249512,0.12941178679466248,0.12558391690254211,0.0,5.0,
7877,9.532387733459473,8.823064804077148,0.15526901185512543,0.1962389498949051,0.1173974946141243,0.0,5.0,
7878,6.173818588256836,9.028904914855957,0.017051300033926964,0.20755158364772797,0.07648918777704239,0.0,5.0,
7879,2.1366987228393555,9.392718315124512,0.007622182369232178,0.04466933384537697,0.10162141174077988,0.0,5.0,
7880,3.609851837158203,9.932065963745117,0.0,0.12169806659221649,0.09257674962282181,0.0,5.0,
7881,3.834958076477051,10.95198917388916,0.0,0.13276557624340057,0.08807040005922318,0.0,5.0,
7882,4.755341529846191,10.818802833557129,0.0361262746155262,0.12456302344799042,0.11832141876220703,0.0,5.0,
7883,4.394850730895996,10.574736595153809,0.0541791133582592,0.09649933874607086,0.1079748272895813,0.0,5.0,
7884,1.7593107223510742,9.758960723876953,0.002325813053175807,0.04907546937465668,0.07213455438613892,0.0,5.0,
7885,3.0268335342407227,9.587900161743164,0.0254896879196167,0.06949493288993835,0.10884901881217957,0.0,5.0,
7886,3.4793386459350586,8.510181427001953,0.06633647531270981,0.04213852435350418,0.13057564198970795,0.0,5.0,
7887,2.8244829177856445,10.150409698486328,0.0237936582416296,0.06436608731746674,0.10705693811178207,0.0,5.0,
7888,3.245741844177246,10.722465515136719,0.0,0.10760567337274551,0.06839445978403091,0.0,5.0,
7889,1.8569211959838867,9.089943885803223,0.022958794608712196,0.02591746300458908,0.10506653785705566,0.0,5.0,
7890,2.954141616821289,10.962859153747559,0.05719878152012825,0.035112444311380386,0.10133645683526993,0.0,5.0,
7891,2.84470272064209,11.044384002685547,0.0,0.08887322247028351,0.09587865322828293,0.0,5.0,
7892,1.876692771911621,11.07740306854248,0.0,0.045730385929346085,0.10096665471792221,0.0,5.0,
7893,4.35999870300293,10.437374114990234,0.0364050455391407,0.10730668157339096,0.12407463043928146,0.0,5.0,
7894,5.6889848709106445,10.249375343322754,0.0,0.20270775258541107,0.09672146290540695,0.0,5.0,
7895,2.495737075805664,9.58669376373291,0.0,0.07810189574956894,0.09311170130968094,0.0,5.0,
7896,2.161679267883301,10.23157024383545,0.0,0.06334542483091354,0.09471673518419266,0.0,5.0,
7897,7.58674430847168,10.866466522216797,0.21423931419849396,0.06046076491475105,0.10112560540437698,0.0,5.0,
7898,4.464718818664551,11.377696990966797,0.04397596791386604,0.1049351841211319,0.10956713557243347,0.0,5.0,
7899,2.880295753479004,9.386844635009766,0.036171115934848785,0.05695118010044098,0.07512029260396957,0.0,5.0,
7900,2.181589126586914,11.389450073242188,0.039311766624450684,0.02538369409739971,0.08859512209892273,0.0,5.0,
7901,2.7165374755859375,11.876741409301758,0.052414458245038986,0.029067758470773697,0.11880004405975342,0.0,5.0,
7902,2.289854049682617,10.180608749389648,0.04312008619308472,0.02281998284161091,0.11871299147605896,0.0,5.0,
7903,2.66634464263916,10.417228698730469,0.024976730346679688,0.05472101271152496,0.09620586782693863,0.0,5.0,
7904,4.207805633544922,10.513596534729004,0.0,0.14657965302467346,0.07505418360233307,0.0,5.0,
7905,2.6199522018432617,11.511685371398926,0.045365236699581146,0.031107185408473015,0.10068096965551376,0.0,5.0,
7906,3.879361152648926,11.578198432922363,0.01910700462758541,0.1113954558968544,0.10206732898950577,0.0,5.0,
7907,4.900285720825195,11.02176284790039,0.0,0.17071406543254852,0.08659898489713669,0.0,5.0,
7908,4.038976669311523,12.168192863464355,0.006982286926358938,0.12881679832935333,0.08170469850301743,0.0,5.0,
7909,5.254263877868652,10.512290954589844,0.07685843855142593,0.10544577986001968,0.0954669937491417,0.0,5.0,
7910,4.12998104095459,10.402570724487305,0.0,0.1396491825580597,0.10211300849914551,0.0,5.0,
7911,5.030849456787109,10.793096542358398,0.041416484862565994,0.13428020477294922,0.10195665806531906,0.0,5.0,
7912,1.5709314346313477,10.433005332946777,0.0,0.04059002548456192,0.09112834930419922,0.0,5.0,
7913,4.80112361907959,10.628937721252441,0.045277733355760574,0.11773547530174255,0.11395981162786484,0.0,5.0,
7914,3.894564628601074,10.801980018615723,0.058184247463941574,0.07717955112457275,0.08074259757995605,0.0,5.0,
7915,3.3152151107788086,11.775629997253418,0.08845583349466324,0.023961549624800682,0.0821056067943573,0.0,5.0,
7916,3.356888771057129,11.171793937683105,0.0,0.10638124495744705,0.11106164008378983,0.0,5.0,
7917,5.906734466552734,10.18192195892334,0.04615592956542969,0.16280435025691986,0.09308487921953201,0.0,5.0,
7918,2.910964012145996,10.543569564819336,0.05878716707229614,0.031459879130125046,0.0968845784664154,0.0,5.0,
7919,3.8902082443237305,9.562947273254395,0.0232227835804224,0.1103508323431015,0.08094055205583572,0.0,5.0,
7920,6.8155622482299805,11.648710250854492,0.05084671452641487,0.19946615397930145,0.0927630364894867,0.0,5.0,
7921,2.4063453674316406,10.48204517364502,0.02497599460184574,0.04891031235456467,0.08422087877988815,0.0,5.0,
7922,6.537239074707031,10.797408103942871,0.0780496746301651,0.1594359427690506,0.0863318145275116,0.0,5.0,
7923,4.256716728210449,10.205979347229004,0.03922194242477417,0.10373424738645554,0.08447284251451492,0.0,5.0,
7924,7.515045166015625,12.357181549072266,0.01027707289904356,0.2692844271659851,0.08395213633775711,0.0,5.0,
7925,3.002749443054199,11.9736909866333,0.0,0.10143716633319855,0.07526747137308121,0.0,5.0,
7926,3.6922292709350586,10.513304710388184,0.003760437248274684,0.11075200885534286,0.10781068354845047,0.0,5.0,
7927,5.76193904876709,10.323930740356445,0.0,0.2046586275100708,0.09234399348497391,0.0,5.0,
7928,4.084970474243164,10.51904582977295,0.0,0.14201557636260986,0.09027024358510971,0.0,5.0,
7929,3.988140106201172,9.348739624023438,0.03965560719370842,0.0941687673330307,0.11579809337854385,0.0,5.0,
7930,5.353710174560547,11.415026664733887,0.1341569572687149,0.05768715217709541,0.09511468559503555,0.0,5.0,
7931,3.8290328979492188,9.805992126464844,0.1028069406747818,0.03159400448203087,0.07976905256509781,0.0,5.0,
7932,3.3919010162353516,11.228915214538574,0.09372049570083618,0.0247062798589468,0.0598473884165287,0.0,5.0,
7933,2.8806114196777344,10.177614212036133,0.03655924275517464,0.06321118772029877,0.051482077687978745,0.0,5.0,
7934,4.507881164550781,10.707865715026855,0.003992537502199411,0.1524147093296051,0.09742122143507004,0.0,5.0,
7935,4.663084030151367,9.988667488098145,0.10123912990093231,0.06262319535017014,0.08215015381574631,0.0,5.0,
7936,1.2551088333129883,10.228148460388184,0.0,0.027652667835354805,0.09009680151939392,0.0,5.0,
7937,4.006065368652344,10.127766609191895,0.047010600566864014,0.09525088220834732,0.07898354530334473,0.0,5.0,
7938,3.3669862747192383,11.935157775878906,0.007145086769014597,0.10805240273475647,0.07543504983186722,0.0,5.0,
7939,6.721072196960449,10.139738082885742,0.0013566414127126336,0.24074092507362366,0.1087968572974205,0.0,5.0,
7940,6.810871124267578,10.42350959777832,0.035544753074645996,0.20898331701755524,0.11474261432886124,0.0,5.0,
7941,1.9245233535766602,10.632993698120117,0.0,0.053512461483478546,0.10214489698410034,0.0,5.0,
7942,4.990738868713379,9.983461380004883,0.024873197078704834,0.15262354910373688,0.09123615175485611,0.0,5.0,
7943,4.993080139160156,8.475868225097656,0.026602745056152344,0.14867538213729858,0.10773064941167831,0.0,5.0,
7944,0.9914636611938477,9.86723804473877,0.004240830894559622,0.012982437387108803,0.09430817514657974,0.0,5.0,
7945,5.905505180358887,10.08057689666748,0.10710668563842773,0.10600364208221436,0.09724381566047668,0.0,5.0,
7946,4.466512680053711,8.808211326599121,0.08109667152166367,0.07751403748989105,0.08426398038864136,0.0,5.0,
7947,4.724196434020996,10.0527982711792,0.05928385257720947,0.10718171298503876,0.08479345589876175,0.0,5.0,
7948,3.617877960205078,10.523667335510254,0.055341362953186035,0.06727056950330734,0.09189849346876144,0.0,5.0,
7949,5.314212799072266,9.143479347229004,0.07516056299209595,0.1161688044667244,0.08853045105934143,0.0,5.0,
7950,3.1560182571411133,9.63068675994873,0.06890648603439331,0.03567872196435928,0.07487756758928299,0.0,5.0,
7951,2.4290857315063477,10.035696983337402,0.0,0.07688959687948227,0.08002287894487381,0.0,5.0,
7952,3.0451059341430664,10.05122184753418,0.010903636924922466,0.08791491389274597,0.10230657458305359,0.0,5.0,
7953,2.146411895751953,10.777538299560547,0.04542090743780136,0.019124558195471764,0.08587197214365005,0.0,5.0,
7954,7.140826225280762,9.82227611541748,0.0,0.2641632854938507,0.09285957366228104,0.0,5.0,
7955,5.172187805175781,11.566198348999023,0.04924023151397705,0.13404926657676697,0.08814818412065506,0.0,5.0,
7956,3.9957780838012695,12.192634582519531,0.03845413401722908,0.1017063781619072,0.07595991343259811,0.0,5.0,
7957,1.9582910537719727,11.07618236541748,0.0,0.05647952854633331,0.08051646500825882,0.0,5.0,
7958,2.1738080978393555,10.472333908081055,0.041194796562194824,0.02174300141632557,0.0866362676024437,0.0,5.0,
7959,4.704902648925781,10.594294548034668,0.07457341998815536,0.08635362982749939,0.09245837479829788,0.0,5.0,
7960,3.231656074523926,11.283548355102539,0.035862285643815994,0.07414674758911133,0.07480719685554504,0.0,5.0,
7961,0.6516990661621094,10.708600044250488,0.0,0.004676884040236473,0.08588286489248276,0.0,5.0,
7962,3.1962337493896484,9.481390953063965,0.05236673355102539,0.056501924991607666,0.08711250871419907,0.0,5.0,
7963,4.573360443115234,11.807705879211426,0.0,0.1630459725856781,0.08467011898756027,0.0,5.0,
7964,1.520294189453125,10.193181991577148,0.011577367782592773,0.03038690611720085,0.07353293150663376,0.0,5.0,
7965,3.896822929382324,10.460976600646973,0.023137390613555908,0.10851132869720459,0.10787501186132431,0.0,5.0,
7966,3.98874568939209,12.106581687927246,0.023477593436837196,0.11061912775039673,0.08108722418546677,0.0,5.0,
7967,2.2858715057373047,11.27070426940918,0.0,0.0705944299697876,0.08330563455820084,0.0,5.0,
7968,2.7230052947998047,11.7968111038208,0.0,0.08707176148891449,0.0957050547003746,0.0,5.0,
7969,1.3521785736083984,11.626627922058105,0.0,0.02977481484413147,0.08798199146986008,0.0,5.0,
7970,1.5963115692138672,11.939838409423828,0.0,0.038906507194042206,0.09415340423583984,0.0,5.0,
7971,4.803750038146973,10.409008979797363,0.1238548532128334,0.044899050146341324,0.0979129746556282,0.0,5.0,
7972,7.344103813171387,10.144265174865723,0.20241238176822662,0.0691724568605423,0.09884832054376602,0.0,5.0,
7973,4.888518333435059,9.863276481628418,0.1110907569527626,0.04577315226197243,0.1696322113275528,0.0,5.0,
7974,0.9636993408203125,11.44828987121582,0.002265751361846924,0.011157329194247723,0.10394132137298584,0.0,5.0,
7975,5.315737724304199,10.561460494995117,0.11563495546579361,0.06974612176418304,0.11830422282218933,0.0,5.0,
7976,6.214932441711426,10.6610689163208,0.048053205013275146,0.1748792678117752,0.0955866277217865,0.0,5.0,
7977,6.401925086975098,10.782684326171875,0.08984273672103882,0.13387277722358704,0.11309739202260971,0.0,5.0,
7978,3.7866153717041016,11.208014488220215,0.0,0.12082672119140625,0.13609541952610016,0.0,5.0,
7979,3.469318389892578,11.154248237609863,0.0639585480093956,0.04917364567518234,0.09295997768640518,0.0,5.0,
7980,1.9212160110473633,10.153569221496582,0.007275064941495657,0.04517344385385513,0.08890262246131897,0.0,5.0,
7981,6.244509696960449,12.683713912963867,0.08798416703939438,0.14099860191345215,0.08935905247926712,0.0,5.0,
7982,6.869972229003906,10.591383934020996,0.04882389307022095,0.19966371357440948,0.08060611039400101,0.0,5.0,
7983,4.625066757202148,10.252679824829102,0.0,0.15825779736042023,0.10030659288167953,0.0,5.0,
7984,4.623476982116699,10.621655464172363,0.06607449054718018,0.08877026289701462,0.10022235661745071,0.0,5.0,
7985,1.6841363906860352,10.67874526977539,0.007170697208493948,0.03614162281155586,0.08651413768529892,0.0,5.0,
7986,3.3866891860961914,9.914712905883789,0.0026503403205424547,0.11095038801431656,0.09450177103281021,0.0,5.0,
7987,3.055872917175293,10.911369323730469,0.0,0.09969183802604675,0.08766490966081619,0.0,5.0,
7988,4.529574394226074,10.655747413635254,0.03106558322906494,0.13126055896282196,0.07812025398015976,0.0,5.0,
7989,3.991392135620117,9.51123332977295,0.03570856526494026,0.1056097149848938,0.07603991031646729,0.0,5.0,
7990,3.300002098083496,9.887651443481445,0.03638660907745361,0.07013925164937973,0.09414105862379074,0.0,5.0,
7991,2.018869400024414,9.850937843322754,0.02017132379114628,0.03735331445932388,0.09674300998449326,0.0,5.0,
7992,4.278020858764648,11.664191246032715,0.05392962694168091,0.09331376850605011,0.09863442927598953,0.0,5.0,
7993,3.4641189575195312,10.34225082397461,0.036688465625047684,0.07785417139530182,0.10774930566549301,0.0,5.0,
7994,1.6692886352539062,9.706814765930176,0.005566239356994629,0.042646750807762146,0.06986107677221298,0.0,5.0,
7995,1.5033149719238281,10.596902847290039,0.0,0.03524326905608177,0.09953788667917252,0.0,5.0,
7996,2.6235742568969727,8.886634826660156,0.024573424831032753,0.0569445975124836,0.08006060868501663,0.0,5.0,
7997,3.949583053588867,10.636244773864746,0.06931436061859131,0.06682224571704865,0.0814942792057991,0.0,5.0,
7998,2.2590103149414062,9.587594985961914,0.027981797233223915,0.03937607258558273,0.10558422654867172,0.0,5.0,
7999,4.6074628829956055,10.366778373718262,0.10524250566959381,0.057168859988451004,0.0857192650437355,0.0,5.0,
8000,3.1095571517944336,10.885261535644531,0.0731084942817688,0.025491684675216675,0.10724548250436783,0.0,5.0,"[0.9867904782295227, 1.2286566495895386, 1.0846949815750122]"
