step,loss,loss_internal,sim_loss,sfa_loss,var_loss,cov_loss,ccr_smooth_loss,ccr_spatial_loss,effective_sfa_weight
101,98363.796875,98363.796875,3933.561767578125,0.0,0.9899390935897827,3.300372128367535e-11,0.00026063056429848075,1.6197595565162204e-13,2.0998
102,95233.6953125,95233.6953125,3808.357666015625,0.0,0.9899245500564575,5.6723861718843693e-11,0.0002504692238289863,3.082902585559849e-13,2.1196
103,92096.1328125,92096.1328125,3682.855224609375,0.0,0.9899181723594666,6.384481832100164e-11,0.00026153901126235723,8.325332610803482e-13,2.1394
104,88840.1875,88840.1875,3552.617431640625,0.0,0.9898777008056641,1.8449371197437614e-10,0.0002927507448475808,8.397224430557737e-13,2.1592000000000002
105,85323.7265625,85323.7265625,3411.958984375,0.0,0.9898504614830017,2.2078019967786133e-10,0.00030663309735246,1.1366480673347112e-12,2.1790000000000003
106,81637.890625,81637.890625,3264.52587890625,0.0,0.9897396564483643,1.067990695879928e-09,0.000353143346728757,1.87696234422996e-12,2.1988000000000003
107,77407.8984375,77407.8984375,3095.326171875,0.0,0.9896676540374756,1.3848425739482195e-09,0.00037661046371795237,3.916149522720236e-12,2.2186
108,72672.0078125,72672.0078125,2905.890625,0.0,0.9895051121711731,3.3027278689701234e-09,0.00045841114479117095,8.886358662807403e-12,2.2384
109,68066.8203125,68066.8203125,2721.68310546875,0.0,0.9894570708274841,2.927642572814193e-09,0.00055218260968104,2.290081839440017e-11,2.2582
110,62626.51953125,62626.51953125,2504.0712890625,0.0,0.98918217420578,8.493697301048542e-09,0.0006513092666864395,7.676417834723281e-11,2.278
111,56639.59765625,56639.59765625,2264.594482421875,6.45751867978106e-07,0.9890821576118469,9.623381203027748e-09,0.0007829121896065772,2.3669682880367304e-10,2.2978
112,50350.81640625,50350.81640625,2013.0439453125,2.824894238528941e-07,0.9882858395576477,5.180018192163516e-08,0.001037736190482974,5.053086837847331e-10,2.3176
113,43659.1640625,43659.1640625,1745.378662109375,2.4209289222199004e-06,0.9875761866569519,1.2210723809857882e-07,0.0011656975839287043,4.806700037995881e-10,2.3374
114,36437.74609375,36437.74609375,1456.522216796875,5.493014668900287e-06,0.9869627356529236,1.9844418375214445e-07,0.0015969885280355811,1.3389205300029516e-09,2.3572
115,29027.841796875,29027.841796875,1160.1273193359375,3.2581335744907847e-06,0.9854491949081421,5.198202188694268e-07,0.0021268322598189116,5.9210600866776986e-09,2.3770000000000002
116,21681.947265625,21681.947265625,866.2930297851562,1.5286115058188443e-06,0.9837375283241272,8.673986258145305e-07,0.00270974263548851,2.5978291517958496e-08,2.3968000000000003
117,15098.193359375,15098.193359375,602.949462890625,1.0700079656089656e-05,0.9766943454742432,7.772907338221557e-06,0.003919108305126429,2.643922982770164e-07,2.4166000000000003
118,10465.4541015625,10465.4541015625,417.6510314941406,6.795378340029856e-06,0.9649067521095276,7.48496240703389e-05,0.005337120965123177,1.9887609141733265e-06,2.4364
119,5055.74951171875,5055.74951171875,201.29042053222656,8.904228252504254e-07,0.9361216425895691,0.0013304243329912424,0.0052088056690990925,2.126842673533247e-06,2.4562
120,2565.53076171875,2565.53076171875,101.71460723876953,4.140935288887704e-06,0.8941017389297485,0.009884216822683811,0.006569985765963793,1.009014704322908e-05,2.476
121,1356.52587890625,1356.52587890625,53.36032485961914,1.2733657968055923e-06,0.8422900438308716,0.05636126920580864,0.005116987507790327,2.1474595996551216e-05,2.4958
122,534.6043701171875,534.6043701171875,20.474885940551758,1.5457178506039781e-06,0.805029034614563,0.10265301167964935,0.004005792550742626,8.6613254097756e-06,2.5156
123,181.91708374023438,181.91708374023438,6.3577561378479,2.5535773602314293e-06,0.774048924446106,0.1435469537973404,0.0033236483577638865,4.324454039306147e-06,2.5354
124,148.14064025878906,148.14064025878906,4.956325054168701,1.71916974522901e-06,0.7474625706672668,0.22101828455924988,0.002048470778390765,1.129248516917869e-06,2.5552
125,216.91162109375,216.91160583496094,7.695437431335449,6.583326921827393e-06,0.7372586727142334,0.24303694069385529,0.0018278961069881916,4.126618193822651e-07,2.575
126,266.1434020996094,266.1434020996094,9.709298133850098,2.7306168703944422e-06,0.7526974081993103,0.1830798238515854,0.0016508531989529729,9.84969901196564e-08,2.5948
127,477.619384765625,477.619384765625,18.03209686279297,4.458249236449774e-07,0.7111959457397461,0.3609779477119446,0.0012617848115041852,4.670698672271101e-08,2.6146000000000003
128,532.0394287109375,532.0394287109375,20.15690040588379,2.9939215551166853e-07,0.6989184617996216,0.4252864718437195,0.0011783373774960637,1.5916832296625216e-08,2.6344000000000003
129,452.80328369140625,452.80328369140625,17.10917091369629,1.2523703389888396e-06,0.7242333889007568,0.2783518433570862,0.0009368694736622274,7.198512452788464e-09,2.6542000000000003
130,562.6395263671875,562.6395263671875,21.401275634765625,2.253511866001645e-06,0.7044957280158997,0.39961889386177063,0.0004820624890271574,6.39557073967012e-09,2.6740000000000004
131,475.60943603515625,475.60943603515625,17.906328201293945,5.636277364828857e-07,0.7039503455162048,0.4138931334018707,0.0005163081805221736,3.973141815549752e-09,2.6938000000000004
132,426.3987121582031,426.3987121582031,16.08504867553711,4.796093833192572e-08,0.7482549548149109,0.22246119379997253,0.00045761329238303006,1.0287284357701765e-09,2.7136000000000005
133,325.08209228515625,325.08209228515625,11.99146842956543,1.0291053342825762e-07,0.7402129769325256,0.2714386284351349,0.000408581254305318,1.1455177917341075e-09,2.7334000000000005
134,150.1533203125,150.1533203125,5.0915985107421875,3.134515509373159e-07,0.7739210724830627,0.14038929343223572,0.0005602570017799735,1.7795428464140173e-09,2.7532000000000005
135,105.08365631103516,105.08365631103516,3.3289504051208496,1.2917698199998995e-07,0.8148757219314575,0.059276364743709564,0.0006096987635828555,1.1887797413123735e-09,2.7730000000000006
136,80.45991516113281,80.45991516113281,2.232938289642334,2.7298506566353353e-08,0.7516800165176392,0.23356220126152039,0.0005399789079092443,1.335172861161027e-09,2.7928
137,70.0957260131836,70.0957260131836,1.8878779411315918,9.558587699132204e-09,0.7598878145217896,0.15589089691638947,0.0004307023191358894,9.689608004848083e-10,2.8126
138,66.85286712646484,66.85286712646484,1.7449872493743896,4.427401378848117e-08,0.7544461488723755,0.17449547350406647,0.00046445740736089647,5.072914865955624e-10,2.8324000000000003
139,53.78020477294922,53.78020477294922,1.2566401958465576,1.2736813914671075e-07,0.7579622864723206,0.13648094236850739,0.0003119775792583823,5.208627973374291e-10,2.8522000000000003
140,74.92652893066406,74.92652893066406,2.011643886566162,4.183041824035172e-07,0.712651789188385,0.27254119515419006,0.0005607313942164183,6.539221386603344e-10,2.8720000000000003
141,64.36837005615234,64.36837005615234,1.6506030559539795,9.93253024716978e-07,0.741035521030426,0.18293112516403198,0.00041255156975239515,3.319778341115409e-10,2.8918
142,62.48554611206055,62.48554229736328,1.5798535346984863,8.754440159464139e-07,0.7467822432518005,0.17261414229869843,0.0004296006809454411,2.228336404286324e-10,2.9116
143,57.68583297729492,57.685829162597656,1.391520619392395,9.561476872477215e-07,0.7392186522483826,0.1765284538269043,0.00041360300383530557,6.598167567872792e-10,2.9314
144,57.229007720947266,57.229000091552734,1.4004619121551514,2.0143615984125063e-06,0.761993408203125,0.12659302353858948,0.00027930535725317895,2.842037993833202e-10,2.9512
145,67.01712799072266,67.01712036132812,1.777719497680664,3.4914614843728486e-06,0.7553933262825012,0.14740975201129913,0.000405569066060707,3.346139754167865e-10,2.971
146,63.32343673706055,63.32341766357422,1.6694862842559814,6.1064301917213015e-06,0.7990842461585999,0.06419721245765686,0.0004226545279379934,2.6194249547195625e-10,2.9908
147,63.73765182495117,63.73762512207031,1.6692785024642944,8.484365025651641e-06,0.7788218855857849,0.10126430541276932,0.0003505764761939645,2.1872421929192143e-10,3.0106
148,59.69150161743164,59.691463470458984,1.5239410400390625,1.233359580510296e-05,0.8064448237419128,0.05710839480161667,0.0004107025160919875,3.078025057057232e-10,3.0304
149,61.445430755615234,61.44538879394531,1.5887620449066162,1.4080592336540576e-05,0.7902601361274719,0.07862333208322525,0.0004250229394529015,2.058099107804523e-10,3.0502000000000002
150,52.374996185302734,52.374969482421875,1.2148401737213135,8.078119208221324e-06,0.7809978723526001,0.09900259971618652,0.0003953193954657763,1.5778289785828292e-10,3.0700000000000003
151,46.80179977416992,46.80146026611328,1.0010697841644287,0.000109827597043477,0.8327589631080627,0.038066133856773376,0.0004090131551492959,2.1515930703763786e-10,3.0898000000000003
152,45.89866638183594,45.89739990234375,0.9687480330467224,0.0004071675066370517,0.8115347623825073,0.055393513292074203,0.0005493015632964671,3.815768812032161e-10,3.1096
153,38.67210006713867,38.67049789428711,0.6725969314575195,0.0005117211840115488,0.8292837738990784,0.044761206954717636,0.00044527454883791506,3.460341457817151e-10,3.1294
154,36.33859634399414,36.33646774291992,0.588846743106842,0.0006755724316462874,0.8166199326515198,0.04776597395539284,0.0005649434169754386,6.975545696619179e-10,3.1492
155,34.822120666503906,34.81796646118164,0.5236291885375977,0.001311018830165267,0.8125647902488708,0.05633948743343353,0.00046317887608893216,4.968106481761936e-10,3.169
156,35.26782989501953,35.26249694824219,0.531790018081665,0.0016726015601307154,0.7944046258926392,0.08417615294456482,0.0003225848777219653,2.5870625086632515e-10,3.1888
157,33.903900146484375,33.898250579833984,0.48927390575408936,0.0017605508910492063,0.8109426498413086,0.05552154406905174,0.0004795757122337818,3.9047162725402984e-10,3.2086
158,32.14204788208008,32.13691711425781,0.41350257396698,0.001589268445968628,0.8268300294876099,0.044944584369659424,0.0004986462881788611,3.295324013663503e-10,3.2284
159,30.476781845092773,30.471630096435547,0.3486400246620178,0.0015860137064009905,0.8381744027137756,0.0318601131439209,0.00047639160766266286,3.7559005905407616e-10,3.2482
160,28.930330276489258,28.9263973236084,0.28316545486450195,0.0012033601524308324,0.8504083752632141,0.023256242275238037,0.000564585265237838,4.0034042747549847e-10,3.2680000000000002
161,27.539752960205078,27.537296295166016,0.2386888861656189,0.0007473816513083875,0.8321875333786011,0.030454248189926147,0.0004030718991998583,2.504929319524507e-10,3.2878000000000003
162,27.37913703918457,27.376625061035156,0.22592121362686157,0.000759331916924566,0.8496595621109009,0.019251970574259758,0.0005806424887850881,3.2866509513951314e-10,3.3076000000000003
163,26.813270568847656,26.80968475341797,0.21380624175071716,0.0010778071591630578,0.8217648267745972,0.036656253039836884,0.00040016439743340015,7.595906542645636e-11,3.3274000000000004
164,26.453153610229492,26.449254989624023,0.20136240124702454,0.0011649744119495153,0.8086541295051575,0.04778342694044113,0.00042562573798932135,3.1999805583105e-10,3.3472000000000004
165,25.70096778869629,25.694807052612305,0.16168425977230072,0.0018298350041732192,0.8328513503074646,0.033104993402957916,0.0003791490162257105,2.1334800592853753e-10,3.3670000000000004
166,25.273406982421875,25.259912490844727,0.15156924724578857,0.003984691575169563,0.8210716843605042,0.03757600486278534,0.0004488795530050993,2.1206293665532172e-10,3.3868000000000005
167,25.75893211364746,25.739667892456055,0.16649816930294037,0.005654783919453621,0.7998009324073792,0.0631093755364418,0.00044562501716427505,3.59357543722183e-10,3.4066000000000005
168,25.9891414642334,25.967159271240234,0.17540377378463745,0.006415349896997213,0.7941507697105408,0.06891026347875595,0.0005539120174944401,2.8892496728438744e-10,3.4264000000000006
169,25.112634658813477,25.08441162109375,0.13610337674617767,0.00818970613181591,0.803167462348938,0.06387073546648026,0.000587079965043813,1.8595749939898099e-10,3.4462000000000006
170,24.733537673950195,24.704755783081055,0.1324005424976349,0.008303833194077015,0.7954102754592896,0.060298722237348557,0.00020181220315862447,4.484589435915787e-11,3.4660000000000006
171,24.203981399536133,24.186931610107422,0.11260881274938583,0.0048909662291407585,0.8137563467025757,0.04089546576142311,0.0005417554057203233,2.351440431258567e-10,3.4858000000000007
172,24.13799476623535,24.129756927490234,0.10166487097740173,0.0023497645743191242,0.8334007263183594,0.03000512905418873,0.0002988881024066359,2.2854698689123154e-10,3.5056
173,24.503393173217773,24.478899002075195,0.12159423530101776,0.006948092486709356,0.8280637264251709,0.02927149087190628,0.0005663788761012256,4.389079377720151e-10,3.5254
174,24.989837646484375,24.959877014160156,0.1360080987215042,0.008450964465737343,0.8283631205558777,0.03375888615846634,0.0006626917165704072,3.4955069394548843e-10,3.5452
175,24.446325302124023,24.41910171508789,0.11638051271438599,0.0076363906264305115,0.827674150466919,0.03250302001833916,0.0005158106796443462,5.259752633435255e-10,3.565
176,24.41982650756836,24.39724349975586,0.10662276297807693,0.0062998216599226,0.8480107188224792,0.02108801156282425,0.00042062209104187787,1.9687945718160904e-10,3.5848
177,26.500490188598633,26.483610153198242,0.20603951811790466,0.004682993050664663,0.8060376644134521,0.04710489511489868,0.00040579200140200555,2.851326119657216e-10,3.6046
178,26.364948272705078,26.354766845703125,0.20061832666397095,0.0028092360589653254,0.7961369752883911,0.057228460907936096,0.0005172198289074004,5.354765519882676e-10,3.6244
179,26.355627059936523,26.34893035888672,0.19381031394004822,0.0018374837236478925,0.8087615370750427,0.05120610073208809,0.0004481810610741377,3.358456013291544e-10,3.6442
180,25.28011703491211,25.274442672729492,0.15849058330059052,0.0015487514901906252,0.802704930305481,0.04950122535228729,0.0007025472004897892,6.388109485833127e-10,3.664
181,24.94662857055664,24.94219207763672,0.1401459276676178,0.001204462954774499,0.7853012084960938,0.07204816490411758,0.0004808667581528425,2.85040657743707e-10,3.6838
182,25.256160736083984,25.252470016479492,0.1504814326763153,0.0009966189973056316,0.7724093794822693,0.08700266480445862,0.0005134239909239113,1.854460474071118e-10,3.7036000000000002
183,26.583993911743164,26.57874870300293,0.19760090112686157,0.001408619456924498,0.7757256031036377,0.08955337107181549,0.0006749326712451875,2.5753771337733156e-10,3.7234000000000003
184,26.581756591796875,26.575973510742188,0.20874065160751343,0.0015448307385668159,0.7889021635055542,0.06521548330783844,0.0004517321940511465,4.5361239764396544e-10,3.7432000000000003
185,27.268707275390625,27.268421173095703,0.2382417619228363,7.593723421450704e-05,0.8025339245796204,0.04974393919110298,0.000542771362233907,4.4453790648546487e-10,3.7630000000000003
186,27.68462562561035,27.683502197265625,0.2444414496421814,0.00029677958809770644,0.7940279245376587,0.06864576041698456,0.0005623216275125742,2.2009344347040383e-10,3.7828000000000004
187,25.597551345825195,25.596670150756836,0.17114076018333435,0.0002317034377483651,0.817461371421814,0.03508586809039116,0.0004468147817533463,2.2593815707239173e-10,3.8026000000000004
188,25.04427719116211,25.0435848236084,0.1420309841632843,0.00018111150711774826,0.8146682977676392,0.044872403144836426,0.0004292501544114202,3.6867658925743285e-10,3.8224
189,24.192277908325195,24.191631317138672,0.11136966943740845,0.00016812824469525367,0.8094126582145691,0.04666149616241455,0.0005534740630537271,3.380368762684327e-10,3.8422
190,23.965421676635742,23.964500427246094,0.10277065634727478,0.00023834755120333284,0.7992485165596008,0.0564035139977932,0.00039327432750724256,6.363690130406496e-11,3.862
191,23.26560401916504,23.264875411987305,0.07737459242343903,0.00018745684064924717,0.8145108819007874,0.038553353399038315,0.0003904314653482288,1.64100649735488e-10,3.8818
192,25.076004028320312,25.07549285888672,0.14634224772453308,0.00013113381282892078,0.7962391972541809,0.06029293313622475,0.00036331138107925653,2.5174126672133923e-10,3.9016
193,26.16012954711914,26.159713745117188,0.19415917992591858,0.00010582691902527586,0.798974871635437,0.053084734827280045,0.00042460995609872043,2.9410535118401526e-10,3.9214
194,27.820560455322266,27.81999397277832,0.2565084993839264,0.0001439209736417979,0.8051265478134155,0.051009587943553925,0.00038776188739575446,1.9507269410912187e-10,3.9412000000000003
195,26.59656524658203,26.596113204956055,0.21167923510074615,0.00011415786138968542,0.8075721263885498,0.04438753053545952,0.0005143136950209737,2.1084459178588588e-10,3.9610000000000003
196,26.68347930908203,26.683032989501953,0.21687734127044678,0.00011208478099433705,0.8047248721122742,0.04556083306670189,0.0003955803986173123,3.064604403579807e-10,3.9808000000000003
197,25.795650482177734,25.795164108276367,0.18165862560272217,0.00012154005526099354,0.8032504320144653,0.04673077166080475,0.0004167107690591365,1.7905131544093678e-10,4.0006
198,24.754230499267578,24.75355339050293,0.1385980248451233,0.0001683199661783874,0.7972286343574524,0.054091714322566986,0.0005594184622168541,3.1368188602165503e-10,4.0204
199,23.519142150878906,23.51850700378418,0.09068996459245682,0.0001572214241605252,0.8063457012176514,0.043530285358428955,0.00043580742203630507,3.6226341371126125e-10,4.0402000000000005
200,24.08293342590332,24.0824031829834,0.09262731671333313,0.00013048095570411533,0.7973533272743225,0.0731499195098877,0.0004137706710025668,2.8801289131408225e-10,4.0600000000000005
201,24.02622413635254,24.02570343017578,0.09987455606460571,0.00012741431419271976,0.7900851964950562,0.07092137634754181,0.0003673608007375151,1.65979202604305e-10,4.0798000000000005
202,24.020801544189453,24.02008819580078,0.10621869564056396,0.00017418833158444613,0.8167311549186707,0.03767228499054909,0.00045333104208111763,1.4850520813070034e-10,4.099600000000001
203,24.3080997467041,24.307376861572266,0.11336350440979004,0.00017565478628966957,0.8319761753082275,0.02670387551188469,0.0006289093289524317,3.66492863834722e-10,4.1194
204,25.42837142944336,25.42770004272461,0.1645725816488266,0.00016207552107516676,0.8172251582145691,0.035105831921100616,0.000511056452523917,3.902543566081107e-10,4.1392
205,25.513477325439453,25.512434005737305,0.1693095564842224,0.0002509310725145042,0.8047823309898376,0.046215225011110306,0.0004757122660521418,3.050329433484933e-10,4.159
206,25.635948181152344,25.634336471557617,0.17336922883987427,0.00038588803727179766,0.8004999756813049,0.051361918449401855,0.0003559229662641883,3.4199762466435857e-10,4.1788
207,25.02433967590332,25.022457122802734,0.14773772656917572,0.00044840382179245353,0.7964209914207458,0.05653134360909462,0.000520430039614439,4.0176037496841843e-10,4.1986
208,24.422035217285156,24.420175552368164,0.11771990358829498,0.00044079188955947757,0.8094604015350342,0.04941863939166069,0.0005202888860367239,3.354500566210561e-10,4.2184
209,24.194936752319336,24.19268226623535,0.11384302377700806,0.0005319229094311595,0.7990052700042725,0.05468709021806717,0.0004297834530007094,2.9892371911088844e-10,4.2382
210,23.561790466308594,23.558504104614258,0.07473605871200562,0.0007718010456301272,0.8145382404327393,0.052921704947948456,0.0003602297219913453,2.983388536215159e-10,4.258
211,23.453588485717773,23.450590133666992,0.08073539286851883,0.0007007699459791183,0.8133397698402405,0.043692633509635925,0.0006395283271558583,4.2554476609169e-10,4.2778
212,23.358102798461914,23.35529327392578,0.08131252974271774,0.000653688854072243,0.8141538500785828,0.03854306787252426,0.0005057264934293926,3.416131821865065e-10,4.2976
213,23.306655883789062,23.303190231323242,0.08061859011650085,0.0008029285818338394,0.8138649463653564,0.037445902824401855,0.0004953363677486777,2.03284375444035e-10,4.3174
214,24.247480392456055,24.242469787597656,0.11839652806520462,0.0011554581578820944,0.800406813621521,0.050730518996715546,0.0004123138205613941,2.3155613537717556e-10,4.337199999999999
215,24.1051082611084,24.100561141967773,0.11358281970024109,0.0010436131851747632,0.8035628795623779,0.04674358293414116,0.0003329512837808579,8.598073641952197e-11,4.356999999999999
216,24.660741806030273,24.658153533935547,0.1344364881515503,0.0005914158537052572,0.8008229732513428,0.05087526515126228,0.00047860504128038883,3.0002003659213017e-10,4.376799999999999
217,23.9035587310791,23.901865005493164,0.10492396354675293,0.00038519082590937614,0.8105732798576355,0.04042716324329376,0.0003755256475415081,3.2446595410462464e-10,4.396599999999999
218,23.79640007019043,23.794204711914062,0.09901514649391174,0.0004971425514668226,0.8078553080558777,0.04466564953327179,0.0005802789237350225,1.62239860435065e-10,4.416399999999999
219,23.1312255859375,23.13029670715332,0.0750090479850769,0.00020937137014698237,0.8058428168296814,0.04414897784590721,0.000527569733094424,2.2049320702599573e-10,4.4361999999999995
220,23.264617919921875,23.264232635498047,0.07669544219970703,8.637461723992601e-05,0.7814913988113403,0.07220044732093811,0.0004551759047899395,2.278479349637763e-10,4.4559999999999995
221,23.3317928314209,23.331403732299805,0.07395246624946594,8.685144712217152e-05,0.7819732427597046,0.07710549235343933,0.0005622385069727898,2.7579763473006835e-10,4.4758
222,23.256380081176758,23.25528907775879,0.07976581156253815,0.00024266591935884207,0.8076474070549011,0.04263192415237427,0.0004161348333582282,1.7835809218436083e-10,4.4956
223,23.685014724731445,23.684526443481445,0.09619896113872528,0.0001082091112039052,0.804327130317688,0.04662496969103813,0.000574945006519556,2.6959118271108196e-10,4.5154
224,24.071094512939453,24.064483642578125,0.10355531424283981,0.001457768026739359,0.8188263177871704,0.040017709136009216,0.000450192135758698,2.4229540596110155e-10,4.5352
225,23.681001663208008,23.68084716796875,0.09619259089231491,3.392361759324558e-05,0.7951648235321045,0.05575691908597946,0.0002991137153003365,1.810101790677976e-10,4.555
226,23.71681022644043,23.715999603271484,0.08922655880451202,0.0001770617818692699,0.8066893219947815,0.05256408452987671,0.00040007467032410204,1.7756912606969877e-10,4.5748
227,23.6423397064209,23.62954330444336,0.09561088681221008,0.002784932963550091,0.7966241240501404,0.052732571959495544,0.0005353132728487253,3.053391428586849e-10,4.5946
228,23.213045120239258,23.195430755615234,0.07777219265699387,0.003817274933680892,0.8013136982917786,0.04845084995031357,0.0007012336864136159,4.888656146562198e-10,4.6144
229,23.240869522094727,23.220914840698242,0.07503508031368256,0.004306115210056305,0.7992385625839233,0.05428386852145195,0.0006974586867727339,3.1929650590178937e-10,4.6342
230,22.829235076904297,22.810060501098633,0.06232178211212158,0.0041202036663889885,0.7902681827545166,0.05966916307806969,0.00035824233782477677,1.6313500550424465e-10,4.654
231,22.827573776245117,22.814468383789062,0.06017795205116272,0.0028040409088134766,0.7999222278594971,0.05235336348414421,0.0003129363467451185,5.238942266116986e-11,4.6738
232,22.91774559020996,22.906217575073242,0.06666817516088486,0.0024562254548072815,0.7997460961341858,0.04966289550065994,0.0004287818446755409,2.72674272050466e-10,4.6936
233,22.79375457763672,22.786563873291016,0.06096207723021507,0.0015256967162713408,0.7925167679786682,0.05782796069979668,0.0003893129469361156,2.0709935155682757e-10,4.7134
234,22.814342498779297,22.808565139770508,0.062132805585861206,0.0012206303654238582,0.8089438676834106,0.04105732589960098,0.0005214672419242561,3.4462793729872487e-10,4.7332
235,22.683895111083984,22.68085479736328,0.054238494485616684,0.0006396545213647187,0.8180640339851379,0.03481539711356163,0.0002906529407482594,1.4800907721657097e-10,4.752999999999999
236,22.79231834411621,22.789154052734375,0.062146078795194626,0.0006628446280956268,0.8007097244262695,0.048503391444683075,0.000517387583386153,3.5301889189653934e-10,4.772799999999999
237,22.89967918395996,22.896957397460938,0.06247313320636749,0.0005679931491613388,0.7918030023574829,0.06143278256058693,0.00042335432954132557,2.2386531517426533e-10,4.792599999999999
238,22.504695892333984,22.50074577331543,0.049504369497299194,0.0008209448424167931,0.8046263456344604,0.04573837295174599,0.000401943369070068,1.5889232984900303e-10,4.812399999999999
239,22.95493507385254,22.951906204223633,0.06186777725815773,0.0006269587320275605,0.7852669954299927,0.07075714319944382,0.00046089888201095164,1.2469822396887764e-10,4.832199999999999
240,22.795385360717773,22.79219627380371,0.057914312928915024,0.000657346157822758,0.8108479976654053,0.042706530541181564,0.000547525065485388,3.5830863276409275e-10,4.851999999999999
241,22.83350372314453,22.829837799072266,0.06271697580814362,0.0007523696986027062,0.7976280450820923,0.05259678512811661,0.0006292287143878639,2.7451474426953837e-10,4.8717999999999995
242,22.980810165405273,22.97719955444336,0.0663410872220993,0.0007379798917099833,0.8020709753036499,0.05042845383286476,0.0006185630336403847,4.635861694524124e-10,4.8915999999999995
243,22.80982780456543,22.805341720581055,0.06224624440073967,0.000913397700060159,0.7943114638328552,0.05547279492020607,0.0004579686501529068,3.8467026786115355e-10,4.9113999999999995
244,22.731945037841797,22.727680206298828,0.050839249044656754,0.0008650525123812258,0.7985550165176392,0.05961722508072853,0.0002393215399933979,1.341382005470848e-10,4.9312
245,22.646915435791016,22.641258239746094,0.0529995933175087,0.001142806839197874,0.8046808838844299,0.04780960455536842,0.0004007078241556883,8.152291341989581e-11,4.951
246,22.52875518798828,22.523984909057617,0.0493646115064621,0.0009597990429028869,0.8136590123176575,0.037768688052892685,0.00041768315713852644,3.184695562818973e-10,4.9708
247,22.63639259338379,22.63138771057129,0.04360145330429077,0.0010030242847278714,0.8278989791870117,0.033585429191589355,0.0004239441186655313,2.8798693985088164e-10,4.9906
248,22.598283767700195,22.595033645629883,0.050516169518232346,0.0006488170474767685,0.8152343034744263,0.0378992035984993,0.0003791500348597765,1.2372489144318877e-10,5.0104
249,23.14610481262207,23.14331817626953,0.0746377557516098,0.0005539570120163262,0.8125374913215637,0.03830917924642563,0.0006207499536685646,2.415673772127036e-10,5.0302
250,23.10405921936035,23.10262680053711,0.07293003797531128,0.0002835395571310073,0.7998996376991272,0.05109449848532677,0.0004520871152635664,2.1718843390416964e-10,5.05
251,23.405778884887695,23.404525756835938,0.0850372314453125,0.00024702874361537397,0.810416042804718,0.040498021990060806,0.0005743258516304195,4.62922367105989e-10,5.0698
252,23.506349563598633,23.505489349365234,0.09039877355098724,0.00016887413221411407,0.7981374859809875,0.05147333815693855,0.0005249131936579943,4.437894496334138e-10,5.0896
253,23.899673461914062,23.898786544799805,0.10012377798557281,0.00017368131375405937,0.7817447781562805,0.07382018119096756,0.0006569256074726582,3.2502356361874263e-10,5.1094
254,23.477142333984375,23.47677993774414,0.07824914157390594,7.068105333019048e-05,0.7778695225715637,0.08279743045568466,0.0003876719856634736,5.955174131599961e-10,5.1292
255,22.732669830322266,22.732534408569336,0.05442366003990173,2.640283855726011e-05,0.7782793641090393,0.07642102241516113,0.00044329153024591506,3.3144367805881814e-10,5.149
256,22.946468353271484,22.946447372436523,0.06563753634691238,4.237766006554011e-06,0.7878074645996094,0.06415018439292908,0.0006569589604623616,2.199236348587874e-10,5.1688
257,23.366472244262695,23.366451263427734,0.07999030500650406,4.128561158722732e-06,0.7962880730628967,0.05817076936364174,0.0005222568870522082,2.618722461100731e-10,5.1886
258,23.376115798950195,23.3761043548584,0.08146551251411438,2.256965217384277e-06,0.7979667782783508,0.055457498878240585,0.0003859979042317718,2.5610896736694144e-10,5.2084
259,23.74988555908203,23.749874114990234,0.08522973209619522,2.365478167121182e-06,0.8213759064674377,0.04322079196572304,0.0004213206411805004,2.005177135444569e-10,5.2282
260,23.50674819946289,23.50674057006836,0.0772302895784378,1.3459882666211342e-06,0.8248583674430847,0.03792355954647064,0.0006432563532143831,6.490594728347787e-10,5.248
261,23.09550666809082,23.09549903869629,0.06607091426849365,1.4297243069449905e-06,0.8161594271659851,0.041401538997888565,0.00047017712495289743,3.818139415745492e-10,5.2678
262,23.02334976196289,23.023345947265625,0.061587855219841,7.491287874472619e-07,0.8267006278038025,0.03237105533480644,0.0006858753622509539,4.754995286404551e-10,5.2876
263,22.4760684967041,22.476064682006836,0.04503212869167328,6.620832095904916e-07,0.8070369958877563,0.04680074751377106,0.0004318386490922421,4.317822488442147e-10,5.3074
264,22.330215454101562,22.33021354675293,0.0389476902782917,3.5174235790691455e-07,0.809226930141449,0.04488666355609894,0.0003681721573229879,2.7400059998683446e-10,5.3272
265,22.51396942138672,22.513967514038086,0.04840988665819168,2.812069794799754e-07,0.798384964466095,0.05355529114603996,0.0005215637502260506,2.817354960438223e-10,5.347
266,22.35953712463379,22.35953712463379,0.04015975818037987,1.2997128351344145e-07,0.8229175806045532,0.03109554760158062,0.0005214330740272999,1.6785312029199417e-10,5.3668000000000005
267,22.402780532836914,22.402780532836914,0.043620120733976364,1.237292792666267e-07,0.8169510960578918,0.035364460200071335,0.00043892019311897457,2.542983879028071e-10,5.3866000000000005
268,22.485719680786133,22.485719680786133,0.04505866393446922,7.619905062483667e-08,0.8248711824417114,0.02924240007996559,0.0006412928341887891,3.61100122026059e-10,5.4064000000000005
269,22.332164764404297,22.332164764404297,0.040754616260528564,4.9309587524248855e-08,0.8032435774803162,0.04911362752318382,0.00043703243136405945,2.420914024803267e-10,5.426200000000001
270,22.36811637878418,22.36811637878418,0.04303773492574692,1.1649580500261436e-07,0.8026630878448486,0.04881914332509041,0.0005118349217809737,3.9676048557701904e-10,5.446000000000001
271,22.204639434814453,22.204639434814453,0.03692023456096649,1.303630199345207e-07,0.807058572769165,0.04407346993684769,0.0003332530613988638,2.6531671304397264e-10,5.4658
272,22.491479873657227,22.491477966308594,0.04710598289966583,2.7797912593996443e-07,0.8124551773071289,0.03985455259680748,0.0006083856569603086,3.569710638196e-10,5.4856
273,22.2822208404541,22.28221893310547,0.03962850943207741,3.977196740834188e-07,0.8154622912406921,0.03598521649837494,0.0005319370538927615,6.020434151210452e-10,5.5054
274,22.5411319732666,22.541128158569336,0.05177602916955948,8.383222507291066e-07,0.8035018444061279,0.046156443655490875,0.0005269371322356164,3.746922216940618e-10,5.5252
275,22.710739135742188,22.71073341369629,0.05786720663309097,1.0376842283221777e-06,0.792608380317688,0.057731930166482925,0.0005543958977796137,2.621481920428437e-10,5.545
276,22.56873893737793,22.568727493286133,0.04634507745504379,2.095668378387927e-06,0.805229902267456,0.05093942955136299,0.0005868562730029225,2.3626139933341506e-10,5.5648
277,22.286470413208008,22.28645896911621,0.03886837512254715,2.0898573893646244e-06,0.7849085927009583,0.06750079244375229,0.0004514911852311343,2.2128408827537527e-10,5.5846
278,22.248199462890625,22.248178482055664,0.039572834968566895,3.653272642623051e-06,0.7882881164550781,0.06182676553726196,0.0005985599127598107,3.3272676280837743e-10,5.6044
279,22.39773941040039,22.397720336914062,0.04304984211921692,3.400703462830279e-06,0.788558840751648,0.06411147862672806,0.00047162233386188745,5.002602221360064e-10,5.6242
280,22.811359405517578,22.811328887939453,0.05894990265369415,5.280795903672697e-06,0.7931115627288818,0.060086965560913086,0.0007618291419930756,6.318746081923621e-10,5.644
281,22.711462020874023,22.711441040039062,0.05557812750339508,3.717128038260853e-06,0.8182719349861145,0.034323614090681076,0.0007099436479620636,3.9215752867249876e-10,5.6638
282,22.71685028076172,22.71666717529297,0.049939170479774475,3.237232522224076e-05,0.8168150782585144,0.0416879840195179,0.0005609926884062588,2.477361649155796e-10,5.683599999999999
283,23.119647979736328,23.119102478027344,0.07556290179491043,9.558223973726854e-05,0.8017427921295166,0.047249507158994675,0.0005221774918027222,3.2085337164922123e-10,5.703399999999999
284,22.971065521240234,22.969867706298828,0.05818621814250946,0.00020937483350280672,0.8190487623214722,0.041373323649168015,0.00046616807230748236,3.839713269560008e-10,5.723199999999999
285,23.126415252685547,23.12522315979004,0.059343867003917694,0.0002076285018119961,0.8422292470932007,0.023128487169742584,0.0007683578878641129,5.161994165447936e-10,5.742999999999999
286,23.02694320678711,23.025218963623047,0.06982913613319397,0.0002993188099935651,0.7955554723739624,0.0553516261279583,0.0006812151987105608,4.1165004738275e-10,5.7627999999999995
287,22.902631759643555,22.90050506591797,0.05284477770328522,0.00036762841045856476,0.816311776638031,0.04662489518523216,0.0005967420875094831,5.745737219342573e-10,5.7825999999999995
288,23.324155807495117,23.32027244567871,0.054530441761016846,0.0006693901377730072,0.7805632948875427,0.09751646965742111,0.0005017410148866475,2.703728352315693e-10,5.8024
289,22.45769691467285,22.453256607055664,0.03771384060382843,0.0007625762955285609,0.7845308780670166,0.07572567462921143,0.00039961820584721863,2.6364349592356007e-10,5.8222
290,22.389511108398438,22.38411521911621,0.04394518584012985,0.0009235678589902818,0.8079303503036499,0.04327879101037979,0.0005256458534859121,1.7138110375292115e-10,5.842
291,23.339513778686523,23.334272384643555,0.07173015922307968,0.0008943109423853457,0.8382014036178589,0.023204021155834198,0.0005882583209313452,3.3311878255837257e-10,5.8618
292,24.67045783996582,24.664222717285156,0.12998290359973907,0.0010602028341963887,0.8235339522361755,0.03281569853425026,0.0005909575847908854,4.924973207032224e-10,5.8816
293,24.59008026123047,24.58477020263672,0.1221885234117508,0.000899834674783051,0.838028609752655,0.022947240620851517,0.000566053029615432,3.27655458320919e-10,5.9014
294,24.01136589050293,24.005685806274414,0.10283531248569489,0.0009592671995051205,0.8153737783432007,0.04176326468586922,0.0006378859980031848,3.0699615072293795e-10,5.9212
295,23.90593147277832,23.90083885192871,0.09610377252101898,0.0008571335347369313,0.8114500045776367,0.04828585684299469,0.00048485476872883737,1.6234794064651226e-10,5.941
296,23.477582931518555,23.472749710083008,0.08486282080411911,0.0008108290494419634,0.8171980381011963,0.036608848720788956,0.0006005394970998168,3.634636203120323e-10,5.9608
297,22.998525619506836,22.99476432800293,0.06421360373497009,0.0006288683507591486,0.7764351963996887,0.07893490791320801,0.0005171295488253236,3.3946889743674546e-10,5.9806
298,22.275344848632812,22.271751403808594,0.03803526610136032,0.0005988759803585708,0.7849791646003723,0.0675831213593483,0.0006812647916376591,3.9436814924798114e-10,6.0004
299,22.313825607299805,22.309232711791992,0.03382594883441925,0.000763029616791755,0.7809629440307617,0.0773959532380104,0.0004612550837919116,3.7084388337937924e-10,6.0202
300,22.43599510192871,22.431589126586914,0.03789157420396805,0.0007293482194654644,0.7780964970588684,0.08107814192771912,0.0004936963669024408,2.9043928373440053e-10,6.04
301,22.642887115478516,22.63787269592285,0.05269695073366165,0.0008275370928458869,0.8139296174049377,0.03860056772828102,0.0007196853985078633,2.2238497154880577e-10,6.0598
302,22.74338722229004,22.737234115600586,0.05927405506372452,0.0010122413514181972,0.7959792017936707,0.054074306041002274,0.000404274818720296,3.496888334453274e-10,6.0796
303,23.26760482788086,23.254741668701172,0.07431512326002121,0.0021087750792503357,0.8268342614173889,0.028744922950863838,0.0007385869394056499,3.7371539196584536e-10,6.099399999999999
304,22.695621490478516,22.679214477539062,0.05347409099340439,0.002681134734302759,0.820735514163971,0.032728005200624466,0.0005771415308117867,3.663138403720012e-10,6.119199999999999
305,22.77530288696289,22.750947952270508,0.052111200988292694,0.003967254422605038,0.825497567653656,0.032193027436733246,0.0005902482662349939,2.5473709253098775e-10,6.138999999999999
306,22.59787940979004,22.577451705932617,0.046005748212337494,0.0033167197834700346,0.8036909699440002,0.05322951450943947,0.00042954066884703934,5.122839930038481e-10,6.158799999999999
307,22.65938377380371,22.62710952758789,0.042563311755657196,0.005223683547228575,0.813183069229126,0.04901482164859772,0.0008080077823251486,3.940164305937799e-10,6.178599999999999
308,22.322345733642578,22.294076919555664,0.03339383751153946,0.004560794215649366,0.8011491894721985,0.05692494288086891,0.0007374825072474778,1.716783104566133e-10,6.1983999999999995
309,22.02001190185547,21.98702049255371,0.02822462096810341,0.005305666942149401,0.803955614566803,0.04704437777400017,0.0006404968444257975,4.277346254966119e-10,6.2181999999999995
310,22.089195251464844,22.07112693786621,0.02635837160050869,0.0028964788652956486,0.8159739971160889,0.04035234451293945,0.00040104761137627065,3.001726645024405e-10,6.2379999999999995
311,22.410852432250977,22.39306640625,0.036345578730106354,0.0028422765899449587,0.7928179502487183,0.0663791075348854,0.0004501284856814891,3.626204891915563e-10,6.2578
312,22.249799728393555,22.235445022583008,0.03643972426652908,0.0022865349892526865,0.7975000739097595,0.055270545184612274,0.0005185369518585503,6.898991933290688e-10,6.2776
313,22.902873992919922,22.885393142700195,0.04249415546655655,0.0027760262601077557,0.8034349083900452,0.06927470862865448,0.0005299574695527554,3.856142349878411e-10,6.2974
314,22.460079193115234,22.43056297302246,0.04560520499944687,0.004672225099056959,0.7925906777381897,0.05872705206274986,0.0007487595430575311,3.569270434766736e-10,6.3172
315,22.52920913696289,22.505277633666992,0.048713237047195435,0.0037764825392514467,0.8124792575836182,0.038783397525548935,0.0005880442913621664,2.687950972912745e-10,6.337
316,21.986879348754883,21.960824966430664,0.028072893619537354,0.00409857789054513,0.7941564917564392,0.05601200833916664,0.0004788718943018466,4.111900264724966e-10,6.3568
317,21.809810638427734,21.793472290039062,0.021860433742403984,0.0025621317327022552,0.802688717842102,0.04699390009045601,0.0004896126338280737,2.240227725547328e-10,6.3766
318,21.91494369506836,21.893714904785156,0.024348827078938484,0.0033189787063747644,0.8081533908843994,0.04303617402911186,0.000525481766089797,2.5616950227735913e-10,6.3964
319,21.98021125793457,21.965312957763672,0.021816082298755646,0.0023219441063702106,0.8004137277603149,0.05620390549302101,0.00044682028237730265,4.1411912787836513e-10,6.4162
320,22.066320419311523,22.052371978759766,0.02930234558880329,0.0021673867013305426,0.806879997253418,0.04566497355699539,0.000618698715697974,5.048649276417905e-10,6.436
321,22.235551834106445,22.228899002075195,0.02755286917090416,0.0010304056340828538,0.7991092205047607,0.0622977651655674,0.0004903303342871368,2.114473873771061e-10,6.4558
322,21.789812088012695,21.783676147460938,0.01914529874920845,0.0009475686820223927,0.8118393421173096,0.04018797352910042,0.0004360141756478697,2.698860301908468e-10,6.4756
323,22.246994018554688,22.242839813232422,0.02454860508441925,0.0006394732627086341,0.7966795563697815,0.06827351450920105,0.0005299079930409789,2.529426390562861e-10,6.4954
324,21.8336238861084,21.829227447509766,0.018766630440950394,0.0006749270833097398,0.7918949127197266,0.06233729422092438,0.00042567765922285616,3.258279757112348e-10,6.5152
325,21.69829559326172,21.695446014404297,0.01823483407497406,0.00043610823922790587,0.7981718182563782,0.051224563270807266,0.0004662529972847551,2.1891369272886152e-10,6.535
326,21.791227340698242,21.788000106811523,0.014227436855435371,0.0004923489177599549,0.8019683361053467,0.05516200512647629,0.0004057176411151886,4.5000855819488095e-10,6.5548
327,21.783855438232422,21.780200958251953,0.01809709519147873,0.0005557549884542823,0.8056597113609314,0.0472363717854023,0.0005371409934014082,3.466439635335661e-10,6.5746
328,22.072986602783203,22.06832504272461,0.022491242736577988,0.0007068603881634772,0.817001461982727,0.04300328716635704,0.0005924028810113668,3.9732367396183577e-10,6.5944
329,22.229778289794922,22.22478485107422,0.03205903619527817,0.0007549216388724744,0.8239672183990479,0.032672908157110214,0.0007307330961339176,3.474864562758029e-10,6.6142
330,22.161252975463867,22.155513763427734,0.02658538520336151,0.0008651857497170568,0.8260107040405273,0.033343009650707245,0.0007033685687929392,4.828883404250917e-10,6.634
331,21.874114990234375,21.86737060546875,0.019906800240278244,0.0010136949131265283,0.810780942440033,0.04383496940135956,0.0004302908491808921,2.0561156943710301e-10,6.6538
332,22.075538635253906,22.069053649902344,0.026739880442619324,0.000971783883869648,0.8164185881614685,0.039385661482810974,0.0005449236487038434,1.5859495661185719e-10,6.6736
333,22.552602767944336,22.546483993530273,0.038338471204042435,0.0009141391492448747,0.8093836307525635,0.053903330117464066,0.0005847464199177921,3.582758256737151e-10,6.6934000000000005
334,22.064273834228516,22.05888557434082,0.02918713167309761,0.0008024957496672869,0.8087820410728455,0.04418877139687538,0.0004936563200317323,4.0946415702514116e-10,6.7132000000000005
335,22.25089454650879,22.246267318725586,0.04000255838036537,0.0006871201912872493,0.7958607077598572,0.05379919707775116,0.0004704538732767105,5.520256474156326e-10,6.7330000000000005
336,22.486330032348633,22.483627319335938,0.048097990453243256,0.00040031137177720666,0.8024730086326599,0.04850488901138306,0.000673026021104306,3.812694604476974e-10,6.752800000000001
337,22.330297470092773,22.328222274780273,0.033337194472551346,0.0003062936884816736,0.8123469948768616,0.04726875200867653,0.0004399009048938751,2.1673038363978492e-10,6.772600000000001
338,22.443653106689453,22.44213104248047,0.04516717419028282,0.00022407564392779022,0.8105312585830688,0.041734203696250916,0.0006315296050161123,3.120342872975357e-10,6.792400000000001
339,22.373289108276367,22.371746063232422,0.039740923792123795,0.00022660639660898596,0.8079128265380859,0.04694567620754242,0.0006760733085684478,4.5889470001725385e-10,6.812200000000001
340,22.10626792907715,22.1057186126709,0.026037294417619705,8.038797386689112e-05,0.7864309549331665,0.07160305976867676,0.000393459020415321,3.658789105021043e-10,6.832000000000001
341,21.91392707824707,21.912561416625977,0.02568640001118183,0.00019936445460189134,0.8043574690818787,0.0462786890566349,0.0004498072958085686,1.9063210732195301e-10,6.851800000000001
342,22.526838302612305,22.525007247924805,0.04575230926275253,0.00026637635892257094,0.8240171074867249,0.031001009047031403,0.0005747620016336441,2.9609115159701105e-10,6.871600000000001
343,22.82412338256836,22.822160720825195,0.055562831461429596,0.0002848542935680598,0.7931849956512451,0.06392788141965866,0.000526784046087414,2.828571821211767e-10,6.891400000000001
344,22.687360763549805,22.683252334594727,0.0530412495136261,0.0005943818832747638,0.8148272633552551,0.03917701542377472,0.000711509317625314,1.7875045887905117e-10,6.911199999999999
345,22.40756607055664,22.40309715270996,0.045362841337919235,0.000644759857095778,0.802627682685852,0.04785006493330002,0.0007082491065375507,6.098732074910629e-10,6.930999999999999
346,22.07117462158203,22.064250946044922,0.02747667208313942,0.0009961019968613982,0.806464433670044,0.04840998724102974,0.0005474713980220258,8.422962327614414e-10,6.950799999999999
347,21.92051124572754,21.914945602416992,0.01981300860643387,0.0007984598632901907,0.7983712553977966,0.058270618319511414,0.0003572100249584764,3.1559224678012754e-10,6.970599999999999
348,22.008819580078125,22.000640869140625,0.028893616050481796,0.001169992028735578,0.8027921915054321,0.048053279519081116,0.0007164126727730036,2.891467620891319e-10,6.990399999999999
349,22.144174575805664,22.13866424560547,0.022438127547502518,0.0007859886391088367,0.7781542539596558,0.08478251844644547,0.00042936927638947964,3.987792596138462e-10,7.010199999999999
350,21.993425369262695,21.986103057861328,0.02579415962100029,0.001041684066876769,0.8236626386642456,0.029688816517591476,0.0007463659276254475,4.684068688476373e-10,7.029999999999999
351,21.963207244873047,21.955305099487305,0.022994430735707283,0.0011208096984773874,0.7993227243423462,0.055657461285591125,0.000593867851421237,4.7726933516401e-10,7.049799999999999
352,22.044910430908203,22.036928176879883,0.025729645043611526,0.0011291195405647159,0.8051640391349792,0.050318505614995956,0.0006622329819947481,4.259760877367569e-10,7.069599999999999
353,22.201786041259766,22.195735931396484,0.02791425585746765,0.0008533194777555764,0.7978047728538513,0.06184641271829605,0.0006599593325518072,3.9745717828054694e-10,7.0893999999999995
354,21.886363983154297,21.88118553161621,0.022894132882356644,0.0007284317398443818,0.8048760294914246,0.04724503681063652,0.0005805945838801563,2.3320093078815773e-10,7.1091999999999995
355,21.79533576965332,21.78823471069336,0.02142496034502983,0.0009961276082322001,0.8060896396636963,0.04381956160068512,0.0004881458298768848,3.820432858958611e-10,7.129
356,21.988895416259766,21.982275009155273,0.021844852715730667,0.0009260462829843163,0.8111452460289001,0.04608062282204628,0.0005506645538844168,4.646366902338883e-10,7.1488
357,22.207731246948242,22.199832916259766,0.03618241474032402,0.001101708854548633,0.8009542226791382,0.050581689924001694,0.0006876359111629426,4.755065230455102e-10,7.1686
358,21.918230056762695,21.901168823242188,0.022496555000543594,0.0023735554423183203,0.7931308746337891,0.060220859944820404,0.0004961540689691901,2.5206753351270095e-10,7.1884
359,21.974578857421875,21.95119857788086,0.02460351213812828,0.003243597922846675,0.7977543473243713,0.05546505004167557,0.0005624318146146834,6.712778111150897e-10,7.2082
360,22.06789207458496,22.045618057250977,0.02795420214533806,0.003081748727709055,0.8144904375076294,0.03908035531640053,0.0007493379525840282,2.6717611456561485e-10,7.228
361,22.067541122436523,22.031700134277344,0.02637237124145031,0.004945092368870974,0.8184756636619568,0.036153826862573624,0.0006654585595242679,3.2571140229364914e-10,7.2478
362,22.137296676635742,22.102184295654297,0.023368019610643387,0.004831275902688503,0.8256288170814514,0.03482507914304733,0.0006636967882514,3.977911888775054e-10,7.2676
363,22.043981552124023,22.021364212036133,0.022301333025097847,0.0031037242151796818,0.8311821222305298,0.027128437533974648,0.0006067591602914035,2.9603045015313967e-10,7.2874
364,21.71452522277832,21.714221954345703,0.0186556875705719,4.1557246731827036e-05,0.8061646819114685,0.043580181896686554,0.0004207281454000622,1.4638124046228995e-10,7.3072
365,21.859146118164062,21.819332122802734,0.021561339497566223,0.005433973856270313,0.8146135807037354,0.03641369193792343,0.00046165683306753635,1.3557761857629913e-10,7.327
366,21.8503360748291,21.789262771606445,0.017975198104977608,0.00831298902630806,0.7925003170967102,0.06091807782649994,0.00044238261762075126,2.799025455857418e-10,7.3468
367,21.75735855102539,21.75688362121582,0.01961561292409897,6.450081127695739e-05,0.8051714301109314,0.04526418074965477,0.0005600934382528067,2.58657012475183e-10,7.3666
368,21.82900619506836,21.815364837646484,0.017645258456468582,0.0018468431662768126,0.7873852849006653,0.06738720834255219,0.0004921819781884551,3.122937741739662e-10,7.3864
369,21.739294052124023,21.71759796142578,0.016220083460211754,0.0029293899424374104,0.8031083345413208,0.04920036718249321,0.00043777524842880666,4.686633858774769e-10,7.4062
370,22.125391006469727,22.104312896728516,0.025949668139219284,0.002838351298123598,0.8231192827224731,0.034831512719392776,0.0006800859118811786,5.414485526600288e-10,7.426
371,22.1839599609375,22.170654296875,0.03001289814710617,0.0017870194278657436,0.8174471259117126,0.03917095810174942,0.00048780979705043137,4.1937550654402855e-10,7.4458
372,22.387100219726562,22.376253128051758,0.0439072884619236,0.001452912692911923,0.8156877160072327,0.03523654118180275,0.0005464836140163243,1.4287562799530917e-10,7.4656
373,22.043228149414062,22.036073684692383,0.027503373101353645,0.0009558944148011506,0.7963882684707642,0.057326748967170715,0.0005616115522570908,3.15401288419892e-10,7.4854
374,22.073871612548828,22.06976890563965,0.032904867082834244,0.0005465836147777736,0.7902753353118896,0.059404000639915466,0.00051633280236274,2.6038984857201797e-10,7.5052
375,22.330116271972656,22.326980590820312,0.040615182369947433,0.00041679784771986306,0.8002297878265381,0.05203436315059662,0.0004996894858777523,3.3329825011030323e-10,7.525
376,21.91923713684082,21.91798973083496,0.02724069356918335,0.00016528920968994498,0.8001530766487122,0.04912972077727318,0.0004904406960122287,2.503089402416947e-10,7.5447999999999995
377,21.87114715576172,21.86859893798828,0.02213915064930916,0.00033682151115499437,0.7853073477745056,0.06711017340421677,0.0004683967854361981,3.752475552509793e-10,7.5645999999999995
378,22.111282348632812,22.107942581176758,0.02243421971797943,0.00044032701407559216,0.8277709484100342,0.033880311995744705,0.0005805129767395556,1.579533448481385e-10,7.5844
379,22.085050582885742,22.081937789916992,0.02918962389230728,0.00040924889617599547,0.7855473756790161,0.0683087557554245,0.0005792609299533069,3.17681908557077e-10,7.6042
380,22.30699920654297,22.304262161254883,0.04062160104513168,0.00035910343285650015,0.7950257062911987,0.05628446862101555,0.0005967469769529998,4.2591508098155373e-10,7.624
381,22.507614135742188,22.504392623901367,0.043504610657691956,0.0004215000371914357,0.788713812828064,0.06770570576190948,0.0006288683507591486,1.9202907319826323e-10,7.6438
382,22.58822250366211,22.584243774414062,0.05090209096670151,0.0005190689698792994,0.7889063954353333,0.06330110877752304,0.0006504042539745569,4.937681929995108e-10,7.6636
383,22.166481018066406,22.161170959472656,0.0363294780254364,0.000691136228851974,0.7928124666213989,0.0571061335504055,0.0004965930129401386,3.437908013825819e-10,7.6834
384,22.325685501098633,22.321029663085938,0.03398216888308525,0.0006044608890078962,0.8115098476409912,0.04712098464369774,0.0005704004433937371,3.0796032390867367e-10,7.7032
385,22.044931411743164,22.041345596313477,0.029579516500234604,0.0004642157582566142,0.8036633729934692,0.04816324636340141,0.0006191222346387804,4.3480744005286454e-10,7.723
386,21.75617790222168,21.752696990966797,0.018990961834788322,0.00044952562893740833,0.8085367679595947,0.04237503558397293,0.0005129308556206524,2.80399120589081e-10,7.7428
387,21.799747467041016,21.79606819152832,0.014899221248924732,0.00047404205542989075,0.8136844038963318,0.04306509345769882,0.0004850732220802456,4.770185357827472e-10,7.7626
388,21.93952751159668,21.93516731262207,0.023906204849481583,0.0005603830213658512,0.8123505711555481,0.040892791002988815,0.0006429564673453569,2.7408775249426753e-10,7.7824
389,21.768217086791992,21.76423454284668,0.01915784366428852,0.0005105548189021647,0.8090565204620361,0.04215926304459572,0.0004891774733550847,3.0487889990382655e-10,7.8022
390,21.975175857543945,21.972124099731445,0.026462722569704056,0.0003902695025317371,0.819886326789856,0.032292578369379044,0.0006084671476855874,2.013848948712038e-10,7.822
391,22.175424575805664,22.172813415527344,0.019908564165234566,0.0003329188912175596,0.7978612780570984,0.06897702068090439,0.0004141507379245013,3.36252248267499e-10,7.8418
392,21.94294548034668,21.940277099609375,0.02078627422451973,0.0003393237420823425,0.8027355074882507,0.053932297974824905,0.0003926085482817143,3.5453531777029923e-10,7.8616
393,22.350276947021484,22.34727668762207,0.039500974118709564,0.0003806567401625216,0.813308835029602,0.04081641510128975,0.0006621032953262329,2.6781885043014597e-10,7.8814
394,22.451175689697266,22.447776794433594,0.042665012180805206,0.0004301229491829872,0.8233222961425781,0.03171851113438606,0.0005131381913088262,5.210478160044829e-10,7.9012
395,22.99605941772461,22.993127822875977,0.05805041268467903,0.00037000287557020783,0.805433452129364,0.056034717708826065,0.0005165938637219369,1.7323394108093026e-10,7.921
396,22.66888427734375,22.666791915893555,0.05537112057209015,0.00026341091142967343,0.8072338700294495,0.0438084602355957,0.0006456913542933762,4.454879243276366e-10,7.9408
397,22.2884521484375,22.286531448364258,0.041667915880680084,0.00024116305576171726,0.7998961806297302,0.04967070743441582,0.0005660231108777225,2.2013471601134427e-10,7.9606
398,22.177852630615234,22.176027297973633,0.03314920514822006,0.00022867989900987595,0.800421953201294,0.053250305354595184,0.0005490893963724375,4.2476361317156375e-10,7.9804
399,21.912220001220703,21.910327911376953,0.019760504364967346,0.0002365055406698957,0.8015154004096985,0.05495089665055275,0.0004657423123717308,3.9262637585579796e-10,8.000200000000001
400,21.74468421936035,21.7431583404541,0.01882639154791832,0.0001902811782201752,0.8005439043045044,0.05013783648610115,0.0005455718492157757,4.4620490635693955e-10,8.020000000000001
401,21.89339256286621,21.89238929748535,0.02449629083275795,0.0001248824701178819,0.7837592959403992,0.06731284409761429,0.00031780838617123663,1.9034114562277438e-10,8.039800000000001
402,22.23094367980957,22.2302303314209,0.03968866541981697,8.858833461999893e-05,0.8023974895477295,0.04690070077776909,0.0005560269928537309,2.0370645448242186e-10,8.059600000000001
403,22.66704559326172,22.66636085510254,0.05270406976342201,8.464150596410036e-05,0.8142730593681335,0.03944726660847664,0.0005750193959102035,2.8533636564631593e-10,8.079400000000001
404,22.172752380371094,22.171890258789062,0.03717966750264168,0.00010636074148351327,0.8071250915527344,0.04241174831986427,0.0003978312306571752,2.9189978212329493e-10,8.099200000000002
405,22.5103702545166,22.50957489013672,0.05022494122385979,9.786629379959777e-05,0.8045129179954529,0.04543779417872429,0.000518342072609812,1.97136529322961e-10,8.119
406,22.6761531829834,22.67552375793457,0.0537082813680172,7.723229646217078e-05,0.8151089549064636,0.03798932954668999,0.0005359658389352262,2.7211530251314286e-10,8.1388
407,22.038434982299805,22.037931442260742,0.032061848789453506,6.16846009506844e-05,0.7972699999809265,0.052051227539777756,0.00033551082015037537,2.335997506541787e-10,8.1586
408,21.985206604003906,21.984628677368164,0.028112512081861496,7.05796483089216e-05,0.8150414824485779,0.03596201911568642,0.0006729578599333763,4.77142825250354e-10,8.1784
409,21.91706085205078,21.916339874267578,0.023813433945178986,8.801071089692414e-05,0.8000900149345398,0.05250336602330208,0.0006169459666125476,4.256637264887786e-10,8.1982
410,21.925708770751953,21.924867630004883,0.02628663182258606,0.00010232843487756327,0.7900902628898621,0.06040944159030914,0.000520983012393117,3.240263335424487e-10,8.218
411,21.919870376586914,21.91911506652832,0.025707919150590897,9.16895005502738e-05,0.7962396144866943,0.05467528477311134,0.00035438162740319967,2.2044192860004586e-10,8.2378
412,22.451080322265625,22.450584411621094,0.03994215652346611,6.0034177295165136e-05,0.7846487760543823,0.07327603548765182,0.0003910959931090474,2.939039844829239e-10,8.2576
413,22.33930778503418,22.338871002197266,0.04114827141165733,5.2688526920974255e-05,0.8117407560348511,0.04047262668609619,0.0004829009703826159,3.043092444698914e-10,8.2774
414,22.510875701904297,22.510482788085938,0.05058233439922333,4.7242698201444e-05,0.8084549307823181,0.04119710624217987,0.0004623976128641516,2.136082838388731e-10,8.2972
415,22.45981216430664,22.45928955078125,0.043271515518426895,6.283500988502055e-05,0.8046523928642273,0.050276707857847214,0.0004273587837815285,2.7040278349765856e-10,8.317
416,22.20526695251465,22.20464515686035,0.038267068564891815,7.458111213054508e-05,0.8074594736099243,0.04228886589407921,0.0004259008856024593,3.7426536869666904e-10,8.3368
417,21.981924057006836,21.98139762878418,0.023560132831335068,6.29345522611402e-05,0.7970989346504211,0.05840332433581352,0.0004838719905819744,5.168266370425556e-10,8.3566
418,21.879932403564453,21.87936782836914,0.02161787822842598,6.735162605764344e-05,0.791260302066803,0.06209998577833176,0.00049138895701617,2.923797315368404e-10,8.3764
419,21.859188079833984,21.858428955078125,0.024487445130944252,9.031350782606751e-05,0.7915011644363403,0.05812554806470871,0.0005575155955739319,2.366450368995743e-10,8.3962
420,22.06827163696289,22.067302703857422,0.029518643394112587,0.0001151211399701424,0.7861913442611694,0.06684610247612,0.00034015599521808326,2.063330756252313e-10,8.416
421,22.239675521850586,22.238618850708008,0.03229562193155289,0.00012517104914877564,0.784976065158844,0.0720851868391037,0.0004697000840678811,1.176351516196661e-10,8.4358
422,22.20569610595703,22.204792022705078,0.03740650787949562,0.00010700298298615962,0.7966242432594299,0.053901899605989456,0.0006475959089584649,4.4348633099211554e-10,8.4556
423,22.2567138671875,22.25609016418457,0.03506864979863167,7.350991654675454e-05,0.8197845220565796,0.035188380628824234,0.00050513562746346,2.050293962385652e-10,8.4754
424,22.14973258972168,22.14901351928711,0.03455480933189392,8.458351658191532e-05,0.7972395420074463,0.05401395261287689,0.00038045280962251127,1.9601323342222088e-10,8.4952
425,21.792774200439453,21.792016983032227,0.02115851454436779,8.897997031453997e-05,0.7863674163818359,0.06398320943117142,0.0004288224736228585,1.962159046353662e-10,8.515
426,21.818572998046875,21.817548751831055,0.018159355968236923,0.00012010547652607784,0.791183352470398,0.0631638765335083,0.0004883966175839305,3.15559356423023e-10,8.5348
427,21.862472534179688,21.861534118652344,0.019148951396346092,0.00010975204349961132,0.8183069825172424,0.03678115829825401,0.0005607200437225401,3.740910914373785e-10,8.5546
428,21.802059173583984,21.80138397216797,0.021680541336536407,7.867025124141946e-05,0.8115781545639038,0.03863322362303734,0.00040876222192309797,2.7484595155335967e-10,8.574399999999999
429,21.96208953857422,21.96140480041504,0.027376525104045868,7.966072735143825e-05,0.8145774602890015,0.03629106283187866,0.0005276828887872398,2.986457192655223e-10,8.594199999999999
430,22.091604232788086,22.090763092041016,0.030993806198239326,9.754005441209301e-05,0.8211565613746643,0.031328234821558,0.0003800148842856288,1.285700018671676e-10,8.613999999999999
431,21.92331886291504,21.922151565551758,0.025244148448109627,0.0001351320097455755,0.8172699213027954,0.03421275317668915,0.0003982868802268058,2.7420193893235023e-10,8.633799999999999
432,21.874507904052734,21.873355865478516,0.023311462253332138,0.00013323080202098936,0.7915026545524597,0.059893131256103516,0.0005673824343830347,2.2095811291755751e-10,8.653599999999999
433,21.75322151184082,21.752225875854492,0.02062922716140747,0.00011471505422377959,0.7984493970870972,0.05075971037149429,0.0006266743293963373,3.671739301491783e-10,8.673399999999999
434,21.770795822143555,21.770021438598633,0.02100108377635479,8.906363655114546e-05,0.7893334031105042,0.060305655002593994,0.00040194904431700706,2.756588290964146e-10,8.6932
435,21.710617065429688,21.709716796875,0.014277428388595581,0.00010332576493965462,0.8119833469390869,0.04194776713848114,0.0004504189419094473,1.6174371564314782e-10,8.713
436,21.726999282836914,21.726106643676758,0.01563938334584236,0.00010224716243101284,0.7878041863441467,0.06541173905134201,0.00047222882858477533,1.7576126665197478e-10,8.7328
437,21.793487548828125,21.792333602905273,0.02044607326388359,0.00013194707571528852,0.7928856611251831,0.05815061181783676,0.0005274232826195657,4.914335050010266e-10,8.7526
438,21.82280731201172,21.821786880493164,0.023608949035406113,0.00011638861178653315,0.8012986779212952,0.047773413360118866,0.00047602198901586235,2.4692523026281776e-10,8.7724
439,21.846513748168945,21.845802307128906,0.022102495655417442,8.092350617516786e-05,0.8150437474250793,0.036434490233659744,0.0006284145638346672,3.123706571184215e-10,8.7922
440,21.603981018066406,21.603271484375,0.012695581652224064,8.055787475313991e-05,0.8131089806556702,0.03820519149303436,0.00030265000532381237,1.0369542030597145e-10,8.812
441,21.67232894897461,21.67162322998047,0.016110749915242195,7.982528768479824e-05,0.8115947842597961,0.03895923122763634,0.0005004277336411178,3.12024517334919e-10,8.8318
442,21.589059829711914,21.588253021240234,0.014362674206495285,9.121130278799683e-05,0.8028481602668762,0.04615269601345062,0.0004164744168519974,2.7132229796222873e-10,8.8516
443,21.77556610107422,21.77497100830078,0.014976400882005692,6.706911517539993e-05,0.821980893611908,0.03383462876081467,0.0005173037643544376,2.830349288274192e-10,8.8714
444,21.851511001586914,21.851078033447266,0.02409905381500721,4.8672398406779394e-05,0.8009894490242004,0.048675667494535446,0.000697289768140763,4.384171359284039e-10,8.8912
445,21.567840576171875,21.56749153137207,0.011913025751709938,3.916752029908821e-05,0.807956337928772,0.04266126826405525,0.00042268159450031817,4.3706763208639643e-10,8.911
446,21.742565155029297,21.74221420288086,0.018578272312879562,3.92819129046984e-05,0.7939286828041077,0.056967757642269135,0.0005347183323465288,2.940175325427674e-10,8.9308
447,21.838842391967773,21.838497161865234,0.01177249476313591,3.863537494908087e-05,0.7774147391319275,0.08415797352790833,0.000486989738419652,1.5637199868301366e-10,8.9506
448,21.688310623168945,21.687929153442383,0.01828281208872795,4.2422343540238217e-05,0.8002969026565552,0.04872633516788483,0.0005277630407363176,2.4690285926887157e-10,8.9704
449,21.830036163330078,21.82972526550293,0.019671468064188957,3.4516026062192395e-05,0.7792015075683594,0.0740823969244957,0.0005840941448695958,4.741383397011134e-10,8.9902
450,21.89711570739746,21.896862030029297,0.026788031682372093,2.8223976187291555e-05,0.8003178834915161,0.04855790361762047,0.0005266892840154469,2.681246891178546e-10,9.01
451,21.944337844848633,21.944053649902344,0.028072340413928032,3.1402170861838385e-05,0.7994075417518616,0.050104182213544846,0.0004449812404345721,3.185583186127161e-10,9.0298
452,21.81385040283203,21.813520431518555,0.0179026760160923,3.6402383557287976e-05,0.8095415830612183,0.04491577297449112,0.0004519595531746745,2.2698283530520058e-10,9.0496
453,21.78569984436035,21.7852725982666,0.016980543732643127,4.712437294074334e-05,0.8091750741004944,0.04504827782511711,0.0005175185506232083,1.845854580295736e-10,9.0694
454,21.819360733032227,21.8165283203125,0.017734704539179802,0.0003116245206911117,0.802242636680603,0.05248966068029404,0.0004852948186453432,5.084911935959724e-10,9.0892
455,21.69082260131836,21.687185287475586,0.01467665284872055,0.0003993402933701873,0.8052108883857727,0.04740750417113304,0.0004808228404726833,1.704349716913356e-10,9.109
456,21.580081939697266,21.570140838623047,0.013433889485895634,0.001089013647288084,0.7981821894645691,0.051008567214012146,0.00045230542309582233,3.9029532383771937e-10,9.1288
457,21.74709129333496,21.729778289794922,0.01733245886862278,0.001892329310066998,0.8123465776443481,0.039292119443416595,0.000549830321688205,1.6441550898527169e-10,9.1486
458,21.7833194732666,21.76605796813965,0.016391148790717125,0.0018828038591891527,0.7895524501800537,0.06452734768390656,0.00042846103315241635,2.960684752917331e-10,9.1684
459,22.047849655151367,22.030187606811523,0.02533983439207077,0.0019223162671551108,0.8023337721824646,0.05330468341708183,0.0005730868433602154,2.879151639323396e-10,9.1882
460,21.94877052307129,21.932886123657227,0.014695873484015465,0.0017249794909730554,0.7838042974472046,0.07866810262203217,0.0003678163920994848,2.7541560698729484e-10,9.208
461,21.693992614746094,21.680931091308594,0.013080975040793419,0.0014154730597510934,0.8259595036506653,0.028013456612825394,0.00045840945676900446,3.6810632320083414e-10,9.2278
462,21.768177032470703,21.75879669189453,0.015921099111437798,0.0010144205298274755,0.8221690654754639,0.03202437236905098,0.0005934648215770721,2.6060154034723837e-10,9.2476
463,21.655317306518555,21.645523071289062,0.010841114446520805,0.0010568940779194236,0.8251904845237732,0.02962353639304638,0.00041433676960878074,1.1899402296844386e-10,9.2674
464,21.90650749206543,21.894311904907227,0.009994391351938248,0.001313067739829421,0.8197799324989319,0.045848678797483444,0.00037365368916653097,5.011385750819386e-10,9.2872
465,21.699758529663086,21.684934616088867,0.014432074502110481,0.0015928162029013038,0.8047307133674622,0.048034343868494034,0.0005006114952266216,1.9342995261073526e-10,9.307
466,21.83241081237793,21.80689811706543,0.021400386467576027,0.0027355162892490625,0.8122739791870117,0.03838653489947319,0.0005375611945055425,2.4665347542196514e-10,9.3268
467,21.74696159362793,21.706588745117188,0.01658022217452526,0.0043195937760174274,0.8101854920387268,0.0412646047770977,0.0005832051974721253,2.4490101613316995e-10,9.3466
468,21.815067291259766,21.77174949645996,0.020034940913319588,0.004624804016202688,0.8104957342147827,0.040119536221027374,0.0005493350909091532,3.0545005413884496e-10,9.3664
469,21.889387130737305,21.82550621032715,0.02011057361960411,0.006805863697081804,0.8166181445121765,0.03606609255075455,0.0005638752481900156,2.0541296441578538e-10,9.386199999999999
470,21.845951080322266,21.791526794433594,0.015391997061669827,0.005786051508039236,0.8014563918113708,0.05462879315018654,0.0004596326034516096,3.3134658905531467e-10,9.405999999999999
471,22.60897445678711,22.59268569946289,0.037773698568344116,0.0017280415631830692,0.8020623922348022,0.0637105405330658,0.00040199849172495306,3.4260563830379454e-10,9.425799999999999
472,22.817567825317383,22.72163200378418,0.03934391587972641,0.010156581178307533,0.8003920912742615,0.06898526847362518,0.0003599650226533413,4.244238016593016e-10,9.445599999999999
473,22.439308166503906,22.312253952026367,0.038760144263505936,0.013423029333353043,0.7949650883674622,0.0585956797003746,0.0004232229257468134,2.7669549984565833e-10,9.465399999999999
474,22.296669006347656,22.19935417175293,0.030419399961829185,0.010259672068059444,0.8113232254981995,0.046037402004003525,0.0004853371065109968,1.8145226987620333e-10,9.485199999999999
475,22.216886520385742,22.197965621948242,0.031318407505750656,0.001990619581192732,0.8206913471221924,0.035685595124959946,0.0005580362631008029,2.0321523630517646e-10,9.504999999999999
476,22.46039581298828,22.42137908935547,0.04139518737792969,0.004096317570656538,0.8284800052642822,0.026793604716658592,0.00046590392594225705,4.2543599199085236e-10,9.524799999999999
477,22.56197166442871,22.53498077392578,0.04482352361083031,0.0028277707751840353,0.7983976602554321,0.05798264592885971,0.000488387537188828,3.5712530155329603e-10,9.544599999999999
478,22.519105911254883,22.497787475585938,0.043173328042030334,0.002228935481980443,0.8102153539657593,0.04640260711312294,0.00030066753970459104,2.683536171055323e-10,9.5644
479,22.020906448364258,22.005126953125,0.02811022289097309,0.0016465012449771166,0.8009069561958313,0.05101281404495239,0.00043773071956820786,1.1494634410968985e-10,9.5842
480,22.158905029296875,22.148422241210938,0.0286327563226223,0.001091433921828866,0.7969996333122253,0.060070332139730453,0.0005854072514921427,2.6822924437119866e-10,9.604
481,22.225414276123047,22.218156814575195,0.03715537115931511,0.0007540512597188354,0.800309956073761,0.051093555986881256,0.00041838386096060276,1.3670115039943198e-10,9.6238
482,22.447296142578125,22.442201614379883,0.04628688097000122,0.0005282501224428415,0.7946130037307739,0.056584443897008896,0.0005093065556138754,4.2928277599330045e-10,9.6436
483,22.793865203857422,22.78960418701172,0.05812343209981918,0.0004408790555316955,0.7827369570732117,0.07053884118795395,0.00046243201359175146,3.4322067410386126e-10,9.6634
484,22.737714767456055,22.732643127441406,0.0594056136906147,0.0005238003795966506,0.803044855594635,0.04665308818221092,0.0005055004148744047,1.9064128053969398e-10,9.6832
485,22.982194900512695,22.97722053527832,0.06613793969154358,0.0005126426694914699,0.8153751492500305,0.037397466599941254,0.0004456673050299287,2.582696001507401e-10,9.703
486,23.139780044555664,23.1397705078125,0.06192847341299057,1.0681778803700581e-06,0.7993158102035522,0.06413790583610535,0.0005216504214331508,2.4726010128262033e-10,9.7228
487,22.422876358032227,22.41758155822754,0.03869539499282837,0.0005434715421870351,0.7977839112281799,0.060031644999980927,0.0004808880912605673,2.344033855905536e-10,9.7426
488,22.87336540222168,22.868139266967773,0.05189777910709381,0.0005352889420464635,0.8214108347892761,0.04117331653833389,0.000609024369623512,2.6441845935032404e-10,9.7624
489,22.04376983642578,22.03948211669922,0.030969377607107162,0.0004383734776638448,0.802151083946228,0.048255570232868195,0.0005080385017208755,5.303917860466356e-10,9.7822
490,22.062175750732422,22.057289123535156,0.03265783190727234,0.0004985035047866404,0.7981969714164734,0.05121837183833122,0.0005460628890432417,1.8801141199453753e-10,9.802
491,22.35508155822754,22.348121643066406,0.04324707016348839,0.0007086877594701946,0.7930395603179932,0.05747063085436821,0.000419025745941326,1.3239349894167418e-10,9.8218
492,22.255720138549805,22.24740982055664,0.040343642234802246,0.0008444323320873082,0.8019662499427795,0.04738875851035118,0.000494323146995157,2.2891892548226878e-10,9.8416
493,22.24599266052246,22.23893928527832,0.03857405111193657,0.0007153174374252558,0.8008524775505066,0.0499611422419548,0.0004246064927428961,3.523552005724184e-10,9.8614
494,22.058326721191406,22.051679611206055,0.02195953205227852,0.0006726148421876132,0.7845972180366516,0.0753416046500206,0.000422141543822363,2.3267046622699183e-10,9.8812
495,21.790151596069336,21.782623291015625,0.020559899508953094,0.000760431110393256,0.8110541701316833,0.03956140577793121,0.00032363945501856506,1.0826158719501322e-10,9.901
496,21.840652465820312,21.831758499145508,0.01874387636780739,0.0008964286535046995,0.798839271068573,0.05550505965948105,0.0004553037288133055,4.840371436998225e-10,9.9208
497,21.889698028564453,21.88212776184082,0.020572185516357422,0.0007615985814481974,0.7989910840988159,0.05553536117076874,0.00046621504588983953,3.4582400831872917e-10,9.9406
498,22.176939010620117,22.171934127807617,0.03351397067308426,0.0005024465499445796,0.8123063445091248,0.04081939160823822,0.0005941002746112645,3.3623531736637347e-10,9.9604
499,22.22728729248047,22.222671508789062,0.035497862845659256,0.00046256891801021993,0.8201192617416382,0.03306305781006813,0.0005666245124302804,4.945537868117356e-10,9.9802
500,22.2716007232666,22.26667022705078,0.03743080422282219,0.0004930853028781712,0.82151198387146,0.03153574839234352,0.00047073085443116724,2.2221177675696424e-10,10.0
501,22.160675048828125,22.1546688079834,0.0348757728934288,0.0006005520699545741,0.8082097172737122,0.04290541633963585,0.0004896155442111194,1.9095469649954566e-10,10.0
502,22.27994728088379,22.274991989135742,0.0392150841653347,0.0004955921322107315,0.8025988936424255,0.048986777663230896,0.0004971580347046256,1.6632210886324827e-10,10.0
503,21.999910354614258,21.996198654174805,0.02668246440589428,0.0003711306781042367,0.7906293869018555,0.0623583123087883,0.0004443450307007879,2.672575216688955e-10,10.0
504,21.862863540649414,21.8592586517334,0.023218169808387756,0.00036058074329048395,0.7934414148330688,0.05749659612774849,0.000535501167178154,3.0628988234582266e-10,10.0
505,21.81960678100586,21.8159122467041,0.01759040541946888,0.0003693944890983403,0.7832080721855164,0.07170877605676651,0.00032301776809617877,1.8209893315468406e-10,10.0
506,21.958248138427734,21.9555721282959,0.02273416891694069,0.0002676617878023535,0.8128879070281982,0.0423879437148571,0.0005322810611687601,4.916008711219888e-10,10.0
507,21.87950897216797,21.877792358398438,0.02532516047358513,0.00017169190687127411,0.7990496158599854,0.05054670572280884,0.0004754692781716585,2.0436692615977137e-10,10.0
508,22.18054962158203,22.179386138916016,0.03369023650884628,0.00011640155571512878,0.8224976658821106,0.030732501298189163,0.0006376456003636122,3.805781523258389e-10,10.0
509,22.00447654724121,22.003307342529297,0.029351571574807167,0.00011692802218021825,0.7989464998245239,0.051635000854730606,0.0004980161320418119,2.824364075948438e-10,10.0
510,22.26959228515625,22.26825523376465,0.040348585695028305,0.00013365148333832622,0.7990923523902893,0.05107100307941437,0.0005456283106468618,3.4992150843571324e-10,10.0
511,21.980525970458984,21.979475021362305,0.026861168444156647,0.00010501319047762081,0.8027049899101257,0.04946111887693405,0.00037909994716756046,2.2407063704488195e-10,10.0
512,22.015039443969727,22.014217376708984,0.03137439489364624,8.22373476694338e-05,0.7978797554969788,0.05114196985960007,0.0004313989484217018,2.885645333794429e-10,10.0
513,21.982074737548828,21.981046676635742,0.028447076678276062,0.00010287339682690799,0.7959912419319153,0.05456751957535744,0.0005900815012864769,1.9829723973963098e-10,10.0
514,21.811307907104492,21.809894561767578,0.02287220023572445,0.00014135691162664443,0.8018847107887268,0.04745854437351227,0.00045081833377480507,3.1475541617531633e-10,10.0
515,21.829532623291016,21.82810401916504,0.022760849446058273,0.00014282172196544707,0.8097150325775146,0.0404328890144825,0.0005384194664657116,2.0507456843787963e-10,10.0
516,21.737483978271484,21.73628044128418,0.019056331366300583,0.00012043220340274274,0.7902149558067322,0.060013748705387115,0.00041557278018444777,2.0126017519217498e-10,10.0
517,21.74565315246582,21.74510383605957,0.020290905609726906,5.485709698405117e-05,0.8037407398223877,0.045569825917482376,0.0005066722515039146,3.843969031969152e-10,10.0
518,21.918067932128906,21.91721534729004,0.026283789426088333,8.519476250512525e-05,0.790831983089447,0.059385690838098526,0.0004677851393353194,1.7463125390193568e-10,10.0
519,22.347455978393555,22.346210479736328,0.02688055858016014,0.00012455324758775532,0.772150993347168,0.09463807195425034,0.0004468125116545707,3.7014386000677746e-10,10.0
520,21.964685440063477,21.963478088378906,0.024772366508841515,0.00012078673171345145,0.790558934211731,0.06302717328071594,0.0004517503548413515,2.1529875104953078e-10,10.0
521,22.031335830688477,22.030359268188477,0.02907583862543106,9.760793909663334e-05,0.8109437227249146,0.04097423702478409,0.0005511724739335477,3.039818396999294e-10,10.0
522,21.904842376708984,21.904245376586914,0.023286448791623116,5.9779657021863386e-05,0.8157910108566284,0.03695123270153999,0.00035293205291964114,2.7558597071042357e-10,10.0
523,21.9769287109375,21.97646713256836,0.0236813984811306,4.615429861587472e-05,0.8092199563980103,0.04601707682013512,0.00035057435161434114,2.0452047000407703e-10,10.0
524,21.85223960876465,21.85165786743164,0.015538119710981846,5.819494981551543e-05,0.8214600682258606,0.03692293539643288,0.00036311967414803803,3.127457182117155e-10,10.0
525,21.916065216064453,21.915252685546875,0.016888901591300964,8.121354767354205e-05,0.8126430511474609,0.046900827437639236,0.00044329921365715563,2.712576274710443e-10,10.0
526,21.864328384399414,21.86343765258789,0.02373425103724003,8.897965017240494e-05,0.7944223880767822,0.0562015101313591,0.00044835705193690956,1.1311626635368555e-10,10.0
527,22.093910217285156,22.09307098388672,0.026374604552984238,8.40104985400103e-05,0.7898645401000977,0.06733332574367523,0.0003761262632906437,3.505558343608328e-10,10.0
528,21.96792221069336,21.96702003479004,0.022431131452322006,9.027717896969989e-05,0.8068979978561401,0.04919809848070145,0.0003840469289571047,2.829628475975454e-10,10.0
529,21.677165985107422,21.675703048706055,0.015856508165597916,0.00014636191190220416,0.8018764853477478,0.04916241019964218,0.0003319591924082488,6.239023186971338e-11,10.0
530,21.62398910522461,21.621965408325195,0.014334135688841343,0.0002023995912168175,0.8066911101341248,0.04366752877831459,0.000464563985588029,2.3442328633827003e-10,10.0
531,21.820791244506836,21.818262100219727,0.016677120700478554,0.00025296895182691514,0.8131649494171143,0.04270483925938606,0.0004588323936332017,3.1631469665782674e-10,10.0
532,21.585203170776367,21.582612991333008,0.011209523305296898,0.0002589732757769525,0.8134587407112122,0.03850249946117401,0.00033448616159148514,1.4870057962745875e-10,10.0
533,22.035526275634766,22.032772064208984,0.015404135920107365,0.00027537569985724986,0.8435715436935425,0.022185344249010086,0.0003745766298379749,2.3403867732696426e-10,10.0
534,21.70479965209961,21.700939178466797,0.014934004284441471,0.0003860791039187461,0.8180500864982605,0.034910328686237335,0.0003577412571758032,5.703683636504309e-10,10.0
535,21.964242935180664,21.959331512451172,0.02346469834446907,0.0004911423311568797,0.8071549534797668,0.047556307166814804,0.0004933336167596281,1.365532548147641e-10,10.0
536,21.677865982055664,21.673368453979492,0.013194977305829525,0.0004497534246183932,0.8102661371231079,0.04331035539507866,0.0004081530496478081,2.2126617205131538e-10,10.0
537,21.789358139038086,21.785343170166016,0.02161725051701069,0.0004015534359496087,0.8038313984870911,0.04571197181940079,0.0006326395086944103,2.5163010564099864e-10,10.0
538,21.59792709350586,21.593820571899414,0.013943454250693321,0.00041061919182538986,0.7893648743629456,0.060306351631879807,0.00034538746695034206,1.139726993337753e-10,10.0
539,21.7093505859375,21.70368194580078,0.017392201349139214,0.0005669138627126813,0.7935832738876343,0.0570107027888298,0.00040269337478093803,1.439804803160527e-10,10.0
540,21.711929321289062,21.70490264892578,0.016171760857105255,0.0007026478997431695,0.8013796210289001,0.050472769886255264,0.00043000924051739275,2.5931928826494755e-10,10.0
541,21.814193725585938,21.806718826293945,0.02135656774044037,0.0007475244347006083,0.8090790510177612,0.0416155643761158,0.0005439805681817234,2.8911251170882224e-10,10.0
542,21.776105880737305,21.769451141357422,0.018353771418333054,0.0006655529723502696,0.7970255613327026,0.05522771179676056,0.0004274123057257384,4.1415570972702653e-10,10.0
543,21.7348575592041,21.728586196899414,0.0174914188683033,0.0006271892343647778,0.8002799153327942,0.05119600147008896,0.00044024179806001484,1.8848231309043229e-10,10.0
544,21.65380096435547,21.646080017089844,0.014106886461377144,0.0007720449357293546,0.7988834381103516,0.05272379145026207,0.000322762003634125,1.755002254633098e-10,10.0
545,21.676366806030273,21.667747497558594,0.015081037767231464,0.0008619328727945685,0.8048276305198669,0.04662890359759331,0.0004308735951781273,1.3969456147400194e-10,10.0
546,21.901397705078125,21.89446449279785,0.021753160282969475,0.0006933793192729354,0.7853348255157471,0.06851724535226822,0.00043326415470801294,3.5714539659004174e-10,10.0
547,22.00722885131836,22.002182006835938,0.03007553517818451,0.0005047363229095936,0.8075711727142334,0.04228562116622925,0.00038743027835153043,1.3205997406728898e-10,10.0
548,21.963647842407227,21.959369659423828,0.02437957189977169,0.0004277665284462273,0.7862408757209778,0.06763409823179245,0.0003006054030265659,2.3130318493880253e-10,10.0
549,21.986988067626953,21.982135772705078,0.025653427466750145,0.00048516105744056404,0.788183867931366,0.06526736170053482,0.00045178961590863764,2.3871854493151545e-10,10.0
550,21.75640296936035,21.751373291015625,0.02061648666858673,0.0005029744934290648,0.7930784821510315,0.056164469569921494,0.0004888923722319305,3.5897812500351733e-10,10.0
551,21.74847984313965,21.74648666381836,0.01510185468941927,0.00019926793174818158,0.7997129559516907,0.05488235130906105,0.0004057676123920828,9.753303026327487e-11,10.0
552,21.7479305267334,21.743783950805664,0.018470438197255135,0.00041457003680989146,0.8036321401596069,0.047495193779468536,0.0003839426499325782,1.3839476786792204e-10,10.0
553,21.876300811767578,21.87129783630371,0.019648440182209015,0.0005003690021112561,0.8098799586296082,0.04517803713679314,0.00036356368218548596,1.6484678899697514e-10,10.0
554,21.86134147644043,21.857208251953125,0.02279374562203884,0.00041338190203532577,0.7982288599014282,0.05304868891835213,0.0005425927229225636,4.4095990747727853e-10,10.0
555,21.77021026611328,21.766416549682617,0.020137712359428406,0.00037927806260995567,0.8069241046905518,0.043381329625844955,0.0005337540642358363,2.7964600080032653e-10,10.0
556,21.58467674255371,21.58016014099121,0.014066321775317192,0.00045169313671067357,0.8000358939170837,0.04892875999212265,0.0004387091612443328,6.990089063130256e-11,10.0
557,21.71246337890625,21.705825805664062,0.017497103661298752,0.0006638366612605751,0.799254298210144,0.05128469318151474,0.0004922286607325077,1.8019954972636754e-10,10.0
558,21.56583023071289,21.558643341064453,0.010246645659208298,0.0007186973234638572,0.7912447452545166,0.06071697548031807,0.00034338500699959695,7.788055617075074e-11,10.0
559,21.64774513244629,21.641939163208008,0.011221474036574364,0.0005806164117529988,0.8049834370613098,0.04932142421603203,0.0003779966791626066,2.7205368513527617e-10,10.0
560,21.60838508605957,21.602928161621094,0.01318512111902237,0.0005457704537548125,0.8033847808837891,0.04736848548054695,0.0004469019186217338,2.1607761413466875e-10,10.0
561,21.981794357299805,21.975543975830078,0.018276460468769073,0.0006250941660255194,0.8028371334075928,0.05771374702453613,0.00048605084884911776,7.677068702971468e-11,10.0
562,21.8358097076416,21.82809829711914,0.013042337261140347,0.0007712017395533621,0.7950985431671143,0.06481090933084488,0.0004300471628084779,2.615444527620525e-10,10.0
563,21.72364044189453,21.71697425842285,0.010927025228738785,0.0006666496628895402,0.7921358942985535,0.06550398468971252,0.00027996214339509606,1.0894134205852168e-10,10.0
564,21.74342155456543,21.738935470581055,0.017006095498800278,0.0004486817342694849,0.8191977739334106,0.03314915671944618,0.0005110031343065202,3.9575193122587393e-10,10.0
565,22.05362892150879,22.04998207092285,0.022717047482728958,0.0003646007098723203,0.7997047305107117,0.059422120451927185,0.0003884214675053954,2.30559890623816e-10,10.0
566,22.072952270507812,22.069618225097656,0.02568759210407734,0.0003334863868076354,0.815683126449585,0.04123914614319801,0.00043714011553674936,7.768766185911602e-11,10.0
567,21.930984497070312,21.92696762084961,0.019591189920902252,0.0004017501778434962,0.8298966884613037,0.027398260310292244,0.00048140311264432967,2.3097451729015006e-10,10.0
568,21.86045265197754,21.856685638427734,0.019067984074354172,0.0003766542940866202,0.8251935839653015,0.029796773567795753,0.0005228789523243904,2.0173374082332884e-10,10.0
569,21.6121883392334,21.609363555908203,0.01372748427093029,0.0002825053525157273,0.8080444931983948,0.04244685918092728,0.0003893555549439043,1.5341149184333602e-10,10.0
570,21.536447525024414,21.534040451049805,0.012022432871162891,0.00024079502327367663,0.7998409271240234,0.049374207854270935,0.0003101749171037227,8.028754744371369e-11,10.0
571,22.207195281982422,22.204740524291992,0.03008965775370598,0.0002455197973176837,0.7884217500686646,0.06947361677885056,0.000511416292283684,3.138523607670862e-10,10.0
572,22.164852142333984,22.16205596923828,0.03214085474610329,0.00027962771127931774,0.7895580530166626,0.06461121886968613,0.0004303831374272704,2.589263525809571e-10,10.0
573,21.901865005493164,21.899681091308594,0.025420861318707466,0.00021836446831002831,0.8012231588363647,0.04922895133495331,0.00028578186174854636,1.467327787052497e-10,10.0
574,21.874292373657227,21.872814178466797,0.019653650000691414,0.00014774964074604213,0.7956162691116333,0.05948725715279579,0.0003884401812683791,7.76368414001638e-11,10.0
575,21.63050079345703,21.628929138183594,0.013567967340350151,0.0001571374014019966,0.7996713519096375,0.051756128668785095,0.0004043053777422756,1.580364589193195e-10,10.0
576,21.582897186279297,21.57868766784668,0.01254077535122633,0.00042103746091015637,0.8061884045600891,0.044259048998355865,0.0003983414499089122,2.4070581639001887e-10,10.0
577,21.621379852294922,21.6140079498291,0.01237271074205637,0.0007371351239271462,0.8201205730438232,0.03189878910779953,0.00042055509402416646,1.0452101684155224e-10,10.0
578,21.927356719970703,21.926639556884766,0.022693239152431488,7.165953138610348e-05,0.825645387172699,0.02851531282067299,0.0005290879053063691,3.370204670893884e-10,10.0
579,21.924415588378906,21.905895233154297,0.024749821051955223,0.0018520582234486938,0.812675416469574,0.03860536590218544,0.0005129823111928999,3.071379817143338e-10,10.0
580,21.8223819732666,21.78160858154297,0.01991061307489872,0.004077374469488859,0.8014348149299622,0.04976368695497513,0.0003880898002535105,2.6443780498652814e-10,10.0
581,21.79740333557129,21.747116088867188,0.019412832334637642,0.005028711631894112,0.8086500763893127,0.041635043919086456,0.00046675195335410535,3.0184638122321417e-10,10.0
582,21.814973831176758,21.762554168701172,0.02004644274711609,0.005241936072707176,0.7888461947441101,0.06143706291913986,0.0004310687945690006,2.860584269459565e-10,10.0
583,21.712909698486328,21.640460968017578,0.01603696495294571,0.007244964595884085,0.7982386350631714,0.0511721596121788,0.0004267561889719218,1.0379338361010682e-10,10.0
584,21.776182174682617,21.70514678955078,0.01815658248960972,0.007103537209331989,0.7941343784332275,0.05576489120721817,0.00037489505484700203,1.6077807141190448e-10,10.0
585,21.822999954223633,21.76606559753418,0.018488360568881035,0.005693381652235985,0.7973231077194214,0.05464864894747734,0.000456189620308578,1.4077125576328342e-10,10.0
586,23.034603118896484,22.991443634033203,0.023993324488401413,0.004315938334912062,0.7825700640678406,0.11297634989023209,0.0002951165952254087,1.8063009421531717e-10,10.0
587,23.138944625854492,23.088773727416992,0.02136562019586563,0.005017119459807873,0.7809723019599915,0.12104208022356033,0.00042747671250253916,2.3427965123445915e-10,10.0
588,22.101823806762695,22.04805564880371,0.01531920861452818,0.005376832559704781,0.8098417520523071,0.05658160522580147,0.0004491177387535572,2.57345311727164e-10,10.0
589,21.715036392211914,21.656757354736328,0.013125477358698845,0.005827991757541895,0.8147721886634827,0.03820885717868805,0.00040960137266665697,1.3365060447245725e-10,10.0
590,22.095996856689453,22.037710189819336,0.021577447652816772,0.005828595254570246,0.8350357413291931,0.02471201866865158,0.00045811766176484525,3.1751737350482756e-10,10.0
591,22.47945213317871,22.434215545654297,0.038968104869127274,0.004523580428212881,0.829208493232727,0.02904793620109558,0.00036001685657538474,1.1472350847085977e-10,10.0
592,23.38453483581543,23.337764739990234,0.07060444355010986,0.004676968324929476,0.8128958344459534,0.049806900322437286,0.000508488214109093,1.9385273941630032e-10,10.0
593,25.42682647705078,25.379465103149414,0.11936144530773163,0.004736083559691906,0.7783402800559998,0.11734216660261154,0.00033674424048513174,2.5585056295795994e-10,10.0
594,24.650388717651367,24.619007110595703,0.07424896955490112,0.0031381770968437195,0.7763231992721558,0.13396167755126953,0.0005661551258526742,3.3036876012637606e-10,10.0
595,23.99833869934082,23.975006103515625,0.05133727937936783,0.0023333095014095306,0.7788872122764587,0.12866170704364777,0.0002851191384252161,3.414138971535863e-10,10.0
596,22.585065841674805,22.584976196289062,0.0360545888543129,9.055700502358377e-06,0.8107731938362122,0.05642940104007721,0.00035477642086334527,2.3478902155815717e-10,10.0
597,22.656925201416016,22.651046752929688,0.0374591089785099,0.000587918097153306,0.8438915610313416,0.024606626480817795,0.00021161767654120922,5.043416032024517e-11,10.0
598,22.779733657836914,22.776548385620117,0.03494279459118843,0.00031849759398028255,0.8643171191215515,0.01160347182303667,0.0004964664694853127,1.8261976653111134e-10,10.0
599,22.766883850097656,22.765169143676758,0.03205983340740204,0.00017144133744295686,0.8658900856971741,0.012502781115472317,0.00038508421857841313,1.2129379445280364e-10,10.0
600,22.552236557006836,22.5501708984375,0.029388360679149628,0.00020649806538131088,0.8471261262893677,0.02537672594189644,0.0002890433825086802,2.164641521584798e-10,10.0
601,22.93545913696289,22.93271827697754,0.04009909927845001,0.00027409938047640026,0.8308027982711792,0.04626498371362686,0.0003547798842191696,1.4062201403319818e-10,10.0
602,23.72324562072754,23.720523834228516,0.04864933714270592,0.0002721903147175908,0.7944714426994324,0.1054823100566864,0.0005446352297440171,2.970523271805803e-10,10.0
603,22.65703010559082,22.652986526489258,0.035213544964790344,0.0004042977234348655,0.8147791624069214,0.05597437173128128,0.00038113605114631355,1.6119772183742498e-10,10.0
604,22.90020179748535,22.896697998046875,0.035393793135881424,0.000350320857251063,0.80318683385849,0.07711904495954514,0.0004205180157441646,2.431672918579153e-10,10.0
605,23.246417999267578,23.24043846130371,0.05170981585979462,0.0005979064735583961,0.803411602973938,0.07437683641910553,0.0002980652789119631,1.2316846154103445e-10,10.0
606,23.053709030151367,23.045103073120117,0.052174583077430725,0.0008605503826402128,0.8423822522163391,0.02706778421998024,0.0004486131656449288,1.461977067185316e-10,10.0
607,23.278657913208008,23.26852035522461,0.06271764636039734,0.0010137176141142845,0.8428654074668884,0.025018643587827682,0.000347911030985415,2.791790965073204e-10,10.0
608,23.26287269592285,23.250572204589844,0.05758677050471306,0.0012300342787057161,0.8555434346199036,0.016747452318668365,0.0003631926083471626,1.7002543817312699e-10,10.0
609,23.417329788208008,23.409080505371094,0.06405996531248093,0.0008249341044574976,0.853857696056366,0.018231112509965897,0.0005359831848181784,2.6094670868559433e-10,10.0
610,23.619672775268555,23.61006736755371,0.07788486778736115,0.0009604947990737855,0.8469656705856323,0.019344419240951538,0.0005193546530790627,2.7336516383869025e-10,10.0
611,23.909801483154297,23.908063888549805,0.09237448126077652,0.0001737103157211095,0.8208970427513123,0.042922262102365494,0.00032180757261812687,6.94910795573378e-11,10.0
612,23.899869918823242,23.88955307006836,0.09685134887695312,0.0010316036641597748,0.8052648901939392,0.05336150899529457,0.0002608316426631063,7.960147818675267e-11,10.0
613,24.15077781677246,24.138160705566406,0.10291589796543121,0.001261778175830841,0.8081148862838745,0.054315969347953796,0.00044943011016584933,2.3165408480352312e-10,10.0
614,23.3520450592041,23.331432342529297,0.07339557260274887,0.002061242936179042,0.7899783849716187,0.06974484026432037,0.0003462598833721131,2.339339277845909e-10,10.0
615,22.796236038208008,22.778396606445312,0.05558760464191437,0.0017840100917965174,0.8003250956535339,0.05509725585579872,0.0003147734678350389,1.5072615378031173e-10,10.0
616,22.8798770904541,22.85661506652832,0.06090017035603523,0.002326213289052248,0.8063666820526123,0.0468510203063488,0.00036678454489447176,2.4443855273226234e-10,10.0
617,23.19925880432129,23.18270492553711,0.07334074378013611,0.001655478379689157,0.8156030774116516,0.038172647356987,0.00047904509119689465,1.3200004977953483e-10,10.0
618,23.420703887939453,23.404205322265625,0.07595732063055038,0.0016499512130394578,0.8352276086807251,0.02480585128068924,0.00044361609616316855,2.3128811366124324e-10,10.0
619,24.021244049072266,24.003286361694336,0.10030413419008255,0.0017957979580387473,0.8103968501091003,0.0492321215569973,0.0004958232748322189,1.4435817818903018e-10,10.0
620,23.748292922973633,23.73407745361328,0.09265134483575821,0.001421469496563077,0.8231808543205261,0.033402662724256516,0.0003206613764632493,6.916355682617947e-11,10.0
621,24.184383392333984,24.169130325317383,0.10409370064735413,0.0015253598103299737,0.7904829382896423,0.07203415781259537,0.00038609610055573285,1.4466922104716673e-10,10.0
622,24.97681999206543,24.968904495239258,0.11910924315452576,0.0007914783782325685,0.7880451083183289,0.09147293120622635,0.00032212643418461084,6.479478065202215e-11,10.0
623,23.006771087646484,22.999645233154297,0.06494605541229248,0.0007125691627152264,0.7854933142662048,0.06940826028585434,0.0003453445388004184,1.5720573454114373e-10,10.0
624,22.737567901611328,22.732730865478516,0.05712255463004112,0.0004836230946239084,0.7964341044425964,0.05561653524637222,0.0003400900459382683,1.579785469107975e-10,10.0
625,23.027368545532227,23.02303123474121,0.06920620799064636,0.00043367440230213106,0.8021815419197083,0.04936916381120682,0.00041057189810089767,3.082110955343609e-10,10.0
626,22.92060661315918,22.915847778320312,0.0656062588095665,0.0004758919239975512,0.7950525879859924,0.05582616478204727,0.00037222899845801294,2.7996568952026735e-10,10.0
627,23.086902618408203,23.083776473999023,0.0723893940448761,0.00031263226992450655,0.7963612675666809,0.05442138761281967,0.0004475749738048762,1.9211295054777366e-10,10.0
628,22.82709312438965,22.82493019104004,0.06153824180364609,0.00021629709226544946,0.7924878597259521,0.05882386118173599,0.00036818566150031984,1.68602964922826e-10,10.0
629,22.90361976623535,22.903459548950195,0.06261825561523438,1.6023222997318953e-05,0.804429829120636,0.04898015037178993,0.00027521394076757133,2.3747701027865276e-10,10.0
630,23.031171798706055,23.031076431274414,0.06760282814502716,9.467896234127693e-06,0.8112061023712158,0.042274873703718185,0.0003980054461862892,1.4291301475566343e-10,10.0
631,22.76224708557129,22.762189865112305,0.059736769646406174,5.767809398093959e-06,0.793829083442688,0.05676547810435295,0.00039043964352458715,1.0177273607192561e-10,10.0
632,22.68362045288086,22.68355941772461,0.0526195764541626,6.195550668053329e-06,0.7876201868057251,0.06692318618297577,0.0004486705001909286,2.1444394870950845e-10,10.0
633,22.375442504882812,22.37539291381836,0.04030304774641991,5.04127228850848e-06,0.8159092664718628,0.03867495805025101,0.00032120870309881866,2.4762827205426774e-11,10.0
634,22.337078094482422,22.337026596069336,0.042579442262649536,5.099256213725312e-06,0.7937384247779846,0.0569734126329422,0.00047446173266507685,2.8803404106270136e-10,10.0
635,22.468021392822266,22.46796417236328,0.044291384518146515,5.751966455136426e-06,0.801504373550415,0.05276999622583389,0.0003821048594545573,9.849102783343611e-11,10.0
636,22.092330932617188,22.092269897460938,0.033100370317697525,6.020923137839418e-06,0.7997085452079773,0.050763022154569626,0.00029723826446570456,5.2473893286109075e-11,10.0
637,22.244428634643555,22.24437713623047,0.03886786103248596,5.22047503181966e-06,0.8093204498291016,0.0414605475962162,0.00031548007973469794,6.9351843712262e-11,10.0
638,22.275135040283203,22.27507972717285,0.03865450248122215,5.5979589888011105e-06,0.8146095275878906,0.037547413259744644,0.00047948979772627354,9.664070932391411e-11,10.0
639,22.51093292236328,22.510879516601562,0.04738614708185196,5.4222900871536694e-06,0.8017743825912476,0.05104800686240196,0.000566700182389468,3.829317418713174e-10,10.0
640,22.337369918823242,22.33732032775879,0.039121113717556,5.019981927034678e-06,0.8033853769302368,0.05083967000246048,0.0003665729018393904,2.4096777351267917e-10,10.0
641,22.25677490234375,22.256729125976562,0.0389852374792099,4.569331849779701e-06,0.8098402619361877,0.0413145050406456,0.0003230015281587839,7.195993106945409e-11,10.0
642,22.091482162475586,22.091428756713867,0.033759791404008865,5.409892764873803e-06,0.7983843088150024,0.05135269835591316,0.00040093521238304675,2.5731089481340064e-10,10.0
643,22.13707733154297,22.13701629638672,0.034543927758932114,6.160628799989354e-06,0.8035411834716797,0.04721793904900551,0.00044402910862118006,1.251270476121391e-10,10.0
644,22.066097259521484,22.066022872924805,0.03148973733186722,7.402662049571518e-06,0.7945841550827026,0.056455906480550766,0.00027792167384177446,9.124365846213678e-11,10.0
645,22.038599014282227,22.03851318359375,0.029488062486052513,8.488695129926782e-06,0.7935792207717896,0.05834155157208443,0.0003291848988737911,2.3362858869724334e-10,10.0
646,21.84578514099121,21.8457088470459,0.02082984149456024,7.620178166689584e-06,0.8190671801567078,0.03378293290734291,0.0003709521843120456,6.125043527926977e-11,10.0
647,21.82456398010254,21.824491500854492,0.022389039397239685,7.196083515736973e-06,0.8073858618736267,0.043096039444208145,0.0002717903407756239,5.142791401069324e-11,10.0
648,21.90680503845215,21.90673065185547,0.026614591479301453,7.469479442079319e-06,0.7921014428138733,0.0573546402156353,0.0004963074461556971,2.1451997123111965e-10,10.0
649,21.94926643371582,21.94916343688965,0.02273939736187458,1.0254748303850647e-05,0.8097701668739319,0.04529424384236336,0.00040667023858986795,4.327443126062036e-10,10.0
650,21.837854385375977,21.837764739990234,0.023593630641698837,8.969233931566123e-06,0.8001152276992798,0.049653325229883194,0.00037111187702976167,2.1456522669716094e-10,10.0
651,21.84758186340332,21.847505569458008,0.019342979416251183,7.5472516982699744e-06,0.8147964477539062,0.03960205987095833,0.000396909803384915,4.4795314679824116e-10,10.0
652,21.715740203857422,21.715679168701172,0.019244424998760223,6.0967254285060335e-06,0.8031075596809387,0.046201758086681366,0.00018341135000810027,2.8200233814779097e-11,10.0
653,21.79442024230957,21.79436492919922,0.020287325605750084,5.468203653435921e-06,0.815320611000061,0.036019500344991684,0.00036790597368963063,1.9670845508024115e-10,10.0
654,21.91868019104004,21.918624877929688,0.026985198259353638,5.522077572095441e-06,0.8024088144302368,0.04714387282729149,0.0005178441642783582,2.7878260810965116e-10,10.0
655,21.741613388061523,21.74155044555664,0.019620083272457123,6.3079178289626725e-06,0.8065472841262817,0.04334491118788719,0.0003744232526514679,1.839011998239215e-10,10.0
656,21.83571434020996,21.835655212402344,0.022556472569704056,5.912326741963625e-06,0.8023430109024048,0.048358362168073654,0.0004209604812785983,6.714685751862959e-11,10.0
657,22.115209579467773,22.115148544311523,0.02273440919816494,6.082193522161106e-06,0.7908273339271545,0.07091734558343887,0.0003172157739754766,4.15875944792532e-11,10.0
658,22.103322982788086,22.103261947631836,0.02197558991611004,6.179036063258536e-06,0.7789847254753113,0.0830429419875145,0.00031801845761947334,1.5240801676252858e-10,10.0
659,21.73120880126953,21.73115348815918,0.019557228311896324,5.523465006262995e-06,0.7988817691802979,0.050670210272073746,0.0003423997259233147,1.6923068502094907e-10,10.0
660,21.91154670715332,21.911497116088867,0.020945224910974503,4.9276090976491105e-06,0.8053839206695557,0.049940455704927444,0.0004756575508508831,3.540282789149529e-10,10.0
661,21.734224319458008,21.734174728393555,0.017749497666954994,4.934017852065153e-06,0.8090081810951233,0.04246964305639267,0.0003492805117275566,7.859986272951147e-11,10.0
662,21.836868286132812,21.836816787719727,0.014840646646916866,5.138208052812843e-06,0.7966839671134949,0.06182695925235748,0.0003029029758181423,1.4611678533782424e-10,10.0
663,21.674373626708984,21.6743221282959,0.013837946578860283,5.171686552785104e-06,0.816670835018158,0.036365654319524765,0.00024612623383291066,3.0066307082909915e-11,10.0
664,21.70352554321289,21.703458786010742,0.01620248332619667,6.605441285501001e-06,0.8165827989578247,0.035232849419116974,0.0003005600883625448,2.326143964948013e-11,10.0
665,21.66411781311035,21.664047241210938,0.013598848134279251,6.973874860705109e-06,0.7950688004493713,0.05777019262313843,0.0003098956367466599,2.2874055427557494e-10,10.0
666,21.583288192749023,21.583213806152344,0.012912004254758358,7.354728950303979e-06,0.8130336999893188,0.03726692870259285,0.000289977208012715,6.241156896846789e-11,10.0
667,21.64895248413086,21.64887237548828,0.015428285114467144,8.054398676904384e-06,0.8083214163780212,0.04205913469195366,0.00036506549804471433,5.855073370586439e-11,10.0
668,21.561386108398438,21.561277389526367,0.013490785844624043,1.0921799912466668e-05,0.7964943647384644,0.052335552871227264,0.00032598013058304787,1.5457224389336943e-10,10.0
669,21.70724868774414,21.707130432128906,0.018295705318450928,1.1820261534012388e-05,0.794021725654602,0.05578845739364624,0.00044836802408099174,2.3119883785227557e-10,10.0
670,21.618162155151367,21.6180477142334,0.014004277065396309,1.1359863492543809e-05,0.7933560609817505,0.05723881721496582,0.0003067819634452462,2.82895290526497e-10,10.0
671,21.63507080078125,21.634977340698242,0.01362878829240799,9.43760278460104e-06,0.8024078011512756,0.049261439591646194,0.0002524689771234989,9.032254805196871e-11,10.0
672,21.638782501220703,21.638690948486328,0.015429552644491196,9.232619959220756e-06,0.8026843667030334,0.04724181443452835,0.00047964489203877747,3.3567018609126364e-10,10.0
673,21.62795066833496,21.62786102294922,0.014743070118129253,8.906279617804103e-06,0.8046846389770508,0.04555624723434448,0.0003262959944549948,6.602056401572298e-11,10.0
674,21.798664093017578,21.798559188842773,0.02082657814025879,1.0528243365115486e-05,0.8044723868370056,0.04643202945590019,0.0005285824299789965,1.4437884221507602e-10,10.0
675,22.021913528442383,22.021821975708008,0.01577528566122055,9.179208063869737e-06,0.7985984683036804,0.06638660281896591,0.00028131232829764485,4.681671370021512e-11,10.0
676,21.606557846069336,21.606473922729492,0.014686141163110733,8.382241503568366e-06,0.7933995127677917,0.056030016392469406,0.00035819128970615566,1.591769493991535e-10,10.0
677,21.581214904785156,21.581134796142578,0.013615168631076813,7.935965186334215e-06,0.7969132661819458,0.052584271878004074,0.00033159193117171526,9.247073246010373e-11,10.0
678,21.58252716064453,21.58245086669922,0.012365499511361122,7.599332093377598e-06,0.8028677701950073,0.04791674390435219,0.00037028369843028486,1.7572619748218443e-10,10.0
679,21.62813949584961,21.628063201904297,0.013893896713852882,7.60034890845418e-06,0.799264132976532,0.05182582139968872,0.000346686429111287,1.8233123344479907e-10,10.0
680,21.561168670654297,21.56108856201172,0.012513626366853714,8.047328265092801e-06,0.7988579273223877,0.050937455147504807,0.0003362283168826252,1.0130297989352499e-10,10.0
681,21.756868362426758,21.75677490234375,0.01132117584347725,9.397047506354284e-06,0.8193787336349487,0.03942856565117836,0.0003563665086403489,1.6031898031343417e-10,10.0
682,21.888193130493164,21.888086318969727,0.014896184206008911,1.0768803804239724e-05,0.817790687084198,0.042699698358774185,0.0003422295849304646,5.340103359507964e-11,10.0
683,21.62238883972168,21.622264862060547,0.014803066849708557,1.2421500287018716e-05,0.8041304349899292,0.045812394469976425,0.0003618613409344107,2.73583544707634e-10,10.0
684,21.933788299560547,21.93365478515625,0.014141600579023361,1.3300846148922574e-05,0.813978374004364,0.049096934497356415,0.00032338054734282196,1.1541453556751513e-11,10.0
685,21.545089721679688,21.544952392578125,0.012312027625739574,1.3691666936210822e-05,0.7963005900382996,0.0530661977827549,0.0002983030572067946,2.970456172701752e-11,10.0
686,21.766891479492188,21.766756057739258,0.014662668108940125,1.3608548215415794e-05,0.7975445985794067,0.05830768495798111,0.00038791121914982796,2.2404766930606002e-10,10.0
687,21.561508178710938,21.561349868774414,0.012932803481817245,1.587179212947376e-05,0.7922853231430054,0.057120658457279205,0.0002879459934774786,1.3185977310037345e-10,10.0
688,21.8647518157959,21.864561080932617,0.018158501014113426,1.8987664589076303e-05,0.7815436720848083,0.07471131533384323,0.0004225147422403097,2.428205969629005e-10,10.0
689,21.787872314453125,21.787734985351562,0.020946111530065536,1.3658887837664224e-05,0.808935821056366,0.04145389795303345,0.0004339611332397908,1.2576073515901953e-10,10.0
690,21.67953872680664,21.679094314575195,0.009693975560367107,4.4384920329321176e-05,0.811480700969696,0.04591339826583862,0.00018918960995506495,1.267914107039303e-10,10.0
691,21.751617431640625,21.748607635498047,0.009723500348627567,0.00030090639484114945,0.8153833746910095,0.04471106082201004,0.0003159303159918636,2.5317620222509163e-10,10.0
692,21.68914222717285,21.68254280090332,0.013902099803090096,0.0006600217893719673,0.8209852576255798,0.03224758431315422,0.00041679455898702145,1.9812521068196531e-10,10.0
693,21.745861053466797,21.737573623657227,0.012358290143311024,0.0008287722012028098,0.8307474255561829,0.026278551667928696,0.0002966844476759434,1.9985560428814608e-10,10.0
694,21.775493621826172,21.72955322265625,0.01393712218850851,0.004594073165208101,0.8188142776489258,0.036283496767282486,0.0003682022215798497,8.901301223884772e-11,10.0
695,21.747577667236328,21.65766716003418,0.014987687580287457,0.008991127833724022,0.8158449530601501,0.03533361479640007,0.000350892631104216,2.2117638276419882e-10,10.0
696,21.848186492919922,21.736242294311523,0.010144447907805443,0.011194461956620216,0.8153645992279053,0.04383528605103493,0.0002634079137351364,2.900240603231907e-10,10.0
697,21.9070987701416,21.813936233520508,0.017723772674798965,0.009316337294876575,0.8256195783615112,0.02905566617846489,0.00039610787644051015,7.121350037442298e-11,10.0
698,21.739126205444336,21.738811492919922,0.01693720743060112,3.152520730509423e-05,0.7934515476226807,0.059002432972192764,0.00040329096373170614,1.0917447501590516e-10,10.0
699,22.02634620666504,21.951309204101562,0.012547444552183151,0.007503789849579334,0.7906657457351685,0.0747147724032402,0.00031106616370379925,1.8910346899492225e-10,10.0
700,21.590312957763672,21.49452018737793,0.009496714919805527,0.009579208679497242,0.79265296459198,0.05751771852374077,0.000283701898297295,6.790779050191986e-11,10.0
701,22.16285514831543,22.09132957458496,0.02482644096016884,0.00715247867628932,0.8067074418067932,0.05191326513886452,0.0005150364595465362,1.529893017826467e-10,10.0
702,21.936012268066406,21.868764877319336,0.022857055068016052,0.006724678911268711,0.7893883585929871,0.062351975589990616,0.0003829273337032646,1.2090420331567486e-10,10.0
703,22.26841163635254,22.222578048706055,0.030753029510378838,0.004583319649100304,0.7805374264717102,0.07746579498052597,0.00036711618304252625,2.03570688084298e-10,10.0
704,22.070302963256836,22.042438507080078,0.026804625988006592,0.0027864272706210613,0.7986276745796204,0.05611325427889824,0.00037973318831063807,2.5990992691404813e-10,10.0
705,21.747140884399414,21.73275375366211,0.016354268416762352,0.001438629231415689,0.8166376948356628,0.036189004778862,0.0003226956177968532,1.785047110125504e-10,10.0
706,22.17132568359375,22.166933059692383,0.022715535014867783,0.00043934150016866624,0.7942699790000916,0.06954893469810486,0.00035734008997678757,1.219454814904708e-10,10.0
707,21.96265983581543,21.95974349975586,0.019653815776109695,0.00029169447952881455,0.8000446557998657,0.05855875089764595,0.0003315647190902382,1.2092866985558004e-10,10.0
708,22.000328063964844,21.99744415283203,0.019882697612047195,0.00028836759156547487,0.7989436984062195,0.06094353646039963,0.00031976320315152407,2.314089753152615e-10,10.0
709,22.25232696533203,22.2504825592041,0.021498166024684906,0.00018442950386088341,0.789092481136322,0.07928620278835297,0.0003560579789336771,1.1110231484812161e-10,10.0
710,21.942174911499023,21.939287185668945,0.019351113587617874,0.0002888614253606647,0.831570029258728,0.026500482112169266,0.0003745662106666714,2.500714635367274e-10,10.0
711,21.99384880065918,21.990596771240234,0.024181552231311798,0.000325291242916137,0.8292470574378967,0.02605702355504036,0.00034566677641123533,1.9986223787071822e-10,10.0
712,21.92296028137207,21.91983985900879,0.02593926340341568,0.0003121202753391117,0.8085682392120361,0.04216992110013962,0.00029034982435405254,1.6610322839394343e-10,10.0
713,22.20055389404297,22.19554901123047,0.028758417814970016,0.0005005538114346564,0.8222124576568604,0.03668535128235817,0.000414388399804011,1.7368571858522586e-10,10.0
714,22.320493698120117,22.315732955932617,0.026654869318008423,0.0004761384043376893,0.7955750823020935,0.07025938481092453,0.0003498865698929876,1.2101586399637654e-10,10.0
715,22.226171493530273,22.22104835510254,0.019255485385656357,0.0005123856826685369,0.7949448227882385,0.07445820420980453,0.00045837205834686756,3.812009319315024e-10,10.0
716,21.769380569458008,21.762739181518555,0.013484013266861439,0.0006642129737883806,0.8077905774116516,0.04909196123480797,0.00035740164457820356,1.2070598687241585e-10,10.0
717,21.771427154541016,21.76744842529297,0.01929502561688423,0.0003979432804044336,0.8152090311050415,0.03604135289788246,0.0003813010116573423,5.396896818332664e-11,10.0
718,21.729976654052734,21.726051330566406,0.019418690353631973,0.00039251180714927614,0.7976340651512146,0.05188751220703125,0.0002544271119404584,4.64923100018666e-11,10.0
719,22.043869018554688,22.03960418701172,0.028773661702871323,0.00042640743777155876,0.8204815983772278,0.032179094851017,0.00037462179898284376,8.073081092518919e-11,10.0
720,21.919727325439453,21.916828155517578,0.019634678959846497,0.0002898481034208089,0.7959080338478088,0.06101767718791962,0.0002817532222252339,1.0565533864470567e-10,10.0
721,21.96114730834961,21.958227157592773,0.02394740656018257,0.000292004959192127,0.8064393997192383,0.047771163284778595,0.000427928171120584,7.541003932409751e-11,10.0
722,21.665124893188477,21.66329002380371,0.012715603224933147,0.00018357385124545544,0.8187743425369263,0.03494740650057793,0.00023550803598482162,9.957074748045969e-11,10.0
723,21.832469940185547,21.831180572509766,0.016622347757220268,0.00012899246939923614,0.7924753427505493,0.06399061530828476,0.0003973628918174654,2.3804561100071453e-10,10.0
724,21.586271286010742,21.584918975830078,0.012129789218306541,0.00013522524386644363,0.8087174892425537,0.04237380996346474,0.00043912255205214024,2.9885585672850823e-10,10.0
725,21.585691452026367,21.584665298461914,0.012908091768622398,0.00010258527618134394,0.8080562949180603,0.04224654659628868,0.0004392561095301062,1.9116988547729363e-10,10.0
726,21.70496940612793,21.703887939453125,0.014317875728011131,0.00010820663737831637,0.8052052855491638,0.04848353937268257,0.00037221782258711755,1.701794538622181e-10,10.0
727,21.683971405029297,21.68287467956543,0.012319034896790981,0.00010961755469907075,0.8093772530555725,0.045474402606487274,0.0003607605758588761,1.718645781245698e-10,10.0
728,21.592531204223633,21.592016220092773,0.013672991655766964,5.148155469214544e-05,0.803145170211792,0.046745724976062775,0.00029185257153585553,2.1279301931631522e-10,10.0
729,21.677114486694336,21.67681312561035,0.01366746798157692,3.018910501850769e-05,0.8103923797607422,0.04286707565188408,0.00036402299883775413,2.2422586010151235e-10,10.0
730,21.68947410583496,21.689376831054688,0.017414294183254242,9.725960808282252e-06,0.7911396026611328,0.05885046347975731,0.0004267384938430041,1.1205208982900672e-10,10.0
731,21.63396453857422,21.633949279785156,0.013698915019631386,1.5632285794708878e-06,0.8065880537033081,0.044907115399837494,0.0004097147611901164,2.1377569159319876e-10,10.0
732,21.655378341674805,21.65536880493164,0.01487702876329422,1.0196511084359372e-06,0.8043794631958008,0.04679882153868675,0.00039866051520220935,1.141458524922534e-10,10.0
733,21.57953453063965,21.579524993896484,0.01277843862771988,8.976830940810032e-07,0.7949074506759644,0.05538589507341385,0.0002730247797444463,1.3370421436675883e-10,10.0
734,21.6157169342041,21.61570930480957,0.014987299218773842,7.317923405025795e-07,0.8012096881866455,0.048280827701091766,0.0003762350243050605,1.3309729707255968e-10,10.0
735,21.67407989501953,21.674070358276367,0.009623417630791664,8.910990914046124e-07,0.8033208847045898,0.053883034735918045,0.00033854032517410815,1.7987648870398942e-10,10.0
736,21.955368041992188,21.95536231994629,0.013688847422599792,5.886352028028341e-07,0.7805071473121643,0.08384902030229568,0.00042377723730169237,9.615490348391376e-11,10.0
737,21.53890037536621,21.538894653320312,0.008625799790024757,5.6263155556735e-07,0.8029317259788513,0.04987990856170654,0.00029584969161078334,2.113916264256943e-10,10.0
738,21.495365142822266,21.495359420776367,0.010643178597092628,5.589601528299681e-07,0.8041452169418335,0.04486912116408348,0.0003922117466572672,3.208605603433057e-10,10.0
739,21.56240463256836,21.562402725219727,0.012456463649868965,2.840558579464414e-07,0.8060780167579651,0.043785374611616135,0.0004405598156154156,2.0852185256270417e-10,10.0
740,21.867231369018555,21.867229461669922,0.013532513752579689,2.3227538292758254e-07,0.8001078367233276,0.06090462952852249,0.0003606800746638328,8.55147827549807e-11,10.0
741,21.550647735595703,21.55064582824707,0.011243641376495361,1.81481425443053e-07,0.7957494258880615,0.05487442389130592,0.00039582757744938135,1.1157268164918577e-10,10.0
742,21.64314079284668,21.643138885498047,0.014322168193757534,1.056711624869422e-07,0.8148646950721741,0.03634892404079437,0.0004741052398458123,8.921519772941977e-11,10.0
743,21.736452102661133,21.736452102661133,0.013235367834568024,9.199697359463244e-08,0.7903706431388855,0.06568901240825653,0.00040763954166322947,1.2611825472852445e-10,10.0
744,21.54834747314453,21.54834747314453,0.010862594470381737,4.550717136453386e-08,0.7882373332977295,0.06269409507513046,0.00034977798350155354,1.6866177898755552e-10,10.0
745,21.487003326416016,21.487003326416016,0.008834268897771835,2.9355010866538578e-08,0.8100691437721252,0.0404430590569973,0.00033422396518290043,1.0824919433050084e-10,10.0
746,21.515779495239258,21.515779495239258,0.009340747259557247,3.149504479438292e-08,0.7972443699836731,0.05388755723834038,0.0003964283096138388,2.196124948561362e-10,10.0
747,21.665889739990234,21.665889739990234,0.010787222534418106,2.3634664003679973e-08,0.8020341992378235,0.05365227907896042,0.0004048066621180624,1.7329267187893294e-10,10.0
748,21.478055953979492,21.478055953979492,0.008641050197184086,1.47808720818432e-09,0.80002361536026,0.05030466616153717,0.00038218367262743413,2.5332022590696113e-10,10.0
749,21.73744773864746,21.73744773864746,0.013138771057128906,1.5276814480102985e-08,0.8305937051773071,0.02557922713458538,0.00046552158892154694,1.6337851904690837e-10,10.0
750,21.530040740966797,21.530040740966797,0.010036297142505646,2.1512674308610258e-08,0.8149368762969971,0.03607717901468277,0.0003779500548262149,1.453969306064451e-10,10.0
751,21.58258056640625,21.58258056640625,0.010834713466465473,2.1101824287939053e-08,0.8199947476387024,0.03228968754410744,0.00046025437768548727,1.446794906101445e-10,10.0
752,21.582679748535156,21.582679748535156,0.010910211130976677,2.5000764125593378e-08,0.8171032071113586,0.03514419496059418,0.00037402790621854365,1.0717367965318303e-10,10.0
753,21.575754165649414,21.575754165649414,0.010326581075787544,5.250831591752103e-08,0.8068009614944458,0.045780617743730545,0.0003048403305001557,2.4727947467440003e-10,10.0
754,21.486082077026367,21.486082077026367,0.008503740653395653,7.121249012698172e-08,0.7938588261604309,0.05694534257054329,0.000338477548211813,1.4077569665538192e-10,10.0
755,21.615135192871094,21.615135192871094,0.014372133649885654,7.528137047074779e-08,0.8013049364089966,0.04873799905180931,0.0004758142167702317,2.000007104374646e-10,10.0
756,21.64411735534668,21.644115447998047,0.009249662049114704,1.2655794989768765e-07,0.7777208089828491,0.07865974307060242,0.0003360644623171538,2.56573817747352e-10,10.0
757,21.457067489624023,21.45706558227539,0.00817085150629282,1.5019561772078305e-07,0.8036024570465088,0.04635676369071007,0.00038140860851854086,1.8903401066694414e-10,10.0
758,21.53557014465332,21.535568237304688,0.010249553248286247,1.5770871186759905e-07,0.7885783910751343,0.06244819611310959,0.00036637019366025925,1.9403653683802702e-10,10.0
759,21.5214786529541,21.52147674560547,0.008750053122639656,2.0553673607537348e-07,0.8094581365585327,0.04253492131829262,0.00028963739168830216,2.7122783186062094e-11,10.0
760,21.65756607055664,21.657562255859375,0.010705031454563141,3.1221679819282144e-07,0.8125520348548889,0.04286106303334236,0.0004610417818184942,2.3229204670904835e-10,10.0
761,21.84113121032715,21.841129302978516,0.015899622812867165,2.6789496132550994e-07,0.8206579089164734,0.03687357157468796,0.0005352020380087197,1.1412855382975096e-10,10.0
762,21.568559646606445,21.568557739257812,0.00733951386064291,2.489302346475597e-07,0.7932479977607727,0.06202397868037224,0.0003271357563789934,9.030734493542525e-11,10.0
763,21.549135208129883,21.549131393432617,0.011291725561022758,4.053647728596843e-07,0.7957448363304138,0.05476999282836914,0.00039666195516474545,6.11817610463028e-11,10.0
764,21.99637794494629,21.996374130249023,0.011342190206050873,3.9404565654876933e-07,0.7911514639854431,0.07719553261995316,0.00041457373299635947,2.9676117119237233e-10,10.0
765,21.462995529174805,21.46299171447754,0.008032463490962982,3.319681809443864e-07,0.7962268590927124,0.05413715913891792,0.00030783028341829777,8.386556032968784e-11,10.0
766,21.46941375732422,21.46940803527832,0.008482820354402065,4.789063154930773e-07,0.8098538517951965,0.04030793905258179,0.0003293486079201102,1.083940437407449e-10,10.0
767,21.509811401367188,21.50980567932129,0.009918810799717903,5.531125566449191e-07,0.8026933670043945,0.047604434192180634,0.0004391201364342123,3.027500472541078e-10,10.0
768,21.533727645874023,21.533721923828125,0.008652961812913418,6.270609560488083e-07,0.8077717423439026,0.044798512011766434,0.000314124277792871,4.4044917019148144e-11,10.0
769,21.486928939819336,21.48690414428711,0.008136113174259663,2.4517007659596857e-06,0.8125143051147461,0.03868933394551277,0.000340845639584586,1.1561964580186768e-10,10.0
770,21.546527862548828,21.546428680419922,0.01192808710038662,9.880832294584252e-06,0.8036597967147827,0.04610246792435646,0.0004170346073806286,1.886635014880511e-10,10.0
771,21.534622192382812,21.53444480895996,0.010204946622252464,1.78336413227953e-05,0.8159159421920776,0.03510674089193344,0.0003755245415959507,1.827099305184987e-10,10.0
772,21.469640731811523,21.469358444213867,0.006362710148096085,2.816544110828545e-05,0.8196221590042114,0.03265566751360893,0.0003344633150845766,1.900989643477402e-10,10.0
773,21.90633201599121,21.90576934814453,0.010149460285902023,5.633459295495413e-05,0.7884398102760315,0.07749958336353302,0.00035473055322654545,3.298763484593792e-10,10.0
774,21.571626663208008,21.5709285736084,0.010501736775040627,6.978652527322993e-05,0.8184338212013245,0.03373528644442558,0.00041586020961403847,8.254511657534991e-11,10.0
775,21.53221321105957,21.531591415405273,0.011502323672175407,6.209076673258096e-05,0.8069581985473633,0.04262043908238411,0.0004567412252072245,1.9620094438010938e-10,10.0
776,21.605236053466797,21.604475021362305,0.00951411947607994,7.618978270329535e-05,0.815524697303772,0.03897283226251602,0.00041852830327115953,3.205590792809687e-10,10.0
777,21.58492660522461,21.583974838256836,0.010207373648881912,9.51649562921375e-05,0.8004530668258667,0.052571989595890045,0.00031652426696382463,1.6226102406147191e-10,10.0
778,21.711061477661133,21.71009063720703,0.011313658207654953,9.715421037981287e-05,0.824066162109375,0.03282739594578743,0.0004910989082418382,2.300633572538402e-10,10.0
779,21.5854434967041,21.584218978881836,0.01100153662264347,0.00012253239401616156,0.7927765250205994,0.05943169817328453,0.0003976086445618421,1.1411784017756332e-10,10.0
780,21.497108459472656,21.49492073059082,0.00822446122765541,0.0002188492362620309,0.8056671023368835,0.0457671694457531,0.00034522308851592243,1.3019754718790466e-10,10.0
781,21.476261138916016,21.473949432373047,0.009755391627550125,0.0002312068099854514,0.79786217212677,0.05120436102151871,0.0003400641435291618,9.238070725059444e-11,10.0
782,21.56259536743164,21.560258865356445,0.006830153986811638,0.00023362199135590345,0.7979756593704224,0.05749618262052536,0.0002708102692849934,2.6265609132103407e-10,10.0
783,21.425090789794922,21.421716690063477,0.0056470828130841255,0.0003373487270437181,0.781387209892273,0.06972536444664001,0.00027272614534012973,1.5192880287173693e-10,10.0
784,21.461116790771484,21.45826530456543,0.009114325046539307,0.0002851698372978717,0.7972065210342407,0.05185941606760025,0.0003758539678528905,2.3893143019648733e-10,10.0
785,21.5621337890625,21.559677124023438,0.01110761146992445,0.0002457157534081489,0.8045610785484314,0.046555571258068085,0.00040701415855437517,2.293322060031855e-10,10.0
786,21.460399627685547,21.45731544494629,0.008810333907604218,0.0003083553456235677,0.8006389737129211,0.048722248524427414,0.0003027032653335482,1.3720546920836796e-10,10.0
787,21.56144142150879,21.55813980102539,0.009269880130887032,0.0003301791730336845,0.8148826360702515,0.03802546486258507,0.00036912874202243984,1.1662071308649047e-10,10.0
788,21.63018798828125,21.627944946289062,0.01005852036178112,0.00022428353258874267,0.7975760698318481,0.05733960494399071,0.00035886827390640974,2.929182452149348e-10,10.0
789,21.53227424621582,21.530147552490234,0.00809510052204132,0.00021271055447869003,0.802210807800293,0.050760667771101,0.00034837107523344457,1.7969455090582898e-10,10.0
790,21.572309494018555,21.560813903808594,0.009717890061438084,0.0011496125953271985,0.7922528386116028,0.06031644344329834,0.00036349226138554513,2.0247273302409496e-10,10.0
791,22.094520568847656,22.076723098754883,0.00812993198633194,0.001779781887307763,0.7937860488891602,0.08104472607374191,0.0002706415543798357,8.969695819427415e-11,10.0
792,21.692411422729492,21.677602767944336,0.015342263504862785,0.001480951439589262,0.8175552487373352,0.03397080674767494,0.0005894724163226783,2.680659583198519e-10,10.0
793,21.506046295166016,21.487314224243164,0.009853040799498558,0.0018732243916019797,0.8005073666572571,0.04898696392774582,0.00036304924287833273,2.577542346227091e-10,10.0
794,21.731496810913086,21.71427345275879,0.00943807139992714,0.001722355023957789,0.8289283514022827,0.030066870152950287,0.0003439976426307112,1.5867267222358095e-10,10.0
795,21.497360229492188,21.475038528442383,0.0071710627526044846,0.00223214877769351,0.8033062815666199,0.04840989038348198,0.00028567269328050315,2.937342868936099e-10,10.0
796,21.59425926208496,21.551450729370117,0.010988728143274784,0.0042809173464775085,0.8103126883506775,0.04059028625488281,0.00041603503632359207,2.0245914666983111e-10,10.0
797,21.721437454223633,21.667057037353516,0.010865425691008568,0.005437992047518492,0.8189867734909058,0.03666241839528084,0.0004192123014945537,7.580141375695959e-11,10.0
798,21.69737434387207,21.616220474243164,0.009498913772404194,0.008115455508232117,0.8134620189666748,0.04158463329076767,0.0002582620072644204,1.2495533774359302e-10,10.0
799,21.860811233520508,21.774065017700195,0.014794613234698772,0.008674641139805317,0.8140147924423218,0.04199324920773506,0.00039979352732189,2.1783791437357536e-10,10.0
800,21.921630859375,21.884239196777344,0.01976160705089569,0.0037391118239611387,0.8142678737640381,0.04122477397322655,0.00028846057830378413,1.4026751982143537e-10,10.0
801,22.305858612060547,22.23516082763672,0.020697003230452538,0.007069695275276899,0.7842119932174683,0.08432725816965103,0.00042560030124150217,1.6346690667745634e-10,10.0
802,21.77302360534668,21.682775497436523,0.013714335858821869,0.009024864062666893,0.8045793175697327,0.04886053502559662,0.0003920072631444782,1.98010996488307e-10,10.0
803,21.727970123291016,21.652057647705078,0.01584649085998535,0.0075912256725132465,0.7942883372306824,0.055831022560596466,0.00029118204838596284,1.1676873357124862e-10,10.0
804,21.947662353515625,21.8872013092041,0.019769305363297462,0.0060461750254035,0.7897830605506897,0.06578520685434341,0.0003760634863283485,2.880019833728653e-10,10.0
805,21.69823455810547,21.64725112915039,0.012794732116162777,0.005098414607346058,0.7937707901000977,0.05918854475021362,0.0003400166460778564,1.884176981103991e-10,10.0
806,22.032472610473633,22.00135612487793,0.012479642406105995,0.0031116625759750605,0.7840119004249573,0.08340302854776382,0.0003992658166680485,2.2649122854989656e-10,10.0
807,21.79888343811035,21.776317596435547,0.015297090634703636,0.0022565305698662996,0.8075202107429504,0.04808215796947479,0.00038321936153806746,1.9355206326565622e-10,10.0
808,21.884838104248047,21.872865676879883,0.013248645700514317,0.0011971505591645837,0.8269755840301514,0.03457795828580856,0.00028111666324548423,5.174731129709009e-11,10.0
809,21.921661376953125,21.920787811279297,0.012966099195182323,8.739836630411446e-05,0.8044207692146301,0.05933671072125435,0.0002699256001506001,1.2605501364948424e-10,10.0
810,22.07522201538086,22.07498550415039,0.01805122382938862,2.371367736486718e-05,0.8126660585403442,0.0520889088511467,0.0004830218676943332,3.089179467785641e-10,10.0
811,21.74485969543457,21.74463653564453,0.013381268829107285,2.238253910036292e-05,0.8229273557662964,0.033342890441417694,0.00033487100154161453,2.22332457999741e-10,10.0
812,21.73772430419922,21.73754119873047,0.013729086145758629,1.829591565183364e-05,0.8183758854866028,0.03723101690411568,0.00041430312558077276,3.1312002990446786e-10,10.0
813,21.763214111328125,21.763046264648438,0.016154108569025993,1.6700318155926652e-05,0.8119179606437683,0.04229408875107765,0.0003891980741173029,2.0675813838799684e-10,10.0
814,21.829111099243164,21.828880310058594,0.020121410489082336,2.3074457203620113e-05,0.8070203065872192,0.045888207852840424,0.00031313730869442225,6.672531971396722e-11,10.0
815,22.0177059173584,22.017379760742188,0.02827272191643715,3.253177783335559e-05,0.8111292719841003,0.04115183651447296,0.0003535074938554317,1.1888953710403882e-10,10.0
816,22.22524642944336,22.224876403808594,0.028805190697312355,3.704805203597061e-05,0.8010517954826355,0.05903500318527222,0.00025762742734514177,2.12789424969273e-10,10.0
817,21.936410903930664,21.935871124267578,0.01922251470386982,5.402424358180724e-05,0.8349913954734802,0.023103462532162666,0.0002936594537459314,6.644178957015967e-11,10.0
818,21.79656219482422,21.79595184326172,0.01235880609601736,6.103781925048679e-05,0.7931540012359619,0.06619267165660858,0.0003315322974231094,2.3709870178301173e-10,10.0
819,21.752395629882812,21.751806259155273,0.014905557036399841,5.892395711271092e-05,0.7923439145088196,0.06263110041618347,0.0004792935505975038,1.9589876942838202e-10,10.0
820,21.639951705932617,21.639474868774414,0.014592252671718597,4.769613951793872e-05,0.7932306528091431,0.057647962123155594,0.000270233053015545,1.7790599549094566e-10,10.0
821,22.000667572021484,22.00035858154297,0.028068803250789642,3.088524681515992e-05,0.8146226406097412,0.037131909281015396,0.00047759016160853207,1.3246646834996767e-10,10.0
822,21.903406143188477,21.903091430664062,0.02388937398791313,3.156647289870307e-05,0.8195489645004272,0.032540254294872284,0.00036267974064685404,4.38902456045831e-11,10.0
823,21.700178146362305,21.69981575012207,0.017999568954110146,3.630648643593304e-05,0.8015130162239075,0.04835886508226395,0.00030312532908283174,1.339089256147119e-10,10.0
824,21.71330451965332,21.712942123413086,0.018327277153730392,3.6323552194517106e-05,0.8004657626152039,0.0495864637196064,0.0003453671233728528,1.670398125375172e-10,10.0
825,21.747177124023438,21.74675750732422,0.01668195053935051,4.1909064748324454e-05,0.8206713795661926,0.03231681138277054,0.0005003422847948968,1.1667515564806052e-10,10.0
826,21.63078498840332,21.63022232055664,0.014883378520607948,5.628006692859344e-05,0.8011810779571533,0.04900163784623146,0.00035703275352716446,1.163410617843752e-10,10.0
827,21.715373992919922,21.714862823486328,0.013777976855635643,5.102414434077218e-05,0.7881489992141724,0.06653472781181335,0.0003318464441690594,1.5471185443871605e-10,10.0
828,21.553983688354492,21.55348014831543,0.009362324140965939,5.038964081904851e-05,0.7880732417106628,0.06460440158843994,0.0002479691756889224,2.3626350875716184e-10,10.0
829,21.51670265197754,21.516324996948242,0.010141192004084587,3.7759764381917194e-05,0.7943109273910522,0.056062839925289154,0.00034498691093176603,3.0957175711776586e-10,10.0
830,21.67518424987793,21.67485237121582,0.013548462651669979,3.316539368825033e-05,0.8056449890136719,0.04767729714512825,0.00030838942620903254,2.097669815626091e-10,10.0
831,21.68492889404297,21.68453598022461,0.01611844077706337,3.927820216631517e-05,0.8133718967437744,0.037691108882427216,0.0005000056116841733,1.8562637538188653e-10,10.0
832,21.73404312133789,21.73358917236328,0.01908179745078087,4.534111576504074e-05,0.8030334711074829,0.04709290713071823,0.00033851535408757627,1.0223685786847625e-10,10.0
833,21.785213470458984,21.784727096557617,0.01965171843767166,4.871458440902643e-05,0.792128324508667,0.05948495864868164,0.00031034587300382555,1.573783048325339e-10,10.0
834,21.69713020324707,21.696426391601562,0.014796006493270397,7.038994954200462e-05,0.7947458624839783,0.05820814520120621,0.00026767203235067427,2.540790633442924e-10,10.0
835,21.743635177612305,21.743000030517578,0.015320966020226479,6.360742554534227e-05,0.8132835626602173,0.040967907756567,0.00036880350671708584,2.365227458334118e-10,10.0
836,21.825387954711914,21.82472801208496,0.019096706062555313,6.593219586648047e-05,0.7957221865653992,0.05804266780614853,0.0003189835697412491,9.805737472001752e-11,10.0
837,21.77181053161621,21.771305084228516,0.021235980093479156,5.050771142123267e-05,0.7982591986656189,0.05121562257409096,0.00035367804230190814,2.783733521471987e-10,10.0
838,21.872838973999023,21.8724365234375,0.02042541652917862,4.023435030831024e-05,0.7872090935707092,0.06706657260656357,0.0004909651470370591,2.4087642991332814e-10,10.0
839,21.634235382080078,21.63379669189453,0.015630271285772324,4.3880270823137835e-05,0.7936811447143555,0.0559082068502903,0.000330478185787797,1.4815966509207357e-10,10.0
840,21.64187240600586,21.64139747619629,0.009901689365506172,4.7547709982609376e-05,0.7927295565605164,0.06290968507528305,0.00028734622173942626,3.563189743260864e-10,10.0
841,21.50640106201172,21.506017684936523,0.008801169693470001,3.8385674997698516e-05,0.8013617396354675,0.049938883632421494,0.00034717621747404337,1.3712174451452341e-10,10.0
842,21.750389099121094,21.749919891357422,0.012390341609716415,4.690895366366021e-05,0.8197491765022278,0.03770456090569496,0.00038192005013115704,7.466861851046502e-11,10.0
843,21.56355857849121,21.563018798828125,0.011795368045568466,5.398915527621284e-05,0.8054074645042419,0.04520354047417641,0.00028582385857589543,2.2013628420136655e-10,10.0
844,21.570064544677734,21.569551467895508,0.01276532094925642,5.125808092998341e-05,0.7955271601676941,0.05439115688204765,0.00024586095241829753,1.1059649723810239e-10,10.0
845,21.638042449951172,21.637563705444336,0.014986149966716766,4.7921545046847314e-05,0.8120075464248657,0.03835882246494293,0.0003751487529370934,1.605426069861693e-10,10.0
846,21.517532348632812,21.517160415649414,0.00977586954832077,3.720746826729737e-05,0.7997409701347351,0.05105018615722656,0.00029841007199138403,1.7647465433423548e-10,10.0
847,21.532678604125977,21.53233528137207,0.010082444176077843,3.4330430935369805e-05,0.8072874546051025,0.043794553726911545,0.0003223922976758331,1.4082375543456038e-10,10.0
848,21.579479217529297,21.579103469848633,0.011297961696982384,3.763180211535655e-05,0.8079962134361267,0.043740756809711456,0.00032282041502185166,6.061337542995204e-11,10.0
849,21.658586502075195,21.65821647644043,0.010902621783316135,3.696476051118225e-05,0.7904477715492249,0.06485415995121002,0.00031030966783873737,9.726089378325753e-11,10.0
850,21.590044021606445,21.589683532714844,0.007263966836035252,3.600051059038378e-05,0.7812966704368591,0.07488922774791718,0.00034377918927930295,2.1369059299836124e-10,10.0
851,21.78908348083496,21.788658142089844,0.0066168662160634995,4.2485851736273617e-05,0.794486939907074,0.07032334804534912,0.00029786457889713347,1.8428808479242775e-10,10.0
852,21.435819625854492,21.43555450439453,0.00706066656857729,2.6598818294587545e-05,0.8091784715652466,0.04105418547987938,0.00032219113199971616,1.2721473874321987e-10,10.0
853,21.628732681274414,21.628477096557617,0.01051442138850689,2.5643808839959092e-05,0.8223894834518433,0.032099686563014984,0.00033883549622260034,1.8518027389280434e-10,10.0
854,21.493589401245117,21.493419647216797,0.007460939697921276,1.6955746104940772e-05,0.8138015270233154,0.03836986795067787,0.00026111191255040467,1.35990815830489e-10,10.0
855,21.648500442504883,21.64836311340332,0.01374926045536995,1.3783293070446234e-05,0.813059389591217,0.038949377834796906,0.0004413599381223321,2.353394146226151e-10,10.0
856,21.51678466796875,21.51663589477539,0.0073473225347697735,1.4895314052409958e-05,0.8181068301200867,0.03509999439120293,0.00027807027800008655,6.381416228773418e-11,10.0
857,21.47795295715332,21.477806091308594,0.009246300905942917,1.4739030120836105e-05,0.7980448603630066,0.0516771525144577,0.00035968617885373533,1.4288784044858005e-10,10.0
858,21.581573486328125,21.581453323364258,0.010711971670389175,1.1973676009802148e-05,0.8123456239700317,0.04005683958530426,0.00035909819416701794,1.4731180164595514e-10,10.0
859,21.58829689025879,21.588136672973633,0.012641126289963722,1.594577588548418e-05,0.803442656993866,0.047297608107328415,0.0003601531789172441,2.0815472956403624e-10,10.0
860,21.86475372314453,21.864606857299805,0.01187776681035757,1.4752880815649405e-05,0.7677481770515442,0.09484432637691498,0.0002852245816029608,2.0800428046641173e-10,10.0
861,21.407909393310547,21.407766342163086,0.006730221211910248,1.4235739399737213e-05,0.791657567024231,0.05781106278300285,0.00027964316541329026,6.303071259372572e-11,10.0
862,21.494604110717773,21.494487762451172,0.004887008108198643,1.172417887573829e-05,0.8175875544548035,0.03718509152531624,0.0002995592076331377,1.936262677970646e-10,10.0
863,21.38959503173828,21.38947868347168,0.00612570159137249,1.1589378118515015e-05,0.8056982755661011,0.04364713281393051,0.0002699911710806191,2.1138071848447737e-10,10.0
864,21.66248321533203,21.662364959716797,0.011067727580666542,1.1732541679521091e-05,0.8023867011070251,0.05289505794644356,0.00036284825182519853,1.4291587357995184e-10,10.0
865,21.432592391967773,21.432592391967773,0.007363304495811462,5.219610343942804e-08,0.797679603099823,0.05215178430080414,0.0002725561207626015,1.4266170189625171e-10,10.0
866,21.528493881225586,21.527362823486328,0.007130078971385956,0.00011307561362627894,0.8000921010971069,0.05375431105494499,0.00029512084438465536,1.986462522252097e-10,10.0
867,21.46285057067871,21.461210250854492,0.006044996902346611,0.00016404663620050997,0.8176605105400085,0.034626685082912445,0.0002904290158767253,1.371055630139395e-10,10.0
868,21.512147903442383,21.51055145263672,0.0076868291944265366,0.0001596996298758313,0.8221487402915955,0.0304314773529768,0.0003875145048368722,2.2660094634030514e-10,10.0
869,21.49378204345703,21.491432189941406,0.006869695149362087,0.00023489614250138402,0.8207792043685913,0.03187936544418335,0.00032271139207296073,8.597969558543639e-11,10.0
870,21.563701629638672,21.559783935546875,0.007520563900470734,0.00039173613185994327,0.7861424088478088,0.06859032809734344,0.00034494930878281593,2.2858287485050255e-10,10.0
871,21.521150588989258,21.5173397064209,0.006250964943319559,0.0003810904745478183,0.7805090546607971,0.07382688671350479,0.0002665989159140736,2.3273305505000508e-10,10.0
872,21.49197006225586,21.486572265625,0.008328528143465519,0.0005397816421464086,0.7887201905250549,0.062253549695014954,0.000401496043195948,1.0660274052387564e-10,10.0
873,21.489038467407227,21.484712600708008,0.007417508400976658,0.0004324945039115846,0.7805154323577881,0.07132931053638458,0.0003155088925268501,1.2776363300659455e-10,10.0
874,21.463376998901367,21.459030151367188,0.009012928232550621,0.0004346935893408954,0.8032225370407104,0.04596726968884468,0.00039638698217459023,1.8747849106492964e-10,10.0
875,21.44570541381836,21.440235137939453,0.007643687538802624,0.0005471200565807521,0.8058294653892517,0.044007185846567154,0.00032272536191157997,1.972079305412322e-10,10.0
876,22.17999839782715,22.17636489868164,0.010824093595147133,0.00036337008350528777,0.851208508014679,0.024816686287522316,0.0005132021615281701,1.4675131942976094e-10,10.0
877,21.604434967041016,21.600412368774414,0.007256392855197191,0.00040227509452961385,0.832160234451294,0.02444697543978691,0.00038221650174818933,1.195933074793487e-10,10.0
878,21.506263732910156,21.502527236938477,0.005724919959902763,0.0003736016515176743,0.8210458755493164,0.033204007893800735,0.00031566625693812966,7.578319222156793e-11,10.0
879,21.439327239990234,21.43661117553711,0.006723675411194563,0.0002715814334806055,0.8020113110542297,0.04859285429120064,0.0003414154052734375,7.89520879229677e-11,10.0
880,21.567413330078125,21.563051223754883,0.008452101610600948,0.0004362097824923694,0.8250987529754639,0.028814343735575676,0.00039232088602147996,1.2305019503333625e-10,10.0
881,21.5538272857666,21.550535202026367,0.011048346757888794,0.0003291376051492989,0.7964414358139038,0.054345324635505676,0.0004657309327740222,1.2700668294840511e-10,10.0
882,21.684158325195312,21.680767059326172,0.010465153492987156,0.0003390639612916857,0.8196231722831726,0.036970797926187515,0.0004287092015147209,2.8959110109916253e-10,10.0
883,21.78682518005371,21.78291893005371,0.007386114448308945,0.0003906739002559334,0.8226606845855713,0.04112955555319786,0.00035112802288495004,2.0717727533536845e-10,10.0
884,22.363468170166016,22.359649658203125,0.008723564445972443,0.0003818674886133522,0.7592281103134155,0.1262892335653305,0.00036273582372814417,1.191303306002922e-10,10.0
885,21.476633071899414,21.472259521484375,0.009652385488152504,0.0004373745759949088,0.8009957671165466,0.048079345375299454,0.0004070692230015993,1.2025243301128086e-10,10.0
886,21.539628982543945,21.536535263061523,0.00973900593817234,0.0003093975828960538,0.8129382729530334,0.03862406313419342,0.0004000933840870857,1.3448919755632005e-10,10.0
887,21.870281219482422,21.867990493774414,0.009314185008406639,0.00022913490829523653,0.8281769156455994,0.037085916846990585,0.00035647276672534645,1.2442187558026063e-10,10.0
888,21.76133918762207,21.75816535949707,0.009964387863874435,0.00031747762113809586,0.8236234188079834,0.03657707944512367,0.0004043035733047873,2.221422490400471e-10,10.0
889,21.876644134521484,21.873804092407227,0.009855217300355434,0.0002840489032678306,0.8207809329032898,0.044161368161439896,0.0003866175829898566,2.2660469334301325e-10,10.0
890,21.791292190551758,21.7858943939209,0.009250111877918243,0.0005397805362008512,0.8278160095214844,0.03419942408800125,0.0004255087114870548,9.25806029061782e-11,10.0
891,21.608367919921875,21.59977149963379,0.008811317384243011,0.0008596164407208562,0.8052895069122314,0.049730341881513596,0.00039895917871035635,2.7296506721619096e-10,10.0
892,21.49813461303711,21.48862648010254,0.010595716536045074,0.0009507404174655676,0.8039466142654419,0.04486171528697014,0.00035264718462713063,1.0749723333702832e-10,10.0
893,21.63622283935547,21.621931076049805,0.012576084583997726,0.0014292221749201417,0.8028578162193298,0.04926057904958725,0.00045702335773967206,1.1336023786334692e-10,10.0
894,21.576187133789062,21.564233779907227,0.0053014992736279964,0.0011952775530517101,0.7804191708564758,0.07674064487218857,0.00026998709654435515,1.2753051392699888e-10,10.0
895,21.422325134277344,21.407333374023438,0.005919824354350567,0.0014991422649472952,0.7848512530326843,0.06540490686893463,0.0002935460943263024,5.0101294640780836e-11,10.0
896,21.690580368041992,21.669382095336914,0.008506412617862225,0.0021197772584855556,0.7957751154899597,0.06237151846289635,0.0003055757551919669,2.1655352511196213e-10,10.0
897,21.659591674804688,21.64399528503418,0.014917587861418724,0.0015596459852531552,0.8107672333717346,0.039900995790958405,0.00043509629904292524,1.547011130309528e-10,10.0
898,21.538015365600586,21.52523422241211,0.011000075377523899,0.0012781972764059901,0.8023868799209595,0.04748620092868805,0.0003407330659683794,1.5966039601522652e-10,10.0
899,21.656612396240234,21.649988174438477,0.009431113488972187,0.0006624367088079453,0.8193769454956055,0.037062905728816986,0.0003212969459127635,2.1025545193786854e-10,10.0
900,21.576610565185547,21.57363510131836,0.008967062458395958,0.0002976384712383151,0.8089398145675659,0.044893499463796616,0.0003625769168138504,1.3865300574344985e-10,10.0
901,21.55072593688965,21.54904556274414,0.010914268903434277,0.00016794726252555847,0.8049220442771912,0.045945312827825546,0.0004504375101532787,1.8940968238290168e-10,10.0
902,21.75811004638672,21.730329513549805,0.014782262966036797,0.002778073539957404,0.811325192451477,0.042908526957035065,0.0004928033449687064,1.5326855062891553e-10,10.0
903,21.876598358154297,21.842052459716797,0.01407832745462656,0.0034546363167464733,0.8107847571372986,0.04866898059844971,0.0003751880722120404,1.9322765609786074e-10,10.0
904,21.575420379638672,21.54506492614746,0.012769326567649841,0.003035487374290824,0.799414873123169,0.04947409778833389,0.0003606222162488848,1.7117388062537486e-10,10.0
905,21.70378875732422,21.690629959106445,0.007717255502939224,0.0013158280635252595,0.827975869178772,0.03179899603128433,0.0003325765719637275,1.1722448012285724e-10,10.0
906,21.86591339111328,21.81324577331543,0.006279481574892998,0.005266755353659391,0.7934415340423584,0.07267249375581741,0.00034082846832461655,2.4103630202887416e-10,10.0
907,21.469837188720703,21.46160888671875,0.007442128844559193,0.0008228661608882248,0.8147965669631958,0.036096978932619095,0.00032170722261071205,7.138726415556462e-11,10.0
908,21.654476165771484,21.631942749023438,0.010986430570483208,0.0022534276358783245,0.8238772749900818,0.03022126294672489,0.00048202986363321543,2.2607318794776177e-10,10.0
909,21.495819091796875,21.46343994140625,0.008644122630357742,0.003237843280658126,0.7977167367935181,0.052020635455846786,0.00039030457264743745,1.7561649356956366e-10,10.0
910,21.651092529296875,21.612836837768555,0.011193832382559776,0.003825574414804578,0.791465699672699,0.061691902577877045,0.00040517354500479996,8.552754338086999e-11,10.0
911,21.54646110534668,21.516307830810547,0.00945756770670414,0.003015401540324092,0.7941210865974426,0.05697157233953476,0.0002551744400989264,8.211022139992252e-11,10.0
912,21.707090377807617,21.676189422607422,0.011081966571509838,0.0030901809222996235,0.7836490869522095,0.0721735954284668,0.0003573308640625328,1.3482556737720586e-10,10.0
913,21.772367477416992,21.749509811401367,0.010234889574348927,0.002285850467160344,0.7938064336776733,0.06581497937440872,0.00031020058668218553,1.9748874757752333e-10,10.0
914,21.805261611938477,21.78896141052246,0.010925536043941975,0.0016299342969432473,0.7942402958869934,0.06624278426170349,0.00037483498454093933,1.4270509773872675e-10,10.0
915,21.789730072021484,21.778162002563477,0.008875565603375435,0.001156879705376923,0.779563844203949,0.08255013823509216,0.00034230874734930694,1.8512288924021902e-10,10.0
916,21.425403594970703,21.41838264465332,0.006222482770681381,0.0007020521443337202,0.8087549805641174,0.041641514748334885,0.0002908053866121918,1.0134240668868699e-10,10.0
917,21.602846145629883,21.594892501831055,0.010611619800329208,0.0007953628082759678,0.8218468427658081,0.03116813488304615,0.00042275479063391685,1.0158505286961272e-10,10.0
918,21.765867233276367,21.758935928344727,0.009852055460214615,0.0006931963725946844,0.829818069934845,0.030548997223377228,0.000345802545780316,9.665696715233096e-11,10.0
919,21.65469741821289,21.64539337158203,0.011969754472374916,0.0009304425911977887,0.8173415064811707,0.03634481504559517,0.00039910711348056793,1.2784538705457038e-10,10.0
920,21.84584617614746,21.83037757873535,0.014691803604364395,0.001546813058666885,0.7979124188423157,0.06045013293623924,0.00040180329233407974,1.3270758103534064e-10,10.0
921,22.1317081451416,22.11944007873535,0.019318317994475365,0.001226741704158485,0.7946102619171143,0.07070910185575485,0.00034980158670805395,1.7614185110481628e-10,10.0
922,22.308473587036133,22.292612075805664,0.02084987983107567,0.0015861698193475604,0.7888080477714539,0.08190658688545227,0.00034980583586730063,2.5549609650177274e-10,10.0
923,21.898334503173828,21.88292121887207,0.011348024010658264,0.0015412467764690518,0.7904212474822998,0.07344722747802734,0.0002510791237000376,7.382435635028273e-11,10.0
924,21.634204864501953,21.622583389282227,0.01407395489513874,0.0011622251477092505,0.8111299872398376,0.0394991859793663,0.0005004128906875849,2.032764095938333e-10,10.0
925,21.618011474609375,21.61793327331543,0.012637783773243427,7.766451744828373e-06,0.8091262578964233,0.04283441603183746,0.00029725232161581516,1.529960463875213e-10,10.0
926,21.678314208984375,21.67432975769043,0.012507939711213112,0.0003985064977314323,0.8240969181060791,0.03022812493145466,0.0003505444619804621,2.260416576138624e-10,10.0
927,21.763307571411133,21.75809669494629,0.014628089033067226,0.0005210931994952261,0.8289502263069153,0.026612482964992523,0.0003329240716993809,1.6336672292727172e-10,10.0
928,21.784915924072266,21.7816219329834,0.012152901850640774,0.00032942468533292413,0.8309991955757141,0.027966033667325974,0.0003668363206088543,5.770229433155194e-11,10.0
929,21.957210540771484,21.953678131103516,0.013811176642775536,0.00035327786463312805,0.8461501598358154,0.018025033175945282,0.00040188105776906013,2.5805518832910934e-10,10.0
930,21.802600860595703,21.799470901489258,0.01523982360959053,0.0003130743280053139,0.7975891828536987,0.059016961604356766,0.0003322176926303655,1.5988134427491474e-10,10.0
931,22.245386123657227,22.242694854736328,0.016693826764822006,0.00026916907518170774,0.7870268225669861,0.08583614230155945,0.0003774894867092371,1.1567451857485977e-10,10.0
932,21.922189712524414,21.918367385864258,0.01577007584273815,0.00038216306711547077,0.792512834072113,0.06828118860721588,0.0004265147726982832,2.4123220088156927e-10,10.0
933,21.76045799255371,21.75762367248535,0.015330079942941666,0.0002834986662492156,0.8003547787666321,0.05446561798453331,0.0003861757868435234,8.820803809594935e-11,10.0
934,21.59844398498535,21.59485626220703,0.011709009297192097,0.00035886658588424325,0.8048892617225647,0.04709045588970184,0.0002637238649185747,1.9879704826752942e-10,10.0
935,21.68210220336914,21.67911148071289,0.01733889803290367,0.00029901618836447597,0.8042246103286743,0.04547765105962753,0.000308233720716089,1.4581591489815082e-10,10.0
936,21.834152221679688,21.830808639526367,0.019092347472906113,0.0003343873249832541,0.8147392272949219,0.0392753891646862,0.0003136039595119655,7.598568996236565e-11,10.0
937,21.750150680541992,21.746213912963867,0.017957540228962898,0.00039361848030239344,0.8108648657798767,0.04089214280247688,0.00033494329545646906,1.0495500302187821e-10,10.0
938,21.66571617126465,21.662931442260742,0.015058618038892746,0.0002784316020552069,0.8097202181816101,0.04160791635513306,0.0003263186663389206,1.0892402951823144e-10,10.0
939,22.00275421142578,21.998733520507812,0.0165482796728611,0.00040198516217060387,0.8155516386032104,0.0476638525724411,0.00046385437599383295,1.7005379049361835e-10,10.0
940,21.72667694091797,21.722999572753906,0.015342413447797298,0.00036774433101527393,0.8020005822181702,0.05144000053405762,0.00034250578028149903,1.609931910007134e-10,10.0
941,21.949670791625977,21.942718505859375,0.018690768629312515,0.0006951437680982053,0.8059270977973938,0.05291912704706192,0.0004292417725082487,1.6859980078720582e-10,10.0
942,22.099899291992188,22.088932037353516,0.020927947014570236,0.0010967360576614738,0.8032571077346802,0.059231407940387726,0.00035184170701541007,1.6491638610283132e-10,10.0
943,21.906028747558594,21.89267349243164,0.019408954307436943,0.0013354383409023285,0.7896406650543213,0.06652464717626572,0.0003316978982184082,1.1311092340537954e-10,10.0
944,21.641807556152344,21.62494659423828,0.015638811513781548,0.0016860931646078825,0.7935276031494141,0.055718984454870224,0.0002812117454595864,6.814158265422421e-11,10.0
945,21.70827865600586,21.69375991821289,0.016282975673675537,0.0014518245588988066,0.8112709522247314,0.040002837777137756,0.0004840490873903036,1.913710162559923e-10,10.0
946,21.581132888793945,21.557998657226562,0.011150283738970757,0.0023134055081754923,0.7985922694206238,0.05245804786682129,0.00029823827208019793,2.2401790145121225e-10,10.0
947,21.624679565429688,21.601036071777344,0.013260310515761375,0.002364284358918667,0.8144956827163696,0.036151837557554245,0.00033392166369594634,1.2709122643173032e-10,10.0
948,21.513301849365234,21.4893741607666,0.007122264709323645,0.0023927027359604836,0.8076436519622803,0.044722896069288254,0.00021535127598326653,2.0600605943332795e-10,10.0
949,21.584360122680664,21.561094284057617,0.012192480266094208,0.0023266514763236046,0.7926040887832642,0.057481780648231506,0.00041372072882950306,2.6524926699522666e-10,10.0
950,21.73799705505371,21.722143173217773,0.011391090229153633,0.0015853461809456348,0.8143853545188904,0.04297540709376335,0.0003346935554873198,1.6779176659209583e-10,10.0
951,21.659177780151367,21.64162254333496,0.01304473914206028,0.0017555418889969587,0.8194688558578491,0.03299425169825554,0.00039266832754947245,2.0054526095325542e-10,10.0
952,21.674345016479492,21.66701316833496,0.0157921202480793,0.0007331917295232415,0.8033909201622009,0.0473535992205143,0.00035983455018140376,1.2137039984150277e-10,10.0
953,21.731264114379883,21.71463394165039,0.013905464671552181,0.0016630231402814388,0.7980305552482605,0.05652270466089249,0.0003165883244946599,1.1829248691697103e-10,10.0
954,21.628156661987305,21.60834312438965,0.012000925838947296,0.0019813019316643476,0.799723744392395,0.05248089134693146,0.0003202900115866214,7.05685301860548e-11,10.0
955,21.707340240478516,21.6802921295166,0.013231838122010231,0.0027047612238675356,0.8151490688323975,0.038662489503622055,0.00042073510121554136,6.981978883935369e-11,10.0
956,21.617115020751953,21.5936222076416,0.011486761271953583,0.002349302638322115,0.7862809300422668,0.06583867967128754,0.00034629786387085915,1.9076044910359968e-10,10.0
957,21.52130889892578,21.491907119750977,0.01097109541296959,0.0029402347281575203,0.7986509799957275,0.049910642206668854,0.0003590306732803583,9.349513524492536e-11,10.0
958,21.778871536254883,21.758569717407227,0.014462286606431007,0.0020301048643887043,0.810817539691925,0.04487622156739235,0.00046673938049934804,1.7722565082145536e-10,10.0
959,21.89557456970215,21.87436866760254,0.012407872825860977,0.0021205346565693617,0.7929372191429138,0.06948347389698029,0.00036553488462232053,9.678392115519685e-11,10.0
960,22.211233139038086,22.189687728881836,0.01323462650179863,0.0021544683258980513,0.7781590223312378,0.09608332067728043,0.0002764382224995643,1.0412902484713271e-10,10.0
961,21.696895599365234,21.680959701538086,0.011434214189648628,0.0015935879200696945,0.8032726049423218,0.05241694301366806,0.0002864228736143559,1.8213104635567134e-10,10.0
962,21.79787254333496,21.783782958984375,0.012521917000412941,0.0014089882606640458,0.8127185702323914,0.04597244784235954,0.00034589882125146687,1.48047490933223e-10,10.0
963,21.956783294677734,21.95061683654785,0.015393782407045364,0.0006166555103845894,0.8183151483535767,0.04414844512939453,0.0004185113648418337,1.7057698309397296e-10,10.0
964,21.74358367919922,21.738201141357422,0.014543968252837658,0.0005382162635214627,0.8262134194374084,0.028627904132008553,0.00035659808781929314,1.3591169856219665e-10,10.0
965,21.992721557617188,21.988908767700195,0.021750885993242264,0.00038133846828714013,0.8229884505271912,0.034656863659620285,0.0004005270602647215,1.3671339060827847e-10,10.0
966,21.6965274810791,21.692663192749023,0.016876190900802612,0.00038644755841232836,0.8080276846885681,0.042658139020204544,0.0003612648870330304,1.433326235478205e-10,10.0
967,21.627777099609375,21.62250328063965,0.013644561171531677,0.0005273985443636775,0.8086687922477722,0.042413271963596344,0.00043381951400078833,1.7629961379661552e-10,10.0
968,21.630626678466797,21.626379013061523,0.009713731706142426,0.0004248465411365032,0.7973814606666565,0.05779170244932175,0.00042068216134794056,1.1725063975287497e-10,10.0
969,21.785680770874023,21.78028106689453,0.010583462193608284,0.000540009408723563,0.7919694781303406,0.06851838529109955,0.0003497209108900279,1.8685225589010201e-10,10.0
970,21.9597110748291,21.955039978027344,0.023573772981762886,0.00046707651927135885,0.7803786993026733,0.07406812161207199,0.00045235094148665667,1.3730201697814692e-10,10.0
971,21.897951126098633,21.891773223876953,0.021159036085009575,0.0006178293260745704,0.8008010387420654,0.053582385182380676,0.0003212396113667637,1.266898391749649e-10,10.0
972,21.71970558166504,21.714014053344727,0.0174455214291811,0.0005691750557161868,0.8101760149002075,0.04076771065592766,0.0004281048895791173,1.596088539113083e-10,10.0
973,21.69351577758789,21.688594818115234,0.013366885483264923,0.0004921120125800371,0.8119223117828369,0.04208916798233986,0.00041370789404027164,2.1723592369404798e-10,10.0
974,21.67203140258789,21.664899826049805,0.0124508673325181,0.0007131618913263083,0.8158324956893921,0.03816675394773483,0.00036466060555540025,2.6237759187530685e-10,10.0
975,21.856998443603516,21.851573944091797,0.016292165964841843,0.0005424840492196381,0.8209097385406494,0.036693084985017776,0.0004197825619485229,1.2649879754800253e-10,10.0
976,21.97328758239746,21.965717315673828,0.02366293966770172,0.0007569633307866752,0.8233123421669006,0.031510546803474426,0.00035706968628801405,2.1008549067058624e-10,10.0
977,21.96042823791504,21.95404815673828,0.026573583483695984,0.0006379616097547114,0.8147931694984436,0.036664921790361404,0.0003257249481976032,1.4193898834058416e-10,10.0
978,21.970327377319336,21.964462280273438,0.023417480289936066,0.0005865563289262354,0.8203667998313904,0.03466656431555748,0.00031897189910523593,1.8554434377815454e-10,10.0
979,21.860139846801758,21.85297203063965,0.02065807394683361,0.0007168488809838891,0.8006911873817444,0.05262192711234093,0.00036898849066346884,6.252937057027452e-11,10.0
980,21.74060821533203,21.73536491394043,0.010708222165703773,0.0005243796622380614,0.766814112663269,0.09177234768867493,0.00029984014690853655,1.689590273246111e-10,10.0
981,21.775283813476562,21.770206451416016,0.009777470491826534,0.0005077308160252869,0.7745291590690613,0.08639068901538849,0.00027730382862500846,2.8975785659746123e-10,10.0
982,21.906858444213867,21.904157638549805,0.01759715937077999,0.0002700229815673083,0.7731001377105713,0.08535835146903992,0.00027680571656674147,1.4333256803666927e-10,10.0
983,22.0965576171875,22.094337463378906,0.023978304117918015,0.00022197476937435567,0.7748276591300964,0.08485649526119232,0.0002777540939860046,1.0512265363749052e-10,10.0
984,22.0654296875,22.06352996826172,0.03056824579834938,0.00019004584464710206,0.8035346269607544,0.04830180108547211,0.00034142055665142834,1.122946458043117e-10,10.0
985,21.908273696899414,21.90665054321289,0.0205804742872715,0.0001622200943529606,0.8106648325920105,0.044897787272930145,0.0003075065033044666,2.0553474200379895e-10,10.0
986,21.937162399291992,21.935487747192383,0.023298116400837898,0.00016740438877604902,0.8229164481163025,0.03104478493332863,0.00040048593655228615,1.6807066849366947e-10,10.0
987,21.8575382232666,21.856809616088867,0.01903592422604561,7.291685324162245e-05,0.8280894160270691,0.027038563042879105,0.0002710750268306583,2.591020176190284e-10,10.0
988,21.926803588867188,21.926414489746094,0.021589122712612152,3.896498310496099e-05,0.8165501356124878,0.038787297904491425,0.00032510727760381997,2.0514244469804765e-10,10.0
989,22.083820343017578,22.0837345123291,0.026243269443511963,8.559908565075602e-06,0.8221058249473572,0.03491302952170372,0.0002182743774028495,5.1946804496827426e-11,10.0
990,21.88994789123535,21.889936447143555,0.022599976509809494,1.153550897470268e-06,0.7948195934295654,0.05805056914687157,0.0003184325178153813,1.938118554534185e-10,10.0
991,21.814393997192383,21.81438446044922,0.022461792454123497,1.046813054017548e-06,0.7950827479362488,0.05491773411631584,0.0002827259886544198,9.592863309260125e-11,10.0
992,21.75718116760254,21.757173538208008,0.016075028106570244,6.700932431158435e-07,0.7802138924598694,0.07385263592004776,0.00036330055445432663,3.019725303143872e-10,10.0
993,21.716854095458984,21.716846466064453,0.01637101359665394,7.756021318527928e-07,0.7885521054267883,0.06358093023300171,0.00042465992737561464,1.2081685651921248e-10,10.0
994,22.17353057861328,22.173524856567383,0.031169874593615532,5.590642331299023e-07,0.7872114777565002,0.06840624660253525,0.00038356787990778685,1.6550094628087209e-10,10.0
995,22.108842849731445,22.108837127685547,0.03363461792469025,5.028703640164167e-07,0.8088472485542297,0.0417487695813179,0.00030702530057169497,1.3284914834876815e-10,10.0
996,22.182270050048828,22.182266235351562,0.03577229380607605,3.944627451346605e-07,0.8005819320678711,0.05077262595295906,0.00040939319296739995,1.693832851756838e-10,10.0
997,21.97150993347168,21.971508026123047,0.021590057760477066,1.391617274748569e-07,0.827789843082428,0.029322035610675812,0.0003958781308028847,1.487985151760185e-10,10.0
998,21.812551498413086,21.812551498413086,0.013275195844471455,2.1844551056915407e-08,0.8260174989700317,0.03307637572288513,0.0003322344273328781,1.2281849148809698e-10,10.0
999,21.965808868408203,21.965808868408203,0.0181710384786129,2.6008329712112754e-08,0.8237127661705017,0.036598172038793564,0.0003758818784262985,2.157532624780245e-10,10.0
1000,22.07526397705078,22.07526397705078,0.029288804158568382,2.6600423197464806e-08,0.8243969082832336,0.029198775067925453,0.0003152929130010307,9.590871846709703e-11,10.0
1001,22.13985252380371,22.13985252380371,0.034555401653051376,2.5338746212355545e-08,0.7942796349525452,0.05664162337779999,0.0002936289820354432,1.2041710684140838e-10,10.0
1002,22.27541732788086,22.27541732788086,0.02714628167450428,1.8126858236655607e-08,0.8109438419342041,0.05275196582078934,0.00043645408004522324,1.1254762399826035e-10,10.0
1003,21.774194717407227,21.774194717407227,0.018996462225914,1.1647975917128406e-08,0.7880201935768127,0.06383416056632996,0.0002925393055193126,9.246807486373854e-11,10.0
1004,21.637575149536133,21.637575149536133,0.013249860145151615,1.869297960865879e-08,0.7856953144073486,0.06640367954969406,0.00038537607179023325,1.0046148635201035e-10,10.0
1005,21.66382598876953,21.663822174072266,0.013165894895792007,4.2531121380307013e-07,0.796012818813324,0.0572521947324276,0.00030493366648443043,1.549605582740199e-10,10.0
1006,21.733814239501953,21.733808517456055,0.02009507268667221,4.980811354471371e-07,0.8059040307998657,0.043241795152425766,0.0002786598342936486,1.1066740579490641e-10,10.0
1007,21.979516983032227,21.979507446289062,0.025243040174245834,9.474297826272959e-07,0.8222967982292175,0.03152430057525635,0.00029036286287009716,2.1491652901772795e-10,10.0
1008,21.807111740112305,21.80710220336914,0.019162502139806747,1.0020133913712925e-06,0.815336287021637,0.037655916064977646,0.00032328872475773096,1.130618515476911e-10,10.0
1009,21.851913452148438,21.851900100708008,0.018936891108751297,1.3037804365012562e-06,0.8129153847694397,0.042063627392053604,0.00040023241308517754,1.3079845539998303e-10,10.0
1010,21.68100929260254,21.680994033813477,0.012982435524463654,1.551694595036679e-06,0.8125529885292053,0.041605375707149506,0.0002474243228789419,1.0114428045104873e-10,10.0
1011,21.783275604248047,21.783248901367188,0.01950760930776596,2.696457841011579e-06,0.8031845688819885,0.0485023595392704,0.00033850359614007175,1.010085487473944e-10,10.0
1012,21.925363540649414,21.92493438720703,0.026499472558498383,4.2953291995218024e-05,0.8021199703216553,0.048267848789691925,0.0002753122535068542,8.798388406727753e-11,10.0
1013,22.263673782348633,22.262266159057617,0.025950606912374496,0.00014072511112317443,0.7757145762443542,0.08868560940027237,0.0003495987912174314,1.6773928079860667e-10,10.0
1014,21.664777755737305,21.661531448364258,0.0114446971565485,0.00032471134909428656,0.7845056056976318,0.07038883119821548,0.000305375549942255,2.5116023150140165e-10,10.0
1015,21.54193115234375,21.538728713989258,0.011227029375731945,0.0003202786319889128,0.799938976764679,0.05021865293383598,0.0004112316819373518,2.025310336106756e-10,10.0
1016,21.673797607421875,21.669893264770508,0.016017362475395203,0.0003904020122718066,0.7982788681983948,0.052359405905008316,0.0003502103209029883,1.1561689106098783e-10,10.0
1017,22.283687591552734,22.276845932006836,0.02285158447921276,0.0006842167349532247,0.8368825912475586,0.031177943572402,0.0004042192886117846,1.4642495549388457e-10,10.0
1018,21.86258888244629,21.85386848449707,0.021370699629187584,0.0008720514015294611,0.812436044216156,0.04024228826165199,0.0002641616447363049,1.0740266315201197e-10,10.0
1019,21.763198852539062,21.75213623046875,0.01899077370762825,0.0011062308913096786,0.8105347752571106,0.04041139781475067,0.00037136502214707434,1.0346789397486233e-10,10.0
1020,21.904443740844727,21.89425277709961,0.021386876702308655,0.0010190277826040983,0.7975250482559204,0.05666405335068703,0.000485358526930213,1.589706005722391e-10,10.0
1021,21.657808303833008,21.645984649658203,0.0139180738478899,0.0011822935193777084,0.8112319111824036,0.04060071334242821,0.0002217020228272304,2.1986260034800864e-10,10.0
1022,21.74067497253418,21.730649948120117,0.019079919904470444,0.001002555713057518,0.8051275610923767,0.0448862686753273,0.000330723007209599,1.6153159365650538e-10,10.0
1023,21.843591690063477,21.83568000793457,0.022212032228708267,0.0007911204011179507,0.7907778024673462,0.060351140797138214,0.00021539420413319021,6.770160126956526e-11,10.0
1024,21.825185775756836,21.81552505493164,0.02290189638733864,0.000966119347140193,0.807266116142273,0.04229498654603958,0.00039498473051935434,1.6786105838662024e-10,10.0
1025,21.843036651611328,21.83566665649414,0.017223909497261047,0.0007370387320406735,0.8203998804092407,0.035663921386003494,0.00034746923483908176,1.2503334478886075e-10,10.0
1026,21.64760971069336,21.63897132873535,0.009618349373340607,0.0008637552382424474,0.7862784266471863,0.06955254822969437,0.00027375048375688493,1.1088627238642346e-10,10.0
1027,21.750091552734375,21.740924835205078,0.011778533458709717,0.0009166774107143283,0.81406569480896,0.043639183044433594,0.0003837967524304986,8.551618441154929e-11,10.0
1028,22.008216857910156,21.99928092956543,0.009715043008327484,0.0008934989455156028,0.8310576677322388,0.039043184369802475,0.0003882742894347757,1.7050873213353412e-10,10.0
1029,21.710676193237305,21.70146942138672,0.012298261746764183,0.0009206042159348726,0.8226788640022278,0.032968856394290924,0.00028218512306921184,1.1991177495396244e-10,10.0
1030,21.839683532714844,21.830219268798828,0.017994262278079987,0.0009463643073104322,0.8009249567985535,0.054148610681295395,0.0003523617924656719,1.1031300872765826e-10,10.0
1031,21.836612701416016,21.818147659301758,0.01711084321141243,0.0018464705208316445,0.8256773352622986,0.029780445620417595,0.000393250142224133,1.7302155541631947e-10,10.0
1032,21.831573486328125,21.809478759765625,0.014944551512598991,0.002209550468251109,0.832838237285614,0.024478444829583168,0.00029479016666300595,1.4788077706828773e-10,10.0
1033,21.804306030273438,21.778438568115234,0.014965349808335304,0.002586836228147149,0.8233436346054077,0.032662518322467804,0.0004150915192440152,2.0888173135613641e-10,10.0
1034,21.79962730407715,21.76751708984375,0.014544960111379623,0.0032111043110489845,0.8045168519020081,0.051501188427209854,0.0003443581808824092,1.3948282806541812e-10,10.0
1035,21.825185775756836,21.78418731689453,0.015854250639677048,0.004099870566278696,0.8089644908905029,0.04639137536287308,0.00039353352622129023,8.702682324779332e-11,10.0
1036,21.773006439208984,21.724645614624023,0.011019187048077583,0.004836112726479769,0.796593427658081,0.061228763312101364,0.00036100015859119594,1.4147688576215955e-10,10.0
1037,21.79233741760254,21.759309768676758,0.010308887809515,0.0033027534373104572,0.7994468212127686,0.06048327311873436,0.0003336167137604207,2.1693526142119168e-10,10.0
1038,21.811050415039062,21.798912048339844,0.011123859323561192,0.0012137980666011572,0.7935376763343811,0.06713493913412094,0.00039997571730054915,1.781742253736951e-10,10.0
1039,22.456571578979492,22.42084503173828,0.015192246064543724,0.0035726442001760006,0.8010730743408203,0.08042502403259277,0.00035850887070409954,1.68990446636208e-10,10.0
1040,21.903528213500977,21.860998153686523,0.02213112637400627,0.00425309082493186,0.8118817806243896,0.040306925773620605,0.00030027280445210636,1.0506925191000605e-10,10.0
1041,22.182710647583008,22.130102157592773,0.0255679190158844,0.0052607981488108635,0.8141183257102966,0.04533905163407326,0.00044681483996100724,6.634898186419491e-11,10.0
1042,21.797481536865234,21.73348045349121,0.01361357793211937,0.006400194950401783,0.8286839127540588,0.026893505826592445,0.0003703949332702905,1.5280281207008528e-10,10.0
1043,22.3288631439209,22.280004501342773,0.016614310443401337,0.0048858099617064,0.7993485331535339,0.07505205273628235,0.0004632243362721056,4.5163300183004296e-11,10.0
1044,21.862661361694336,21.80497932434082,0.011822620406746864,0.005768268369138241,0.8108426928520203,0.049413278698921204,0.0003015735128428787,1.4294429528938224e-10,10.0
1045,22.243982315063477,22.193334579467773,0.014098091050982475,0.00506478501483798,0.7874811291694641,0.08600110560655594,0.00038244828465394676,1.3379194974127984e-10,10.0
1046,22.044574737548828,22.00628089904785,0.02071451209485531,0.0038293455727398396,0.8166043758392334,0.04273416846990585,0.000495533284265548,1.2246693936734943e-10,10.0
1047,22.129056930541992,22.12858009338379,0.023977763950824738,4.763755714520812e-05,0.8013359904289246,0.059707943350076675,0.0003039281000383198,1.220486628428219e-10,10.0
1048,22.00713348388672,21.994197845458984,0.024297360330820084,0.0012935504782944918,0.8234310150146484,0.03190195560455322,0.0003440810542088002,8.998075201605005e-11,10.0
1049,21.89051055908203,21.876001358032227,0.020676791667938232,0.0014509479515254498,0.8079248070716858,0.046304814517498016,0.00033417288796044886,1.4751566634885194e-10,10.0
1050,22.19190216064453,22.179014205932617,0.021879233419895172,0.001288777100853622,0.7989643812179565,0.06615202873945236,0.0004120930971112102,1.8729588713295442e-10,10.0
1051,21.954723358154297,21.947050094604492,0.018651645630598068,0.0007673384388908744,0.8275611400604248,0.03156551346182823,0.00025935820303857327,1.0861785082472153e-10,10.0
1052,21.94679069519043,21.940155029296875,0.01654984802007675,0.0006635709432885051,0.841221034526825,0.01965138502418995,0.00045990615035407245,1.1783116149466366e-10,10.0
1053,21.840900421142578,21.832517623901367,0.019278496503829956,0.000838344160001725,0.8058038949966431,0.0480678416788578,0.0003761823754757643,8.449761723650084e-11,10.0
1054,21.778966903686523,21.772470474243164,0.012386078014969826,0.000649699883069843,0.8222939372062683,0.03610990568995476,0.0002721373166423291,7.567459853197178e-11,10.0
1055,21.913280487060547,21.907114028930664,0.012611200101673603,0.000616695499047637,0.8033255934715271,0.060225050896406174,0.0003067877551075071,1.7831157383962903e-10,10.0
1056,22.004011154174805,21.994888305664062,0.01661011204123497,0.0009122904157266021,0.8256437182426453,0.03732071816921234,0.0005524798179976642,1.1295620688800412e-10,10.0
1057,21.952728271484375,21.941566467285156,0.02079252153635025,0.0011161408619955182,0.798183798789978,0.05857222527265549,0.00028514995938166976,6.831186311062609e-11,10.0
1058,21.9711971282959,21.96072769165039,0.02483189105987549,0.0010468766558915377,0.7863836884498596,0.06708323210477829,0.00032584232394583523,8.519087518754631e-11,10.0
1059,22.025285720825195,22.013599395751953,0.027745336294174194,0.0011686397483572364,0.7979106903076172,0.054752979427576065,0.00033739322680048645,1.1532834409688775e-10,10.0
1060,22.185434341430664,22.171937942504883,0.03165428340435028,0.0013495738385245204,0.8009177446365356,0.05417464300990105,0.00032712717074900866,1.664544613255714e-10,10.0
1061,22.40725326538086,22.397472381591797,0.03269340470433235,0.0009781151311472058,0.7866581678390503,0.07642237842082977,0.0003124093054793775,1.9372335680056807e-10,10.0
1062,22.078065872192383,22.070091247558594,0.031185146421194077,0.0007974070613272488,0.8146231174468994,0.03684725612401962,0.00037042851909063756,1.0439756004121392e-10,10.0
1063,22.00836181640625,21.99895668029785,0.024420827627182007,0.0009405757882632315,0.8092853426933289,0.046145543456077576,0.0002663363120518625,3.783008281632583e-11,10.0
1064,21.751224517822266,21.748207092285156,0.0189348291605711,0.0003017430426552892,0.7895826101303101,0.061279963701963425,0.00032704987097531557,9.985451354665997e-11,10.0
1065,21.812612533569336,21.803905487060547,0.02158883959054947,0.0008707432425580919,0.7992352843284607,0.05119720846414566,0.00033712745062075555,3.809178666935864e-11,10.0
1066,21.742698669433594,21.734458923339844,0.019493889063596725,0.0008240162278525531,0.8008643388748169,0.048885948956012726,0.0003354219952598214,1.8227887255140018e-10,10.0
1067,21.95550537109375,21.94728660583496,0.021000288426876068,0.0008218824514187872,0.8033682703971863,0.05339891090989113,0.00030997488647699356,1.6387396994943515e-10,10.0
1068,21.738584518432617,21.727367401123047,0.017043860629200935,0.0011217009741812944,0.8006042242050171,0.051314473152160645,0.0003303461417090148,1.406161992401067e-10,10.0
1069,21.864704132080078,21.85118293762207,0.020290153101086617,0.0013521976070478559,0.7992239594459534,0.05438904091715813,0.00036047727917321026,1.8141861624076938e-10,10.0
1070,21.87368392944336,21.862525939941406,0.021993592381477356,0.0011157100088894367,0.8205909729003906,0.03175776079297066,0.0003968865785282105,1.7394322093799985e-10,10.0
1071,21.873727798461914,21.86068344116211,0.023094113916158676,0.0013045009691268206,0.8080180883407593,0.04321686178445816,0.00024559488520026207,9.847408999341667e-11,10.0
1072,21.94114112854004,21.92601776123047,0.025264693424105644,0.0015124236233532429,0.8063904047012329,0.04526422172784805,0.00030367725412361324,1.7477588820646872e-10,10.0
1073,22.385013580322266,22.374210357666016,0.027575118467211723,0.0010803414043039083,0.7834104299545288,0.08385903388261795,0.0003095876018051058,1.1144649786354321e-10,10.0
1074,22.252355575561523,22.24364471435547,0.021956531330943108,0.0008710756083019078,0.798879861831665,0.06882357597351074,0.00021449635096359998,7.327650292099364e-11,10.0
1075,21.8206844329834,21.811796188354492,0.017833173274993896,0.0008888535085134208,0.8094919323921204,0.04504299536347389,0.000259176071267575,1.0352861623541543e-10,10.0
1076,21.835277557373047,21.826967239379883,0.01743035949766636,0.0008310200064443052,0.8253158330917358,0.030198832973837852,0.0003341168921906501,1.0188743598815719e-10,10.0
1077,21.616104125976562,21.610366821289062,0.013615723699331284,0.0005736877792514861,0.8095582723617554,0.04114203155040741,0.00024653985747136176,7.632600107498888e-11,10.0
1078,21.88120460510254,21.87561798095703,0.018731649965047836,0.0005585896433331072,0.8184533715248108,0.03768813610076904,0.00037900940515100956,1.7412199460054012e-10,10.0
1079,21.73468017578125,21.72933578491211,0.01640898548066616,0.0005344963865354657,0.8046581745147705,0.04799686372280121,0.0002734352892730385,1.3107501195541715e-10,10.0
1080,21.700468063354492,21.697023391723633,0.016746846958994865,0.00034451877581886947,0.8058234453201294,0.04517485573887825,0.0003395994135644287,1.1494260404587564e-10,10.0
1081,21.685976028442383,21.682758331298828,0.01696232333779335,0.00032181665301322937,0.7866433262825012,0.06359653919935226,0.00027033613878302276,1.0006599715506326e-10,10.0
1082,21.80112075805664,21.796667098999023,0.01792449690401554,0.00044533595792017877,0.7892946600914001,0.06451967358589172,0.0003197183250449598,5.7754533794307505e-11,10.0
1083,21.804973602294922,21.80027961730957,0.018852997571229935,0.00046933413250371814,0.7949882745742798,0.05806128680706024,0.000271576049271971,1.449669689845834e-10,10.0
1084,22.185644149780273,22.18231201171875,0.02458699606359005,0.0003332647611387074,0.8049657940864563,0.05759994313120842,0.0003491587413009256,1.1393533339010276e-10,10.0
1085,21.874507904052734,21.87378692626953,0.02405748888850212,7.211924094008282e-05,0.7998456358909607,0.050937116146087646,0.0002781670482363552,1.259565646227756e-10,10.0
1086,21.963029861450195,21.96027946472168,0.022705040872097015,0.00027508012135513127,0.8263095617294312,0.02925843372941017,0.0003453451208770275,1.4278056514882564e-10,10.0
1087,21.975173950195312,21.9709415435791,0.018960971385240555,0.00042327039409428835,0.83515864610672,0.024612879380583763,0.00026300284662283957,5.710537945291527e-11,10.0
1088,21.885604858398438,21.880197525024414,0.019226742908358574,0.0005407302523963153,0.8135326504707336,0.04232337698340416,0.0003128074749838561,1.4637840939357716e-10,10.0
1089,22.03110122680664,22.026952743530273,0.019547441974282265,0.0004149206215515733,0.8371605277061462,0.024174384772777557,0.000489599711727351,2.0394026745140792e-10,10.0
1090,21.909561157226562,21.90584373474121,0.02231919765472412,0.0003717757062986493,0.8079105615615845,0.0458751805126667,0.0003222279774490744,5.891483134679021e-11,10.0
1091,21.865758895874023,21.85984230041504,0.024822531268000603,0.0005916633526794612,0.7950867414474487,0.054353706538677216,0.00032666497281752527,1.70050348802242e-10,10.0
1092,21.891817092895508,21.884584426879883,0.025026574730873108,0.0007232577772811055,0.810331404209137,0.03988088667392731,0.0003611829597502947,6.707043254117195e-11,10.0
1093,21.95616340637207,21.949357986450195,0.02650333195924759,0.0006805461016483605,0.7940348386764526,0.05728759616613388,0.00037157535552978516,9.636744874308434e-11,10.0
1094,22.08616828918457,22.07741928100586,0.023733733221888542,0.000874966150149703,0.7969881296157837,0.06225638464093208,0.0002961764403153211,1.647101621760072e-10,10.0
1095,21.935060501098633,21.92550277709961,0.026110712438821793,0.0009558236924931407,0.7853214740753174,0.06546400487422943,0.00030980230076238513,1.0811774392438522e-10,10.0
1096,22.077741622924805,22.069793701171875,0.030836019665002823,0.0007948130369186401,0.7917274236679077,0.06008484587073326,0.0003586207458283752,6.046280143223726e-11,10.0
1097,22.23587989807129,22.226390838623047,0.028304241597652435,0.0009488787618465722,0.8229559063911438,0.03767687827348709,0.0002966762986034155,1.4906056944319346e-10,10.0
1098,22.275089263916016,22.260940551757812,0.03511767461895943,0.001414950704202056,0.8170478343963623,0.03814873471856117,0.00030857406090945005,4.4012203603838174e-11,10.0
1099,22.26356315612793,22.249799728393555,0.018789099529385567,0.00137636240106076,0.8061357140541077,0.06494654715061188,0.00030165023053996265,2.0672603906479736e-10,10.0
1100,21.967809677124023,21.95456314086914,0.0174262598156929,0.001324579119682312,0.8133359551429749,0.04725717753171921,0.0004079263599123806,4.303240402903086e-11,10.0
1101,21.741764068603516,21.72554588317871,0.012446839362382889,0.0016219024546444416,0.8087857365608215,0.04764224588871002,0.00036780795198865235,1.292766171889781e-10,10.0
1102,21.63499641418457,21.621868133544922,0.011777853593230247,0.001312747597694397,0.7912712693214417,0.061695925891399384,0.0003240744990762323,6.977603217439565e-11,10.0
1103,21.660316467285156,21.650712966918945,0.015859737992286682,0.0009604168590158224,0.791125476360321,0.0589270256459713,0.0002907654270529747,1.0157448493419707e-10,10.0
1104,21.73957061767578,21.729393005371094,0.01685912534594536,0.0010176784126088023,0.7880153059959412,0.0641937181353569,0.00026893618633039296,8.104546200815577e-11,10.0
1105,21.776336669921875,21.767549514770508,0.016905181109905243,0.0008786956313997507,0.7875977158546448,0.06608376652002335,0.00028813944663852453,1.0164871028228717e-10,10.0
1106,21.72361946105957,21.714702606201172,0.016368776559829712,0.0008917722734622657,0.7927554845809937,0.05932217463850975,0.00035409050178714097,1.283029099630184e-10,10.0
1107,21.706493377685547,21.697425842285156,0.01685253158211708,0.0009067637729458511,0.7960771322250366,0.05484091117978096,0.00031631035380996764,1.2407762317589999e-10,10.0
1108,21.71453857421875,21.706165313720703,0.01604444533586502,0.0008373661548830569,0.8069481253623962,0.04513555392622948,0.0002962797007057816,2.0504474507188064e-10,10.0
1109,21.766923904418945,21.755695343017578,0.01796044409275055,0.0011228311341255903,0.8191931843757629,0.032945603132247925,0.0003214180760551244,1.041650585231757e-10,10.0
1110,21.704547882080078,21.690448760986328,0.013261506333947182,0.0014098425162956119,0.8094184994697571,0.04483945667743683,0.0002461734402459115,9.282246499209279e-11,10.0
1111,21.76569175720215,21.75381088256836,0.01275690272450447,0.0011881254613399506,0.8225049376487732,0.03474574163556099,0.0003621622163336724,8.420854985535797e-11,10.0
1112,21.70902442932129,21.694910049438477,0.012153237126767635,0.0014115080703049898,0.8029053211212158,0.052613090723752975,0.00031179081997834146,6.043951450429574e-11,10.0
1113,21.723033905029297,21.70720100402832,0.013369794934988022,0.0015832424396649003,0.8142610788345337,0.04053548350930214,0.0003040012379642576,1.7453988254700903e-10,10.0
1114,21.819320678710938,21.80863380432129,0.021079853177070618,0.0010687110479921103,0.8083933591842651,0.04273735731840134,0.00033705405076034367,8.046351085422287e-11,10.0
1115,22.582122802734375,22.57244110107422,0.02262018248438835,0.0009681520750746131,0.7742719054222107,0.10588487237691879,0.00030170028912834823,3.5992257785277815e-11,10.0
1116,22.27557945251465,22.264970779418945,0.021068010479211807,0.0010609308956190944,0.7797443270683289,0.08960800617933273,0.0004461416101548821,1.0593214500032033e-10,10.0
1117,21.63431739807129,21.625995635986328,0.01329287700355053,0.0008321626810356975,0.7940062284469604,0.05760364606976509,0.0003429581120144576,1.3797459008646484e-10,10.0
1118,21.67970848083496,21.67408561706543,0.014628425240516663,0.0005622030585072935,0.813923180103302,0.03824855014681816,0.0004081709776073694,9.905080922134601e-11,10.0
1119,21.712480545043945,21.707468032836914,0.012953545898199081,0.000501264410559088,0.8293620347976685,0.025848660618066788,0.000336140365106985,1.1513447140121258e-10,10.0
1120,21.804147720336914,21.800548553466797,0.012379137799143791,0.00035991205368191004,0.8142350912094116,0.0453147254884243,0.00023256005079019815,1.308033958924426e-10,10.0
1121,21.932275772094727,21.92995834350586,0.020386571064591408,0.00023176851391326636,0.816592276096344,0.040066830813884735,0.00038158640381880105,1.0352881052444474e-10,10.0
1122,21.868663787841797,21.86566925048828,0.01978231407701969,0.00029954127967357635,0.8072025775909424,0.0475149042904377,0.00031745919841341674,1.5338828818212136e-10,10.0
1123,21.756855010986328,21.752172470092773,0.018458431586623192,0.00046828383347019553,0.8132965564727783,0.03820599615573883,0.0003146729141008109,1.192352605539071e-10,10.0
1124,21.777986526489258,21.774303436279297,0.01988125964999199,0.0003683035320136696,0.8162105679512024,0.0347457081079483,0.0003363964206073433,4.640811346323659e-11,10.0
1125,21.78865623474121,21.78627586364746,0.019260339438915253,0.00023804181546438485,0.8098880648612976,0.042142219841480255,0.00040092130075208843,6.87972318003105e-11,10.0
1126,21.92121696472168,21.917621612548828,0.024155989289283752,0.0003595157468225807,0.8076054453849792,0.044794969260692596,0.0003711184544954449,6.170937372207419e-11,10.0
1127,21.95645523071289,21.951108932495117,0.023778066039085388,0.0005346426623873413,0.7989282608032227,0.05523761734366417,0.00025120380450971425,1.612171091069925e-10,10.0
1128,21.869041442871094,21.862022399902344,0.020810071378946304,0.0007018905598670244,0.8058384656906128,0.0477200523018837,0.00028083138749934733,9.475122769719846e-11,10.0
1129,21.714017868041992,21.7093448638916,0.019190438091754913,0.0004673083021771163,0.7934518456459045,0.055574797093868256,0.0003917764697689563,1.2481832234456647e-10,10.0
1130,21.704689025878906,21.699642181396484,0.014099691063165665,0.0005047442973591387,0.8134194016456604,0.04034288227558136,0.0003093932755291462,2.5450619389744134e-10,10.0
1131,21.622249603271484,21.614952087402344,0.013399254530668259,0.0007296589319594204,0.8174708485603333,0.03362224996089935,0.00026415757020004094,9.596421574054048e-11,10.0
1132,21.836669921875,21.829221725463867,0.018833592534065247,0.0007447812822647393,0.804933488368988,0.04924585297703743,0.0003898645518347621,8.357593783703265e-11,10.0
1133,21.85146141052246,21.842557907104492,0.021429264917969704,0.0008903454290702939,0.8131168484687805,0.03898550570011139,0.00042667321395128965,1.0373825409804027e-10,10.0
1134,21.83572769165039,21.82381820678711,0.02305791527032852,0.0011909350287169218,0.8013303279876709,0.048396430909633636,0.00042003110866062343,1.0001446892893284e-10,10.0
1135,21.83615493774414,21.82646369934082,0.02170572616159916,0.0009691427694633603,0.7974708080291748,0.053773365914821625,0.0002718236646614969,7.797121975849919e-11,10.0
1136,21.78057861328125,21.769521713256836,0.021374138072133064,0.001105769770219922,0.7994858622550964,0.04980982095003128,0.00027777336072176695,1.4706957873755755e-10,10.0
1137,21.7658634185791,21.748573303222656,0.018040092661976814,0.0017290610121563077,0.7874258756637573,0.06435666978359222,0.00030077763949520886,8.626259428989869e-11,10.0
1138,21.730443954467773,21.71380043029785,0.016912303864955902,0.0016643684357404709,0.7892300486564636,0.06223686411976814,0.00043194644968025386,1.3619586014534946e-10,10.0
1139,21.69776725769043,21.682052612304688,0.013368586078286171,0.001571463537402451,0.780590295791626,0.07319057732820511,0.00033144198823720217,1.0563520891349043e-10,10.0
1140,21.89771270751953,21.878583908081055,0.010445620864629745,0.0019128191052004695,0.780005156993866,0.08457115292549133,0.00030350786983035505,1.6555712356591812e-10,10.0
1141,21.612424850463867,21.598600387573242,0.011259498074650764,0.0013824808411300182,0.7897518277168274,0.06282302737236023,0.00027401247643865645,7.688907843750314e-11,10.0
1142,21.719554901123047,21.710105895996094,0.012988228350877762,0.0009449010249227285,0.8257931470870972,0.02946176938712597,0.00040292704943567514,1.3020254319151547e-10,10.0
1143,21.772043228149414,21.764841079711914,0.017034051939845085,0.0007202996057458222,0.7996123433113098,0.05381933972239494,0.0003195857862010598,1.2221271217249807e-10,10.0
1144,21.8300838470459,21.82769775390625,0.019512169063091278,0.00023855849576648325,0.8096762895584106,0.043792326003313065,0.00031778952688910067,4.6454423641151266e-11,10.0
1145,22.07086181640625,22.04246711730957,0.023886896669864655,0.002839435590431094,0.8064725995063782,0.051165953278541565,0.0004330711963120848,7.72070671284375e-11,10.0
1146,21.956138610839844,21.926347732543945,0.02444053627550602,0.0029791113920509815,0.8126134872436523,0.03987191244959831,0.0003198522317688912,1.3069741122695433e-10,10.0
1147,21.98807144165039,21.94615936279297,0.025373000651597977,0.004191200714558363,0.7960498929023743,0.056294046342372894,0.0003236006887163967,2.1003279671027997e-10,10.0
1148,21.8499813079834,21.80656623840332,0.01748710684478283,0.004341497551649809,0.8068116307258606,0.04781997203826904,0.000359860627213493,4.919354854027169e-11,10.0
1149,21.671762466430664,21.649660110473633,0.013130844570696354,0.0022103129886090755,0.8059899806976318,0.046731967478990555,0.00033400687971152365,9.52774942275525e-11,10.0
1150,21.587886810302734,21.57164192199707,0.007769957650452852,0.0016244319267570972,0.8107433915138245,0.044228244572877884,0.0003103773051407188,1.5430781652447934e-10,10.0
1151,21.599815368652344,21.540035247802734,0.007045771460980177,0.005977972876280546,0.7953437566757202,0.05910194665193558,0.00027492837398312986,1.4536091774708382e-10,10.0
1152,21.680744171142578,21.63579750061035,0.009000561200082302,0.004494619555771351,0.8125001192092896,0.043819982558488846,0.0002781221701297909,1.876579586168603e-10,10.0
1153,21.893220901489258,21.892623901367188,0.014656482264399529,5.9714362578233704e-05,0.8420408964157104,0.01889670081436634,0.00027739148936234415,1.323121751051204e-10,10.0
1154,22.135902404785156,22.12067413330078,0.022687584161758423,0.001522772596217692,0.8092374205589294,0.052772775292396545,0.00032294870470650494,6.198080937380723e-11,10.0
1155,21.926223754882812,21.895557403564453,0.02300209552049637,0.003066657343879342,0.8195747137069702,0.03313065320253372,0.0002870627795346081,3.499892736735788e-11,10.0
1156,21.878582000732422,21.84752655029297,0.023781010881066322,0.003105488372966647,0.8115742206573486,0.038397204130887985,0.0003716289938893169,1.1130287663752014e-10,10.0
1157,21.829029083251953,21.800336837768555,0.020703813061118126,0.002869199262931943,0.797535240650177,0.05367181822657585,0.0002564914175309241,1.4926246350022154e-10,10.0
1158,21.802427291870117,21.7796573638916,0.017421670258045197,0.0022769994102418423,0.8060611486434937,0.04759562015533447,0.00026967236772179604,6.609089664433299e-11,10.0
1159,21.701616287231445,21.678874969482422,0.014349461533129215,0.0022741667926311493,0.7869890928268433,0.06567466259002686,0.0003546421939972788,1.1618222356402086e-10,10.0
1160,21.690547943115234,21.667898178100586,0.014891417697072029,0.0022649557795375586,0.7917646765708923,0.05990481749176979,0.00038757393485866487,8.909423893088686e-11,10.0
1161,21.707979202270508,21.694581985473633,0.010815193876624107,0.0013396396534517407,0.7891902327537537,0.06764354556798935,0.00033570334198884666,1.1877573924401474e-10,10.0
1162,21.734567642211914,21.721582412719727,0.016435755416750908,0.0012985389912500978,0.8200281858444214,0.032249126583337784,0.000375471543520689,1.229948642933465e-10,10.0
1163,21.906047821044922,21.893869400024414,0.01962188631296158,0.0012178815668448806,0.7869549989700317,0.06904821842908859,0.00032399690826423466,1.0086177032464505e-10,10.0
1164,21.695056915283203,21.684345245361328,0.018432391807436943,0.0010711053619161248,0.794995903968811,0.05382375046610832,0.0003045035991817713,1.273351979413917e-10,10.0
1165,21.8094539642334,21.798995971679688,0.022376207634806633,0.0010457836324349046,0.8022471070289612,0.047231148928403854,0.00026362083735875785,1.42459058438682e-10,10.0
1166,22.006427764892578,21.99689292907715,0.027564384043216705,0.000953502079937607,0.7787854075431824,0.07343986630439758,0.0002151633525500074,1.150469580712965e-10,10.0
1167,21.95457649230957,21.9434757232666,0.028083283454179764,0.0011100572301074862,0.7981156706809998,0.0514100007712841,0.00032528277370147407,5.893685539604121e-11,10.0
1168,21.877559661865234,21.866405487060547,0.025740113109350204,0.001115373452194035,0.8018560409545898,0.04689957946538925,0.0004010717384517193,1.202761501506444e-10,10.0
1169,21.86742401123047,21.855106353759766,0.024737678468227386,0.0012317360378801823,0.8056937456130981,0.0436297208070755,0.0003578898904379457,9.442225473721422e-11,10.0
1170,21.952512741088867,21.9361572265625,0.015614759176969528,0.0016355682164430618,0.8106027245521545,0.05111599713563919,0.0002818506909534335,1.102818392162419e-10,10.0
1171,21.54193687438965,21.52999496459961,0.011527657508850098,0.0011942207347601652,0.7968194484710693,0.052719831466674805,0.000332209951011464,7.413063912720119e-11,10.0
1172,21.503868103027344,21.490354537963867,0.008865492418408394,0.001351365470327437,0.8122850060462952,0.03832254558801651,0.0003528726811055094,6.599132351681192e-11,10.0
1173,21.60208511352539,21.591564178466797,0.011853201314806938,0.0010520493378862739,0.8021315932273865,0.049531809985637665,0.00036511439247988164,7.511639921187196e-11,10.0
1174,21.743825912475586,21.738025665283203,0.01475120335817337,0.0005799703067168593,0.796654462814331,0.05800098553299904,0.00028594929608516395,1.6392864843339794e-10,10.0
1175,21.63396644592285,21.629459381103516,0.01718112826347351,0.00045071731437928975,0.8008376359939575,0.04702324420213699,0.0003410791978240013,5.4970153429145796e-11,10.0
1176,22.284971237182617,22.28138542175293,0.01645847223699093,0.00035864461096934974,0.8107960224151611,0.06384255737066269,0.0003959585737902671,1.271279748138454e-10,10.0
1177,21.833209991455078,21.830034255981445,0.01979193091392517,0.0003176275349687785,0.8073008060455322,0.045954134315252304,0.0003862311423290521,1.3546304356015781e-10,10.0
1178,21.747356414794922,21.74628448486328,0.016229981556534767,0.00010720777208916843,0.8125810027122498,0.04090588167309761,0.0003361330891493708,1.0831450319992442e-10,10.0
1179,21.607215881347656,21.607011795043945,0.014682061970233917,2.0398618289618753e-05,0.8093923926353455,0.040083594620227814,0.00030587281798943877,1.627811635485088e-10,10.0
1180,21.53594970703125,21.535947799682617,0.012434392236173153,1.430994842621658e-07,0.8030659556388855,0.045819349586963654,0.00029567605815827847,1.2915224445464446e-10,10.0
1181,21.60957145690918,21.60957145690918,0.012741105630993843,3.532391801286394e-08,0.8049725294113159,0.04651254042983055,0.00039181995089165866,1.7019953502117602e-10,10.0
1182,21.57748031616211,21.57748031616211,0.012829460203647614,2.5806189185573203e-08,0.7990772128105164,0.051053084433078766,0.0003486940113361925,9.488688307301985e-11,10.0
1183,21.506065368652344,21.506065368652344,0.009915413334965706,3.2734270405399e-08,0.8000033497810364,0.05020463466644287,0.00029807546525262296,4.715479395844824e-11,10.0
1184,21.506309509277344,21.506309509277344,0.01165667362511158,4.1141770878994066e-08,0.8038356900215149,0.04463174194097519,0.0003208363486919552,1.4979278928350936e-10,10.0
1185,21.546710968017578,21.546710968017578,0.011387982405722141,3.046257646133199e-08,0.7980668544769287,0.05227746069431305,0.0003403510490898043,7.387377515266635e-11,10.0
1186,21.508886337280273,21.508886337280273,0.010208195075392723,3.456119301858962e-08,0.7844107747077942,0.06564473360776901,0.00022932159481570125,9.410405094056884e-11,10.0
1187,21.494169235229492,21.494169235229492,0.009350571781396866,3.198584508368185e-08,0.7824508547782898,0.06786158680915833,0.0002593358512967825,1.080594502766985e-10,10.0
1188,21.687589645385742,21.687589645385742,0.010307272896170616,2.2119264642128655e-08,0.8045631051063538,0.05250471085309982,0.0003211730218026787,1.092130899604804e-10,10.0
1189,21.55565643310547,21.55565643310547,0.010835190303623676,1.687411810280537e-08,0.8042358756065369,0.04700007289648056,0.0003878809802699834,1.3995690717472087e-10,10.0
1190,21.588525772094727,21.588525772094727,0.013310628943145275,1.6824953874561288e-08,0.8067339062690735,0.04336150735616684,0.000337495788699016,7.354191561281809e-11,10.0
1191,21.601730346679688,21.601730346679688,0.014725998044013977,1.8971748616536388e-08,0.812101423740387,0.0371052585542202,0.000341199483955279,7.341827840123827e-11,10.0
1192,21.583860397338867,21.583860397338867,0.012558157555758953,2.172802737732127e-08,0.8024201989173889,0.048211924731731415,0.00041043537203222513,9.246147597563592e-11,10.0
1193,21.468263626098633,21.468263626098633,0.008639609441161156,1.8730199613514742e-08,0.8097249269485474,0.04023335129022598,0.00033145505585707724,1.116729000938399e-10,10.0
1194,21.542367935180664,21.542367935180664,0.007659579627215862,1.994274789751671e-08,0.7871019244194031,0.06679490208625793,0.0003457569982856512,1.1705590663435572e-10,10.0
1195,21.391881942749023,21.391881942749023,0.006738055031746626,2.5800858338698163e-08,0.7943470478057861,0.054480765014886856,0.0002734689915087074,5.84718939933282e-11,10.0
1196,21.510631561279297,21.510631561279297,0.01120816171169281,2.578253344154291e-08,0.7994082570075989,0.049622293561697006,0.00046631135046482086,8.888888236580073e-11,10.0
1197,21.52058982849121,21.52058982849121,0.009408904239535332,2.125531572971795e-08,0.8098156452178955,0.041451748460531235,0.00036829125019721687,9.53959619631739e-11,10.0
1198,21.475440979003906,21.475440979003906,0.006331733427941799,2.278136967959199e-08,0.7974175810813904,0.055160488933324814,0.00026947425794787705,9.70734811978069e-11,10.0
1199,21.59098243713379,21.59098243713379,0.00671851821243763,1.9555143282445897e-08,0.7797570824623108,0.0770547017455101,0.00027254800079390407,1.0964590346773662e-10,10.0
1200,21.522563934326172,21.522563934326172,0.009279144927859306,1.7391888817996914e-08,0.7945147156715393,0.05699453875422478,0.0002852889592759311,1.2220807699137026e-10,10.0
1201,21.520044326782227,21.520044326782227,0.011908497661352158,1.4323607189226095e-08,0.8076806664466858,0.04106642305850983,0.0003653649764601141,9.650804461136531e-11,10.0
1202,21.526390075683594,21.526390075683594,0.011041094549000263,1.5520964069537513e-08,0.8100035190582275,0.03988064453005791,0.0003256832715123892,1.8216708697060824e-10,10.0
1203,21.520992279052734,21.520992279052734,0.006982317194342613,1.7833707843806224e-08,0.8256546258926392,0.028088336810469627,0.00028601312078535557,9.511685883367704e-11,10.0
1204,21.426345825195312,21.426345825195312,0.00677906908094883,2.133558218986309e-08,0.8152614235877991,0.03490094840526581,0.0002808554854709655,1.785004921650568e-10,10.0
1205,21.679271697998047,21.679271697998047,0.006130618043243885,1.80902173241293e-08,0.8398080468177795,0.02112952060997486,0.00025678181555122137,7.328633533365547e-11,10.0
1206,21.39525032043457,21.39525032043457,0.0064280591905117035,2.0907719999740948e-08,0.8065948486328125,0.042691685259342194,0.00023858512577135116,1.3654957720099503e-10,10.0
1207,21.48838233947754,21.48838233947754,0.00971023179590702,2.7295092408508026e-08,0.7949107885360718,0.054819341748952866,0.0002373264724155888,2.055744324769293e-10,10.0
1208,21.62360954284668,21.62360954284668,0.010368648916482925,2.5951495175036143e-08,0.7856590747833252,0.06879781931638718,0.0002968913468066603,1.312706054967805e-10,10.0
1209,21.681541442871094,21.681541442871094,0.010192538611590862,2.11627000368253e-08,0.82809978723526,0.028865687549114227,0.00025903151254169643,4.6567690675791695e-11,10.0
1210,21.700273513793945,21.700273513793945,0.012937013059854507,2.2001122701453824e-08,0.7889317274093628,0.06596595793962479,0.00044065751717425883,4.7453214968573576e-11,10.0
1211,21.413257598876953,21.413257598876953,0.008021915331482887,1.6117265744242104e-08,0.7961723208427429,0.052228234708309174,0.0002696023730095476,6.191054613413627e-11,10.0
1212,21.4346981048584,21.4346981048584,0.006740247830748558,1.2244788294424325e-08,0.8073999285697937,0.04310818389058113,0.0003488030342850834,7.62764851280906e-11,10.0
1213,21.669536590576172,21.669536590576172,0.009337360970675945,1.0247930504192482e-08,0.787912130355835,0.06940598040819168,0.00031495231087319553,1.363946455779086e-10,10.0
1214,21.51983642578125,21.51983642578125,0.011438285000622272,1.0702089880965104e-08,0.7889140844345093,0.06029433384537697,0.00036674365401268005,1.3788414854332132e-10,10.0
1215,21.6188907623291,21.6188907623291,0.011746730655431747,2.822128086776843e-10,0.8043333888053894,0.04855690523982048,0.00029647431802004576,1.2266729298993084e-10,10.0
1216,21.71600341796875,21.71600341796875,0.013860994949936867,7.214405428612736e-08,0.7879685163497925,0.06664147228002548,0.0004227931203786284,6.86152037965293e-11,10.0
1217,21.63474464416504,21.634742736816406,0.00908546894788742,1.0212415446630985e-07,0.8031412959098816,0.05303627625107765,0.0003166628594044596,1.0333284922170449e-10,10.0
1218,21.45627212524414,21.456270217895508,0.009963998571038246,1.3154225086964288e-07,0.799990713596344,0.0481620617210865,0.00033515889663249254,8.132430839857818e-11,10.0
1219,21.47272491455078,21.47272300720215,0.007454611826688051,1.1552041456752704e-07,0.8034446835517883,0.04789150878787041,0.0002953272487502545,1.1361082213889873e-10,10.0
1220,21.503137588500977,21.503135681152344,0.011202847585082054,1.1556922885347376e-07,0.7985406517982483,0.050215546041727066,0.0004160339303780347,7.456372325131966e-11,10.0
1221,21.57843589782715,21.578433990478516,0.0127922547981143,1.2137299165715376e-07,0.8002097010612488,0.05001705884933472,0.0002956570533569902,1.6038731454059985e-10,10.0
1222,21.64955711364746,21.649555206298828,0.012465499341487885,1.7789160722259112e-07,0.8133401870727539,0.04005265608429909,0.000309724680846557,3.678633092585315e-11,10.0
1223,21.72769546508789,21.727693557739258,0.009990669786930084,1.8423722281113442e-07,0.777901828289032,0.08108721673488617,0.0003200029314029962,8.253358413368161e-11,10.0
1224,21.513307571411133,21.5133056640625,0.011160961352288723,1.5362454064415942e-07,0.8083645105361938,0.04089110344648361,0.000289083895040676,6.149233899854778e-11,10.0
1225,21.49414825439453,21.4941463470459,0.010176142677664757,1.1536095456676776e-07,0.8149153590202332,0.03453151509165764,0.0003570693952497095,9.455582844486443e-11,10.0
1226,21.4711971282959,21.471195220947266,0.010956487618386745,1.680012076121784e-07,0.8020158410072327,0.0457172766327858,0.0003953533887397498,1.3501047502195718e-10,10.0
1227,21.321842193603516,21.321840286254883,0.004939442500472069,2.0506081455096137e-07,0.7995651960372925,0.048254188150167465,0.00028714918880723417,7.114744904335168e-11,10.0
1228,21.39531707763672,21.395315170288086,0.005884234793484211,2.442909874389443e-07,0.7979261875152588,0.05189592018723488,0.00026572789647616446,9.422200519804136e-11,10.0
1229,21.37508201599121,21.375076293945312,0.007042228244245052,6.479892249444674e-07,0.7922295928001404,0.05561695247888565,0.0002857495564967394,1.4633264044938699e-10,10.0
1230,21.49117660522461,21.49115562438965,0.009082773700356483,2.0512779883574694e-06,0.813126266002655,0.03730185702443123,0.0003381900314707309,7.783203942457462e-11,10.0
1231,21.491479873657227,21.491418838500977,0.01118011400103569,6.149042292236118e-06,0.800830066204071,0.04752121865749359,0.0003133744467049837,6.629820997750002e-11,10.0
1232,21.450292587280273,21.450180053710938,0.007412722334265709,1.125232029153267e-05,0.7855994701385498,0.06490402668714523,0.00022746551258023828,8.562432707304168e-11,10.0
1233,21.5598201751709,21.55966567993164,0.008509238250553608,1.5432531654369086e-05,0.8157640099525452,0.037958692759275436,0.0003867952909786254,1.2743968380579673e-10,10.0
1234,21.381364822387695,21.381155014038086,0.006533095613121986,2.0982308342354372e-05,0.7976090908050537,0.05096210911870003,0.0003545449872035533,1.1070151045844412e-10,10.0
1235,21.335187911987305,21.3348388671875,0.004735860973596573,3.4939370380016044e-05,0.7903279066085815,0.058231908828020096,0.0002447101869620383,1.0551522849899797e-10,10.0
1236,21.632219314575195,21.631723403930664,0.006709282286465168,4.9614387535257265e-05,0.8187616467475891,0.03966730460524559,0.0003267596766818315,1.37319558501936e-10,10.0
1237,21.417144775390625,21.41669273376465,0.007969118654727936,4.5149547077016905e-05,0.7963434457778931,0.05220196768641472,0.00038275212864391506,1.466452098641824e-10,10.0
1238,21.4503116607666,21.449909210205078,0.005756438709795475,4.032181095681153e-05,0.8130360841751099,0.039071906358003616,0.0003297337389085442,7.281485830956669e-11,10.0
1239,21.528480529785156,21.528013229370117,0.00521920807659626,4.6693057811353356e-05,0.8197044134140015,0.03610088676214218,0.00023991703346837312,2.3606510843321438e-11,10.0
1240,21.49030113220215,21.489704132080078,0.0053017036989331245,5.972713915980421e-05,0.8169516324996948,0.03721613436937332,0.00029697120771743357,1.217487222149316e-10,10.0
1241,21.41649627685547,21.415943145751953,0.005191019736230373,5.528595283976756e-05,0.8082248568534851,0.04312889277935028,0.00023227297060657293,1.226574397605873e-10,10.0
1242,21.396169662475586,21.395523071289062,0.0061601935885846615,6.475093687186018e-05,0.8080071806907654,0.04149562492966652,0.0003948351659346372,1.1763741369907876e-10,10.0
1243,21.432403564453125,21.431781768798828,0.005925963632762432,6.224046956049278e-05,0.802730917930603,0.04847800359129906,0.00034077404416166246,1.2248212166721117e-10,10.0
1244,21.442516326904297,21.44155502319336,0.004857586696743965,9.603781654732302e-05,0.7873086333274841,0.06538166850805283,0.00028570013819262385,8.705552251297988e-11,10.0
1245,21.59606170654297,21.5851993560791,0.006203081458806992,0.001086144126020372,0.8087284564971924,0.04833216965198517,0.00036059983540326357,1.273955801961435e-10,10.0
1246,21.446584701538086,21.426176071166992,0.005719110369682312,0.0020409435965120792,0.8061625957489014,0.04502715542912483,0.00034542332286946476,8.088539560358043e-11,10.0
1247,21.364633560180664,21.34328269958496,0.0046159811317920685,0.002135057933628559,0.7977820634841919,0.05122073367238045,0.0002813632308971137,7.134852431089911e-11,10.0
1248,21.470169067382812,21.451702117919922,0.003981415648013353,0.001846748753450811,0.7896516919136047,0.0643472895026207,0.00021920436120126396,1.59667293275767e-10,10.0
1249,21.431978225708008,21.417173385620117,0.0036822182592004538,0.0014805588871240616,0.8122449517250061,0.040665626525878906,0.00023519147362094373,1.2527606729761942e-10,10.0
1250,21.4664249420166,21.4520320892334,0.006160244345664978,0.0014393239980563521,0.8100239038467407,0.04176539182662964,0.00032937582000158727,1.3010620358855363e-10,10.0
1251,21.736186981201172,21.723472595214844,0.010319176129996777,0.001271361019462347,0.8153069615364075,0.04317377880215645,0.00034750319900922477,9.304738923798794e-11,10.0
1252,21.61086654663086,21.59602928161621,0.006519299000501633,0.0014837798662483692,0.8241447806358337,0.03304734081029892,0.000324401626130566,9.9828804944746e-11,10.0
1253,21.489421844482422,21.4741153717041,0.006591069977730513,0.0015307420399039984,0.8240315318107605,0.02820218726992607,0.0003495469281915575,1.8480944552479173e-10,10.0
1254,21.50760841369629,21.484519958496094,0.0072090765461325645,0.0023089300375431776,0.8225497007369995,0.02948394976556301,0.0003451829543337226,1.1448721137785611e-10,10.0
1255,21.51333999633789,21.470056533813477,0.009409764781594276,0.004328307695686817,0.8028770685195923,0.04638120159506798,0.00033556364360265434,1.3755346861543671e-10,10.0
1256,21.521228790283203,21.46092987060547,0.009529348462820053,0.006029901094734669,0.7901564240455627,0.05864674225449562,0.00026176206301897764,1.4644237211758337e-10,10.0
1257,21.54372787475586,21.477210998535156,0.010323096066713333,0.006651722360402346,0.7843379974365234,0.06429924070835114,0.0003202367515768856,1.0178580894804057e-10,10.0
1258,21.501880645751953,21.410886764526367,0.005192082840949297,0.009099474176764488,0.7991231679916382,0.05203239247202873,0.00021961929451208562,2.810097814165413e-11,10.0
1259,21.731853485107422,21.648740768432617,0.005470596253871918,0.008311338722705841,0.7785908579826355,0.08179120719432831,0.00024243012012448162,9.613285861798104e-11,10.0
1260,21.98331642150879,21.925195693969727,0.010510198771953583,0.00581215089187026,0.7900592684745789,0.07630381733179092,0.0003365514276083559,1.4349961496851193e-10,10.0
1261,21.929414749145508,21.8641300201416,0.015319663099944592,0.006528422236442566,0.7962843179702759,0.06287907809019089,0.00020528990717139095,1.5245393836238463e-10,10.0
1262,21.91177749633789,21.834836959838867,0.01946854405105114,0.007693967316299677,0.8122825026512146,0.041498590260744095,0.0003596992464736104,6.609373465193968e-11,10.0
1263,22.179059982299805,22.108600616455078,0.015672592446208,0.007046030834317207,0.7967806458473206,0.07180169969797134,0.00022287033789325505,1.1871445493305544e-10,10.0
1264,21.716503143310547,21.669281005859375,0.014587354846298695,0.004722190089523792,0.811500608921051,0.0405895933508873,0.00023418555792886764,1.0157224367146611e-10,10.0
1265,21.543014526367188,21.496536254882812,0.010206859558820724,0.00464785099029541,0.8131066560745239,0.03643535077571869,0.0002815501356963068,1.1883721784400336e-10,10.0
1266,21.64679718017578,21.606698989868164,0.010337935760617256,0.004009874537587166,0.8249260783195496,0.02884489856660366,0.0003976822772528976,8.475650736805562e-11,10.0
1267,21.899616241455078,21.866893768310547,0.008690272457897663,0.003272277768701315,0.7981055378913879,0.06778352707624435,0.0002410009183222428,1.1839017266535024e-10,10.0
1268,22.14318084716797,22.114580154418945,0.013870801776647568,0.0028601004742085934,0.7904365062713623,0.08013908565044403,0.0003421633446123451,9.242837051282038e-11,10.0
1269,23.83294677734375,23.807483673095703,0.022675257176160812,0.002546301344409585,0.7633007168769836,0.16621308028697968,0.000275795697234571,2.7547889316914542e-11,10.0
1270,22.02674102783203,22.01163673400879,0.022104045376181602,0.0015103615587577224,0.8184696435928345,0.03976668417453766,0.00031288815080188215,1.2566421514481618e-10,10.0
1271,22.50556755065918,22.495975494384766,0.040418948978185654,0.0009592382702976465,0.8305636048316956,0.02873656526207924,0.00029981587431393564,9.624229885263347e-11,10.0
1272,22.90757179260254,22.898704528808594,0.060978736728429794,0.000886692781932652,0.8244053721427917,0.03045974113047123,0.0002609144721645862,6.084886067236894e-11,10.0
1273,23.03042221069336,23.01832389831543,0.06515474617481232,0.001209838199429214,0.831581711769104,0.023859508335590363,0.00034252498880960047,1.3095848017119494e-10,10.0
1274,22.682689666748047,22.67534637451172,0.04811004921793938,0.0007343491888605058,0.8345434665679932,0.024231942370533943,0.0003209564893040806,9.3537115553044e-11,10.0
1275,22.018646240234375,22.0181884765625,0.022175094112753868,4.576709761749953e-05,0.8290654420852661,0.029368452727794647,0.00029648689087480307,1.1282524914335568e-10,10.0
1276,22.211219787597656,22.2105655670166,0.022141262888908386,6.532933184644207e-05,0.8100338578224182,0.056135788559913635,0.0002791594888549298,1.0007289441560374e-10,10.0
1277,23.155017852783203,23.15441131591797,0.04750175029039383,6.070085510145873e-05,0.8079161047935486,0.07062384486198425,0.00033682011417113245,1.3285270106244695e-10,10.0
1278,23.80421257019043,23.80350685119629,0.08759752660989761,7.060263305902481e-05,0.8100511431694031,0.054363053292036057,0.0003215355973225087,6.485455228411041e-11,10.0
1279,24.398040771484375,24.397281646728516,0.1130031943321228,7.595600618515164e-05,0.8128176927566528,0.049939047545194626,0.00032845092937350273,1.2514198011182032e-10,10.0
1280,23.633630752563477,23.63289451599121,0.08428910374641418,7.354783156188205e-05,0.8393097519874573,0.021559400483965874,0.0003938501758966595,4.295715866353689e-11,10.0
1281,22.936504364013672,22.9359130859375,0.05790076032280922,5.9159949159948155e-05,0.8307456374168396,0.028680013492703438,0.00027531510568223894,1.1710163394518247e-10,10.0
1282,22.65373992919922,22.653263092041016,0.047454044222831726,4.7758738219272345e-05,0.8258966207504272,0.03262460604310036,0.00038823310751467943,1.2363095269751767e-10,10.0
1283,22.76604652404785,22.765504837036133,0.05025054141879082,5.411023084889166e-05,0.8408251404762268,0.019406892359256744,0.0003441707231104374,6.677342012650911e-11,10.0
1284,23.059648513793945,23.059112548828125,0.05927541106939316,5.362284355214797e-05,0.8275226950645447,0.03541374206542969,0.000381706515327096,1.4771045497852242e-10,10.0
1285,23.283329010009766,23.282739639282227,0.08126391470432281,5.8925244957208633e-05,0.8001814484596252,0.049765072762966156,0.00024794627097435296,1.486775841330612e-10,10.0
1286,22.90687370300293,22.90633201599121,0.05690311640501022,5.4135616665007547e-05,0.804148256778717,0.0550796203315258,0.00030584228807128966,1.6175284722752536e-10,10.0
1287,23.527896881103516,23.52773666381836,0.086165651679039,1.607524427527096e-05,0.7984291315078735,0.05639847740530968,0.000290772964945063,1.2176011587872182e-10,10.0
1288,23.89556121826172,23.89085578918457,0.10226531326770782,0.0004705674946308136,0.7916660904884338,0.06159694865345955,0.00026453068130649626,1.1339423844347607e-10,10.0
1289,23.2960147857666,23.291236877441406,0.08178449422121048,0.00047781571629457176,0.7902082204818726,0.05950719118118286,0.00037392578087747097,8.257176886683482e-11,10.0
1290,23.610671997070312,23.604230880737305,0.09507983177900314,0.0006440227734856308,0.7900487184524536,0.05892029032111168,0.00030100104049779475,8.278453617061032e-11,10.0
1291,23.250871658325195,23.245697021484375,0.08125536143779755,0.0005174896796233952,0.805225670337677,0.04321228340268135,0.0003364257572684437,1.34545236063488e-10,10.0
1292,23.30228614807129,23.296510696411133,0.08178259432315826,0.0005775977042503655,0.7887651920318604,0.06118450686335564,0.0003202933876309544,1.0724381105386982e-10,10.0
1293,22.744951248168945,22.738117218017578,0.06149161979556084,0.0006833808147348464,0.8082603216171265,0.039634108543395996,0.0003466604102868587,1.1555394835438548e-10,10.0
1294,22.884780883789062,22.87968635559082,0.061696857213974,0.0005094789084978402,0.7984866499900818,0.05488275736570358,0.00030306747066788375,1.2461820464437778e-10,10.0
1295,22.542076110839844,22.53580665588379,0.05264708772301674,0.000626875669695437,0.7959538102149963,0.05267065763473511,0.00040167607949115336,1.304164137794217e-10,10.0
1296,23.036396026611328,23.031776428222656,0.07220996171236038,0.00046199007192626595,0.8031498789787292,0.04581236094236374,0.0002472694613970816,1.1098588714730795e-10,10.0
1297,23.566328048706055,23.562345504760742,0.08142954111099243,0.00039830131572671235,0.7784335017204285,0.08250241726636887,0.00032079670927487314,5.4235792940060534e-11,10.0
1298,22.74445152282715,22.73893928527832,0.061073631048202515,0.0005512378411367536,0.7998948693275452,0.04846562072634697,0.0003085435018874705,8.862805628284676e-11,10.0
1299,22.777719497680664,22.772804260253906,0.06312954425811768,0.0004915074096061289,0.7971847653388977,0.05044436454772949,0.00038371284608729184,4.016910762350001e-11,10.0
1300,22.54288673400879,22.53653907775879,0.051791198551654816,0.0006348594906739891,0.79293292760849,0.05663684755563736,0.0002516070380806923,3.078651916732511e-11,10.0
1301,22.360797882080078,22.355043411254883,0.03685775399208069,0.0005755319143645465,0.7871853709220886,0.07003391534090042,0.0003116240550298244,1.6336137997896572e-10,10.0
1302,22.315696716308594,22.310501098632812,0.038579169660806656,0.0005195096018724144,0.7966889142990112,0.057010628283023834,0.0003531741676852107,1.2906276047885967e-10,10.0
1303,22.100170135498047,22.094127655029297,0.0335657075047493,0.0006042754394002259,0.8029683232307434,0.04709702730178833,0.0003353911451995373,1.9319854049903995e-10,10.0
1304,22.11247444152832,22.109088897705078,0.03387455642223358,0.0003385619493201375,0.8094844818115234,0.040866632014513016,0.0003447210183367133,1.0700915847872139e-10,10.0
1305,22.1302547454834,22.126239776611328,0.033018823713064194,0.00040152514702640474,0.8250008225440979,0.02689019776880741,0.0003494373813737184,1.0911461317819615e-10,10.0
1306,22.378755569458008,22.37445640563965,0.0323580726981163,0.000429992942372337,0.8326060771942139,0.02990560792386532,0.0002711506385821849,7.501623627836906e-11,10.0
1307,22.209819793701172,22.205411911010742,0.030728653073310852,0.0004407121450640261,0.833523154258728,0.02384493499994278,0.00029916808125562966,1.1594186721808342e-10,10.0
1308,22.051950454711914,22.04376792907715,0.031373530626297,0.0008182153687812388,0.8184947371482849,0.0317704901099205,0.0002799488138407469,1.3470193016562604e-10,10.0
1309,22.056896209716797,22.04779052734375,0.031506218016147614,0.0009104987257160246,0.8179950714111328,0.032264553010463715,0.0003644691314548254,1.4361298261711397e-10,10.0
1310,22.109703063964844,22.097946166992188,0.03431248292326927,0.001175699639134109,0.8063470721244812,0.04311727359890938,0.0003524679923430085,1.0116410487093219e-10,10.0
1311,22.111217498779297,22.097793579101562,0.033322446048259735,0.0013423669151961803,0.7913402915000916,0.059102755039930344,0.0003656013577710837,1.1029577945409486e-10,10.0
1312,21.91320037841797,21.899559020996094,0.027158590033650398,0.0013642001431435347,0.7975386381149292,0.05118990316987038,0.00023816392058506608,1.4950346516329205e-10,10.0
1313,21.827760696411133,21.805830001831055,0.01708691380918026,0.002193035325035453,0.788557767868042,0.06645920127630234,0.000323296437272802,1.65520666617347e-10,10.0
1314,21.792789459228516,21.769617080688477,0.019714517518877983,0.0023172972723841667,0.7959058284759521,0.05501829460263252,0.0003650744038168341,1.4328230268922937e-10,10.0
1315,22.02408790588379,22.001502990722656,0.03144483268260956,0.0022584532853215933,0.8085739016532898,0.03988386318087578,0.00039372724131681025,1.3418197108983065e-10,10.0
1316,22.520774841308594,22.496685028076172,0.050174176692962646,0.002408904256299138,0.8150211572647095,0.03452414646744728,0.00036976582487113774,9.100916548154814e-11,10.0
1317,22.483827590942383,22.4667911529541,0.04548517242074013,0.0017036700155586004,0.8169631361961365,0.036114953458309174,0.0002709792461246252,9.065375533579001e-11,10.0
1318,22.805362701416016,22.786476135253906,0.04939752072095871,0.0018886985490098596,0.804906964302063,0.05700596049427986,0.0003713083278853446,1.2148716754811772e-10,10.0
1319,22.255340576171875,22.255146026611328,0.04007568582892418,1.950793193827849e-05,0.7989374399185181,0.051049914211034775,0.0003569943073671311,1.462167054100405e-10,10.0
1320,22.1429443359375,22.123703002929688,0.03554233908653259,0.0019242146518081427,0.7885267734527588,0.060768235474824905,0.0002769788261502981,1.0565680275131939e-10,10.0
1321,21.968400955200195,21.951005935668945,0.0291152261197567,0.00173943059053272,0.7991819977760315,0.04959997907280922,0.0003575379669200629,8.191009676083993e-11,10.0
1322,21.89767074584961,21.873350143432617,0.02514088898897171,0.002432051347568631,0.7927764654159546,0.05681270733475685,0.0005096960812807083,1.1329905069690227e-10,10.0
1323,21.846160888671875,21.820728302001953,0.022796159610152245,0.002543212380260229,0.7791282534599304,0.07075762003660202,0.00036769048892892897,1.7976826971466409e-10,10.0
1324,21.693222045898438,21.666244506835938,0.015598088502883911,0.002697751857340336,0.7917575836181641,0.05917507782578468,0.0002975471434183419,1.1219560003272733e-10,10.0
1325,21.886058807373047,21.856372833251953,0.020209873095154762,0.0029686810448765755,0.778485894203186,0.07543173432350159,0.0003184969536960125,8.081783159363809e-11,10.0
1326,21.84648323059082,21.828432083129883,0.02026940882205963,0.0018051196821033955,0.7965233325958252,0.05625259131193161,0.00022986439580563456,9.710766912807145e-11,10.0
1327,22.167247772216797,22.149423599243164,0.03475230932235718,0.0017823920352384448,0.8009072542190552,0.050179373472929,0.0003451024240348488,1.2469836274675572e-10,10.0
1328,22.162179946899414,22.145938873291016,0.030779970809817314,0.001624174416065216,0.8336843848228455,0.021208180114626884,0.0004125925188418478,1.3510910445990731e-10,10.0
1329,22.192066192626953,22.17952537536621,0.033369503915309906,0.0012540819589048624,0.8042924404144287,0.04939093813300133,0.00032028372515924275,1.243168623599189e-10,10.0
1330,22.378982543945312,22.367111206054688,0.03800664842128754,0.0011870469897985458,0.7941893339157104,0.06237264722585678,0.0002895931538660079,8.628955189271537e-11,10.0
1331,22.006620407104492,22.000240325927734,0.030950719490647316,0.0006380715640261769,0.8132327795028687,0.03568534180521965,0.00035194368683733046,1.0753072043900858e-10,10.0
1332,21.77828598022461,21.772340774536133,0.023272642865777016,0.000594500859733671,0.810774564743042,0.03670384734869003,0.00035657701664604247,1.2567841212174358e-10,10.0
1333,21.674318313598633,21.668437957763672,0.017657015472650528,0.000588077527936548,0.806503415107727,0.042463406920433044,0.00028425519121810794,1.2921975989232948e-10,10.0
1334,21.871946334838867,21.867238998413086,0.020403513684868813,0.0004706410691142082,0.7798717021942139,0.07424848526716232,0.0004146312130615115,7.494709020061663e-11,10.0
1335,21.74332618713379,21.736433029174805,0.019651181995868683,0.0006893882527947426,0.7998789548873901,0.04977674409747124,0.0003760398831218481,4.8805976621268954e-11,10.0
1336,21.740806579589844,21.73525047302246,0.02135857753455639,0.0005556700634770095,0.7909817099571228,0.05695895850658417,0.00027721087099052966,1.1924476683855545e-10,10.0
1337,22.09015655517578,22.08477783203125,0.025515533983707428,0.0005378368077799678,0.8049148917198181,0.05281263589859009,0.000370231457054615,1.4853467067421633e-10,10.0
1338,22.013504028320312,22.007171630859375,0.02783721312880516,0.0006331779295578599,0.819980263710022,0.032299675047397614,0.00042435096111148596,1.1225144425086597e-10,10.0
1339,21.998620986938477,21.993608474731445,0.030303921550512314,0.0005013200570829213,0.8126537203788757,0.036637548357248306,0.00037272341432981193,7.285710923454758e-11,10.0
1340,21.92841339111328,21.92308807373047,0.02884805202484131,0.0005326219252310693,0.810212254524231,0.037699174135923386,0.0004100754449609667,1.0761480595533612e-10,10.0
1341,22.146190643310547,22.145118713378906,0.03156377747654915,0.00010726497566793114,0.811208963394165,0.04287425056099892,0.000394451548345387,9.905370967899785e-11,10.0
1342,21.79144287109375,21.79049301147461,0.026349438354372978,9.497018618276343e-05,0.7875681519508362,0.0576041080057621,0.00024504464818164706,7.017842557077714e-11,10.0
1343,22.33076286315918,22.329797744750977,0.02900780364871025,9.653144661569968e-05,0.817773163318634,0.046253059059381485,0.0003948151133954525,1.5649294360375876e-10,10.0
1344,21.667308807373047,21.66646957397461,0.02016780711710453,8.391924347961321e-05,0.7892276644706726,0.05715891346335411,0.00026120481197722256,1.0188611065942155e-10,10.0
1345,21.699670791625977,21.698827743530273,0.02077065221965313,8.439516386715695e-05,0.797464907169342,0.049572400748729706,0.00036291670403443277,8.720503485992737e-11,10.0
1346,21.73185157775879,21.730737686157227,0.021231932565569878,0.0001113113175961189,0.810944676399231,0.036896876990795135,0.00039010820910334587,6.581675482397742e-11,10.0
1347,21.72322654724121,21.72208023071289,0.019023925065994263,0.00011457553046057001,0.7970883846282959,0.052672747522592545,0.00024538495927117765,1.260109239176188e-10,10.0
1348,21.71692657470703,21.71595573425293,0.022110437974333763,9.713457257021219e-05,0.8041496872901917,0.04224958270788193,0.00032124281278811395,7.151219200141057e-11,10.0
1349,21.80673599243164,21.805742263793945,0.023331034928560257,9.945654164766893e-05,0.8146477937698364,0.034120362251996994,0.0003261926176492125,1.2085013545437562e-10,10.0
1350,21.735559463500977,21.734539031982422,0.024693839251995087,0.00010205838043475524,0.7964528799057007,0.048095546662807465,0.0003483248583506793,9.298131709023494e-11,10.0
1351,21.881568908691406,21.88060188293457,0.025046220049262047,9.665233665145934e-05,0.7878639698028564,0.062182921916246414,0.00032725208438932896,5.6440449536232506e-11,10.0
1352,21.747188568115234,21.745899200439453,0.026104461401700974,0.0001289484353037551,0.7937594056129456,0.049854379147291183,0.00029445154359564185,4.799098618502029e-11,10.0
1353,21.784013748168945,21.782567977905273,0.021998954936861992,0.00014463692787103355,0.8196024298667908,0.02956266887485981,0.00034658561344258487,7.333453289071201e-11,10.0
1354,21.651859283447266,21.65041160583496,0.019879449158906937,0.00014473279588855803,0.7937835454940796,0.05222396180033684,0.0003237108758185059,1.0814850404106124e-10,10.0
1355,21.65384292602539,21.652830123901367,0.020132139325141907,0.00010126160486834124,0.7956151366233826,0.050196323543787,0.00042393896728754044,1.4721981966836495e-10,10.0
1356,21.735301971435547,21.73392105102539,0.016966544091701508,0.00013816688442602754,0.8230875134468079,0.029195081442594528,0.0002691680274438113,4.111985404953167e-11,10.0
1357,21.598506927490234,21.59332847595215,0.01798906922340393,0.0005178542924113572,0.7997636198997498,0.045862890779972076,0.0002939269470516592,6.817604120135101e-11,10.0
1358,21.54946517944336,21.545013427734375,0.017180070281028748,0.00044519512448459864,0.80367112159729,0.0408007837831974,0.0003713979385793209,9.446800286472268e-11,10.0
1359,21.59171485900879,21.572460174560547,0.015194573439657688,0.0019253803184255958,0.7993776798248291,0.04821845516562462,0.0002693754795473069,5.3872444699676336e-11,10.0
1360,21.667518615722656,21.628307342529297,0.01765126734972,0.003921216353774071,0.7941127419471741,0.053252995014190674,0.0002880483807530254,1.0711318637612877e-10,10.0
1361,21.691448211669922,21.63306427001953,0.018458111211657524,0.005838440731167793,0.7846781611442566,0.062072984874248505,0.0002832895261235535,1.1630329338485623e-10,10.0
1362,21.77922248840332,21.710208892822266,0.017762763425707817,0.006901321467012167,0.8097369074821472,0.0408184789121151,0.00022549822460860014,9.934902900354814e-11,10.0
1363,21.86171531677246,21.759397506713867,0.02113875187933445,0.010231769643723965,0.795121967792511,0.054015304893255234,0.00024968237266875803,6.394754170635508e-11,10.0
1364,21.950952529907227,21.85223960876465,0.028709394857287407,0.009871249087154865,0.7908495664596558,0.05440320819616318,0.0003185193345416337,9.505535941700671e-11,10.0
1365,22.133699417114258,22.071348190307617,0.0354870930314064,0.006235172972083092,0.8037069439888,0.043526533991098404,0.0003333314089104533,7.230872151042789e-11,10.0
1366,22.506723403930664,22.432920455932617,0.04005526751279831,0.007380235008895397,0.7857482433319092,0.07141241431236267,0.00025235937209799886,1.7466322832504488e-10,10.0
1367,22.102256774902344,22.003925323486328,0.03460237383842468,0.009833144024014473,0.794163703918457,0.05126359313726425,0.0003185252717230469,7.05081548701969e-11,10.0
1368,22.313125610351562,22.21508026123047,0.023687167093157768,0.00980451051145792,0.7933167219161987,0.07147596776485443,0.00030846064328216016,9.714579835007342e-11,10.0
1369,21.817710876464844,21.752178192138672,0.021724216639995575,0.006553306709975004,0.803057849407196,0.04511760175228119,0.0004685615422204137,7.203075635953127e-11,10.0
1370,21.643564224243164,21.58480453491211,0.015325188636779785,0.005875903181731701,0.8147122263908386,0.03321508318185806,0.0003492309188004583,1.1364883339970433e-10,10.0
1371,21.667301177978516,21.61748695373535,0.017461249604821205,0.004981395322829485,0.8019449710845947,0.04517825320363045,0.00028753644437529147,1.1186857690193008e-10,10.0
1372,22.314685821533203,22.271038055419922,0.02974286489188671,0.0043647014535963535,0.7811101675033569,0.07986123114824295,0.0003181557112839073,7.205706170632098e-11,10.0
1373,22.701141357421875,22.691585540771484,0.03725763037800789,0.0009555056458339095,0.7802029848098755,0.09005721658468246,0.0003639624046627432,1.1259375376493352e-10,10.0
1374,22.659706115722656,22.656707763671875,0.039186280220746994,0.00029987987363711,0.7846678495407104,0.08228420466184616,0.0003249861183576286,1.128897600399803e-10,10.0
1375,22.309045791625977,22.30744171142578,0.03286962956190109,0.00016048144607339054,0.7891530394554138,0.07013211399316788,0.0003571202978491783,6.063580887394338e-11,10.0
1376,22.095657348632812,22.093673706054688,0.03401942923665047,0.00019841917674057186,0.8191749453544617,0.030432317405939102,0.00030080071883276105,5.486277404598283e-11,10.0
1377,22.098962783813477,22.096759796142578,0.036023207008838654,0.0002202431351179257,0.8101650476455688,0.03757883608341217,0.0002583965833764523,1.1992097592727902e-10,10.0
1378,22.143962860107422,22.141956329345703,0.03737112879753113,0.00020061912073288113,0.826023280620575,0.022164959460496902,0.00029722877661697567,9.112793158960741e-11,10.0
1379,22.079050064086914,22.076519012451172,0.03328645974397659,0.0002530099300201982,0.8255660533905029,0.024077922105789185,0.00032593635842204094,6.967070670382824e-11,10.0
1380,22.041412353515625,22.03883934020996,0.027074133977293968,0.0002572951780166477,0.830775260925293,0.02359062060713768,0.00028380638104863465,1.1410161010472208e-10,10.0
1381,22.108531951904297,22.106489181518555,0.023060686886310577,0.00020433201279956847,0.8008679747581482,0.060189563781023026,0.0003533092385623604,1.823318301896748e-10,10.0
1382,22.109060287475586,22.106800079345703,0.03347213566303253,0.00022596103372052312,0.8060863614082336,0.04458015784621239,0.0003334192733746022,1.3197697101841044e-10,10.0
1383,22.672752380371094,22.670434951782227,0.049821920692920685,0.00023167474137153476,0.7941942811012268,0.0626567155122757,0.00036129713407717645,1.4389395230907098e-10,10.0
1384,22.68767738342285,22.685697555541992,0.05486442148685455,0.00019802618771791458,0.7962530851364136,0.05620305985212326,0.00026827139663510025,7.890751940742291e-11,10.0
1385,22.708894729614258,22.707609176635742,0.05597953125834465,0.00012855818204116076,0.8111034631729126,0.04108566418290138,0.00033936541876755655,1.3738336857027633e-10,10.0
1386,22.62174415588379,22.620716094970703,0.05803697183728218,0.00010275411477778107,0.8151849508285522,0.03149263933300972,0.00028528764960356057,8.592979106047949e-11,10.0
1387,22.51607322692871,22.514881134033203,0.05480481684207916,0.00011926568549824879,0.8160947561264038,0.029579080641269684,0.0002913622884079814,1.1128613308653001e-10,10.0
1388,22.145673751831055,22.144062042236328,0.04306425899267197,0.0001611400512047112,0.8132044076919556,0.029372451826930046,0.00030335798510350287,6.874607133555699e-11,10.0
1389,22.0845947265625,22.083158493041992,0.04384690523147583,0.00014356817700900137,0.8026355504989624,0.036701399832963943,0.00035601164563558996,1.594584325692594e-10,10.0
1390,22.34946060180664,22.348339080810547,0.05421552062034607,0.00011223812180105597,0.787509024143219,0.052076857537031174,0.00033029585028998554,6.547339059803647e-11,10.0
1391,23.22382354736328,23.222427368164062,0.0786825641989708,0.00013969303108751774,0.7719622254371643,0.07813158631324768,0.0003018487768713385,5.5157850509246487e-11,10.0
1392,23.008506774902344,23.006816864013672,0.08171558380126953,0.00016894721193239093,0.7786723971366882,0.059782106429338455,0.00025641723186708987,1.0372897679689075e-10,10.0
1393,23.315330505371094,23.313087463378906,0.07151250541210175,0.0002243480266770348,0.7583062052726746,0.10255764424800873,0.0003679429937619716,1.1530119914393566e-10,10.0
1394,22.739734649658203,22.737627029418945,0.06701160967350006,0.0002107012114720419,0.798539400100708,0.04381372407078743,0.00035068136639893055,1.1064774790847665e-10,10.0
1395,22.6461238861084,22.644344329833984,0.06558571755886078,0.00017790027777664363,0.7822216153144836,0.05783383920788765,0.000331477407598868,9.0338340974494e-11,10.0
1396,22.21238136291504,22.209983825683594,0.04453204199671745,0.00023978346143849194,0.7963706254959106,0.0473589152097702,0.00034446772770024836,1.0369927139208812e-10,10.0
1397,22.30716896057129,22.304515838623047,0.04817070811986923,0.000265353184659034,0.8064290285110474,0.03742522746324539,0.0003890397201757878,8.404318213584006e-11,10.0
1398,22.599773406982422,22.59648323059082,0.06418731808662415,0.0003289306478109211,0.7905081510543823,0.049064893275499344,0.0002475053770467639,7.505598920154455e-11,10.0
1399,22.656461715698242,22.65385627746582,0.05300292372703552,0.00026058743242174387,0.7957718968391418,0.05727493017911911,0.0002613116230349988,8.772038651017056e-11,10.0
1400,22.724185943603516,22.721923828125,0.0620301179587841,0.00022616634669248015,0.7941757440567017,0.05256028100848198,0.00027711884467862546,1.318913034342728e-10,10.0
1401,22.324167251586914,22.32184410095215,0.048089399933815,0.00023229602084029466,0.799852728843689,0.044831283390522,0.0002509063051547855,6.938138258361093e-11,10.0
1402,22.18191146850586,22.179317474365234,0.04680474102497101,0.0002593632088974118,0.7913110852241516,0.048950981348752975,0.00026478388463146985,7.394836826213336e-11,10.0
1403,22.072593688964844,22.070505142211914,0.04949433356523514,0.00020891145686618984,0.7923842072486877,0.04081849381327629,0.00030807199073024094,5.304280278894957e-11,10.0
1404,21.942235946655273,21.9409236907959,0.0379812978208065,0.00013122048403602093,0.805513322353363,0.034042682498693466,0.00024922177544794977,7.42187422630991e-11,10.0
1405,22.13265609741211,22.1312198638916,0.04426721855998039,0.00014369368727784604,0.8062562346458435,0.03456232696771622,0.00040756468661129475,8.764507175573755e-11,10.0
1406,22.116214752197266,22.115150451660156,0.04329787939786911,0.00010643828863976523,0.8058279752731323,0.03532648831605911,0.0003843198355752975,9.046148552460664e-11,10.0
1407,21.934280395507812,21.933162689208984,0.037559062242507935,0.00011179885041201487,0.7827161550521851,0.056924108415842056,0.00031800352735444903,1.0807017780667394e-10,10.0
1408,21.939666748046875,21.938846588134766,0.0378115251660347,8.204376354115084e-05,0.7813619375228882,0.05821505934000015,0.00041350070387125015,9.31398430603636e-11,10.0
1409,21.850570678710938,21.849897384643555,0.03663545474410057,6.738042429788038e-05,0.7771340608596802,0.06010018661618233,0.0003154190198983997,9.143317353244029e-11,10.0
1410,22.037633895874023,22.037565231323242,0.03888169303536415,6.8080980781815015e-06,0.7697466611862183,0.07273583114147186,0.000346184620866552,5.741437880679712e-11,10.0
1411,21.81020736694336,21.81009292602539,0.03643275797367096,1.1392661690479144e-05,0.796381950378418,0.03947217017412186,0.00029208287014625967,5.273328995691884e-11,10.0
1412,21.942626953125,21.942501068115234,0.0403827466070652,1.2494387192418799e-05,0.8066617250442505,0.030527224764227867,0.0003208778507541865,8.353082808776335e-11,10.0
1413,22.08739471435547,22.08725357055664,0.0459023043513298,1.4072333215153776e-05,0.8010503649711609,0.036406151950359344,0.0003282877441961318,9.351256574641198e-11,10.0
1414,21.8489990234375,21.848783493041992,0.04022585600614548,2.1527654098463245e-05,0.788567841053009,0.04501907899975777,0.00034665505518205464,6.921713896490544e-11,10.0
1415,21.833879470825195,21.833654403686523,0.034377411007881165,2.252800732094329e-05,0.7857617139816284,0.053104475140571594,0.000256413797615096,1.1180791709142213e-10,10.0
1416,21.529199600219727,21.52890396118164,0.02756621688604355,2.9484845072147436e-05,0.7921553254127502,0.04130282625555992,0.0003295418864581734,4.608051440424532e-11,10.0
1417,21.500768661499023,21.500486373901367,0.028049223124980927,2.832086647686083e-05,0.7793833613395691,0.052474215626716614,0.0002814997569657862,1.4049260366189031e-10,10.0
1418,21.760698318481445,21.760433197021484,0.03387770056724548,2.6606345272739418e-05,0.7669999599456787,0.06938578188419342,0.00038473427412100136,8.630322151370606e-11,10.0
1419,21.57071304321289,21.57033920288086,0.027344660833477974,3.741564796655439e-05,0.780105471611023,0.055221810936927795,0.00035414702142588794,1.1791516374426436e-10,10.0
1420,21.514678955078125,21.5142822265625,0.026919040828943253,3.959343666792847e-05,0.7678061127662659,0.06572919338941574,0.0002923260035458952,1.053566955899754e-10,10.0
1421,21.476552963256836,21.47617530822754,0.027926884591579437,3.78436925529968e-05,0.7772794365882874,0.05372967571020126,0.00027746695559471846,7.683048641737855e-11,10.0
1422,21.65688133239746,21.656505584716797,0.0343024842441082,3.752329939743504e-05,0.7801863551139832,0.05162595584988594,0.00036330195143818855,7.135559504378719e-11,10.0
1423,21.709312438964844,21.708892822265625,0.035728760063648224,4.186766091152094e-05,0.7761273980140686,0.0563368946313858,0.0004065767570864409,1.0575266357060187e-10,10.0
1424,21.46549415588379,21.464872360229492,0.022476963698863983,6.226103869266808e-05,0.7974280714988708,0.03859991952776909,0.00022486159286927432,1.2042492003594418e-10,10.0
1425,21.723201751708984,21.722488403320312,0.031414635479450226,7.137069769669324e-05,0.8009442687034607,0.03639639914035797,0.00036041965358890593,6.820093795267823e-11,10.0
1426,21.6876277923584,21.686922073364258,0.03728324547410011,7.065080717438832e-05,0.7823933959007263,0.047650620341300964,0.00037407162017188966,1.5579461332126954e-10,10.0
1427,21.837858200073242,21.837135314941406,0.04258699715137482,7.227005698950961e-05,0.7695592045783997,0.061200033873319626,0.00034802299342118204,7.72250041691791e-11,10.0
1428,21.46072769165039,21.460115432739258,0.02348989248275757,6.117230077506974e-05,0.798711895942688,0.03611137717962265,0.00022849392553325742,1.0337572464713674e-10,10.0
1429,21.53522491455078,21.534639358520508,0.03263755887746811,5.8522902691038325e-05,0.7818138599395752,0.04681908339262009,0.00028763708542101085,9.213962232079709e-11,10.0
1430,21.590730667114258,21.590038299560547,0.029014576226472855,6.927560752956197e-05,0.7725794911384583,0.061896126717329025,0.0002783385862130672,7.058886808408715e-11,10.0
1431,21.554906845092773,21.55430030822754,0.02884839102625847,6.0746915551135316e-05,0.7692843675613403,0.06394097208976746,0.0002457142109051347,2.0329234129423668e-10,10.0
1432,21.668180465698242,21.667627334594727,0.03764420375227928,5.523530489881523e-05,0.7697353959083557,0.0591578409075737,0.00041900979704223573,1.0267751232584388e-10,10.0
1433,21.626689910888672,21.62611198425293,0.030396968126296997,5.785358007415198e-05,0.767103910446167,0.06738180667161942,0.0004044752276968211,1.3894084494037173e-10,10.0
1434,21.359529495239258,21.358842849731445,0.024227576330304146,6.857567495899275e-05,0.7851472496986389,0.044862907379865646,0.00028995246975682676,1.6751168507855851e-10,10.0
1435,21.549468994140625,21.548608779907227,0.02244902029633522,8.592905942350626e-05,0.7661997079849243,0.07320325821638107,0.00023078075901139528,7.053989337091338e-11,10.0
1436,21.5384521484375,21.53760528564453,0.03199406713247299,8.475245704175904e-05,0.7755776047706604,0.05383938550949097,0.00023264814808499068,1.3318282587881924e-10,10.0
1437,21.56168556213379,21.56086540222168,0.030901465564966202,8.203218021662906e-05,0.7887782454490662,0.04262412339448929,0.0003269883745815605,1.5687985632784063e-10,10.0
1438,21.63254165649414,21.631834030151367,0.03201882541179657,7.080323848640546e-05,0.7835845947265625,0.04955780878663063,0.00028040027245879173,6.006497382804454e-11,10.0
1439,22.11775016784668,22.11720848083496,0.039333172142505646,5.4252279369393364e-05,0.75691819190979,0.08829188346862793,0.000362711725756526,8.969228137978291e-11,10.0
1440,21.67344093322754,21.672834396362305,0.032521408051252365,6.068079892429523e-05,0.7703097462654114,0.06394032388925552,0.00035457746707834303,1.0758682833511557e-10,10.0
1441,21.536312103271484,21.53568458557129,0.032687630504369736,6.269164441619068e-05,0.762607991695404,0.06601053476333618,0.00030331514426507056,1.268468247106469e-10,10.0
1442,21.44330406188965,21.442777633666992,0.023619748651981354,5.255468931864016e-05,0.772258460521698,0.06171401962637901,0.00029724810156039894,1.2042083996632869e-10,10.0
1443,21.57424545288086,21.573745727539062,0.028521882370114326,4.988093496649526e-05,0.765661895275116,0.06863005459308624,0.00033993597025983036,8.145711188900506e-11,10.0
1444,21.59252166748047,21.591989517211914,0.020997317507863045,5.320729178492911e-05,0.7880582809448242,0.0544896274805069,0.0003358687972649932,1.5811293940792837e-10,10.0
1445,21.528427124023438,21.52777671813965,0.03115822933614254,6.507631042040884e-05,0.7775481343269348,0.052276257425546646,0.000321170809911564,5.6060989184203436e-11,10.0
1446,21.86173439025879,21.86097526550293,0.03847908228635788,7.583959813928232e-05,0.7767145037651062,0.05910155549645424,0.00035971589386463165,5.2181099718939805e-11,10.0
1447,21.473793029785156,21.4731388092041,0.031078804284334183,6.546699296450242e-05,0.7729170918464661,0.054813072085380554,0.0002914109791163355,1.0923700832776717e-10,10.0
1448,22.074247360229492,22.063779830932617,0.04879588633775711,0.0010466646635904908,0.7730699777603149,0.060529425740242004,0.00038990448229014874,5.5679967581045986e-11,10.0
1449,22.02142333984375,21.99974250793457,0.04619607329368591,0.0021681056823581457,0.7696802616119385,0.06397044658660889,0.0003574702423065901,7.926423406523497e-11,10.0
1450,21.648927688598633,21.631954193115234,0.03159001097083092,0.001697398955002427,0.7694301605224609,0.0641544908285141,0.0002586554328445345,1.012513267673043e-10,10.0
1451,21.474910736083984,21.415884017944336,0.02699964866042137,0.005902582313865423,0.7890739440917969,0.04043982923030853,0.0003048777871299535,7.098956145146218e-11,10.0
1452,21.583908081054688,21.46283531188965,0.027819596230983734,0.012107225134968758,0.7823978662490845,0.04816654697060585,0.0003235686453990638,8.133212853200789e-11,10.0
1453,21.618980407714844,21.524139404296875,0.025920119136571884,0.009484011679887772,0.7877126336097717,0.047225337475538254,0.0002688329841475934,1.4837794881650268e-10,10.0
1454,21.915803909301758,21.84336280822754,0.023007608950138092,0.007244035601615906,0.8087614178657532,0.04187603294849396,0.0002234749699709937,1.7099430205114174e-10,10.0
1455,21.86104393005371,21.824230194091797,0.03724401444196701,0.003681445959955454,0.8028478026390076,0.03276620805263519,0.0002779921342153102,8.342693202934015e-11,10.0
1456,22.3260440826416,22.255748748779297,0.053148284554481506,0.007029458414763212,0.7852163910865784,0.05177278444170952,0.0002313026925548911,6.252478396140404e-11,10.0
1457,22.814319610595703,22.658369064331055,0.04533066600561142,0.015595106407999992,0.7785519957542419,0.08234971016645432,0.00025601519155316055,8.84125481159792e-11,10.0
1458,21.984575271606445,21.834108352661133,0.038175854831933975,0.015046677552163601,0.7779486775398254,0.05708788335323334,0.00037974739097990096,7.349800629219416e-11,10.0
1459,22.23241424560547,22.13994598388672,0.04378563538193703,0.009246773086488247,0.7823597192764282,0.05927811563014984,0.00043602439109236,1.0476668144132617e-10,10.0
1460,23.14166831970215,23.105810165405273,0.08177857846021652,0.0035857257898896933,0.7803113460540771,0.06202409416437149,0.00029595542582683265,1.0618558810016054e-10,10.0
1461,24.84684181213379,24.720298767089844,0.14074565470218658,0.012654362246394157,0.7659157514572144,0.08203934133052826,0.00027808002778328955,1.0730891175647628e-10,10.0
1462,25.23712730407715,25.094959259033203,0.15011534094810486,0.014216887764632702,0.7643159031867981,0.08927340805530548,0.00023439251526724547,9.72477098848401e-11,10.0
1463,23.8682804107666,23.800947189331055,0.10201377421617508,0.0067333499900996685,0.7729416489601135,0.07692592591047287,0.00039135009865276515,9.888325575024837e-11,10.0
1464,22.716779708862305,22.668073654174805,0.0780973955988884,0.004870546981692314,0.7755294442176819,0.05299483239650726,0.00025318795815110207,1.1632619867363303e-10,10.0
1465,22.31502914428711,22.240495681762695,0.04116421937942505,0.007453278638422489,0.7753763794898987,0.07295841723680496,0.00030185666400939226,5.364061972379375e-11,10.0
1466,22.230133056640625,22.1345157623291,0.043936837464571,0.009561761282384396,0.7992354035377502,0.04209936037659645,0.00027257876354269683,8.756040337232207e-11,10.0
1467,22.18737030029297,22.04623031616211,0.04014377295970917,0.014113952405750751,0.7771218419075012,0.06448572129011154,0.0002449546300340444,6.013243375457833e-11,10.0
1468,21.95139503479004,21.87391471862793,0.042078495025634766,0.007747982162982225,0.7769507765769958,0.05580759420990944,0.0002994300739374012,7.136678747965419e-11,10.0
1469,22.220882415771484,22.193561553955078,0.04344019293785095,0.0027321281377226114,0.7871276140213013,0.05706016346812248,0.00028625442064367235,6.865347179640935e-11,10.0
1470,22.176279067993164,22.164587020874023,0.037531815469264984,0.0011692792177200317,0.7820227146148682,0.06694929301738739,0.00019904835789930075,1.1903596164319907e-10,10.0
1471,21.647586822509766,21.62430191040039,0.029688427224755287,0.0023284924682229757,0.7994651794433594,0.03569577634334564,0.0003067445941269398,1.3767414985821347e-10,10.0
1472,21.614885330200195,21.58403968811035,0.026527736335992813,0.0030846181325614452,0.8025739192962646,0.0341448076069355,0.0002879123203456402,1.0488494794902437e-10,10.0
1473,21.608293533325195,21.56690216064453,0.02960609458386898,0.004139155149459839,0.7944822907447815,0.038447797298431396,0.00034983406658284366,7.240451294077133e-11,10.0
1474,21.929458618164062,21.89116859436035,0.02797527238726616,0.0038289777003228664,0.7904885411262512,0.05707108601927757,0.0002797342895064503,2.0271533063276337e-10,10.0
1475,21.741409301757812,21.723766326904297,0.03193408623337746,0.0017642613966017962,0.8014985918998718,0.03537170588970184,0.0003658670757431537,1.639314101131717e-10,10.0
1476,22.121007919311523,22.111814498901367,0.04624628275632858,0.0009194060112349689,0.7768334746360779,0.06125951558351517,0.0003333051281515509,8.89989471009045e-11,10.0
1477,22.140199661254883,22.136629104614258,0.03414333611726761,0.0003569665423128754,0.796286404132843,0.05489593744277954,0.0003485690103843808,1.165601920538606e-10,10.0
1478,22.109619140625,22.108165740966797,0.04483021795749664,0.00014525845472235233,0.790147066116333,0.04921521991491318,0.0003351078776177019,8.228337455840062e-11,10.0
1479,22.053613662719727,22.053152084350586,0.04566316306591034,4.6233715693233535e-05,0.7857163548469543,0.05061328038573265,0.00033346167765557766,8.247859339949315e-11,10.0
1480,22.593265533447266,22.59315299987793,0.05783114954829216,1.126852112065535e-05,0.7738538980484009,0.07194184511899948,0.00024815063807182014,6.87652712549891e-11,10.0
1481,22.380144119262695,22.3801212310791,0.06138324737548828,2.355925062147435e-06,0.7951292395591736,0.03854931890964508,0.0003576702147256583,1.0196515853877486e-10,10.0
1482,21.851037979125977,21.851028442382812,0.03513684123754501,9.888154863801901e-07,0.7972995042800903,0.04148728772997856,0.00029377249302342534,6.463220930674751e-11,10.0
1483,21.731531143188477,21.73152732849121,0.031829431653022766,4.360498166988691e-07,0.8056469559669495,0.03166354075074196,0.00030281615909188986,1.2401374371862062e-10,10.0
1484,21.841655731201172,21.841655731201172,0.03614293038845062,8.040944798892724e-09,0.7896715402603149,0.04774277284741402,0.00027240542112849653,1.301207336323884e-10,10.0
1485,21.56534767150879,21.565343856811523,0.03170216083526611,4.242995430558949e-07,0.7888316512107849,0.041958607733249664,0.000303217297187075,9.633077668880219e-11,10.0
1486,21.52157974243164,21.521570205688477,0.029403597116470337,9.116894830185629e-07,0.7949882745742798,0.03634609282016754,0.00031202781246975064,9.795263211653804e-11,10.0
1487,22.402690887451172,22.402673721313477,0.036206550896167755,1.7923065342984046e-06,0.7465731501579285,0.11321087181568146,0.0002908725291490555,6.992854906240353e-11,10.0
1488,21.71492576599121,21.714853286743164,0.03683138266205788,7.268959507200634e-06,0.7722026109695435,0.05941672623157501,0.0003586514212656766,8.147500035748934e-11,10.0
1489,21.848691940307617,21.848281860351562,0.04231387376785278,4.095457916264422e-05,0.7604473829269409,0.07106038928031921,0.00027402755222283304,8.100443926739587e-11,10.0
1490,22.154367446899414,22.15317726135254,0.05732007324695587,0.00011907674343092367,0.7719986438751221,0.05665864050388336,0.00037414420512504876,8.88323650749534e-11,10.0
1491,22.13058090209961,22.127798080444336,0.046017199754714966,0.0002782945812214166,0.7728841304779053,0.06608976423740387,0.0003018417628481984,9.807980816400885e-11,10.0
1492,22.30001449584961,22.295654296875,0.060996558517217636,0.0004361040482763201,0.7753778100013733,0.05534607172012329,0.0002643746556714177,1.3096476680907188e-10,10.0
1493,22.52475929260254,22.522226333618164,0.06388263404369354,0.0002533610968384892,0.7751281261444092,0.06177617982029915,0.00025548660778440535,1.0964827656945175e-10,10.0
1494,22.22456932067871,22.222396850585938,0.05427904054522514,0.00021724513499066234,0.7693251967430115,0.06517819315195084,0.00028356697293929756,6.615791248165692e-11,10.0
1495,22.289785385131836,22.28656768798828,0.04847992956638336,0.000321746279951185,0.7770675420761108,0.06571196019649506,0.0005080586415715516,8.251106742296344e-11,10.0
1496,22.555173873901367,22.550933837890625,0.04809533804655075,0.00042397031211294234,0.7656682133674622,0.08812561631202698,0.0003706725256051868,9.573765391568401e-11,10.0
1497,21.979019165039062,21.97339630126953,0.03770601004362106,0.0005622105090878904,0.7774930596351624,0.06358194351196289,0.00038713341928087175,8.718827743114943e-11,10.0
1498,21.774864196777344,21.76678466796875,0.034521155059337616,0.0008079782128334045,0.7789875864982605,0.05703626573085785,0.00031577967456541955,6.294746668356055e-11,10.0
1499,21.674076080322266,21.666913986206055,0.029730552807450294,0.0007161925896070898,0.7840023636817932,0.052819374948740005,0.00031074820435605943,1.1983621039934889e-10,10.0
1500,21.69462013244629,21.68789291381836,0.033595480024814606,0.0006726766005158424,0.7782829999923706,0.05552443489432335,0.00028191087767481804,1.532579896323938e-10,10.0
1501,21.868558883666992,21.86060905456543,0.04408235475420952,0.0007949041319079697,0.780127227306366,0.05005311965942383,0.0004041309002786875,7.842474586405856e-11,10.0
1502,22.127914428710938,22.119997024536133,0.05250300094485283,0.000791756494436413,0.7838690876960754,0.048304032534360886,0.0003093174018431455,4.8233087662774565e-11,10.0
1503,22.229326248168945,22.223369598388672,0.05800371617078781,0.0005957601824775338,0.7785770893096924,0.05224090442061424,0.00028260317048989236,1.0805223382703844e-10,10.0
1504,22.965803146362305,22.960811614990234,0.07181813567876816,0.0004991132882423699,0.7596246004104614,0.08684130758047104,0.0003709061711560935,1.0720326709678929e-10,10.0
1505,22.162858963012695,22.156591415405273,0.055266767740249634,0.0006268389988690615,0.7802406549453735,0.05059526860713959,0.00040250527672469616,7.615657410253718e-11,10.0
1506,21.746835708618164,21.7430362701416,0.03572031855583191,0.0003798808320425451,0.7986491322517395,0.035251159220933914,0.0002520968846511096,8.675844070937799e-11,10.0
1507,21.730573654174805,21.728065490722656,0.03482481837272644,0.00025073261349461973,0.7863712310791016,0.0478031188249588,0.00030855677323415875,8.265776951787984e-11,10.0
1508,21.815536499023438,21.812946319580078,0.03218674287199974,0.00025897484738379717,0.7971583008766174,0.04306059330701828,0.00028059209580533206,1.6182814810417057e-10,10.0
1509,21.692487716674805,21.690889358520508,0.03663253411650658,0.00015981480828486383,0.7899804711341858,0.04091069847345352,0.0002795680775307119,7.822507225307973e-11,10.0
1510,22.131717681884766,22.13014030456543,0.043621160089969635,0.00015767991135362536,0.7735923528671265,0.06789536774158478,0.00024185162328649312,5.6678720744551825e-11,10.0
1511,21.816543579101562,21.812652587890625,0.040759820491075516,0.00038902845699340105,0.7931762337684631,0.038459375500679016,0.0002765463723335415,8.990851119161647e-11,10.0
1512,22.16535758972168,22.159786224365234,0.051463499665260315,0.0005570679786615074,0.7814677953720093,0.05333038792014122,0.00032446032855659723,7.409448748996184e-11,10.0
1513,21.85344123840332,21.847084045410156,0.0420333668589592,0.0006357734673656523,0.7876148223876953,0.04410284757614136,0.0003307632578071207,5.748086034929045e-11,10.0
1514,22.05030632019043,22.039905548095703,0.042838603258132935,0.0010400984901934862,0.7767238616943359,0.06192371994256973,0.0002750936837401241,3.9839739146563247e-11,10.0
1515,21.811119079589844,21.80011749267578,0.03783797100186348,0.001100210938602686,0.7732211351394653,0.0608372688293457,0.00027080901782028377,5.568453337323476e-11,10.0
1516,21.905126571655273,21.887781143188477,0.038277994841337204,0.001734503428451717,0.7787609696388245,0.05832676589488983,0.0003637815825641155,4.880648662997089e-11,10.0
1517,21.87060546875,21.849660873413086,0.03585474565625191,0.002094465307891369,0.7885130643844604,0.049480993300676346,0.00034420157317072153,7.539081858798369e-11,10.0
1518,21.857479095458984,21.839820861816406,0.04055801406502724,0.0017658551223576069,0.7755491137504578,0.05732925236225128,0.0003912339161615819,7.697320558719412e-11,10.0
1519,21.72081184387207,21.710500717163086,0.03868500515818596,0.0010311176301911473,0.7831008434295654,0.04650166258215904,0.0003312308981548995,3.6221421695348255e-11,10.0
1520,22.2803955078125,22.272348403930664,0.051609136164188385,0.0008047992014326155,0.7804924249649048,0.05865243822336197,0.00034992603468708694,9.231859027236666e-11,10.0
1521,22.082700729370117,22.075292587280273,0.04310428351163864,0.0007407307857647538,0.7829644083976746,0.056812088936567307,0.00032748968806117773,1.2835596474580768e-10,10.0
1522,22.232084274291992,22.226316452026367,0.05511786416172981,0.0005767756374552846,0.7827068567276001,0.051091596484184265,0.0003407696494832635,6.451423423259328e-11,10.0
1523,21.99257469177246,21.98774528503418,0.039276573807001114,0.0004828602832276374,0.7806646823883057,0.05946969985961914,0.0002471891639288515,1.2443721053578827e-10,10.0
1524,21.64992904663086,21.64415740966797,0.02962459623813629,0.0005771530559286475,0.7966223955154419,0.03938142582774162,0.00034488170058466494,8.685031166466572e-11,10.0
1525,21.769723892211914,21.763219833374023,0.024257756769657135,0.0006504866178147495,0.7937198877334595,0.05244748666882515,0.0002592885575722903,6.528361878865852e-11,10.0
1526,21.472244262695312,21.46255111694336,0.0217279139906168,0.0009692426538094878,0.7853508591651917,0.05132370814681053,0.00024900343851186335,5.851066853246323e-11,10.0
1527,21.838733673095703,21.824237823486328,0.02588893286883831,0.0014495508512482047,0.805320143699646,0.04161451384425163,0.0003648007696028799,5.7224655569676486e-11,10.0
1528,21.59548568725586,21.580049514770508,0.03399625048041344,0.0015437116380780935,0.7722481489181519,0.0568399615585804,0.00029398806509561837,9.134860923243338e-11,10.0
1529,22.08576202392578,22.065298080444336,0.05201129987835884,0.0020463026594370604,0.7683168053627014,0.062157053500413895,0.00031683139968663454,1.2584232267354167e-10,10.0
1530,22.086997985839844,22.052183151245117,0.05316097289323807,0.003481526393443346,0.7732629776000977,0.0555599182844162,0.000258862623013556,1.1044643671853649e-10,10.0
1531,22.827096939086914,22.795047760009766,0.07192371785640717,0.003204933600500226,0.7712811827659607,0.0684947818517685,0.00025538334739394486,1.0550667284281445e-10,10.0
1532,22.308895111083984,22.281723022460938,0.05713261291384697,0.0027171738911420107,0.7736055850982666,0.060406677424907684,0.0003101862093899399,1.1324464282980173e-10,10.0
1533,23.16632843017578,23.137144088745117,0.05832967534661293,0.0029183663427829742,0.7598259449005127,0.10722728818655014,0.00025714572984725237,1.1523354492837257e-10,10.0
1534,22.476449966430664,22.454959869384766,0.044404517859220505,0.002149006584659219,0.772350013256073,0.0813278928399086,0.0002899899263866246,9.140090073689322e-11,10.0
1535,21.728885650634766,21.713300704956055,0.032679103314876556,0.0015585164073854685,0.7736759185791016,0.062046874314546585,0.00032529313466511667,7.302596027880526e-11,10.0
1536,21.63716697692871,21.62114715576172,0.027276162058115005,0.0016019890317693353,0.7966935634613037,0.04074478894472122,0.00032840354833751917,1.3711945467953512e-10,10.0
1537,22.110620498657227,22.109216690063477,0.047281548380851746,0.0001404500362696126,0.7814153432846069,0.05556847155094147,0.0002581972803454846,7.121925271746932e-11,10.0
1538,22.43973159790039,22.4247989654541,0.061570994555950165,0.001493258634582162,0.7960510849952698,0.039243146777153015,0.00031676015350967646,6.198540292157162e-11,10.0
1539,23.06220245361328,23.048500061035156,0.07490991055965424,0.0013701743446290493,0.7632985711097717,0.0836273655295372,0.00026028035790659487,7.275012536833714e-11,10.0
1540,22.785675048828125,22.76847267150879,0.07583613693714142,0.001720287255011499,0.7717159390449524,0.06309673190116882,0.00022542742954101413,5.873142250312213e-11,10.0
1541,22.260507583618164,22.23541259765625,0.04924962297081947,0.002509414916858077,0.7669259905815125,0.07313162833452225,0.00027316625346429646,8.020815955855909e-11,10.0
1542,21.871198654174805,21.846240997314453,0.041196804493665695,0.002495742868632078,0.7730777263641357,0.05943547934293747,0.00034896793658845127,8.833328513091487e-11,10.0
1543,21.70745849609375,21.678974151611328,0.029643692076206207,0.002848505973815918,0.7755436301231384,0.0618877150118351,0.00020984683942515403,1.0032960573447269e-10,10.0
1544,21.60584831237793,21.572315216064453,0.02517617866396904,0.0033532881643623114,0.79409259557724,0.043456293642520905,0.00041904315003193915,8.540818052793497e-11,10.0
1545,21.407976150512695,21.383419036865234,0.016087856143712997,0.0024557735305279493,0.7957212328910828,0.043447088450193405,0.0002013394987443462,1.2320811038080137e-10,10.0
1546,21.518558502197266,21.50143051147461,0.023762021213769913,0.0017128278268501163,0.7808589339256287,0.0553014799952507,0.0003368233155924827,2.6242927969599705e-11,10.0
1547,21.758981704711914,21.74384880065918,0.02864649146795273,0.0015132057014852762,0.7795332074165344,0.06142790988087654,0.000365858111763373,6.625282961136847e-11,10.0
1548,22.58710289001465,22.573204040527344,0.035428356379270554,0.001389841316267848,0.7471533417701721,0.12026168406009674,0.0002120005083270371,8.054350242314712e-11,10.0
1549,21.826282501220703,21.817279815673828,0.035277605056762695,0.0009001839207485318,0.7988907694816589,0.03833721578121185,0.0004639062099158764,7.857277328771062e-11,10.0
1550,21.714008331298828,21.70507049560547,0.029283622279763222,0.0008937552338466048,0.7803623676300049,0.05843593180179596,0.0003023130411747843,9.233813019760007e-11,10.0
1551,21.75293731689453,21.74557876586914,0.03053702600300312,0.0007359268493019044,0.782618522644043,0.05653632432222366,0.0003281195822637528,8.734214046457467e-11,10.0
1552,21.65498924255371,21.646879196166992,0.02773424983024597,0.0008109298651106656,0.8039608597755432,0.034096505492925644,0.00020888583094347268,9.520421950792723e-11,10.0
1553,21.686622619628906,21.67772674560547,0.028772743418812752,0.0008895284263417125,0.7925583720207214,0.045641567558050156,0.00034095588489435613,9.145625229356469e-11,10.0
1554,21.758745193481445,21.747892379760742,0.0347292423248291,0.0010852153645828366,0.8046694397926331,0.030373388901352882,0.0003592167922761291,1.592364434754856e-10,10.0
1555,22.05166244506836,22.040193557739258,0.03200581297278404,0.0011468171142041683,0.8016954660415649,0.047796931117773056,0.0002736626483965665,8.5640695923761e-11,10.0
1556,21.4664306640625,21.425556182861328,0.027958525344729424,0.004087384790182114,0.7820815443992615,0.046853646636009216,0.00032130032195709646,1.2967837914601432e-10,10.0
1557,21.620948791503906,21.542179107666016,0.02817668579518795,0.007877057418227196,0.7693954110145569,0.06398972868919373,0.0003134347789455205,8.270654994202431e-11,10.0
1558,21.820789337158203,21.69661521911621,0.024959340691566467,0.012417471036314964,0.7809111475944519,0.061875563114881516,0.00029632015503011644,1.0732736227536677e-10,10.0
1559,21.797224044799805,21.683252334594727,0.025119731202721596,0.011397181078791618,0.7744324803352356,0.06767436116933823,0.0002590643707662821,1.2011200367645358e-10,10.0
1560,21.65742301940918,21.59956932067871,0.026973426342010498,0.005785274785012007,0.7886284589767456,0.04824933782219887,0.0003289036394562572,8.286394487244664e-11,10.0
1561,21.728618621826172,21.705766677856445,0.03640758991241455,0.002285124035552144,0.7867023348808289,0.04498697444796562,0.0003344430879224092,5.70327916837865e-11,10.0
1562,21.825611114501953,21.788230895996094,0.0399136058986187,0.003738113446161151,0.7896654009819031,0.04180504381656647,0.0003628832346294075,8.108038546117413e-11,10.0
1563,22.15152931213379,22.08343505859375,0.04601067677140236,0.00680948980152607,0.7785606980323792,0.05866873636841774,0.00024327872961293906,1.2221762490938204e-10,10.0
1564,22.38850212097168,22.24845314025879,0.05554872751235962,0.014004905708134174,0.7871091961860657,0.04716731980443001,0.0002821773523464799,1.627572035478586e-11,10.0
1565,22.250102996826172,22.13604736328125,0.04409915581345558,0.011405649594962597,0.7881085276603699,0.05311424657702446,0.0003001081640832126,1.1326080351370393e-10,10.0
1566,22.234670639038086,22.16486930847168,0.04078702628612518,0.0069801039062440395,0.7923161387443542,0.053356774151325226,0.0003370002086739987,1.052245721111511e-10,10.0
1567,21.465635299682617,21.463197708129883,0.02538408525288105,0.00024379546812269837,0.7805242538452148,0.05246955156326294,0.00037489025271497667,6.428506338362894e-11,10.0
1568,21.867074966430664,21.798755645751953,0.022842368111014366,0.006831867154687643,0.7808340787887573,0.06816108524799347,0.00028196422499604523,1.0050078824708208e-10,10.0
1569,21.84979820251465,21.743736267089844,0.03259842097759247,0.010606227442622185,0.7861186861991882,0.0508665069937706,0.00041456372127868235,8.82960440873326e-11,10.0
1570,22.053422927856445,21.934179306030273,0.035728659480810165,0.0119243822991848,0.7777712345123291,0.06374640017747879,0.0003020428994204849,1.1034823055311449e-10,10.0
1571,21.62311553955078,21.549463272094727,0.025826679542660713,0.00736519368365407,0.774590790271759,0.061450645327568054,0.0002762010262813419,7.459458051251033e-11,10.0
1572,21.25762939453125,21.209270477294922,0.020070228725671768,0.004835913889110088,0.7694318890571594,0.058750398457050323,0.00029565018485300243,1.2129160176233e-10,10.0
1573,21.473371505737305,21.435068130493164,0.019958510994911194,0.0038303451146930456,0.7749279141426086,0.06240030750632286,0.00029002208611927927,5.653042270403752e-11,10.0
1574,21.510616302490234,21.46364402770996,0.021826721727848053,0.004697189200669527,0.7871418595314026,0.04946090653538704,0.00029062546673230827,5.616342807490682e-11,10.0
1575,22.822378158569336,22.758499145507812,0.033428438007831573,0.00638784933835268,0.7308568954467773,0.14596788585186005,0.00021681527141481638,5.162329591579251e-11,10.0
1576,22.85415267944336,22.754140853881836,0.03434087336063385,0.010001108050346375,0.7436908483505249,0.13198591768741608,0.00036986274062655866,1.134509500233527e-10,10.0
1577,22.022262573242188,21.93153190612793,0.026546401903033257,0.009073004126548767,0.7709992527961731,0.07960356026887894,0.0002802463131956756,1.0067115197021081e-10,10.0
1578,21.725557327270508,21.68342399597168,0.029583808034658432,0.00421337503939867,0.7871964573860168,0.050434134900569916,0.0003065904602408409,1.0372597919472426e-10,10.0
1579,22.14360809326172,22.120159149169922,0.03505469113588333,0.0023448369465768337,0.7962106466293335,0.053416166454553604,0.0003121874760836363,3.858110012022742e-11,10.0
1580,22.367687225341797,22.360149383544922,0.03971335291862488,0.0007538316422142088,0.792000949382782,0.06258372962474823,0.00026980394613929093,3.87972848292506e-11,10.0
1581,22.031936645507812,22.021556854248047,0.03716353327035904,0.0010380384046584368,0.8162645697593689,0.027322018519043922,0.000280394364381209,1.1906289842933404e-10,10.0
1582,22.010305404663086,21.991270065307617,0.03650716692209244,0.001903604599647224,0.8213040828704834,0.02173498645424843,0.0002612815296743065,7.74001071568442e-11,10.0
1583,22.2818546295166,22.26163101196289,0.0397748164832592,0.002022343222051859,0.7909198999404907,0.05965622141957283,0.0002858698717318475,1.333976401562964e-10,10.0
1584,21.899654388427734,21.869285583496094,0.02571514993906021,0.003036914160475135,0.7808164358139038,0.06814848631620407,0.00022833957336843014,6.342992103780531e-11,10.0
1585,21.45895767211914,21.427541732788086,0.019217319786548615,0.0031415573321282864,0.7835808992385864,0.05418144911527634,0.00030503058223985136,6.06605460307108e-11,10.0
1586,22.052921295166016,22.0311336517334,0.03918314352631569,0.0021787777077406645,0.772527277469635,0.0693969577550888,0.0003448477073106915,6.984639255858127e-11,10.0
1587,22.266611099243164,22.254823684692383,0.050914231687784195,0.0011787230614572763,0.7962881326675415,0.0428963340818882,0.00023558481188956648,5.75541073133401e-11,10.0
1588,22.484533309936523,22.468669891357422,0.037202198058366776,0.0015863511944189668,0.7759670615196228,0.08547879755496979,0.00024690382997505367,7.375926258657017e-11,10.0
1589,21.889751434326172,21.88175392150879,0.028868597000837326,0.0007997176726348698,0.7864881753921509,0.05980456620454788,0.00027215739828534424,9.19572681890024e-11,10.0
1590,21.851442337036133,21.85080337524414,0.030738169327378273,6.39150821371004e-05,0.7769170999526978,0.06628434360027313,0.00023129828332457691,9.834420083842943e-11,10.0
1591,21.514999389648438,21.514968872070312,0.02614566683769226,3.0747346499993e-06,0.8016828894615173,0.032652147114276886,0.00029522707336582243,7.735424106813937e-11,10.0
1592,21.565956115722656,21.565935134887695,0.023745708167552948,2.0056281755387317e-06,0.8104076981544495,0.028342820703983307,0.00035295344423502684,4.377502180186177e-11,10.0
1593,21.442584991455078,21.442554473876953,0.02265985496342182,3.080186161241727e-06,0.7995519638061523,0.03537402302026749,0.0002907886228058487,9.37283653468235e-11,10.0
1594,21.39234733581543,21.39231300354004,0.020753078162670135,3.5134250992996385e-06,0.8008707761764526,0.03393013775348663,0.00034633648465387523,7.474713209498773e-11,10.0
1595,21.94387435913086,21.943845748901367,0.023075371980667114,2.943884283013176e-06,0.8328078389167786,0.021733075380325317,0.0003438858548179269,7.687981501414143e-11,10.0
1596,21.501333236694336,21.501306533813477,0.023537447676062584,2.622427700771368e-06,0.7817400097846985,0.05464891716837883,0.0003146726230625063,9.824314278761292e-11,10.0
1597,21.843708038330078,21.84368896484375,0.025467155501246452,1.870303094619885e-06,0.7586749792098999,0.08948513120412827,0.0003007079067174345,7.314014671688795e-11,10.0
1598,21.618824005126953,21.61881446838379,0.029095765203237534,9.684324595582439e-07,0.7799882292747498,0.055541519075632095,0.00031757817487232387,9.10957698163628e-11,10.0
1599,21.58129119873047,21.58128547668457,0.027643946930766106,5.00152452787006e-07,0.7585983276367188,0.07690277695655823,0.00026586608146317303,4.608512529924447e-11,10.0
1600,21.379913330078125,21.379907608032227,0.026039250195026398,5.641932716571318e-07,0.7795243859291077,0.04953440651297569,0.00024566304637119174,6.218411896519171e-11,10.0
1601,21.556110382080078,21.556110382080078,0.02860034629702568,4.26277892984217e-08,0.7808374166488647,0.05269872024655342,0.000269883283181116,2.4659576464136634e-11,10.0
1602,21.324865341186523,21.324865341186523,0.021322233602404594,4.48902177652144e-08,0.7768783569335938,0.05467827990651131,0.00028940403717570007,1.1385380832562575e-10,10.0
1603,21.398452758789062,21.398452758789062,0.02111789770424366,8.073057955471086e-08,0.7747053503990173,0.06000002101063728,0.0002872801851481199,6.818721975943021e-11,10.0
1604,21.529193878173828,21.529191970825195,0.021100018173456192,1.0521192450596573e-07,0.777239203453064,0.06273766607046127,0.00022694662038702518,4.590103644397381e-11,10.0
1605,21.787216186523438,21.787216186523438,0.02565067633986473,7.748215580249962e-08,0.7804365158081055,0.06527618318796158,0.00031295782537199557,1.2470946497700197e-10,10.0
1606,21.545305252075195,21.545305252075195,0.025109894573688507,7.035453819526083e-08,0.7922054529190063,0.044384703040122986,0.000280498992651701,9.694300223683783e-11,10.0
1607,21.798799514770508,21.798799514770508,0.03069337084889412,8.878675572532302e-08,0.7784230709075928,0.06267335265874863,0.000405473547289148,8.88561585421499e-11,10.0
1608,21.65357208251953,21.6535701751709,0.035809967666864395,1.365358741622913e-07,0.7870743870735168,0.0431194044649601,0.0003476266283541918,6.777951117031833e-11,10.0
1609,21.786300659179688,21.786298751831055,0.035021375864744186,1.6727334184452047e-07,0.781282365322113,0.055040981620550156,0.0002682148478925228,1.2602817400786392e-10,10.0
1610,21.51806640625,21.518064498901367,0.03144483268260956,1.9519740135365282e-07,0.7755680680274963,0.05360247939825058,0.00026797119062393904,1.0897168584156347e-10,10.0
1611,21.49631690979004,21.496313095092773,0.028293415904045105,3.093855980296212e-07,0.7725996375083923,0.05883478373289108,0.0003117629967164248,3.911050650007297e-11,10.0
1612,21.40928840637207,21.409284591674805,0.022901101037859917,3.666840768801194e-07,0.7717425227165222,0.06162803992629051,0.0002493235806468874,5.452531134930716e-11,10.0
1613,21.371353149414062,21.371349334716797,0.017163844779133797,3.699891806263622e-07,0.7874359488487244,0.050144538283348083,0.0002742201031651348,4.169789860619666e-11,10.0
1614,21.07029914855957,21.070295333862305,0.014112717472016811,3.8548634506696544e-07,0.7799268960952759,0.04863635450601578,0.00033966064802370965,7.084139524993205e-11,10.0
1615,21.277671813964844,21.277666091918945,0.016241516917943954,5.790586214970972e-07,0.7544006109237671,0.08033259212970734,0.0003297280054539442,8.610230584071843e-11,10.0
1616,21.334348678588867,21.33434295654297,0.021363001316785812,4.845250600737927e-07,0.7620840072631836,0.06979597359895706,0.000326645647874102,6.755419834636456e-11,10.0
1617,21.329084396362305,21.32908058166504,0.018370717763900757,4.645526416879875e-07,0.7653206586837769,0.06936819851398468,0.0002589461801107973,1.0895627455820289e-10,10.0
1618,21.49953269958496,21.499528884887695,0.028767013922333717,3.835521056316793e-07,0.7751287221908569,0.0559648722410202,0.00030143340700306,4.531207700719797e-11,10.0
1619,21.367738723754883,21.367733001708984,0.0271269753575325,5.853405582456617e-07,0.7651548981666565,0.06231418624520302,0.0002831569581758231,8.451543631604608e-11,10.0
1620,21.65867042541504,21.65866470336914,0.03226662427186966,5.306330308485485e-07,0.7800683975219727,0.053883012384176254,0.00032148693571798503,9.193262123785573e-11,10.0
1621,21.62801170349121,21.628007888793945,0.03166621923446655,3.9208802604662196e-07,0.7781082391738892,0.05526009947061539,0.00021465674217324704,3.724126562687502e-11,10.0
1622,21.63995933532715,21.639955520629883,0.03205817565321922,4.1486089230602374e-07,0.7891740798950195,0.044221583753824234,0.0003609921259339899,4.574986917083024e-11,10.0
1623,21.265785217285156,21.26578140258789,0.021725133061408997,4.4277294364292175e-07,0.7789618372917175,0.049807604402303696,0.00034156019682995975,8.785126098809215e-11,10.0
1624,21.18729019165039,21.187288284301758,0.017242075875401497,2.72838803994091e-07,0.7750492095947266,0.05510084703564644,0.00024854615912772715,6.601370144965202e-11,10.0
1625,21.16398811340332,21.163986206054688,0.016399595886468887,1.564620077942891e-07,0.7660367488861084,0.06399912387132645,0.0003100068133790046,9.049823390672174e-11,10.0
1626,21.15938377380371,21.159381866455078,0.012142868712544441,1.9583269761369593e-07,0.7739754319190979,0.06013050302863121,0.00031599876820109785,1.0301672015433638e-10,10.0
1627,21.412498474121094,21.412492752075195,0.00896801520138979,6.137925083748996e-07,0.7895953059196472,0.05786440521478653,0.0001798661978682503,1.4314104068713362e-10,10.0
1628,21.226953506469727,21.226938247680664,0.01802058331668377,1.4759564237465383e-06,0.7793576717376709,0.05156130716204643,0.00034503944334574044,7.717831929099361e-11,10.0
1629,21.25023651123047,21.25018310546875,0.01833108626306057,5.269752364256419e-06,0.7699025869369507,0.061668407171964645,0.00026328867534175515,6.899970178553261e-11,10.0
1630,21.15716552734375,21.156896591186523,0.017734332010149956,2.6806714231497608e-05,0.7758743166923523,0.052560027688741684,0.0002680195902939886,8.645080484814827e-11,10.0
1631,21.4805965423584,21.47992706298828,0.02402377873659134,6.703312101308256e-05,0.7695005536079407,0.06555233895778656,0.0003009354695677757,8.206676310740235e-11,10.0
1632,21.25141143798828,21.249740600585938,0.01673540100455284,0.0001671706122579053,0.7667140960693359,0.06643174588680267,0.00027100229635834694,5.605813382936198e-11,10.0
1633,21.260648727416992,21.257715225219727,0.01779218763113022,0.000293419579975307,0.763558566570282,0.06886719912290573,0.00022660207469016314,6.394175466883922e-11,10.0
1634,21.384519577026367,21.381568908691406,0.013491002842783928,0.00029512002947740257,0.7959312200546265,0.045728616416454315,0.00027988964575342834,1.0636091313243057e-10,10.0
1635,21.186338424682617,21.18470001220703,0.014637600630521774,0.00016392911493312567,0.7791313529014587,0.05349703133106232,0.0003051702806260437,9.482600121790696e-11,10.0
1636,21.223703384399414,21.22224235534668,0.01647348888218403,0.00014601004659198225,0.7572669982910156,0.0750114768743515,0.0003445397596806288,9.796414374152462e-11,10.0
1637,21.32923698425293,21.327335357666016,0.015502450987696648,0.00019018141028936952,0.7721285223960876,0.0653492659330368,0.0002827967400662601,8.00623803365319e-11,10.0
1638,21.404001235961914,21.401063919067383,0.013479537330567837,0.0002936864038929343,0.7583693861961365,0.0840844064950943,0.0002731692511588335,9.290031244280073e-11,10.0
1639,21.21129035949707,21.20754051208496,0.01578972116112709,0.0003749564348254353,0.7699548006057739,0.06242494285106659,0.00033028062898665667,6.254262385763099e-11,10.0
1640,21.190853118896484,21.18651008605957,0.014595353044569492,0.0004342863103374839,0.7853683829307556,0.04737578704953194,0.0003022789896931499,1.2014444994434825e-10,10.0
1641,21.048480987548828,21.042036056518555,0.009598580189049244,0.0006444663158617914,0.7851946949958801,0.04679064080119133,0.00024378365196753293,1.340087069090501e-10,10.0
1642,21.127382278442383,21.121864318847656,0.011769435368478298,0.0005518791731446981,0.79000324010849,0.04299157112836838,0.0002759952622000128,1.0408544859341617e-10,10.0
1643,21.278223037719727,21.272842407226562,0.0159186739474535,0.0005379990907385945,0.7937411069869995,0.04115740582346916,0.00024141663743648678,6.649962525084874e-11,10.0
1644,21.24464225769043,21.239412307739258,0.01711260713636875,0.0005229694070294499,0.7864522933959961,0.04590769112110138,0.0002596997655928135,6.383738676563055e-11,10.0
1645,21.24554443359375,21.23828887939453,0.008971324190497398,0.0007255548262037337,0.77754807472229,0.06288646161556244,0.00031428964575752616,7.933007722948915e-11,10.0
1646,21.089765548706055,21.084619522094727,0.008767740800976753,0.0005145383183844388,0.7944455742835999,0.04005933552980423,0.0002801965456455946,8.672500911854897e-11,10.0
1647,21.031347274780273,21.02695655822754,0.009567998349666595,0.0004390405665617436,0.7811018228530884,0.050276387482881546,0.0003299629024695605,7.805720653175641e-11,10.0
1648,21.279569625854492,21.27069664001465,0.014666344970464706,0.0008872505277395248,0.7937119007110596,0.042276762425899506,0.0004320029402151704,7.567613896641845e-11,10.0
1649,21.19096565246582,21.180601119995117,0.012586185708642006,0.0010363844921812415,0.7870010733604431,0.0475042425096035,0.0003313588385935873,6.578648736876858e-11,10.0
1650,21.135408401489258,21.12963104248047,0.008671436458826065,0.0005776764592155814,0.7916380763053894,0.04474291950464249,0.00033207490923814476,6.762313625729988e-11,10.0
1651,21.167749404907227,21.162647247314453,0.010877210646867752,0.0005102253053337336,0.7849106192588806,0.05060423165559769,0.0002846121496986598,9.135971146267963e-11,10.0
1652,21.145139694213867,21.14202308654785,0.009954290464520454,0.00031167000997811556,0.7911816835403442,0.0444425530731678,0.0002559022686909884,1.0114781928693972e-10,10.0
1653,21.174816131591797,21.167844772338867,0.00979725830256939,0.0006971406983211637,0.7961091995239258,0.04067903012037277,0.00032079595257528126,9.096145364706487e-11,10.0
1654,21.119482040405273,21.108827590942383,0.009729934856295586,0.0010654156794771552,0.7927731275558472,0.041715119034051895,0.00033746124245226383,8.324804734449742e-11,10.0
1655,21.16847801208496,21.152021408081055,0.011705340817570686,0.0016456297598779202,0.7923585176467896,0.04187595844268799,0.00035252782981842756,8.903646570024293e-11,10.0
1656,21.19895362854004,21.177082061767578,0.012914981693029404,0.002187191043049097,0.7912226319313049,0.04282888025045395,0.0002919903490692377,1.0187012344786694e-10,10.0
1657,21.3652400970459,21.330183029174805,0.015240577980875969,0.003505717497318983,0.7768645882606506,0.06094440445303917,0.0003943503834307194,6.587808770719406e-11,10.0
1658,21.403383255004883,21.36560821533203,0.015790674835443497,0.0037774855736643076,0.7638919949531555,0.07480534166097641,0.0003406233445275575,1.1266814564647731e-10,10.0
1659,21.35484504699707,21.336206436157227,0.01532839611172676,0.0018637881148606539,0.7649484276771545,0.07306220382452011,0.00027311680605635047,9.71958347140145e-11,10.0
1660,21.20972442626953,21.19593620300293,0.01128678023815155,0.0013788326177746058,0.7769225835800171,0.05952024459838867,0.0002694200666155666,1.328769316799594e-10,10.0
1661,21.173175811767578,21.164264678955078,0.009179847314953804,0.0008910450851544738,0.7712658643722534,0.06601285934448242,0.00028005451895296574,6.72939343138168e-11,10.0
1662,21.137962341308594,21.132396697998047,0.01160940807312727,0.0005566107574850321,0.7799398899078369,0.053619835525751114,0.00031688070157542825,7.934943674348105e-11,10.0
1663,21.4669132232666,21.45722007751465,0.014627985656261444,0.0009693537140265107,0.7741397023200989,0.06941715627908707,0.0002597163838800043,7.207173746692774e-11,10.0
1664,21.58521842956543,21.568580627441406,0.015181249938905239,0.0016637372318655252,0.7690348029136658,0.07839622348546982,0.0003273097099736333,7.3652042797967e-11,10.0
1665,21.313358306884766,21.285789489746094,0.013750039041042328,0.0027568566147238016,0.7728210687637329,0.06478114426136017,0.00019834325939882547,4.1807692724438184e-11,10.0
1666,21.580402374267578,21.545019149780273,0.02286374568939209,0.0035383072681725025,0.7969017624855042,0.041890837252140045,0.000360856152838096,6.667025265194582e-11,10.0
1667,21.647705078125,21.598773956298828,0.019560441374778748,0.004893111065030098,0.7741481065750122,0.07012979686260223,0.0002815233019646257,8.230835457645469e-11,10.0
1668,21.478473663330078,21.4320011138916,0.021453415974974632,0.004647304303944111,0.776565432548523,0.05912633240222931,0.0003372431092429906,7.864123935386047e-11,10.0
1669,22.121814727783203,22.077072143554688,0.024379214271903038,0.004474247805774212,0.7512824535369873,0.10728461295366287,0.0003416569670662284,7.179412619962022e-11,10.0
1670,22.251876831054688,22.21402359008789,0.021864833310246468,0.0037852299865335226,0.7542026042938232,0.11237438023090363,0.0002977828262373805,1.1667211641253061e-10,10.0
1671,21.43311309814453,21.404773712158203,0.016935018822550774,0.0028338590636849403,0.7625390291213989,0.07662119716405869,0.00023908697767183185,7.297165649511328e-11,10.0
1672,22.116743087768555,22.097768783569336,0.030142970383167267,0.0018974840641021729,0.771012544631958,0.08264940232038498,0.00026460265507921576,5.103131459072152e-11,10.0
1673,21.71293067932129,21.69322967529297,0.02810007706284523,0.001970085082575679,0.7864547967910767,0.05304344370961189,0.0003273492038715631,6.583796702264166e-11,10.0
1674,21.546005249023438,21.526819229125977,0.026687853038311005,0.001918578869663179,0.7928167581558228,0.04148644581437111,0.0002043513668468222,9.365131586891451e-11,10.0
1675,21.63889503479004,21.607885360717773,0.030651740729808807,0.003101050155237317,0.790051281452179,0.04351561889052391,0.00024209987896028906,4.6903956413268943e-11,10.0
1676,22.023176193237305,21.991256713867188,0.03854664787650108,0.0031920343171805143,0.7878589034080505,0.05313514545559883,0.00027398052043281496,3.768369644108205e-11,10.0
1677,22.065446853637695,22.026782989501953,0.04265516623854637,0.0038663893938064575,0.7899118065834045,0.04837444797158241,0.00032454312895424664,9.13594963569686e-11,10.0
1678,22.048608779907227,22.015270233154297,0.040517233312129974,0.0033337960485368967,0.8032665848731995,0.03668708726763725,0.00034982687793672085,4.87104245827652e-11,10.0
1679,22.720407485961914,22.69666862487793,0.03793342411518097,0.0023738346062600613,0.7662252187728882,0.10355555266141891,0.00038152027991600335,6.833076465762034e-11,10.0
1680,22.798110961914062,22.771730422973633,0.040795646607875824,0.0026379977352917194,0.7656617760658264,0.10428313165903091,0.0003215444157831371,8.19237039317855e-11,10.0
1681,22.088031768798828,22.086484909057617,0.028281457722187042,0.00015473499661311507,0.7765464186668396,0.07853326946496964,0.00024563397164456546,4.946043227760377e-11,10.0
1682,21.622634887695312,21.605741500854492,0.022894563153386116,0.0016892855055630207,0.7940276861190796,0.04718826338648796,0.0002976901305373758,9.1448647265846e-11,10.0
1683,22.03982925415039,22.018712997436523,0.029585499316453934,0.002111682202666998,0.7846028804779053,0.0664614662528038,0.00024654102162458,6.943162017547522e-11,10.0
1684,22.091182708740234,22.079710006713867,0.0336243100464344,0.0011473436607047915,0.816238522529602,0.03322165831923485,0.00025950639974325895,7.358946785274156e-11,10.0
1685,22.42063331604004,22.41456413269043,0.04180534556508064,0.0006068290676921606,0.8316160440444946,0.023042112588882446,0.0002975962997879833,5.242666717419908e-11,10.0
1686,22.148151397705078,22.143497467041016,0.043331846594810486,0.00046542982454411685,0.808747410774231,0.03353287652134895,0.0003194086893927306,3.652647628804573e-11,10.0
1687,22.285747528076172,22.256921768188477,0.047089844942092896,0.002882525557652116,0.8139522075653076,0.029081961140036583,0.0003821611462626606,6.390001028311332e-11,10.0
1688,22.31595230102539,22.255979537963867,0.043383777141571045,0.005997218657284975,0.801496684551239,0.04521561041474342,0.000357817072654143,5.412054138176359e-11,10.0
1689,22.008647918701172,21.96623992919922,0.044776421040296555,0.004240785259753466,0.788402259349823,0.04536060616374016,0.0002758088521659374,5.8169850880585017e-11,10.0
1690,21.99679946899414,21.970991134643555,0.040563687682151794,0.0025807791389524937,0.7888772487640381,0.04928509145975113,0.0002839228545781225,4.550514826062724e-11,10.0
1691,22.029312133789062,21.91695213317871,0.032325856387615204,0.011236025020480156,0.7857588529586792,0.05845959857106209,0.00033459588303230703,5.135406336287396e-11,10.0
1692,21.882179260253906,21.772930145263672,0.022880002856254578,0.01092496607452631,0.7796104550361633,0.06832587718963623,0.0002521045971661806,8.162828746272055e-11,10.0
1693,21.50455665588379,21.491527557373047,0.026347219944000244,0.001302823075093329,0.773953378200531,0.05925329774618149,0.0002678982855286449,2.6943449207839087e-11,10.0
1694,22.262128829956055,22.17999267578125,0.027309324592351913,0.008213639259338379,0.7649200558662415,0.09484001249074936,0.000325818924466148,5.588947360468666e-11,10.0
1695,22.04637908935547,21.932353973388672,0.032036542892456055,0.011402449570596218,0.767851710319519,0.07729776948690414,0.0002704354119487107,6.514832423532013e-11,10.0
1696,22.468053817749023,22.3621883392334,0.049750324338674545,0.010586628690361977,0.7739524841308594,0.07064580917358398,0.00034734304063022137,6.098754834482634e-11,10.0
1697,22.447891235351562,22.400968551635742,0.0591956302523613,0.004692180547863245,0.7912696003913879,0.04547576233744621,0.00024437755928374827,7.503428434141313e-11,10.0
1698,22.56528663635254,22.549272537231445,0.06590663641691208,0.0016014666762202978,0.7942435145378113,0.0417126901447773,0.00027001663693226874,1.1840811664498574e-10,10.0
1699,22.79231834411621,22.78249740600586,0.07411627471446991,0.0009821243584156036,0.79646897315979,0.040620461106300354,0.00023556652013212442,7.505167320953632e-11,10.0
1700,23.49022674560547,23.46735191345215,0.06662437319755554,0.002287439303472638,0.8062666654586792,0.0656786635518074,0.0003110149409621954,9.355495544927095e-11,10.0
1701,22.82897186279297,22.818994522094727,0.05780733376741409,0.0009977909503504634,0.7679749131202698,0.08688633888959885,0.0002279175678268075,5.570607863880639e-11,10.0
1702,22.49311637878418,22.487661361694336,0.04468926787376404,0.0005455451318994164,0.766961932182312,0.08769237250089645,0.00040733348578214645,5.17379958320241e-11,10.0
1703,22.062664031982422,22.04339027404785,0.022920481860637665,0.001927307341247797,0.7833966016769409,0.07533691078424454,0.00020416313782334328,2.741370672132426e-11,10.0
1704,22.051158905029297,22.03257942199707,0.023472007364034653,0.001857997733168304,0.7645375728607178,0.09318744391202927,0.0002653402916621417,5.061850244514332e-11,10.0
1705,21.783418655395508,21.77149772644043,0.02591501921415329,0.0011920110555365682,0.7992509007453918,0.04559013620018959,0.000259775115409866,7.764849874192237e-11,10.0
1706,22.125234603881836,22.114835739135742,0.045666951686143875,0.0010397913865745068,0.797355592250824,0.04142669960856438,0.00036043673753738403,6.53871193301292e-11,10.0
1707,22.492856979370117,22.492809295654297,0.056620657444000244,4.862525202042889e-06,0.8151888251304626,0.0277879498898983,0.00028746656607836485,8.203179108212666e-11,10.0
1708,23.212337493896484,23.209999084472656,0.08395972847938538,0.00023385696113109589,0.7994793057441711,0.04487619176506996,0.0002118980191880837,8.34344746070137e-11,10.0
1709,23.288373947143555,23.28653907775879,0.08046627789735794,0.00018348768935538828,0.7843278646469116,0.06657108664512634,0.00024063805176410824,7.71099156748889e-11,10.0
1710,23.313562393188477,23.312124252319336,0.08502195030450821,0.0001437380415154621,0.7983280420303345,0.04904439300298691,0.00022640969837084413,8.47786632562908e-11,10.0
1711,22.803985595703125,22.80281639099121,0.05642787367105484,0.0001168368908111006,0.7628170251846313,0.09272722154855728,0.0003515194111969322,6.330538177001799e-11,10.0
1712,22.046443939208984,22.045026779174805,0.04321266710758209,0.00014162706793285906,0.7856647968292236,0.052825234830379486,0.0002458809467498213,9.287658142564936e-11,10.0
1713,21.942182540893555,21.94085121154785,0.0354902446269989,0.0001331736712018028,0.7851744294166565,0.0568363182246685,0.0003326291043777019,8.260098854906417e-11,10.0
1714,21.86313819885254,21.862024307250977,0.04125438258051872,0.00011141027061967179,0.7894487380981445,0.04367027059197426,0.00026904590777121484,6.437350652532814e-11,10.0
1715,21.8847599029541,21.8829345703125,0.04073016345500946,0.0001825137878768146,0.7969728112220764,0.03749473765492439,0.00029917791835032403,4.8038680672268796e-11,10.0
1716,21.73599624633789,21.733963012695312,0.03029734082520008,0.00020327160018496215,0.7823411226272583,0.056611496955156326,0.0002714824804570526,4.011671550507856e-11,10.0
1717,21.915706634521484,21.9132080078125,0.0346822515130043,0.00024985705385915935,0.7951663732528687,0.046579595655202866,0.0002502657298464328,5.250281806534751e-11,10.0
1718,21.956575393676758,21.954113006591797,0.037658918648958206,0.00024632932036183774,0.7770054936408997,0.06335655599832535,0.00035892389132641256,5.692622068176334e-11,10.0
1719,21.907102584838867,21.905113220214844,0.033897385001182556,0.00019894089200533926,0.7872313857078552,0.054913438856601715,0.00040586991235613823,6.736795149508978e-11,10.0
1720,21.4699649810791,21.468135833740234,0.0269335750490427,0.00018284376710653305,0.7814446687698364,0.050216007977724075,0.00032787828240543604,4.8014613118763094e-11,10.0
1721,21.55253791809082,21.550949096679688,0.019130121916532516,0.00015884412277955562,0.8078506588935852,0.034933727234601974,0.0003087498771492392,6.147209130613618e-11,10.0
1722,21.394840240478516,21.39351463317871,0.019967878237366676,0.00013253861106932163,0.7819551825523376,0.053721893578767776,0.0002389238215982914,7.123018841426187e-11,10.0
1723,21.344623565673828,21.34354591369629,0.016832469031214714,0.00010775681585073471,0.7933703660964966,0.04344527795910835,0.00023430644068866968,5.143168876897697e-11,10.0
1724,21.225269317626953,21.224233627319336,0.01725831627845764,0.00010365059279138222,0.7959557175636292,0.035650186240673065,0.00026278337463736534,3.327524367158219e-11,10.0
1725,21.44068145751953,21.43961524963379,0.021082431077957153,0.00010670608025975525,0.7814601063728333,0.05493400990962982,0.0002700129698496312,8.830386422076231e-11,10.0
1726,21.37937355041504,21.378198623657227,0.020666023716330528,0.00011747383541660383,0.7661500573158264,0.06818104535341263,0.0003269346198067069,5.999311464277568e-11,10.0
1727,21.579418182373047,21.57818031311035,0.025187866762280464,0.00012386268645059317,0.7862829566001892,0.051553983241319656,0.0002561646106187254,6.394922785757373e-11,10.0
1728,21.40709114074707,21.40578269958496,0.023674234747886658,0.00013081121142022312,0.7665820717811584,0.06586648523807526,0.0002711427805479616,8.572268589412957e-11,10.0
1729,21.34779930114746,21.346452713012695,0.01844298094511032,0.00013461704656947404,0.7971025109291077,0.03817575052380562,0.00034211811725981534,7.636414417477866e-11,10.0
1730,21.209806442260742,21.208969116210938,0.019972527399659157,8.38160704006441e-05,0.7818813323974609,0.04638640210032463,0.00029621741850860417,6.040760947012558e-11,10.0
1731,21.51871681213379,21.517963409423828,0.02244298905134201,7.532337622251362e-05,0.7966317534446716,0.04151405766606331,0.00032424123492091894,6.845685823764214e-11,10.0
1732,21.35391616821289,21.352846145629883,0.017481954768300056,0.00010705660679377615,0.7964849472045898,0.04004769027233124,0.0002480751136317849,1.0049262116895719e-10,10.0
1733,21.15940284729004,21.158451080322266,0.013076653704047203,9.517907164990902e-05,0.7653652429580688,0.06778144836425781,0.00028694808133877814,8.221320152435041e-11,10.0
1734,21.084035873413086,21.083206176757812,0.013019668869674206,8.305034134536982e-05,0.7859634160995483,0.04424958676099777,0.00023900024825707078,8.34332394838988e-11,10.0
1735,21.25008773803711,21.249338150024414,0.020198065787553787,7.499825005652383e-05,0.7693291306495667,0.060327474027872086,0.00029707024805247784,5.586687015779468e-11,10.0
1736,21.251501083374023,21.250795364379883,0.017875635996460915,7.049540727166459e-05,0.7605499029159546,0.07148440927267075,0.0003046722267754376,3.96348023845583e-11,10.0
1737,21.36225700378418,21.361591339111328,0.016732683405280113,6.657322956016287e-05,0.7641023397445679,0.07354307174682617,0.00021372245100792497,4.716523699377362e-11,10.0
1738,21.394451141357422,21.393592834472656,0.017602959647774696,8.58564380905591e-05,0.7530409693717957,0.08498047292232513,0.0002982114383485168,6.046918521462885e-11,10.0
1739,21.324058532714844,21.32331085205078,0.02224167250096798,7.47677477193065e-05,0.7736090421676636,0.05694957077503204,0.00033061098656617105,4.50329530610194e-11,10.0
1740,21.236236572265625,21.235578536987305,0.01991432160139084,6.577237218152732e-05,0.7713643312454224,0.05803060531616211,0.00028453022241592407,3.9861402373331245e-11,10.0
1741,21.211700439453125,21.210996627807617,0.018680281937122345,7.033137080725282e-05,0.764663577079773,0.06496290862560272,0.0003327691520098597,6.760127874150257e-11,10.0
1742,21.120820999145508,21.12016487121582,0.014951237477362156,6.565148214576766e-05,0.7699168920516968,0.05982401221990585,0.0002861668181139976,7.516194611145721e-11,10.0
1743,21.164596557617188,21.163888931274414,0.014528847299516201,7.067748083500192e-05,0.7710679769515991,0.0608171708881855,0.0003538931196089834,6.689725856601214e-11,10.0
1744,21.20225715637207,21.20134925842285,0.011185875162482262,9.070279338629916e-05,0.7888993620872498,0.0478481650352478,0.0003012468514498323,5.555965409964614e-11,10.0
1745,21.460079193115234,21.458953857421875,0.014626430347561836,0.00011253090633545071,0.7680560350418091,0.07553065568208694,0.00036263689980842173,3.7216410508911224e-11,10.0
1746,21.451297760009766,21.45005226135254,0.008698361925780773,0.00012462925224099308,0.7761523127555847,0.07305829972028732,0.0002327055553905666,9.308097348448285e-11,10.0
1747,21.248510360717773,21.247135162353516,0.011097910813987255,0.000137430673930794,0.7816393375396729,0.057033464312553406,0.00028665337595157325,5.692517290878385e-11,10.0
1748,21.113037109375,21.111665725708008,0.014650695957243443,0.00013710558414459229,0.7673762440681458,0.06232588738203049,0.0002844522241503,3.2487141449211165e-11,10.0
1749,21.154787063598633,21.153610229492188,0.010759154334664345,0.00011768315744120628,0.779140055179596,0.056158099323511124,0.00021777894289698452,7.130267209998209e-11,10.0
1750,21.070087432861328,21.06838607788086,0.013114972971379757,0.00017013642354868352,0.7697368860244751,0.05979587882757187,0.00021921657025814056,7.489646403069372e-11,10.0
1751,21.179553985595703,21.17774772644043,0.012286613695323467,0.0001806561922421679,0.785727322101593,0.04896682873368263,0.0003229597641620785,5.221232474150739e-11,10.0
1752,21.237342834472656,21.23548698425293,0.017072830349206924,0.00018552430265117437,0.7664985656738281,0.0657212883234024,0.0003169327974319458,5.6741195075815654e-11,10.0
1753,21.192014694213867,21.189870834350586,0.014294150285422802,0.0002143148158211261,0.7827932238578796,0.05040455609560013,0.000257332983892411,9.814712931266456e-11,10.0
1754,21.17292022705078,21.170127868652344,0.015332687646150589,0.0002793199382722378,0.779621958732605,0.051731228828430176,0.00029784603975713253,9.649461785166125e-11,10.0
1755,21.17757225036621,21.17411994934082,0.010812883265316486,0.00034514148137532175,0.7695793509483337,0.06647540628910065,0.00024292008311022073,3.380928523255555e-11,10.0
1756,21.225170135498047,21.221725463867188,0.011767251417040825,0.0003444605099502951,0.7604513168334961,0.07657710462808609,0.0001832234120229259,5.962882965171445e-11,10.0
1757,21.088577270507812,21.084741592407227,0.013086910359561443,0.00038348499219864607,0.7690049409866333,0.06119019165635109,0.00026884113322012126,7.379878652624683e-11,10.0
1758,21.090967178344727,21.087875366210938,0.014100038446485996,0.0003091395483352244,0.7684249877929688,0.06088737025856972,0.0002565717149991542,4.736039685426796e-11,10.0
1759,21.108943939208984,21.106069564819336,0.012441905215382576,0.00028735000523738563,0.7775036692619324,0.05419471114873886,0.0002561745932325721,6.004526736935745e-11,10.0
1760,21.281105041503906,21.278345108032227,0.012484239414334297,0.00027595311985351145,0.7734041213989258,0.06516285240650177,0.00020662388124037534,5.3362259055944605e-11,10.0
1761,21.365001678466797,21.36258316040039,0.012991868890821934,0.0002419173833914101,0.7600436806678772,0.08135290443897247,0.000287057482637465,7.798160034377943e-11,10.0
1762,21.065357208251953,21.063159942626953,0.009672681801021099,0.0002197728172177449,0.7781110405921936,0.054666366428136826,0.00019080481433775276,7.539016633195672e-11,10.0
1763,21.197378158569336,21.19499969482422,0.01036069355905056,0.0002379072248004377,0.7827934622764587,0.0545562319457531,0.00022411941608879715,7.124052042728479e-11,10.0
1764,21.195791244506836,21.193275451660156,0.011996873654425144,0.00025156259653158486,0.7855532169342041,0.05005716159939766,0.00030949883512221277,2.484505483291155e-11,10.0
1765,21.388877868652344,21.386550903320312,0.012696582823991776,0.00023261320893652737,0.7916364669799805,0.05100554600358009,0.00030839917599223554,6.178971917458753e-11,10.0
1766,21.388072967529297,21.385744094848633,0.012915336526930332,0.0002329115231987089,0.7949188351631165,0.04746653139591217,0.00032281677704304457,1.0531001765068382e-10,10.0
1767,21.04692268371582,21.044809341430664,0.00813561026006937,0.00021129241213202477,0.7911960482597351,0.042357321828603745,0.0002584616595413536,4.301194816980214e-11,10.0
1768,21.311243057250977,21.309606552124023,0.010090717114508152,0.00016367317584808916,0.7822781801223755,0.05992983281612396,0.00021378655219450593,7.5234027341331e-11,10.0
1769,21.25510025024414,21.253402709960938,0.0109435198828578,0.0001697107363725081,0.7917781472206116,0.04728773608803749,0.000316555640893057,3.988311070290962e-11,10.0
1770,21.124731063842773,21.123214721679688,0.010273606516420841,0.00015167436504270881,0.7975072264671326,0.03701592981815338,0.0003296379290986806,4.564166405929271e-11,10.0
1771,21.021469116210938,21.02016258239746,0.009397536516189575,0.00013056308671366423,0.7846117615699768,0.0466654971241951,0.00032933519105426967,6.44622411005713e-11,10.0
1772,21.107479095458984,21.106189727783203,0.007949015125632286,0.00012895165127702057,0.790126621723175,0.046052560210227966,0.0002985828323289752,7.92824000894754e-11,10.0
1773,21.144020080566406,21.142711639404297,0.009187711402773857,0.00013076145842205733,0.7879658341407776,0.04846346750855446,0.00022869456734042615,8.044217375546836e-11,10.0
1774,21.17847442626953,21.17693519592285,0.012484898790717125,0.00015389533655252308,0.7815139889717102,0.05297423154115677,0.0002606749767437577,3.9148531638666384e-11,10.0
1775,21.039445877075195,21.038055419921875,0.012627772055566311,0.00013898963516112417,0.7725840210914612,0.05621882528066635,0.00022901904594618827,5.7756396887320705e-11,10.0
1776,20.994665145874023,20.99342155456543,0.01131509430706501,0.00012439239071682096,0.7604273557662964,0.06788365542888641,0.00027695964672602713,4.682128643129779e-11,10.0
1777,21.134700775146484,21.134340286254883,0.010393768548965454,3.6135115806246176e-05,0.7709907293319702,0.06389372050762177,0.00023841056099627167,7.389663880807973e-11,10.0
1778,20.92975616455078,20.928590774536133,0.00968365278095007,0.00011653423280222341,0.7778850793838501,0.04947369173169136,0.00025292494683526456,7.060107359846413e-11,10.0
1779,21.05467987060547,21.05329132080078,0.007794050965458155,0.00013876469165552408,0.7837570309638977,0.05047456920146942,0.0002651782415341586,8.825958713876147e-11,10.0
1780,21.175878524780273,21.174278259277344,0.010370620526373386,0.00016010249964892864,0.7836436629295349,0.05285384878516197,0.0002574748359620571,6.434421745415975e-11,10.0
1781,20.947223663330078,20.94558334350586,0.008841145783662796,0.00016402514302171767,0.7749660611152649,0.05390359088778496,0.00028132458101026714,7.468226731477401e-11,10.0
1782,21.204452514648438,21.2029972076416,0.0093886349350214,0.00014557686517946422,0.7935848832130432,0.04502858966588974,0.00029438131605274975,8.977009413602133e-11,10.0
1783,21.143383026123047,21.141939163208008,0.011888502165675163,0.0001443822548026219,0.7837852239608765,0.04988499730825424,0.0002969310444314033,7.847147237560748e-11,10.0
1784,21.045425415039062,21.04381561279297,0.007172159850597382,0.00016105420945677906,0.7787476778030396,0.05573314428329468,0.0002488829486537725,3.931721614947037e-11,10.0
1785,20.977977752685547,20.97591209411621,0.009376928210258484,0.00020653365936595947,0.782648503780365,0.04691615328192711,0.00023748906096443534,7.531093804136191e-11,10.0
1786,21.08927345275879,21.087106704711914,0.011461642570793629,0.000216655433177948,0.7811515927314758,0.050742994993925095,0.0003199840721208602,5.438663408519062e-11,10.0
1787,20.96010971069336,20.95775604248047,0.009628884494304657,0.00023542808776255697,0.770487368106842,0.058091096580028534,0.0002570578071754426,5.912341449754166e-11,10.0
1788,21.16042709350586,21.157215118408203,0.009314099326729774,0.00032115154317580163,0.7650758028030396,0.07180522382259369,0.00023362624051515013,3.644262322466396e-11,10.0
1789,21.570188522338867,21.56682777404785,0.011093351058661938,0.0003361354465596378,0.7597663402557373,0.09171145409345627,0.00025492210988886654,4.0665998346511856e-11,10.0
1790,20.983989715576172,20.980316162109375,0.0096062570810318,0.00036737576010636985,0.7778237462043762,0.05166630446910858,0.0002908520691562444,7.675587249122984e-11,10.0
1791,21.01232147216797,21.008899688720703,0.008385330438613892,0.000342133134836331,0.7791845798492432,0.05266527459025383,0.0003020309377461672,6.223677823102847e-11,10.0
1792,21.106801986694336,21.103723526000977,0.009468089789152145,0.0003077554574701935,0.7563990354537964,0.07816178351640701,0.0003002793819177896,7.150424002899669e-11,10.0
1793,21.048505783081055,21.045555114746094,0.008859475143253803,0.00029509468004107475,0.7756265997886658,0.05724019929766655,0.0002398218057351187,4.506135048432114e-11,10.0
1794,21.01771354675293,21.009258270263672,0.00698500219732523,0.000845536997076124,0.7877836227416992,0.04549761116504669,0.00026013777824118733,6.169360855512451e-11,10.0
1795,20.898069381713867,20.889753341674805,0.008076153695583344,0.0008316300227306783,0.7747517824172974,0.052669458091259,0.0002317107137059793,1.5817428963837976e-11,10.0
1796,20.926389694213867,20.918161392211914,0.00647140434011817,0.0008228060905821621,0.76639324426651,0.06378046423196793,0.00020324172510299832,6.381851991310583e-11,10.0
1797,21.063339233398438,21.05130386352539,0.008652920834720135,0.0012035607360303402,0.7953948378562927,0.03788812458515167,0.0002906355366576463,6.254934070692997e-11,10.0
1798,20.95870590209961,20.940683364868164,0.007709980942308903,0.001802184502594173,0.7722561955451965,0.05754927918314934,0.0002797467459458858,7.666028922770352e-11,10.0
1799,21.12370491027832,21.113601684570312,0.00983826071023941,0.001010282663628459,0.7674688696861267,0.06713177263736725,0.00026280569727532566,5.464155863887932e-11,10.0
1800,21.132049560546875,21.124773025512695,0.007375842425972223,0.0007277063559740782,0.7866783142089844,0.05084346607327461,0.0002330033457837999,6.813181269160751e-11,10.0
1801,21.135202407836914,21.11924934387207,0.009643939323723316,0.0015952378744259477,0.7613493800163269,0.07366214692592621,0.00028618096257559955,6.29845064992196e-11,10.0
1802,21.36495018005371,21.295799255371094,0.00868457742035389,0.006915085483342409,0.7684033513069153,0.0746358335018158,0.0002705806109588593,6.566468202517939e-11,10.0
1803,21.026153564453125,20.95718765258789,0.007885932922363281,0.006896650418639183,0.7798787355422974,0.0504077784717083,0.00028762686997652054,8.676844659438743e-11,10.0
1804,21.118074417114258,21.069602966308594,0.009855847805738449,0.004847054835408926,0.7865908145904541,0.04622017964720726,0.0002931470808107406,7.954152614342291e-11,10.0
1805,21.15288543701172,21.118839263916016,0.009610513225197792,0.0034045460633933544,0.7819467782974243,0.05310859903693199,0.00021919864229857922,4.075996831720552e-11,10.0
1806,21.438282012939453,21.434452056884766,0.015164244920015335,0.00038303405744954944,0.7779342532157898,0.06412798911333084,0.0003790853079408407,4.4599678117318575e-11,10.0
1807,21.519023895263672,21.485488891601562,0.01287003606557846,0.003353490261361003,0.7711354494094849,0.07530296593904495,0.00027766372659243643,5.649383738592917e-11,10.0
1808,21.282669067382812,21.219863891601562,0.011593980714678764,0.006280513945966959,0.7799627184867859,0.05711345002055168,0.0003111167752649635,7.38850508552602e-11,10.0
1809,21.24699592590332,21.175443649291992,0.0110113974660635,0.007155145052820444,0.7934886813163757,0.04241158813238144,0.000265125505393371,4.947483048245438e-11,10.0
1810,21.122140884399414,21.037355422973633,0.0116806048899889,0.008478612639009953,0.7691584229469299,0.06055373325943947,0.0002536284737288952,4.3663007237570994e-11,10.0
1811,21.698135375976562,21.641891479492188,0.010282711125910282,0.0056243096478283405,0.7869754433631897,0.06830696761608124,0.0002762030635494739,8.532431011731845e-11,10.0
1812,21.244043350219727,21.211435317993164,0.014203803613781929,0.0032608802430331707,0.7807894945144653,0.05334416776895523,0.00029977186932228506,6.394400980935799e-11,10.0
1813,22.16311264038086,22.141489028930664,0.014458836987614632,0.002162277465686202,0.7592023611068726,0.11187399178743362,0.0003109032695647329,7.425878661981855e-11,10.0
1814,22.332590103149414,22.316814422607422,0.015520317479968071,0.0015776396030560136,0.7489078044891357,0.12814338505268097,0.0002526688331272453,2.1409077635703433e-11,10.0
1815,21.529926300048828,21.522966384887695,0.013312754221260548,0.0006960476166568696,0.7773391008377075,0.07017423212528229,0.00023127654276322573,1.0209246642522984e-10,10.0
1816,21.439865112304688,21.427757263183594,0.015018490143120289,0.001210766495205462,0.7812150120735168,0.060769472271203995,0.00026836010511033237,6.518743878025646e-11,10.0
1817,21.41170883178711,21.39558982849121,0.010323990136384964,0.001611808780580759,0.8008967638015747,0.04452991485595703,0.00018225375970359892,7.279191138742647e-11,10.0
1818,21.63253402709961,21.58979606628418,0.01647663116455078,0.0042737447656691074,0.7920206785202026,0.05496988072991371,0.0003118916356470436,5.319369597578394e-11,10.0
1819,21.752769470214844,21.721261978149414,0.02567603811621666,0.0031508146785199642,0.7916657328605652,0.05140376836061478,0.0002623711188789457,3.3077492134214737e-11,10.0
1820,22.092304229736328,22.070634841918945,0.03019612468779087,0.0021670060232281685,0.7986075282096863,0.05391918867826462,0.00025622762041166425,5.884120968246975e-11,10.0
1821,21.902828216552734,21.845849990844727,0.033429935574531555,0.005697738844901323,0.7997739911079407,0.040512777864933014,0.0002930999908130616,7.961977604997728e-11,10.0
1822,22.26386833190918,22.178470611572266,0.04295492544770241,0.008539815433323383,0.7814657092094421,0.06263291090726852,0.0002133274101652205,7.228586479390842e-11,10.0
1823,22.8253173828125,22.780946731567383,0.05251948535442352,0.004437100607901812,0.781262218952179,0.07735008746385574,0.00026526948204264045,3.61821649030869e-11,10.0
1824,21.893465042114258,21.868139266967773,0.039643265306949615,0.0025325966998934746,0.7945597171783447,0.04044819623231888,0.00018594095308799297,6.826338105891949e-11,10.0
1825,22.442119598388672,22.431777954101562,0.06219276785850525,0.0010342022869735956,0.8008251190185547,0.03416930139064789,0.00020978540123905987,4.6929831548636614e-11,10.0
1826,22.47427749633789,22.463342666625977,0.05992068350315094,0.0010935262544080615,0.7986847162246704,0.039809826761484146,0.0002963900624308735,6.493389853590159e-11,10.0
1827,21.83097267150879,21.802915573120117,0.034563206136226654,0.0028057091403752565,0.8053082823753357,0.03214002400636673,0.0002627091307658702,5.179460332849217e-11,10.0
1828,21.898941040039062,21.830581665039062,0.03817671537399292,0.006836014334112406,0.7994989156723022,0.035450272262096405,0.00024342133838217705,1.8672386553619802e-11,10.0
1829,22.95799446105957,22.848129272460938,0.055892348289489746,0.010986576788127422,0.7682217359542847,0.08969716727733612,0.0002847944269888103,5.6998048642009636e-11,10.0
1830,22.533153533935547,22.45171356201172,0.049715347588062286,0.008144061081111431,0.775642991065979,0.07262701541185379,0.00020797971228603274,7.477082841766958e-11,10.0
1831,21.723434448242188,21.67992401123047,0.027076801285147667,0.004351046867668629,0.7665770053863525,0.07343721389770508,0.00026498132501728833,5.0469066426028775e-11,10.0
1832,21.63554573059082,21.630887985229492,0.026619695127010345,0.0004657279350794852,0.7879865765571594,0.05053029954433441,0.0002472634078003466,1.9633052128487094e-11,10.0
1833,22.16982078552246,22.116334915161133,0.03725369647145271,0.005348678212612867,0.7823250889778137,0.06496399641036987,0.0002764885139185935,5.908834532775131e-11,10.0
1834,21.867919921875,21.774425506591797,0.035389576107263565,0.009349435567855835,0.7843570709228516,0.05114159360527992,0.00022198371880222112,4.1869518269122e-11,10.0
1835,21.6982479095459,21.62220001220703,0.023262588307261467,0.007604820653796196,0.7852602601051331,0.05628235265612602,0.00020718119048979133,4.443788392816117e-11,10.0
1836,21.62571907043457,21.623014450073242,0.025791265070438385,0.0002704771177377552,0.7979578375816345,0.04106194153428078,0.0002739431511145085,4.629436764491679e-11,10.0
1837,21.515405654907227,21.498899459838867,0.02386334165930748,0.001650530961342156,0.7905055284500122,0.04550103098154068,0.00021523215400520712,6.719598488746925e-11,10.0
1838,21.836421966552734,21.81606674194336,0.021787066012620926,0.002035530051216483,0.821205735206604,0.029555166140198708,0.00023681198945268989,6.009749642377216e-11,10.0
1839,21.29425048828125,21.27220344543457,0.01891562156379223,0.002204637508839369,0.787423312664032,0.04446156695485115,0.00021888891933485866,6.088735765574782e-11,10.0
1840,21.36800193786621,21.351991653442383,0.016575925052165985,0.0016009839018806815,0.7822481989860535,0.055179741233587265,0.00018949038349092007,5.201799060938761e-11,10.0
1841,21.266918182373047,21.25023651123047,0.016482755541801453,0.0016681421548128128,0.7783498764038086,0.05506794527173042,0.00027203300851397216,4.267710143612824e-11,10.0
1842,21.89773941040039,21.887588500976562,0.025296147912740707,0.0010151761816814542,0.7678127288818359,0.08229043334722519,0.00026045096456073225,2.9952044316994275e-11,10.0
1843,21.4686279296875,21.464080810546875,0.022277655079960823,0.0004547962744254619,0.7698516845703125,0.06635360419750214,0.00020065948774572462,2.6200666636277958e-11,10.0
1844,21.395158767700195,21.39061164855957,0.022427204996347427,0.00045465645962394774,0.7791234254837036,0.053985998034477234,0.0002194774424424395,2.553556151252412e-11,10.0
1845,21.27408218383789,21.270442962646484,0.019920406863093376,0.00036398813244886696,0.7829336524009705,0.047850631177425385,0.0002825709234457463,4.676720122276379e-11,10.0
1846,21.637802124023438,21.63462257385254,0.02132115699350834,0.0003180265484843403,0.7731792330741882,0.07079977542161942,0.0002116759424097836,3.611702256711702e-11,10.0
1847,21.492284774780273,21.4888916015625,0.024241207167506218,0.0003393982187844813,0.7843135595321655,0.05087001249194145,0.00032739294692873955,2.4043152885289132e-11,10.0
1848,21.45667839050293,21.45379066467285,0.021084869280457497,0.00028885056963190436,0.7848712801933289,0.05209473893046379,0.0002518148103263229,3.61555264893898e-11,10.0
1849,21.588973999023438,21.58858871459961,0.022991228848695755,3.860559445456602e-05,0.7752813696861267,0.06517530232667923,0.0002389333676546812,3.17341292133122e-11,10.0
1850,21.808673858642578,21.805858612060547,0.02703893929719925,0.00028156404732726514,0.7743788957595825,0.07072234153747559,0.00023541446716990322,4.9139990687674384e-11,10.0
1851,21.69895362854004,21.695579528808594,0.025386657565832138,0.0003374979132786393,0.7878307700157166,0.05451922118663788,0.00021655690215993673,5.224477794829596e-11,10.0
1852,21.6001033782959,21.596834182739258,0.02501095086336136,0.0003268430009484291,0.7959909439086914,0.04275079816579819,0.0003016963310074061,2.6024049235018332e-11,10.0
1853,21.62262725830078,21.619417190551758,0.020978040993213654,0.0003210144641343504,0.7984267473220825,0.04525710642337799,0.0002870105381589383,2.23467459814497e-11,10.0
1854,21.341428756713867,21.33736801147461,0.021563537418842316,0.0004060805367771536,0.7870555520057678,0.04475882276892662,0.0002919148828368634,4.9437599847212965e-11,10.0
1855,21.318273544311523,21.31372833251953,0.01992480643093586,0.00045447476441040635,0.7843149900436401,0.048193734139204025,0.0002891847980208695,3.300944587114607e-11,10.0
1856,21.367639541625977,21.36200714111328,0.02231214940547943,0.0005632098764181137,0.783976137638092,0.04805494844913483,0.00034257324296049774,3.8177520172988366e-11,10.0
1857,21.46882438659668,21.462125778198242,0.02443862333893776,0.0006697897333651781,0.7573292255401611,0.07661467045545578,0.0002562425215728581,3.704565473827692e-11,10.0
1858,21.416637420654297,21.40938949584961,0.022034987807273865,0.0007247214089147747,0.7815158367156982,0.052747201174497604,0.00019402080215513706,1.2185322195712445e-11,10.0
1859,21.46044158935547,21.453876495361328,0.020960688591003418,0.0006564630311913788,0.7744200229644775,0.06268038600683212,0.0002350776339881122,4.8224688131703886e-11,10.0
1860,21.40390396118164,21.396799087524414,0.021169627085328102,0.0007105748518370092,0.7638004422187805,0.07082558423280716,0.00019081048958469182,5.715535336681121e-11,10.0
1861,21.729265213012695,21.7205753326416,0.024667568504810333,0.0008689307142049074,0.7650244832038879,0.07903685420751572,0.00023512606276199222,3.7077181602729326e-11,10.0
1862,21.825098037719727,21.816116333007812,0.01757456548511982,0.0008981616119854152,0.7581633925437927,0.09681621193885803,0.0002264238428324461,6.505942312662327e-11,10.0
1863,21.183921813964844,21.174081802368164,0.014392032288014889,0.0009839797858148813,0.7932605147361755,0.03922838717699051,0.00020591903012245893,3.2078627948406435e-11,10.0
1864,21.33372688293457,21.325275421142578,0.01545288972556591,0.0008451728499494493,0.7989482283592224,0.03848951682448387,0.0003010240034200251,4.3602094157435545e-11,10.0
1865,21.291675567626953,21.285797119140625,0.014809336513280869,0.0005878132069483399,0.7921279668807983,0.04437286779284477,0.00030423508724197745,5.177177783699527e-11,10.0
1866,21.360326766967773,21.35614013671875,0.01433560810983181,0.00041871017310768366,0.8006600737571716,0.0391591414809227,0.00022671889746561646,4.4349378336416834e-11,10.0
1867,21.255765914916992,21.251474380493164,0.012736458331346512,0.0004291081568226218,0.8053356409072876,0.03189101070165634,0.0002398478682152927,6.138593799942527e-11,10.0
1868,21.942550659179688,21.939525604248047,0.01704266667366028,0.0003024601028300822,0.7756025195121765,0.08483197540044785,0.00025950593408197165,1.2023006722150509e-11,10.0
1869,21.336013793945312,21.33234977722168,0.014325620606541634,0.0003664509276859462,0.80330890417099,0.03556041792035103,0.0002476251684129238,4.606978340482293e-11,10.0
1870,21.328065872192383,21.324819564819336,0.01492631621658802,0.0003245809057261795,0.7733688950538635,0.06458960473537445,0.00026979565154761076,5.834754207567627e-11,10.0
1871,21.199235916137695,21.196569442749023,0.01547382865101099,0.0002665868087206036,0.7683098912239075,0.06397915631532669,0.00024974302505142987,2.979625227106375e-11,10.0
1872,21.262317657470703,21.26055335998535,0.019853997975587845,0.0001764457847457379,0.7746340036392212,0.05581146851181984,0.00030660827178508043,2.9105131499340686e-11,10.0
1873,21.207759857177734,21.206218719482422,0.013060864061117172,0.00015417192480526865,0.7763558626174927,0.05873991549015045,0.00023027107818052173,6.170209482236899e-11,10.0
1874,21.1334285736084,21.131925582885742,0.013434374704957008,0.00015029842325020581,0.7640417218208313,0.06771330535411835,0.000218983695958741,4.8760783605272806e-11,10.0
1875,20.994077682495117,20.9925479888916,0.011533111333847046,0.00015295829507522285,0.7698310613632202,0.05824847146868706,0.00022321335563901812,1.7217689080029075e-11,10.0
1876,21.15984535217285,21.158384323120117,0.010308428667485714,0.00014614105748478323,0.7527267932891846,0.0831960067152977,0.000260079134022817,2.583352802509875e-11,10.0
1877,20.99686622619629,20.995283126831055,0.010240346193313599,0.0001583581033628434,0.7605980634689331,0.06885559111833572,0.0002933873620349914,5.0987547517422627e-11,10.0
1878,20.895902633666992,20.89389991760254,0.007302360143512487,0.00020019403018523008,0.7670365571975708,0.061323776841163635,0.0002332349104108289,3.856149427550193e-11,10.0
1879,21.1945743560791,21.19272232055664,0.00862188171595335,0.00018516581621952355,0.7792478799819946,0.05974771827459335,0.00022848469961900264,4.0882339180647875e-11,10.0
1880,20.970069885253906,20.96843910217285,0.010111593641340733,0.00016316525579895824,0.7666603326797485,0.06185774505138397,0.00026962123229168355,4.636659459156256e-11,10.0
1881,21.047176361083984,21.044408798217773,0.009339910931885242,0.0002767603436950594,0.7930858135223389,0.039277348667383194,0.0001833795540733263,4.64575981851123e-11,10.0
1882,21.079788208007812,21.07634925842285,0.010072741657495499,0.00034388856147415936,0.7902597784996033,0.04261885955929756,0.0002565838804002851,4.4564425066839775e-11,10.0
1883,21.18496322631836,21.181425094604492,0.010448641143739223,0.00035386704257689416,0.7897012233734131,0.04699566587805748,0.00027861635317094624,5.6171609030819525e-11,10.0
1884,21.0312557220459,21.027801513671875,0.009025025181472301,0.00034542047069408,0.7897194027900696,0.042294442653656006,0.00018283647659700364,4.731406239022462e-11,10.0
1885,21.18528938293457,21.18157196044922,0.010019763372838497,0.00037172037991695106,0.7784470915794373,0.05870984494686127,0.00021540273155551404,3.768078904453631e-11,10.0
1886,21.366012573242188,21.36103057861328,0.00835692323744297,0.0004982719547115266,0.7812597751617432,0.06472804397344589,0.00024119789304677397,4.5566217465875525e-11,10.0
1887,21.55024528503418,21.54410171508789,0.00943178404122591,0.0006144364015199244,0.7770528793334961,0.07515273988246918,0.00031665738788433373,2.9014703833984967e-11,10.0
1888,21.19103240966797,21.183101654052734,0.010635021142661572,0.000792984152212739,0.7703960537910461,0.06615760922431946,0.00033859547693282366,1.9269988382752956e-11,10.0
1889,20.87095069885254,20.863407135009766,0.006854112725704908,0.000754426815547049,0.7765614986419678,0.05103415995836258,0.00021629063121508807,3.999609324289999e-11,10.0
1890,20.98869514465332,20.983266830444336,0.007247402332723141,0.0005429022712633014,0.7826724648475647,0.049314793199300766,0.00023990904446691275,3.9081172326094205e-11,10.0
1891,21.31804084777832,21.3151912689209,0.00695076584815979,0.0002849074953701347,0.7648983001708984,0.08067931234836578,0.00019823854381684214,4.91584030426484e-11,10.0
1892,20.945072174072266,20.942781448364258,0.005636111833155155,0.00022910238476470113,0.7802067995071411,0.05178956314921379,0.00019680049445014447,3.909996978967989e-11,10.0
1893,21.0061092376709,21.00406265258789,0.006619212217628956,0.0002047447196673602,0.7682740092277527,0.065163753926754,0.0002640163293108344,4.545816154055693e-11,10.0
1894,20.897287368774414,20.89521026611328,0.005578074604272842,0.00020769968978129327,0.7883633375167847,0.04176605865359306,0.0002524039591662586,4.893380492476673e-11,10.0
1895,21.021671295166016,21.019296646118164,0.0065415832214057446,0.00023745690123178065,0.7760792374610901,0.058062050491571426,0.00022241381520871073,4.3403655669571606e-11,10.0
1896,21.169889450073242,21.167922973632812,0.00907466933131218,0.0001967106363736093,0.7729817032814026,0.06455295532941818,0.0002689146203920245,1.9138982065847188e-11,10.0
1897,20.997905731201172,20.996341705322266,0.007834464311599731,0.00015634900773875415,0.7877760529518127,0.04413281008601189,0.00027571243117563426,5.80993170240518e-11,10.0
1898,20.954944610595703,20.953392028808594,0.008087304420769215,0.00015530650853179395,0.7843491435050964,0.045592181384563446,0.00026767977396957576,5.618331841428237e-11,10.0
1899,21.198701858520508,21.197025299072266,0.008242396637797356,0.00016770871297921985,0.7788993120193481,0.060642726719379425,0.0002414503978798166,3.855922525719535e-11,10.0
1900,20.91657066345215,20.915090560913086,0.007273201830685139,0.00014802553050685674,0.7737219929695129,0.05551581084728241,0.00023158563999459147,5.1174620097071966e-11,10.0
1901,21.10477066040039,21.10366439819336,0.009875733405351639,0.0001105327028199099,0.7839837670326233,0.05015963315963745,0.0003186294052284211,5.7452983343031505e-11,10.0
1902,20.99995994567871,20.999176025390625,0.006522274576127529,7.832693518139422e-05,0.7721598744392395,0.06120411306619644,0.0002017799997702241,5.5462398562688975e-11,10.0
1903,20.981847763061523,20.981346130371094,0.006113105453550816,5.0254697271157056e-05,0.7733444571495056,0.05970439687371254,0.00022964899835642427,6.033132327054602e-11,10.0
1904,20.863147735595703,20.862712860107422,0.005067460238933563,4.345790148363449e-05,0.7651679515838623,0.06418804079294205,0.00021281423687469214,5.775259090401441e-11,10.0
1905,21.079557418823242,21.078983306884766,0.005479906685650349,5.734827936976217e-05,0.7826873660087585,0.05489947646856308,0.00023148843320086598,4.12895100054822e-11,10.0
1906,20.987234115600586,20.98666763305664,0.006417944096028805,5.667861478286795e-05,0.7858422994613647,0.04712889716029167,0.00019391388923395425,6.179341760503831e-11,10.0
1907,21.114702224731445,21.11377716064453,0.008143029175698757,9.260050137527287e-05,0.7756319046020508,0.060658056288957596,0.00029537640511989594,3.093077530214039e-11,10.0
1908,21.062389373779297,21.06146812438965,0.0075248731300234795,9.216630860464647e-05,0.7968704700469971,0.037934716790914536,0.00032150992774404585,2.774858294529725e-11,10.0
1909,20.98290252685547,20.98204231262207,0.007616070099174976,8.602307934779674e-05,0.7906032800674438,0.04096585512161255,0.00024137260334100574,4.536081232853206e-11,10.0
1910,20.899343490600586,20.898540496826172,0.006027425639331341,8.023593545658514e-05,0.7803245186805725,0.04952171817421913,0.00016983500972855836,5.935127389555817e-11,10.0
1911,21.03646469116211,21.035367965698242,0.005668274592608213,0.00010964224929921329,0.7804136872291565,0.055241893976926804,0.0002271887642564252,4.953891116765696e-11,10.0
1912,21.09890365600586,21.09761619567871,0.008279326371848583,0.00012875752872787416,0.7627435326576233,0.07278408855199814,0.00024418128305114806,3.2363237090216046e-11,10.0
1913,21.088266372680664,21.08685302734375,0.006385978311300278,0.00014131095667835325,0.7787888646125793,0.05819963663816452,0.0002493449719622731,4.095701902628868e-11,10.0
1914,20.962560653686523,20.96112823486328,0.005703705362975597,0.00014329605619423091,0.7709723711013794,0.0616709403693676,0.0002452713961247355,4.364147584978717e-11,10.0
1915,20.987789154052734,20.9864444732666,0.00612903106957674,0.00013449588732328266,0.7722674012184143,0.06095078960061073,0.0002766221878118813,2.1100846764321446e-11,10.0
1916,20.98583221435547,20.984716415405273,0.006076524965465069,0.00011164474562974647,0.7547012567520142,0.0785035789012909,0.00026837800396606326,2.6625994811735332e-11,10.0
1917,20.90940284729004,20.9079647064209,0.004363015294075012,0.00014381830987986177,0.7783642411231995,0.05351867899298668,0.00018156891746912152,4.942214346104201e-11,10.0
1918,20.98246955871582,20.980785369873047,0.0068657477386295795,0.00016847746155690402,0.7797722220420837,0.05250360816717148,0.00022461496700998396,3.531431397307827e-11,10.0
1919,21.223901748657227,21.22205924987793,0.00626614224165678,0.00018433414516039193,0.7788639664649963,0.06366755813360214,0.0002117948461091146,5.6032001954919863e-11,10.0
1920,20.990127563476562,20.987709045410156,0.0078001730144023895,0.0002417632786091417,0.7819528579711914,0.04967929422855377,0.00019044270447921008,2.931211523504729e-11,10.0
1921,20.991050720214844,20.988834381103516,0.007352313958108425,0.00022171995078679174,0.7856398820877075,0.046479277312755585,0.00020478763326536864,5.67461598544039e-11,10.0
1922,21.018075942993164,21.016429901123047,0.007593220099806786,0.0001646460877964273,0.7883952260017395,0.04456657916307449,0.00025532490690238774,4.3435498253696636e-11,10.0
1923,21.296802520751953,21.295360565185547,0.008702201768755913,0.00014418238424696028,0.7881210446357727,0.054854560643434525,0.00034146688994951546,4.175581408416562e-11,10.0
1924,21.391637802124023,21.38999366760254,0.007157155312597752,0.00016437169688288122,0.8013668656349182,0.046984072774648666,0.00022910174448043108,1.4855394692148138e-11,10.0
1925,21.12582778930664,21.12578773498535,0.006357060745358467,4.061247636855114e-06,0.785697877407074,0.05288809537887573,0.00022129947319626808,2.4038080553845376e-11,10.0
1926,21.04233169555664,20.997678756713867,0.00623951805755496,0.004465305246412754,0.7709789872169495,0.06260102987289429,0.0002189392107538879,2.705503356070782e-11,10.0
1927,21.140033721923828,21.103931427001953,0.00821590144187212,0.0036101837176829576,0.7624784708023071,0.07337962090969086,0.00020835618488490582,3.987601221444592e-11,10.0
1928,21.04972267150879,21.017963409423828,0.00909506343305111,0.0031759594567120075,0.7713931798934937,0.06011049449443817,0.0002994505048263818,3.734396819554675e-11,10.0
1929,20.934877395629883,20.914796829223633,0.007628659252077341,0.0020080143585801125,0.76377934217453,0.06511055678129196,0.00018326278950553387,2.9014145253025703e-11,10.0
1930,21.15247917175293,21.142436981201172,0.008647617883980274,0.0010041602654382586,0.7860152125358582,0.050939954817295074,0.000236690670135431,3.1710016556996123e-11,10.0
1931,21.018484115600586,20.98482894897461,0.011466780677437782,0.003365439362823963,0.7745162844657898,0.05331217870116234,0.0002449099556542933,3.9440936627777035e-11,10.0
1932,21.31783103942871,21.26058006286621,0.008920182473957539,0.005725047085434198,0.7834622859954834,0.05793912708759308,0.0002538462867960334,3.454618188736269e-11,10.0
1933,21.091102600097656,20.953542709350586,0.008990325964987278,0.013755911029875278,0.7846317887306213,0.04442715644836426,0.0002308942493982613,5.691423721199129e-11,10.0
1934,21.40313720703125,21.334245681762695,0.010825062170624733,0.0068891290575265884,0.7800577878952026,0.062409356236457825,0.00019423780031502247,5.7357282118308817e-11,10.0
1935,20.998470306396484,20.962121963500977,0.0070246746763587,0.0036348511930555105,0.7925824522972107,0.03879708796739578,0.00020169198978692293,4.4866825532619004e-11,10.0
1936,21.05889892578125,21.03288459777832,0.007455937098711729,0.0026014235336333513,0.7919245362281799,0.04183243587613106,0.0002563715970609337,2.2897628237927847e-11,10.0
1937,21.270639419555664,21.216096878051758,0.008981317281723022,0.005454207304865122,0.765234112739563,0.07433480769395828,0.00023405793763231486,2.326175883859971e-11,10.0
1938,21.217567443847656,21.101638793945312,0.008025353774428368,0.01159283984452486,0.77707839012146,0.05887101590633392,0.00022688829631078988,2.0062420474920017e-11,10.0
1939,21.291818618774414,21.148696899414062,0.007912704721093178,0.014312129467725754,0.7966583371162415,0.041302964091300964,0.00018480379367247224,2.3334664062124588e-11,10.0
1940,21.72528076171875,21.622318267822266,0.011124558746814728,0.01029620785266161,0.7587035894393921,0.09496087580919266,0.00025919752079062164,3.953986096871809e-11,10.0
1941,22.196691513061523,22.161577224731445,0.010357439517974854,0.0035114733036607504,0.7467227578163147,0.12930454313755035,0.00019567745039239526,3.546147750443929e-11,10.0
1942,21.4686279296875,21.40667724609375,0.013213563710451126,0.006195038091391325,0.767221987247467,0.07572349160909653,0.0002701707708183676,4.346209156458336e-11,10.0
1943,21.812578201293945,21.709821701049805,0.014763282611966133,0.010275665670633316,0.7670820355415344,0.08644922077655792,0.00024589733220636845,3.599276779397975e-11,10.0
1944,21.70551300048828,21.60032081604004,0.011803768575191498,0.010519289411604404,0.7858793139457703,0.06625448912382126,0.00018817807722371072,4.92891040482224e-11,10.0
1945,21.62071418762207,21.56753921508789,0.016271447762846947,0.005317533388733864,0.7860435247421265,0.06028328090906143,0.00025827018544077873,3.0878216650265244e-11,10.0
1946,22.268983840942383,22.22861671447754,0.040255799889564514,0.004036658443510532,0.7857432961463928,0.06305604428052902,0.00022369671205524355,2.7649962180964494e-11,10.0
1947,22.490100860595703,22.43956756591797,0.04572907090187073,0.005053424742072821,0.7804892659187317,0.07125142216682434,0.00028227330767549574,2.6983179579609384e-11,10.0
1948,22.484468460083008,22.41043472290039,0.04836031794548035,0.007403450086712837,0.7882347106933594,0.05973820760846138,0.00021045515313744545,4.333928355082506e-11,10.0
1949,22.061500549316406,21.943315505981445,0.02953699231147766,0.0118185393512249,0.786828339099884,0.06125781312584877,0.00027383907581679523,1.828916185164786e-11,10.0
1950,22.351619720458984,22.21626853942871,0.03149272873997688,0.013535162433981895,0.7878526449203491,0.06920461356639862,0.0002519883855711669,3.498022704828685e-11,10.0
1951,23.153074264526367,23.092073440551758,0.04545005410909653,0.006100047845393419,0.7582785487174988,0.11986014246940613,0.0002353821910219267,3.8644212829730407e-11,10.0
1952,22.712636947631836,22.68606185913086,0.06107775494456291,0.0026575715746730566,0.7811726927757263,0.06506036221981049,0.0003292132169008255,3.518902183530237e-11,10.0
1953,22.551128387451172,22.5504093170166,0.05994256213307381,7.192189514171332e-05,0.7931021451950073,0.04884937033057213,0.0003059072478208691,3.076337795615558e-11,10.0
1954,22.059057235717773,22.0559139251709,0.0361623540520668,0.0003142688365187496,0.8219533562660217,0.024010900408029556,0.00027480971766635776,4.054932431496461e-11,10.0
1955,21.91908073425293,21.91503143310547,0.029454996809363365,0.0004048777336720377,0.8184227347373962,0.028611958026885986,0.0002789476711768657,1.6300294447546548e-11,10.0
1956,21.8444881439209,21.839683532714844,0.03394802659749985,0.0004805234493687749,0.8077433705329895,0.03180979564785957,0.0002154152753064409,3.538095857957835e-11,10.0
1957,22.545501708984375,22.539274215698242,0.06093314290046692,0.00062278175028041,0.7983160614967346,0.04222651571035385,0.00023828225675970316,4.51632203857244e-11,10.0
1958,22.128446578979492,22.123157501220703,0.0412287712097168,0.0005289296386763453,0.7845603823661804,0.059055402874946594,0.00020433035388123244,4.554029375825053e-11,10.0
1959,21.554914474487305,21.54712677001953,0.020410429686307907,0.0007788551156409085,0.7938121557235718,0.047558363527059555,0.000260214670561254,4.793243232881217e-11,10.0
1960,21.83338737487793,21.819955825805664,0.02750864252448082,0.0013430773979052901,0.7816725373268127,0.06353668868541718,0.00020106272131670266,3.8965594639783774e-11,10.0
1961,22.48221206665039,22.468725204467773,0.048000939190387726,0.0013487781397998333,0.8242939710617065,0.026370149105787277,0.00020990056509617716,3.906514695062313e-11,10.0
1962,21.773801803588867,21.766006469726562,0.029940281063318253,0.000779464899096638,0.8075803518295288,0.03302193060517311,0.00024436647072434425,3.557350247707092e-11,10.0
1963,21.64087677001953,21.635526657104492,0.022204022854566574,0.0005350334686227143,0.8114901185035706,0.03161752596497536,0.00027356817736290395,3.2095891916439356e-11,10.0
1964,21.697622299194336,21.692514419555664,0.030381344258785248,0.0005107215256430209,0.7918447256088257,0.04537486284971237,0.000249300996074453,2.4691674052612633e-11,10.0
1965,21.97843360900879,21.975467681884766,0.04351823776960373,0.00029649806674569845,0.7902436852455139,0.0451531745493412,0.0002589567156974226,2.3320945868876564e-11,10.0
1966,22.007644653320312,22.00550651550293,0.03920426964759827,0.00021386992011684924,0.7778969407081604,0.06302496790885925,0.00023508699086960405,1.1861834431359242e-11,10.0
1967,22.118501663208008,22.11627769470215,0.028933696448802948,0.00022245882428251207,0.7536585927009583,0.1019836887717247,0.00018768459267448634,2.726048206613818e-11,10.0
1968,21.838647842407227,21.836788177490234,0.03340604156255722,0.00018593146523926407,0.7889570593833923,0.05100393667817116,0.000261106324614957,4.0688726693494104e-11,10.0
1969,21.904447555541992,21.901878356933594,0.03280835598707199,0.0002569183998275548,0.7784315943717957,0.06473498791456223,0.0002503695141058415,4.6385093682710377e-11,10.0
1970,21.555313110351562,21.551620483398438,0.02314624935388565,0.0003693207399919629,0.7999975085258484,0.03883950039744377,0.00020380278874654323,2.8126674600503776e-11,10.0
1971,21.577545166015625,21.570955276489258,0.022130215540528297,0.0006590736447833478,0.7948659062385559,0.04575391858816147,0.0002204192423960194,3.68383622217916e-11,10.0
1972,21.647817611694336,21.640308380126953,0.02814502641558647,0.0007508971029892564,0.7930236458778381,0.044346973299980164,0.00024148412921931595,3.168545287257629e-11,10.0
1973,21.53704261779785,21.527164459228516,0.02895309403538704,0.000987896346487105,0.7703782916069031,0.06165337562561035,0.00025454213027842343,4.373501213961184e-11,10.0
1974,21.400482177734375,21.386356353759766,0.023796241730451584,0.001412665005773306,0.7879083156585693,0.043669600039720535,0.00020036136265844107,3.215594457373072e-11,10.0
1975,21.42804718017578,21.40577507019043,0.018743598833680153,0.0022273033391684294,0.7828948497772217,0.054506976157426834,0.00021408998873084784,3.755540323169271e-11,10.0
1976,21.441743850708008,21.420236587524414,0.020315490663051605,0.00215066852979362,0.7721530199050903,0.0642535388469696,0.0002185944904340431,3.4356250483424944e-11,10.0
1977,21.992843627929688,21.97456169128418,0.027379605919122696,0.0018281582742929459,0.7680386900901794,0.08346597105264664,0.00024555044365115464,3.573170925808e-11,10.0
1978,21.930316925048828,21.910696029663086,0.031241390854120255,0.0019620987586677074,0.7798769474029541,0.0651870146393776,0.0003063335898332298,4.652324706033717e-11,10.0
1979,21.529571533203125,21.512313842773438,0.02863170951604843,0.0017256985884159803,0.776275098323822,0.05549211800098419,0.00023407778644468635,3.223610267610866e-11,10.0
1980,21.855247497558594,21.842214584350586,0.028683168813586235,0.0013033378636464477,0.7978475093841553,0.04702828451991081,0.00032396710594184697,2.7390641837987673e-11,10.0
1981,21.35989761352539,21.349332809448242,0.024198757484555244,0.0010564024560153484,0.7784693837165833,0.05121985450387001,0.00021317711798474193,2.493014822357864e-11,10.0
1982,21.511180877685547,21.502187728881836,0.027513938024640083,0.0008992484072223306,0.7583351135253906,0.07411150634288788,0.00031740087433718145,3.990958952204693e-11,10.0
1983,21.616880416870117,21.61612319946289,0.027275703847408295,7.578336226288229e-05,0.7705752849578857,0.0666923001408577,0.0002542611910030246,4.207086068408472e-11,10.0
1984,21.254287719726562,21.24614143371582,0.018954796716570854,0.000814721395727247,0.7654359936714172,0.06537778675556183,0.00019263806461822242,4.038075776535699e-11,10.0
1985,21.30231475830078,21.29210662841797,0.017250314354896545,0.0010207672603428364,0.770270049571991,0.06406756490468979,0.00024097594723571092,3.659467867622723e-11,10.0
1986,21.330890655517578,21.31891632080078,0.019798066467046738,0.0011974406661465764,0.7904261350631714,0.04244450479745865,0.00021987523359712213,3.662153913452926e-11,10.0
1987,21.275836944580078,21.261260986328125,0.019283391535282135,0.0014575053937733173,0.7764931321144104,0.05457185208797455,0.0002552720543462783,4.195687547392524e-11,10.0
1988,21.26470375061035,21.24640655517578,0.013710306957364082,0.001829686458222568,0.7997424006462097,0.036288872361183167,0.00028643119730986655,3.703535048082962e-11,10.0
1989,21.183338165283203,21.166139602661133,0.014591382816433907,0.001719942199997604,0.7930534482002258,0.03893435373902321,0.00016606954159215093,5.326594720855837e-11,10.0
1990,21.273548126220703,21.25243377685547,0.016875388100743294,0.0021113615948706865,0.7852342128753662,0.04790790006518364,0.0001997809886233881,4.902075273482964e-11,10.0
1991,21.415279388427734,21.389917373657227,0.022281702607870102,0.002536170883104205,0.7750529646873474,0.05816398561000824,0.0002450706670060754,2.1827394058870908e-11,10.0
1992,22.270830154418945,22.2509822845459,0.02596711739897728,0.0019847138319164515,0.7566525936126709,0.10733577609062195,0.00020952279737684876,3.305340029458037e-11,10.0
1993,21.687698364257812,21.67580795288086,0.02030143141746521,0.0011890134774148464,0.7801216244697571,0.06653216481208801,0.00019292421347927302,3.548604465830607e-11,10.0
1994,21.351171493530273,21.342220306396484,0.01683412492275238,0.0008950897608883679,0.7978765368461609,0.03888464346528053,0.00023385189706459641,5.243540671107105e-11,10.0
1995,21.584095001220703,21.57529067993164,0.018553657457232475,0.0008803615928627551,0.770759642124176,0.0736287385225296,0.00017387531988788396,4.442807927107495e-11,10.0
1996,21.409698486328125,21.404010772705078,0.01861671730875969,0.000568844610825181,0.7948333024978638,0.042586516588926315,0.00030975861591286957,3.9416397229485867e-11,10.0
1997,21.492259979248047,21.488039016723633,0.015298616141080856,0.0004220958799123764,0.8147043585777283,0.029409771785140038,0.0002719998301472515,2.395617558492713e-11,10.0
1998,21.297151565551758,21.293304443359375,0.013437382876873016,0.000384784972993657,0.7976799011230469,0.040529556572437286,0.00021344260312616825,2.602420536013117e-11,10.0
1999,21.34981346130371,21.345237731933594,0.016697034239768982,0.00045750115532428026,0.7953175902366638,0.04169335588812828,0.00025378441205248237,3.683935448361986e-11,10.0
2000,21.333885192871094,21.32942771911621,0.015245093032717705,0.0004458163457456976,0.8047310709953308,0.033108215779066086,0.00023194297682493925,3.707315704426506e-11,10.0
2001,21.21758270263672,21.21181869506836,0.012810888700187206,0.0005764878005720675,0.7885134816169739,0.04705791920423508,0.00022605973936151713,2.9523748029669505e-11,10.0
2002,21.092815399169922,21.081907272338867,0.012528721243143082,0.0010908119147643447,0.7842532992362976,0.04638080298900604,0.00028376092086546123,2.2715994016375696e-11,10.0
2003,21.06467628479004,21.054044723510742,0.013919971883296967,0.0010631703771650791,0.7680990695953369,0.060045499354600906,0.00024311822198797017,2.9729132350331255e-11,10.0
2004,21.16568946838379,21.152544021606445,0.013254424557089806,0.0013145781122148037,0.7761892080307007,0.056587137281894684,0.00017766134988050908,2.241235842748157e-11,10.0
2005,21.132177352905273,21.109149932861328,0.012757827527821064,0.0023026529233902693,0.7720077633857727,0.059511758387088776,0.0002218165318481624,1.2776122174096294e-11,10.0
2006,21.351539611816406,21.324674606323242,0.011751530691981316,0.002686500083655119,0.7607809901237488,0.08036936819553375,0.00021258990454953164,3.103176743346481e-11,10.0
2007,21.217954635620117,21.198074340820312,0.010920608416199684,0.0019879667088389397,0.7672718167304993,0.06965456157922745,0.00018996385915670544,3.710949603163982e-11,10.0
2008,22.067462921142578,22.05559539794922,0.012067013420164585,0.0011867551365867257,0.772164523601532,0.09789972007274628,0.00023139301629271358,3.103589607533763e-11,10.0
2009,21.301387786865234,21.292232513427734,0.011315453797578812,0.0009155533625744283,0.7714073061943054,0.06885923445224762,0.00026817250181920826,2.7038676853052834e-11,10.0
2010,21.208293914794922,21.200735092163086,0.01449672318994999,0.0007559462101198733,0.7844164371490479,0.04900927469134331,0.0002676737785805017,2.494172576805731e-11,10.0
2011,21.126516342163086,21.121355056762695,0.011548102833330631,0.0005160602158866823,0.7909266352653503,0.042280133813619614,0.00024835497606545687,3.435170203847093e-11,10.0
2012,21.14087677001953,21.136913299560547,0.01193867065012455,0.00039640499744564295,0.777958333492279,0.05546789616346359,0.0002790001453831792,3.467742065721424e-11,10.0
2013,21.1648006439209,21.162342071533203,0.011456973850727081,0.0002458018425386399,0.7851815819740295,0.04976137727499008,0.00023446250997949392,2.6197804342542597e-11,10.0
2014,21.222339630126953,21.221195220947266,0.011492982506752014,0.00011436816566856578,0.7810925841331482,0.05615111067891121,0.0002777456247713417,3.044768950855037e-11,10.0
2015,21.090341567993164,21.089061737060547,0.010713471099734306,0.00012790209439117461,0.7754930853843689,0.057277850806713104,0.00019514455925673246,2.797552293987149e-11,10.0
2016,21.029478073120117,21.027013778686523,0.009880456142127514,0.0002464169810991734,0.7792146801948547,0.05187220871448517,0.0002830393787007779,3.470390988469241e-11,10.0
2017,21.037609100341797,21.034265518188477,0.00791162345558405,0.00033430344774387777,0.7825183272361755,0.05085037276148796,0.0002259238826809451,3.3001337773619355e-11,10.0
2018,21.134422302246094,21.13125228881836,0.010708922520279884,0.00031706795562058687,0.7522357702255249,0.08219710737466812,0.0002706565719563514,2.62301760173278e-11,10.0
2019,21.266176223754883,21.261960983276367,0.010554546490311623,0.00042143475729972124,0.7672632932662964,0.07256581634283066,0.00023697398137301207,3.512109700287702e-11,10.0
2020,21.226776123046875,21.22196388244629,0.009268555790185928,0.000481308379676193,0.762211799621582,0.07731322944164276,0.00021246909454930574,3.5280719318242504e-11,10.0
2021,21.169841766357422,21.167644500732422,0.009967426769435406,0.00021981928148306906,0.7632070183753967,0.07343543320894241,0.0002397724165348336,2.518330335932184e-11,10.0
2022,21.149333953857422,21.149003982543945,0.009543674997985363,3.305600330349989e-05,0.7835080623626709,0.05281306430697441,0.00023846222029533237,1.5754378704380123e-11,10.0
2023,21.032695770263672,21.032312393188477,0.010338160209357738,3.832021320704371e-05,0.7907628417015076,0.04006987437605858,0.0003039999573957175,3.3861392856326944e-11,10.0
2024,21.17234992980957,21.171955108642578,0.010939007624983788,3.942413241020404e-05,0.7984381318092346,0.037386950105428696,0.00028535668388940394,3.884386562402753e-11,10.0
2025,21.128786087036133,21.128398895263672,0.011229009367525578,3.880017902702093e-05,0.7857595086097717,0.04806234687566757,0.00021262858354020864,2.686288171072082e-11,10.0
2026,21.091882705688477,21.091447830200195,0.010010983794927597,4.3457454012241215e-05,0.7983689904212952,0.035192299634218216,0.00021420384291559458,4.3630047491527435e-11,10.0
2027,21.06900405883789,21.06867027282715,0.009009119123220444,3.34401847794652e-05,0.7851757407188416,0.04847480356693268,0.00021793109772261232,3.6349676740821124e-11,10.0
2028,20.986572265625,20.986289978027344,0.006877419073134661,2.8190323064336553e-05,0.7864171266555786,0.04608136788010597,0.00018892409570980817,5.130292371480216e-11,10.0
2029,21.17928123474121,21.17885971069336,0.007754835765808821,4.2158757423749194e-05,0.7873455882072449,0.05196865275502205,0.00021328053844626993,2.90082818876769e-11,10.0
2030,20.931373596191406,20.9310245513916,0.008444191887974739,3.485743218334392e-05,0.7797507047653198,0.048952046781778336,0.0002352320443606004,3.6982771012272764e-11,10.0
2031,21.020050048828125,21.019758224487305,0.008600692264735699,2.9221891963970847e-05,0.7710649371147156,0.06102719530463219,0.0002438221126794815,2.627784795317112e-11,10.0
2032,21.139408111572266,21.139163970947266,0.009306245483458042,2.4496801415807568e-05,0.7744830250740051,0.06167732551693916,0.00024985079653561115,1.8595881778882273e-11,10.0
2033,21.00507354736328,21.004802703857422,0.007652889471501112,2.7066480470239185e-05,0.7851240634918213,0.04730278253555298,0.00028090455452911556,2.6264504460193905e-11,10.0
2034,21.285778045654297,21.285497665405273,0.01000971533358097,2.8117858164478093e-05,0.7588362097740173,0.08247806131839752,0.00023995153605937958,2.6418109019821223e-11,10.0
2035,21.041393280029297,21.041074752807617,0.009801195003092289,3.184624802088365e-05,0.772605836391449,0.059121496975421906,0.00028638532967306674,2.7167466193356304e-11,10.0
2036,20.97775650024414,20.97742462158203,0.008348575793206692,3.3191296097356826e-05,0.7650169730186462,0.06565943360328674,0.00018023006850853562,3.71692225609177e-11,10.0
2037,21.304712295532227,21.304386138916016,0.009717391803860664,3.2530260796193033e-05,0.7546975016593933,0.08765909820795059,0.00025363697204738855,2.1695480481587204e-11,10.0
2038,21.04586410522461,21.045560836791992,0.008791784755885601,3.033159373444505e-05,0.7654205560684204,0.06751766800880432,0.00023090868489816785,2.1812492784212267e-11,10.0
2039,21.04738426208496,21.04715919494629,0.007398916408419609,2.2581305529456586e-05,0.7888564467430115,0.045556213706731796,0.00018710852600634098,2.5879097476089186e-11,10.0
2040,21.036436080932617,21.03629493713379,0.008456593379378319,1.4065059986023698e-05,0.7698401212692261,0.06305727362632751,0.0002447589358780533,3.102308687719102e-11,10.0
2041,21.13247299194336,21.132299423217773,0.009999941103160381,1.734597208269406e-05,0.797579824924469,0.03759070113301277,0.00030380170210264623,3.3420311656984225e-11,10.0
2042,21.1306095123291,21.130470275878906,0.009201657958328724,1.3956253496871796e-05,0.7967334985733032,0.03917945176362991,0.00026055448688566685,2.8826344089516454e-11,10.0
2043,21.036272048950195,21.031633377075195,0.006810092367231846,0.0004637770471163094,0.7795383334159851,0.05482982471585274,0.000217782988329418,2.0588803231746944e-11,10.0
2044,21.065505981445312,21.033828735351562,0.00648844987154007,0.0031678027007728815,0.7904506325721741,0.04431247338652611,0.00025401508901268244,4.591941757392526e-11,10.0
2045,21.040281295776367,20.985153198242188,0.0077248550951480865,0.005512820556759834,0.7932435870170593,0.03830752521753311,0.0003255900228396058,2.5280059295917923e-11,10.0
2046,21.318782806396484,21.17707061767578,0.007786853238940239,0.014171263203024864,0.7856664061546326,0.05351145192980766,0.0002951781789306551,4.304045314595939e-11,10.0
2047,21.057512283325195,20.977781295776367,0.005531292408704758,0.007973012514412403,0.7936212420463562,0.03988724201917648,0.00017878641665447503,2.309841901082521e-11,10.0
2048,21.0910587310791,21.05116844177246,0.006219255272299051,0.003989003598690033,0.7924630641937256,0.04327697679400444,0.00021858573018107563,3.5230054984403125e-11,10.0
2049,21.13055992126465,21.108673095703125,0.00764073058962822,0.00218869443051517,0.7881131768226624,0.048502568155527115,0.0002259800094179809,3.633553527504496e-11,10.0
2050,21.16731071472168,21.11769676208496,0.006634192541241646,0.004961320664733648,0.7847066521644592,0.053281452506780624,0.00021371843467932194,4.108188442208949e-11,10.0
2051,21.039690017700195,20.923721313476562,0.006798075046390295,0.011596819385886192,0.7839490175247192,0.04611853510141373,0.00020786140521522611,3.730022193892957e-11,10.0
2052,21.1213321685791,20.951335906982422,0.00820014625787735,0.016999615356326103,0.781412661075592,0.048323631286621094,0.0002924414293374866,2.4843290619136482e-11,10.0
2053,21.1069393157959,20.985029220581055,0.006932300515472889,0.012190941721200943,0.7644798159599304,0.0678868293762207,0.00025567409466020763,1.70848057923223e-11,10.0
2054,21.078327178955078,21.024425506591797,0.005679727531969547,0.0053901029750704765,0.7698174118995667,0.06540865451097488,0.0001780709862941876,3.0774396919674984e-11,10.0
2055,21.14386749267578,21.08285140991211,0.006707716733217239,0.006101618055254221,0.7797380089759827,0.0567493662238121,0.00029750721296295524,3.127361564159159e-11,10.0
2056,21.094999313354492,20.96927261352539,0.0067581599578261375,0.012572657316923141,0.7662871479988098,0.06564600020647049,0.0001988462172448635,2.00264249627935e-11,10.0
2057,21.147294998168945,20.98853874206543,0.009382459335029125,0.015875661745667458,0.7691705226898193,0.060875993221998215,0.00028125749668106437,1.9271221771144376e-11,10.0
2058,21.31008529663086,21.212291717529297,0.007126230746507645,0.009779429994523525,0.7774756550788879,0.06375585496425629,0.00033464477746747434,2.4547995580714854e-11,10.0
2059,21.002830505371094,20.95241928100586,0.006580529734492302,0.0050410614348948,0.7648001313209534,0.0666072890162468,0.0002721632772590965,2.3135644441896197e-11,10.0
2060,21.09479522705078,21.066007614135742,0.004943475127220154,0.002878826577216387,0.7658771276473999,0.07174033671617508,0.0001983786205528304,3.688255256761863e-11,10.0
2061,21.042184829711914,20.991472244262695,0.007786280941218138,0.005071177612990141,0.7721517086029053,0.05962224677205086,0.0002465789148118347,3.170951695663504e-11,10.0
2062,21.12711524963379,21.042327880859375,0.010302873328328133,0.008478769101202488,0.7755095958709717,0.055749617516994476,0.000327739748172462,2.0314201709670243e-11,10.0
2063,21.389802932739258,21.250516891479492,0.007775432430207729,0.013928528875112534,0.7592652440071106,0.08288344740867615,0.00024154753191396594,2.09667266187763e-11,10.0
2064,21.029327392578125,20.977893829345703,0.006852308753877878,0.005143391899764538,0.7687050700187683,0.06347372382879257,0.00021149472740944475,2.951851957311291e-11,10.0
2065,21.24717140197754,21.219343185424805,0.009098827838897705,0.0027828114107251167,0.7676934003829956,0.07189386337995529,0.00021917250705882907,1.1926114609761562e-11,10.0
2066,20.977252960205078,20.973207473754883,0.008899016305804253,0.0004044711822643876,0.7698866724967957,0.06002896651625633,0.00028409739024937153,1.8787083000404436e-11,10.0
2067,21.087373733520508,21.08637237548828,0.007668555714190006,0.00010008492972701788,0.7579244375228882,0.07774743437767029,0.0002863241243176162,2.3600829623937614e-11,10.0
2068,20.953170776367188,20.951152801513672,0.0068918452598154545,0.00020180824503768235,0.7713760137557983,0.059676431119441986,0.000254519225563854,2.567215016957558e-11,10.0
2069,20.965843200683594,20.961986541748047,0.007034868933260441,0.00038562851841561496,0.7743166089057922,0.057035401463508606,0.00023148035688791424,3.975759652052879e-11,10.0
2070,20.969158172607422,20.963665008544922,0.005820780992507935,0.0005493144853971899,0.7776742577552795,0.054968755692243576,0.00020714697893708944,3.152933469863228e-11,10.0
2071,21.18313980102539,21.17715072631836,0.005913580767810345,0.0005989375640638173,0.798694908618927,0.04239105060696602,0.00021633377764374018,2.7229569293796274e-11,10.0
2072,21.004600524902344,20.99722671508789,0.005545477382838726,0.000737377442419529,0.7864893674850464,0.047773879021406174,0.0002007557632168755,2.7931643109546656e-11,10.0
2073,20.943761825561523,20.938749313354492,0.006166590377688408,0.0005013024201616645,0.7911021709442139,0.04017496109008789,0.0002657761797308922,1.9174252463560748e-11,10.0
2074,20.896394729614258,20.892301559448242,0.0065480004996061325,0.00040931004332378507,0.777284562587738,0.05176122859120369,0.00024570233654230833,2.1000742811416728e-11,10.0
2075,20.96828269958496,20.9639949798584,0.0049546645022928715,0.0004288279451429844,0.7985532879829407,0.03494928777217865,0.00025633108452893794,2.903014807709159e-11,10.0
2076,20.99611473083496,20.990848541259766,0.004669005051255226,0.0005265458021312952,0.7973182797431946,0.03753219172358513,0.00028612554888240993,2.0367948647126433e-11,10.0
2077,20.948102951049805,20.944995880126953,0.004198845941573381,0.0003107014636043459,0.7830154895782471,0.050485916435718536,0.00024886734900064766,2.771628759834499e-11,10.0
2078,20.9647274017334,20.958650588989258,0.004987998865544796,0.0006077024736441672,0.7809029817581177,0.05235433578491211,0.0002516217064112425,3.088413899621223e-11,10.0
2079,20.89427375793457,20.88792610168457,0.005694925785064697,0.0006347708404064178,0.7691727876663208,0.06053441762924194,0.000287080358248204,1.6194781626843735e-11,10.0
2080,20.891979217529297,20.88747787475586,0.004601669497787952,0.00045014024362899363,0.7879551649093628,0.04287115857005119,0.000177761961822398,1.6827844673272807e-11,10.0
2081,21.15617561340332,21.15134620666504,0.005548669025301933,0.00048298778710886836,0.7729361653327942,0.06748537719249725,0.00020900768868159503,4.3215778178229414e-11,10.0
2082,21.920461654663086,21.909639358520508,0.007908591069281101,0.0010822025360539556,0.7467796206474304,0.12160684913396835,0.0002264060894958675,2.949872984769897e-11,10.0
2083,21.04154396057129,21.016223907470703,0.00805245153605938,0.0025320451240986586,0.7890061140060425,0.04348399490118027,0.00026607231120578945,1.8277388283416407e-11,10.0
2084,21.168270111083984,21.139312744140625,0.00729198195040226,0.0028957112226635218,0.79543137550354,0.042749498039484024,0.0002492050116416067,2.5356041918889183e-11,10.0
2085,21.0657901763916,21.004981994628906,0.0072889188304543495,0.006080723833292723,0.7902047038078308,0.04262398183345795,0.00020432817109394819,3.245074001179127e-11,10.0
2086,21.263458251953125,21.213308334350586,0.008913789875805378,0.005014908500015736,0.7937132716178894,0.045820675790309906,0.0002113587543135509,2.325865888774814e-11,10.0
2087,21.45709228515625,21.415599822998047,0.012728973291814327,0.004149226937443018,0.7845117449760437,0.05929802358150482,0.00021317020582500845,3.4954397015729555e-11,10.0
2088,21.64710235595703,21.612398147583008,0.018127035349607468,0.003470445517450571,0.7902354001998901,0.056041933596134186,0.00022894983703736216,2.6417651052823565e-11,10.0
2089,21.85995864868164,21.843143463134766,0.020735129714012146,0.001681439927779138,0.7886582016944885,0.0642152801156044,0.00029256739071570337,1.0219824118917753e-11,10.0
2090,22.852439880371094,22.851543426513672,0.040552280843257904,8.95872144610621e-05,0.7574841380119324,0.11593543738126755,0.00022477014863397926,2.5352303589798453e-11,10.0
2091,23.34980583190918,23.32224464416504,0.03335662931203842,0.0027561276219785213,0.7600613236427307,0.13935735821723938,0.00028606015257537365,2.4857739130967893e-11,10.0
2092,22.64544677734375,22.605257034301758,0.016395794227719307,0.0040189181454479694,0.7568380832672119,0.1308920532464981,0.0002108988119289279,3.0186870364490304e-11,10.0
2093,21.518253326416016,21.46026611328125,0.020258400589227676,0.005798625759780407,0.7876145243644714,0.05043581873178482,0.0002548793563619256,2.6604511996208835e-11,10.0
2094,21.510231018066406,21.46764373779297,0.015840111300349236,0.004258665721863508,0.8064690232276917,0.03631236031651497,0.0002106152824126184,2.5778072385018724e-11,10.0
2095,21.785245895385742,21.784791946411133,0.026698095723986626,4.53329375886824e-05,0.7932187914848328,0.05138859525322914,0.00021543963521253318,1.12397703991296e-11,10.0
2096,22.223283767700195,22.21855354309082,0.029308028519153595,0.00047294035903178155,0.7629060745239258,0.09646204113960266,0.00016520399367436767,2.972356388797337e-11,10.0
2097,22.167640686035156,22.16139030456543,0.025736872106790543,0.0006251015001907945,0.7601569294929504,0.10046085715293884,0.0002524223818909377,2.0183332435919077e-11,10.0
2098,22.553258895874023,22.541053771972656,0.03012252226471901,0.0012205038219690323,0.7788064479827881,0.09261628240346909,0.0002422151737846434,8.651752057831086e-12,10.0
2099,21.97064781188965,21.95694923400879,0.03008686937391758,0.0013698518741875887,0.7886217832565308,0.059446606785058975,0.0003067172656301409,2.227181113145793e-11,10.0
2100,21.60302734375,21.594594955444336,0.014058813452720642,0.0008431695168837905,0.7923372387886047,0.057286474853754044,0.00025317849940620363,1.4303717064956256e-11,10.0
2101,22.132125854492188,22.12529945373535,0.02497692033648491,0.0006826423341408372,0.7794315218925476,0.08048348873853683,0.00029996366356499493,8.69689043003774e-12,10.0
2102,22.569488525390625,22.55986213684082,0.019751250743865967,0.0009626977262087166,0.7783511281013489,0.1042000949382782,0.00022981139773037285,3.2519337916925295e-11,10.0
2103,21.786760330200195,21.778369903564453,0.022295726463198662,0.0008390116272494197,0.8024442195892334,0.04629215970635414,0.0002565605391282588,2.7337200211863255e-11,10.0
2104,22.146745681762695,22.143945693969727,0.03521357476711273,0.0002800808288156986,0.7952868342399597,0.055168721824884415,0.0002216306747868657,3.4014173422303173e-11,10.0
2105,22.114421844482422,22.11368179321289,0.028196442872285843,7.393721170956269e-05,0.8327491283416748,0.02349998615682125,0.00025447821826674044,2.4380964261383475e-11,10.0
2106,21.899505615234375,21.89894676208496,0.02027112990617752,5.594757021754049e-05,0.8285472989082336,0.027037428691983223,0.00025510400882922113,2.485155310705256e-11,10.0
2107,21.543624877929688,21.543128967285156,0.017789730802178383,4.9681872042128816e-05,0.8103799223899841,0.033485911786556244,0.00017384765669703484,3.3849707758992764e-11,10.0
2108,21.665307998657227,21.664840698242188,0.02147131972014904,4.673290459322743e-05,0.8170058131217957,0.028046822175383568,0.00017422025848645717,3.1230476538191e-11,10.0
2109,22.096467971801758,22.095989227294922,0.02801450714468956,4.795578934135847e-05,0.7976953387260437,0.05803688243031502,0.0002321663632756099,9.754099437875308e-12,10.0
2110,21.995649337768555,21.995168685913086,0.030648989602923393,4.805981370736845e-05,0.7877823114395142,0.061282142996788025,0.00023353652795776725,2.6411027878592286e-11,10.0
2111,22.16229820251465,22.16184425354004,0.029618503525853157,4.538098073680885e-05,0.7822359800338745,0.07452313601970673,0.0002402663667453453,3.2332015537095415e-11,10.0
2112,21.841917037963867,21.841569900512695,0.026912719011306763,3.470728552201763e-05,0.7769483327865601,0.06972093880176544,0.00020214471442159265,2.7871420449354645e-11,10.0
2113,21.58113670349121,21.580801010131836,0.02317040041089058,3.3511703804833815e-05,0.7922431826591492,0.047750577330589294,0.00016968049749266356,2.5924058039139553e-11,10.0
2114,21.71959114074707,21.719205856323242,0.025322236120700836,3.851073779514991e-05,0.7856886982917786,0.05765463411808014,0.0002565131871961057,1.8689378170066995e-11,10.0
2115,21.591724395751953,21.59132194519043,0.025837495923042297,4.023380097351037e-05,0.7917993068695068,0.04592437297105789,0.00022919515322428197,2.22753950701593e-11,10.0
2116,21.73619270324707,21.735807418823242,0.029170550405979156,3.8468835555249825e-05,0.8056854605674744,0.034479863941669464,0.0002413112815702334,8.214220102720216e-12,10.0
2117,21.802734375,21.802343368530273,0.03522942587733269,3.909352017217316e-05,0.8002671003341675,0.03650003671646118,0.0002430220047244802,1.3429505771322958e-11,10.0
2118,21.981163024902344,21.980792999267578,0.031190374866127968,3.698056025314145e-05,0.8002143502235413,0.04774027690291405,0.00021690606081392616,1.6691863169437937e-11,10.0
2119,21.95992660522461,21.95953941345215,0.027443930506706238,3.8804500945843756e-05,0.792219877243042,0.058633819222450256,0.00021009078773204237,2.2337787869419756e-11,10.0
2120,21.794513702392578,21.794063568115234,0.02381250262260437,4.505235483520664e-05,0.7907199263572693,0.05715300142765045,0.00019288221665192395,3.301194734239843e-11,10.0
2121,21.637535095214844,21.637054443359375,0.01789095066487789,4.809111851500347e-05,0.7880289554595947,0.059477899223566055,0.00021099620789755136,3.0165345915600383e-11,10.0
2122,21.221887588500977,21.22139549255371,0.014036469161510468,4.9128539103548974e-05,0.7954482436180115,0.03928600996732712,0.00021258206106722355,2.212633028186861e-11,10.0
2123,21.13466453552246,21.134105682373047,0.010188266634941101,5.581751247518696e-05,0.7919771671295166,0.04307810589671135,0.00030169912497512996,1.6408789257904566e-11,10.0
2124,21.264114379882812,21.26355743408203,0.009340829215943813,5.572591908276081e-05,0.801166832447052,0.03995409235358238,0.0002013425691984594,2.679894674229022e-11,10.0
2125,21.230897903442383,21.230594635009766,0.013838594779372215,3.029371509910561e-05,0.7838022708892822,0.05149771645665169,0.00021305518748704344,2.547872676728069e-11,10.0
2126,21.42251205444336,21.422258377075195,0.018097661435604095,2.5398263460374437e-05,0.7972535490989685,0.04144856706261635,0.00022617443755734712,2.3769895773906313e-11,10.0
2127,21.406368255615234,21.4061222076416,0.023039888590574265,2.4565357307437807e-05,0.7891537547111511,0.04394325241446495,0.0002701649209484458,2.741480653600803e-11,10.0
2128,21.716218948364258,21.715993881225586,0.027195120230317116,2.243158087367192e-05,0.7822171449661255,0.05910942703485489,0.0002949778863694519,1.7560300435981446e-11,10.0
2129,21.78952980041504,21.789329528808594,0.029021797701716423,2.004424277401995e-05,0.778712809085846,0.06376049667596817,0.00019495596643537283,3.649017893403439e-11,10.0
2130,21.831737518310547,21.831727981567383,0.029032394289970398,9.464548611504142e-07,0.7697016000747681,0.07443702220916748,0.0002452296030241996,1.551240559616307e-11,10.0
2131,21.58792495727539,21.587709426879883,0.026488857343792915,2.1480860596057028e-05,0.7772002816200256,0.059737302362918854,0.00020457127538975328,2.3818015268406434e-11,10.0
2132,21.307722091674805,21.307476043701172,0.022454753518104553,2.4670433049323037e-05,0.7869176268577576,0.04284369572997093,0.00020738394232466817,2.8866698961738102e-11,10.0
2133,21.394378662109375,21.39409637451172,0.018602680414915085,2.8142645533080213e-05,0.7901677489280701,0.04691487178206444,0.0001961803063750267,1.5540490769239135e-11,10.0
2134,21.267955780029297,21.26766014099121,0.01375932339578867,2.9470258596120402e-05,0.801136314868927,0.03574062138795853,0.00017549576296005398,2.1240807723810207e-11,10.0
2135,21.308008193969727,21.30767250061035,0.013445572927594185,3.35957738570869e-05,0.8068110346794128,0.031942032277584076,0.0002704902144614607,9.346690088563037e-12,10.0
2136,21.045047760009766,21.044677734375,0.009792930446565151,3.694710540003143e-05,0.7977741956710815,0.034144263714551926,0.00018914540123660117,1.8884845076616585e-11,10.0
2137,21.20675277709961,21.206384658813477,0.011330939829349518,3.685034971567802e-05,0.7949720621109009,0.04185204952955246,0.0002507641038391739,2.074816880803798e-11,10.0
2138,21.1708984375,21.170534133911133,0.011215384118258953,3.644638127298094e-05,0.7900617718696594,0.04544463008642197,0.00024896583636291325,2.0262947569849032e-11,10.0
2139,21.4790096282959,21.478473663330078,0.010500924661755562,5.3632229537470266e-05,0.7879467606544495,0.06061135232448578,0.00019960674399044365,3.340229134951578e-12,10.0
2140,21.2507266998291,21.25018882751465,0.012054618448019028,5.386756674852222e-05,0.764907956123352,0.07296323776245117,0.000204253286938183,2.6873805264449047e-11,10.0
2141,21.266904830932617,21.266407012939453,0.014270739629864693,4.971708040102385e-05,0.77659010887146,0.059702202677726746,0.0002330756396986544,2.0709064671442512e-11,10.0
2142,21.11119270324707,21.11067008972168,0.014498119242489338,5.2188392146490514e-05,0.7610116600990295,0.06884266436100006,0.00018583564087748528,2.0098459355133436e-11,10.0
2143,21.059167861938477,21.05860137939453,0.014120195060968399,5.66951566725038e-05,0.7736352682113647,0.054504286497831345,0.00021067455236334354,9.520182385480691e-12,10.0
2144,21.262540817260742,21.261953353881836,0.013724076561629772,5.87810791330412e-05,0.7678154110908508,0.0688631683588028,0.0001888240221887827,2.2049301620641337e-11,10.0
2145,21.148954391479492,21.148311614990234,0.011429939419031143,6.425994070013985e-05,0.7913385033607483,0.043075546622276306,0.000221158770727925,8.568136651565528e-12,10.0
2146,21.099191665649414,21.098590850830078,0.012144952081143856,6.01221872784663e-05,0.7836529016494751,0.048041172325611115,0.00026161372079513967,1.731495329060362e-11,10.0
2147,21.092111587524414,21.091535568237305,0.011939175426959991,5.764038360211998e-05,0.7859514951705933,0.04568968713283539,0.00020280154421925545,2.106500043841386e-11,10.0
2148,21.0330810546875,21.032392501831055,0.010088318027555943,6.882003071950749e-05,0.7807309031486511,0.050372228026390076,0.00026060527306981385,1.3775397489368402e-11,10.0
2149,21.06814956665039,21.067289352416992,0.009706989862024784,8.601620356785133e-05,0.7727957367897034,0.06011039391160011,0.00019619071099441499,1.67076942558797e-11,10.0
2150,21.460186004638672,21.459253311157227,0.008473354391753674,9.3308393843472e-05,0.7772436141967773,0.0725947842001915,0.0001458841288695112,4.419420992357592e-12,10.0
2151,20.97865104675293,20.97777557373047,0.007569226436316967,8.760089258430526e-05,0.7888593077659607,0.04261843115091324,0.0001603100827196613,3.032477741138351e-11,10.0
2152,20.95463752746582,20.953767776489258,0.006484378129243851,8.697305020177737e-05,0.7853130102157593,0.04626833274960518,0.00021247676340863109,1.594448358066547e-11,10.0
2153,20.9473934173584,20.946487426757812,0.005641438532620668,9.060101729119197e-05,0.7845886945724487,0.0475451722741127,0.0002106450410792604,2.2820545800272818e-11,10.0
2154,21.35429573059082,21.353288650512695,0.005238731857389212,0.00010068617120850831,0.7921861410140991,0.056605856865644455,0.0002522060531191528,1.8955640876394675e-11,10.0
2155,21.086313247680664,21.085372924804688,0.007238812744617462,9.402261639479548e-05,0.7916539907455444,0.044421423226594925,0.0002515982196200639,1.923276295168197e-11,10.0
2156,21.04475975036621,21.043834686279297,0.00900512095540762,9.24369232961908e-05,0.7866305708885193,0.046038441359996796,0.00019809389777947217,1.48791257092995e-11,10.0
2157,21.02002716064453,21.01913070678711,0.007454103324562311,8.968648035079241e-05,0.793956995010376,0.03926616907119751,0.00021995686984155327,1.2019068032498303e-11,10.0
2158,21.136489868164062,21.135639190673828,0.007483391091227531,8.51206059451215e-05,0.788463294506073,0.049373969435691833,0.00026236774283461273,2.3912935867564933e-11,10.0
2159,20.98488998413086,20.983983993530273,0.009618195705115795,9.069280349649489e-05,0.7685914635658264,0.06107056513428688,0.00019788065401371568,1.9646475418744203e-11,10.0
2160,21.036518096923828,21.035539627075195,0.007438603322952986,9.7848562290892e-05,0.7709903120994568,0.06291816383600235,0.000186395482160151,2.1412434325629448e-11,10.0
2161,21.264434814453125,21.263343811035156,0.00901311356574297,0.00010901767382165417,0.780257523059845,0.061194393783807755,0.00017180498980451375,3.4804880331973376e-12,10.0
2162,21.014482498168945,21.013263702392578,0.007126636803150177,0.00012192094436613843,0.7563302516937256,0.07697620242834091,0.0002437307412037626,1.890660891734619e-11,10.0
2163,21.136497497558594,21.13529396057129,0.006321258377283812,0.00012043958122376353,0.758202850818634,0.08081353455781937,0.00018541085592005402,1.5591512456114565e-11,10.0
2164,20.95119285583496,20.94417953491211,0.005256881471723318,0.0007014192524366081,0.7683607935905457,0.064069963991642,0.00019871992117259651,1.7336729274397555e-11,10.0
2165,21.12201499938965,21.08294105529785,0.006839954759925604,0.003907379228621721,0.7738818526268005,0.062490083277225494,0.00026428233832120895,1.0563179671241318e-11,10.0
2166,20.9714412689209,20.9446964263916,0.0069048465229570866,0.0026744783390313387,0.7768154144287109,0.053970616310834885,0.00024243997177109122,1.9234454307071047e-11,10.0
2167,20.91880989074707,20.867271423339844,0.005878147669136524,0.005153847858309746,0.7777218222618103,0.05100170150399208,0.00022311939392238855,2.1396528646078217e-11,10.0
2168,21.127792358398438,21.11683464050293,0.005400755442678928,0.0010958361672237515,0.7728898525238037,0.06629900634288788,0.00020935724023729563,1.058002123410784e-11,10.0
2169,20.993013381958008,20.942228317260742,0.007030578330159187,0.005078525748103857,0.7814807891845703,0.04908737167716026,0.00022603907564189285,2.8546255637085238e-11,10.0
2170,21.22147560119629,21.039831161499023,0.0058211674913764,0.018164359033107758,0.7856137156486511,0.05007009580731392,0.00022072957654017955,3.0664491779131e-11,10.0
2171,21.478225708007812,21.393070220947266,0.0053971633315086365,0.008515477180480957,0.7860328555107117,0.06420224159955978,0.00022625148994848132,2.003836332975517e-11,10.0
2172,21.280134201049805,21.23854637145996,0.005182887893170118,0.004158833064138889,0.7717961668968201,0.07247935235500336,0.00020858169591519982,1.6016778181526803e-11,10.0
2173,21.560434341430664,21.42510414123535,0.005293052643537521,0.013532985933125019,0.776348888874054,0.0752713680267334,0.0002272355486638844,1.3545527546843239e-11,10.0
2174,21.23467445373535,21.05498695373535,0.006240829825401306,0.017968785017728806,0.7849611043930054,0.05092652514576912,0.00017765967641025782,8.865164678739657e-12,10.0
2175,21.192310333251953,21.114070892333984,0.008013559505343437,0.007823999039828777,0.7813407778739929,0.055106714367866516,0.0002545284223742783,1.2714684340109361e-11,10.0
2176,21.034711837768555,21.012903213500977,0.008845046162605286,0.002180956769734621,0.7768738269805908,0.05471402034163475,0.0002079536352539435,1.839810075121573e-11,10.0
2177,20.996463775634766,20.980772018432617,0.008436605334281921,0.0015691093867644668,0.7742033004760742,0.05651070177555084,0.0002007326838793233,1.3063391514356315e-11,10.0
2178,21.300622940063477,21.289493560791016,0.011338715441524982,0.0011129938066005707,0.7510625123977661,0.08909622579813004,0.00020553676586132497,1.7711257807584424e-11,10.0
2179,21.16590118408203,21.155208587646484,0.011908010579645634,0.0010692381765693426,0.7666810750961304,0.06754443049430847,0.00018714884936343879,1.0006496499459505e-11,10.0
2180,21.317502975463867,21.304630279541016,0.008495018817484379,0.0012871985090896487,0.7666693329811096,0.07692829519510269,0.00023133492504712194,9.79434935932666e-12,10.0
2181,21.2181339263916,21.2066707611084,0.006168634630739689,0.0011462414404377341,0.7857303023338318,0.056269917637109756,0.00024482180015183985,1.9497653491740152e-11,10.0
2182,21.32659912109375,21.31324577331543,0.00876391027122736,0.001335412380285561,0.779449999332428,0.06423529237508774,0.0002016537036979571,2.2990465434191698e-11,10.0
2183,21.161130905151367,21.151809692382812,0.007081128656864166,0.0009321174002252519,0.7763254046440125,0.06256841868162155,0.0002435821807011962,7.413866395800106e-12,10.0
2184,21.482341766357422,21.47748374938965,0.008495192974805832,0.00048583935131318867,0.7566614151000977,0.09383977949619293,0.0002574321406427771,2.6725548857298165e-11,10.0
2185,21.19766616821289,21.195066452026367,0.010723218321800232,0.00025997799821197987,0.7853838801383972,0.05160243436694145,0.0002328831615159288,2.2748559980190208e-11,10.0
2186,21.158960342407227,21.15143585205078,0.008341898210346699,0.0007523866952396929,0.7817882895469666,0.05582490935921669,0.0002559571003075689,2.1161140548175972e-11,10.0
2187,21.10138511657715,21.092140197753906,0.006414103787392378,0.0009243994136340916,0.7923789620399475,0.044809307903051376,0.00020789164409507066,1.972111883519201e-11,10.0
2188,21.200563430786133,21.190662384033203,0.00809756200760603,0.0009900110308080912,0.7982924580574036,0.04114619269967079,0.00022575676848646253,1.7331231935702185e-11,10.0
2189,21.104368209838867,21.09440803527832,0.009557053446769714,0.0009960439056158066,0.7923009395599365,0.041838351637125015,0.00019988487474620342,1.7148088504725933e-11,10.0
2190,21.18539047241211,21.17293930053711,0.006936114281415939,0.0012451772345229983,0.797478437423706,0.042412616312503815,0.0002259934990433976,1.563668985959943e-11,10.0
2191,21.27060317993164,21.25421142578125,0.006317985709756613,0.001639102352783084,0.7882352471351624,0.05550720542669296,0.00027000767295248806,1.766608907771694e-11,10.0
2192,21.100738525390625,21.084918975830078,0.006255513057112694,0.0015818612882867455,0.7862663269042969,0.05077854543924332,0.00024085398763418198,1.523855347462799e-11,10.0
2193,21.120832443237305,21.104442596435547,0.007130046375095844,0.0016389965312555432,0.7879154086112976,0.049031518399715424,0.0002518477849662304,1.469039820345408e-11,10.0
2194,20.98395538330078,20.97418785095215,0.0066674379631876945,0.0009767877636477351,0.7794402241706848,0.052776556462049484,0.00020822149235755205,1.764326705566699e-11,10.0
2195,21.27396583557129,21.26732063293457,0.006110618356615305,0.0006644923123531044,0.7795471549034119,0.06494943797588348,0.0002142803859896958,2.7600047247666737e-11,10.0
2196,20.996706008911133,20.99112892150879,0.006768164224922657,0.0005577201372943819,0.7841725945472717,0.04861246049404144,0.00022981521033216268,1.50433537154937e-11,10.0
2197,21.04099464416504,21.030105590820312,0.007970564067363739,0.0010888781398534775,0.7873691320419312,0.0457744374871254,0.00022506459208671004,1.7039916352934448e-11,10.0
2198,20.89832878112793,20.891681671142578,0.0053293234668672085,0.0006647034315392375,0.7737849354743958,0.056462764739990234,0.00022538039775099605,1.514325470575173e-11,10.0
2199,20.958101272583008,20.956186294555664,0.008182205259799957,0.00019158994837198406,0.7849162817001343,0.04507175832986832,0.00019285229791421443,6.196261385926771e-12,10.0
2200,20.861127853393555,20.86086082458496,0.006999222561717033,2.6734238417702727e-05,0.7724480032920837,0.054892946034669876,0.00023575038358103484,1.2956490047510982e-11,10.0
2201,20.94381332397461,20.94379997253418,0.005911657121032476,1.3509919654097757e-06,0.7770481705665588,0.05469385161995888,0.00024580283206887543,1.4000087547594298e-11,10.0
2202,20.894084930419922,20.89408302307129,0.006227307021617889,1.0972154740329643e-07,0.7745615243911743,0.05488249287009239,0.0002298665203852579,1.4093922209856835e-11,10.0
2203,21.24283790588379,21.242835998535156,0.006098817102611065,2.638967941948067e-07,0.764421820640564,0.07910563796758652,0.0002179317525587976,1.6398479796286836e-11,10.0
2204,20.917308807373047,20.91730308532715,0.004560704343020916,6.163727448438294e-07,0.7848722338676453,0.04717894271016121,0.00020057374786119908,2.0701164740732914e-11,10.0
2205,20.868879318237305,20.868873596191406,0.0036351876333355904,4.918176159662835e-07,0.7812644243240356,0.049786508083343506,0.00017206957272719592,1.7334449847750122e-11,10.0
2206,20.972707748413086,20.972702026367188,0.005328994244337082,6.188748216118256e-07,0.7859107851982117,0.0475996732711792,0.00017172361549455673,2.8600947565154966e-12,10.0
2207,20.828704833984375,20.828699111938477,0.003817392513155937,5.538360028367606e-07,0.7881309390068054,0.04112008959054947,0.00019889185205101967,1.8125013642733556e-11,10.0
2208,20.887615203857422,20.88760757446289,0.004684261977672577,7.32653802515415e-07,0.7867403626441956,0.04399924352765083,0.00020104111172258854,1.35645938925677e-11,10.0
2209,20.965404510498047,20.96539878845215,0.006644074805080891,5.098547148918442e-07,0.7692817449569702,0.06261543929576874,0.00018665699462871999,2.1307792336111575e-11,10.0
2210,20.853214263916016,20.85321044921875,0.005894794594496489,4.3894127088606183e-07,0.7724180221557617,0.055727552622556686,0.0002201846073148772,1.0483965258434313e-11,10.0
2211,20.8524227142334,20.852420806884766,0.006199501920491457,2.488601467121043e-07,0.7763768434524536,0.05142705515027046,0.00023337815946433693,1.776714018963954e-11,10.0
2212,20.91141128540039,20.911409378051758,0.007366051897406578,1.9667908190967864e-07,0.7651479840278625,0.06386148184537888,0.00020226174092385918,1.1900308863332931e-11,10.0
2213,20.987396240234375,20.987394332885742,0.006163916550576687,1.339774229336399e-07,0.7897921204566956,0.04345567896962166,0.00021021805878262967,1.2175579988671359e-11,10.0
2214,20.79623031616211,20.796228408813477,0.004511076025664806,2.170513511146055e-07,0.7614767551422119,0.06579644232988358,0.0001621965493541211,2.0517941512476767e-11,10.0
2215,20.914506912231445,20.914505004882812,0.006284346804022789,1.6161587268470612e-07,0.7719430327415466,0.058271266520023346,0.00020398928609210998,1.2245831085277992e-11,10.0
2216,20.920310974121094,20.920310974121094,0.006671214941889048,5.99165232983978e-08,0.7801657319068909,0.04988027364015579,0.00023800924827810377,1.6975174738087517e-11,10.0
2217,20.957246780395508,20.957246780395508,0.003979014232754707,3.252019986632604e-09,0.7809264063835144,0.05332028120756149,0.00016028981190174818,2.5224345182039976e-11,10.0
2218,20.94056510925293,20.94056510925293,0.005119458772242069,5.2619815171794926e-09,0.7512645721435547,0.08113959431648254,0.00024729891447350383,2.089031204965952e-11,10.0
2219,20.96989631652832,20.96989631652832,0.004543031565845013,1.0118214710530538e-08,0.7845010757446289,0.04966441169381142,0.00021851294150110334,1.8755249089896786e-11,10.0
2220,20.85530662536621,20.85530662536621,0.004840815905481577,1.9424362562858732e-08,0.7593774795532227,0.06990495324134827,0.00022253555653151125,2.0175817613821145e-11,10.0
2221,20.890230178833008,20.890230178833008,0.004253256134688854,2.8026006404502368e-08,0.777344286441803,0.05393187329173088,0.00019941902428399771,2.6350206738801063e-11,10.0
2222,20.927656173706055,20.927656173706055,0.005240925122052431,4.653147200883723e-08,0.7826375365257263,0.0491456463932991,0.00020520926045719534,2.1308612860315712e-11,10.0
2223,20.98809814453125,20.98809814453125,0.004543055780231953,5.118612023125024e-08,0.7835887670516968,0.051321160048246384,0.00017722447228152305,1.9186516958535904e-11,10.0
2224,20.91221809387207,20.91221809387207,0.0064950743690133095,4.695074906635455e-08,0.7786144614219666,0.05128997936844826,0.00022322226141113788,1.7113491179721052e-11,10.0
2225,20.88479232788086,20.88479232788086,0.005284458864480257,3.0767935754738573e-08,0.7809549570083618,0.04907459393143654,0.0001940889487741515,2.4337545867503252e-11,10.0
2226,20.903799057006836,20.903799057006836,0.0055823358707129955,3.052966235372878e-08,0.7806020975112915,0.04989892616868019,0.0001715325197437778,1.2515378490507434e-11,10.0
2227,20.93936538696289,20.93936538696289,0.004879225976765156,4.1501188263737276e-08,0.7709255218505859,0.06169109418988228,0.0001970308949239552,2.1048187498484694e-11,10.0
2228,21.154146194458008,21.154146194458008,0.005952933803200722,4.2387554799461213e-08,0.7717775106430054,0.06834885478019714,0.0002164799952879548,8.688789271404929e-12,10.0
2229,21.027530670166016,21.027530670166016,0.005541864316910505,5.8434814320662554e-08,0.7889396548271179,0.04653411731123924,0.00021403869322966784,5.4535898366681046e-12,10.0
2230,21.072166442871094,21.072166442871094,0.004643569700419903,5.1818201285414034e-08,0.780004620552063,0.05815323069691658,0.00021301516972016543,2.483224910421189e-11,10.0
2231,20.854995727539062,20.854995727539062,0.00400220463052392,7.851424044247324e-08,0.7613891363143921,0.06872878223657608,0.00019920682825613767,2.0218151805528883e-11,10.0
2232,20.998491287231445,20.998489379882812,0.003575027221813798,1.1284954126722369e-07,0.760027289390564,0.07627355307340622,0.00015899894060567021,1.8974124355031208e-11,10.0
2233,20.864351272583008,20.864349365234375,0.003916383255273104,1.0844488684824682e-07,0.7683413028717041,0.0622335784137249,0.00020683143520727754,1.469360570716116e-11,10.0
2234,20.954378128051758,20.954376220703125,0.00462659215554595,1.078894982242673e-07,0.767558753490448,0.06589005142450333,0.00024910265346989036,1.487868162008965e-11,10.0
2235,21.090890884399414,21.09088897705078,0.004877855069935322,1.293220179832133e-07,0.7930338978767395,0.0456571988761425,0.00016655428044032305,4.92453300360296e-12,10.0
2236,20.866884231567383,20.86688232421875,0.005334785673767328,1.6684762726981717e-07,0.774347186088562,0.05491381883621216,0.00019885726214852184,1.7347682318424873e-11,10.0
2237,20.83371353149414,20.833711624145508,0.004652970004826784,1.457779887914512e-07,0.7804957032203674,0.04812036082148552,0.00019882048945873976,1.3069429219414452e-11,10.0
2238,21.016437530517578,21.016435623168945,0.0049496907740831375,1.3695974132588162e-07,0.7861460447311401,0.04946446046233177,0.00024307669082190841,1.3341864071869658e-11,10.0
2239,20.863157272338867,20.863155364990234,0.004684018436819315,1.0037609143864756e-07,0.7656511068344116,0.06409542262554169,0.0002392493624938652,2.0450200560739873e-11,10.0
2240,20.85561180114746,20.855609893798828,0.004372545517981052,1.203770949587124e-07,0.7819112539291382,0.04786735028028488,0.00018318289949093014,9.358155743377505e-12,10.0
2241,20.90918731689453,20.9091854095459,0.004724296275526285,1.445184381054787e-07,0.770594596862793,0.06097521632909775,0.00018326130521018058,2.1155174834142088e-11,10.0
2242,20.89805793762207,20.898056030273438,0.0033032868523150682,1.0633452518504782e-07,0.7773539423942566,0.05519162118434906,0.00018334020569454879,1.974532516657579e-11,10.0
2243,20.963579177856445,20.963579177856445,0.0035452512092888355,8.66620339934343e-08,0.757189929485321,0.07773752510547638,0.00017623364692553878,1.4067213539858958e-11,10.0
2244,20.97203826904297,20.972036361694336,0.004041700623929501,1.1288226176020544e-07,0.7752872109413147,0.05945665016770363,0.00023968338791746646,1.655948121681572e-11,10.0
2245,21.045612335205078,21.045610427856445,0.002822600770741701,1.310297079726297e-07,0.7768294811248779,0.062099818140268326,0.00018134096171706915,2.658839294567006e-11,10.0
2246,20.876216888427734,20.8762149810791,0.004107029177248478,9.778692344752926e-08,0.7915956377983093,0.039276182651519775,0.00017425634723622352,1.6628311574895527e-11,10.0
2247,20.815372467041016,20.815372467041016,0.002096444834023714,3.994745156887802e-08,0.7899983525276184,0.04045241326093674,0.000169112638104707,2.0601539571507566e-11,10.0
2248,20.92894744873047,20.92894744873047,0.004438052885234356,1.5397363384295204e-08,0.7860459089279175,0.046594563871622086,0.00019855111895594746,9.926384367253682e-12,10.0
2249,20.984521865844727,20.984521865844727,0.004663123283535242,1.5501285588470637e-08,0.7656727433204651,0.06895865499973297,0.00021585299691651016,1.0766749471147197e-11,10.0
2250,20.775463104248047,20.775463104248047,0.0030489074997603893,4.291102939646407e-08,0.7689080834388733,0.058985836803913116,0.00018929963698610663,1.860748187476613e-11,10.0
2251,20.818683624267578,20.818681716918945,0.002711944282054901,1.9455924871181196e-07,0.7689015865325928,0.06106015667319298,0.00018393259961158037,1.6738763153334446e-11,10.0
2252,20.924171447753906,20.924161911010742,0.003710853634402156,9.615747558200383e-07,0.78679358959198,0.046372104436159134,0.00022486397938337177,1.86743363828068e-11,10.0
2253,20.810373306274414,20.810335159301758,0.0034707454033195972,3.848369033221388e-06,0.7692866921424866,0.05957205966114998,0.0002095528761856258,1.537455752986805e-11,10.0
2254,20.865636825561523,20.865476608276367,0.003734753467142582,1.59421433636453e-05,0.7886057496070862,0.042208608239889145,0.0001748851645970717,1.5473516565278622e-11,10.0
2255,20.785259246826172,20.784879684448242,0.0032896455377340317,3.79205885110423e-05,0.7649233937263489,0.06310431659221649,0.00019456337031442672,1.801395664580152e-11,10.0
2256,20.8800048828125,20.879072189331055,0.002503223717212677,9.330226021120325e-05,0.7822062969207764,0.050366565585136414,0.00021704129176214337,1.919987259457745e-11,10.0
2257,20.839008331298828,20.81113624572754,0.002476091030985117,0.0027872954960912466,0.7691649794578552,0.060740452259778976,0.00015983611228875816,1.3801538037427896e-11,10.0
2258,20.8426456451416,20.817934036254883,0.004375779069960117,0.002471198560670018,0.7646471858024597,0.06361198425292969,0.00020598620176315308,1.9888073826690444e-11,10.0
2259,20.845781326293945,20.81268882751465,0.00274061132222414,0.0033092531375586987,0.7668752670288086,0.06282331049442291,0.00017072154150810093,1.2991168904519235e-11,10.0
2260,21.01348114013672,20.94981575012207,0.003451200667768717,0.006366454064846039,0.7780000567436218,0.05644166097044945,0.00024937884882092476,1.8799774237354683e-11,10.0
2261,20.874839782714844,20.822362899780273,0.002856041770428419,0.005247598048299551,0.7768207788467407,0.053144946694374084,0.00018195142911281437,2.118883540846994e-11,10.0
2262,21.047910690307617,21.014625549316406,0.0039466856978833675,0.0033285999670624733,0.7728859782218933,0.06368538737297058,0.0001675588428042829,9.625420252512562e-12,10.0
2263,20.97928237915039,20.9544734954834,0.0039001847617328167,0.00248080980964005,0.7744442224502563,0.05975017696619034,0.00021118017320986837,1.4876527093532488e-11,10.0
2264,21.083520889282227,21.07060432434082,0.0029565724544227123,0.0012917041312903166,0.7734993100166321,0.06627904623746872,0.000223092851229012,1.6096108820806698e-11,10.0
2265,21.015859603881836,20.98244285583496,0.004885897971689701,0.0033416992519050837,0.7716567516326904,0.06266998499631882,0.00021290879521984607,1.950712334719551e-11,10.0
2266,21.024377822875977,20.951622009277344,0.0061279889196157455,0.007275547366589308,0.7705907225608826,0.06125212460756302,0.00023500825045630336,1.9494367925476652e-11,10.0
2267,21.492055892944336,21.305559158325195,0.005296720657497644,0.018649740144610405,0.7762439846992493,0.07057520747184753,0.00026621544384397566,1.8268938445364924e-11,10.0
2268,21.39075469970703,21.293752670288086,0.004036596976220608,0.009700240567326546,0.8159570693969727,0.031665485352277756,0.00022749217168893665,1.543199942832807e-11,10.0
2269,20.92987060546875,20.89354133605957,0.003668920835480094,0.003632953856140375,0.7818526029586792,0.05014503002166748,0.00018783968698699027,1.5539580039414247e-11,10.0
2270,21.24627685546875,21.22556495666504,0.0072939833626151085,0.0020711300894618034,0.8114417195320129,0.03018670342862606,0.0002503804280422628,4.441961121842697e-12,10.0
2271,21.053646087646484,20.973302841186523,0.005640186369419098,0.008034378290176392,0.799566924571991,0.03362061083316803,0.0002608919166959822,1.5054233901135028e-11,10.0
2272,21.41703224182129,21.214006423950195,0.003930526785552502,0.02030266635119915,0.7888835668563843,0.05566783621907234,0.000195828135474585,2.50759656095223e-11,10.0
2273,21.457738876342773,21.275875091552734,0.007505500689148903,0.018186358734965324,0.7866334319114685,0.05681878328323364,0.00019315490499138832,1.1071162216158559e-11,10.0
2274,21.127817153930664,21.03527069091797,0.006682336330413818,0.009254634380340576,0.7913855314254761,0.043245580047369,0.00024355429923161864,1.0865358092415622e-11,10.0
2275,22.201683044433594,22.197467803955078,0.007770793046802282,0.00042144846520386636,0.75206458568573,0.12797796726226807,0.00021348595328163356,1.854717247840032e-11,10.0
2276,21.274715423583984,21.163490295410156,0.005469364579766989,0.011122491210699081,0.7789016962051392,0.06207341328263283,0.0002378230419708416,2.2679030528549582e-11,10.0
2277,21.24951934814453,21.076379776000977,0.007139995694160461,0.017314007505774498,0.768157422542572,0.0676659494638443,0.00022966350661590695,1.385573166617915e-11,10.0
2278,21.057451248168945,20.92277717590332,0.005476813763380051,0.013467359356582165,0.7710180878639221,0.06032930314540863,0.00021729274885728955,1.7550121078624414e-11,10.0
2279,20.94585418701172,20.89581298828125,0.004914568737149239,0.005004117265343666,0.7851009368896484,0.045734480023384094,0.00020638848945964128,1.744550164051173e-11,10.0
2280,21.14514923095703,21.122861862182617,0.004881647415459156,0.0022287771571427584,0.7887448072433472,0.05120135843753815,0.00021669240959454328,1.982700288671868e-11,10.0
2281,21.010425567626953,20.96011734008789,0.006805412471294403,0.005030862521380186,0.7826963663101196,0.04882553964853287,0.00019347539637237787,1.3870481152533642e-11,10.0
2282,21.165494918823242,21.047773361206055,0.006882492918521166,0.011772074736654758,0.7840233445167542,0.05091698095202446,0.00022021519544068724,1.7245902622642362e-11,10.0
2283,21.47720718383789,21.345443725585938,0.007291197311133146,0.013176384381949902,0.773689329624176,0.07275395095348358,0.0002080449921777472,1.6116717335701303e-11,10.0
2284,21.742515563964844,21.684497833251953,0.007089128717780113,0.005801862105727196,0.7632473111152649,0.09696803241968155,0.0001887275284389034,1.992137531325877e-11,10.0
2285,21.46307373046875,21.441192626953125,0.008955296128988266,0.0021880820859223604,0.7547937631607056,0.09382062405347824,0.00019502511713653803,1.2131717505581285e-11,10.0
2286,21.340673446655273,21.328508377075195,0.011590339243412018,0.0012164723593741655,0.7707537412643433,0.07069681584835052,0.0002487475285306573,1.7040435035253765e-11,10.0
2287,21.18817138671875,21.169986724853516,0.010667030699551105,0.0018183947540819645,0.7747958898544312,0.06126051023602486,0.00018998980522155762,1.3365143193555529e-11,10.0
2288,21.63306427001953,21.609949111938477,0.010328643023967743,0.0023115971125662327,0.8015871644020081,0.05240174010396004,0.0002009675226872787,2.2527056608989682e-11,10.0
2289,21.19844627380371,21.161054611206055,0.010865196585655212,0.003739209147170186,0.7919637560844421,0.043504901230335236,0.0002711275883484632,7.846788323273568e-12,10.0
2290,21.382854461669922,21.339677810668945,0.013505563139915466,0.004317632410675287,0.8120948076248169,0.027883995324373245,0.0002568358613643795,1.6326804491706426e-11,10.0
2291,21.279359817504883,21.25839614868164,0.012255663983523846,0.002096321899443865,0.8006641268730164,0.03734908625483513,0.00016754213720560074,1.982594644012181e-11,10.0
2292,21.247072219848633,21.245683670043945,0.01206326112151146,0.00013887532986700535,0.7996225357055664,0.03804010525345802,0.0002536668034736067,1.5101742772971605e-11,10.0
2293,21.331710815429688,21.33026885986328,0.012432653456926346,0.00014413127792067826,0.794531524181366,0.04618801176548004,0.0001463052030885592,1.5741153172599276e-11,10.0
2294,21.33617401123047,21.33485984802246,0.011152968741953373,0.0001314771652687341,0.7754427790641785,0.06671125441789627,0.00021837423264514655,1.8578841590177753e-11,10.0
2295,21.566448211669922,21.564985275268555,0.007743557915091515,0.00014631605881731957,0.7759436368942261,0.07883761078119278,0.00018670466670300812,2.5819745647082115e-11,10.0
2296,21.057607650756836,21.056150436401367,0.005718869157135487,0.00014564018056262285,0.7807508707046509,0.05568992719054222,0.00021599861793220043,1.2906591594086247e-11,10.0
2297,21.22878646850586,21.227651596069336,0.006165935192257166,0.00011345988605171442,0.8075380325317383,0.035324253141880035,0.00019475274893920869,6.986331218400421e-12,10.0
2298,21.161348342895508,21.160585403442383,0.00680641271173954,7.624990394106135e-05,0.7845407128334045,0.05499454587697983,0.0002044148277491331,1.4546024974804173e-11,10.0
2299,21.123783111572266,21.12317657470703,0.007966934703290462,6.062964166630991e-05,0.7890411019325256,0.04785025119781494,0.00017184222815558314,1.771287283514056e-11,10.0
2300,21.203819274902344,21.2034854888916,0.01168966293334961,3.331241896376014e-05,0.7898687124252319,0.04649815335869789,0.0002070888876914978,1.7302645427541563e-11,10.0
2301,21.13533592224121,21.135147094726562,0.012847263365983963,1.8852395442081615e-05,0.7829267978668213,0.04956352710723877,0.00017076059884857386,1.6128270594051308e-11,10.0
2302,21.151416778564453,21.151321411132812,0.012217615731060505,9.505887646810152e-06,0.8007094860076904,0.03303651884198189,0.00022309226915240288,1.8314823616027986e-11,10.0
2303,21.260923385620117,21.260883331298828,0.01447511650621891,4.0141362660506275e-06,0.7884606122970581,0.04742356017231941,0.00019023242930416018,1.1565173298200282e-11,10.0
2304,21.328351974487305,21.328336715698242,0.012949026189744473,1.5089102589627146e-06,0.7680276036262512,0.07208926230669022,0.00016915181186050177,1.2958449417677098e-11,10.0
2305,21.106216430664062,21.106210708618164,0.012056523002684116,4.991791229258524e-07,0.781057596206665,0.0510547049343586,0.00019915624579880387,9.499488001774026e-12,10.0
2306,21.167200088500977,21.167198181152344,0.011159599758684635,1.5684767618040496e-07,0.7677211165428162,0.0677272155880928,0.00020009023137390614,1.4128936735857689e-11,10.0
2307,21.306442260742188,21.306442260742188,0.010697640478610992,5.168253736087536e-08,0.7779185771942139,0.0635540708899498,0.0002186214696848765,5.760199175280922e-12,10.0
2308,21.109485626220703,21.109485626220703,0.008721604011952877,1.758060186318744e-08,0.7761490941047668,0.0594346784055233,0.00018528971122577786,1.8299499068841207e-11,10.0
2309,20.956867218017578,20.956867218017578,0.006880668923258781,8.80641248812708e-09,0.7770557403564453,0.05423874780535698,0.0002489668841008097,1.6606441916033887e-11,10.0
2310,20.912595748901367,20.912595748901367,0.006272435188293457,7.152712200308997e-09,0.775930643081665,0.05421382561326027,0.00021746777929365635,1.193871043692063e-11,10.0
2311,21.00635528564453,21.00635528564453,0.007241308223456144,1.3708347346153005e-08,0.7679712176322937,0.06497101485729218,0.00017686102364677936,1.4550170096550019e-11,10.0
2312,20.975637435913086,20.975637435913086,0.00757468631491065,2.361725570665385e-08,0.7931943535804749,0.03818456828594208,0.00017958156240638345,1.0095996087755577e-11,10.0
2313,21.191322326660156,21.191322326660156,0.010560392402112484,5.235324707086875e-08,0.7798605561256409,0.057134997099637985,0.0002423956902930513,1.384513337310267e-11,10.0
2314,21.039093017578125,21.039093017578125,0.010421141050755978,6.957195264334359e-09,0.7809785008430481,0.05009959265589714,0.00016142961976584047,2.417098639295734e-11,10.0
2315,21.04131317138672,21.041309356689453,0.01307117659598589,3.642468016096245e-07,0.7775295376777649,0.05095697566866875,0.00023661786690354347,1.95021342824786e-11,10.0
2316,21.052562713623047,21.05255889892578,0.011073575355112553,3.038244074105023e-07,0.7794005870819092,0.05155964195728302,0.0001712934608804062,1.2859428799583128e-11,10.0
2317,21.27259635925293,21.272377014160156,0.009786443784832954,2.188365579058882e-05,0.7957108616828918,0.045310888439416885,0.00021732645109295845,1.591519797894403e-11,10.0
2318,21.030576705932617,21.026325225830078,0.009969312697649002,0.00042517183464951813,0.7915918827056885,0.039414796978235245,0.00019244826398789883,1.7641582639171816e-11,10.0
2319,21.130382537841797,21.111597061157227,0.008672374300658703,0.0018785420106723905,0.7837856411933899,0.051931578665971756,0.00018550896493252367,1.1300613222964273e-11,10.0
2320,20.983091354370117,20.96639060974121,0.008715860545635223,0.0016700297128409147,0.7690640091896057,0.06080041825771332,0.00018831861962098628,1.2844684517399063e-11,10.0
2321,20.992210388183594,20.97698402404785,0.007748099509626627,0.0015226572286337614,0.7693420052528381,0.061905160546302795,0.00021014803496655077,1.7282869579915427e-11,10.0
2322,21.062618255615234,21.036487579345703,0.006260767113417387,0.002613089745864272,0.7814416289329529,0.05369764566421509,0.0001485457323724404,1.6400082680778638e-11,10.0
2323,21.03911590576172,21.000032424926758,0.004953982774168253,0.0039084055460989475,0.783615231513977,0.05136474594473839,0.00016820953169371933,1.4332951492335155e-11,10.0
2324,20.912315368652344,20.877613067626953,0.005236207973212004,0.0034701870754361153,0.7704452276229858,0.05934204161167145,0.0002025732974288985,1.3661177224177923e-11,10.0
2325,20.86079978942871,20.837846755981445,0.005100516136735678,0.0022953336592763662,0.7629135251045227,0.06541477143764496,0.0002128367341356352,1.9209885418480788e-11,10.0
2326,20.918190002441406,20.89896011352539,0.0043745990842580795,0.0019230195321142673,0.7755883932113647,0.055923085659742355,0.00018081282905768603,2.049898098488434e-11,10.0
2327,20.855819702148438,20.839221954345703,0.004359235987067223,0.0016597273061051965,0.779157817363739,0.04998764023184776,0.00016056823369581252,1.147079740221324e-11,10.0
2328,20.890705108642578,20.885560989379883,0.005113270133733749,0.0005143523449078202,0.7890806794166565,0.04114631563425064,0.00020551351190079004,1.569369113829655e-11,10.0
2329,21.07080841064453,21.059993743896484,0.0056440215557813644,0.0010814904235303402,0.7701613306999207,0.06651953607797623,0.00018715753685683012,9.778981444052981e-12,10.0
2330,21.188419342041016,21.16349983215332,0.006038049701601267,0.002491862280294299,0.7758159041404724,0.06460260599851608,0.0002087304601445794,1.3021373909682943e-11,10.0
2331,21.799833297729492,21.76099967956543,0.009265604428946972,0.0038833313155919313,0.7803699374198914,0.08071066439151764,0.00023444124963134527,3.815790131783681e-12,10.0
2332,21.17313575744629,21.07543182373047,0.007523524574935436,0.009770441800355911,0.7903215289115906,0.0450921468436718,0.00020021146337967366,1.4606029927199948e-11,10.0
2333,21.13764762878418,21.088890075683594,0.008267726749181747,0.004875747486948967,0.7942044734954834,0.041009921580553055,0.00018374125647824258,1.493092455229217e-11,10.0
2334,21.16532325744629,21.142980575561523,0.008868858218193054,0.0022342572920024395,0.8075429797172546,0.029239369556307793,0.00017006538109853864,2.3359302339653887e-11,10.0
2335,21.13170623779297,21.120220184326172,0.009886584244668484,0.0011485654395073652,0.7986705303192139,0.03617153689265251,0.00020051201863680035,1.1734673129037976e-11,10.0
2336,21.29668617248535,21.285051345825195,0.010415052063763142,0.001163568114861846,0.7857382297515869,0.05517380312085152,0.00018753953918348998,8.982511782995584e-12,10.0
2337,21.441707611083984,21.39337158203125,0.008105152286589146,0.004833661485463381,0.777942419052124,0.06960296630859375,0.00021069285867270082,2.0142802356626355e-11,10.0
2338,21.23377799987793,21.12200164794922,0.009166231378912926,0.01117756124585867,0.7914599776268005,0.04417300224304199,0.0002021096443058923,1.2911405451732083e-11,10.0
2339,21.322410583496094,21.189838409423828,0.006978953257203102,0.013257202692329884,0.7783774137496948,0.06215548887848854,0.000204340904019773,1.4077097126863336e-11,10.0
2340,21.52452850341797,21.424673080444336,0.008390181697905064,0.009985489770770073,0.7683737277984619,0.08013143390417099,0.00022893135610502213,1.1354276026331878e-11,10.0
2341,21.45602798461914,21.40961265563965,0.0067360615357756615,0.004641556181013584,0.7714031338691711,0.07816670835018158,0.00019654053903650492,1.520427533874269e-11,10.0
2342,21.19563102722168,21.195518493652344,0.005470735020935535,1.126665847550612e-05,0.7672416567802429,0.07502973824739456,0.0001964139664778486,1.4371314902006382e-11,10.0
2343,21.065608978271484,21.01994514465332,0.0075111668556928635,0.0045663584023714066,0.7764760255813599,0.056732047349214554,0.0001965519622899592,1.1437011927795115e-11,10.0
2344,21.66259002685547,21.56328582763672,0.005429050885140896,0.009930447675287724,0.7584455609321594,0.09859392046928406,0.00015719833027105778,1.16905183450422e-11,10.0
2345,21.081729888916016,20.968807220458984,0.005178656429052353,0.011292194947600365,0.7747761011123657,0.05873316526412964,0.00016102784138638526,1.1844735262056538e-11,10.0
2346,21.16559410095215,21.08615493774414,0.006962604355067015,0.007943990640342236,0.7799453735351562,0.05645351856946945,0.00021170575928408653,1.0169149376737519e-11,10.0
2347,21.146087646484375,21.10871124267578,0.008165763691067696,0.0037376759573817253,0.7838289141654968,0.0522734634578228,0.00020089368626940995,1.4261482619848387e-11,10.0
2348,21.301801681518555,21.287837982177734,0.010016076266765594,0.001396456267684698,0.7883778810501099,0.053040698170661926,0.00019694578077178448,1.106002008727236e-11,10.0
2349,21.341909408569336,21.318334579467773,0.01309620589017868,0.0023574926890432835,0.7710122466087341,0.06854455918073654,0.00020088162273168564,1.506254669603191e-11,10.0
2350,21.908666610717773,21.868032455444336,0.015652840957045555,0.004063363187015057,0.7523667812347412,0.1066218763589859,0.00019946484826505184,1.5316250004393517e-11,10.0
2351,21.61397361755371,21.541749954223633,0.014524507336318493,0.00722235394641757,0.7659630179405212,0.08110395818948746,0.00019636091019492596,9.200619432991886e-12,10.0
2352,21.591463088989258,21.473543167114258,0.01745561510324478,0.011792072094976902,0.7732354998588562,0.06816481053829193,0.00021460006246343255,1.2455594715354845e-11,10.0
2353,21.36493492126465,21.323366165161133,0.014426061883568764,0.004156934563070536,0.7879838347434998,0.05045001581311226,0.00018683564849197865,9.139977837080426e-12,10.0
2354,21.3062686920166,21.279373168945312,0.011977874673902988,0.0026894970797002316,0.7908681631088257,0.04825974628329277,0.000172980478964746,1.025062500159546e-11,10.0
2355,21.22896385192871,21.217859268188477,0.012441637925803661,0.0011104292934760451,0.7937652468681335,0.042435385286808014,0.00018027587793767452,1.6012764031403393e-11,10.0
2356,21.323545455932617,21.3199520111084,0.014348352327942848,0.00035928035504184663,0.7742845416069031,0.06409753859043121,0.00016924798546824604,1.1024853772967358e-11,10.0
2357,21.175064086914062,21.166919708251953,0.010532179847359657,0.0008145300671458244,0.7920026779174805,0.04406941309571266,0.00018111523240804672,1.2628958642735277e-11,10.0
2358,21.166606903076172,21.156190872192383,0.009470038115978241,0.0010415640426799655,0.7872982025146484,0.04939300939440727,0.00021599345200229436,7.98266574369988e-12,10.0
2359,21.128217697143555,21.115264892578125,0.010381778702139854,0.0012953554978594184,0.7810895442962646,0.05306895822286606,0.00017578103870619088,8.024570591347313e-12,10.0
2360,21.290109634399414,21.267362594604492,0.009845576249063015,0.0022747840266674757,0.8114632964134216,0.029321061447262764,0.00016142976528499275,1.2934192779312514e-11,10.0
2361,21.096843719482422,21.065540313720703,0.009920982643961906,0.0031302524730563164,0.7774587869644165,0.05516725406050682,0.00018652697326615453,8.607188746456718e-12,10.0
2362,21.02604866027832,21.005550384521484,0.007644171826541424,0.002049907809123397,0.7828472852706909,0.04965240880846977,0.00019529461860656738,1.2672695358373343e-11,10.0
2363,21.093219757080078,21.083173751831055,0.008346464484930038,0.00100466120056808,0.7868868708610535,0.048010002821683884,0.00020881503587588668,1.2159572827796783e-11,10.0
2364,21.101947784423828,21.086502075195312,0.0069806622341275215,0.0015445041935890913,0.7963138222694397,0.04009344056248665,0.000180239396286197,1.0767823264978826e-11,10.0
2365,21.394567489624023,21.378456115722656,0.005864829756319523,0.001611111219972372,0.8049709796905518,0.04423900693655014,0.000158366106916219,1.541486036038542e-11,10.0
2366,21.05056381225586,21.047115325927734,0.007373490370810032,0.00034477535518817604,0.775160014629364,0.05927728861570358,0.00018456611724104732,1.574121215319746e-11,10.0
2367,21.09428596496582,21.094120025634766,0.008256379514932632,1.6555703041376546e-05,0.8004294633865356,0.03500436618924141,0.0001865287049440667,7.753776787300382e-12,10.0
2368,21.274580001831055,21.27457618713379,0.008964447304606438,3.248250664000807e-07,0.8020183444023132,0.039890363812446594,0.0002746708632912487,8.492229489065473e-12,10.0
2369,21.293684005737305,21.29368019104004,0.010550599545240402,4.644993794045149e-07,0.7818563580513,0.059245672076940536,0.0002362438099225983,1.0688340837394783e-11,10.0
2370,21.07734489440918,21.07733726501465,0.009984306991100311,7.103608368197456e-07,0.7754774689674377,0.057552896440029144,0.00019724205776583403,5.901068262509357e-12,10.0
2371,21.436065673828125,21.436063766479492,0.009198751300573349,1.3490358696799376e-07,0.7689292430877686,0.07925403863191605,0.00015126979269552976,1.7615141983950977e-11,10.0
2372,21.187580108642578,21.187576293945312,0.012961759231984615,3.239449881675682e-07,0.7680560350418091,0.06639768183231354,0.00021890179777983576,1.2426465238746243e-11,10.0
2373,21.15045928955078,21.15045738220215,0.009082086384296417,1.8792185585425614e-07,0.8027589321136475,0.0341043546795845,0.00018208437541034073,1.155889186449377e-11,10.0
2374,21.14642333984375,21.14642333984375,0.008841914124786854,4.2798919963615845e-08,0.7797594666481018,0.05716123431921005,0.0002357197372475639,1.3456912667519916e-11,10.0
2375,21.083627700805664,21.08362579345703,0.009725483134388924,1.3893544803522673e-07,0.7892812490463257,0.04426299035549164,0.0001882109063444659,1.2707887693530484e-11,10.0
2376,21.047019958496094,21.046998977661133,0.008167051710188389,2.180288674935582e-06,0.7819585204124451,0.05169294774532318,0.00015359076496679336,1.2156457264433929e-11,10.0
2377,21.070140838623047,21.06989097595215,0.007456677034497261,2.4991944883367978e-05,0.782463788986206,0.052770987153053284,0.00026048149447888136,1.3360876641166364e-11,10.0
2378,20.966676712036133,20.96535873413086,0.006158456671983004,0.00013185208081267774,0.7726666331291199,0.05971996486186981,0.00017324404325336218,1.394301514523466e-11,10.0
2379,21.0511531829834,21.04682731628418,0.008047192357480526,0.0004326659254729748,0.7753425240516663,0.058373525738716125,0.0002745531965047121,1.0458370280908014e-11,10.0
2380,21.008939743041992,21.00007438659668,0.0060851010493934155,0.0008866146090440452,0.7750914692878723,0.05875508487224579,0.00017816801846493036,6.5800902053492205e-12,10.0
2381,21.01100730895996,21.002906799316406,0.004742498509585857,0.0008101061685010791,0.7745277285575867,0.06077709048986435,0.00017225138435605913,1.6707329963949746e-11,10.0
2382,20.9404296875,20.936298370361328,0.00554487993940711,0.0004130949091631919,0.766026496887207,0.06581149995326996,0.00017272966215386987,1.59187888565393e-11,10.0
2383,21.064573287963867,21.059242248535156,0.006512776017189026,0.0005330842104740441,0.7619016170501709,0.07388703525066376,0.00017071224283427,1.160894731039308e-11,10.0
2384,20.942569732666016,20.9344482421875,0.007853297516703606,0.0008120549027808011,0.7639285922050476,0.06551811844110489,0.00019478170725051314,1.4932733868877612e-11,10.0
2385,21.061336517333984,21.049394607543945,0.00909256562590599,0.0011940973345190287,0.781117856502533,0.0517047680914402,0.00015142415941227227,1.6599176894116496e-11,10.0
2386,21.085609436035156,21.070356369018555,0.011213008314371109,0.0015253821620717645,0.7847496271133423,0.046786583960056305,0.00016262596182059497,1.2419599203228326e-11,10.0
2387,21.106225967407227,21.093730926513672,0.013813050463795662,0.001249516848474741,0.7876240611076355,0.042240630835294724,0.00017897848738357425,1.1507160675716666e-11,10.0
2388,21.23520278930664,21.221378326416016,0.012965209782123566,0.0013824728084728122,0.7841765880584717,0.051630306988954544,0.00020754594879690558,1.2004099970985838e-11,10.0
2389,21.05362319946289,21.045167922973633,0.011251608841121197,0.0008455532370135188,0.7891252040863037,0.041358765214681625,0.00017782060604076833,1.583160859353061e-11,10.0
2390,21.194814682006836,21.18758773803711,0.012667103670537472,0.0007226270390674472,0.7807556390762329,0.05400927737355232,0.00017888883303385228,1.1754717858802888e-11,10.0
2391,21.19236946105957,21.185274124145508,0.008510550484061241,0.0007095725741237402,0.7559434175491333,0.08290007710456848,0.00014225294580683112,1.288111631247979e-11,10.0
2392,21.051218032836914,21.046642303466797,0.008031181991100311,0.00045757985208183527,0.7915943264961243,0.042159415781497955,0.0002020833344431594,4.533420513985753e-12,10.0
2393,21.30341148376465,21.297025680541992,0.009789137169718742,0.0006385029410012066,0.7947854995727539,0.047210339456796646,0.00024039346317294985,2.5776915324460248e-12,10.0
2394,21.184288024902344,21.181697845458984,0.00788675807416439,0.00025895406724885106,0.7667039036750793,0.0726010724902153,0.00019051860726904124,1.061980624966763e-11,10.0
2395,20.904226303100586,20.9022216796875,0.006080721039324999,0.00020046309509780258,0.7677093744277954,0.06221228465437889,0.0002163689787266776,8.240361518141448e-12,10.0
2396,21.01625633239746,21.011394500732422,0.005409564822912216,0.0004862058558501303,0.7707757353782654,0.06421021372079849,0.00015073978283908218,1.8415755032030745e-11,10.0
2397,20.950946807861328,20.943801879882812,0.006821565795689821,0.0007145173731260002,0.7796356678009033,0.05121762678027153,0.00019292217621114105,1.5352698279347265e-11,10.0
2398,20.958362579345703,20.944507598876953,0.006453533656895161,0.0013855748111382127,0.7881085276603699,0.04315723106265068,0.00015256015467457473,1.475905508918629e-11,10.0
2399,20.93902587890625,20.923498153686523,0.007948468439280987,0.0015527005307376385,0.7818440198898315,0.04705267772078514,0.00023684809275437146,1.1615740487525006e-11,10.0
2400,21.117334365844727,21.081552505493164,0.0078080929815769196,0.0035781553015112877,0.7878883481025696,0.04747315123677254,0.0002312910364707932,1.099355762673726e-11,10.0
2401,21.1058349609375,21.060413360595703,0.01060154102742672,0.004542207811027765,0.7784794569015503,0.05325200408697128,0.00020872913592029363,9.184423187258428e-12,10.0
2402,20.987546920776367,20.959775924682617,0.008750612847507,0.002777085406705737,0.7813991904258728,0.04815863072872162,0.00020648409554269165,9.324044140945897e-12,10.0
2403,21.00545310974121,20.989107131958008,0.00942755676805973,0.0016346857883036137,0.7761622071266174,0.05390314757823944,0.00017849054711405188,7.51859859093873e-12,10.0
2404,21.271486282348633,21.262474060058594,0.009744303300976753,0.000901157793123275,0.7779654264450073,0.06271632760763168,0.000182341827894561,1.487893662444062e-11,10.0
2405,21.224802017211914,21.216306686401367,0.0074601066298782825,0.0008494844660162926,0.7847382426261902,0.05639451742172241,0.00014867396384943277,1.395028103451379e-11,10.0
2406,21.329042434692383,21.324901580810547,0.006635685451328754,0.0004141687822993845,0.7833089828491211,0.06297747045755386,0.00018476082186680287,1.564656737507164e-11,10.0
2407,21.14657974243164,21.143718719482422,0.007257279008626938,0.00028613320318982005,0.7837226986885071,0.054696258157491684,0.00018113410624209791,1.2090702571077028e-11,10.0
2408,21.004690170288086,20.9946231842041,0.006587788928300142,0.0010066216345876455,0.7901045083999634,0.04301413521170616,0.00019628170412033796,1.2763182871688983e-11,10.0
2409,21.258817672729492,21.243858337402344,0.007871889509260654,0.0014959743712097406,0.7740167379379272,0.06779921799898148,0.00016636883083265275,1.6355253956712446e-11,10.0
2410,20.94645118713379,20.922256469726562,0.0065530333667993546,0.0024195255246013403,0.7831364274024963,0.047133877873420715,0.0001672609942033887,7.23247546921546e-12,10.0
2411,21.12923240661621,21.08057975769043,0.006218100432306528,0.004865314345806837,0.7921416759490967,0.04477529227733612,0.0002203278854722157,1.5074561390826524e-11,10.0
2412,21.133602142333984,21.0902042388916,0.005130044184625149,0.004339802078902721,0.793648362159729,0.04476257413625717,0.0001678760163486004,1.8377676117009578e-11,10.0
2413,21.152488708496094,21.11363410949707,0.005824662744998932,0.003885484067723155,0.7794526219367981,0.05919557437300682,0.000181314826477319,1.1345753329894404e-11,10.0
2414,21.042478561401367,21.01018714904785,0.005376953631639481,0.003229128895327449,0.764826774597168,0.07011780142784119,0.00021473737433552742,1.1514832490289173e-11,10.0
2415,20.938112258911133,20.91889762878418,0.005551034584641457,0.0019213755149394274,0.7698342800140381,0.061292607337236404,0.00019501552742440253,1.1719673842502942e-11,10.0
2416,21.16614532470703,21.152475357055664,0.0060264952480793,0.0013669212348759174,0.7689989805221558,0.07098614424467087,0.00021862801804672927,9.030191525094544e-12,10.0
2417,21.573932647705078,21.573339462280273,0.0066989995539188385,5.9345482441131026e-05,0.7564199566841125,0.09975508600473404,0.00014885338896419853,1.0452547681560898e-11,10.0
2418,21.382192611694336,21.368837356567383,0.00708074402064085,0.001335577922873199,0.756585955619812,0.09100107848644257,0.00021441688295453787,8.606447152170738e-12,10.0
2419,21.055862426757812,21.030759811401367,0.008280082605779171,0.002510200720280409,0.7711635231971741,0.06171753257513046,0.00017306451627518982,6.5677329026681e-12,10.0
2420,21.289962768554688,21.254533767700195,0.01117994636297226,0.0035428148694336414,0.7711871266365051,0.06771955639123917,0.00023677681747358292,6.587378212352668e-12,10.0
2421,21.15177345275879,21.113492965698242,0.012705543078482151,0.00382814253680408,0.776566743850708,0.05515231192111969,0.0002878646191675216,9.90207135037613e-12,10.0
2422,21.170867919921875,21.124557495117188,0.01307243574410677,0.004631055518984795,0.7776939272880554,0.054119426757097244,0.00024121900787577033,1.1817639748723519e-11,10.0
2423,21.039886474609375,20.99574851989746,0.011710789054632187,0.0044138808734714985,0.7791653871536255,0.04884956777095795,0.0002603396133054048,1.0496254039538133e-11,10.0
2424,21.168399810791016,21.143985748291016,0.012134669348597527,0.0024414353538304567,0.7665551900863647,0.06698814779520035,0.00020349083933979273,9.041144569121862e-12,10.0
2425,21.335424423217773,21.31756591796875,0.010211387649178505,0.0017858459614217281,0.7622814774513245,0.08012387156486511,0.00021451321663334966,8.339546934965636e-12,10.0
2426,21.819490432739258,21.80807876586914,0.009155306965112686,0.001141078071668744,0.7490259408950806,0.11406314373016357,0.00019688108295667917,1.2501795605690535e-11,10.0
2427,21.1015567779541,21.097681045532227,0.00916019082069397,0.00038761651376262307,0.7778753638267517,0.05678960308432579,0.0002051881601801142,1.3437017123973938e-11,10.0
2428,21.08400535583496,21.077777862548828,0.005827147513628006,0.0006228106212802231,0.7816832661628723,0.05551832541823387,0.00020588270854204893,9.799713991676118e-12,10.0
2429,21.24729347229004,21.22993278503418,0.008332068100571632,0.0017360904021188617,0.7685235142707825,0.07227084040641785,0.00017746818775776774,1.3031491684356578e-11,10.0
2430,21.1561279296875,21.09891128540039,0.006183034274727106,0.005721638444811106,0.8061607480049133,0.03151525929570198,0.00024352756736334413,1.2063790071070724e-11,10.0
2431,21.402782440185547,21.36326789855957,0.006066283211112022,0.0039514717645943165,0.7824237942695618,0.06597677618265152,0.00015971589891705662,1.6113048395549612e-11,10.0
2432,21.05489730834961,21.048513412475586,0.008257633075118065,0.0006384277949109674,0.7848493456840515,0.0487654022872448,0.0001705838367342949,1.1345195616296877e-11,10.0
2433,21.28801727294922,21.217016220092773,0.00993653479963541,0.007100013550370932,0.7826765775680542,0.055988479405641556,0.00019776560657192022,8.032319601114501e-12,10.0
2434,21.204484939575195,21.162811279296875,0.010852931998670101,0.004167313687503338,0.7987110018730164,0.036860451102256775,0.000220031724893488,1.2186350886733699e-11,10.0
2435,21.211807250976562,21.195558547973633,0.010015595704317093,0.0016248321626335382,0.806561291217804,0.031168607994914055,0.00019224821880925447,1.3321952048450658e-11,10.0
2436,21.11155891418457,21.104881286621094,0.010231450200080872,0.0006676713819615543,0.7940032482147217,0.039895813912153244,0.00016195846546906978,8.463705430949986e-12,10.0
2437,21.085493087768555,21.075868606567383,0.009300830774009228,0.000962366524618119,0.7938419580459595,0.03981127589941025,0.00020184554159641266,9.027126268712493e-12,10.0
2438,21.105052947998047,21.091760635375977,0.007763052824884653,0.0013292924268171191,0.7933506369590759,0.04245145618915558,0.00026321187033317983,1.3919348312851909e-11,10.0
2439,21.068416595458984,21.045652389526367,0.006397007033228874,0.002276491140946746,0.7778882384300232,0.05747518688440323,0.00016400439199060202,1.2126165523096422e-11,10.0
2440,21.25568962097168,21.21243667602539,0.005737643223255873,0.004325243178755045,0.7904058694839478,0.05227138102054596,0.00020652596140280366,1.3052819242131974e-11,10.0
2441,21.067405700683594,21.030588150024414,0.005086504854261875,0.0036817004438489676,0.7720136642456055,0.06405206024646759,0.00017816165927797556,8.494605192865823e-12,10.0
2442,20.9736385345459,20.935138702392578,0.004590766038745642,0.003849967382848263,0.7782496809959412,0.05448640137910843,0.00019691551278810948,9.40106499591753e-12,10.0
2443,21.13726234436035,21.108848571777344,0.005917631089687347,0.002841299632564187,0.7790631055831909,0.05929778516292572,0.00018838404503185302,1.0991530602355581e-11,10.0
2444,21.326688766479492,21.305267333984375,0.006692958530038595,0.0021422086283564568,0.7753331661224365,0.07009716331958771,0.00021838204702362418,1.1571216207428847e-11,10.0
2445,21.42653465270996,21.42512321472168,0.007230856921523809,0.00014112849021330476,0.7772067785263062,0.07249079644680023,0.0001914003660203889,1.406541029480568e-11,10.0
2446,21.43409538269043,21.419565200805664,0.009974696673452854,0.0014529427280649543,0.7761216759681702,0.07060106843709946,0.0002131095388904214,1.00944166220307e-11,10.0
2447,21.152509689331055,21.12506103515625,0.009683066047728062,0.002744878875091672,0.7821285724639893,0.05308449640870094,0.00026577856624498963,1.035943726634958e-11,10.0
2448,21.284221649169922,21.24875831604004,0.00821392610669136,0.0035464211832731962,0.7792214155197144,0.062437690794467926,0.00019320833962410688,8.389880803982841e-12,10.0
2449,21.39493751525879,21.356801986694336,0.011872630566358566,0.00381358596496284,0.7893698811531067,0.05294686183333397,0.00020677591965068132,5.85233901270743e-12,10.0
2450,21.10526466369629,21.0599365234375,0.009029541164636612,0.0045327418483793736,0.79523104429245,0.03806900978088379,0.00016973621677607298,1.194108614072098e-11,10.0
2451,21.064863204956055,21.030574798583984,0.009159764274954796,0.0034288924653083086,0.7886383533477783,0.04335039481520653,0.00018608872778713703,7.405071347776904e-12,10.0
2452,21.091899871826172,21.0733642578125,0.007197711616754532,0.001853468012996018,0.7865437269210815,0.04911239072680473,0.00020174311066512018,6.25632965572942e-12,10.0
2453,21.072010040283203,21.0548152923584,0.006246183533221483,0.001719447667710483,0.8044838309288025,0.031403087079524994,0.00014871727034915239,1.3231266776658757e-11,10.0
2454,21.045772552490234,21.040699005126953,0.005688154138624668,0.0005074426881037652,0.7710080742835999,0.06485475599765778,0.00019248685566708446,6.747395177308935e-12,10.0
2455,21.028141021728516,21.0205135345459,0.004955776035785675,0.0007628313032910228,0.7888661026954651,0.04692138731479645,0.0001933072489919141,7.359283321628496e-12,10.0
2456,21.65123748779297,21.6428279876709,0.005553992465138435,0.0008410227601416409,0.7471296787261963,0.11295124143362045,0.00019562913803383708,8.790929789670443e-12,10.0
2457,21.14521026611328,21.128154754638672,0.004549087956547737,0.0017055837670341134,0.7736934423446655,0.06682398915290833,0.0001492037408752367,1.1514256562095149e-11,10.0
2458,21.29388999938965,21.271039962768555,0.008139673620462418,0.0022850714158266783,0.7694458365440369,0.07317233830690384,0.00020955076615791768,9.51545266192344e-12,10.0
2459,21.62416648864746,21.586132049560547,0.006698134355247021,0.0038034485187381506,0.7576559782028198,0.09901457279920578,0.00019141209486406296,7.308791592774977e-12,10.0
2460,21.212617874145508,21.172685623168945,0.008832714520394802,0.003993287216871977,0.7678567171096802,0.07014931738376617,0.00017160606512334198,8.758401122410664e-12,10.0
2461,21.042375564575195,21.026641845703125,0.009295521304011345,0.0015734657645225525,0.7890201807022095,0.04268905147910118,0.00015235717000905424,7.119488592416401e-12,10.0
2462,21.21113395690918,21.196325302124023,0.010507659986615181,0.0014808892738074064,0.8026193976402283,0.0346422903239727,0.00020930873870383948,7.830400390596015e-12,10.0
2463,21.056398391723633,21.047487258911133,0.009597917087376118,0.0008910569013096392,0.7921196222305298,0.04011513292789459,0.00016716432583052665,9.030024124279112e-12,10.0
2464,21.105022430419922,21.103473663330078,0.009117516689002514,0.00015488898498006165,0.7894485592842102,0.04550178721547127,0.00017778393521439284,9.917238037726595e-12,10.0
2465,21.19462776184082,21.17337989807129,0.009113084524869919,0.002124784281477332,0.7977977991104126,0.039942432194948196,0.00020482893160078675,7.732423208672845e-12,10.0
2466,21.517297744750977,21.46825408935547,0.008873656392097473,0.004904346074908972,0.7936722636222839,0.056099869310855865,0.0002109248744091019,8.32185362287241e-12,10.0
2467,21.206689834594727,21.090660095214844,0.006793138571083546,0.011602984741330147,0.7932484745979309,0.04349891468882561,0.00021478551207110286,3.894270322879478e-12,10.0
2468,21.392114639282227,21.288801193237305,0.005588935688138008,0.010331249795854092,0.7881847023963928,0.05769849568605423,0.00019979367789346725,7.4107473629903e-12,10.0
2469,21.05895233154297,21.01494789123535,0.00581099558621645,0.004400445148348808,0.7920072674751282,0.04268474504351616,0.00023706872889306396,7.620256856077923e-12,10.0
2470,21.01971435546875,21.001073837280273,0.004595239646732807,0.0018639955669641495,0.8011008501052856,0.03427104651927948,0.00018949627701658756,4.023072673609018e-12,10.0
2471,21.1549015045166,21.147397994995117,0.005122393369674683,0.0007503589731641114,0.7968618273735046,0.04383019730448723,0.0002038412931142375,7.0785239648929466e-12,10.0
2472,20.976306915283203,20.948144912719727,0.00652047386392951,0.002816225402057171,0.7735205888748169,0.05780838057398796,0.00019086425891146064,5.615864544228355e-12,10.0
2473,21.48479652404785,21.406457901000977,0.0071701910346746445,0.007833793759346008,0.7867832183837891,0.06223585829138756,0.00017259828746318817,8.87971987606484e-12,10.0
2474,21.393442153930664,21.275251388549805,0.008534138090908527,0.01181902177631855,0.7831439971923828,0.05925536900758743,0.000191349012311548,8.044133067985904e-12,10.0
2475,21.13796043395996,21.045570373535156,0.00881776213645935,0.009238999336957932,0.7812206149101257,0.05171630159020424,0.0001703457674011588,8.262034285888564e-12,10.0
2476,21.080181121826172,21.028268814086914,0.007883886806666851,0.005191274452954531,0.7844992876052856,0.048673130571842194,0.00018606550293043256,6.978055286377405e-12,10.0
2477,21.126646041870117,21.126474380493164,0.007016081362962723,1.7121947166742757e-05,0.7688592076301575,0.06911143660545349,0.00018088323122356087,1.0265787352137234e-11,10.0
2478,21.112823486328125,21.057605743408203,0.006301576271653175,0.005521784070879221,0.7693879008293152,0.06654110550880432,0.0001840460317907855,4.578918407632804e-12,10.0
2479,21.240598678588867,21.14393424987793,0.005825852043926716,0.00966644287109375,0.7779245376586914,0.06192769482731819,0.00019821101159323007,1.210862573403082e-11,10.0
2480,21.064363479614258,20.94525909423828,0.006902722641825676,0.011910513043403625,0.7824270725250244,0.04841022565960884,0.00017600653518456966,9.549193900892927e-12,10.0
2481,21.109468460083008,21.03269386291504,0.0076637957245111465,0.007677386049181223,0.7797625064849854,0.05381358787417412,0.00016972009325399995,7.178770598803563e-12,10.0
2482,21.07012939453125,21.033809661865234,0.009166542440652847,0.0036320253275334835,0.7968628406524658,0.035250741988420486,0.000180442541022785,8.624156944136985e-12,10.0
2483,21.053377151489258,21.040987014770508,0.008456151001155376,0.001239011180587113,0.77054762840271,0.06255163997411728,0.00021013221703469753,7.850345373761058e-12,10.0
2484,20.989301681518555,20.968299865722656,0.006074630655348301,0.002100242767482996,0.7818464040756226,0.05074531212449074,0.00016419535677414387,8.392917437427538e-12,10.0
2485,21.040342330932617,20.992399215698242,0.0076068611815571785,0.00479423301294446,0.7735350728034973,0.05845630168914795,0.0002442442055325955,6.998055780693679e-12,10.0
2486,21.499622344970703,21.406742095947266,0.006578623782843351,0.009288031607866287,0.7573843598365784,0.09223882108926773,0.00016979027714114636,7.555608916298695e-12,10.0
2487,21.1243896484375,21.044477462768555,0.006751636974513531,0.007991217076778412,0.7715963125228882,0.06335025280714035,0.0002022882254095748,9.14377948357803e-12,10.0
2488,21.107297897338867,21.07215690612793,0.009088018909096718,0.003514119191095233,0.7694675326347351,0.06425397098064423,0.00019194853666704148,8.14024021800197e-12,10.0
2489,21.219701766967773,21.202348709106445,0.009992418810725212,0.0017353511648252606,0.7599962949752808,0.07801475375890732,0.00022617436479777098,8.138600036955435e-12,10.0
2490,21.18102264404297,21.17543601989746,0.011045292019844055,0.0005587287014350295,0.7724844217300415,0.06340561807155609,0.00020528760796878487,6.7617703970734855e-12,10.0
2491,20.95261001586914,20.94179344177246,0.008313571102917194,0.0010816141730174422,0.7697679996490479,0.05951802805066109,0.0001802442129701376,8.309071312939675e-12,10.0
2492,21.21053695678711,21.197731018066406,0.009159390814602375,0.0012806375743821263,0.7827882766723633,0.05587124451994896,0.0002257850137539208,2.0254119562079786e-12,10.0
2493,21.01813507080078,20.999528884887695,0.00880301371216774,0.0018606611993163824,0.7835608124732971,0.047551803290843964,0.0001638229441596195,4.302165394765023e-12,10.0
2494,21.258384704589844,21.227691650390625,0.009631018154323101,0.0030692417640239,0.7618540525436401,0.07753714174032211,0.00021368724992498755,4.7173783976339756e-12,10.0
2495,21.079166412353516,21.046466827392578,0.009359437972307205,0.003270012093707919,0.7644434571266174,0.0679766908288002,0.0001977339998120442,8.195917902686922e-12,10.0
2496,21.02450180053711,20.994192123413086,0.01018064096570015,0.0030309075955301523,0.7769953012466431,0.05250892788171768,0.0002070041373372078,6.201692805130055e-12,10.0
2497,21.20168685913086,21.185810089111328,0.00917163584381342,0.0015876542311161757,0.7988491654396057,0.039320893585681915,0.0002268323441967368,6.342700670236567e-12,10.0
2498,21.13796615600586,21.12325096130371,0.008020796813070774,0.0014715333236381412,0.7850812077522278,0.05175412446260452,0.00018477057165000588,6.914143736713729e-12,10.0
2499,21.081623077392578,21.05965232849121,0.0075517562218010426,0.0021971382666379213,0.788220226764679,0.04651809111237526,0.0002401474630460143,6.966011101283698e-12,10.0
2500,20.950599670410156,20.944232940673828,0.005172527860850096,0.000636617885902524,0.7782699465751648,0.05423560366034508,0.0002281108172610402,6.568765063136306e-12,10.0
2501,20.991947174072266,20.991500854492188,0.005925637669861317,4.457046088646166e-05,0.7709819674491882,0.06269121915102005,0.00015295777120627463,8.703339264559684e-12,10.0
2502,21.403844833374023,21.403837203979492,0.006169014144688845,7.231133736240736e-07,0.7750567197799683,0.07486607879400253,0.0001543438556836918,1.0147884269007257e-11,10.0
2503,21.853260040283203,21.853256225585938,0.009306930005550385,3.052932413538656e-07,0.754675030708313,0.11007151007652283,0.00019191687169950455,2.792906314205701e-12,10.0
2504,21.231182098388672,21.231176376342773,0.008117825724184513,6.356357289405423e-07,0.795577347278595,0.045466404408216476,0.00021386209118645638,3.6298776484589013e-12,10.0
2505,21.246145248413086,21.246139526367188,0.007983583956956863,6.658423785665946e-07,0.7820145487785339,0.05977046489715576,0.00019270693883299828,7.986753619571019e-12,10.0
2506,21.238866806030273,21.238861083984375,0.00850099790841341,6.252790285543597e-07,0.7889148592948914,0.05208192765712738,0.00014167354675009847,8.486321020906296e-12,10.0
2507,21.12299919128418,21.12299346923828,0.010011820122599602,6.304007342805562e-07,0.7792500853538513,0.0555761493742466,0.00020413675520103425,7.0391175527317884e-12,10.0
2508,21.154029846191406,21.154024124145508,0.009382260963320732,4.866022322858043e-07,0.778416633605957,0.05828244239091873,0.0001991453318623826,8.553368083252799e-12,10.0
2509,21.163328170776367,21.163326263427734,0.012232258915901184,2.5211878096342843e-07,0.8000943064689636,0.03414439037442207,0.00015520871966145933,2.840325847783265e-12,10.0
2510,20.972015380859375,20.972013473510742,0.009414030238986015,1.9414616758695047e-07,0.7808468341827393,0.048547763377428055,0.00017968431347981095,8.518684022074119e-12,10.0
2511,21.065101623535156,21.065099716186523,0.010359926149249077,2.6818634069059044e-07,0.7848609089851379,0.04729603976011276,0.00021754046611022204,5.313399459999646e-12,10.0
2512,21.04761505126953,21.0476131439209,0.008980673737823963,1.2011520311716595e-07,0.7971752285957336,0.0356820672750473,0.00016655617218930274,4.7757318932806214e-12,10.0
2513,20.960432052612305,20.960432052612305,0.006701098755002022,1.584523268149951e-08,0.7750239968299866,0.05660327896475792,0.00022201940009836107,7.563998906390257e-12,10.0
2514,20.93677520751953,20.93677520751953,0.006485364865511656,3.944876370010064e-10,0.7812429666519165,0.04965663328766823,0.00021510144870262593,8.624750219565769e-12,10.0
2515,20.882291793823242,20.882291793823242,0.005308541469275951,3.002732611168124e-12,0.7732003927230835,0.05671319738030434,0.000173883861862123,8.095963136001139e-12,10.0
2516,21.10462760925293,21.10462760925293,0.004726860206574202,1.7270674839797544e-14,0.7776234149932861,0.06174956262111664,0.00021308875875547528,5.2084200667656955e-12,10.0
2517,20.94034194946289,20.94034194946289,0.00488119013607502,4.007442469501025e-15,0.7696628570556641,0.06299327313899994,0.00019084509403910488,6.3612344558539036e-12,10.0
2518,21.03533363342285,21.03533363342285,0.007000152952969074,1.7183014129536775e-15,0.7520986199378967,0.08222629129886627,0.0002206431672675535,6.050883318703404e-12,10.0
2519,20.99947738647461,20.99947738647461,0.005870402324944735,2.2158780005657706e-15,0.7676897048950195,0.06634459644556046,0.00018594803987070918,5.809269731926747e-12,10.0
2520,20.90740394592285,20.90740394592285,0.00638609379529953,1.5385841031941277e-15,0.7771205306053162,0.05272865295410156,0.00015217492182273418,4.585260122980106e-12,10.0
2521,20.877483367919922,20.877483367919922,0.007043756078928709,2.9108659926890823e-15,0.7675197720527649,0.060454536229372025,0.00020304718054831028,7.91889817608471e-12,10.0
2522,20.935707092285156,20.935707092285156,0.007685204967856407,1.6153745220054264e-15,0.7714086174964905,0.0582515113055706,0.00020730854885187,8.22183727350323e-12,10.0
2523,21.139619827270508,21.139619827270508,0.008563335053622723,1.9845236565174673e-15,0.7784660458564758,0.05846721678972244,0.00022044789511710405,6.12437097563534e-12,10.0
2524,21.04722023010254,21.04722023010254,0.010238708928227425,4.6277797539169205e-15,0.7781806588172913,0.05338301137089729,0.00021598559396807104,7.776495593303512e-12,10.0
2525,20.99576187133789,20.99576187133789,0.007438619155436754,1.6921649408167252e-15,0.7785189151763916,0.05379491299390793,0.00019510084530338645,7.323164644135183e-12,10.0
2526,20.90494728088379,20.90494728088379,0.007309644017368555,1.0158540251803709e-15,0.7738673090934753,0.054954010993242264,0.0001673297956585884,6.294633651121595e-12,10.0
2527,20.91433334350586,20.91433334350586,0.006127560045570135,7.632783294297951e-16,0.7879268527030945,0.042448367923498154,0.0001763593900250271,4.996711811672272e-12,10.0
2528,20.918161392211914,20.918161392211914,0.00602337159216404,6.679842111879301e-16,0.7919095158576965,0.038726191967725754,0.00016846979269757867,7.3638178887947e-12,10.0
2529,21.068655014038086,21.068655014038086,0.004328582435846329,6.300515876506e-16,0.7989732623100281,0.03936837613582611,0.00018995656864717603,5.111771683025124e-12,10.0
2530,20.97112464904785,20.97112464904785,0.006011831108480692,5.2800357808842e-15,0.7779321074485779,0.05483030155301094,0.00017686675710137933,9.44887831172414e-12,10.0
2531,20.948837280273438,20.948837280273438,0.004344757180660963,5.133856105396474e-15,0.7851489186286926,0.04836629331111908,0.00023366873210761696,4.38385395692964e-12,10.0
2532,20.915508270263672,20.915508270263672,0.005149070639163256,8.705998920061975e-16,0.783298671245575,0.04808071628212929,0.00022971222642809153,5.3699692262321186e-12,10.0
2533,20.861783981323242,20.861783981323242,0.0036026316229254007,8.668991521200843e-16,0.7738181948661804,0.05698347091674805,0.00016775006952229887,1.0712991257988413e-11,10.0
2534,20.842487335205078,20.842487335205078,0.0036255805753171444,4.0060547648356263e-16,0.7603551149368286,0.0696430578827858,0.00018931023078039289,4.891373764359663e-12,10.0
2535,21.152786254882812,21.152786254882812,0.004194232169538736,6.522560269672795e-16,0.7785605788230896,0.06330199539661407,0.0001366042997688055,1.158760847691509e-11,10.0
2536,20.891157150268555,20.891157150268555,0.00435282988473773,2.0631644717416023e-16,0.7624959349632263,0.06870948523283005,0.00022009848908055574,6.7358922259397325e-12,10.0
2537,20.819332122802734,20.819332122802734,0.004651761148124933,4.866477450101445e-16,0.7798923850059509,0.04814087972044945,0.00022062507923692465,6.686938763128536e-12,10.0
2538,20.95374870300293,20.95374870300293,0.004410407040268183,6.670589865117324e-16,0.7664822936058044,0.06718234717845917,0.00018721602100413293,4.910267938779134e-12,10.0
2539,20.978370666503906,20.978370666503906,0.004108915105462074,4.85722573273506e-16,0.7751266956329346,0.05982863903045654,0.00017638446297496557,3.9872285161057786e-12,10.0
2540,20.787567138671875,20.787567138671875,0.004072976298630238,9.742206617569275e-16,0.7753522396087646,0.0520065501332283,0.00017738377209752798,6.722063877750983e-12,10.0
2541,20.808107376098633,20.808107376098633,0.004196813330054283,5.2402527609340336e-15,0.776586651802063,0.05147571116685867,0.00016296561807394028,6.581470611555229e-12,10.0
2542,20.909135818481445,20.909135818481445,0.004609769210219383,6.628031541715479e-15,0.7857850193977356,0.04589332267642021,0.0001934685424203053,4.1502855839536945e-12,10.0
2543,20.8245849609375,20.8245849609375,0.0044299024157226086,7.423691517202333e-15,0.774170458316803,0.054308850318193436,0.00018547226500231773,7.129970225339122e-12,10.0
2544,20.850400924682617,20.850400924682617,0.005147050600498915,1.9402997275281414e-14,0.7825210094451904,0.046262215822935104,0.00021453034423757344,4.941298672317407e-12,10.0
2545,20.875059127807617,20.875059127807617,0.0046981340274214745,1.1228055296500297e-14,0.7635964155197144,0.06663022190332413,0.00019397564756218344,9.573748911695379e-12,10.0
2546,20.847604751586914,20.847604751586914,0.005853048991411924,9.085325367193513e-15,0.7722557187080383,0.0557178258895874,0.0001939794165082276,4.5123648741152156e-12,10.0
2547,20.90061378479004,20.90061378479004,0.0029922244139015675,1.6570170799715123e-13,0.752466082572937,0.08049111068248749,0.00018779828678816557,6.661953107223173e-12,10.0
2548,20.74403953552246,20.74403953552246,0.002593347569927573,2.017230132933534e-11,0.7722817659378052,0.05481448024511337,0.00017988256877288222,5.52052414198867e-12,10.0
2549,21.020071029663086,21.020071029663086,0.003523954888805747,1.6177873485290206e-09,0.7737043499946594,0.06349588185548782,0.0001967342832358554,8.92456247791884e-12,10.0
2550,21.046175003051758,21.046175003051758,0.003846926847472787,3.5151497712604396e-08,0.7631319761276245,0.07480661571025848,0.00015382985293399543,7.897819551128116e-12,10.0
2551,20.794719696044922,20.79471778869629,0.0031743028666824102,1.6790559698165453e-07,0.774433970451355,0.05410261079668999,0.0001945417607203126,7.197619236731789e-12,10.0
2552,20.79756736755371,20.797565460205078,0.003553620772436261,2.3580621189012163e-07,0.771094024181366,0.05717962980270386,0.00018834328511729836,8.587412898830582e-12,10.0
2553,20.808862686157227,20.808860778808594,0.003548586508259177,1.7864994106275844e-07,0.7839281558990479,0.044790904968976974,0.00021700643992517143,6.570244782261314e-12,10.0
2554,20.907669067382812,20.90766716003418,0.0030259217601269484,2.5998505748248135e-07,0.7900972962379456,0.04310186579823494,0.00020414114987943321,6.7371590077580645e-12,10.0
2555,20.896461486816406,20.89645767211914,0.004902426619082689,4.542989984201995e-07,0.7837169170379639,0.04716116562485695,0.00019464439537841827,5.20621479954686e-12,10.0
2556,20.9097957611084,20.9097900390625,0.0034268246963620186,5.53861582375248e-07,0.7717035412788391,0.06118416041135788,0.000192689461982809,5.7915976701961025e-12,10.0
2557,20.886720657348633,20.886716842651367,0.003621121868491173,4.419654260345851e-07,0.768548846244812,0.06321284174919128,0.00021474255481734872,5.428280654834472e-12,10.0
2558,20.924196243286133,20.924192428588867,0.0032416358590126038,4.5821155936209834e-07,0.7785154581069946,0.05512809753417969,0.0002061410923488438,4.180977179052414e-12,10.0
2559,20.903886795043945,20.90388298034668,0.0027987773064523935,4.345175739217666e-07,0.7870926260948181,0.04618682712316513,0.0001929156860569492,7.91210673367626e-12,10.0
2560,20.79221534729004,20.792213439941406,0.0030996669083833694,1.6542006164854683e-07,0.7789151072502136,0.04958169534802437,0.00023022557434160262,6.999300878468562e-12,10.0
2561,21.028268814086914,21.028263092041016,0.003412023186683655,5.091445132165973e-07,0.7688862085342407,0.06875339895486832,0.0001972613827092573,6.66473560367864e-12,10.0
2562,20.85529136657715,20.85493278503418,0.003051319858059287,3.594283407437615e-05,0.7625229358673096,0.06856046617031097,0.00015648653788957745,3.368645206530685e-12,10.0
2563,20.7999210357666,20.794376373291016,0.003519971389323473,0.0005543744191527367,0.7688486576080322,0.059337273240089417,0.00017308049427811056,6.587030833976604e-12,10.0
2564,21.009973526000977,20.98940658569336,0.00283943978138268,0.0020567181054502726,0.7853754758834839,0.051298219710588455,0.0001579715171828866,1.0345706930037224e-11,10.0
2565,21.35049819946289,21.33559799194336,0.0026564060244709253,0.001489988062530756,0.7954051494598389,0.055270276963710785,0.00023026620328892022,7.08125615436761e-12,10.0
2566,20.893321990966797,20.87858009338379,0.0036265028174966574,0.0014742632629349828,0.771848738193512,0.05960514768958092,0.00015692436136305332,7.51565389783826e-12,10.0
2567,20.972871780395508,20.94677734375,0.00362761621363461,0.002609401475638151,0.7906923294067383,0.043457891792058945,0.0002332212752662599,4.273512533431445e-12,10.0
2568,20.805896759033203,20.774394989013672,0.0026690741069614887,0.0031501860357820988,0.7705995440483093,0.057642754167318344,0.00016108607815112919,7.825771281000371e-12,10.0
2569,20.89023208618164,20.858816146850586,0.0025116459000855684,0.0031416674610227346,0.7661146521568298,0.06566588580608368,0.0001509967987658456,4.910408017699819e-12,10.0
2570,20.992698669433594,20.97658348083496,0.0030057518742978573,0.0016115729231387377,0.7685315012931824,0.0674586296081543,0.00016854195564519614,7.579016407521788e-12,10.0
2571,20.95661735534668,20.943038940429688,0.003186244750395417,0.0013577684294432402,0.7920847535133362,0.042370203882455826,0.00020086548465769738,8.437869326860525e-12,10.0
2572,20.93394660949707,20.919540405273438,0.002806109143421054,0.0014407088747248054,0.7931517362594604,0.04076104983687401,0.0001569612795719877,1.0209997777788082e-11,10.0
2573,20.9647216796875,20.959671020507812,0.003674473147839308,0.0005050991312600672,0.792901873588562,0.04172470420598984,0.00021455260866787285,8.174034366037475e-12,10.0
2574,21.345212936401367,21.330324172973633,0.0054474021308124065,0.0014889430021867156,0.7769307494163513,0.07075322419404984,0.00020393590966705233,7.525133294272734e-12,10.0
2575,21.118486404418945,21.08750343322754,0.005045801401138306,0.003098279470577836,0.7726805806159973,0.06569769233465195,0.00019017320300918072,6.172026865286506e-12,10.0
2576,21.042699813842773,20.98874282836914,0.005395904649049044,0.00539578590542078,0.7996752262115479,0.034400518983602524,0.0001952665188582614,6.292292208109895e-12,10.0
2577,21.291292190551758,21.175426483154297,0.005779720377177,0.011586652137339115,0.7895509600639343,0.05161197856068611,0.00018624395306687802,4.757753652856467e-12,10.0
2578,21.122844696044922,21.076026916503906,0.00463241757825017,0.004681807942688465,0.7892759442329407,0.049052800983190536,0.00019973407324869186,4.408166540126324e-12,10.0
2579,21.100818634033203,21.08271598815918,0.006771265994757414,0.0018103144830092788,0.800348699092865,0.036125652492046356,0.0001578305527800694,8.701304433922363e-12,10.0
2580,21.230226516723633,21.220449447631836,0.008777694776654243,0.0009776338702067733,0.7881242036819458,0.05183509364724159,0.00020239915465936065,5.3103597907888656e-12,10.0
2581,21.161266326904297,21.14535140991211,0.004922571126371622,0.001591548789292574,0.7768278121948242,0.06399034708738327,0.00018327827274333686,5.147870844879332e-12,10.0
2582,21.22994041442871,21.169601440429688,0.008678615093231201,0.006033885758370161,0.7767199873924255,0.06129477545619011,0.00022680459369439632,5.812856706394198e-12,10.0
2583,21.352113723754883,21.197978973388672,0.008998599834740162,0.015413451939821243,0.7854224443435669,0.053413961082696915,0.00021047999325674027,7.967519873031126e-12,10.0
2584,21.451419830322266,21.3150577545166,0.0059753116220235825,0.013636172749102116,0.7830227613449097,0.06352964788675308,0.00018644319789018482,7.375566303535752e-12,10.0
2585,21.066661834716797,20.96991539001465,0.00797454547137022,0.009674608707427979,0.7803348898887634,0.0504145622253418,0.00018151139374822378,6.1320670763365115e-12,10.0
2586,21.271284103393555,21.230072021484375,0.006855510175228119,0.0041211755014956,0.7824947237968445,0.05979113280773163,0.00015364443243015558,1.0395576760524605e-11,10.0
2587,21.27238655090332,21.264986038208008,0.0064384122379124165,0.0007400637841783464,0.7786514163017273,0.06543166935443878,0.00019473378779366612,8.279228864982446e-12,10.0
2588,21.24083709716797,21.19560432434082,0.006368398200720549,0.004523276351392269,0.7786049246788025,0.06274791061878204,0.00025750548229552805,7.094848146482757e-12,10.0
2589,21.46344757080078,21.381084442138672,0.008078653365373611,0.008236322551965714,0.8049338459968567,0.042121294885873795,0.00027384349959902465,2.631727518201399e-12,10.0
2590,21.176687240600586,21.095172882080078,0.006752213928848505,0.008151445537805557,0.7865279912948608,0.050450775772333145,0.00018973943952005357,6.281769809185489e-12,10.0
2591,21.051034927368164,21.000558853149414,0.0065572503954172134,0.005047604441642761,0.7723591327667236,0.061045706272125244,0.00015075042028911412,7.53094722000247e-12,10.0
2592,21.04104995727539,20.976715087890625,0.006462080404162407,0.006433427333831787,0.7769744992256165,0.05556190758943558,0.00017530850891489536,4.486214351395734e-12,10.0
2593,21.048076629638672,21.029165267944336,0.0059075867757201195,0.0018910524668172002,0.7892520427703857,0.045926108956336975,0.00020208834030199796,8.068822519857743e-12,10.0
2594,20.980010986328125,20.91781234741211,0.006583871319890022,0.006219795439392328,0.7811816930770874,0.04887738451361656,0.00017377722542732954,7.318369001085845e-12,10.0
2595,21.00116539001465,20.955787658691406,0.005347837693989277,0.004537733271718025,0.7889837026596069,0.043838515877723694,0.00015380774857476354,8.584760506635813e-12,10.0
2596,21.039335250854492,20.977602005004883,0.005745755974203348,0.006173319648951292,0.7911935448646545,0.042105626314878464,0.00014790466229896992,8.74813242679462e-12,10.0
2597,21.252124786376953,21.188631057739258,0.006477669812738895,0.006349307019263506,0.7547616958618164,0.0862223356962204,0.0002090393245453015,6.057559402000701e-12,10.0
2598,21.113075256347656,21.057863235473633,0.006617256440222263,0.005521206650882959,0.7774435877799988,0.05817725509405136,0.0001909344136947766,5.932710919753781e-12,10.0
2599,21.13907241821289,21.103126525878906,0.008004906587302685,0.003594611305743456,0.8000964522361755,0.03595530614256859,0.00017105894221458584,5.85922933435401e-12,10.0
2600,21.17754364013672,21.17144203186035,0.009921814315021038,0.0006102289189584553,0.7921102046966553,0.044735971838235855,0.0002243276685476303,5.512923451078677e-12,10.0
2601,21.093996047973633,21.07233238220215,0.00872367899864912,0.002166384132578969,0.7738977074623108,0.060194194316864014,0.00019444200734142214,5.893290629804815e-12,10.0
2602,21.095470428466797,21.05137062072754,0.009194143116474152,0.0044099013321101665,0.7729034423828125,0.05988295003771782,0.00018585803627502173,6.3308750603008335e-12,10.0
2603,21.21653175354004,21.148719787597656,0.006398661062121391,0.006781289819628,0.7853739261627197,0.05410580709576607,0.00017583963926881552,5.823179178437998e-12,10.0
2604,21.070087432861328,20.995880126953125,0.008196054957807064,0.007420648820698261,0.7840976119041443,0.04746834933757782,0.0001830125111155212,6.1414874921728035e-12,10.0
2605,21.268808364868164,21.18198013305664,0.008371938951313496,0.008682782761752605,0.7545989751815796,0.08423258364200592,0.0001891397259896621,3.894512316804377e-12,10.0
2606,21.048507690429688,21.01150131225586,0.0052226996049284935,0.003700544824823737,0.769889771938324,0.065264992415905,0.00020654474792536348,5.181589532443631e-12,10.0
2607,21.019474029541016,20.99141502380371,0.005226926878094673,0.00280595850199461,0.7657858729362488,0.06857406347990036,0.00017438213399145752,7.234513335618864e-12,10.0
2608,21.01512336730957,21.010093688964844,0.004809027072042227,0.0005030195461586118,0.7700583338737488,0.06546832621097565,0.00017015558842103928,6.578463902090492e-12,10.0
2609,20.9677677154541,20.959171295166016,0.004605019930750132,0.0008597219712100923,0.7665056586265564,0.06719238311052322,0.0001594478962942958,5.009740886019465e-12,10.0
2610,21.09752082824707,21.087841033935547,0.005106417462229729,0.0009680156945250928,0.7657808065414429,0.07255875319242477,0.00016924818919505924,3.854369948208536e-12,10.0
2611,20.969860076904297,20.94586944580078,0.006208877544850111,0.0023990492336452007,0.7919409275054932,0.03961561620235443,0.00017338847101200372,5.9422332505942865e-12,10.0
2612,21.007675170898438,20.96607780456543,0.00703473249450326,0.004159688018262386,0.7758718729019165,0.05566208064556122,0.00018592346168588847,6.344470955543802e-12,10.0
2613,21.16263198852539,21.090147018432617,0.008538518100976944,0.007248546462506056,0.7841510772705078,0.05083369463682175,0.0002066214947262779,5.849225184068052e-12,10.0
2614,21.011173248291016,20.980783462524414,0.007826561108231544,0.0030389996245503426,0.7575843334197998,0.0737573429942131,0.00015794280625414103,4.636553294079526e-12,10.0
2615,21.125654220581055,21.10328483581543,0.008428963832557201,0.0022369413636624813,0.7956189513206482,0.040011003613471985,0.000181177441845648,5.542315304613021e-12,10.0
2616,21.17559242248535,21.163257598876953,0.0067268419079482555,0.0012333932099863887,0.7953190207481384,0.044412240386009216,0.00018068094504997134,6.711625612915162e-12,10.0
2617,21.00615692138672,20.999074935913086,0.006814543157815933,0.0007081824005581439,0.7797378897666931,0.053347837179899216,0.00015684337995480746,6.278041888435615e-12,10.0
2618,20.999431610107422,20.996204376220703,0.007129003293812275,0.00032276511774398386,0.7701646089553833,0.062486641108989716,0.00016977409541141242,5.964687944948199e-12,10.0
2619,21.433109283447266,21.423402786254883,0.008612794801592827,0.0009706317214295268,0.7846485376358032,0.06360667198896408,0.00017031014431267977,8.170132972940003e-12,10.0
2620,21.6396484375,21.631303787231445,0.01306544803082943,0.0008345011156052351,0.760697066783905,0.09140995889902115,0.00019918818725273013,7.05986527918534e-12,10.0
2621,21.153167724609375,21.142284393310547,0.009954038076102734,0.0010883341310545802,0.7648734450340271,0.07078862190246582,0.00018807046581059694,6.741776407970246e-12,10.0
2622,21.436279296875,21.425418853759766,0.008172963745892048,0.0010860397014766932,0.7737283110618591,0.07503699511289597,0.00019599792722146958,4.783154341353457e-12,10.0
2623,21.375511169433594,21.357364654541016,0.009328731335699558,0.0018145977519452572,0.7858925461769104,0.058988891541957855,0.00021100764570292085,5.032693012330114e-12,10.0
2624,21.09902572631836,21.08271598815918,0.007651234976947308,0.001630946877412498,0.7834612131118774,0.05213307589292526,0.00015769926540087909,3.383291910519226e-12,10.0
2625,20.945146560668945,20.92638397216797,0.0069932714104652405,0.0018762644613161683,0.7763974070549011,0.05359150096774101,0.00018313531472813338,5.104767303309998e-12,10.0
2626,20.975004196166992,20.96315574645996,0.008024654351174831,0.0011847825953736901,0.7818271517753601,0.04859504848718643,0.00019830332894343883,5.732976159772418e-12,10.0
2627,21.15744972229004,21.149795532226562,0.008542095310986042,0.0007654435466974974,0.8010408282279968,0.036319952458143234,0.0002224786439910531,4.89381582133297e-12,10.0
2628,21.273361206054688,21.265884399414062,0.008214706555008888,0.0007477246108464897,0.7753880023956299,0.06696493178606033,0.00016919872723519802,7.604625262835896e-12,10.0
2629,20.94207000732422,20.92950439453125,0.006814591120928526,0.0012565664947032928,0.778137743473053,0.052156951278448105,0.00017712957924231887,4.7142372470998506e-12,10.0
2630,21.042699813842773,21.033761978149414,0.0052922796458005905,0.000893756456207484,0.7707245349884033,0.06526008248329163,0.0001837877935031429,5.771763275652653e-12,10.0
2631,21.184965133666992,21.18254280090332,0.006963267456740141,0.000242191570578143,0.7677983641624451,0.0724673643708229,0.0001817175216274336,5.850745669194746e-12,10.0
2632,21.38451385498047,21.384225845336914,0.005936706904321909,2.877511906262953e-05,0.759774386882782,0.08959298580884933,0.00016227464948315173,3.602480510081496e-12,10.0
2633,21.097183227539062,21.097169876098633,0.004622231237590313,1.2815913805752643e-06,0.804071307182312,0.03511828929185867,0.00018747797003015876,4.434536071684647e-12,10.0
2634,21.06297492980957,21.06297492980957,0.0040687317959964275,5.513143008784027e-08,0.7954111099243164,0.0429660826921463,0.00018281915981788188,4.803350425741648e-12,10.0
2635,20.980377197265625,20.980375289916992,0.006124172825366259,1.800981976884941e-07,0.7830912470817566,0.04993285983800888,0.0001667711912887171,6.194285102206765e-12,10.0
2636,21.01435661315918,21.014354705810547,0.0069023421965539455,2.098563669505893e-07,0.7896245121955872,0.04397783428430557,0.0001740229781717062,5.258355816745164e-12,10.0
2637,21.22100257873535,21.22100067138672,0.007399751339107752,2.3280897210042895e-07,0.7786312103271484,0.06274153292179108,0.00016884833166841418,5.577715372906411e-12,10.0
2638,21.073009490966797,21.073007583618164,0.0058584087528288364,1.9837199261019123e-07,0.7999447584152222,0.03704357519745827,0.0001837784657254815,7.09081968489067e-12,10.0
2639,21.13349151611328,21.13348960876465,0.008940042927861214,2.47119970708809e-07,0.8026271462440491,0.033680740743875504,0.00022904586512595415,6.306479644058172e-12,10.0
2640,21.029142379760742,21.02914047241211,0.007948446087539196,2.3529749171302683e-07,0.775813102722168,0.057340919971466064,0.00015775901556480676,6.002850560377082e-12,10.0
2641,20.908573150634766,20.908571243286133,0.0055039431899785995,2.0516981180662697e-07,0.7860485315322876,0.04471577703952789,0.00018656144675333053,5.497067211146511e-12,10.0
2642,20.918336868286133,20.9183349609375,0.005903977435082197,1.2480793998292938e-07,0.7710202932357788,0.05973934382200241,0.0001744455221341923,5.323203683404998e-12,10.0
2643,20.893779754638672,20.89377784729004,0.005072842352092266,1.0025260621659982e-07,0.7685113549232483,0.062097057700157166,0.00017457875947002321,4.648599213896709e-12,10.0
2644,21.171669006347656,21.171669006347656,0.004573729820549488,7.257062151211358e-08,0.7657608389854431,0.07645147293806076,0.0002018483792198822,2.1726555016893245e-12,10.0
2645,20.912845611572266,20.912843704223633,0.004534693900495768,1.0315283560657917e-07,0.7731139063835144,0.05879240110516548,0.00018181542691309005,4.6852244306450075e-12,10.0
2646,21.101360321044922,21.101360321044922,0.004778829403221607,9.38914581638528e-08,0.7843862175941467,0.05481374263763428,0.0001889477571239695,6.920806809584956e-12,10.0
2647,20.907590866088867,20.907590866088867,0.005016958341002464,3.52021238825273e-08,0.7807916402816772,0.05043148249387741,0.0001588511950103566,3.6789954763194466e-12,10.0
2648,20.892742156982422,20.892742156982422,0.005919567309319973,6.389471174372829e-09,0.7732780575752258,0.05643489211797714,0.00019298090774100274,5.213904828715865e-12,10.0
2649,20.84207534790039,20.84207534790039,0.00567797664552927,1.355081324927454e-10,0.7659214735031128,0.06201780587434769,0.000164382450748235,4.2211204150099935e-12,10.0
2650,21.06224822998047,21.06224822998047,0.007204910274595022,7.3114292398202e-10,0.7889653444290161,0.04623568803071976,0.00021003768779337406,3.3918493014262197e-12,10.0
2651,20.883996963500977,20.883996963500977,0.0080962423235178,1.6682331072104262e-09,0.7629188895225525,0.06426425278186798,0.0002014143392443657,4.171194206009643e-12,10.0
2652,21.188173294067383,21.188173294067383,0.007202171720564365,2.809572352546752e-09,0.7953108549118042,0.044925034046173096,0.00022243696730583906,3.785867452865688e-12,10.0
2653,20.970932006835938,20.970932006835938,0.0060437764041125774,5.752975429373919e-09,0.7800173163414001,0.052684880793094635,0.00022823376639280468,3.577245704516896e-12,10.0
2654,21.072690963745117,21.072690963745117,0.005322346929460764,7.575192029207756e-09,0.781204342842102,0.05632242187857628,0.00014632384409196675,3.995043879045923e-12,10.0
2655,20.93367576599121,20.93367576599121,0.004778136033564806,1.0605386790984994e-08,0.7762324810028076,0.05627237260341644,0.00016023352509364486,6.7325949502927696e-12,10.0
2656,20.843868255615234,20.843868255615234,0.004010902252048254,1.5468717862177073e-08,0.7775557041168213,0.052105288952589035,0.00020705965289380401,3.48593918488016e-12,10.0
2657,20.8890323638916,20.8890323638916,0.003606219543144107,1.687509687542388e-08,0.7731760144233704,0.0587056428194046,0.00018343790725339204,3.4048796768160194e-12,10.0
2658,21.082477569580078,21.082477569580078,0.0046886904165148735,1.42270986103199e-08,0.7731110453605652,0.06543975323438644,0.00014892623585183173,6.478943249954572e-12,10.0
2659,20.9438419342041,20.9438419342041,0.004874769598245621,1.3513491659011834e-08,0.7837458252906799,0.04905395209789276,0.0001977895008167252,4.040393887516647e-12,10.0
2660,20.799312591552734,20.799312591552734,0.00428993022069335,1.1649735398577832e-08,0.7799052000045776,0.047701478004455566,0.0001898530317703262,4.653797746473343e-12,10.0
2661,20.86517906188965,20.86517906188965,0.004296100232750177,9.120856958588774e-09,0.7841969728469849,0.04604443162679672,0.00017399417993146926,3.105269947428768e-12,10.0
2662,20.93190574645996,20.93190574645996,0.005428205244243145,1.1660270082813895e-08,0.7728817462921143,0.05888570845127106,0.0002011399483308196,4.197151740742422e-12,10.0
2663,21.10817527770996,21.10817527770996,0.006893326062709093,1.278204830867935e-08,0.7632482647895813,0.07410625368356705,0.00019771097868215293,5.347267767463748e-12,10.0
2664,20.843875885009766,20.843875885009766,0.004731534048914909,1.483877554164792e-08,0.7841911315917969,0.04476585239171982,0.00016625433636363596,5.356094040509518e-12,10.0
2665,21.285762786865234,21.285762786865234,0.005976622458547354,1.3853999725199628e-08,0.765236496925354,0.08013588935136795,0.00020361710630822927,2.3061650245709275e-12,10.0
2666,20.933427810668945,20.933427810668945,0.004568752832710743,1.3538979715121968e-08,0.7962639927864075,0.03641693294048309,0.00021867103350814432,4.544320215266184e-12,10.0
2667,21.016714096069336,21.016714096069336,0.0038307015784084797,1.9742376622389202e-08,0.800598680973053,0.03616722673177719,0.00017994845984503627,4.916979583907688e-12,10.0
2668,20.97459602355957,20.97459602355957,0.005904307588934898,2.809181509633163e-08,0.7751902937889099,0.05780978128314018,0.00019875168800354004,5.447152711529624e-12,10.0
2669,20.839902877807617,20.839902877807617,0.0033049611374735832,2.5609304898921437e-08,0.7820413112640381,0.04817602410912514,0.0001845326623879373,3.994346086527711e-12,10.0
2670,20.981704711914062,20.981704711914062,0.0030385134741663933,2.7986322592710167e-08,0.7687534689903259,0.06741859018802643,0.00014420592924579978,5.8886888421039174e-12,10.0
2671,20.86186981201172,20.86186981201172,0.003853817470371723,2.3766137502434503e-08,0.7764843106269836,0.05406583100557327,0.00017696003487799317,4.520689378395559e-12,10.0
2672,20.940303802490234,20.940303802490234,0.0023572419304400682,3.4123743830605235e-08,0.7735356092453003,0.06165653094649315,0.000156958049046807,6.21828673622038e-12,10.0
2673,21.17230796813965,21.17230796813965,0.0039957063272595406,4.010728815728726e-08,0.7690383195877075,0.07379499822854996,0.00015815410006325692,3.146554197752671e-12,10.0
2674,21.019973754882812,21.019973754882812,0.0033138119615614414,3.357144251481259e-08,0.7771875858306885,0.06021692603826523,0.00020158675033599138,4.034553073573033e-12,10.0
2675,20.854991912841797,20.854990005493164,0.003355432068929076,2.1145838502434344e-07,0.7896532416343689,0.04111921787261963,0.00017931369075085968,3.1388548444449826e-12,10.0
2676,20.88871192932129,20.88870620727539,0.004171463660895824,5.163043965694669e-07,0.7753462195396423,0.055957190692424774,0.00018347114382777363,4.183927510004182e-12,10.0
2677,20.93202781677246,20.932024002075195,0.0036438938695937395,4.2837072555812483e-07,0.7858866453170776,0.04767525568604469,0.00018805630679707974,5.413785739150079e-12,10.0
2678,20.792491912841797,20.7924861907959,0.002624941524118185,4.943290718983917e-07,0.7778866291046143,0.0511246919631958,0.0001577958173584193,4.219789882103919e-12,10.0
2679,20.962366104125977,20.96124839782715,0.0047631580382585526,0.00011171665391884744,0.7802878618240356,0.05331595242023468,0.00020729447714984417,2.330034602759934e-12,10.0
2680,20.951499938964844,20.929162979125977,0.0033819880336523056,0.0022337883710861206,0.7751049399375916,0.05859896168112755,0.000201884497073479,4.20600056519338e-12,10.0
2681,20.981019973754883,20.946989059448242,0.003369725774973631,0.003403173526749015,0.7666094303131104,0.06782300770282745,0.00019339089340064675,5.2544683014355e-12,10.0
2682,21.09316635131836,21.06496810913086,0.003671637736260891,0.002819902030751109,0.7690837979316711,0.0697624459862709,0.00020221335580572486,4.620767744129006e-12,10.0
2683,20.893888473510742,20.834964752197266,0.002586422022432089,0.0058923386968672276,0.7713773250579834,0.059357695281505585,0.00019277831597719342,3.6097271005619547e-12,10.0
2684,21.057878494262695,20.996150970458984,0.0027263928204774857,0.006172681227326393,0.7728368639945984,0.0642138421535492,0.00017251023382414132,4.083578527408482e-12,10.0
2685,20.937376022338867,20.895231246948242,0.0041358498856425285,0.0042143878526985645,0.7822466492652893,0.0493391714990139,0.00021922220184933394,4.616568845955404e-12,10.0
2686,20.956554412841797,20.92728042602539,0.0033437334932386875,0.002927459543570876,0.7895576357841492,0.04412689059972763,0.00015729767619632185,4.619454124776823e-12,10.0
2687,21.085046768188477,21.07579231262207,0.003736477345228195,0.0009254347532987595,0.7792816758155823,0.059941284358501434,0.0001806445070542395,5.840353808211907e-12,10.0
2688,21.10130500793457,21.07711410522461,0.004493105225265026,0.002419146243482828,0.7943572402000427,0.04415455088019371,0.00019909872207790613,4.158391079395196e-12,10.0
2689,20.980648040771484,20.918825149536133,0.0040926020592451096,0.006182258948683739,0.7947587966918945,0.03782622888684273,0.0001883594668470323,4.954321241451565e-12,10.0
2690,21.095989227294922,20.930662155151367,0.004351711831986904,0.016532661393284798,0.7841571569442749,0.04864894598722458,0.00017171887157019228,4.1525038615986e-12,10.0
2691,21.04598617553711,20.959821701049805,0.004514224361628294,0.008616524748504162,0.7897810339927673,0.04400952160358429,0.00022004514175932854,4.493389601373243e-12,10.0
2692,21.076433181762695,21.048137664794922,0.004746959079056978,0.0028295714873820543,0.8075117468833923,0.02960384078323841,0.00015762349357828498,5.487533604603412e-12,10.0
2693,20.941572189331055,20.91643524169922,0.0044569820165634155,0.0025137036573141813,0.7915264964103699,0.04061116278171539,0.00015672616427764297,5.584401430863695e-12,10.0
2694,21.370433807373047,21.235122680664062,0.006151929497718811,0.013531138189136982,0.7748550772666931,0.06832829862833023,0.00017387756088282913,4.8535086540069106e-12,10.0
2695,21.438180923461914,21.13199806213379,0.007540903054177761,0.030618377029895782,0.8000821471214294,0.03755467012524605,0.00025532356812618673,3.055800621223903e-12,10.0
2696,21.392839431762695,21.195493698120117,0.010982988402247429,0.019734656438231468,0.7780259251594543,0.0587310865521431,0.00019952189177274704,5.3729650936751305e-12,10.0
2697,21.168676376342773,21.10713768005371,0.0063399397768080235,0.0061538261361420155,0.8004991412162781,0.0373682826757431,0.00019526791584212333,4.89742881665256e-12,10.0
2698,21.134540557861328,21.057340621948242,0.008356696926057339,0.007720021065324545,0.792011559009552,0.04183220863342285,0.00023297156440094113,3.337347976098415e-12,10.0
2699,21.471303939819336,21.277467727661133,0.009674392640590668,0.019383609294891357,0.7827893495559692,0.05856432765722275,0.0001765578199410811,6.0928670962689946e-12,10.0
2700,21.235185623168945,20.983482360839844,0.008271049708127975,0.025170397013425827,0.7864194512367249,0.04457370936870575,0.00018777461082208902,2.5170373597893647e-12,10.0
2701,21.56591033935547,21.471921920776367,0.008279714733362198,0.009398773312568665,0.7870925068855286,0.06343505531549454,0.00017389496497344226,4.091483662288509e-12,10.0
2702,21.26007843017578,21.244707107543945,0.011847175657749176,0.0015371822519227862,0.7576004266738892,0.0802583396434784,0.0002059257822111249,4.953863274453907e-12,10.0
2703,20.990943908691406,20.959260940551758,0.007496458012610674,0.0031682730186730623,0.7643260359764099,0.0664718821644783,0.00019012125267181545,4.9113369621212044e-12,10.0
2704,20.921266555786133,20.829511642456055,0.004746760241687298,0.009175429120659828,0.7628947496414185,0.06546200811862946,0.00019230914767831564,4.143619908997254e-12,10.0
2705,21.121118545532227,20.936052322387695,0.00834656786173582,0.01850661262869835,0.7740586996078491,0.054965388029813766,0.0001786942157195881,5.9925723237819195e-12,10.0
2706,21.157094955444336,21.08846092224121,0.009635102935135365,0.0068633477203547955,0.770202100276947,0.06363231688737869,0.00017237655993085355,5.5162771052386095e-12,10.0
2707,21.211063385009766,21.186403274536133,0.009539228864014149,0.002465994330123067,0.7692515850067139,0.06858768314123154,0.00019422969489824027,4.928344191079681e-12,10.0
2708,21.50832176208496,21.49458885192871,0.0074892304837703705,0.0013733130181208253,0.7638686895370483,0.08834568411111832,0.0001998928637476638,4.324810475020424e-12,10.0
2709,21.19217300415039,21.162073135375977,0.006698500365018845,0.0030099288560450077,0.7718685269355774,0.06784937530755997,0.0001662313734414056,5.5379706896674374e-12,10.0
2710,21.219219207763672,21.182132720947266,0.006483843084424734,0.0037085628136992455,0.7817325592041016,0.05898672714829445,0.00020542983838822693,4.62055914363102e-12,10.0
2711,21.2458438873291,21.198171615600586,0.006820210721343756,0.004767135716974735,0.759093165397644,0.08194801211357117,0.00016362917085643858,5.051069371792005e-12,10.0
2712,21.139760971069336,21.091291427612305,0.009019286371767521,0.004846998490393162,0.7707316279411316,0.06382212787866592,0.00019650300964713097,4.804531772428788e-12,10.0
2713,21.08542251586914,21.064170837402344,0.008242893032729626,0.0021250920835882425,0.7853522896766663,0.04889732971787453,0.00018574425484985113,4.172005622915531e-12,10.0
2714,20.95663833618164,20.925384521484375,0.007737295236438513,0.0031253034248948097,0.7860785126686096,0.043130628764629364,0.00017245182243641466,5.199188302107416e-12,10.0
2715,21.523662567138672,21.50650978088379,0.009394784457981586,0.0017152229556813836,0.7611703276634216,0.0896075889468193,0.00021917892445344478,2.5620614570870393e-12,10.0
2716,21.165586471557617,21.164949417114258,0.0070542749017477036,6.36276017758064e-05,0.8090599179267883,0.030416138470172882,0.0001691194629529491,6.045118398911864e-12,10.0
2717,20.99525260925293,20.995250701904297,0.0084584541618824,2.6348206461079826e-07,0.792361855506897,0.038917798548936844,0.0001798012963263318,4.768806877164522e-12,10.0
2718,21.033491134643555,21.03348731994629,0.007945746183395386,4.7235457145688997e-07,0.7798210382461548,0.053500160574913025,0.00018164799257647246,4.144930058902485e-12,10.0
2719,20.969532012939453,20.969526290893555,0.005228995345532894,5.440837753667438e-07,0.790482223033905,0.04298405721783638,0.00021447967446874827,3.5583545658635085e-12,10.0
2720,20.89649200439453,20.896486282348633,0.00483706034719944,6.459389396695769e-07,0.7797257304191589,0.05122588202357292,0.0001770596718415618,4.3765399290740525e-12,10.0
2721,21.064226150512695,21.06422233581543,0.004144288133829832,4.450108122000529e-07,0.7854839563369751,0.05289025604724884,0.00012598764442373067,4.879637059002073e-12,10.0
2722,21.109018325805664,21.109018325805664,0.004390114452689886,3.13166879095661e-08,0.7967971563339233,0.043096743524074554,0.0001917683839565143,3.525259945069692e-12,10.0
2723,21.049314498901367,21.049314498901367,0.004621467553079128,2.028199297399169e-08,0.7802895307540894,0.05700105056166649,0.00015118566807359457,4.999224558627224e-12,10.0
2724,21.234695434570312,21.234695434570312,0.004316892009228468,1.8140157820312197e-08,0.7874212265014648,0.05759819224476814,0.000128667161334306,4.525945590527769e-12,10.0
2725,20.926307678222656,20.926307678222656,0.006245851516723633,1.9136500384320243e-08,0.7789880037307739,0.051743488758802414,0.00018738491053227335,3.338639694566714e-12,10.0
2726,20.98802947998047,20.98802947998047,0.008508956991136074,1.782631642299748e-08,0.7793754935264587,0.051575422286987305,0.00015333041665144265,4.3585187542438675e-12,10.0
2727,21.054519653320312,21.054519653320312,0.0072098481468856335,1.3657014186208016e-08,0.7853182554244995,0.0495789609849453,0.00018443178851157427,3.389138795995006e-12,10.0
2728,21.179723739624023,21.179723739624023,0.007906697690486908,1.598473708952497e-08,0.7712543606758118,0.06796571612358093,0.0001555309136165306,2.558720813353177e-12,10.0
2729,20.942310333251953,20.942310333251953,0.006909138988703489,1.8537489765435566e-08,0.7636525630950928,0.06707767397165298,0.0001324852491961792,5.452752832590946e-12,10.0
2730,20.88763999938965,20.88763999938965,0.006879862397909164,1.9922143934536507e-08,0.7711726427078247,0.05737755075097084,0.00018880762218032032,3.182223798706141e-12,10.0
2731,20.931941986083984,20.931941986083984,0.0062473490834236145,2.2039674973939327e-08,0.7723789811134338,0.058588020503520966,0.0001583913544891402,3.55547362385078e-12,10.0
2732,20.9567813873291,20.9567813873291,0.005089740268886089,1.712957420352268e-08,0.7820148468017578,0.05109919235110283,0.0001688138727331534,3.82437527826629e-12,10.0
2733,20.834674835205078,20.834674835205078,0.004514956846833229,6.387729012402588e-09,0.7829245924949646,0.04587121307849884,0.00019080341735389084,3.97777210475736e-12,10.0
2734,20.809831619262695,20.809831619262695,0.00425846129655838,6.11609749512354e-08,0.7673044800758362,0.06076071783900261,0.00017390261928085238,4.094102661056365e-12,10.0
2735,21.10964584350586,21.10964584350586,0.004346474539488554,5.194236862848811e-08,0.7892742156982422,0.050686776638031006,0.00019583913672249764,3.744643917863444e-12,10.0
2736,20.84702491760254,20.84702491760254,0.0038184490986168385,4.019211630179598e-08,0.7667483687400818,0.06324051320552826,0.00018432953220326453,3.3272930851507843e-12,10.0
2737,20.911298751831055,20.911298751831055,0.008104861713945866,4.546449972053779e-08,0.7668653130531311,0.06140789017081261,0.00018474984972272068,2.6905385471648335e-12,10.0
2738,20.85436248779297,20.85436248779297,0.004055630881339312,5.428189808753814e-08,0.7794639468193054,0.05058028921484947,0.00018649973208084702,3.5819526598285245e-12,10.0
2739,20.99454116821289,20.99454116821289,0.004539101850241423,6.63818795487714e-08,0.7915209531784058,0.04366664960980415,0.00013746255717705935,5.6066995664239005e-12,10.0
2740,20.938047409057617,20.938045501708984,0.0043585412204265594,1.0607736555812153e-07,0.7740506529808044,0.05904683098196983,0.00016448524547740817,5.13281908295915e-12,10.0
2741,20.813156127929688,20.813156127929688,0.004098337609320879,9.456349658876206e-08,0.7717288732528687,0.05663548409938812,0.0001586794969625771,4.060138510120215e-12,10.0
2742,20.82588005065918,20.825878143310547,0.0046675619669258595,1.46470583217706e-07,0.7700468301773071,0.0582585409283638,0.00015547365183010697,4.210452299313605e-12,10.0
2743,20.986726760864258,20.986724853515625,0.0047762226313352585,1.10272168285519e-07,0.7779827117919922,0.056642089039087296,0.00016986772243399173,5.302331056861176e-12,10.0
2744,20.77155303955078,20.77155303955078,0.003920943010598421,8.213366697873425e-08,0.7741888165473938,0.052677687257528305,0.00018649116100277752,4.053251657920587e-12,10.0
2745,20.76190757751465,20.761905670166016,0.0032543824054300785,1.1905516572596753e-07,0.7678962349891663,0.05926404893398285,0.0001537492498755455,3.3000264847149463e-12,10.0
2746,20.781736373901367,20.781736373901367,0.004033248871564865,8.168616005832519e-08,0.7727459669113159,0.05442194268107414,0.00017074664356186986,3.6782491115439075e-12,10.0
2747,20.8189754486084,20.8189754486084,0.0032082684338092804,9.358864616615392e-08,0.7836672067642212,0.04582173377275467,0.00015446817269548774,4.515645669889157e-12,10.0
2748,20.8841552734375,20.8841552734375,0.004204628989100456,9.212180884787813e-08,0.7727939486503601,0.0583067387342453,0.00015228053962346166,4.091109395698567e-12,10.0
2749,21.149272918701172,21.149272918701172,0.003974765073508024,1.683525141515929e-08,0.7471070885658264,0.09482336789369583,0.00016421603504568338,3.421141842041564e-12,10.0
2750,20.96977424621582,20.96977424621582,0.004525314550846815,4.992936908365664e-08,0.7551311254501343,0.07907237112522125,0.0001555363996885717,3.3055416043259456e-12,10.0
2751,21.000699996948242,21.00069236755371,0.003510857932269573,8.468674081996141e-07,0.7849758863449097,0.05145685002207756,0.00021027128968853503,3.055679841101888e-12,10.0
2752,20.88566780090332,20.88558006286621,0.00323087046854198,8.796610018180218e-06,0.7722911238670349,0.059836409986019135,0.00016197685908991843,3.329533263679574e-12,10.0
2753,20.8431339263916,20.84242820739746,0.004076913930475712,7.06662904121913e-05,0.7873727679252625,0.04218202084302902,0.00016368087381124496,3.202600077495399e-12,10.0
2754,20.874330520629883,20.871593475341797,0.002345208078622818,0.0002736970200203359,0.7822316288948059,0.0502290353178978,0.00014480113168247044,3.824639389915507e-12,10.0
2755,20.95128059387207,20.9449520111084,0.0038988112937659025,0.0006329453899525106,0.7839893698692322,0.04983348026871681,0.00019137530762236565,3.62238212515964e-12,10.0
2756,20.972497940063477,20.96428680419922,0.004236891865730286,0.000821189780253917,0.7800770401954651,0.05418044701218605,0.00019260367844253778,3.4970117079868857e-12,10.0
2757,20.941410064697266,20.934383392333984,0.0027464088052511215,0.0007027385290712118,0.7847029566764832,0.049859341233968735,0.00016649691679049283,4.338959747052229e-12,10.0
2758,20.910812377929688,20.906591415405273,0.00406078202649951,0.0004220633127260953,0.7761781811714172,0.05594731867313385,0.00019349483773112297,3.578558239666907e-12,10.0
2759,21.06287384033203,21.057472229003906,0.004216102417558432,0.0005401895614340901,0.7746030688285828,0.06341070681810379,0.0001725691108731553,3.5251274555642143e-12,10.0
2760,21.12531089782715,21.118345260620117,0.003548926208168268,0.0006966512301005423,0.7881262302398682,0.05297496169805527,0.00020943120762240142,3.076173430566209e-12,10.0
2761,20.9910945892334,20.980253219604492,0.003037048736587167,0.001084173796698451,0.7897706627845764,0.04631703346967697,0.00021350996394176036,3.3314210765023056e-12,10.0
2762,20.876001358032227,20.864444732666016,0.005393012426793575,0.0011557311518117785,0.774071455001831,0.05503672733902931,0.0001916533219628036,2.5485037257605425e-12,10.0
2763,20.849519729614258,20.839496612548828,0.004342079162597656,0.0010023775976151228,0.7673943042755127,0.06176676228642464,0.00019186384452041239,2.795790075144078e-12,10.0
2764,20.82779312133789,20.814006805419922,0.00268456619232893,0.0013786032795906067,0.7643182873725891,0.06548944115638733,0.00016987997514661402,3.5713576193585617e-12,10.0
2765,20.81991195678711,20.808698654174805,0.0035380334593355656,0.001121252658776939,0.770282506942749,0.058457233011722565,0.0001753342803567648,3.4217973506750488e-12,10.0
2766,20.923927307128906,20.91739845275879,0.00260961358435452,0.0006528043304570019,0.7762778997421265,0.05774013698101044,0.00017052899056579918,4.550284194576593e-12,10.0
2767,20.947784423828125,20.94017791748047,0.0028409925289452076,0.0007606309955008328,0.7902788519859314,0.04442182928323746,0.00016358315770048648,4.494778681196632e-12,10.0
2768,20.815889358520508,20.810728073120117,0.004455492366105318,0.0005160447908565402,0.7744797468185425,0.053416118025779724,0.0001942910603247583,2.7564246458250397e-12,10.0
2769,20.82436180114746,20.81731605529785,0.0026363844517618418,0.0007045221282169223,0.7751816511154175,0.05480096489191055,0.00018410495249554515,3.4710736888932114e-12,10.0
2770,20.824142456054688,20.820310592651367,0.004064730368554592,0.0003832516085822135,0.7783985733985901,0.05028759688138962,0.00015368936874438077,2.99646939205811e-12,10.0
2771,21.04180908203125,21.04010772705078,0.0038070259615778923,0.0001702213048702106,0.7907996773719788,0.04692025110125542,0.0001933131570694968,2.3137780753856863e-12,10.0
2772,20.9444522857666,20.94068145751953,0.0034909844398498535,0.0003770087205339223,0.7745263576507568,0.059556715190410614,0.00013287535693962127,5.028226533060343e-12,10.0
2773,20.84981918334961,20.844188690185547,0.00389664713293314,0.0005631053354591131,0.782511293888092,0.047306351363658905,0.00013319197751116008,3.472349361169358e-12,10.0
2774,20.813844680786133,20.805757522583008,0.0031596519984304905,0.0008086736197583377,0.7819271683692932,0.04707224294543266,0.0001780813472578302,4.426041130822789e-12,10.0
2775,20.899492263793945,20.886276245117188,0.0026803312357515097,0.0013216013321653008,0.7971215844154358,0.035571854561567307,0.0001931560254888609,4.406774424536852e-12,10.0
2776,21.2358341217041,21.221513748168945,0.004858832806348801,0.0014320214977487922,0.757761538028717,0.08617011457681656,0.0001751562813296914,3.379533848948957e-12,10.0
2777,20.898670196533203,20.862733840942383,0.004359249956905842,0.0035936222411692142,0.7829741835594177,0.04708049073815346,0.00023864158720243722,3.8195393028961355e-12,10.0
2778,20.98754119873047,20.94881248474121,0.0035032937303185463,0.0038728141225874424,0.797857403755188,0.03652520850300789,0.00016655704530421644,3.842827531880255e-12,10.0
2779,20.915935516357422,20.894081115722656,0.0029701022431254387,0.0021853679791092873,0.7962082028388977,0.036510031670331955,0.00018732882745098323,5.2420689317100866e-12,10.0
2780,20.895715713500977,20.88233184814453,0.0025637794751673937,0.0013384019257500768,0.7859470844268799,0.04672059789299965,0.00015452828665729612,4.782546754455996e-12,10.0
2781,20.83261489868164,20.824878692626953,0.003766851034015417,0.0007735664839856327,0.7863119840621948,0.04284321889281273,0.00018263385572936386,4.018587979742749e-12,10.0
2782,20.960363388061523,20.95501136779785,0.0032106053549796343,0.0005351482541300356,0.7661145329475403,0.06879819929599762,0.00019292578508611768,3.354757227222449e-12,10.0
2783,20.84330940246582,20.83814811706543,0.0035298613365739584,0.0005160336731933057,0.7787145972251892,0.051215603947639465,0.00016451154078822583,3.734539153615879e-12,10.0
2784,20.998884201049805,20.99598503112793,0.005195521283894777,0.0002899868704844266,0.7673358917236328,0.06723904609680176,0.0001721458975225687,3.908603475599737e-12,10.0
2785,20.970195770263672,20.961030960083008,0.0050997044891119,0.0009165427763946354,0.795364499092102,0.03790664300322533,0.00017579173436388373,4.60218668729695e-12,10.0
2786,20.94390869140625,20.92750358581543,0.007597431540489197,0.0016404195921495557,0.764750063419342,0.06466319411993027,0.0002236822183476761,3.2601866085252285e-12,10.0
2787,20.997987747192383,20.97272300720215,0.006620298605412245,0.0025263812858611345,0.7738621830940247,0.05835994705557823,0.0001660972338868305,4.1514092510852585e-12,10.0
2788,21.054594039916992,21.005577087402344,0.0071236006915569305,0.004901669919490814,0.7727875113487244,0.06023066118359566,0.00020359457994345576,4.820710237246617e-12,10.0
2789,20.985431671142578,20.929603576660156,0.005382735747843981,0.005582801532000303,0.7730596661567688,0.05866187810897827,0.00019942957442253828,5.984470731468239e-12,10.0
2790,20.999147415161133,20.957422256469727,0.00413385359570384,0.004172444809228182,0.758801281452179,0.07527860254049301,0.0002078548859572038,3.3367393049987815e-12,10.0
2791,21.02231788635254,20.98208999633789,0.00469839246943593,0.004022880457341671,0.7638185620307922,0.07070505619049072,0.00015391348279081285,3.3138784685110556e-12,10.0
2792,20.918399810791016,20.891216278076172,0.004305817652493715,0.0027184050995856524,0.7657410502433777,0.06552264839410782,0.00019806581258308142,3.570369260658124e-12,10.0
2793,21.0711669921875,21.056278228759766,0.005148153752088547,0.0014888287987560034,0.7647331357002258,0.07229740917682648,0.00018105620983988047,3.79318364912562e-12,10.0
2794,21.085397720336914,21.078750610351562,0.008419419638812542,0.0006646263063885272,0.7792463302612305,0.05539952963590622,0.00021175877191126347,2.0750874976660505e-12,10.0
2795,21.01081085205078,21.00399398803711,0.00697077764198184,0.0006817797548137605,0.7730157375335693,0.06010463088750839,0.00017171377839986235,2.9048738241221894e-12,10.0
2796,21.118249893188477,21.103769302368164,0.008898019790649414,0.00144809833727777,0.7800453901290894,0.05513080582022667,0.00019127850828226656,3.770120066831639e-12,10.0
2797,21.294822692871094,21.269041061401367,0.011897329241037369,0.0025782554876059294,0.7715671062469482,0.06720878928899765,0.00022113940212875605,3.4944590623919858e-12,10.0
2798,21.352964401245117,21.315847396850586,0.009798417799174786,0.003711637342348695,0.7649217247962952,0.07784722000360489,0.00016627467994112521,3.860343468498062e-12,10.0
2799,21.040494918823242,21.00395965576172,0.009345491416752338,0.003653488587588072,0.7676348090171814,0.06310394406318665,0.00018535670824348927,3.545309879005032e-12,10.0
2800,21.421857833862305,21.3896427154541,0.007586610969156027,0.003221553284674883,0.7786514163017273,0.069264717400074,0.00020757394668180496,4.513166316361117e-12,10.0
2801,20.893930435180664,20.864849090576172,0.006103956140577793,0.0029080898966640234,0.770110011100769,0.0583188496530056,0.00015271113079506904,3.359498009641859e-12,10.0
2802,21.11271095275879,21.090011596679688,0.0074025955982506275,0.00226996885612607,0.7769901156425476,0.05915006250143051,0.00014416832709684968,4.665089928940214e-12,10.0
2803,21.04764175415039,21.021949768066406,0.008616258390247822,0.0025692859198898077,0.770737886428833,0.06144433841109276,0.00019865341892000288,2.6288771506899344e-12,10.0
2804,21.117740631103516,21.084306716918945,0.007341422140598297,0.0033434717915952206,0.7939103245735168,0.04206211119890213,0.00014613736129831523,3.822876043502177e-12,10.0
2805,21.320072174072266,21.30615234375,0.00625567277893424,0.0013919876655563712,0.7676956057548523,0.07823853194713593,0.0001408411917509511,3.801606598963225e-12,10.0
2806,21.096755981445312,21.075016021728516,0.00567370280623436,0.002174014924094081,0.779181182384491,0.058068279176950455,0.00019353161042090505,1.9877060067341468e-12,10.0
2807,21.213274002075195,21.174171447753906,0.00646137585863471,0.003910290077328682,0.790087103843689,0.050350356847047806,0.00016987558046821505,3.706397168345976e-12,10.0
2808,21.081552505493164,21.05584144592285,0.008351273834705353,0.0025711797643452883,0.7946708798408508,0.03914735093712807,0.0001603669807082042,3.5451268656783164e-12,10.0
2809,21.163915634155273,21.130666732788086,0.009424028918147087,0.003324811812490225,0.7942936420440674,0.041431259363889694,0.0001942205271916464,3.050468298099185e-12,10.0
2810,21.21402931213379,21.165313720703125,0.010462417267262936,0.004871544428169727,0.7949865460395813,0.041103165596723557,0.00015105688362382352,3.932578221399474e-12,10.0
2811,21.155168533325195,21.11551284790039,0.010121572762727737,0.003965539857745171,0.7839333415031433,0.05049421638250351,0.0001784683990990743,3.833858144147717e-12,10.0
2812,21.098251342773438,21.05119514465332,0.009244542568922043,0.004705614410340786,0.7814975380897522,0.051238421350717545,0.00016821846656966954,3.5155034265599294e-12,10.0
2813,21.161287307739258,21.128921508789062,0.00941284280270338,0.0032365049701184034,0.7904943227767944,0.04518961161375046,0.00015027684275992215,2.5646099827136837e-12,10.0
2814,21.037870407104492,21.01829719543457,0.00928493682295084,0.001957349944859743,0.7928914427757263,0.038482777774333954,0.00018170681141782552,2.743311871070131e-12,10.0
2815,21.04387092590332,21.033166885375977,0.009160259738564491,0.0010703851003199816,0.791504442691803,0.040575817227363586,0.00021549280791077763,2.7299510308581576e-12,10.0
2816,21.0930118560791,21.084869384765625,0.00864256452769041,0.0008142573060467839,0.7998312711715698,0.03482276573777199,0.00024557055439800024,1.8326794075373964e-12,10.0
2817,21.039966583251953,21.01390266418457,0.008187705650925636,0.0026064664125442505,0.7862251400947571,0.04606175050139427,0.0002036742662312463,2.7559710156360717e-12,10.0
2818,21.177146911621094,21.146394729614258,0.009358221665024757,0.0030752515885978937,0.7728407382965088,0.06358293443918228,0.00018472808005753905,3.3941777340118495e-12,10.0
2819,21.118703842163086,21.084653854370117,0.007637047674506903,0.003404950490221381,0.7620239853858948,0.07365850359201431,0.00016651942860335112,3.3229246177574057e-12,10.0
2820,21.382606506347656,21.350709915161133,0.008112750947475433,0.0031896147411316633,0.766978919506073,0.07887468487024307,0.00015521371096838266,3.602364066768171e-12,10.0
2821,21.272668838500977,21.206298828125,0.009452449157834053,0.006637089420109987,0.7839219570159912,0.05479445308446884,0.00020761859195772558,4.173438070825819e-12,10.0
2822,21.044084548950195,21.028209686279297,0.008635727688670158,0.0015874892706051469,0.7778518199920654,0.05457831546664238,0.00015643966617062688,3.093189983663369e-12,10.0
2823,21.000768661499023,20.940752029418945,0.010453072376549244,0.006001755595207214,0.7774118781089783,0.04967990145087242,0.00021305719565134495,2.1560520296198815e-12,10.0
2824,21.064800262451172,21.00008201599121,0.011060485616326332,0.006471762899309397,0.7715820670127869,0.05729792267084122,0.0001570758322486654,3.353408046039008e-12,10.0
2825,21.091333389282227,21.051319122314453,0.011991841718554497,0.004001486115157604,0.7629135251045227,0.06708160042762756,0.0001645506708882749,3.210966215139166e-12,10.0
2826,21.245092391967773,21.201902389526367,0.011513249017298222,0.004318973049521446,0.7784229516983032,0.058054327964782715,0.00021409433975350112,1.4890879328210982e-12,10.0
2827,21.081056594848633,21.050460815429688,0.009978772141039371,0.003059525741264224,0.7745599150657654,0.057415805757045746,0.0001598614180693403,3.775475591882849e-12,10.0
2828,20.912948608398438,20.89679718017578,0.009498294442892075,0.001615089480765164,0.7699620723724365,0.05633658915758133,0.0001873298460850492,3.627778849893404e-12,10.0
2829,20.93646812438965,20.92523765563965,0.010387147776782513,0.0011231027310714126,0.7722916007041931,0.05426687002182007,0.000159926523338072,3.213347123109944e-12,10.0
2830,21.156972885131836,21.134597778320312,0.009136497043073177,0.0022375185508280993,0.7989790439605713,0.03720564767718315,0.0001567486469866708,2.6345679110528764e-12,10.0
2831,21.03004264831543,20.997697830200195,0.008254105225205421,0.0032344781793653965,0.7880103588104248,0.043575890362262726,0.00016902841161936522,3.120646319479392e-12,10.0
2832,20.990062713623047,20.93925666809082,0.009146627970039845,0.005080587230622768,0.7835926413536072,0.04477072134613991,0.00015059679572004825,2.942415191706238e-12,10.0
2833,21.07967758178711,21.025110244750977,0.010215971618890762,0.005456676706671715,0.7812274098396301,0.04949112609028816,0.0001747206988511607,2.8708836523339e-12,10.0
2834,21.229589462280273,21.160268783569336,0.008033264428377151,0.006932097487151623,0.7885299921035767,0.04978249594569206,0.00016254458751063794,4.023294718213943e-12,10.0
2835,21.13946533203125,21.10463523864746,0.006671860348433256,0.0034829529467970133,0.7714865207672119,0.06596476584672928,0.00015578388411086053,2.7771287873512573e-12,10.0
2836,20.981651306152344,20.956844329833984,0.005899643525481224,0.0024806438013911247,0.7704131007194519,0.06189792975783348,0.0001575980131747201,3.2864613808136767e-12,10.0
2837,21.037954330444336,21.010875701904297,0.005345204379409552,0.002707780571654439,0.7806320786476135,0.05439239367842674,0.00016331416554749012,3.970720020146645e-12,10.0
2838,21.144399642944336,21.10789680480957,0.007940138690173626,0.0036503029987215996,0.7697607278823853,0.0665552094578743,0.00014954974176362157,3.2963902874688644e-12,10.0
2839,21.05964469909668,21.02228355407715,0.007509749848395586,0.0037362047005444765,0.7839078903198242,0.04940561577677727,0.00017009950533974916,3.949133988573328e-12,10.0
2840,21.29814338684082,21.25592041015625,0.009667954407632351,0.004222338553518057,0.7505089044570923,0.09000065922737122,0.00014811712026130408,2.175497195583409e-12,10.0
2841,21.118793487548828,21.08490753173828,0.009187521412968636,0.0033886476885527372,0.7635537385940552,0.07059173285961151,0.00015805690782144666,2.5203645594162882e-12,10.0
2842,21.70440101623535,21.669870376586914,0.009754469618201256,0.00345303351059556,0.7587177157402039,0.09825100749731064,0.00017885079432744533,2.310716288450587e-12,10.0
2843,21.196365356445312,21.166688919067383,0.00982445478439331,0.0029676854610443115,0.7679798603057861,0.06880266219377518,0.00015136781439650804,2.7329481993437765e-12,10.0
2844,21.21129035949707,21.1618595123291,0.010695136152207851,0.004943076055496931,0.7860463261604309,0.04965639486908913,0.00019154469191562384,1.386858076296571e-12,10.0
2845,21.155925750732422,21.085304260253906,0.009415388107299805,0.007062220014631748,0.7791045904159546,0.05483916029334068,0.00013251281052362174,3.2443106361135232e-12,10.0
2846,21.17677879333496,21.118755340576172,0.012868180871009827,0.005802395287901163,0.7773197293281555,0.05447685718536377,0.00021369913883972913,2.1767841435621493e-12,10.0
2847,21.318145751953125,21.277013778686523,0.013419419527053833,0.004113210365176201,0.7955913543701172,0.042003367096185684,0.00016601086826995015,2.2945946358265967e-12,10.0
2848,21.812658309936523,21.784425735473633,0.013024970889091492,0.002823184709995985,0.7854055762290955,0.07287262380123138,0.00018462051230017096,2.8324465169149438e-12,10.0
2849,21.594118118286133,21.589759826660156,0.012780381366610527,0.00043575020390562713,0.7872582674026489,0.06348485499620438,0.00016717409016564488,3.1016792866739307e-12,10.0
2850,21.69205665588379,21.684507369995117,0.01437261514365673,0.0007548924186266959,0.7931123375892639,0.05983980372548103,0.0001388384262099862,3.2408275282141963e-12,10.0
2851,21.547449111938477,21.513221740722656,0.014546575024724007,0.0034227895084768534,0.7972459197044373,0.04867032915353775,0.00016495124145876616,2.031780776609593e-12,10.0
2852,21.854032516479492,21.81867027282715,0.01607787422835827,0.0035362797789275646,0.7704694867134094,0.08612576872110367,0.0001839671895140782,2.0917538534614977e-12,10.0
2853,21.679119110107422,21.63976287841797,0.014937224797904491,0.003935665357857943,0.7883457541465759,0.06225467100739479,0.0001323441247222945,3.064072866959533e-12,10.0
2854,21.459064483642578,21.420867919921875,0.017821379005908966,0.003819572739303112,0.7923856973648071,0.046568531543016434,0.0001478023623349145,2.453632566221109e-12,10.0
2855,21.581117630004883,21.551366806030273,0.021819986402988434,0.0029750436078757048,0.7868786454200745,0.05328475311398506,0.00017814699094742537,2.325403758440814e-12,10.0
2856,21.826265335083008,21.81517791748047,0.02979005128145218,0.0011087048333138227,0.7963321805000305,0.04641277343034744,0.0001804500207072124,1.891696651754038e-12,10.0
2857,21.73638153076172,21.72965431213379,0.028322242200374603,0.0006726480205543339,0.7945090532302856,0.046293631196022034,0.00015306746354326606,2.672668076436624e-12,10.0
2858,21.810354232788086,21.80181884765625,0.027306566014885902,0.0008534909575246274,0.7888675332069397,0.05581670626997948,0.00020465765555854887,1.996206585447302e-12,10.0
2859,21.47108268737793,21.460643768310547,0.02603626810014248,0.001043807715177536,0.7999839186668396,0.03234446421265602,0.00015286231064237654,1.5118761277632675e-12,10.0
2860,21.46474266052246,21.452842712402344,0.024802787229418755,0.0011899889213964343,0.7815552949905396,0.05169011279940605,0.00016365807096008211,2.071800847200378e-12,10.0
2861,21.617563247680664,21.59233856201172,0.0238029845058918,0.0025223875418305397,0.7923623323440552,0.04745224490761757,0.00019002646149601787,1.5644580899851213e-12,10.0
2862,21.446590423583984,21.41029930114746,0.01953880675137043,0.003629206446930766,0.7727330923080444,0.06407032907009125,0.0001743778120726347,1.9548290937365653e-12,10.0
2863,21.43630599975586,21.376140594482422,0.015212907455861568,0.006016571540385485,0.7714065313339233,0.0683513805270195,0.00018683237431105226,2.2775368830468823e-12,10.0
2864,21.600446701049805,21.578439712524414,0.013786707073450089,0.002200665883719921,0.7632831335067749,0.08599703758955002,0.0001768632064340636,1.1297173049470977e-12,10.0
2865,21.210350036621094,21.190330505371094,0.010560955852270126,0.002002028515562415,0.7744104862213135,0.06258447468280792,0.00014327699318528175,1.966806925657316e-12,10.0
2866,21.652244567871094,21.63941764831543,0.012232387438416481,0.0012826487654820085,0.7631902694702148,0.09009473770856857,0.0001482720545027405,2.102574624823772e-12,10.0
2867,21.391054153442383,21.38178062438965,0.017176706343889236,0.0009274404146708548,0.7836377620697021,0.0543796643614769,0.0001927153643919155,1.5639673800818543e-12,10.0
2868,21.396106719970703,21.390470504760742,0.02597096562385559,0.0005636446876451373,0.7843543291091919,0.04522736743092537,0.00016534094174858183,1.82137876829358e-12,10.0
2869,21.61132049560547,21.60845184326172,0.028349827975034714,0.0002869220625143498,0.7941713929176331,0.04175212234258652,0.0001619133836356923,2.4576072513854408e-12,10.0
2870,21.68032455444336,21.6712703704834,0.029803132638335228,0.0009053610265254974,0.791262686252594,0.04571656882762909,0.00017115390801336616,1.8311474298676744e-12,10.0
2871,22.001422882080078,21.994476318359375,0.04056820645928383,0.0006947110523469746,0.8148059248924255,0.024336431175470352,0.00017126886814367026,9.396369316308495e-13,10.0
2872,21.833337783813477,21.822528839111328,0.03295430913567543,0.0010808410588651896,0.786181628704071,0.053688809275627136,0.00019087207328993827,1.3774450330350518e-12,10.0
2873,21.739904403686523,21.729658126831055,0.031714897602796555,0.0010246727615594864,0.7905387878417969,0.04685349762439728,0.0001978841028176248,1.4059541291605582e-12,10.0
2874,21.463825225830078,21.445770263671875,0.026633530855178833,0.0018055563559755683,0.7812511920928955,0.049890972673892975,0.00013776066771242768,1.3949424297957091e-12,10.0
2875,21.559803009033203,21.544878005981445,0.024107597768306732,0.0014924748102203012,0.7918959259986877,0.04572824761271477,0.00015844717563595623,2.258734432131204e-12,10.0
2876,21.255565643310547,21.23942756652832,0.016782712191343307,0.0016137843485921621,0.7893459796905518,0.04339268058538437,0.00013920247147325426,2.836564533606478e-12,10.0
2877,21.26231575012207,21.248836517333984,0.013857008889317513,0.0013479249319061637,0.7838533520698547,0.05217845365405083,0.00016154190234374255,2.0255166901378407e-12,10.0
2878,21.105287551879883,21.097108840942383,0.012593156658113003,0.0008178617572411895,0.7875728607177734,0.04365396127104759,0.00016105426766443998,1.987753711629736e-12,10.0
2879,21.076522827148438,21.070022583007812,0.013586755841970444,0.0006499775918200612,0.7818748950958252,0.04727669805288315,0.00015636424359399825,1.5913859856622747e-12,10.0
2880,21.311185836791992,21.300796508789062,0.015612129122018814,0.0010389535455033183,0.7758715152740479,0.06048516556620598,0.00015773119230289012,2.1631635285096484e-12,10.0
2881,21.366653442382812,21.354907989501953,0.020385049283504486,0.0011746077798306942,0.7791644930839539,0.0545908659696579,0.00013978692004457116,2.1134790965937622e-12,10.0
2882,21.31342124938965,21.30613136291504,0.0219687819480896,0.0007289136992767453,0.7820258736610413,0.04818608984351158,0.00016109576972667128,1.430589045663122e-12,10.0
2883,21.296998977661133,21.294981002807617,0.023862503468990326,0.00020172190852463245,0.7792395353317261,0.04862905293703079,0.00017032604955602437,1.5717174740512152e-12,10.0
2884,21.283052444458008,21.282752990722656,0.022975793108344078,3.0007133318576962e-05,0.7837031483650208,0.0445607453584671,0.00017612257215660065,1.0123847290002819e-12,10.0
2885,21.617046356201172,21.61702537536621,0.02629583515226841,2.0606821635738015e-06,0.7656713128089905,0.07264717668294907,0.00016678118845447898,2.4946357913419037e-12,10.0
2886,21.30523681640625,21.30523681640625,0.021368004381656647,7.377129662700099e-08,0.764091432094574,0.06668931990861893,0.0001518815552117303,1.6895497587793296e-12,10.0
2887,21.2835636138916,21.2835636138916,0.01753217540681362,3.139886928238411e-08,0.776441752910614,0.057299088686704636,0.00017367454711347818,1.5965410417317916e-12,10.0
2888,21.245441436767578,21.245439529418945,0.017397845163941383,1.2116977643472637e-07,0.7638142108917236,0.06853795796632767,0.0001688309566816315,1.8070613365048227e-12,10.0
2889,20.991329193115234,20.991329193115234,0.013356104493141174,8.141361007574233e-08,0.7782472968101501,0.04797755181789398,0.00018061358423437923,1.529524120205683e-12,10.0
2890,21.080076217651367,21.080074310302734,0.010912857949733734,1.168887351354897e-07,0.7736291289329529,0.058592841029167175,0.0001703743328107521,1.5644722930335808e-12,10.0
2891,20.96058464050293,20.96058464050293,0.008325058966875076,9.334257100590548e-08,0.7794223427772522,0.050613004714250565,0.00015726941637694836,2.0926795452763658e-12,10.0
2892,20.895967483520508,20.895965576171875,0.009019272401928902,1.4882719767683739e-07,0.7773706316947937,0.04937885329127312,0.0001748457580106333,1.2197014231940528e-12,10.0
2893,20.966323852539062,20.96632194519043,0.008904334157705307,1.1067555050203737e-07,0.779813826084137,0.04987234249711037,0.00015581633488181978,1.522990067392982e-12,10.0
2894,20.85000991821289,20.850008010864258,0.007525905035436153,1.1755673767765984e-07,0.7650442719459534,0.06136498227715492,0.00016282725846394897,1.6344580853686064e-12,10.0
2895,20.890289306640625,20.890289306640625,0.007905339822173119,7.322953621269335e-08,0.7650254964828491,0.06261586397886276,0.0001622084091650322,1.8805482344952384e-12,10.0
2896,21.347957611083984,21.347957611083984,0.010249766521155834,5.846328221537078e-08,0.7528343200683594,0.09076773375272751,0.0001661861751927063,1.3539239174242823e-12,10.0
2897,20.931238174438477,20.931238174438477,0.010524027980864048,1.5105701578477237e-08,0.7807257771492004,0.04593920707702637,0.00015119437011890113,1.8202789536098107e-12,10.0
2898,21.316761016845703,21.316761016845703,0.010434474796056747,1.2132782778451201e-08,0.7576290965080261,0.08455336838960648,0.00013362942263484,1.6910978910614216e-12,10.0
2899,21.1165828704834,21.1165828704834,0.011990288272500038,1.183127018578034e-08,0.7704179286956787,0.06218124181032181,0.00018471160728950053,1.6982176298876994e-12,10.0
2900,21.302427291870117,21.302427291870117,0.011166713200509548,1.3838342916017154e-08,0.7724373936653137,0.0684259831905365,0.00016759928257670254,1.009781017483058e-12,10.0
2901,21.087738037109375,21.087738037109375,0.0133191654458642,1.3982956126312729e-08,0.7770994901657104,0.053032517433166504,0.00014586765610147268,1.4209071202628265e-12,10.0
2902,21.042726516723633,21.042726516723633,0.010232255794107914,1.4402098180710254e-08,0.7787414789199829,0.052660755813121796,0.00018650996207725257,1.4223635290411263e-12,10.0
2903,20.9852294921875,20.9852294921875,0.00682057673111558,1.135388405515414e-08,0.7756006717681885,0.05693542957305908,0.0001311484957113862,1.8004484621941819e-12,10.0
2904,21.222829818725586,21.222829818725586,0.009193885140120983,7.143495572847769e-09,0.7901695370674133,0.049485787749290466,0.00016004392819013447,1.518153441501524e-12,10.0
2905,20.91154670715332,20.91154670715332,0.007550115697085857,5.274893855045093e-09,0.7832966446876526,0.04556255415081978,0.00013124018732924014,1.5074245020632593e-12,10.0
2906,20.884613037109375,20.884613037109375,0.0071250335313379765,2.396174814123242e-09,0.7736499905586243,0.05454801768064499,0.000153705186676234,1.763324404026323e-12,10.0
2907,21.040664672851562,21.040664672851562,0.0064334264025092125,1.2911949287541802e-09,0.785114049911499,0.05001240596175194,0.00016674766084179282,1.5254968512359857e-12,10.0
2908,20.887222290039062,20.887222290039062,0.006276498083025217,4.897249272772797e-10,0.7722105383872986,0.05692708119750023,0.00018691523291636258,1.5681936001502028e-12,10.0
2909,20.828815460205078,20.828815460205078,0.005463042762130499,1.6258631940768709e-10,0.7662867307662964,0.061342380940914154,0.0001511574228061363,1.0936511028389329e-12,10.0
2910,20.90498161315918,20.90498161315918,0.006116587668657303,5.0015998287467056e-11,0.7798876166343689,0.050137896090745926,0.00014302007912192494,1.7399519325334012e-12,10.0
2911,20.790321350097656,20.790321350097656,0.005653517320752144,1.3171265293709933e-11,0.7705316543579102,0.05535911023616791,0.00017139127885457128,1.5880579186736132e-12,10.0
2912,20.963417053222656,20.963417053222656,0.006412633694708347,2.9724048743184905e-12,0.7843294143676758,0.04772555083036423,0.00017275549180340022,1.3642427031806958e-12,10.0
2913,21.383182525634766,21.383182525634766,0.005539916455745697,6.241148548490061e-13,0.7774179577827454,0.07229803502559662,0.00017831726290751249,9.34761599721834e-13,10.0
2914,20.9284725189209,20.9284725189209,0.008344830013811588,1.3531976103889343e-13,0.7614321112632751,0.06728912144899368,0.00018224125960841775,1.3135100646044506e-12,10.0
2915,20.885251998901367,20.885251998901367,0.007024860475212336,2.4740409373946726e-14,0.7744583487510681,0.05386526510119438,0.00015402940334752202,1.2222670792150225e-12,10.0
2916,20.9166259765625,20.9166259765625,0.006767212878912687,1.1408929017991086e-14,0.784307062625885,0.04552864283323288,0.00015534211706835777,1.8261759292259594e-12,10.0
2917,20.89899444580078,20.89899444580078,0.0067128329537808895,9.762098762819069e-15,0.775233805179596,0.05395684018731117,0.00014074637147132307,1.466076934332483e-12,10.0
2918,20.909229278564453,20.909229278564453,0.00837583839893341,9.768401534979588e-15,0.7842972874641418,0.043633487075567245,0.00015640603669453412,9.056399293688733e-13,10.0
2919,20.804574966430664,20.804574966430664,0.0058107515797019005,3.3815543134839757e-16,0.7714308500289917,0.05487290769815445,0.00017131298955064267,1.270441434345071e-12,10.0
2920,20.81073570251465,20.81073570251465,0.005649146623909473,6.014893444428182e-14,0.7752177715301514,0.051486000418663025,0.0001914795720949769,1.0921040547590133e-12,10.0
2921,20.91945457458496,20.91945457458496,0.004497732035815716,2.5813769524707375e-11,0.7761502861976624,0.056072063744068146,0.00014513698988594115,1.781718544403843e-12,10.0
2922,20.77996826171875,20.77996826171875,0.004782239440828562,4.655532848119037e-09,0.7720224857330322,0.05433258041739464,0.00015345717838499695,1.5066977613470423e-12,10.0
2923,20.906005859375,20.906005859375,0.004481678828597069,8.125973494088612e-08,0.7798373103141785,0.05185849964618683,0.0001567162835272029,2.0246952985719657e-12,10.0
2924,20.82880401611328,20.82880210876465,0.00436288071796298,1.9502363102219533e-07,0.7763882875442505,0.05233944207429886,0.00015361419355031103,1.3504225949284576e-12,10.0
2925,20.87787628173828,20.87787437438965,0.0039400761015713215,1.6034307748213905e-07,0.7769527435302734,0.05416619032621384,0.0001399082102579996,1.7135159393819044e-12,10.0
2926,20.858591079711914,20.85858917236328,0.006164981983602047,2.334943332016337e-07,0.769795835018158,0.058317072689533234,0.00016399174637626857,1.4264133494160114e-12,10.0
2927,20.866195678710938,20.866191864013672,0.005571316462010145,3.4068787613250606e-07,0.7862786054611206,0.04273877665400505,0.00014734777505509555,1.6407268339097003e-12,10.0
2928,20.820871353149414,20.82086944580078,0.005495577584952116,2.8458080691962095e-07,0.7692186832427979,0.05805565044283867,0.0001620690309209749,1.0203964409538635e-12,10.0
2929,20.869997024536133,20.8699951171875,0.005719167646020651,2.470804361109913e-07,0.7833821177482605,0.045631762593984604,0.00016687483002897352,1.4870467053909597e-12,10.0
2930,21.196258544921875,21.196256637573242,0.006520275957882404,1.68978530723507e-07,0.7981448769569397,0.043123506009578705,0.00015400424308609217,1.3308314953525135e-12,10.0
2931,20.832181930541992,20.83217430114746,0.00364988693036139,6.96379743203579e-07,0.7682778835296631,0.061301834881305695,0.00014351682330016047,1.2653048097124864e-12,10.0
2932,21.13099479675293,21.12982749938965,0.006518418900668621,0.0001166971997008659,0.7990071773529053,0.039593979716300964,0.000183774609467946,1.3421758279438811e-12,10.0
2933,20.81245994567871,20.791851043701172,0.004367248620837927,0.0020608766935765743,0.7769433259963989,0.05030004680156708,0.0001584356214152649,1.894090570150886e-12,10.0
2934,20.778491973876953,20.740158081054688,0.0036264751106500626,0.003833348862826824,0.7668578028678894,0.05906784534454346,0.00013539752399083227,1.5979071364691233e-12,10.0
2935,20.78883171081543,20.760154724121094,0.005067281424999237,0.0028677184600383043,0.7767196297645569,0.04855675250291824,0.00015622675709892064,1.301572890265168e-12,10.0
2936,20.885828018188477,20.833532333374023,0.006992622744292021,0.005229548551142216,0.7794158458709717,0.046862535178661346,0.00017565740563441068,1.2265458830887366e-12,10.0
2937,20.917858123779297,20.85997772216797,0.004769196733832359,0.005788103677332401,0.7764835357666016,0.053085554391145706,0.0001520652585895732,1.6313218137442576e-12,10.0
2938,21.011648178100586,20.96263885498047,0.0037676459178328514,0.004900953266769648,0.7830398082733154,0.05164045840501785,0.0001441302156308666,2.1114937055755068e-12,10.0
2939,20.981788635253906,20.943679809570312,0.0046040671877563,0.0038108176086097956,0.7665612697601318,0.06651519984006882,0.0001667524193180725,1.5232007278750959e-12,10.0
2940,21.074729919433594,21.050260543823242,0.005216530058532953,0.0024468577466905117,0.7534381747245789,0.08328946679830551,0.00016548075655009598,9.08654878770121e-13,10.0
2941,20.94753646850586,20.907512664794922,0.005937934387475252,0.004002408590167761,0.7907791137695312,0.03951369971036911,0.0001743129687383771,1.5567730481461095e-12,10.0
2942,21.237796783447266,21.168758392333984,0.008313977159559727,0.006903869565576315,0.7597714066505432,0.07859968394041061,0.0001630435581319034,1.4919072921504295e-12,10.0
2943,21.104656219482422,20.95887565612793,0.0067053548991680145,0.014578129164874554,0.7709810733795166,0.06060504540801048,0.00015901926963124424,1.9236955778323406e-12,10.0
2944,21.14286231994629,20.969213485717773,0.010067775845527649,0.01736482046544552,0.786395788192749,0.04224453121423721,0.00015116554277483374,1.565238390288659e-12,10.0
2945,21.40497589111328,21.350065231323242,0.013346449472010136,0.0054911053739488125,0.7667710781097412,0.07383249700069427,0.00013150360609870404,1.4543246164636092e-12,10.0
2946,21.058780670166016,21.01369285583496,0.009104909375309944,0.004508738871663809,0.7709564566612244,0.06042082980275154,0.0001637878449400887,1.2235980458019657e-12,10.0
2947,20.98627471923828,20.945884704589844,0.007731460500508547,0.004039085004478693,0.7958325743675232,0.034195009618997574,0.0001906516117742285,1.3783215020712891e-12,10.0
2948,21.262693405151367,21.048913955688477,0.009451601654291153,0.02137801982462406,0.7995365858078003,0.03289778158068657,0.00017638412828091532,1.4160157421616582e-12,10.0
2949,21.33831024169922,21.075929641723633,0.012892824597656727,0.02623814344406128,0.7942454814910889,0.035832300782203674,0.00016648817108944058,1.4609706673607281e-12,10.0
2950,21.344043731689453,21.17841911315918,0.012460002675652504,0.016562525182962418,0.7834857702255249,0.05112675949931145,0.00016037556633818895,2.10323945759594e-12,10.0
2951,21.431148529052734,21.42232894897461,0.015546510927379131,0.0008820492657832801,0.779024064540863,0.062260907143354416,0.00015427758626174182,1.3210760610449235e-12,10.0
2952,21.407699584960938,21.288454055786133,0.01836792379617691,0.011924468912184238,0.7801581621170044,0.05294492095708847,0.000167762758792378,1.7120570369386079e-12,10.0
2953,21.408437728881836,21.195947647094727,0.012949940748512745,0.021248938515782356,0.7876583337783813,0.04717599228024483,0.0001342736795777455,2.3396542949555288e-12,10.0
2954,21.502334594726562,21.270904541015625,0.014912067912518978,0.023142926394939423,0.7845922112464905,0.0512712188065052,0.00015173600695561618,1.6247275877109835e-12,10.0
2955,21.262813568115234,21.202463150024414,0.014893246814608574,0.006035072263330221,0.7664059400558472,0.0667291209101677,0.00017546697927173227,1.7066619385081028e-12,10.0
2956,21.320371627807617,21.28125762939453,0.01100201066583395,0.0039113229140639305,0.7672848105430603,0.07290350645780563,0.00014982609718572348,1.623009994629332e-12,10.0
2957,21.059377670288086,21.023317337036133,0.008459251374006271,0.0036060353741049767,0.7681291699409485,0.06428226083517075,0.00015506005729548633,1.632369803564182e-12,10.0
2958,21.061216354370117,20.963937759399414,0.011824414134025574,0.009727802127599716,0.776176393032074,0.05049508437514305,0.00015416527458000928,1.446368957762345e-12,10.0
2959,21.424476623535156,21.288103103637695,0.020455485209822655,0.013637359254062176,0.7647878527641296,0.06620768457651138,0.00018283037934452295,9.840959427562246e-13,10.0
2960,21.605648040771484,21.5443058013916,0.032051585614681244,0.006134197115898132,0.784403920173645,0.045257408171892166,0.00014814060705248266,2.205178747938241e-12,10.0
2961,21.625873565673828,21.575435638427734,0.02880811132490635,0.005043849349021912,0.7756579518318176,0.05848812311887741,0.00015793394413776696,1.685345331174648e-12,10.0
2962,21.374502182006836,21.356781005859375,0.021934952586889267,0.0017721536569297314,0.7763600945472717,0.0559055469930172,0.00017662909522186965,1.4938968031369404e-12,10.0
2963,21.104700088500977,21.07123374938965,0.014473466202616692,0.0033465411979705095,0.768592119216919,0.05971946939826012,0.00016060173220466822,1.3500603629826302e-12,10.0
2964,21.173309326171875,21.133094787597656,0.01075234916061163,0.004021483939141035,0.7692672610282898,0.06523527204990387,0.00017227519128937274,1.355213250647802e-12,10.0
2965,21.3636474609375,21.308595657348633,0.010536301881074905,0.0055052307434380054,0.7589288949966431,0.08279986679553986,0.00019710192282218486,1.146606681129425e-12,10.0
2966,21.35292625427246,21.301666259765625,0.013129092752933502,0.0051260036416351795,0.7689535021781921,0.0699082687497139,0.00018939358415082097,1.0209132801294873e-12,10.0
2967,21.308837890625,21.284151077270508,0.012822076678276062,0.002468718681484461,0.767396867275238,0.07108820229768753,0.00014720374019816518,1.7933066056435853e-12,10.0
2968,21.09833335876465,21.06818962097168,0.014256507158279419,0.003014464396983385,0.7691866755485535,0.059214938431978226,0.00017347901302855462,1.321470602215491e-12,10.0
2969,21.39773941040039,21.369585037231445,0.012396791018545628,0.002815394662320614,0.7919585108757019,0.05037923529744148,0.00012212642468512058,1.8131334107718278e-12,10.0
2970,21.182241439819336,21.17911720275879,0.017075352370738983,0.0003124875947833061,0.7894958257675171,0.040538687258958817,0.00013687732280232012,1.38392758624456e-12,10.0
2971,21.27495765686035,21.274906158447266,0.02244512178003788,5.072844032838475e-06,0.7849045395851135,0.04356883466243744,0.00019440830510575324,1.0868473005257173e-12,10.0
2972,21.17694854736328,21.17694664001465,0.013940956443548203,1.1240810238177801e-07,0.7761469483375549,0.056927941739559174,0.00015502610767725855,9.715404479179734e-13,10.0
2973,21.073698043823242,21.07369613647461,0.010929586365818977,2.0997840977088345e-07,0.796962559223175,0.03500453755259514,0.00012792543566320091,1.5149691397209342e-12,10.0
2974,21.041135787963867,21.041133880615234,0.010682880878448486,2.797816591737501e-07,0.7895404696464539,0.04136749729514122,0.0001361615868518129,1.4029460102329971e-12,10.0
2975,21.03803825378418,21.038034439086914,0.008967726491391659,3.332668825350993e-07,0.7748710513114929,0.05762861669063568,0.00013482691429089755,1.3864111681610725e-12,10.0
2976,21.070823669433594,21.07082176208496,0.009822706691920757,2.6584316970001964e-07,0.7857905626296997,0.04714622721076012,0.00018355609790887684,1.2163786687960365e-12,10.0
2977,21.001541137695312,21.00153923034668,0.007545626722276211,1.4376449541941838e-07,0.7861664891242981,0.046289775520563126,0.00014942126290407032,1.0871672485868178e-12,10.0
2978,21.12935447692871,21.129352569580078,0.009350006468594074,1.8086542752371315e-07,0.7889565825462341,0.046783022582530975,0.00021136247960384935,1.0973767467642448e-12,10.0
2979,21.051902770996094,21.05190086364746,0.009631490334868431,1.355149805704059e-07,0.7800658941268921,0.05231977626681328,0.00014701775216963142,1.4223157157253197e-12,10.0
2980,20.966163635253906,20.966163635253906,0.010843178257346153,1.4350559851550315e-08,0.7764390707015991,0.051294974982738495,0.00017318651953246444,1.087077042966067e-12,10.0
2981,20.938737869262695,20.938737869262695,0.0103852404281497,1.7158829912489182e-10,0.7778109312057495,0.04928888753056526,0.00016133672033902258,1.1855677030381262e-12,10.0
2982,21.053743362426758,21.053743362426758,0.009547331370413303,3.868364504590327e-13,0.7849349975585938,0.047609005123376846,0.0001458286278648302,1.0958277471204148e-12,10.0
2983,21.1281681060791,21.1281681060791,0.010592659935355186,6.7207812259233515e-15,0.7656023502349854,0.0688643753528595,0.0001683939917711541,9.474503430070835e-13,10.0
2984,20.945016860961914,20.945016860961914,0.011043763719499111,3.1456318148720115e-16,0.7856922149658203,0.041002608835697174,0.0001551882887724787,9.30582325607554e-13,10.0
2985,21.108875274658203,21.108875274658203,0.010596074163913727,1.2184698118777567e-15,0.7715774774551392,0.06212322413921356,0.00014554291556123644,7.245052539676944e-13,10.0
2986,20.96763801574707,20.96763801574707,0.011327861808240414,0.0,0.7628709077835083,0.06444473564624786,0.00015487620839849114,8.568149987252249e-13,10.0
2987,21.042543411254883,21.042543411254883,0.008440331555902958,1.503427067658607e-17,0.7744889855384827,0.058711882680654526,0.00015135407738853246,1.1294433270581106e-12,10.0
2988,20.78336524963379,20.78336524963379,0.008423970080912113,3.060341288086118e-17,0.7707301378250122,0.05210951343178749,0.00017738931637723,1.0242715963587612e-12,10.0
2989,20.863224029541016,20.863224029541016,0.00715355109423399,5.782411888165622e-20,0.7792020440101624,0.048115406185388565,0.00014504388673231006,9.40313690626915e-13,10.0
2990,20.99011993408203,20.99011993408203,0.006927466951310635,7.402932301382126e-17,0.7877627611160278,0.04486037790775299,0.00013533397577703,1.0378332308130789e-12,10.0
2991,20.827871322631836,20.827871322631836,0.009736765176057816,2.312964755266249e-19,0.7725147008895874,0.05079847201704979,0.00016213917115237564,9.74915244020269e-13,10.0
2992,20.94845199584961,20.94845199584961,0.007968626916408539,2.312964755266249e-19,0.7658530473709106,0.06404350697994232,0.00018242839723825455,8.923327571644379e-13,10.0
2993,21.01039695739746,21.01039695739746,0.0056970794685184956,6.314393717253374e-17,0.7726503610610962,0.06201046705245972,0.00014468346489593387,9.75526300364682e-13,10.0
2994,20.806428909301758,20.806428909301758,0.00725161749869585,5.921189773481597e-17,0.7526570558547974,0.07228796929121017,0.0001512068120064214,9.740719515705099e-13,10.0
2995,20.875051498413086,20.875051498413086,0.006009952165186405,4.517509186655196e-21,0.7588073015213013,0.07012788206338882,0.0001422172790626064,1.2333056667937492e-12,10.0
2996,20.81059455871582,20.81059455871582,0.007751994766294956,9.299292659316083e-19,0.7579100131988525,0.0666983425617218,0.00015869761409703642,1.0728056897696403e-12,10.0
2997,21.1025447845459,21.1025447845459,0.01066698506474495,0.0,0.7538855671882629,0.07947918027639389,0.00017530999321024865,4.735878572983965e-13,10.0
2998,20.90521240234375,20.90521240234375,0.008097105659544468,0.0,0.7569192051887512,0.07111895084381104,0.00018327966972719878,9.666135079855476e-13,10.0
2999,20.9674015045166,20.9674015045166,0.011350341141223907,1.5092093910125977e-17,0.7725603580474854,0.054712701588869095,0.00018186339002568275,6.364959015577043e-13,10.0
3000,20.785486221313477,20.785486221313477,0.00817112997174263,0.0,0.7670217156410217,0.056166358292102814,0.0001504398533143103,1.0482997933256022e-12,10.0
3001,20.934768676757812,20.934768676757812,0.009578424505889416,9.251859021064995e-19,0.7568467855453491,0.07090294361114502,0.00015661610814277083,8.714768815441809e-13,10.0
3002,20.787273406982422,20.787273406982422,0.009450442157685757,1.5760685801279113e-17,0.766755998134613,0.0552237443625927,0.00015185623487923294,8.532370773459141e-13,10.0
3003,20.8525390625,20.8525390625,0.008162093348801136,2.0816682538902298e-18,0.7780038118362427,0.047877270728349686,0.0001459260529372841,8.887954391564867e-13,10.0
3004,20.931411743164062,20.931411743164062,0.007870812900364399,6.072978077629568e-17,0.7678660154342651,0.06146497651934624,0.00013682428107131273,1.0389442127792248e-12,10.0
3005,20.88799285888672,20.88799285888672,0.0043700579553842545,2.9698465379327345e-16,0.7859888076782227,0.045101430267095566,0.00014870190352667123,1.115910532381581e-12,10.0
3006,20.83397674560547,20.83397674560547,0.00659515056759119,6.581829811970138e-17,0.7751606702804565,0.05153989791870117,0.00015828412142582238,1.0732862081724859e-12,10.0
3007,20.745975494384766,20.745975494384766,0.005258099641650915,2.6327681883861096e-16,0.7746565937995911,0.04985928535461426,0.00016252294881269336,7.959917447397657e-13,10.0
3008,20.790691375732422,20.790691375732422,0.006240313407033682,4.0750101288848227e-16,0.7726527452468872,0.052675507962703705,0.00014778657350689173,7.790847502721354e-13,10.0
3009,21.069963455200195,21.069963455200195,0.006544560194015503,3.5573395904232527e-16,0.7786927819252014,0.05750204622745514,0.00014783999358769506,6.892574618694303e-13,10.0
3010,20.930095672607422,20.930095672607422,0.005912051536142826,9.584752086520647e-15,0.7765055298805237,0.054728806018829346,0.00014383328380063176,9.785614159263378e-13,10.0
3011,20.89132308959961,20.89132308959961,0.007846476510167122,2.416331058038932e-14,0.7873022556304932,0.04043984413146973,0.0001610137987881899,8.64507358928901e-13,10.0
3012,20.881942749023438,20.881942749023438,0.01002402976155281,8.923472854735492e-13,0.7817674875259399,0.04342732951045036,0.0001471173163736239,1.0155745602119515e-12,10.0
3013,20.814836502075195,20.814836502075195,0.008790361694991589,3.5251277591408225e-11,0.7820748090744019,0.04166601598262787,0.000155699483002536,6.06982021068847e-13,10.0
3014,20.799758911132812,20.799758911132812,0.008239217102527618,7.401766421999412e-10,0.771414041519165,0.052279405295848846,0.0001441274071112275,9.465447089324064e-13,10.0
3015,21.01930046081543,21.01930046081543,0.008179672062397003,6.999986812417092e-09,0.7845076322555542,0.04802661016583443,0.00014533274224959314,1.0406046684063863e-12,10.0
3016,20.818483352661133,20.818483352661133,0.008647111244499683,2.9834090753411147e-08,0.7678260803222656,0.056202467530965805,0.00015919670113362372,9.21523924876655e-13,10.0
3017,21.098512649536133,21.098512649536133,0.00760311633348465,6.890083170674188e-08,0.7904066443443298,0.04588169604539871,0.000122500816360116,1.1761733080539738e-12,10.0
3018,20.858644485473633,20.858644485473633,0.00902168732136488,6.315763556585807e-08,0.7719551920890808,0.05328798294067383,0.00020234765543136746,7.444311009643934e-13,10.0
3019,20.768840789794922,20.768840789794922,0.008364643901586533,4.93952825308952e-08,0.7721492648124695,0.05018262937664986,0.00014259984891396016,5.988469811181452e-13,10.0
3020,20.952329635620117,20.952329635620117,0.007607342209666967,4.8408328012783386e-08,0.7848450541496277,0.045576296746730804,0.00016117143968585879,7.660384371104001e-13,10.0
3021,20.84361457824707,20.84361457824707,0.008104167878627777,8.181613253555042e-08,0.7728278040885925,0.05274239927530289,0.0001754690456436947,7.848861534667795e-13,10.0
3022,20.80316734313965,20.803165435791016,0.006944524124264717,9.935897082868905e-08,0.7679045796394348,0.057216666638851166,0.00015228588017635047,9.090400958020051e-13,10.0
3023,20.999677658081055,20.999675750732422,0.00787816010415554,1.1231324492655403e-07,0.7696508765220642,0.06239936500787735,0.00014657858991995454,6.288763455299107e-13,10.0
3024,20.772659301757812,20.77265739440918,0.006286728195846081,9.736520212300093e-08,0.7705062031745911,0.054061662405729294,0.00012938697182107717,9.09854440053759e-13,10.0
3025,21.035682678222656,21.035682678222656,0.009362870827317238,8.1157025988432e-08,0.7661604285240173,0.06583250313997269,0.00017863458197098225,6.448416562006287e-13,10.0
3026,21.076175689697266,21.076175689697266,0.013873856514692307,7.674237423316299e-08,0.7780328392982483,0.05107937380671501,0.0001523888058727607,6.559604747401193e-13,10.0
3027,20.89508628845215,20.89508628845215,0.011446830816566944,5.879439513023499e-08,0.7761697173118591,0.048131056129932404,0.00013954525638837367,5.920243136871284e-13,10.0
3028,21.034273147583008,21.034273147583008,0.008317657746374607,6.112849604278381e-08,0.7743386030197144,0.058638110756874084,0.00019145628903061152,6.3789099870315e-13,10.0
3029,20.80875015258789,20.80875015258789,0.006675646174699068,5.9286250575496524e-08,0.7718785405158997,0.05374295264482498,0.0001322081807302311,8.576074963032032e-13,10.0
3030,20.777631759643555,20.77761459350586,0.007762435358017683,1.756265078256547e-06,0.7646223902702332,0.058656707406044006,0.00015761908434797078,9.709187663922703e-13,10.0
3031,20.780393600463867,20.780059814453125,0.008988149464130402,3.346017183503136e-05,0.7649123072624207,0.057237789034843445,0.00016044877702370286,8.231810957708141e-13,10.0
3032,20.89582061767578,20.893484115600586,0.010043183341622353,0.00023358130420092493,0.7729694843292236,0.05265962332487106,0.00016768818022683263,7.294969749799263e-13,10.0
3033,20.912405014038086,20.903181076049805,0.007460653781890869,0.0009224479435943067,0.7664958834648132,0.062105756253004074,0.00016233857604674995,5.933267115468266e-13,10.0
3034,20.754106521606445,20.73752784729004,0.006475592497736216,0.0016578962095081806,0.77690589427948,0.04606401547789574,0.00013903010403737426,9.161209117702906e-13,10.0
3035,20.77834129333496,20.762779235839844,0.009532105177640915,0.0015562790213152766,0.7719146013259888,0.04899822548031807,0.00016554247122257948,7.85060222125572e-13,10.0
3036,20.794532775878906,20.77434539794922,0.010765387676656246,0.0020186740439385176,0.7759911417961121,0.044157471507787704,0.0001495489850640297,8.92073036534019e-13,10.0
3037,21.21515655517578,21.158226013183594,0.006283198017627001,0.005693083629012108,0.7943184971809387,0.04567576199769974,0.0001292057422688231,7.963544103664622e-13,10.0
3038,20.7657413482666,20.695178985595703,0.007572650909423828,0.007056166417896748,0.7628910541534424,0.05728195607662201,0.00015378206444438547,8.268849472324591e-13,10.0
3039,20.832435607910156,20.76568603515625,0.008513390086591244,0.006674901116639376,0.7636341452598572,0.058418985456228256,0.00015244730457197875,7.444840100304106e-13,10.0
3040,20.926095962524414,20.878543853759766,0.007145841605961323,0.004755249712616205,0.7614830136299133,0.06645669043064117,0.00014061073306947947,7.393833809099526e-13,10.0
3041,20.972129821777344,20.93630599975586,0.00900351069867611,0.0035822868812829256,0.7829191088676453,0.04547254368662834,0.0001427485840395093,8.492187530441397e-13,10.0
3042,21.1517333984375,21.012290954589844,0.010319776833057404,0.013944149017333984,0.762044370174408,0.06806188076734543,0.00016410306852776557,8.623373282806712e-13,10.0
3043,21.113191604614258,20.994739532470703,0.0139956409111619,0.011845207773149014,0.7585857510566711,0.0671461671590805,0.00015508315118495375,6.721286396373094e-13,10.0
3044,21.369808197021484,21.190828323364258,0.022999444976449013,0.01789790764451027,0.7661826014518738,0.05839447304606438,0.00014152188668958843,7.917534900273027e-13,10.0
3045,21.279403686523438,21.12529945373535,0.020945332944393158,0.015410439111292362,0.778020441532135,0.04598069190979004,0.00016370411321986467,8.795310400128153e-13,10.0
3046,21.204936981201172,21.14379119873047,0.023062055930495262,0.006114584859460592,0.7820687890052795,0.04056047275662422,0.00015082104073371738,7.446334672998878e-13,10.0
3047,21.35940933227539,21.17837905883789,0.015650350600481033,0.018103115260601044,0.7989820837974548,0.032443445175886154,0.00014820513024460524,5.609332442979564e-13,10.0
3048,21.210512161254883,21.12908172607422,0.009007307700812817,0.008142992854118347,0.7614690661430359,0.07462918758392334,0.00014411669690161943,7.183654712750176e-13,10.0
3049,21.32640838623047,21.020902633666992,0.018665436655282974,0.030550479888916016,0.7812687158584595,0.04083633795380592,0.00016412166587542742,6.627733301414751e-13,10.0
3050,21.295217514038086,21.040294647216797,0.015812518075108528,0.025492308661341667,0.7829474210739136,0.042781952768564224,0.00017473452317062765,7.614724822913033e-13,10.0
3051,21.45610237121582,21.32813262939453,0.028491657227277756,0.012797029688954353,0.7821729183197021,0.04240141063928604,0.00014823785750195384,5.893397748979456e-13,10.0
3052,21.53581428527832,21.498315811157227,0.026477878913283348,0.0037497798912227154,0.7885896563529968,0.04480070248246193,0.0001609451719559729,5.813205819493739e-13,10.0
3053,21.761188507080078,21.564064025878906,0.026851261034607887,0.019712399691343307,0.8049525022506714,0.030707623809576035,0.0001279290154343471,8.634898351900233e-13,10.0
3054,22.089345932006836,21.865764617919922,0.04237239807844162,0.022358110174536705,0.7879529595375061,0.044242825359106064,0.00015611262642778456,8.382882062119013e-13,10.0
3055,21.658315658569336,21.553817749023438,0.03823269158601761,0.010449777357280254,0.772692084312439,0.05116149038076401,0.00016596932255197316,6.307733740711086e-13,10.0
3056,21.40696144104004,21.248241424560547,0.024260947480797768,0.015871981158852577,0.7773331999778748,0.04827771335840225,0.000144390927744098,9.16988707189148e-13,10.0
3057,21.4689998626709,21.353527069091797,0.01897556707262993,0.011547246016561985,0.7668043375015259,0.06830061972141266,0.00015129883831832558,7.671381433739521e-13,10.0
3058,21.21091079711914,21.203874588012695,0.013337885029613972,0.0007036218885332346,0.7801402807235718,0.05461687967181206,0.00014994113007560372,6.181958157186473e-13,10.0
3059,21.080835342407227,21.0100040435791,0.01827239617705345,0.007083213422447443,0.770962119102478,0.05110407620668411,0.00015401253767777234,8.048737999873101e-13,10.0
3060,21.542922973632812,21.517057418823242,0.03235246241092682,0.002586578717455268,0.7694942951202393,0.05877316743135452,0.0001558473741170019,6.188361455217173e-13,10.0
3061,22.116127014160156,22.115360260009766,0.05480124056339264,7.66229786677286e-05,0.7536889314651489,0.07607144862413406,0.0001318264548899606,7.832885815656221e-13,10.0
3062,22.072233200073242,22.071548461914062,0.06274764239788055,6.846385804237798e-05,0.7579470276832581,0.06210029125213623,0.0001675539097050205,7.666925362810606e-13,10.0
3063,22.535900115966797,22.535232543945312,0.07101745158433914,6.677408964606002e-05,0.7759307026863098,0.05441001430153847,0.00012771216279361397,9.744108731696288e-13,10.0
3064,21.851530075073242,21.85090446472168,0.05126924812793732,6.262453098315746e-05,0.7653182148933411,0.05738190934062004,0.00016714232333470136,6.583720114222702e-13,10.0
3065,21.464323043823242,21.46367073059082,0.03739636391401291,6.522762851091102e-05,0.762118935585022,0.05895061790943146,0.00020210134971421212,5.176542246070059e-13,10.0
3066,21.345443725585938,21.34487533569336,0.02363869920372963,5.6778233556542546e-05,0.7913689017295837,0.03872765228152275,0.00014955564984120429,6.495057855264441e-13,10.0
3067,21.153417587280273,21.152847290039062,0.02070186659693718,5.699768735212274e-05,0.7784500122070312,0.04690257087349892,0.00014885519340168685,5.823079106577478e-13,10.0
3068,20.97738265991211,20.97627830505371,0.016262609511613846,0.00011051555338781327,0.7556717991828918,0.06706532090902328,0.00012857945694122463,7.548306055725484e-13,10.0
3069,21.067794799804688,21.065166473388672,0.017353814095258713,0.00026291311951354146,0.7791363596916199,0.046061862260103226,0.00013660055992659181,8.866993510964205e-13,10.0
3070,21.23295783996582,21.229881286621094,0.029288364574313164,0.00030766482814215124,0.7756328582763672,0.0442134365439415,0.00015165827062446624,5.937468940987733e-13,10.0
3071,21.453277587890625,21.4506893157959,0.034672364592552185,0.0002588250790722668,0.7775474190711975,0.04575309529900551,0.00013652851339429617,7.848516216275858e-13,10.0
3072,21.61838150024414,21.615873336791992,0.04458564519882202,0.0002508126199245453,0.7702118754386902,0.04977772757411003,0.00014910737809259444,6.31008049631343e-13,10.0
3073,21.80477523803711,21.802059173583984,0.045212823897600174,0.00027161071193404496,0.777408242225647,0.04940485581755638,0.00014114973600953817,5.422131927473872e-13,10.0
3074,21.821334838867188,21.818510055541992,0.055071331560611725,0.00028242991538718343,0.7710753083229065,0.04653271287679672,0.0001525307889096439,7.162099147257905e-13,10.0
3075,21.757360458374023,21.75442123413086,0.052323486655950546,0.00029398620245046914,0.770372211933136,0.04741966724395752,0.0001536722556920722,7.19082345751465e-13,10.0
3076,21.809009552001953,21.80613136291504,0.057994697242975235,0.00028772742371074855,0.762666642665863,0.051523979753255844,0.00014999588893260807,6.469211017573473e-13,10.0
3077,22.00531768798828,22.002517700195312,0.046024855226278305,0.00028009183006361127,0.7787697911262512,0.05524219572544098,0.00015971591346897185,5.740885197780266e-13,10.0
3078,21.597875595092773,21.595102310180664,0.04000931605696678,0.00027733531896956265,0.7598146796226501,0.0639180988073349,0.00015504896873608232,6.533870666736163e-13,10.0
3079,21.287073135375977,21.284990310668945,0.03662291541695595,0.00020829736604355276,0.760661244392395,0.054063573479652405,0.0001296658447245136,5.853869364073894e-13,10.0
3080,21.24614906311035,21.24392318725586,0.03149418905377388,0.00022254869691096246,0.7683184146881104,0.04988774284720421,0.0001412856945535168,7.802009364087092e-13,10.0
3081,21.416006088256836,21.413015365600586,0.027773180976510048,0.00029902346432209015,0.7646804451942444,0.06400742381811142,0.00014879422087688,4.579910127359976e-13,10.0
3082,21.096437454223633,21.095569610595703,0.01708950288593769,8.685886132298037e-05,0.7830431461334229,0.04364013671875,0.00012497325951699167,8.23663294687027e-13,10.0
3083,21.118148803710938,21.11737823486328,0.025829320773482323,7.702924631303176e-05,0.7600363492965698,0.058761853724718094,0.00016916422464419156,4.467019202453182e-13,10.0
3084,21.166501998901367,21.165538787841797,0.019089702516794205,9.639094059821218e-05,0.7469058632850647,0.08056486397981644,0.00015256150800269097,6.041151736843609e-13,10.0
3085,21.213788986206055,21.212888717651367,0.020124806091189384,9.00601371540688e-05,0.7391580939292908,0.08917427062988281,0.00014590242062695324,5.831650266852062e-13,10.0
3086,21.061447143554688,21.06093978881836,0.020306002348661423,5.0813239795388654e-05,0.757610559463501,0.06446147710084915,0.00014894107880536467,5.375908052052125e-13,10.0
3087,21.088356018066406,21.087600708007812,0.025363178923726082,7.544682011939585e-05,0.7565438747406006,0.06154081970453262,0.000140434640343301,4.857631224347569e-13,10.0
3088,21.364118576049805,21.363094329833984,0.02996034175157547,0.00010248621401842684,0.7685664296150208,0.05593378469347954,0.0001581193646416068,3.6320406860031185e-13,10.0
3089,21.319116592407227,21.318058013916016,0.03142545372247696,0.00010591059981379658,0.7560884356498718,0.06514494866132736,0.00015862553846091032,5.408160898279224e-13,10.0
3090,21.53829002380371,21.537109375,0.03804866969585419,0.00011812068260041997,0.7624924778938293,0.060871951282024384,0.000178234520717524,6.078567553816083e-13,10.0
3091,21.811750411987305,21.810352325439453,0.04766394942998886,0.00013984509860165417,0.76127690076828,0.06341525912284851,0.00014483621635008603,7.711515887659504e-13,10.0
3092,21.791038513183594,21.78913116455078,0.04375500604510307,0.00019069109112024307,0.7546003460884094,0.07315067201852798,0.00014798638585489243,7.134348450552053e-13,10.0
3093,21.507658004760742,21.505556106567383,0.033462949097156525,0.00021012334036640823,0.759318470954895,0.06737132370471954,0.0001738442078931257,3.0489800679871226e-13,10.0
3094,21.34254264831543,21.33991813659668,0.032380905002355576,0.000262496032519266,0.763687789440155,0.057462822645902634,0.00016296443936880678,5.024057884127353e-13,10.0
3095,21.273618698120117,21.271156311035156,0.02839265763759613,0.0002461628755554557,0.7711418867111206,0.05125467851758003,0.00014275075227487832,5.088867153189847e-13,10.0
3096,21.11587905883789,21.113256454467773,0.02595832198858261,0.0002622613974381238,0.7761391997337341,0.04237096384167671,0.00015423267905134708,4.857523346231407e-13,10.0
3097,21.209768295288086,21.206527709960938,0.01997397094964981,0.00032414268935099244,0.7826080918312073,0.04561969265341759,0.00014831578300800174,5.607598261604674e-13,10.0
3098,21.12063217163086,21.117895126342773,0.02536531537771225,0.0002737504546530545,0.7653173804283142,0.053964950144290924,0.00017046666471287608,2.2390195166671623e-13,10.0
3099,20.96442413330078,20.96241569519043,0.02160298451781273,0.00020085638971067965,0.7632759809494019,0.05354248732328415,0.00018785697466228157,3.1471597246660044e-13,10.0
3100,20.805736541748047,20.803327560424805,0.015532699413597584,0.00024094372929539531,0.7681960463523865,0.04834180697798729,0.00015632060240022838,5.51273382411871e-13,10.0
3101,20.950773239135742,20.948368072509766,0.015958812087774277,0.0002405499544693157,0.7835039496421814,0.03841294348239899,0.00014765026571694762,6.74936126952852e-13,10.0
3102,21.19470977783203,21.192426681518555,0.029335113242268562,0.0002282269560964778,0.7671215534210205,0.05116662755608559,0.00018453196389600635,3.263701971439187e-13,10.0
3103,21.153718948364258,21.151395797729492,0.027497589588165283,0.00023239883012138307,0.7692814469337463,0.04921220242977142,0.00016149161092471331,5.488584847029854e-13,10.0
3104,21.111494064331055,21.10890769958496,0.0250628013163805,0.00025855182320810854,0.7645909786224365,0.054640915244817734,0.0001540861849207431,3.681955456670549e-13,10.0
3105,20.913589477539062,20.91057586669922,0.02033006027340889,0.0003014017711393535,0.758151650428772,0.05787799507379532,0.00015847651229705662,5.421468937845397e-13,10.0
3106,21.012319564819336,21.009140014648438,0.018679622560739517,0.0003179239865858108,0.7714111804962158,0.050219979137182236,0.00013686677266377956,4.239823824057215e-13,10.0
3107,20.853347778320312,20.849994659423828,0.01646038517355919,0.00033538605202920735,0.7598256468772888,0.05765928700566292,0.00013596883218269795,5.243288442313698e-13,10.0
3108,20.890300750732422,20.887483596801758,0.018718762323260307,0.0002817343920469284,0.7596914768218994,0.05702751874923706,0.0001538722572149709,5.502697906709098e-13,10.0
3109,20.90493392944336,20.90224266052246,0.019355975091457367,0.00026903566322289407,0.7614490389823914,0.05522458627820015,0.00015007017645984888,6.106558401303142e-13,10.0
3110,21.06134605407715,21.058717727661133,0.020583543926477432,0.0002627987414598465,0.7610864043235779,0.060621101409196854,0.00014405575348064303,4.4896004232006237e-13,10.0
3111,20.976585388183594,20.97470474243164,0.019733598455786705,0.00018814561190083623,0.7630299925804138,0.056158337742090225,0.00016547332052141428,4.994767078235485e-13,10.0
3112,20.917675018310547,20.916337966918945,0.021204644814133644,0.00013377873983699828,0.7642854452133179,0.05109364539384842,0.00017425902478862554,5.939947427154035e-13,10.0
3113,20.93578338623047,20.93383026123047,0.020870499312877655,0.00019538584456313401,0.7628291249275208,0.05358918756246567,0.00016095837054308504,5.061237345026226e-13,10.0
3114,20.894752502441406,20.892772674560547,0.020425945520401,0.00019793723186012357,0.7620794177055359,0.05315195769071579,0.0001340027229161933,5.277309080183035e-13,10.0
3115,20.91776466369629,20.915809631347656,0.02330305241048336,0.00019548340060282499,0.7616546750068665,0.05161915346980095,0.00013858888996765018,5.224291593948494e-13,10.0
3116,21.22270965576172,21.220640182495117,0.023947138339281082,0.0002069134934572503,0.7655626535415649,0.05925038829445839,0.00016354047693312168,3.9142167697174546e-13,10.0
3117,21.1832332611084,21.180713653564453,0.02769584394991398,0.00025188116705976427,0.7728919982910156,0.04657994583249092,0.00015178389730863273,6.103945474067451e-13,10.0
3118,21.035058975219727,21.032346725463867,0.02537621557712555,0.0002712273271754384,0.7592638731002808,0.056597013026475906,0.00014201400335878134,4.367186950612889e-13,10.0
3119,21.138742446899414,21.135713577270508,0.03264812007546425,0.00030295964097604156,0.752873420715332,0.05984123796224594,0.00016466648958157748,4.2802309548235773e-13,10.0
3120,21.418617248535156,21.415380477905273,0.03320900723338127,0.0003236046468373388,0.7620179653167725,0.06133104860782623,0.00014312552229966968,4.913367889630704e-13,10.0
3121,21.0233097076416,21.022918701171875,0.023785190656781197,3.918922448065132e-05,0.7542861700057983,0.0627882331609726,0.00014281105541158468,4.4399678161485823e-13,10.0
3122,20.99135971069336,20.989267349243164,0.024039264768362045,0.0002092251816065982,0.7579683661460876,0.0575045607984066,0.00014620805450249463,2.4574193049388404e-13,10.0
3123,21.17540740966797,21.171340942382812,0.016970917582511902,0.00040673784678801894,0.7746464610099792,0.05518370121717453,0.00013138687063474208,5.708639398867288e-13,10.0
3124,20.93743133544922,20.929197311401367,0.01686052232980728,0.0008233896223828197,0.7613646388053894,0.05888231098651886,0.00015107107174117118,4.864693175198054e-13,10.0
3125,20.917394638061523,20.90937614440918,0.02472209930419922,0.0008018600638024509,0.7374827265739441,0.07411131262779236,0.00014710410323459655,4.3511450952687936e-13,10.0
3126,21.10660171508789,21.095277786254883,0.017730457708239555,0.0011324313236400485,0.7768629789352417,0.0491592101752758,0.00014603293675463647,3.0981670679462725e-13,10.0
3127,21.411117553710938,21.397790908813477,0.03187185898423195,0.0013326688203960657,0.7527962327003479,0.07118646800518036,0.0001426635863026604,2.5351959030348037e-13,10.0
3128,21.90764617919922,21.89888572692871,0.05289001017808914,0.0008761344943195581,0.751420259475708,0.07159006595611572,0.0001377362641505897,2.7862705632292206e-13,10.0
3129,21.64201545715332,21.634244918823242,0.0509791299700737,0.000777088978793472,0.7490031123161316,0.06532340496778488,0.00016013967979233712,3.7148574689484237e-13,10.0
3130,21.856124877929688,21.845064163208008,0.05291125550866127,0.0011060244869440794,0.7619287371635437,0.05890418216586113,0.0001461049250792712,3.233731641835713e-13,10.0
3131,21.928348541259766,21.92184066772461,0.056663043797016144,0.0006508808583021164,0.7623251676559448,0.05782676860690117,0.00014662455942016095,3.65082882545012e-13,10.0
3132,21.45383071899414,21.443204879760742,0.03926071897149086,0.0010626498842611909,0.7622386813163757,0.056172989308834076,0.00013936769391875714,4.697387227456384e-13,10.0
3133,21.43644142150879,21.42326545715332,0.025508344173431396,0.0013175510102882981,0.778446614742279,0.05292268469929695,0.00013246608432382345,4.969042755390007e-13,10.0
3134,21.792837142944336,21.77418327331543,0.04423403739929199,0.0018653720617294312,0.7416526675224304,0.08502578735351562,0.00013709875929635018,3.002321427494209e-13,10.0
3135,21.786510467529297,21.75650405883789,0.04053428769111633,0.003000669414177537,0.735273540019989,0.09439145028591156,0.00015214324230328202,2.602010404015309e-13,10.0
3136,21.405380249023438,21.350650787353516,0.02644376829266548,0.005472954828292131,0.7558625340461731,0.07166743278503418,0.00013085055979900062,3.7755313198745144e-13,10.0
3137,21.542160034179688,21.53118324279785,0.04163968190550804,0.0010976247722283006,0.7735074162483215,0.04604540020227432,0.0001371977268718183,3.9418587751555156e-13,10.0
3138,22.015308380126953,21.935260772705078,0.05478145182132721,0.008004704490303993,0.7472845315933228,0.07528571784496307,0.00014691356045659631,4.1199698817481756e-13,10.0
3139,22.475677490234375,22.391143798828125,0.07207255810499191,0.008453434333205223,0.7713205814361572,0.05219271034002304,0.0001498240017099306,3.781575746986121e-13,10.0
3140,23.0767822265625,23.0727596282959,0.1073969379067421,0.00040229721344076097,0.7525136470794678,0.06293725222349167,0.00015631200221832842,2.8224230136202066e-13,10.0
3141,22.925792694091797,22.88081169128418,0.10195302963256836,0.00449806172400713,0.7588599920272827,0.05435675382614136,0.00015650234126951545,3.396695088826035e-13,10.0
3142,23.036935806274414,22.974388122558594,0.09697774797677994,0.006254774983972311,0.7767482995986938,0.04519655182957649,0.00013233615027274936,3.377188936490305e-13,10.0
3143,23.03200340270996,22.93079948425293,0.09884995967149734,0.010120315477252007,0.7517048120498657,0.06661457568407059,0.00015660743520129472,3.962034151282212e-13,10.0
3144,21.83237075805664,21.748106002807617,0.05520692840218544,0.008426391519606113,0.7663910388946533,0.04826826974749565,0.00014501863915938884,4.588536581945357e-13,10.0
3145,21.291751861572266,21.220277786254883,0.03264526650309563,0.007147377822548151,0.7639621496200562,0.0521467924118042,0.0001423725625500083,3.793575967681734e-13,10.0
3146,21.490516662597656,21.426528930664062,0.0375782772898674,0.006398751400411129,0.7698396444320679,0.04958635941147804,0.00014231209934223443,3.007674404670313e-13,10.0
3147,22.137250900268555,22.100261688232422,0.06622174382209778,0.0036989508662372828,0.7587851285934448,0.05894048139452934,0.0001578154187882319,3.922482456029941e-13,10.0
3148,22.821866989135742,22.78464126586914,0.09553893655538559,0.0037226383574306965,0.7512983679771423,0.06448989361524582,0.00014612848463002592,3.787417699342016e-13,10.0
3149,24.489154815673828,24.462726593017578,0.15409858524799347,0.0026429116260260344,0.7672916054725647,0.05706766992807388,0.00012798399257007986,3.4054372819933287e-13,10.0
3150,24.83434295654297,24.741966247558594,0.16588179767131805,0.00923764705657959,0.7438908815383911,0.07984510064125061,0.00015192317368928343,3.2709013449150337e-13,10.0
3151,23.84865951538086,23.807941436767578,0.1313856840133667,0.004071865230798721,0.753008246421814,0.0678601935505867,0.0001586020371178165,3.0998305051294084e-13,10.0
3152,23.951435089111328,23.908964157104492,0.13005492091178894,0.004247086588293314,0.7639304399490356,0.062318380922079086,0.00013712310465052724,2.5474620243132184e-13,10.0
3153,22.03036880493164,22.01506233215332,0.058311618864536285,0.0015307278372347355,0.741793692111969,0.08042751997709274,0.00017408568237442523,3.338760745739272e-13,10.0
3154,21.925006866455078,21.728681564331055,0.048922836780548096,0.019632447510957718,0.7524054050445557,0.06775549799203873,0.00015886250184848905,2.7950978662670545e-13,10.0
3155,21.745075225830078,21.451810836791992,0.036559343338012695,0.029326369985938072,0.7644237279891968,0.05702434107661247,0.0001624776778044179,3.932701874657246e-13,10.0
3156,21.729825973510742,21.58538055419922,0.039772868156433105,0.014444543048739433,0.7710298895835876,0.052557095885276794,0.000138480041641742,3.012158122754627e-13,10.0
3157,21.567686080932617,21.21417999267578,0.03614429384469986,0.035350602120161057,0.7565538883209229,0.055809684097766876,0.0001484377426095307,3.577349462664803e-13,10.0
3158,21.850515365600586,21.53361701965332,0.03544077277183533,0.03168974444270134,0.7633607387542725,0.06248829886317253,0.0001371336547890678,2.5491842794642117e-13,10.0
3159,21.639989852905273,21.408029556274414,0.03829739987850189,0.02319609932601452,0.7628850340843201,0.05507659912109375,0.00015528425865340978,3.8176661268027323e-13,10.0
3160,21.703216552734375,21.700740814208984,0.05373472720384598,0.0002474893117323518,0.7641856670379639,0.050053518265485764,0.0001392335252603516,4.0755970104854045e-13,10.0
3161,22.63218879699707,22.480545043945312,0.07806295901536942,0.015164468437433243,0.7724549174308777,0.04864292964339256,0.00015232361329253763,4.2169257452248643e-13,10.0
3162,22.28413963317871,21.989316940307617,0.06456207484006882,0.02948235534131527,0.7527794241905212,0.062163714319467545,0.000168792947079055,2.104483037487781e-13,10.0
3163,22.419767379760742,22.18962860107422,0.06954649090766907,0.023013949394226074,0.7553166747093201,0.06266510486602783,0.00014207825006451458,3.7326234767973143e-13,10.0
3164,21.77861213684082,21.70330810546875,0.04971833527088165,0.007530428469181061,0.7516933083534241,0.06665968149900436,0.0001523189275758341,3.9312021520021556e-13,10.0
3165,21.46808624267578,21.449831008911133,0.03400550037622452,0.001825437182560563,0.790924608707428,0.03300989419221878,0.00013316461991053075,2.909161626873935e-13,10.0
3166,21.404783248901367,21.34831428527832,0.04076240584254265,0.0056469133123755455,0.7526991963386536,0.06040237843990326,0.00017155248497147113,2.423117587656287e-13,10.0
3167,21.430034637451172,21.40276527404785,0.035940855741500854,0.0027269560378044844,0.7740733623504639,0.046040330082178116,0.00014021572133060545,3.516423534733609e-13,10.0
3168,21.493541717529297,21.45555877685547,0.044315703213214874,0.0037983658257871866,0.75606769323349,0.05777307227253914,0.00016472955758217722,2.954206432433104e-13,10.0
3169,21.9728946685791,21.954559326171875,0.05606196075677872,0.0018336010398343205,0.7491326928138733,0.07292532175779343,0.00015606377564836293,3.752209589043265e-13,10.0
3170,21.73403549194336,21.732336044311523,0.05174980312585831,0.00017002521781250834,0.766998291015625,0.05047626048326492,0.00017276185099035501,2.651498270077324e-13,10.0
3171,21.763166427612305,21.763137817382812,0.051324378699064255,2.869271384042804e-06,0.7468883395195007,0.07225043326616287,0.00015584069478791207,2.2354419205485032e-13,10.0
3172,21.27846908569336,21.278419494628906,0.03803383186459541,5.025694008509163e-06,0.7520423531532288,0.06099836528301239,0.00015539010928478092,3.2291969662492925e-13,10.0
3173,21.294090270996094,21.294034957885742,0.03779825195670128,5.504734417627333e-06,0.7411537766456604,0.07275263965129852,0.00014182891754899174,2.6132037072440495e-13,10.0
3174,21.088178634643555,21.08812141418457,0.02298474684357643,5.648349088005489e-06,0.7581804394721985,0.06230246275663376,0.00014291777915786952,3.427257392815686e-13,10.0
3175,21.114343643188477,21.11428451538086,0.02363431639969349,5.87726117373677e-06,0.7595219016075134,0.061357367783784866,0.00014455920609179884,3.5599325679154525e-13,10.0
3176,21.603200912475586,21.603139877319336,0.035791873931884766,6.144179678813089e-06,0.7587431073188782,0.06954289227724075,0.00011916788207599893,3.952210195397321e-13,10.0
3177,21.253013610839844,21.25295066833496,0.023538926616311073,6.324253263301216e-06,0.7576016783714294,0.06892217695713043,0.00013814779231324792,2.342616660551411e-13,10.0
3178,21.496374130249023,21.496103286743164,0.04443030059337616,2.7178492018720135e-05,0.7597857117652893,0.05556456372141838,0.0001588066661497578,3.641126029158004e-13,10.0
3179,21.44648551940918,21.446266174316406,0.0455477312207222,2.1893334633205086e-05,0.7661659121513367,0.04607957974076271,0.00014359745546244085,3.2446213684561576e-13,10.0
3180,21.058809280395508,21.05857276916504,0.030878713354468346,2.3724980565020815e-05,0.7574062943458557,0.05399424955248833,0.0001593009365024045,3.1602734209927597e-13,10.0
3181,21.23007583618164,21.22979736328125,0.03044520877301693,2.7880385459866375e-05,0.7511311769485474,0.06755195558071136,0.00015893041563685983,2.158938446853581e-13,10.0
3182,21.33194923400879,21.3316650390625,0.03279131278395653,2.8494316211435944e-05,0.7364691495895386,0.08394455164670944,0.00015414202061947435,2.2746651025425113e-13,10.0
3183,21.024127960205078,21.023839950561523,0.024274395778775215,2.887509617721662e-05,0.7608681321144104,0.05575423315167427,0.0001420427579432726,2.7870606755624194e-13,10.0
3184,21.151182174682617,21.150894165039062,0.02918454445898533,2.872819095500745e-05,0.7585916519165039,0.058208245784044266,0.00012840160343330353,3.367433827443367e-13,10.0
3185,21.01521873474121,21.01492691040039,0.02541855350136757,2.9197133699199185e-05,0.7549576163291931,0.06016794219613075,0.00013258402759674937,2.638754557741929e-13,10.0
3186,21.089237213134766,21.088939666748047,0.02191556990146637,2.971224603243172e-05,0.7778818011283875,0.04371120408177376,0.00012254210014361888,2.954563677048938e-13,10.0
3187,21.136682510375977,21.136356353759766,0.023153318092226982,3.257744538132101e-05,0.7593854069709778,0.06285064667463303,0.000162400261615403,1.9751150855899097e-13,10.0
3188,21.013648986816406,21.01331901550293,0.02350156381726265,3.294354974059388e-05,0.7430027723312378,0.07397246360778809,0.00013975305773783475,2.754154868576941e-13,10.0
3189,21.266904830932617,21.266571044921875,0.032766927033662796,3.330317122163251e-05,0.7485620975494385,0.06927113234996796,0.00015654729213565588,2.754099032165058e-13,10.0
3190,20.910987854003906,20.910654067993164,0.023016097024083138,3.331977131892927e-05,0.7581012845039368,0.05525244027376175,0.0001407691597705707,2.51976553771599e-13,10.0
3191,21.124540328979492,21.124221801757812,0.022173017263412476,3.189672497683205e-05,0.7353755831718445,0.08735977858304977,0.00015118483861442655,3.007828632429349e-13,10.0
3192,21.0070743560791,21.00678825378418,0.023584524169564247,2.857989602489397e-05,0.7596656680107117,0.05695922300219536,0.0001553292531752959,3.065085891259395e-13,10.0
3193,21.337501525878906,21.33721160888672,0.03449138626456261,2.8974513043067418e-05,0.7529799342155457,0.06595572084188461,0.0001533857430331409,2.5336192020254666e-13,10.0
3194,21.6623477935791,21.662111282348633,0.03847048059105873,2.3597734980285168e-05,0.747900664806366,0.08005335181951523,0.00014995124365668744,1.878574742595826e-13,10.0
3195,21.144758224487305,21.1445255279541,0.023952646180987358,2.3274575141840614e-05,0.7594835758209229,0.062292322516441345,0.0001313173124799505,3.1627654596862176e-13,10.0
3196,21.3852596282959,21.385034561157227,0.03526134043931961,2.244350253022276e-05,0.7558658123016357,0.06420988589525223,0.0001610575563972816,3.0706234538553645e-13,10.0
3197,21.364564895629883,21.36434555053711,0.03540659695863724,2.1970492525724694e-05,0.7431556582450867,0.07595274597406387,0.00014707125956192613,1.5927213161629622e-13,10.0
3198,21.046871185302734,21.046655654907227,0.021788761019706726,2.153577770513948e-05,0.7558091878890991,0.06421015411615372,0.00014526801533065736,3.600329127710633e-13,10.0
3199,20.985843658447266,20.985631942749023,0.02809957042336464,2.1249259589239955e-05,0.7544687986373901,0.05679713562130928,0.00014944339636713266,2.5662767267134456e-13,10.0
3200,20.9868106842041,20.986600875854492,0.024803467094898224,2.0910762032144703e-05,0.7655650973320007,0.049037471413612366,0.000144970093970187,2.3040944152619147e-13,10.0
3201,21.20311737060547,21.20282745361328,0.015911167487502098,2.893439886975102e-05,0.760519802570343,0.07163521647453308,0.00011725653166649863,3.697024240564839e-13,10.0
3202,21.228866577148438,21.228580474853516,0.02384345792233944,2.860755193978548e-05,0.7554190158843994,0.06981529295444489,0.00016360807057935745,3.311577086769629e-13,10.0
3203,21.067516326904297,21.067232131958008,0.019417233765125275,2.8371641747071408e-05,0.7750893235206604,0.04813017696142197,0.0001313089014729485,3.0981955282533e-13,10.0
3204,20.9984130859375,20.998130798339844,0.016704071313142776,2.821643283823505e-05,0.767687976360321,0.05548081174492836,0.00013080575445201248,3.2613099503961407e-13,10.0
3205,20.856826782226562,20.856544494628906,0.02000327967107296,2.8170923542347737e-05,0.7546596527099609,0.05953260138630867,0.0001655321248108521,2.82279841862243e-13,10.0
3206,21.005653381347656,21.00537109375,0.022382283583283424,2.8223397748661228e-05,0.774144172668457,0.043631862848997116,0.0001413060090271756,3.656709266983138e-13,10.0
3207,21.10224151611328,21.101957321166992,0.033864378929138184,2.838526779669337e-05,0.7590509653091431,0.05110258236527443,0.00015096635615918785,2.838821300428507e-13,10.0
3208,21.257869720458984,21.257583618164062,0.03567042574286461,2.8525588277261704e-05,0.7564288973808289,0.058147966861724854,0.00014018351794220507,3.089735498701396e-13,10.0
3209,21.207473754882812,21.20718765258789,0.02490784041583538,2.8697610105155036e-05,0.7873985767364502,0.03592504560947418,0.00013995368499308825,3.1584712059315456e-13,10.0
3210,21.01734733581543,21.01705551147461,0.03005826100707054,2.909144495788496e-05,0.751532793045044,0.059034332633018494,0.00014199940778780729,2.863957714645954e-13,10.0
3211,21.163999557495117,21.1637020111084,0.029737375676631927,2.967456020996906e-05,0.7570040225982666,0.059744399040937424,0.0001556264323880896,2.0342423221169498e-13,10.0
3212,21.214569091796875,21.214269638061523,0.029409663751721382,3.000918513862416e-05,0.7655819058418274,0.053525280207395554,0.00013476562162395567,3.5057782957030603e-13,10.0
3213,21.207576751708984,21.207273483276367,0.028768261894583702,3.0324998078867793e-05,0.7692329287528992,0.0502270832657814,0.00015678048657719046,3.9600319009201745e-13,10.0
3214,21.046266555786133,21.04595947265625,0.02969333902001381,3.072582694585435e-05,0.7605957388877869,0.05148502066731453,0.00016077513282652944,3.287538698302367e-13,10.0
3215,20.85890007019043,20.85859489440918,0.020045654848217964,3.0499542845063843e-05,0.7552551031112671,0.05898250266909599,0.0001514620380476117,2.7169336658944276e-13,10.0
3216,20.74476432800293,20.744455337524414,0.017670324072241783,3.088510857196525e-05,0.7490666508674622,0.06298419088125229,0.0001428645773557946,2.539692089444101e-13,10.0
3217,20.827268600463867,20.826955795288086,0.018476705998182297,3.1370935175800696e-05,0.7518837451934814,0.0626639574766159,0.00013452382700052112,3.894003446514721e-13,10.0
3218,20.87129783630371,20.8709774017334,0.016121501103043556,3.195518729626201e-05,0.7504585385322571,0.06820352375507355,0.0001388771052006632,2.7616927841811467e-13,10.0
3219,20.826997756958008,20.826696395874023,0.018348900601267815,3.0102290111244656e-05,0.7630300521850586,0.05163509026169777,0.0001345222699455917,3.4640796090987247e-13,10.0
3220,20.865833282470703,20.865537643432617,0.012850434519350529,2.9571549021056853e-05,0.7572309374809265,0.06448625028133392,0.00013479193148668855,3.652220941039591e-13,10.0
3221,21.09221076965332,21.091909408569336,0.027897531166672707,3.0172383048920892e-05,0.7378081679344177,0.07790126651525497,0.00017362383368890733,2.6856831645757917e-13,10.0
3222,21.172962188720703,21.17269515991211,0.02513323538005352,2.6775347578222863e-05,0.744187593460083,0.07753065973520279,0.0001407891686540097,2.1697600042624304e-13,10.0
3223,21.449878692626953,21.449600219726562,0.02172793447971344,2.7835723813041113e-05,0.7442833185195923,0.09190783649682999,0.0001625091681489721,1.840702747559278e-13,10.0
3224,20.88600730895996,20.885723114013672,0.01486161444336176,2.8424872652976774e-05,0.7576581239700317,0.0628480613231659,0.00015275213809218258,2.5818615908418385e-13,10.0
3225,20.811138153076172,20.810850143432617,0.02168329246342182,2.875241989386268e-05,0.7520678639411926,0.058625150471925735,0.000144167264807038,2.9975306091445386e-13,10.0
3226,20.79052734375,20.790250778198242,0.016239332035183907,2.7714906536857598e-05,0.7553788423538208,0.059935763478279114,0.00014020096568856388,3.973938962186646e-13,10.0
3227,21.082002639770508,21.081745147705078,0.028909733518958092,2.5822599127423018e-05,0.7589828372001648,0.05531821399927139,0.00014745467342436314,2.9625192815400936e-13,10.0
3228,20.925493240356445,20.92523956298828,0.018907953053712845,2.5296052626799792e-05,0.7596864104270935,0.05835043638944626,0.0001619141548871994,2.588475224094e-13,10.0
3229,20.914159774780273,20.913904190063477,0.018207818269729614,2.5478797397227027e-05,0.75046306848526,0.06782408058643341,0.00015280081424862146,2.31089941019752e-13,10.0
3230,20.910924911499023,20.910669326782227,0.01946321316063404,2.5560850190231577e-05,0.7610746026039124,0.05582781136035919,0.00015298470680136234,3.071897120357492e-13,10.0
3231,20.75862693786621,20.758373260498047,0.018344609066843987,2.534277518861927e-05,0.7596641778945923,0.052263595163822174,0.0001565421262057498,2.807006200828549e-13,10.0
3232,20.954769134521484,20.954519271850586,0.019144652411341667,2.506876626284793e-05,0.7660693526268005,0.05290668457746506,0.00015028176130726933,2.0871032766628383e-13,10.0
3233,20.856571197509766,20.8563232421875,0.018837083131074905,2.4811877665342763e-05,0.7657083868980408,0.0496518537402153,0.00013901387865189463,3.4065887047005083e-13,10.0
3234,20.942659378051758,20.94245719909668,0.023058949038386345,2.020401916524861e-05,0.7587457895278931,0.05583959072828293,0.00013487806427292526,2.3609681375734437e-13,10.0
3235,21.01239585876465,21.012197494506836,0.022810667753219604,1.9920085833291523e-05,0.7575377821922302,0.06007973849773407,0.00014929794997442514,2.0394589608698638e-13,10.0
3236,20.834938049316406,20.834712982177734,0.018652569502592087,2.251861587865278e-05,0.7558265924453735,0.05885171517729759,0.00014423675020225346,2.754670677760501e-13,10.0
3237,20.77924346923828,20.77903175354004,0.014078213833272457,2.1233219740679488e-05,0.7588440775871277,0.058175697922706604,0.0001581108517711982,2.53088674150026e-13,10.0
3238,20.869060516357422,20.868860244750977,0.020708642899990082,2.0006797058158554e-05,0.7635425329208374,0.05045142024755478,0.00012948755465913564,3.615396556352207e-13,10.0
3239,20.956998825073242,20.956775665283203,0.020446695387363434,2.2229975002119318e-05,0.7587133646011353,0.05904986336827278,0.0001527997519588098,2.630612470477106e-13,10.0
3240,20.90880012512207,20.899574279785156,0.02017238549888134,0.0009225687826983631,0.7584830522537231,0.057266924530267715,0.0001514298637630418,2.8006714785852593e-13,10.0
3241,20.993896484375,20.95188331604004,0.020565487444400787,0.004201270639896393,0.7686335444450378,0.048810165375471115,0.00016515022434759885,2.863294996068022e-13,10.0
3242,21.131254196166992,21.09670639038086,0.01791696436703205,0.0034547694958746433,0.7554466724395752,0.07045380026102066,0.00012704696564469486,3.191907187779369e-13,10.0
3243,20.95461082458496,20.90993309020996,0.023797737434506416,0.004467768594622612,0.7554299235343933,0.057111747562885284,0.00014482853293884546,2.98004784911321e-13,10.0
3244,21.320043563842773,21.09942054748535,0.014353597536683083,0.022062355652451515,0.7774502635002136,0.05210616812109947,0.000167117512319237,3.3952804760414845e-13,10.0
3245,21.34778594970703,21.20263671875,0.03199205920100212,0.014514871872961521,0.7549886107444763,0.06105842441320419,0.00016599299851804972,2.5332793046443924e-13,10.0
3246,21.703567504882812,21.616924285888672,0.04986073449254036,0.008664232678711414,0.7588421702384949,0.05591266229748726,0.00015362954582087696,3.069666916488689e-13,10.0
3247,22.681396484375,22.478313446044922,0.08204590529203415,0.020308230072259903,0.7423703074455261,0.07465612143278122,0.00015040244034025818,2.649029270680031e-13,10.0
3248,24.268827438354492,23.97925567626953,0.13707235455513,0.028957195580005646,0.748507559299469,0.07352614402770996,0.00016049861733336002,2.1356026213940893e-13,10.0
3249,23.463144302368164,23.332853317260742,0.09934848546981812,0.013029111549258232,0.7493922114372253,0.08451305329799652,0.0001509340072516352,3.002845910295149e-13,10.0
3250,21.674579620361328,21.65398597717285,0.052838511765003204,0.0020593800581991673,0.7656643986701965,0.047597236931324005,0.00014834769535809755,2.5591955312743997e-13,10.0
3251,22.305875778198242,22.145368576049805,0.055637557059526443,0.016050811856985092,0.7508236765861511,0.0792861059308052,0.00016846101789269596,2.224357173062283e-13,10.0
3252,21.553401947021484,21.320228576660156,0.03391672298312187,0.023317303508520126,0.7668992280960083,0.051938895136117935,0.00013565445260610431,2.883386075475808e-13,10.0
3253,21.44729232788086,21.427045822143555,0.03750051185488701,0.0020246817730367184,0.7601248621940613,0.05939732491970062,0.0001476261968491599,2.6925477906308837e-13,10.0
3254,21.523408889770508,21.450244903564453,0.03786706551909447,0.00731638865545392,0.7611154913902283,0.05897057056427002,0.00014162329898681492,2.5896911568304426e-13,10.0
3255,21.694421768188477,21.66473388671875,0.0444222092628479,0.0029687259811908007,0.7595754861831665,0.06253426522016525,0.00014334444131236523,3.383093230471118e-13,10.0
3256,21.554855346679688,21.520801544189453,0.04274270683526993,0.0034053942654281855,0.7535387277603149,0.06448657810688019,0.0001599398092366755,2.2465207049227748e-13,10.0
3257,21.279088973999023,21.247472763061523,0.033486537635326385,0.0031617016065865755,0.7610340714454651,0.055326249450445175,0.0001301389856962487,3.3161334463994996e-13,10.0
3258,21.28158950805664,21.23467254638672,0.030886707827448845,0.004691639449447393,0.7673555612564087,0.05108056217432022,0.00016015574510674924,2.6925076751505017e-13,10.0
3259,21.813575744628906,21.79356575012207,0.04904245585203171,0.00200091116130352,0.7757221460342407,0.04692237451672554,0.00013921604841016233,3.297226315764068e-13,10.0
3260,21.780296325683594,21.76656723022461,0.05542733520269394,0.0013728932244703174,0.7550357580184937,0.060127630829811096,0.00017981266137212515,2.440859200956297e-13,10.0
3261,21.81989860534668,21.8165340423584,0.058385636657476425,0.00033639059984125197,0.7454503178596497,0.06875814497470856,0.0001683224836597219,1.908535449905019e-13,10.0
3262,21.628114700317383,21.61553955078125,0.04340542480349541,0.0012575981672853231,0.7608315944671631,0.06032020226120949,0.00016082880028989166,2.4140303471476e-13,10.0
3263,21.592098236083984,21.582950592041016,0.04313486069440842,0.0009147393866442144,0.7692587375640869,0.05086567625403404,0.0001467770925955847,2.6508032964847605e-13,10.0
3264,22.158798217773438,22.13334083557129,0.05681687593460083,0.0025457278825342655,0.7828561067581177,0.04560947045683861,0.000128063780721277,3.119592800228388e-13,10.0
3265,21.567440032958984,21.51909637451172,0.04195038229227066,0.004834459163248539,0.7596210837364197,0.05912816524505615,0.00016058508481364697,2.507076577590306e-13,10.0
3266,21.40560531616211,21.31478500366211,0.0378146730363369,0.00908211711794138,0.7545057535171509,0.06021023541688919,0.00015178103058133274,2.456464393875424e-13,10.0
3267,21.330312728881836,21.32990074157715,0.03086179681122303,4.1115978092420846e-05,0.7524561285972595,0.06982266157865524,0.00013845790817867965,1.683560924134117e-13,10.0
3268,21.223548889160156,21.15521240234375,0.023133233189582825,0.006833605468273163,0.7706916928291321,0.052333585917949677,0.00012501413584686816,2.348643740428258e-13,10.0
3269,21.42809295654297,21.40289306640625,0.03830971568822861,0.0025199244264513254,0.7531852722167969,0.06455979496240616,0.00015241457731463015,2.2734986365301885e-13,10.0
3270,21.19516944885254,21.171064376831055,0.035382673144340515,0.002410563640296459,0.7458581328392029,0.06553690880537033,0.00016206268628593534,2.135025554787784e-13,10.0
3271,21.26226043701172,21.24203109741211,0.016393238678574562,0.0020229644142091274,0.7824246883392334,0.05081500858068466,0.00012079791486030445,2.888636866597155e-13,10.0
3272,20.97744369506836,20.970632553100586,0.018477272242307663,0.000681130331940949,0.7723714113235474,0.04792582243680954,0.0001270973589271307,2.2968270080997444e-13,10.0
3273,21.1533260345459,21.126131057739258,0.033771928399801254,0.002719553653150797,0.7613160610198975,0.04989015683531761,0.00016791430243756622,2.7213658843755484e-13,10.0
3274,21.488571166992188,21.456560134887695,0.038754504173994064,0.0032010350842028856,0.7771813869476318,0.04226827248930931,0.00014555001689586788,2.0547592219279792e-13,10.0
3275,21.30829429626465,21.30105972290039,0.03639446943998337,0.0007234676158986986,0.7689865231513977,0.04660483077168465,0.00014124202425591648,2.1677364764327578e-13,10.0
3276,22.445829391479492,22.429229736328125,0.0718802735209465,0.0016599689843133092,0.7561876773834229,0.06903715431690216,0.00016013071581255645,2.017865854877371e-13,10.0
3277,21.680633544921875,21.66066551208496,0.055267687886953354,0.001996811246499419,0.7457811236381531,0.06532099097967148,0.0001420952467015013,2.0188942206379734e-13,10.0
3278,21.607547760009766,21.581575393676758,0.048263538628816605,0.0025973196607083082,0.753331184387207,0.06161422282457352,0.00013514593592844903,1.9959740511863583e-13,10.0
3279,21.132930755615234,21.108661651611328,0.03296346962451935,0.0024269840214401484,0.7581213116645813,0.0532069131731987,0.00013672532804775983,2.0563638411432578e-13,10.0
3280,21.191129684448242,21.168861389160156,0.032870687544345856,0.0022268504835665226,0.7441955208778381,0.06963220238685608,0.0001399538159603253,2.080798098928749e-13,10.0
3281,21.46221160888672,21.43549919128418,0.017392633482813835,0.002671155147254467,0.7502623200416565,0.0897066667675972,0.00014586420729756355,3.0099246662793067e-13,10.0
3282,20.872743606567383,20.849889755249023,0.020847173407673836,0.0022853731643408537,0.7471122741699219,0.06597835570573807,0.00014445387932937592,2.385182437843192e-13,10.0
3283,21.28265953063965,21.26386833190918,0.025283679366111755,0.0018792073242366314,0.7635498046875,0.0616634301841259,0.00014459947124123573,1.5873053197355824e-13,10.0
3284,21.008121490478516,20.987245559692383,0.016997991129755974,0.0020875243935734034,0.7405557632446289,0.08188215643167496,0.00013494091399479657,2.991486453083475e-13,10.0
3285,21.568931579589844,21.541555404663086,0.01852191798388958,0.0027376259677112103,0.7343213558197021,0.10876327008008957,0.00013915948511566967,1.9521150917533453e-13,10.0
3286,21.381906509399414,21.361265182495117,0.0268443264067173,0.0020640415605157614,0.7624934911727905,0.06505224108695984,0.000151196654769592,1.97102683024801e-13,10.0
3287,20.98867416381836,20.973825454711914,0.02399411052465439,0.0014848483260720968,0.7512234449386597,0.06367449462413788,0.00015238985361065716,1.861969102122038e-13,10.0
3288,21.097063064575195,21.087371826171875,0.02642076089978218,0.0009691640152595937,0.7444465756416321,0.07257021218538284,0.00014342668873723596,2.5061067587470176e-13,10.0
3289,21.0651798248291,21.058969497680664,0.028047636151313782,0.0006210379069671035,0.747363805770874,0.06688202917575836,0.00016324775060638785,1.5017399487577549e-13,10.0
3290,20.930614471435547,20.922639846801758,0.021322812885046005,0.0007975106709636748,0.7532376050949097,0.062294770032167435,0.00012609541590791196,2.2529265779336338e-13,10.0
3291,21.011919021606445,20.97298812866211,0.02417870983481407,0.003893147921189666,0.7519727945327759,0.06270827353000641,0.00014938552340026945,1.899637538200702e-13,10.0
3292,21.032548904418945,20.9930362701416,0.027260711416602135,0.003951295278966427,0.74373459815979,0.06866727024316788,0.00014698109589517117,1.820058589518253e-13,10.0
3293,21.134458541870117,21.088720321655273,0.02892383001744747,0.004573754034936428,0.7554758787155151,0.05908882990479469,0.0001508474670117721,1.890594614455815e-13,10.0
3294,21.35984992980957,21.322221755981445,0.03221895545721054,0.003762803040444851,0.7548335790634155,0.06577958911657333,0.00014181254664435983,1.8957043237694676e-13,10.0
3295,21.397302627563477,21.358091354370117,0.0381922721862793,0.003921187948435545,0.7609229683876038,0.05514736846089363,0.0001524872350273654,1.7589999823462016e-13,10.0
3296,21.969934463500977,21.947858810424805,0.06067128852009773,0.002207637531682849,0.7581499218940735,0.05903516337275505,0.00014478668163064867,2.0292812840261992e-13,10.0
3297,22.100032806396484,22.093994140625,0.06417139619588852,0.0006038805586285889,0.7754020094871521,0.04413028061389923,0.00014035603089723736,2.501775371067938e-13,10.0
3298,23.158485412597656,23.15326690673828,0.0967603474855423,0.0005218581645749509,0.7709751129150391,0.058346305042505264,0.0001222381106344983,2.4847528548588294e-13,10.0
3299,22.6793270111084,22.675153732299805,0.09146421402692795,0.000417247210862115,0.7606267929077148,0.05483991280198097,0.0001878908951766789,2.3013896018921065e-13,10.0
3300,22.71230697631836,22.706329345703125,0.09183993190526962,0.0005977062392048538,0.7505514621734619,0.06580309569835663,0.00014679449668619782,2.290024452619027e-13,10.0
3301,22.59613037109375,22.585857391357422,0.08626432716846466,0.001027254736982286,0.7444506287574768,0.07266846299171448,0.00012714498734567314,2.485756555020008e-13,10.0
3302,23.288429260253906,23.275671005249023,0.0978623703122139,0.0012757476652041078,0.74531090259552,0.0878024473786354,0.00012776751827914268,2.495754796404126e-13,10.0
3303,21.633216857910156,21.616437911987305,0.04667109623551369,0.0016779095167294145,0.7529628276824951,0.06497476249933243,0.0001223278813995421,3.224832239353409e-13,10.0
3304,21.33217430114746,21.31220245361328,0.03513506427407265,0.0019971393048763275,0.7490795850753784,0.0682152807712555,0.00014554723748005927,1.935515685442049e-13,10.0
3305,21.206666946411133,21.185792922973633,0.02699805051088333,0.0020873674657195807,0.7565488219261169,0.06382662802934647,0.00014559084956999868,2.575147668888722e-13,10.0
3306,21.187591552734375,21.1810359954834,0.028099237009882927,0.0006555630243383348,0.7467269897460938,0.07235516607761383,0.00015002234431449324,2.0363013575677713e-13,10.0
3307,21.422073364257812,21.41585922241211,0.03468694910407066,0.0006214224267750978,0.7595886588096619,0.062297843396663666,0.0001524204999441281,1.9437259419184671e-13,10.0
3308,21.562623977661133,21.555850982666016,0.04836580157279968,0.0006773026543669403,0.7569983005523682,0.05680739879608154,0.00015641080972272903,2.434242857198704e-13,10.0
3309,21.487903594970703,21.479421615600586,0.04642108455300331,0.0008482448756694794,0.7533830404281616,0.05930212512612343,0.00017656719137448817,2.2959032678487867e-13,10.0
3310,21.76860809326172,21.73451805114746,0.05391192063689232,0.0034090145491063595,0.7640572190284729,0.05135412886738777,0.00014361423382069916,2.0995781068594566e-13,10.0
3311,22.94515037536621,22.89537239074707,0.08837296068668365,0.0049778614193201065,0.7482497692108154,0.07912794500589371,0.00016059707559179515,1.7008463593700535e-13,10.0
3312,22.739973068237305,22.693174362182617,0.09252148121595383,0.004679907578974962,0.7663520574569702,0.04879371076822281,0.00014942878624424338,2.2454621170266142e-13,10.0
3313,23.215797424316406,23.184968948364258,0.11170493066310883,0.0030827673617750406,0.7585495710372925,0.0570809431374073,0.0001582657714607194,1.9021551911704848e-13,10.0
3314,23.539134979248047,23.514877319335938,0.11352024227380753,0.0024258154444396496,0.7603598237037659,0.06665380299091339,0.0001529333385406062,1.169592309287204e-13,10.0
3315,23.719879150390625,23.70303726196289,0.12896859645843506,0.001684095710515976,0.7635116577148438,0.055583320558071136,0.0001448280963813886,2.0261692172153511e-13,10.0
3316,23.457971572875977,23.45226287841797,0.1218738928437233,0.0005708944518119097,0.7598340511322021,0.05632942542433739,0.0001327009085798636,1.8941616396032923e-13,10.0
3317,24.351612091064453,24.34784507751465,0.1596815288066864,0.0003766549634747207,0.7594196796417236,0.05475602298974991,0.00014133106742519885,1.3902218948518702e-13,10.0
3318,23.74184799194336,23.738115310668945,0.13169609010219574,0.00037334064836613834,0.7670174837112427,0.050757016986608505,0.00013506138930097222,2.1913085224405798e-13,10.0
3319,24.295055389404297,24.288066864013672,0.15226739645004272,0.0006987906526774168,0.757390558719635,0.061802104115486145,0.0001564851263538003,1.491825190940918e-13,10.0
3320,22.281484603881836,22.27775001525879,0.0745256170630455,0.00037337507819756866,0.7655989527702332,0.05092577263712883,0.0001490793511038646,2.1936583951241706e-13,10.0
3321,22.31373405456543,22.31038475036621,0.07641583681106567,0.0003350012411829084,0.7624081969261169,0.05354034900665283,0.0001273234811378643,1.4101545452172015e-13,10.0
3322,21.618501663208008,21.614328384399414,0.0387004017829895,0.0004173997149337083,0.7648605108261108,0.06096237525343895,0.00012454895477276295,1.9428503131389135e-13,10.0
3323,21.368684768676758,21.363895416259766,0.03418098762631416,0.00047898106276988983,0.7655133605003357,0.05480702966451645,0.00013594288611784577,1.3816558845376053e-13,10.0
3324,21.152469635009766,21.147592544555664,0.026144038885831833,0.00048764224629849195,0.7659027576446533,0.05380135029554367,0.00013886867964174598,2.1697906329738031e-13,10.0
3325,21.202869415283203,21.19821548461914,0.031683262437582016,0.0004654701624531299,0.7585778832435608,0.05761498212814331,0.0001313199900323525,1.589103062462835e-13,10.0
3326,21.311241149902344,21.304759979248047,0.03456129506230354,0.0006481258315034211,0.7702788710594177,0.047294773161411285,0.00013872059935238212,1.3390750639406812e-13,10.0
3327,21.787303924560547,21.77920150756836,0.0555637925863266,0.0008103240397758782,0.7656635046005249,0.04989098384976387,0.000124448532005772,1.7754042322664504e-13,10.0
3328,22.043006896972656,22.033950805664062,0.06507693976163864,0.0009055917034856975,0.7680453658103943,0.048183515667915344,0.00013073797163087875,1.779171699290566e-13,10.0
3329,22.14032745361328,22.13523292541504,0.06652643531560898,0.000509425182826817,0.7561830878257751,0.06264431774616241,0.00013862941705156118,1.2511794714436392e-13,10.0
3330,23.16912841796875,23.162986755371094,0.10504187643527985,0.0006142567726783454,0.7530378103256226,0.06837908178567886,0.00015186352538876235,1.1220470624677403e-13,10.0
3331,25.718692779541016,25.711698532104492,0.21125197410583496,0.0006994835566729307,0.7554630637168884,0.06170212849974632,0.00012709845032077283,1.6406572823403354e-13,10.0
3332,28.4959774017334,28.48999786376953,0.32285550236701965,0.0005980177666060627,0.7573872208595276,0.05930475518107414,0.0001313063403358683,1.3319719134076424e-13,10.0
3333,24.811813354492188,24.80621910095215,0.1784132421016693,0.0005595158436335623,0.7461881637573242,0.06758689880371094,0.00015106973296497017,1.3891008298055202e-13,10.0
3334,22.176164627075195,22.17127227783203,0.06984911859035492,0.0004891859134659171,0.7504480481147766,0.06649768352508545,0.0001401441404595971,1.1365805215393654e-13,10.0
3335,24.365156173706055,24.363309860229492,0.15724104642868042,0.00018454273231327534,0.7634484171867371,0.053791217505931854,0.0001292978849960491,1.9090054515467914e-13,10.0
3336,22.074748992919922,22.072677612304688,0.070792056620121,0.0002071100170724094,0.7512253522872925,0.06083355098962784,0.00014038040535524487,1.4735161333288838e-13,10.0
3337,22.3444881439209,22.34233856201172,0.08170180767774582,0.00021503976313397288,0.7419494390487671,0.06998801231384277,0.00013560688239522278,1.1857999120384183e-13,10.0
3338,23.099458694458008,23.09613037109375,0.10740591585636139,0.0003328430757392198,0.7389208674430847,0.07745371758937836,0.00016165937995538116,9.240927521889791e-14,10.0
3339,21.53633689880371,21.532278060913086,0.04023730382323265,0.0004058993945363909,0.7575365304946899,0.06346160173416138,0.00013918308832217008,8.460507956113e-14,10.0
3340,22.65082359313965,22.646942138671875,0.08974853157997131,0.00038816602318547666,0.74918532371521,0.06688245385885239,0.000153336237417534,9.942794607390934e-14,10.0
3341,21.971351623535156,21.967063903808594,0.05411161482334137,0.00042876851512119174,0.7547212243080139,0.06979848444461823,0.0001279683638131246,1.5430049544930963e-13,10.0
3342,21.8150577545166,21.811384201049805,0.053049951791763306,0.0003673097235150635,0.7602910399436951,0.05906221643090248,0.00013039569603279233,1.101605108131884e-13,10.0
3343,22.497819900512695,22.47292137145996,0.07705502957105637,0.0024899099953472614,0.7757505178451538,0.04606148228049278,0.00012447925109881908,1.677875367941603e-13,10.0
3344,21.37520408630371,21.33835792541504,0.042484100908041,0.003684567054733634,0.752973198890686,0.05802160128951073,0.00013855066208634526,1.5458747021183938e-13,10.0
3345,22.399038314819336,22.351747512817383,0.06889033317565918,0.004729151260107756,0.7681273818016052,0.0569983646273613,0.00013459842011798173,1.401917319211743e-13,10.0
3346,22.429595947265625,22.349536895751953,0.07032410055398941,0.00800592266023159,0.7385876774787903,0.08500742167234421,0.00015586860536132008,1.0622197023878177e-13,10.0
3347,22.690135955810547,22.555234909057617,0.07934589684009552,0.013490133918821812,0.7593519687652588,0.06345701962709427,0.00013616691285278648,9.140129923540172e-14,10.0
3348,21.954866409301758,21.884201049804688,0.06485436111688614,0.007066475693136454,0.7606869339942932,0.04976898059248924,0.0001443464425392449,1.260742541180776e-13,10.0
3349,21.83601188659668,21.771320343017578,0.05376211926341057,0.006469227839261293,0.7529934644699097,0.06404324620962143,0.00013489488628692925,8.31271764747607e-14,10.0
3350,21.961761474609375,21.796157836914062,0.06052388995885849,0.016560273244976997,0.7533851265907288,0.05787874013185501,0.00014631595695391297,8.917505270452861e-14,10.0
3351,21.991355895996094,21.413557052612305,0.04238841310143471,0.05777985602617264,0.7541044354438782,0.05999176949262619,0.0001442105567548424,8.253269487105974e-14,10.0
3352,21.4450626373291,21.305953979492188,0.04129105061292648,0.013910857029259205,0.7596262693405151,0.051262982189655304,0.00014485613792203367,1.1328202373546425e-13,10.0
3353,22.298585891723633,22.019289016723633,0.06738691031932831,0.02792963758111,0.7594966292381287,0.053838662803173065,0.0001233285292983055,1.2294718465966775e-13,10.0
3354,22.806453704833984,22.712312698364258,0.09384161233901978,0.009414131753146648,0.7612735033035278,0.05332668125629425,0.0001266438775928691,1.1995330943814775e-13,10.0
3355,23.402292251586914,23.233352661132812,0.1151871457695961,0.016893934458494186,0.76407790184021,0.05000715330243111,0.0001546443090774119,8.204590164814091e-14,10.0
3356,23.986431121826172,23.442296981811523,0.1241464614868164,0.054413508623838425,0.7665818333625793,0.046902846544981,0.0001519375218776986,1.5445937172516022e-13,10.0
3357,22.307382583618164,22.214391708374023,0.07314877212047577,0.009299122728407383,0.7678942084312439,0.04747579246759415,0.0001420286571374163,1.353611369043009e-13,10.0
3358,22.139604568481445,21.817514419555664,0.05234687402844429,0.03220905736088753,0.7487520575523376,0.07154728472232819,0.00013585787382908165,1.172782438654471e-13,10.0
3359,21.454010009765625,21.12619400024414,0.029184957966208458,0.03278159722685814,0.7648685574531555,0.0509403795003891,0.0001346827339148149,1.314270957689101e-13,10.0
3360,21.47368049621582,21.365999221801758,0.027686141431331635,0.010768054984509945,0.7818782925605774,0.04502725228667259,0.00012077900464646518,1.629820275050528e-13,10.0
3361,21.591781616210938,21.581523895263672,0.04014107584953308,0.0010258200345560908,0.7729729413986206,0.05009213462471962,0.00013703077274840325,9.58150862795902e-14,10.0
3362,21.66200065612793,21.428054809570312,0.04112585261464119,0.023394517600536346,0.7688314914703369,0.047105442732572556,0.00014849276340100914,1.1346349207408402e-13,10.0
3363,21.719144821166992,21.42483901977539,0.03506748005747795,0.029430504888296127,0.7752876281738281,0.04657936096191406,0.00014788359112571925,1.5572135594887904e-13,10.0
3364,21.92627716064453,21.73627281188965,0.0457819364964962,0.019000429660081863,0.7736366391181946,0.04997652769088745,0.00013970413419883698,1.2454918823720518e-13,10.0
3365,22.77837562561035,22.639116287231445,0.0764431357383728,0.013925841078162193,0.744716465473175,0.08434407413005829,0.0001524628751212731,9.581484911036497e-14,10.0
3366,22.157014846801758,21.690147399902344,0.04852680116891861,0.04668682441115379,0.7798581719398499,0.039168186485767365,0.0001320514129474759,1.654062086950403e-13,10.0
3367,21.054122924804688,21.016456604003906,0.02309439145028591,0.0037667127326130867,0.7630791068077087,0.054432470351457596,0.00013083769590593874,1.4429990947799343e-13,10.0
3368,21.038936614990234,20.890226364135742,0.01902841404080391,0.014871099963784218,0.7629750370979309,0.05355186015367508,0.00013452225539367646,1.6356570774461038e-13,10.0
3369,21.539392471313477,21.347496032714844,0.039854519069194794,0.019189726561307907,0.7422145009040833,0.0717710629105568,0.00014938249660190195,1.163148218149765e-13,10.0
3370,22.380210876464844,22.15518569946289,0.07482196390628815,0.02250249870121479,0.7466603517532349,0.06466393917798996,0.00015302748943213373,1.24312195194827e-13,10.0
3371,22.2364444732666,21.78713607788086,0.06072285398840904,0.04493081942200661,0.7479918003082275,0.06271341443061829,0.0001434015721315518,1.6692276358885871e-13,10.0
3372,21.56444549560547,21.522031784057617,0.041491929441690445,0.004241401795297861,0.7552052736282349,0.06412439048290253,0.0001491284929215908,1.1707280110628826e-13,10.0
3373,21.322589874267578,21.265705108642578,0.039247263222932816,0.005688456818461418,0.7419331669807434,0.06938860565423965,0.00014809930871706456,1.456252111085854e-13,10.0
3374,21.1737117767334,21.080821990966797,0.029982533305883408,0.009289037436246872,0.7417114973068237,0.07147707790136337,0.00015457975678145885,1.3752856546731668e-13,10.0
3375,21.479145050048828,21.38971710205078,0.03353289142251015,0.008942742832005024,0.7513818740844727,0.07062360644340515,0.00012588391837198287,1.0993918449220264e-13,10.0
3376,21.803110122680664,21.723115921020508,0.05498770624399185,0.007999461144208908,0.7458734512329102,0.06800184398889542,0.00015415145026054233,1.3392791649996516e-13,10.0
3377,21.855600357055664,21.828001022338867,0.05866997689008713,0.0027599623426795006,0.7437633275985718,0.07062200456857681,0.00016180433158297092,1.242803874135917e-13,10.0
3378,21.91159439086914,21.866554260253906,0.05755123496055603,0.0045041050761938095,0.7432273030281067,0.07381990551948547,0.00015928827633615583,1.498665151396586e-13,10.0
3379,21.713333129882812,21.674293518066406,0.052393607795238495,0.0039039640687406063,0.75697922706604,0.057549118995666504,0.00012440243153832853,1.3323698156049446e-13,10.0
3380,21.6579647064209,21.651710510253906,0.04603763669729233,0.0006254120380617678,0.7679590582847595,0.05202336609363556,0.00012086133938282728,1.3823795894877394e-13,10.0
3381,21.69841194152832,21.69814109802246,0.03738793358206749,2.7026999305235222e-05,0.7708293795585632,0.05965578556060791,0.00013146102719474584,1.320455924507316e-13,10.0
3382,21.376705169677734,21.3767032623291,0.034834496676921844,1.1468600291664188e-07,0.74180668592453,0.07837364077568054,0.00013309963105712086,1.1155383935384025e-13,10.0
3383,20.908954620361328,20.908952713012695,0.02179141715168953,1.5832294764095423e-07,0.7622659206390381,0.052252888679504395,0.00011968888429692015,1.60955965352802e-13,10.0
3384,21.16870880126953,21.1687068939209,0.027041267603635788,2.0616893436908867e-07,0.7621437311172485,0.05749865993857384,0.00016165505803655833,1.1742889375731397e-13,10.0
3385,21.126049041748047,21.126047134399414,0.025361206382513046,1.7978854316424986e-07,0.7598534226417542,0.059767331928014755,0.0001499151112511754,9.811360166152305e-14,10.0
3386,21.323158264160156,21.323156356811523,0.03470556065440178,2.2385077613762405e-07,0.7593259811401367,0.05883193016052246,0.00015672748850192875,9.212581056090158e-14,10.0
3387,21.111066818237305,21.111066818237305,0.03190233185887337,8.495366188299158e-08,0.7458778023719788,0.06659714877605438,0.00016355108527932316,9.696196211390895e-14,10.0
3388,21.30730628967285,21.30730438232422,0.04035814851522446,9.877314965933692e-08,0.7526747584342957,0.05920355021953583,0.0001392480480717495,7.787866217797562e-14,10.0
3389,21.297719955444336,21.297718048095703,0.033698953688144684,1.209937749990786e-07,0.766221821308136,0.051932573318481445,0.00013824814232066274,8.91273003750942e-14,10.0
3390,21.167327880859375,21.167327880859375,0.02641191892325878,2.0018733337678896e-08,0.7541521191596985,0.06607501208782196,0.00013526550901588053,5.8849870506264e-14,10.0
3391,21.323688507080078,21.323688507080078,0.03913981840014458,2.0994853078271092e-10,0.7514123916625977,0.06234203279018402,0.00013338930148165673,9.172454733686469e-14,10.0
3392,21.70726776123047,21.70726776123047,0.042743563652038574,1.932239307791961e-12,0.7621002793312073,0.063382089138031,0.00016189397138077766,6.226394183225792e-14,10.0
3393,21.460058212280273,21.460058212280273,0.03159714117646217,1.7925924416725691e-12,0.7700875401496887,0.05665825307369232,0.0001486338587710634,7.65123167188915e-14,10.0
3394,21.379690170288086,21.379690170288086,0.03566453233361244,1.3800845232239678e-12,0.7483166456222534,0.07114403694868088,0.0001560677046654746,6.211882814773431e-14,10.0
3395,21.224308013916016,21.224308013916016,0.035028085112571716,1.2216001864587267e-12,0.757393479347229,0.05649256333708763,0.00014550155901815742,9.0518670575572e-14,10.0
3396,21.070594787597656,21.070594787597656,0.029422206804156303,8.702004503265137e-13,0.7698440551757812,0.04350091516971588,0.00014159832790028304,8.675055303015294e-14,10.0
3397,21.054656982421875,21.054656982421875,0.024740803986787796,9.565152489510176e-13,0.7709428071975708,0.0464489609003067,0.00013403079356066883,8.18501624984258e-14,10.0
3398,21.57145118713379,21.57145118713379,0.04621095955371857,6.504415604215164e-13,0.7562825679779053,0.060302723199129105,0.00015448905469384044,8.662262395006323e-14,10.0
3399,21.659481048583984,21.659481048583984,0.04467373341321945,5.493207885093332e-13,0.7588373422622681,0.06281104683876038,0.00014276198635343462,9.234170231849775e-14,10.0
3400,21.056615829467773,21.056615829467773,0.03242082893848419,3.6139483333003097e-13,0.749778151512146,0.06000792980194092,0.00014435719640459865,7.491490744805998e-14,10.0
3401,20.99297332763672,20.99297332763672,0.028643473982810974,3.4294003184096034e-13,0.7542925477027893,0.05672093853354454,0.0001547979045426473,9.693485705959681e-14,10.0
3402,21.217544555664062,21.217544555664062,0.028508203104138374,2.886414794244646e-13,0.7598688006401062,0.060272056609392166,0.00013185414718464017,1.0928647445557563e-13,10.0
3403,20.893634796142578,20.893634796142578,0.024478906765580177,2.0444099700905188e-13,0.7601912021636963,0.051017116755247116,0.00014539374387823045,8.783635440084286e-14,10.0
3404,21.123241424560547,21.123241424560547,0.034824807196855545,1.6599459166152103e-13,0.7481238842010498,0.06192604452371597,0.0001374079438392073,7.088399284855759e-14,10.0
3405,21.25135040283203,21.25135040283203,0.036735888570547104,1.1495479860981067e-13,0.7523276209831238,0.060933370143175125,0.00014266920334193856,7.040132637015778e-14,10.0
3406,20.91299819946289,20.91299819946289,0.02569490112364292,1.244195176573759e-13,0.759461522102356,0.051303233951330185,0.00015058967983350158,1.0142840750236234e-13,10.0
3407,21.00878143310547,21.00878143310547,0.029520949348807335,1.640659857320495e-13,0.7485266923904419,0.06225179135799408,0.00012944528134539723,9.285788419655452e-14,10.0
3408,20.96530532836914,20.96530532836914,0.024857711046934128,6.397388451232985e-14,0.7567236423492432,0.05697733536362648,0.0001339271111646667,7.317558966537727e-14,10.0
3409,21.207284927368164,21.207284927368164,0.02737375721335411,1.0047035225264553e-13,0.7603131532669067,0.0605480894446373,0.00014088691386859864,8.450527875115271e-14,10.0
3410,20.975831985473633,20.975831985473633,0.023890692740678787,6.465828713371133e-14,0.7597833871841431,0.055306315422058105,0.00013215916987974197,9.650169118663454e-14,10.0
3411,20.918994903564453,20.918994903564453,0.02626122161746025,5.439890549195463e-14,0.749372124671936,0.0610627755522728,0.00015924341278150678,8.455938721582332e-14,10.0
3412,21.004987716674805,21.004987716674805,0.02734612487256527,5.506266761447741e-14,0.7441927790641785,0.06860704720020294,0.00013397565635386854,8.10598333247925e-14,10.0
3413,21.09859275817871,21.09859275817871,0.026149451732635498,4.615150831486538e-14,0.7552542090415955,0.06247396394610405,0.00016515488096047193,8.295714646906066e-14,10.0
3414,21.001264572143555,21.001264572143555,0.02833442948758602,1.640679644010143e-13,0.7569361329078674,0.054717786610126495,0.00015562589396722615,1.0056546388822682e-13,10.0
3415,20.81906509399414,20.81906509399414,0.021860342472791672,3.083113869458212e-14,0.7503706812858582,0.060479965060949326,0.00012901400623377413,9.638779574841494e-14,10.0
3416,21.133487701416016,21.133487701416016,0.025177855044603348,8.351641183094657e-14,0.7601654529571533,0.059944357722997665,0.00012951907410752028,1.1071959999222128e-13,10.0
3417,21.149734497070312,21.149734497070312,0.031198974698781967,3.436484156591445e-14,0.7547757029533386,0.059955816715955734,0.00014733042917214334,9.568602556348296e-14,10.0
3418,20.921337127685547,20.921337127685547,0.020202025771141052,2.6987035517530775e-14,0.7629239559173584,0.05366956815123558,0.00014476297656074166,7.672018538041128e-14,10.0
3419,21.037517547607422,21.037517547607422,0.02546089142560959,4.238548463489193e-14,0.7454827427864075,0.07050558179616928,0.00012865128519479185,1.0698787775847984e-13,10.0
3420,21.16615867614746,21.16615867614746,0.035237811505794525,3.426041595604515e-14,0.7498552203178406,0.061496857553720474,0.00014118441322352737,8.951548541042548e-14,10.0
3421,20.82120704650879,20.82120704650879,0.024017859250307083,7.468650670789875e-14,0.7508388161659241,0.05793895572423935,0.00013162005052436143,8.999754880136684e-14,10.0
3422,20.832252502441406,20.832252502441406,0.018691007047891617,4.849941588201852e-14,0.7688733339309692,0.045674536377191544,0.00012801829143427312,1.195959021919879e-13,10.0
3423,20.738048553466797,20.738048553466797,0.021515818312764168,8.562490722962418e-14,0.7508005499839783,0.05715348571538925,0.00013029557885602117,1.0611012123216274e-13,10.0
3424,20.834592819213867,20.834592819213867,0.023467179387807846,6.244011113275966e-14,0.7443646788597107,0.06550149619579315,0.00012579135363921523,6.671186769235254e-14,10.0
3425,21.061038970947266,21.061038970947266,0.016372278332710266,1.7374826620855655e-12,0.7688625454902649,0.057147230952978134,0.0001487660629209131,1.1118803631710722e-13,10.0
3426,20.832263946533203,20.832263946533203,0.024509230628609657,2.1393701046812374e-11,0.7401915788650513,0.06852889806032181,0.00015214402810670435,7.756795694039559e-14,10.0
3427,20.851709365844727,20.851709365844727,0.022814489901065826,1.9769497150434745e-10,0.7538749575614929,0.0573296882212162,0.0001230151829076931,8.560669263312642e-14,10.0
3428,20.944541931152344,20.944541931152344,0.023023337125778198,9.141143952895447e-10,0.7645319700241089,0.05017247051000595,0.00013462213973980397,7.946086551333803e-14,10.0
3429,20.956384658813477,20.956384658813477,0.02115745097398758,3.673935378145643e-09,0.7564449906349182,0.06060025468468666,0.00013164166011847556,8.162538028301525e-14,10.0
3430,20.76985740661621,20.76985740661621,0.02080833725631237,1.0244467496534071e-08,0.750984787940979,0.058948956429958344,0.0001303969183936715,9.264882291264501e-14,10.0
3431,21.392410278320312,21.392410278320312,0.03607315197587013,2.5622542310088647e-08,0.7535596489906311,0.06600133329629898,0.0001556240167701617,7.700906427300647e-14,10.0
3432,20.839948654174805,20.839948654174805,0.025953860953450203,2.8823754050222306e-08,0.7479143142700195,0.0596710667014122,0.00014691567048430443,9.234413499712227e-14,10.0
3433,20.829885482788086,20.829885482788086,0.017798015847802162,2.9215664554271825e-08,0.7591453194618225,0.056199442595243454,0.0001315841218456626,9.370945046414253e-14,10.0
3434,20.857118606567383,20.857118606567383,0.022472482174634933,1.4528660052803843e-08,0.744496762752533,0.06726272404193878,0.0001320698793279007,9.673277532717267e-14,10.0
3435,20.881006240844727,20.881006240844727,0.0252080038189888,1.0841477937617583e-08,0.7495731711387634,0.06040244176983833,0.0001417081948602572,9.653406139774681e-14,10.0
3436,21.017446517944336,21.017446517944336,0.025374727323651314,1.5123449159659685e-08,0.7673653364181519,0.04790399223566055,0.00013455988664645702,6.465355052547028e-14,10.0
3437,20.770565032958984,20.770565032958984,0.022741341963410378,3.969516271240536e-08,0.7495327591896057,0.05849761515855789,0.0001271968794753775,7.84103888046804e-14,10.0
3438,20.992084503173828,20.992084503173828,0.027059994637966156,4.591413116372678e-08,0.746629536151886,0.065938800573349,0.0001375941646983847,9.111843766486383e-14,10.0
3439,21.129859924316406,21.129859924316406,0.03303559496998787,4.884651261249928e-08,0.7396042943000793,0.07250485569238663,0.00012411376519594342,5.97353723018508e-14,10.0
3440,20.87915802001953,20.87915802001953,0.024577829986810684,3.58894567398238e-08,0.7471189498901367,0.0634138435125351,0.00013903080252930522,6.96693543784585e-14,10.0
3441,21.010669708251953,21.010669708251953,0.029150299727916718,3.4395256420793885e-08,0.7460303902626038,0.06519442051649094,0.00012911057274322957,6.10989191640772e-14,10.0
3442,21.067092895507812,21.067092895507812,0.03177618980407715,3.2228850699311806e-08,0.7400463223457336,0.0708027333021164,0.00014602743613068014,7.957417819288992e-14,10.0
3443,21.214160919189453,21.214160919189453,0.03785078600049019,3.720542807172933e-08,0.7361673712730408,0.07448875904083252,0.0001487049594288692,6.388148338217978e-14,10.0
3444,20.934194564819336,20.934194564819336,0.025412674993276596,2.3960941675227332e-08,0.7381921410560608,0.0737072303891182,0.0001394846913171932,7.945300504758751e-14,10.0
3445,20.8134765625,20.8134765625,0.022164057940244675,2.30301306913816e-08,0.7503039240837097,0.06001363694667816,0.00014348527474794537,6.234436252840203e-14,10.0
3446,20.80044937133789,20.80044937133789,0.02076500840485096,4.849942669693519e-08,0.7494843006134033,0.06171267107129097,0.00013997139467392117,8.542168708491893e-14,10.0
3447,20.9115047454834,20.9115047454834,0.02156108245253563,1.4508686696501627e-08,0.7677745223045349,0.0470697320997715,0.0001373364357277751,9.61718633332373e-14,10.0
3448,21.30058479309082,21.30057716369629,0.02658485807478428,7.649604185644421e-07,0.7588544487953186,0.06652328372001648,0.0001513412717031315,6.899651883900473e-14,10.0
3449,21.123939514160156,21.121904373168945,0.021834472194314003,0.00020356784807518125,0.7674537301063538,0.055530231446027756,0.0001441645435988903,8.70503010495273e-14,10.0
3450,21.19362449645996,21.171558380126953,0.021323928609490395,0.002206691773608327,0.7535008192062378,0.07198340445756912,0.00013536076585296541,8.592469590658e-14,10.0
3451,20.97018814086914,20.90816879272461,0.02666844055056572,0.006201917305588722,0.7599908709526062,0.04961360991001129,0.00013453446445055306,7.689791999779955e-14,10.0
3452,20.921772003173828,20.88045883178711,0.02519366517663002,0.004131285473704338,0.7564815282821655,0.05347812548279762,0.00016248553583864123,5.91424763438271e-14,10.0
3453,20.880172729492188,20.807111740112305,0.019476914778351784,0.007306179963052273,0.7699280381202698,0.04283080995082855,0.00012162452912889421,8.453819106335123e-14,10.0
3454,21.172882080078125,21.089069366455078,0.024184612557291985,0.008381301537156105,0.7684784531593323,0.05084598809480667,0.00013414499699138105,5.480190682759928e-14,10.0
3455,20.977479934692383,20.839122772216797,0.025415757670998573,0.01383570022881031,0.7543073296546936,0.05379216745495796,0.00012421577412169427,7.49406301446022e-14,10.0
3456,21.070741653442383,20.99643325805664,0.02881082333624363,0.007430833764374256,0.7484273910522461,0.06256266683340073,0.0001411005068803206,6.015026936820669e-14,10.0
3457,21.007307052612305,20.931482315063477,0.024097947403788567,0.0075825285166502,0.7511873841285706,0.06192050129175186,0.00013366089842747897,9.333506190145613e-14,10.0
3458,21.958553314208984,21.139936447143555,0.03444383293390274,0.08186177909374237,0.7380202412605286,0.07307081669569016,0.00015644149971194565,7.569140626773052e-14,10.0
3459,21.317279815673828,21.145980834960938,0.03573640063405037,0.017129821702837944,0.7559452056884766,0.05409892648458481,0.0001468645059503615,6.317338416706592e-14,10.0
3460,22.812374114990234,22.38780403137207,0.07471611350774765,0.042457032948732376,0.7615501284599304,0.05919015407562256,0.00013943116937298328,8.824921858812534e-14,10.0
3461,22.3457088470459,22.214536666870117,0.06966701149940491,0.013117283582687378,0.7563971877098083,0.062455903738737106,0.0001534879265818745,6.9393038678537e-14,10.0
3462,23.22629165649414,22.857601165771484,0.09715262055397034,0.036869022995233536,0.7597466111183167,0.057351842522621155,0.00013239604595582932,8.051404595116329e-14,10.0
3463,22.68914222717285,22.057476043701172,0.07351312041282654,0.063166543841362,0.7524014711380005,0.056329742074012756,0.00013675240916199982,6.89480956594761e-14,10.0
3464,21.682035446166992,21.501537322998047,0.04335103929042816,0.018049778416752815,0.7644423246383667,0.05220906808972359,0.00014755762822460383,7.162084375003305e-14,10.0
3465,21.605003356933594,21.18738555908203,0.038805779069662094,0.04176183417439461,0.7455958127975464,0.06303746998310089,0.00014097033999860287,7.42973255618215e-14,10.0
3466,21.75921630859375,21.444719314575195,0.04586265608668327,0.03144975006580353,0.758744478225708,0.05312004312872887,0.0001539003278594464,7.361497614830417e-14,10.0
3467,21.596487045288086,21.569490432739258,0.0499885231256485,0.0026997129898518324,0.7646196484565735,0.048110175877809525,0.000152976019307971,8.876490579894092e-14,10.0
3468,22.40399932861328,22.28045082092285,0.07440868020057678,0.012354826554656029,0.7600206732749939,0.05673475190997124,0.00013493942969944328,6.27841623634072e-14,10.0
3469,22.33561897277832,21.963104248046875,0.06317360699176788,0.037251509726047516,0.7728970646858215,0.042397551238536835,0.0001400461478624493,7.179392307434321e-14,10.0
3470,23.20079231262207,22.944793701171875,0.10124792158603668,0.0255998857319355,0.7584554553031921,0.05803194269537926,0.0001411768898833543,7.061148540876694e-14,10.0
3471,22.707210540771484,22.507991790771484,0.0853201150894165,0.019921788945794106,0.7660818099975586,0.04885818436741829,0.00014885654672980309,6.951705785454218e-14,10.0
3472,23.53820037841797,22.886199951171875,0.10466296225786209,0.06520002335309982,0.7555586099624634,0.05516861751675606,0.00014454239862971008,5.783610759367216e-14,10.0
3473,21.72846221923828,21.66770362854004,0.057680580765008926,0.006075890269130468,0.7499370574951172,0.05902882292866707,0.00015402391727548093,6.466763160118544e-14,10.0
3474,21.41461181640625,21.19110107421875,0.02987811714410782,0.022351114079356194,0.7640505433082581,0.05365723371505737,0.0001455597230233252,8.043304249635147e-14,10.0
3475,21.617481231689453,21.44407844543457,0.04972856491804123,0.017340190708637238,0.7557008266448975,0.05227547511458397,0.00014576716057490557,7.29522914516903e-14,10.0
3476,22.9232120513916,22.132001876831055,0.07362766563892365,0.07912099361419678,0.7534024715423584,0.058192770928144455,0.00014293786080088466,7.327061998579562e-14,10.0
3477,22.338253021240234,22.06444549560547,0.07202969491481781,0.027380725368857384,0.757231593132019,0.05326198413968086,0.00013627327280119061,8.809821633055243e-14,10.0
3478,21.779592514038086,21.70907211303711,0.06346096098423004,0.007052079774439335,0.7480944991111755,0.05674835667014122,0.00014757574535906315,9.619351349536912e-14,10.0
3479,21.514450073242188,21.429346084594727,0.04543720930814743,0.008510458283126354,0.7460616230964661,0.06561688333749771,0.0001450701674912125,6.113150621562397e-14,10.0
3480,21.65129852294922,21.650569915771484,0.049958523362874985,7.288653432624415e-05,0.7392113208770752,0.07679159194231033,0.00015332379553001374,8.645584655088065e-14,10.0
3481,21.439340591430664,21.438655853271484,0.04892792925238609,6.853470404166728e-05,0.7535556554794312,0.05500386655330658,0.00014681807078886777,7.053595039866259e-14,10.0
3482,21.645526885986328,21.644775390625,0.039704423397779465,7.506401016144082e-05,0.7623332142829895,0.06369927525520325,0.00013531836157198995,8.002795745965657e-14,10.0
3483,21.733633041381836,21.732776641845703,0.059727005660533905,8.568297926103696e-05,0.7340164184570312,0.07551524043083191,0.00013106383266858757,7.391236602795337e-14,10.0
3484,21.99770164489746,21.996742248535156,0.06748630106449127,9.596057498129085e-05,0.7485907673835754,0.06373683363199234,0.00013968722487334162,7.221369905047528e-14,10.0
3485,21.893238067626953,21.892213821411133,0.06014318764209747,0.00010241202835459262,0.7534486055374146,0.062040459364652634,0.00014060256944503635,6.83001357836173e-14,10.0
3486,21.439552307128906,21.43882179260254,0.04336357116699219,7.311433728318661e-05,0.7467464208602905,0.06738686561584473,0.00014005675620865077,8.544745043904262e-14,10.0
3487,21.54170036315918,21.540990829467773,0.05269870534539223,7.10135864210315e-05,0.7523429989814758,0.056539520621299744,0.00014583989104721695,9.037893724432935e-14,10.0
3488,21.390771865844727,21.38987159729004,0.03578905388712883,9.003524610307068e-05,0.7583310008049011,0.06142532452940941,0.00012369196338113397,1.1124960544797724e-13,10.0
3489,21.745466232299805,21.744373321533203,0.05624523386359215,0.00010924872913165018,0.7422225475311279,0.07123993337154388,0.000168258513440378,6.985164942123478e-14,10.0
3490,21.73257827758789,21.73141860961914,0.059393834322690964,0.00011604207975324243,0.7380514740943909,0.07175318151712418,0.00014564664161298424,6.665792863427139e-14,10.0
3491,21.574363708496094,21.573368072509766,0.04426540434360504,9.953787230188027e-05,0.7778981328010559,0.04071352258324623,0.0001442089705960825,7.084303033522837e-14,10.0
3492,21.567798614501953,21.56734848022461,0.04885943606495857,4.494207678362727e-05,0.7343907952308655,0.07938345521688461,0.00015070494555402547,7.697941811985257e-14,10.0
3493,21.668926239013672,21.668201446533203,0.050949979573488235,7.249750342452899e-05,0.7542622685432434,0.06146245077252388,0.00013330651563592255,8.462401244156703e-14,10.0
3494,21.67021942138672,21.66960906982422,0.05086088180541992,6.0985563322901726e-05,0.7767944931983948,0.03907710686326027,0.00012966104259248823,5.622980108876269e-14,10.0
3495,21.3032169342041,21.302698135375977,0.04277806729078293,5.192356911720708e-05,0.7543603181838989,0.05491716414690018,0.00013083078374620527,9.226321285747338e-14,10.0
3496,21.143949508666992,21.14341163635254,0.03914522007107735,5.381534720072523e-05,0.7525385618209839,0.053985532373189926,0.00016802795289549977,6.556689598809923e-14,10.0
3497,21.74789810180664,21.744102478027344,0.055942416191101074,0.0003795018419623375,0.7499104738235474,0.06385048478841782,0.00015175783482845873,6.744671959607249e-14,10.0
3498,21.52004051208496,21.480289459228516,0.048634886741638184,0.00397511525079608,0.7480276226997375,0.06250031292438507,0.0001219311379827559,7.770209985418636e-14,10.0
3499,21.29779052734375,21.246387481689453,0.036734431982040405,0.005140222609043121,0.7402020692825317,0.07286857068538666,0.0001259707350982353,6.752440268173107e-14,10.0
3500,21.15081024169922,21.118677139282227,0.032946228981018066,0.0032132675405591726,0.7477332949638367,0.06400980055332184,0.00014429922157432884,5.4367633035542e-14,10.0
3501,21.19196128845215,21.16856575012207,0.03284773230552673,0.0023394955787807703,0.7645896077156067,0.049250707030296326,0.00013638375094160438,6.280455891677708e-14,10.0
3502,21.650514602661133,21.616247177124023,0.0523807667195797,0.0034266698639839888,0.7562687397003174,0.055942535400390625,0.00014459464000537992,6.251720468348695e-14,10.0
3503,21.268667221069336,21.24461555480957,0.04326152056455612,0.0024051712825894356,0.7493200302124023,0.05714893341064453,0.0001354311389150098,6.553800877646607e-14,10.0
3504,21.47353744506836,21.313373565673828,0.03548014536499977,0.016016386449337006,0.7675376534461975,0.049463704228401184,0.00013360714365262538,9.426620860850457e-14,10.0
3505,21.326026916503906,20.996763229370117,0.03699516877532005,0.032926272600889206,0.7442481517791748,0.05857114493846893,0.00014017354988027364,5.968862285942594e-14,10.0
3506,21.76905059814453,21.66316795349121,0.05883873254060745,0.010588300414383411,0.7447779178619385,0.06285298615694046,0.00014264718629419804,5.711251784001892e-14,10.0
3507,22.742948532104492,22.68599510192871,0.09676585346460342,0.005695248953998089,0.7493566870689392,0.06125916168093681,0.0001453492877772078,6.367455662129734e-14,10.0
3508,23.35728645324707,23.176616668701172,0.11856012791395187,0.018066931515932083,0.7520995736122131,0.05635040998458862,0.00013639373355545104,4.9952443304792857e-14,10.0
3509,23.80394172668457,23.71377182006836,0.1371002048254013,0.009017055854201317,0.7280027270317078,0.0833888053894043,0.00014788475527893752,5.348077598723959e-14,10.0
3510,23.923080444335938,23.8851261138916,0.14329083263874054,0.0037954782601445913,0.7444270253181458,0.0676332414150238,0.00013475473679136485,6.846563246898363e-14,10.0
3511,23.96368980407715,23.939653396606445,0.1474970579147339,0.0024036564864218235,0.7443484663963318,0.06568463146686554,0.00013990161824040115,6.118240950762216e-14,10.0
3512,23.03905487060547,22.860591888427734,0.10515884310007095,0.017846347764134407,0.7529048323631287,0.056308817118406296,0.00012798223178833723,6.981023289824584e-14,10.0
3513,22.00177574157715,21.713481903076172,0.06281574815511703,0.028829386457800865,0.7376636862754822,0.06799491494894028,0.00016233985661529005,5.798941378086162e-14,10.0
3514,21.38117218017578,21.20071792602539,0.04373788833618164,0.01804550737142563,0.7473131418228149,0.05692187324166298,0.0001396238658344373,5.385121060012821e-14,10.0
3515,21.962312698364258,21.91546630859375,0.06358402967453003,0.004684689454734325,0.7497596740722656,0.06321953237056732,0.00013846087676938623,7.42231661332235e-14,10.0
3516,23.33351707458496,23.206926345825195,0.1204926148056984,0.0126591632142663,0.7537873387336731,0.053935859352350235,0.0001532039459561929,6.438212051158854e-14,10.0
3517,24.213747024536133,24.062639236450195,0.15204201638698578,0.015110722742974758,0.746204137802124,0.06420908868312836,0.00012590570258907974,7.540773832182684e-14,10.0
3518,24.967409133911133,24.829425811767578,0.1735716313123703,0.013798368163406849,0.762162983417511,0.057385995984077454,0.00014088167517911643,6.410428692862555e-14,10.0
3519,26.35920524597168,26.27984046936035,0.23615175485610962,0.007936417125165462,0.7418847680091858,0.07309944927692413,0.00014427838323172182,6.247220351706523e-14,10.0
3520,24.8660888671875,24.768014907836914,0.1780356466770172,0.009807401336729527,0.7363232374191284,0.07631262391805649,0.0001226680469699204,5.809939931499669e-14,10.0
3521,24.681631088256836,24.679954528808594,0.17617705464363098,0.00016770977526903152,0.7520394921302795,0.05893278867006302,0.00012214631715323776,6.98158910783335e-14,10.0
3522,24.461532592773438,24.39657211303711,0.17087431252002716,0.006496140733361244,0.7483246922492981,0.05660432577133179,0.0001490008580731228,6.743586402182047e-14,10.0
3523,24.408287048339844,24.331106185913086,0.15449832379817963,0.007718041073530912,0.7586186528205872,0.060070816427469254,0.00014142540749162436,6.169808994217416e-14,10.0
3524,23.21955680847168,23.096391677856445,0.10531365126371384,0.012316429987549782,0.7666404843330383,0.0518537275493145,0.0001196734665427357,7.944112625753522e-14,10.0
3525,23.22666358947754,23.104562759399414,0.10762708634138107,0.012210073880851269,0.768652617931366,0.047840338200330734,0.00015596066077705473,7.139106065210191e-14,10.0
3526,22.08726692199707,22.00273323059082,0.07196272909641266,0.008453432470560074,0.7615790963172913,0.046516161412000656,0.00012818031245842576,7.041613250607578e-14,10.0
3527,21.957685470581055,21.91839027404785,0.06162025406956673,0.003929425496608019,0.7584496736526489,0.05661365017294884,0.00013009308895561844,6.308096948438868e-14,10.0
3528,22.034839630126953,21.65677833557129,0.05388861522078514,0.03780614957213402,0.756202757358551,0.056128475815057755,0.00012817565584555268,7.797834779147209e-14,10.0
3529,21.686634063720703,21.424034118652344,0.04853922873735428,0.026259932667016983,0.7511999607086182,0.057167477905750275,0.00013677334936801344,7.594754225471664e-14,10.0
3530,21.929683685302734,21.824234008789062,0.05422701686620712,0.010545017197728157,0.7692941427230835,0.04939351603388786,0.00013670475163962692,6.680518361808566e-14,10.0
3531,22.327442169189453,22.314960479736328,0.07936427742242813,0.0012481935555115342,0.7728663682937622,0.04031362384557724,0.00013543957902584225,7.095205363993537e-14,10.0
3532,23.607009887695312,23.5753116607666,0.13409973680973053,0.003169812960550189,0.7409371137619019,0.06791375577449799,0.00015468047058675438,5.74091081205659e-14,10.0
3533,24.4483699798584,24.355140686035156,0.16560837626457214,0.009322868660092354,0.7612812519073486,0.04726044461131096,0.00013892115384805948,5.629588998743926e-14,10.0
3534,25.522563934326172,25.369112014770508,0.2065926045179367,0.01534523256123066,0.7469905018806458,0.06112213432788849,0.00014815079339314252,7.43813309013984e-14,10.0
3535,26.1966495513916,26.146392822265625,0.23237812519073486,0.005025654099881649,0.7569631338119507,0.05645723268389702,0.00014303521311376244,5.769191548099517e-14,10.0
3536,26.750822067260742,26.509450912475586,0.250675231218338,0.024137208238244057,0.7489379048347473,0.06070856750011444,0.00014095047663431615,7.282549400761812e-14,10.0
3537,26.94469451904297,26.55693244934082,0.2539265751838684,0.03877612575888634,0.742134153842926,0.066163070499897,0.0001337341236649081,7.948190581174783e-14,10.0
3538,24.83694839477539,24.69684600830078,0.17151688039302826,0.014010163955390453,0.7401599287986755,0.07613029330968857,0.000166968340636231,5.528920488215468e-14,10.0
3539,23.828922271728516,23.812755584716797,0.13664409518241882,0.001616712543182075,0.7560660243034363,0.0597473569214344,0.00013158599904272705,7.655769057981002e-14,10.0
3540,22.239681243896484,22.20804214477539,0.07804560661315918,0.003163955407217145,0.7345613837242126,0.07566721737384796,0.00011882719263667241,8.376717424091532e-14,10.0
3541,22.96387481689453,22.940393447875977,0.0900026485323906,0.002348129404708743,0.7348136305809021,0.09273794293403625,0.00015376137162093073,4.972513354306769e-14,10.0
3542,24.19235610961914,24.145029067993164,0.15891258418560028,0.004732620902359486,0.7383865118026733,0.06843716651201248,0.00016205597785301507,5.992989850038544e-14,10.0
3543,25.008167266845703,24.952280044555664,0.1773330569267273,0.00558868795633316,0.7500816583633423,0.07060945779085159,0.00016774139658082277,7.707152787066879e-14,10.0
3544,24.197294235229492,24.167882919311523,0.15337324142456055,0.002941126935184002,0.7554054260253906,0.05788135528564453,0.00013826704525854439,7.784762689078822e-14,10.0
3545,26.301233291625977,26.262866973876953,0.23209188878536224,0.0038365968503057957,0.7531366944313049,0.06522839516401291,0.00014417724742088467,9.163257311132003e-14,10.0
3546,27.0478458404541,27.020980834960938,0.2635068893432617,0.0026865259278565645,0.7522448897361755,0.06503152847290039,0.00014003236719872802,6.353483006631827e-14,10.0
3547,26.249387741088867,26.239925384521484,0.24629324674606323,0.0009462825837545097,0.753485381603241,0.04975203052163124,0.0001656743261264637,7.35113128680874e-14,10.0
3548,24.398334503173828,24.385822296142578,0.16905464231967926,0.0012512028915807605,0.750767707824707,0.05555494502186775,0.00013907684478908777,5.814541014469155e-14,10.0
3549,24.91362953186035,24.889217376708984,0.19403043389320374,0.0024412355851382017,0.7494957447052002,0.051976338028907776,0.00016544062236789614,6.123472903870816e-14,10.0
3550,23.817474365234375,23.79879379272461,0.1407434493303299,0.0018681456567719579,0.7639768123626709,0.047180332243442535,0.0001277729170396924,7.354017975092983e-14,10.0
3551,22.67363929748535,22.670101165771484,0.09714899212121964,0.0003538111341185868,0.7606903314590454,0.048906370997428894,0.00014584795280825347,5.370113669066548e-14,10.0
3552,22.804805755615234,22.803014755249023,0.0973474383354187,0.0001790380774764344,0.7620391249656677,0.05267824977636337,0.00013959332136437297,5.4274286616622786e-14,10.0
3553,23.34527587890625,23.344621658325195,0.11979681253433228,6.538225716212764e-05,0.7600467801094055,0.053889673203229904,0.000128864761791192,5.88933063557992e-14,10.0
3554,22.387393951416016,22.387292861938477,0.08898619562387466,1.0139363439520821e-05,0.7527669072151184,0.05367979034781456,0.00014707013906445354,5.4358058175106236e-14,10.0
3555,22.0321044921875,22.02995491027832,0.07166200131177902,0.00021501080482266843,0.7443087100982666,0.06516937911510468,0.00014536255912389606,6.997453696122244e-14,10.0
3556,22.985389709472656,22.983217239379883,0.11010231077671051,0.00021730325534008443,0.7563580274581909,0.052807990461587906,0.0001509032881585881,5.848528042071144e-14,10.0
3557,23.650737762451172,23.63068199157715,0.13706886768341064,0.0020056485664099455,0.7360109090805054,0.07208386063575745,0.00015903891471680254,4.113511492694587e-14,10.0
3558,22.68168830871582,22.652299880981445,0.0954841822385788,0.0029388628900051117,0.7335657477378845,0.07698056101799011,0.00015382548735942692,5.647510521841932e-14,10.0
3559,21.80865478515625,21.792715072631836,0.07425309717655182,0.0015940602170303464,0.74070805311203,0.05668715760111809,0.00015071299276314676,4.9185949638295284e-14,10.0
3560,22.843259811401367,22.83008575439453,0.10672854632139206,0.001317333779297769,0.757649302482605,0.048769764602184296,0.00013958280032966286,5.633521264498259e-14,10.0
3561,23.23390007019043,23.19443130493164,0.10671480745077133,0.003946812357753515,0.7364189028739929,0.08457685261964798,0.00016673393838573247,4.320884470533637e-14,10.0
3562,21.581531524658203,21.52911376953125,0.0635654404759407,0.005241680424660444,0.7298820614814758,0.06765247881412506,0.00016140715160872787,5.3667750040016504e-14,10.0
3563,22.06291389465332,21.97522735595703,0.07784249633550644,0.008768568746745586,0.7255125045776367,0.07558920234441757,0.0001622054260224104,5.1081616150513987e-14,10.0
3564,22.80291175842285,22.727008819580078,0.09867259114980698,0.0075903395190835,0.7381702065467834,0.07217635214328766,0.00015302917745430022,5.4022558589094175e-14,10.0
3565,22.005342483520508,21.96347999572754,0.07398427277803421,0.0041862716898322105,0.7282337546348572,0.07625629007816315,0.00016222930571530014,7.492710472250044e-14,10.0
3566,21.57683563232422,21.54328155517578,0.048878446221351624,0.0033553431276232004,0.7573944330215454,0.0554034598171711,0.00013732338265981525,6.359025312612301e-14,10.0
3567,21.70777130126953,21.687314987182617,0.058368340134620667,0.002045541303232312,0.7455615997314453,0.06350104510784149,0.00015385207370854914,6.799634911115043e-14,10.0
3568,21.736297607421875,21.57147216796875,0.0493178553879261,0.016482485458254814,0.7404538989067078,0.07302197068929672,0.00016296199464704841,6.791170002653363e-14,10.0
3569,21.778518676757812,21.27501678466797,0.047438617795705795,0.05035018175840378,0.7460887432098389,0.057414133101701736,0.00014826830010861158,6.307950581145583e-14,10.0
3570,21.95060157775879,21.78108787536621,0.05959540233016014,0.016951341181993484,0.742500364780426,0.069089375436306,0.00014592171646654606,7.545273271198499e-14,10.0
3571,22.22169303894043,22.05078887939453,0.07675091922283173,0.01709035225212574,0.7528674006462097,0.05234880745410919,0.0001609061291674152,4.830407314372273e-14,10.0
3572,23.32111358642578,23.08098602294922,0.104815274477005,0.024012811481952667,0.7532802820205688,0.06508670002222061,0.0001430353440809995,7.51593814854283e-14,10.0
3573,23.21845054626465,23.145442962646484,0.11332586407661438,0.007300689350813627,0.7532050013542175,0.05921861156821251,0.00017057878721971065,4.808479325433754e-14,10.0
3574,24.664846420288086,24.631181716918945,0.16225679218769073,0.0033664489164948463,0.7297201156616211,0.09321431070566177,0.00014007072604727,6.918297450761793e-14,10.0
3575,24.199493408203125,24.069847106933594,0.16466423869132996,0.012964691035449505,0.7360264658927917,0.06205151602625847,0.00012909829092677683,5.797399778122159e-14,10.0
3576,23.48426055908203,23.224916458129883,0.11229698359966278,0.025934364646673203,0.7653717398643494,0.051264841109514236,0.00015797723608557135,6.410774282305035e-14,10.0
3577,22.79965591430664,22.332687377929688,0.09147245436906815,0.04669692739844322,0.7514949440956116,0.05028035491704941,0.00014919847308192402,5.751250712650313e-14,10.0
3578,21.897254943847656,21.845088958740234,0.06496927887201309,0.005216510966420174,0.7650524973869324,0.04372723773121834,0.00013642841076944023,6.426501990069652e-14,10.0
3579,22.239444732666016,22.09136962890625,0.06515740603208542,0.014807457104325294,0.7638317346572876,0.05461239069700241,0.0001333585096290335,3.948306525475287e-14,10.0
3580,22.215137481689453,22.054147720336914,0.07140472531318665,0.016099020838737488,0.7589039206504822,0.05180361494421959,0.00013429229147732258,6.677927118616325e-14,10.0
3581,23.198511123657227,23.025060653686523,0.11906931549310684,0.017345059663057327,0.7353559732437134,0.06651658564805984,0.00015140259347390383,3.765161061619962e-14,10.0
3582,23.85341453552246,23.67073631286621,0.13705980777740479,0.018267782405018806,0.7444591522216797,0.06524458527565002,0.00016471104754600674,6.153032320850918e-14,10.0
3583,22.831302642822266,22.5159912109375,0.09197491407394409,0.03153107315301895,0.7566637396812439,0.05194665119051933,0.00013587099965661764,4.81685919178753e-14,10.0
3584,23.561111450195312,23.25124740600586,0.12155891209840775,0.030986320227384567,0.7612764835357666,0.04715102165937424,0.0001586324506206438,4.9701342081645214e-14,10.0
3585,23.77505111694336,23.64040184020996,0.12616202235221863,0.01346495933830738,0.7550106048583984,0.06438540667295456,0.00014510087203234434,6.810774410810974e-14,10.0
3586,23.113636016845703,22.94755744934082,0.11209085583686829,0.016607921570539474,0.7501590847969055,0.055596355348825455,0.00013992964522913098,4.4890069580364594e-14,10.0
3587,22.583938598632812,22.451129913330078,0.08535197377204895,0.013280810788273811,0.7681149840354919,0.04452512785792351,0.00013273114745970815,7.283399821840855e-14,10.0
3588,23.42568588256836,23.313386917114258,0.12742386758327484,0.01122988574206829,0.7438307404518127,0.061215776950120926,0.00016289927589241415,4.8121825534791496e-14,10.0
3589,23.473970413208008,23.445680618286133,0.12012189626693726,0.0028289705514907837,0.7675122618675232,0.050131719559431076,0.000153200191562064,4.7475603770540456e-14,10.0
3590,22.930831909179688,22.426424026489258,0.08980733156204224,0.05044073238968849,0.7688703536987305,0.03831889107823372,0.0001509488938609138,6.963440918718658e-14,10.0
3591,22.384281158447266,22.12657928466797,0.07731407880783081,0.025770220905542374,0.7591003179550171,0.04859600216150284,0.0001317652058787644,5.419232432051467e-14,10.0
3592,22.27560043334961,22.149871826171875,0.0734761506319046,0.012572851963341236,0.7446908950805664,0.06776787340641022,0.00014991466014180332,3.1722667976621585e-14,10.0
3593,22.222122192382812,22.189800262451172,0.07063031941652298,0.0032322874758392572,0.7512580752372742,0.06564643979072571,0.00014290558465290815,6.539931221355086e-14,10.0
3594,22.847055435180664,22.77269172668457,0.10137541592121124,0.0074364254251122475,0.7542269229888916,0.05524000898003578,0.00016320589929819107,7.451448448070677e-14,10.0
3595,23.754655838012695,23.56523323059082,0.13750500977039337,0.01894231326878071,0.7433929443359375,0.06165263429284096,0.00014683102199342102,7.144431530756168e-14,10.0
3596,24.206510543823242,24.062562942504883,0.15406274795532227,0.014394744299352169,0.7441037893295288,0.0642663910984993,0.00017408798157703131,6.742630949017545e-14,10.0
3597,25.408987045288086,25.387361526489258,0.21121743321418762,0.0021626183297485113,0.7461244463920593,0.05808977037668228,0.00015722392708994448,7.255314242188976e-14,10.0
3598,25.159770965576172,25.1076717376709,0.194698303937912,0.005209851544350386,0.7527517080307007,0.05679328367114067,0.00015886059554759413,5.918686764652681e-14,10.0
3599,26.33234405517578,26.3211669921875,0.24915006756782532,0.0011177047854289412,0.7415472269058228,0.06209229677915573,0.00014263209595810622,8.524240747943487e-14,10.0
3600,25.3222713470459,25.298336029052734,0.21032050251960754,0.0023935583885759115,0.7383989691734314,0.06314218789339066,0.00017943570856004953,6.849159911101466e-14,10.0
3601,25.7702579498291,25.74904441833496,0.21913006901741028,0.0021212801802903414,0.7487369179725647,0.06203477457165718,0.00014986598398536444,9.003148432936564e-14,10.0
3602,25.27313804626465,25.248279571533203,0.19674083590507507,0.0024858491960912943,0.7467677593231201,0.06636393070220947,0.00014682846085634083,6.324717767743071e-14,10.0
3603,23.96014976501465,23.928531646728516,0.14855791628360748,0.0031618764623999596,0.7585153579711914,0.050010811537504196,0.00014305465447250754,7.182431461649069e-14,10.0
3604,23.853235244750977,23.824878692626953,0.14004255831241608,0.0028356502298265696,0.7506506443023682,0.062248826026916504,0.00013267317262943834,6.643004289014209e-14,10.0
3605,23.21819305419922,23.195859909057617,0.12494668364524841,0.002233377192169428,0.7397792339324951,0.06305103749036789,0.0001435590093024075,7.279960868075003e-14,10.0
3606,22.469839096069336,22.457643508911133,0.0860816091299057,0.0012195516610518098,0.738592267036438,0.0735744759440422,0.00014348633703775704,8.124205382866942e-14,10.0
3607,22.231752395629883,22.22528076171875,0.07785910367965698,0.0006471531232818961,0.7190980315208435,0.09198673069477081,0.00016837027214933187,4.2073173422843904e-14,10.0
3608,21.97555923461914,21.969635009765625,0.06630346179008484,0.000592349621001631,0.7570990324020386,0.0553244985640049,0.0001461803331039846,5.167462391688672e-14,10.0
3609,22.103900909423828,22.099689483642578,0.06568101048469543,0.0004210897604934871,0.7608819603919983,0.057359013706445694,0.00016405015776399523,3.649225290437014e-14,10.0
3610,22.207059860229492,22.204431533813477,0.07738421857357025,0.00026274946867488325,0.7509565949440002,0.059771016240119934,0.00016372142999898642,4.887283205088147e-14,10.0
3611,22.15781021118164,22.139015197753906,0.07843926548957825,0.001879496849142015,0.7290382385253906,0.07802502810955048,0.00014505813305731863,5.368966447642787e-14,10.0
3612,22.137374877929688,22.12380027770996,0.08246651291847229,0.001357473200187087,0.7492170929908752,0.05321282520890236,0.00013900506019126624,5.922915830751732e-14,10.0
3613,22.543521881103516,22.529329299926758,0.09843268245458603,0.0014193180250003934,0.7464447021484375,0.0562412329018116,0.00013641463010571897,6.093466931120922e-14,10.0
3614,23.3477725982666,23.3257999420166,0.12008410692214966,0.002197204390540719,0.7513458132743835,0.061536915600299835,0.0001629211474210024,4.371381525530328e-14,10.0
3615,23.45403480529785,23.430530548095703,0.12741155922412872,0.0023503575939685106,0.7548637390136719,0.054892946034669876,0.00013227738963905722,5.753047777751208e-14,10.0
3616,23.770614624023438,23.737634658813477,0.14412856101989746,0.0032979254610836506,0.7594613432884216,0.04585442319512367,0.0001526369887869805,5.472174362947113e-14,10.0
3617,23.733814239501953,23.68617820739746,0.1458132416009903,0.00476360647007823,0.7548007369041443,0.04677142947912216,0.00015441949653904885,6.66436713757032e-14,10.0
3618,24.189756393432617,24.14139175415039,0.15128660202026367,0.004836515989154577,0.7292763590812683,0.08503254503011703,0.00015025421453174204,6.047638382916318e-14,10.0
3619,24.883102416992188,24.824661254882812,0.18896088004112244,0.005844108294695616,0.7443514466285706,0.05961470305919647,0.00014858398935757577,6.501603996931365e-14,10.0
3620,26.38425064086914,26.369312286376953,0.250323623418808,0.001493870047852397,0.739048421382904,0.06533925980329514,0.00015298569633159786,5.707408964926788e-14,10.0
3621,26.512897491455078,26.506206512451172,0.2561587989330292,0.0006690776790492237,0.7429144978523254,0.06110895052552223,0.00016514099843334407,5.44988045577538e-14,10.0
3622,26.951589584350586,26.9335880279541,0.2577499747276306,0.0018001162679865956,0.7506416440010071,0.06887257844209671,0.000198251087567769,6.087108085379295e-14,10.0
3623,25.32394027709961,25.308576583862305,0.2095467448234558,0.0015363545389845967,0.749781608581543,0.052958715707063675,0.00014007807476446033,7.542820263783251e-14,10.0
3624,24.263965606689453,24.243986129760742,0.1610008031129837,0.0019979248754680157,0.7585506439208984,0.05014648288488388,0.0001536760973976925,7.503145918160217e-14,10.0
3625,23.93916130065918,23.914066314697266,0.15536196529865265,0.0025094642769545317,0.7473729252815247,0.053765010088682175,0.000156996218720451,5.369796539931096e-14,10.0
3626,23.145782470703125,23.117055892944336,0.10912590473890305,0.0028727168682962656,0.7496957778930664,0.06580148637294769,0.00014773260045330971,6.083658967218075e-14,10.0
3627,22.34579086303711,22.32099151611328,0.08739688992500305,0.0024799080565571785,0.7450897097587585,0.06029272824525833,0.00015069749497342855,7.135412323933804e-14,10.0
3628,22.479772567749023,22.457796096801758,0.09123978763818741,0.0021975527051836252,0.7333628535270691,0.07364701479673386,0.0001553699403302744,8.672328534551493e-14,10.0
3629,22.56106185913086,22.536035537719727,0.09541106224060059,0.002502656076103449,0.7339382767677307,0.07203034311532974,0.00015427875041496009,5.971201452129732e-14,10.0
3630,22.49490737915039,22.46731948852539,0.09291543811559677,0.002758790971711278,0.758314847946167,0.04740356281399727,0.00014749167894478887,5.012642387215889e-14,10.0
3631,22.840818405151367,22.819805145263672,0.1124279797077179,0.002101374324411154,0.7486164569854736,0.051682841032743454,0.00016227680316660553,5.500627216084922e-14,10.0
3632,23.955936431884766,23.93505096435547,0.14651498198509216,0.0020885176490992308,0.749754786491394,0.0610826276242733,0.0001241952704731375,7.267447819751804e-14,10.0
3633,24.143966674804688,24.074363708496094,0.16200914978981018,0.006960282102227211,0.7262323498725891,0.0746685042977333,0.00016127880371641368,6.790790531892993e-14,10.0
3634,24.031291961669922,23.977020263671875,0.1561642289161682,0.005427103023976088,0.737713634967804,0.06514550000429153,0.0001436300517525524,6.887012119448366e-14,10.0
3635,23.345441818237305,23.301776885986328,0.11382810771465302,0.004366400185972452,0.747854471206665,0.07033606618642807,0.00013101546210236847,6.44626496279499e-14,10.0
3636,23.122716903686523,23.0750675201416,0.11127262562513351,0.004764983430504799,0.7239676713943481,0.08769562840461731,0.00016693875659257174,4.310696358244062e-14,10.0
3637,24.217893600463867,24.18065643310547,0.15572023391723633,0.0037236770149320364,0.7384246587753296,0.07302127033472061,0.0001502769737271592,4.921988516629408e-14,10.0
3638,23.362565994262695,23.34032440185547,0.12065711617469788,0.002224217401817441,0.7506033778190613,0.06228627264499664,0.0001652785431360826,4.872181285264961e-14,10.0
3639,23.166059494018555,23.139434814453125,0.125133216381073,0.0026624416932463646,0.7395556569099426,0.06082090362906456,0.00016905581287574023,6.025153385111684e-14,10.0
3640,23.308094024658203,23.24294662475586,0.1217433512210846,0.006514685228466988,0.7441340088844299,0.06378568708896637,0.00013688938634004444,7.411085634068115e-14,10.0
3641,23.129623413085938,22.97100067138672,0.10797448456287384,0.015862194821238518,0.7243554592132568,0.08643471449613571,0.00018847151659429073,4.596117662348555e-14,10.0
3642,22.476272583007812,22.317413330078125,0.09294185787439346,0.015885883942246437,0.7430607080459595,0.05662813037633896,0.00016471126582473516,4.896443358192934e-14,10.0
3643,21.76888656616211,21.68147087097168,0.061160825192928314,0.008741531521081924,0.7472274303436279,0.05881056562066078,0.00015017394616734236,7.614616131645241e-14,10.0
3644,22.323745727539062,22.247255325317383,0.08169122785329819,0.0076489825733006,0.7416278719902039,0.06650260090827942,0.00017132908396888524,5.592779996174864e-14,10.0
3645,22.776344299316406,22.61326026916504,0.09407554566860199,0.016308462247252464,0.754975438117981,0.05542568489909172,0.0001343050826108083,7.254651523611044e-14,10.0
3646,23.160167694091797,23.004602432250977,0.11711529642343521,0.015556505881249905,0.7369462251663208,0.06605622917413712,0.00016577749920543283,6.906530469058536e-14,10.0
3647,23.21553611755371,22.92929458618164,0.1116960346698761,0.028624093160033226,0.7476378083229065,0.057775381952524185,0.00015636690659448504,7.212430658135385e-14,10.0
3648,23.084880828857422,22.3113956451416,0.08556809276342392,0.07734859734773636,0.7590768337249756,0.047755930572748184,0.00013735027459915727,7.404480132332247e-14,10.0
3649,22.382938385009766,22.17783546447754,0.08625505864620209,0.02051030844449997,0.7519462704658508,0.04885417968034744,0.00014470871246885508,6.262300926299438e-14,10.0
3650,23.025224685668945,22.720550537109375,0.09081313014030457,0.030467359349131584,0.76871657371521,0.04923351854085922,0.00014679796004202217,9.263792668081153e-14,10.0
3651,22.47153663635254,22.300077438354492,0.08401479572057724,0.017145875841379166,0.744110643863678,0.06381146609783173,0.00016531063010916114,5.999848106405872e-14,10.0
3652,23.372018814086914,22.25242805480957,0.09092861413955688,0.11195912957191467,0.742789626121521,0.05632049962878227,0.00014590354112442583,6.08834339822957e-14,10.0
3653,22.45800018310547,22.1632137298584,0.08087334781885147,0.029478691518306732,0.7430440783500671,0.06254979223012924,0.00015336135402321815,5.725556476415122e-14,10.0
3654,21.799619674682617,21.72029685974121,0.053750161081552505,0.007932293228805065,0.7481946349143982,0.06680243462324142,0.00016160444647539407,7.290991269927327e-14,10.0
3655,21.861753463745117,21.71250343322754,0.07024180889129639,0.014925026334822178,0.7450902462005615,0.05311103165149689,0.00014270971587393433,5.286845248153767e-14,10.0
3656,22.656539916992188,22.51319694519043,0.08418862521648407,0.01433422602713108,0.7657288312911987,0.05055438354611397,0.0001401811168761924,6.183062010523335e-14,10.0
3657,22.80678367614746,22.76660919189453,0.10851193219423294,0.0040174913592636585,0.7388442158699036,0.06324581056833267,0.0001560082455398515,6.048433238634021e-14,10.0
3658,24.3344783782959,23.689144134521484,0.12283579260110855,0.06453336030244827,0.7363065481185913,0.08835651725530624,0.0001672240177867934,8.10634111919617e-14,10.0
3659,23.290828704833984,22.925411224365234,0.11563517153263092,0.036541733890771866,0.727103054523468,0.07421217113733292,0.00016519398195669055,6.244263867907426e-14,10.0
3660,22.563222885131836,22.52483367919922,0.09224889427423477,0.003838853444904089,0.7643717527389526,0.04430854693055153,0.00016037958266679198,6.212016307165918e-14,10.0
3661,23.25743293762207,23.221845626831055,0.1131705790758133,0.003558818018063903,0.7194246649742126,0.09621140360832214,0.00016812047397252172,5.2700465519306405e-14,10.0
3662,22.953397750854492,22.920330047607422,0.10385145246982574,0.0033068449702113867,0.7357271909713745,0.07717669010162354,0.00014485469728242606,5.665348696897929e-14,10.0
3663,22.719614028930664,22.630815505981445,0.09934472292661667,0.008879875764250755,0.7445663213729858,0.06126643344759941,0.00013789926015306264,5.911402281306294e-14,10.0
3664,23.043031692504883,22.960529327392578,0.1148681491613388,0.008250297978520393,0.7358019351959229,0.06769084930419922,0.00015074269322212785,5.2964611049841764e-14,10.0
3665,23.481124877929688,23.44719886779785,0.13257920742034912,0.003392623271793127,0.7413904666900635,0.06385945528745651,0.00014701190229970962,4.839921866062191e-14,10.0
3666,22.993907928466797,22.946319580078125,0.10953136533498764,0.004758884664624929,0.7580973505973816,0.05016428232192993,0.00014950150216463953,6.380533173208983e-14,10.0
3667,23.887584686279297,23.8684139251709,0.15123650431632996,0.0019170517334714532,0.7226114273071289,0.08082838356494904,0.00015065133629832417,5.2045383790427086e-14,10.0
3668,23.92587661743164,23.910791397094727,0.15281876921653748,0.0015085500199347734,0.7454130053520203,0.058141063898801804,0.00014698662562295794,5.765746495696444e-14,10.0
3669,23.072586059570312,23.04658317565918,0.12229325622320175,0.0026002086233347654,0.7460525035858154,0.05346246808767319,0.00013798859436064959,5.719807494395518e-14,10.0
3670,23.77120018005371,23.74955177307129,0.14524081349372864,0.0021648709662258625,0.7336997985839844,0.07097082585096359,0.00017668989312369376,4.189289431848209e-14,10.0
3671,23.192485809326172,23.19098663330078,0.12787143886089325,0.00014993468357715756,0.740123450756073,0.0595824271440506,0.00015525521303061396,5.0602154844786584e-14,10.0
3672,22.871572494506836,22.868547439575195,0.11252015084028244,0.0003025685728061944,0.7279432415962219,0.07420703768730164,0.0001787778892321512,5.641771704217695e-14,10.0
3673,22.478103637695312,22.477270126342773,0.07830740511417389,8.33230369607918e-05,0.7606767416000366,0.06005488708615303,0.0001295932597713545,6.539313903743127e-14,10.0
3674,22.127399444580078,22.127378463745117,0.07678212225437164,2.186343863286311e-06,0.7569260001182556,0.05132491886615753,0.00015523935144301504,5.773245108971897e-14,10.0
3675,22.062610626220703,22.062610626220703,0.06497153639793396,5.51617418409478e-08,0.7493236064910889,0.06814569979906082,0.00015901423466857523,4.3727899719150226e-14,10.0
3676,22.080116271972656,22.080116271972656,0.06551576405763626,6.835571753072145e-08,0.7617733478546143,0.05586221441626549,0.0001333794352831319,6.546491322124981e-14,10.0
3677,21.911319732666016,21.911319732666016,0.0689259022474289,6.091758564252814e-08,0.7259699106216431,0.08149007707834244,0.00016706425230950117,6.642123374749065e-14,10.0
3678,21.692419052124023,21.692419052124023,0.05290491506457329,8.602436452065376e-08,0.745951235294342,0.06878821551799774,0.00013104530808050185,7.90664666443057e-14,10.0
3679,21.306493759155273,21.306493759155273,0.04579734429717064,9.031376890789033e-08,0.7456227540969849,0.0607861652970314,0.00013362415484152734,5.743178827476159e-14,10.0
3680,21.414478302001953,21.41447639465332,0.047022558748722076,1.0845806031056782e-07,0.7558802962303162,0.05361448600888252,0.00015434130909852684,5.432687719825191e-14,10.0
3681,21.365079879760742,21.365079879760742,0.046009551733732224,8.859552025342055e-08,0.7578265070915222,0.05070925131440163,0.000144861129228957,6.703677597839214e-14,10.0
3682,21.492918014526367,21.492918014526367,0.052184704691171646,3.3639842911270534e-08,0.7358901500701904,0.07158593088388443,0.00013995029439684004,3.337916965398535e-14,10.0
3683,21.293107986450195,21.293107986450195,0.042489513754844666,3.54740308239343e-08,0.7418249845504761,0.06735506653785706,0.00013696655514650047,4.3477442241042497e-14,10.0
3684,21.037845611572266,21.037845611572266,0.04185059294104576,5.700912097950095e-08,0.7397192120552063,0.05988502502441406,0.00014750182162970304,7.138376261622836e-14,10.0
3685,21.363405227661133,21.363405227661133,0.04627528041601181,2.5201916997730223e-08,0.7472105622291565,0.060990724712610245,0.00014906618162058294,5.799377769460587e-14,10.0
3686,21.124692916870117,21.124692916870117,0.042792171239852905,9.285577862172545e-10,0.7503679990768433,0.0517699271440506,0.00014409871073439717,4.266889508277964e-14,10.0
3687,21.4384708404541,21.4384708404541,0.04420929774641991,2.809208199394675e-09,0.7544606328010559,0.05881083384156227,0.00014534805086441338,4.3992353569678386e-14,10.0
3688,21.5251407623291,21.5251407623291,0.05155957490205765,3.175694984758337e-10,0.7597728967666626,0.049614325165748596,0.00014713691780343652,6.425170454276569e-14,10.0
3689,21.366188049316406,21.366188049316406,0.04917876794934273,6.680877205622604e-12,0.7411335110664368,0.06426998227834702,0.00016335856344085187,6.112330693669454e-14,10.0
3690,21.43605613708496,21.43605613708496,0.05384465306997299,1.290093655818489e-13,0.7187926769256592,0.08474066108465195,0.00016050360864028335,3.781696161189903e-14,10.0
3691,21.21007537841797,21.21007537841797,0.04786981642246246,7.370493104730258e-14,0.727574348449707,0.07290048897266388,0.00014618127897847444,4.0383417231970933e-14,10.0
3692,21.108964920043945,21.108964920043945,0.04169411584734917,3.486522458543903e-14,0.7512711882591248,0.0513392873108387,0.00013509295240510255,5.448352069525354e-14,10.0
3693,21.377765655517578,21.377765655517578,0.04500837251543999,9.473903637570555e-16,0.7600817084312439,0.049964599311351776,0.0001397485175402835,3.8538999601192905e-14,10.0
3694,21.190349578857422,21.190349578857422,0.04817467927932739,2.312964755266249e-19,0.7311217784881592,0.06825608760118484,0.00015368833555839956,4.514394907157923e-14,10.0
3695,21.557600021362305,21.557600021362305,0.058719489723443985,0.0,0.7357119917869568,0.06781768053770065,0.0001372216793242842,5.818732811118527e-14,10.0
3696,21.422208786010742,21.422208786010742,0.05640894174575806,0.0,0.7421090602874756,0.0583098940551281,0.0001512209273641929,4.952902508698759e-14,10.0
3697,21.362497329711914,21.362497329711914,0.03896408900618553,0.0,0.7556692361831665,0.059806983917951584,0.00014896364882588387,4.8713339135045275e-14,10.0
3698,21.48072624206543,21.48072624206543,0.06121800094842911,0.0,0.7232005596160889,0.07474648207426071,0.000159951756359078,4.6968315738429856e-14,10.0
3699,21.583391189575195,21.583391189575195,0.055515944957733154,0.0,0.7268388271331787,0.08091864734888077,0.00015535458805970848,3.850092716427972e-14,10.0
3700,20.91534996032715,20.91534996032715,0.037670206278562546,9.035018575258784e-22,0.7418701648712158,0.05701715126633644,0.0001411497505614534,4.6250797516942527e-14,10.0
3701,21.030309677124023,21.030309677124023,0.03919017314910889,0.0,0.7548724412918091,0.0470864400267601,0.00015857121616136283,5.398187051443987e-14,10.0
3702,21.17778968811035,21.17778968811035,0.03441450372338295,9.035018575258784e-22,0.7489623427391052,0.06367519497871399,0.00014903831470292062,5.1485871094920574e-14,10.0
3703,21.018606185913086,21.018606185913086,0.041061881929636,0.0,0.7442530989646912,0.055365581065416336,0.00015932686801534146,6.18509963298125e-14,10.0
3704,21.03748321533203,21.03748321533203,0.04322405904531479,0.0,0.734164297580719,0.06405141949653625,0.00014892614854034036,5.5366162907610414e-14,10.0
3705,20.8264217376709,20.8264217376709,0.03664030507206917,0.0,0.7241191267967224,0.07223469763994217,0.00015670224092900753,5.644288747323756e-14,10.0
3706,21.240062713623047,21.240062713623047,0.04782766103744507,0.0,0.7203682065010071,0.08135209232568741,0.00013636771473102272,5.0147132133653363e-14,10.0
3707,21.26210594177246,21.26210594177246,0.054916851222515106,0.0,0.730733335018158,0.0647694319486618,0.00016152794705703855,5.293670639642742e-14,10.0
3708,21.22801399230957,21.22801399230957,0.04623795300722122,0.0,0.7221506834030151,0.08066953718662262,0.00015594834985677153,3.700129260061566e-14,10.0
3709,20.916860580444336,20.916860580444336,0.041453152894973755,0.0,0.7338762879371643,0.061282072216272354,0.0001573672634549439,5.4883720045908677e-14,10.0
3710,21.525606155395508,21.525606155395508,0.05183381587266922,0.0,0.7343434691429138,0.07478104531764984,0.00016484853404108435,7.629522556264201e-14,10.0
3711,21.10618019104004,21.10618019104004,0.04166232794523239,0.0,0.736972987651825,0.06554879248142242,0.00015789916506037116,4.894882445877734e-14,10.0
3712,21.01464080810547,21.01464080810547,0.039245907217264175,0.0,0.7502086758613586,0.05106973648071289,0.00015330059977713972,5.1841814668147565e-14,10.0
3713,21.29188346862793,21.29188346862793,0.047464728355407715,0.0,0.7283003330230713,0.0758524090051651,0.0001446101814508438,5.616991585939181e-14,10.0
3714,21.0568904876709,21.0568904876709,0.03550346940755844,0.0,0.7483782172203064,0.05833382532000542,0.00015038954734336585,6.39638759710251e-14,10.0
3715,21.350313186645508,21.350313186645508,0.025620855391025543,0.0,0.7809005975723267,0.04744180291891098,0.0001232936338055879,7.731081806639992e-14,10.0
3716,20.966176986694336,20.966176986694336,0.03838510066270828,0.0,0.7429037094116211,0.05730029195547104,0.00014491890033241361,5.882319235655728e-14,10.0
3717,21.02051544189453,21.02051544189453,0.043604008853435516,0.0,0.7309015989303589,0.06624532490968704,0.00017425046826247126,4.978502216057036e-14,10.0
3718,21.161090850830078,21.161090850830078,0.03894234821200371,0.0,0.7534123063087463,0.05403118580579758,0.00014436662604566664,4.777376275610576e-14,10.0
3719,21.445375442504883,21.445375442504883,0.05669765546917915,0.0,0.7431243658065796,0.05793020501732826,0.000156908601638861,4.974930108711875e-14,10.0
3720,21.353281021118164,21.353281021118164,0.04011886194348335,0.0,0.7564586400985718,0.05749841779470444,0.00013824939378537238,3.422768999109503e-14,10.0
3721,21.055850982666016,21.055850982666016,0.0435313954949379,0.0,0.7304958701133728,0.06814106553792953,0.0001641949638724327,4.6662835000068487e-14,10.0
3722,21.416339874267578,21.416339874267578,0.057752326130867004,0.0,0.7416759729385376,0.05716289207339287,0.0001561541430419311,7.27861374687569e-14,10.0
3723,21.072710037231445,21.072710037231445,0.039646778255701065,0.0,0.761518120765686,0.04168092459440231,0.00015663546219002455,5.609876170369066e-14,10.0
3724,20.881553649902344,20.881553649902344,0.02850351668894291,7.875182100945503e-15,0.7470523118972778,0.05964840203523636,0.00014482258120551705,5.777302057976066e-14,10.0
3725,21.41550636291504,21.41550636291504,0.05321912840008736,2.257823580333572e-14,0.7239822149276733,0.07935401052236557,0.00016211932234000415,6.53820869515355e-14,10.0
3726,21.125102996826172,21.125102996826172,0.03881866857409477,9.418229813661777e-14,0.7350895404815674,0.07102254033088684,0.0001833665301091969,6.345758743779226e-14,10.0
3727,20.88599395751953,20.88599395751953,0.03373824805021286,1.685374409476914e-11,0.7338777780532837,0.06776460260152817,0.00014779293269384652,4.029655230916411e-14,10.0
3728,21.487403869628906,21.487403869628906,0.05119186267256737,2.263161436033556e-09,0.7194103002548218,0.08883015066385269,0.0001593976776348427,3.357434298569169e-14,10.0
3729,20.989500045776367,20.989500045776367,0.028576718643307686,3.023434835824901e-09,0.7653800845146179,0.04556843265891075,0.00013666925951838493,5.001293500975397e-14,10.0
3730,21.0178165435791,21.01781463623047,0.04430798813700676,1.1455244219860106e-07,0.7354797720909119,0.06086193397641182,0.0001571918692206964,4.413584772720684e-14,10.0
3731,21.132549285888672,21.132549285888672,0.0372425839304924,8.008090190969597e-08,0.7366083264350891,0.07139213383197784,0.00014731720148120075,3.939064379581206e-14,10.0
3732,21.22136878967285,21.22136688232422,0.03758147731423378,1.369669178075128e-07,0.731998860836029,0.07921005040407181,0.00016077699547167867,3.186423428716209e-14,10.0
3733,21.07906723022461,21.079065322875977,0.03467053547501564,2.2137888322504296e-07,0.7270450592041016,0.08138971775770187,0.0001432656281394884,5.902742894079924e-14,10.0
3734,20.93634796142578,20.93634605407715,0.035270340740680695,1.755225156330198e-07,0.7310495972633362,0.07107508182525635,0.0001471821597078815,4.260537777613094e-14,10.0
3735,21.033512115478516,21.033510208129883,0.03447483852505684,1.3863886749732046e-07,0.7415091395378113,0.06529877334833145,0.00014407305570784956,4.690738357633617e-14,10.0
3736,21.601001739501953,21.60099983215332,0.051953453570604324,1.0499491054360988e-07,0.731835663318634,0.08016577363014221,0.00021284424292389303,4.283813226564105e-14,10.0
3737,21.117387771606445,21.117238998413086,0.03499751538038254,1.4964508409320842e-05,0.7661917805671692,0.04344085976481438,0.0001485098182456568,5.213086635546399e-14,10.0
3738,21.072399139404297,21.066143035888672,0.036909639835357666,0.0006256825872696936,0.73755943775177,0.06812254339456558,0.0001352098915958777,5.3339307932520966e-14,10.0
3739,21.44905662536621,21.43733787536621,0.04776671528816223,0.0011718496680259705,0.7413265705108643,0.06833402067422867,0.00016534242604393512,4.860604038941889e-14,10.0
3740,21.213451385498047,21.15485191345215,0.04114328324794769,0.005860013887286186,0.7334518432617188,0.07153184711933136,0.00016775575932115316,4.425342267654932e-14,10.0
3741,21.345687866210938,21.316186904907227,0.03689982742071152,0.002950020134449005,0.7650985717773438,0.05059592053294182,0.00013302448496688157,5.967645946630337e-14,10.0
3742,21.30141830444336,21.205339431762695,0.03917964547872543,0.009607921354472637,0.752161979675293,0.05682045966386795,0.0001287186605622992,5.793556281420698e-14,10.0
3743,21.23387908935547,21.15904998779297,0.031408511102199554,0.007482839282602072,0.7617916464805603,0.05310845375061035,0.00013346299238037318,5.851393046311937e-14,10.0
3744,21.537534713745117,21.310626983642578,0.054003097116947174,0.02269071340560913,0.7418293356895447,0.05652943626046181,0.00015812419587746263,5.4705250203922196e-14,10.0
3745,21.616737365722656,21.529253005981445,0.06360156089067459,0.008748522959649563,0.7262502312660217,0.07125508040189743,0.000158164300955832,3.288192065636561e-14,10.0
3746,21.474483489990234,21.399415969848633,0.04997861757874489,0.007506730500608683,0.7470775842666626,0.058856021612882614,0.00016105470422189683,5.6384980912831464e-14,10.0
3747,23.040225982666016,21.722124099731445,0.06565341353416443,0.1318102478981018,0.7511189579963684,0.05204649642109871,0.00016527330444660038,4.749992716865381e-14,10.0
3748,21.431962966918945,21.219675064086914,0.04577898979187012,0.021228788420557976,0.7260799407958984,0.07686132937669754,0.00016685113951098174,4.7875437202962376e-14,10.0
3749,22.255043029785156,21.661680221557617,0.06825019419193268,0.059336189180612564,0.7388311624526978,0.059330422431230545,0.0001384848146699369,4.984835650810246e-14,10.0
3750,22.45856285095215,22.259939193725586,0.06948873400688171,0.019862286746501923,0.7360040545463562,0.08484728634357452,0.000143868601298891,6.243946061145617e-14,10.0
3751,22.896427154541016,22.573719024658203,0.10182610154151917,0.032270822674036026,0.7384710311889648,0.06259636580944061,0.00013818321167491376,5.1332697044870895e-14,10.0
3752,23.7779598236084,22.86543846130371,0.10433710366487503,0.09125222265720367,0.7405624985694885,0.06966553628444672,0.0001310070074396208,6.12116423086978e-14,10.0
3753,22.518037796020508,22.382509231567383,0.08727952092885971,0.013552824966609478,0.7317549586296082,0.07620755583047867,0.00014577581896446645,5.79073261238773e-14,10.0
3754,22.582162857055664,22.127187728881836,0.0593382827937603,0.04549746587872505,0.794032096862793,0.03166685998439789,0.00012557166337501258,6.781486722000352e-14,10.0
3755,21.895187377929688,21.63131332397461,0.06311333924531937,0.026387443765997887,0.7380225658416748,0.06405902653932571,0.00014408997958526015,4.219404841254888e-14,10.0
3756,22.502614974975586,21.63966941833496,0.0633845254778862,0.08629456162452698,0.7512770295143127,0.05086666718125343,0.00014619862486142665,5.611950723463481e-14,10.0
3757,22.17230224609375,21.35169219970703,0.04857627674937248,0.0820610299706459,0.757288932800293,0.048143867403268814,0.00014644522161688656,4.8902125838329313e-14,10.0
3758,22.367780685424805,22.130220413208008,0.08128760010004044,0.0237560011446476,0.7513972520828247,0.05245067551732063,0.00018309643201064318,4.976891498204537e-14,10.0
3759,22.26410484313965,21.864538192749023,0.05969925969839096,0.03995672985911369,0.7740329504013062,0.04078293219208717,0.00016603335097897798,4.983300827109821e-14,10.0
3760,21.771697998046875,21.642547607421875,0.06605801731348038,0.012915064580738544,0.7471679449081421,0.05241870507597923,0.00014300068141892552,5.214805773616146e-14,10.0
3761,22.861967086791992,22.03286361694336,0.07334703952074051,0.08291035145521164,0.7422589063644409,0.0656430721282959,0.00016384990885853767,5.595848288322998e-14,10.0
3762,21.552677154541016,21.297454833984375,0.05008206516504288,0.025522135198116302,0.7559518814086914,0.045807886868715286,0.00014087918680161238,6.24542260897927e-14,10.0
3763,21.283544540405273,21.14879608154297,0.04206165298819542,0.013474861159920692,0.7537307143211365,0.05010737106204033,0.00013038695033174008,5.6034095820365476e-14,10.0
3764,21.887405395507812,21.432214736938477,0.048037804663181305,0.045519132167100906,0.7516832947731018,0.057512275874614716,0.0001381343899993226,8.193258896858902e-14,10.0
3765,21.79393768310547,21.46151351928711,0.04892805218696594,0.03324241191148758,0.7525434494018555,0.056922152638435364,0.00016713235527276993,8.214276833598891e-14,10.0
3766,22.702547073364258,21.671316146850586,0.06441009789705276,0.10312309861183167,0.7399080991744995,0.062477659434080124,0.00014202446618583053,5.733021208372685e-14,10.0
3767,21.804725646972656,21.745534896850586,0.06886247545480728,0.005919163580983877,0.7304269075393677,0.07046817988157272,0.00015961540339048952,5.3931580474295485e-14,10.0
3768,21.901565551757812,21.801393508911133,0.06257496774196625,0.010017154738307,0.7343752980232239,0.07503850013017654,0.000167182253790088,6.754803828909126e-14,10.0
3769,22.120803833007812,21.90327262878418,0.07966934889554977,0.02175311930477619,0.7323191165924072,0.0640849769115448,0.00014365876268129796,9.223528109900472e-14,10.0
3770,22.418853759765625,22.351842880249023,0.08015192300081253,0.006701082456856966,0.7659056782722473,0.04795115813612938,0.00016245577717199922,5.3241509508430984e-14,10.0
3771,22.768455505371094,22.682409286499023,0.09513112157583237,0.008604693226516247,0.7487812042236328,0.06332907825708389,0.00013741632574237883,7.876911742223797e-14,10.0
3772,23.907922744750977,23.87586212158203,0.1307857483625412,0.003206001129001379,0.7342586517333984,0.08993012458086014,0.00015000338316895068,5.159615817278487e-14,10.0
3773,23.296628952026367,23.241268157958984,0.1257369965314865,0.0055361175909638405,0.7280839681625366,0.07577063143253326,0.00014782398648094386,7.167531813293687e-14,10.0
3774,22.996511459350586,22.98164176940918,0.12118169665336609,0.0014868761645630002,0.7299745678901672,0.06805618852376938,0.0001329203078057617,5.893021666350876e-14,10.0
3775,23.26385498046875,23.257902145385742,0.12322208285331726,0.000595260236877948,0.7440829873085022,0.06295236200094223,0.00014664935588371009,6.378430498620719e-14,10.0
3776,22.65886878967285,22.65873146057129,0.09888432174921036,1.3792202480544802e-05,0.7335142493247986,0.07389458268880844,0.00014013198961038142,7.631211201147847e-14,10.0
3777,22.174604415893555,22.174602508544922,0.0781644657254219,1.0241097214702677e-07,0.7620232701301575,0.04673578962683678,0.00015167029050644487,3.794557509461012e-14,10.0
3778,22.02198600769043,22.021984100341797,0.08307870477437973,1.554776645207312e-07,0.733654797077179,0.06408526748418808,0.00015156320296227932,7.256550910291967e-14,10.0
3779,21.90808868408203,21.9080867767334,0.07732438296079636,1.565163216810106e-07,0.7426707744598389,0.056267235428094864,0.00015282430103980005,5.866355036292237e-14,10.0
3780,22.085594177246094,22.08559226989746,0.06695100665092468,2.1029755714607745e-07,0.7317619323730469,0.08465306460857391,0.00014415103942155838,4.612260416257327e-14,10.0
3781,21.694337844848633,21.6943359375,0.06580132246017456,1.1433773039470907e-07,0.7378805875778198,0.06402797996997833,0.00015890745271462947,8.107829186677906e-14,10.0
3782,22.094938278198242,22.094938278198242,0.07252591848373413,7.870819018762631e-08,0.7455464601516724,0.06566382199525833,0.0001532436435809359,5.70443757334782e-14,10.0
3783,21.414485931396484,21.414485931396484,0.05366767570376396,6.992588907905883e-08,0.7351468205451965,0.06771070510149002,0.00013563912943936884,6.71225499227629e-14,10.0
3784,21.69363784790039,21.69363784790039,0.06582331657409668,5.2929656213507315e-09,0.7295476794242859,0.07230205833911896,0.00018113253463525325,5.890784821743766e-14,10.0
3785,21.902271270751953,21.902271270751953,0.04906507954001427,1.5105445783092364e-09,0.7645877599716187,0.06237954646348953,0.0001461279607610777,4.751003735391224e-14,10.0
3786,21.321468353271484,21.321468353271484,0.04590724781155586,4.0518543381606875e-11,0.7493579983711243,0.05754327401518822,0.0001254825183423236,7.574232311225587e-14,10.0
3787,21.364227294921875,21.364227294921875,0.04601767286658287,6.904602584123509e-11,0.7651967406272888,0.043294962495565414,0.00014919463137630373,5.972370357596943e-14,10.0
3788,21.40990447998047,21.40990447998047,0.04448350518941879,9.488303892579708e-11,0.7495691776275635,0.06228690221905708,0.00014159151760395616,8.912975338250945e-14,10.0
3789,21.61867904663086,21.61867904663086,0.05495970696210861,1.0983085968474526e-10,0.7607372403144836,0.0489799827337265,0.00017575302626937628,5.816056187005203e-14,10.0
3790,21.09091567993164,21.09091567993164,0.039541296660900116,1.7593096424128873e-10,0.7417910695075989,0.06224532797932625,0.00014732473937328905,4.512898708159893e-14,10.0
3791,21.28409194946289,21.28409194946289,0.05375624820590019,1.751530726012973e-10,0.7322483062744141,0.06530096381902695,0.000145248239277862,7.16545150037523e-14,10.0
3792,21.756267547607422,21.756267547607422,0.05736321210861206,6.637761174044243e-11,0.7437142133712769,0.06911458820104599,0.0001466095563955605,6.579225418591392e-14,10.0
3793,21.159832000732422,21.159832000732422,0.04124706983566284,3.5012236165865573e-11,0.755077600479126,0.050016168504953384,0.00013094906171318144,6.834822014996703e-14,10.0
3794,21.23832130432129,21.23832130432129,0.04817403107881546,3.005939247513467e-11,0.746017575263977,0.05527835711836815,0.00015711561718489975,5.1503384348138004e-14,10.0
3795,21.554418563842773,21.554418563842773,0.048682332038879395,3.2175290209934815e-10,0.7516643404960632,0.061764851212501526,0.00016305239114444703,5.4733314099530625e-14,10.0
3796,21.51598358154297,21.51598358154297,0.04393554478883743,3.7397931973437437e-10,0.7597960829734802,0.056851450353860855,0.00014070874021854252,5.2908307075771877e-14,10.0
3797,21.465190887451172,21.465190887451172,0.04163262993097305,9.843563741895878e-10,0.7610413432121277,0.055876296013593674,0.00014339687186293304,5.850840780830327e-14,10.0
3798,21.06869888305664,21.06869888305664,0.04308225214481354,1.1712700809241028e-09,0.7363952994346619,0.06321407109498978,0.00014071636542212218,6.245465299439812e-14,10.0
3799,21.3103084564209,21.3103084564209,0.0416703075170517,1.2250552794412783e-09,0.7685734033584595,0.04210973158478737,0.00014719269529450685,4.7609746684331225e-14,10.0
3800,21.24171257019043,21.24171257019043,0.03209155052900314,1.6963513260748186e-08,0.7811297178268433,0.03639599308371544,0.0001282235753023997,4.550727877210628e-14,10.0
3801,21.4617977142334,21.4617977142334,0.05133041366934776,4.6255106411763336e-08,0.7408043742179871,0.06627205014228821,0.00016277446411550045,6.555358063016839e-14,10.0
3802,21.493587493896484,21.493587493896484,0.05639241263270378,2.6587624546436928e-08,0.7144277691841125,0.08886199444532394,0.00015307814464904368,4.929586402166279e-14,10.0
3803,21.478416442871094,21.478416442871094,0.05005572736263275,3.697469352914595e-08,0.7318683862686157,0.0771469995379448,0.00016409532690886408,4.9415028004814315e-14,10.0
3804,21.11800193786621,21.11800193786621,0.034362997859716415,8.341738322314995e-08,0.7685428261756897,0.04175203666090965,0.0001554041518829763,4.9056394254946845e-14,10.0
3805,21.058576583862305,21.058576583862305,0.04514874890446663,9.005233181369476e-08,0.7279359698295593,0.06919276714324951,0.0001639511901885271,5.079350297570312e-14,10.0
3806,21.19357681274414,21.19357681274414,0.042577680200338364,6.210721892330184e-08,0.7378402948379517,0.0672706812620163,0.00013619255332741886,7.786456077346973e-14,10.0
3807,21.232498168945312,21.232498168945312,0.04019838571548462,6.042321842869569e-08,0.7472306489944458,0.0618140809237957,0.0001418611063854769,5.08026712603242e-14,10.0
3808,20.914485931396484,20.914485931396484,0.03287440165877342,5.727687479861743e-08,0.7472221255302429,0.05641605705022812,0.00016705835878383368,5.232747286691708e-14,10.0
3809,21.173473358154297,21.173473358154297,0.0423927865922451,5.4600718613073695e-08,0.7115231156349182,0.09295964241027832,0.0001582982949912548,3.888376911577972e-14,10.0
3810,20.7939395904541,20.7939395904541,0.03466951102018356,3.744476728684276e-08,0.7331739068031311,0.06385546177625656,0.00014694685523863882,6.560550036170329e-14,10.0
3811,20.854211807250977,20.854204177856445,0.03481835126876831,7.716909067312372e-07,0.7317171096801758,0.06757461279630661,0.00014543307770509273,6.33398837394418e-14,10.0
3812,21.14303207397461,21.1427059173584,0.03242453932762146,3.261886377003975e-05,0.7628230452537537,0.050397176295518875,0.00015865634486544877,2.667984716074774e-14,10.0
3813,21.075414657592773,21.072509765625,0.04228707030415535,0.000290433265035972,0.720701277256012,0.07984955608844757,0.00015630105917807668,5.040511126433271e-14,10.0
3814,21.215049743652344,21.212461471557617,0.04190525412559509,0.00025873773847706616,0.7235652208328247,0.08295118063688278,0.00019180815434083343,4.878800000714806e-14,10.0
3815,20.929237365722656,20.913829803466797,0.038171328604221344,0.0015408435137942433,0.7245844602584839,0.07373037189245224,0.00016762349696364254,5.322491443892838e-14,10.0
3816,21.108625411987305,21.08751106262207,0.04150451347231865,0.0021114060655236244,0.7374112606048584,0.06452354043722153,0.00015286094276234508,4.849607518407455e-14,10.0
3817,21.01020622253418,20.990280151367188,0.03620728477835655,0.001992634031921625,0.7426189184188843,0.06072600185871124,0.00014753265713807195,7.713771841329903e-14,10.0
3818,21.13279151916504,21.120737075805664,0.04220837354660034,0.001205442356877029,0.7321565747261047,0.07040365785360336,0.00015200885536614805,7.841387858042309e-14,10.0
3819,21.63201141357422,21.610713958740234,0.059898655861616135,0.002129795728251338,0.7416428327560425,0.06283055245876312,0.00014119967818260193,5.461767038530789e-14,10.0
3820,21.38958740234375,21.354019165039062,0.043634817004203796,0.0035568641033023596,0.7428833842277527,0.06758199632167816,0.00015137104492168874,6.62649663331176e-14,10.0
3821,21.584842681884766,21.558435440063477,0.04797232151031494,0.0026407400146126747,0.7455852031707764,0.0687200203537941,0.000149739149492234,6.493852629024452e-14,10.0
3822,21.81028175354004,21.720685958862305,0.06397877633571625,0.008959630504250526,0.7362747192382812,0.06850627064704895,0.0001692585792625323,6.211820473148513e-14,10.0
3823,21.589927673339844,21.511085510253906,0.046550266444683075,0.007884198799729347,0.740071713924408,0.07375933974981308,0.00015521007298957556,6.177957451170002e-14,10.0
3824,21.852603912353516,21.815828323364258,0.05756844952702522,0.003677586792036891,0.7493337392807007,0.0656711682677269,0.00014951619959902018,7.472652054432705e-14,10.0
3825,21.37654685974121,21.34386444091797,0.04950765147805214,0.003268286818638444,0.740181028842926,0.06400739401578903,0.00014619609282817692,6.926342908507993e-14,10.0
3826,21.435791015625,21.41060447692871,0.05453468859195709,0.002518687630072236,0.7394329905509949,0.06239449977874756,0.00015503366012126207,4.2529432802080117e-14,10.0
3827,21.507736206054688,21.25547218322754,0.047179706394672394,0.025226477533578873,0.7389677166938782,0.06400764733552933,0.00015953765250742435,6.863812903462607e-14,10.0
3828,21.525054931640625,20.9893741607666,0.039172738790512085,0.05356806889176369,0.7415421009063721,0.058797042816877365,0.00015762004477437586,5.650545949111713e-14,10.0
3829,21.917890548706055,21.716846466064453,0.056655507534742355,0.02010444551706314,0.7238271236419678,0.08812472969293594,0.0001660521957091987,3.715143427271417e-14,10.0
3830,22.26411247253418,22.09766387939453,0.07778190076351166,0.016644781455397606,0.7442283630371094,0.061837077140808105,0.00014791621651966125,4.960430259907597e-14,10.0
3831,23.30086898803711,23.106321334838867,0.1245206966996193,0.01945476420223713,0.7340288162231445,0.06564118713140488,0.00015540396270807832,4.5581800730805713e-14,10.0
3832,24.30758285522461,24.249422073364258,0.15638715028762817,0.005816084798425436,0.76603102684021,0.0475052110850811,0.000133618843392469,4.4261147617028276e-14,10.0
3833,24.628055572509766,24.51933479309082,0.17238681018352509,0.010872146114706993,0.7312028408050537,0.07711438834667206,0.0001733678363962099,4.905484926685105e-14,10.0
3834,25.765539169311523,25.672697067260742,0.2172289490699768,0.009284181520342827,0.7585119605064392,0.05111249163746834,0.00013609854795504361,5.4162769646919073e-14,10.0
3835,26.384899139404297,26.183691024780273,0.24078704416751862,0.02012089267373085,0.7525039315223694,0.05399911478161812,0.0001438250910723582,7.007738031354627e-14,10.0
3836,24.629037857055664,24.22962188720703,0.17293529212474823,0.03994159772992134,0.7350561618804932,0.06113087385892868,0.00015643007645849138,6.124836288102717e-14,10.0
3837,23.68660545349121,23.605194091796875,0.14466148614883423,0.00814109668135643,0.7288770079612732,0.07061243057250977,0.00014205653860699385,5.031564425631192e-14,10.0
3838,23.431489944458008,23.29009246826172,0.1229310855269432,0.014139706268906593,0.7405217289924622,0.06809203326702118,0.00014728555106557906,3.294941901786641e-14,10.0
3839,23.01522445678711,22.82410430908203,0.11105179786682129,0.0191119946539402,0.7358812689781189,0.06597390025854111,0.00014302061754278839,5.3677053849909145e-14,10.0
3840,22.758953094482422,22.594701766967773,0.10109254717826843,0.01642504520714283,0.74430912733078,0.05833425000309944,0.00013021656195633113,5.839026365282024e-14,10.0
3841,22.91644859313965,22.557525634765625,0.10341199487447739,0.03589223325252533,0.7285088300704956,0.07031537592411041,0.00016186681750696152,4.411609153074508e-14,10.0
3842,22.551881790161133,22.30582618713379,0.08668824285268784,0.024605536833405495,0.7315847873687744,0.07389571517705917,0.00016079375927802175,5.38004970435102e-14,10.0
3843,21.783010482788086,21.772891998291016,0.06990823894739151,0.0010118299396708608,0.7486245036125183,0.05233019217848778,0.00013208288874011487,7.288611446158721e-14,10.0
3844,22.468555450439453,22.214126586914062,0.08037769794464111,0.02544286474585533,0.7592042088508606,0.04891984909772873,0.00015839726256672293,7.364712951898195e-14,10.0
3845,22.65346908569336,22.4445858001709,0.08665160834789276,0.02088831178843975,0.7674156427383423,0.04366417974233627,0.0001301258016610518,6.118968043844139e-14,10.0
3846,22.71411895751953,22.52066421508789,0.09137618541717529,0.0193454809486866,0.7608182430267334,0.048571277409791946,0.00015212161815725267,4.2397200794618353e-14,10.0
3847,22.519147872924805,22.355283737182617,0.07639127224683762,0.016386408358812332,0.7591127753257751,0.05863910913467407,0.00017038750229403377,4.137197583218427e-14,10.0
3848,23.620046615600586,23.513761520385742,0.1263895332813263,0.01062849722802639,0.7630943059921265,0.051004763692617416,0.0001545125269331038,6.177712150428477e-14,10.0
3849,23.31576919555664,23.093303680419922,0.1172417625784874,0.022246623411774635,0.7505812048912048,0.05584629625082016,0.0001571955654071644,7.291156610758631e-14,10.0
3850,23.878768920898438,23.506500244140625,0.12768571078777313,0.03722685948014259,0.7569705843925476,0.05553936958312988,0.00016076010069809854,6.090887885203122e-14,10.0
3851,22.88257598876953,22.715381622314453,0.09751460701227188,0.016719486564397812,0.7572351098060608,0.05380631238222122,0.0001479217899031937,6.562052333805579e-14,10.0
3852,22.04097557067871,21.946977615356445,0.0776272863149643,0.009399795904755592,0.7388195395469666,0.06136878579854965,0.0001589270686963573,5.404857605310204e-14,10.0
3853,22.081640243530273,22.009510040283203,0.06996490061283112,0.007212931755930185,0.7554296255111694,0.05492052808403969,0.00016355124535039067,6.185117251266553e-14,10.0
3854,22.38275146484375,22.290353775024414,0.09494692087173462,0.009239794686436653,0.7377675771713257,0.05884033814072609,0.00014842629025224596,6.91094384952691e-14,10.0
3855,22.950414657592773,22.773265838623047,0.11048046499490738,0.017714859917759895,0.7400996088981628,0.06028968468308449,0.00015215818712022156,6.361500004071e-14,10.0
3856,23.271120071411133,23.127050399780273,0.11911522597074509,0.014406880363821983,0.7526723742485046,0.053229037672281265,0.00016340467846021056,4.667167463590603e-14,10.0
3857,23.995487213134766,23.57815170288086,0.12819065153598785,0.04173356667160988,0.7653462886810303,0.049537379294633865,0.00012936623534187675,6.961748208076865e-14,10.0
3858,23.90424919128418,23.404420852661133,0.1290116161108017,0.04998277872800827,0.7629015445709229,0.044200506061315536,0.00015785505820531398,7.246921162121223e-14,10.0
3859,23.44534683227539,23.2735538482666,0.11892016232013702,0.017179256305098534,0.7487877011299133,0.06317202746868134,0.00015591531700920314,6.65047579723535e-14,10.0
3860,22.18869400024414,22.176494598388672,0.08711188286542892,0.0012198487529531121,0.7300450801849365,0.06984072178602219,0.00015521894965786487,7.85472693289567e-14,10.0
3861,22.189146041870117,22.155595779418945,0.08030923455953598,0.0033550087828189135,0.7405717372894287,0.06528349220752716,0.00014838144124951214,6.910284519080767e-14,10.0
3862,21.929636001586914,21.895048141479492,0.06318967044353485,0.0034588491544127464,0.7346698641777039,0.07787087559700012,0.00017878471408039331,6.880583478191885e-14,10.0
3863,21.377893447875977,21.300418853759766,0.04628344625234604,0.007747402880340815,0.7564506530761719,0.04921822249889374,0.00016113577294163406,6.473689179121653e-14,10.0
3864,21.831371307373047,21.786123275756836,0.06488225609064102,0.004524796269834042,0.7490273118019104,0.05747849866747856,0.00014215157716535032,5.679203445409578e-14,10.0
3865,22.179447174072266,22.147001266479492,0.07994946837425232,0.003244651947170496,0.7272111177444458,0.07866308838129044,0.00014084910799283534,7.243804758501685e-14,10.0
3866,22.90651512145996,22.885560989379883,0.10134672373533249,0.002095397561788559,0.7317113876342773,0.08230391144752502,0.00015096076822374016,5.143226746188653e-14,10.0
3867,23.415266036987305,23.39435577392578,0.12728002667427063,0.0020909614395350218,0.7251045107841492,0.08333403617143631,0.00013898899487685412,4.2742495469632463e-14,10.0
3868,23.397493362426758,23.381322860717773,0.11326305568218231,0.0016170796006917953,0.7527974247932434,0.06912945955991745,0.00015744335541967303,5.964320834092596e-14,10.0
3869,23.077198028564453,22.931936264038086,0.11114490777254105,0.014526097103953362,0.7461977601051331,0.0598793663084507,0.00013867593952454627,7.761967338402315e-14,10.0
3870,22.545635223388672,22.209915161132812,0.07797981053590775,0.03357194364070892,0.771368145942688,0.03898623213171959,0.00015605597582180053,3.424444430279172e-14,10.0
3871,22.692279815673828,22.337772369384766,0.0851258933544159,0.03545082360506058,0.730618417263031,0.07770179212093353,0.00016202873666770756,4.297662892878071e-14,10.0
3872,22.104751586914062,22.03349494934082,0.07045558840036392,0.00712563144043088,0.7506431937217712,0.060180436819791794,0.00015167648962233216,5.723491071276537e-14,10.0
3873,22.13018035888672,22.00033950805664,0.07470934838056564,0.012984027154743671,0.7500103712081909,0.055226366966962814,0.00016880100884009153,6.801328299383194e-14,10.0
3874,22.448225021362305,22.2972469329834,0.0846090316772461,0.015097735449671745,0.7348072528839111,0.07241110503673553,0.0001561840035719797,6.936503238116898e-14,10.0
3875,22.031333923339844,21.96799659729004,0.08019696921110153,0.006333780474960804,0.738002598285675,0.06046055257320404,0.00014919837121851742,6.834269071888735e-14,10.0
3876,22.842851638793945,22.758636474609375,0.10149603337049484,0.008421575650572777,0.7521295547485352,0.05666461959481239,0.00013827701332047582,7.418349788623768e-14,10.0
3877,22.805171966552734,22.713558197021484,0.10368289798498154,0.009161368012428284,0.7399809956550598,0.06481751799583435,0.00015214085578918457,6.734853831309034e-14,10.0
3878,23.19439125061035,23.086936950683594,0.11847875267267227,0.010745437815785408,0.7257525324821472,0.0791836753487587,0.0001561286044307053,5.75798631864688e-14,10.0
3879,22.633987426757812,22.433183670043945,0.09547223895788193,0.020080426707863808,0.7350527048110962,0.0667395070195198,0.00015712624008301646,6.53821479379077e-14,10.0
3880,22.37376594543457,22.054615020751953,0.08487334847450256,0.03191513940691948,0.7334807515144348,0.06376808136701584,0.0001559552038088441,6.131740623062376e-14,10.0
3881,22.207788467407227,22.14747428894043,0.07196566462516785,0.006031344179064035,0.7477229833602905,0.06614846736192703,0.00015471699589397758,3.846930234216103e-14,10.0
3882,22.070951461791992,21.982433319091797,0.07850276678800583,0.008851828053593636,0.7319187521934509,0.0688077062368393,0.0001705185422906652,5.4405217581477566e-14,10.0
3883,22.662755966186523,22.522232055664062,0.09740428626537323,0.014052477665245533,0.7473111748695374,0.056107956916093826,0.00016471017443109304,6.47247148455668e-14,10.0
3884,22.432022094726562,22.257442474365234,0.08653443306684494,0.0174579881131649,0.7544389963150024,0.04926507547497749,0.00014806289982516319,7.254011844329278e-14,10.0
3885,23.08091163635254,22.969545364379883,0.10737700015306473,0.011136636137962341,0.7581957578659058,0.05315467342734337,0.00013599031080957502,6.933532524164288e-14,10.0
3886,22.72174644470215,22.56092071533203,0.0880623534321785,0.016082558780908585,0.7366588115692139,0.07765468955039978,0.00015242853260133415,5.694764457090176e-14,10.0
3887,22.398984909057617,22.301769256591797,0.06667448580265045,0.00972162839025259,0.7753783464431763,0.04996432736515999,0.00013400350871961564,6.161412526017873e-14,10.0
3888,22.19773292541504,22.176332473754883,0.07802693545818329,0.002139973919838667,0.7606266140937805,0.048344504088163376,0.00013803684851154685,4.1226892640846766e-14,10.0
3889,22.426513671875,22.266050338745117,0.08101537078619003,0.016046255826950073,0.7646942734718323,0.04487187787890434,0.00015097799769137055,6.791493908052393e-14,10.0
3890,21.847471237182617,21.682828903198242,0.055621493607759476,0.01646418310701847,0.7650126814842224,0.04662574455142021,0.00013304143794812262,8.006034799955958e-14,10.0
3891,21.888721466064453,21.46898078918457,0.05875958129763603,0.04197416082024574,0.7485496997833252,0.05138721689581871,0.00015656184405088425,7.528960094260739e-14,10.0
3892,21.953760147094727,21.887266159057617,0.05333271995186806,0.006649329327046871,0.7698391079902649,0.05226922780275345,0.0001238965633092448,9.56430098422896e-14,10.0
3893,22.009817123413086,21.7080020904541,0.05180961638689041,0.030181515961885452,0.771523654460907,0.04492783173918724,0.00014742604980710894,6.436904232288293e-14,10.0
3894,22.058517456054688,21.826995849609375,0.07509703189134598,0.02315218187868595,0.7438226342201233,0.05409778282046318,0.00015606636588927358,6.682875823907364e-14,10.0
3895,21.88941764831543,21.502422332763672,0.05107509717345238,0.03869955986738205,0.7589108943939209,0.05005551502108574,0.00013842234329786152,5.5167340557967307e-14,10.0
3896,21.882810592651367,21.60465431213379,0.05342639610171318,0.027815669775009155,0.7645156383514404,0.0461905337870121,0.00013411231338977814,6.492337456488403e-14,10.0
3897,21.828182220458984,21.705419540405273,0.060216691344976425,0.012276360765099525,0.7304823398590088,0.07745480537414551,0.00015728383732493967,5.914325561413858e-14,10.0
3898,22.47941017150879,21.793012619018555,0.061303745955228806,0.06863970309495926,0.7443594336509705,0.0660046637058258,0.00013179641973692924,6.374204143027098e-14,10.0
3899,22.039836883544922,21.61918067932129,0.06608863919973373,0.04206562787294388,0.7337331175804138,0.06488961726427078,0.00013953102461528033,5.133227352839727e-14,10.0
3900,21.57167625427246,21.43146324157715,0.0500621497631073,0.014021220616996288,0.7567214369773865,0.05041365697979927,0.00015323628031183034,5.588762688312626e-14,10.0
3901,22.879905700683594,22.719926834106445,0.10623329877853394,0.01599782332777977,0.741054892539978,0.06144549697637558,0.00015852299111429602,5.232881456710553e-14,10.0
3902,23.602855682373047,23.51439094543457,0.1335907280445099,0.008846531622111797,0.7307432293891907,0.07618340849876404,0.00014577736146748066,5.75843355204303e-14,10.0
3903,24.125741958618164,23.905872344970703,0.15257340669631958,0.02198696881532669,0.744798481464386,0.058806758373975754,0.00014058487431611866,5.20733291014229e-14,10.0
3904,25.27372169494629,25.15891456604004,0.19834700226783752,0.011480685323476791,0.7316313982009888,0.0763169527053833,0.00015305385750252753,6.138866541841037e-14,10.0
3905,25.253793716430664,24.713945388793945,0.18766935169696808,0.05398481711745262,0.742056131362915,0.058772820979356766,0.00014868062862660736,7.187775900733065e-14,10.0
3906,25.283164978027344,24.836122512817383,0.19136902689933777,0.04470418393611908,0.740435004234314,0.06156901642680168,0.000179586568265222,7.427710519130465e-14,10.0
3907,24.285768508911133,24.202945709228516,0.14474262297153473,0.008282282389700413,0.7544254064559937,0.06889642775058746,0.00013346430205274373,3.5973726439115367e-14,10.0
3908,22.966676712036133,22.93599510192871,0.11011917889118195,0.0030680845957249403,0.7449197173118591,0.06234323978424072,0.00014419409853871912,6.54430733237378e-14,10.0
3909,22.52754783630371,22.48404884338379,0.0967656821012497,0.004349906928837299,0.7408445477485657,0.061689622700214386,0.00015525474736932665,9.818882496350281e-14,10.0
3910,22.61867332458496,22.531179428100586,0.08267532289028168,0.008749300613999367,0.7728243470191956,0.04569506272673607,0.00013131211744621396,4.955897278387071e-14,10.0
3911,22.137086868286133,22.06316375732422,0.07537505775690079,0.007392342202365398,0.7353602051734924,0.07173258811235428,0.00014687562361359596,5.761884703083323e-14,10.0
3912,22.329849243164062,22.286298751831055,0.08962798118591309,0.004355035722255707,0.7329121828079224,0.0688432827591896,0.00017100246623158455,6.479130518774814e-14,10.0
3913,22.668254852294922,22.625030517578125,0.09433983266353607,0.004322495777159929,0.723818838596344,0.08678136020898819,0.00015304175030905753,8.94543025265794e-14,10.0
3914,22.226118087768555,22.2084903717041,0.08023449033498764,0.0017627967754378915,0.7438709735870361,0.0641704574227333,0.0001592452172189951,9.169911601965633e-14,10.0
3915,22.612749099731445,22.59172248840332,0.10080495476722717,0.002102581551298499,0.7266054153442383,0.07619559019804001,0.00015740696107968688,7.45574798731094e-14,10.0
3916,22.413297653198242,22.389541625976562,0.09399658441543579,0.002375655109062791,0.7428861856460571,0.058640677481889725,0.0001454408629797399,5.93821460103186e-14,10.0
3917,22.70985984802246,22.693376541137695,0.1049976646900177,0.0016483302460983396,0.7193957567214966,0.08327241241931915,0.00017326777742709965,8.664335254034844e-14,10.0
3918,23.0892391204834,23.085668563842773,0.10974312573671341,0.0003570110711734742,0.7419934868812561,0.07162801921367645,0.0001552954054204747,4.2397881809107946e-14,10.0
3919,22.283771514892578,22.281044006347656,0.08363629877567291,0.0002727651153691113,0.7331076860427856,0.07443655282258987,0.00015305576380342245,9.055303300817621e-14,10.0
3920,22.412864685058594,22.412662506103516,0.08843797445297241,2.0288784071453847e-05,0.7454960942268372,0.06250886619091034,0.0001590776810189709,6.667351404050087e-14,10.0
3921,22.35846710205078,22.358463287353516,0.08849158138036728,2.8952990760444663e-07,0.7255674004554749,0.08021984249353409,0.00014938076492398977,5.53547211865589e-14,10.0
3922,21.549842834472656,21.549842834472656,0.061291471123695374,6.366215643538453e-08,0.736932098865509,0.06371326744556427,0.00014201081648934633,8.159166837171453e-14,10.0
3923,21.65248680114746,21.65248680114746,0.05611391365528107,7.264331713940919e-08,0.7386106252670288,0.07132264226675034,0.0001309281651629135,6.383018029063048e-14,10.0
3924,21.605613708496094,21.60561180114746,0.05536697432398796,9.553173185850028e-08,0.7532321214675903,0.05556078627705574,0.00016146728012245148,6.072917911820533e-14,10.0
3925,21.435134887695312,21.435134887695312,0.0497802309691906,7.516068478707894e-08,0.7231244444847107,0.08443904668092728,0.00015427719336003065,6.438216116917e-14,10.0
3926,21.54517936706543,21.545177459716797,0.04237264022231102,1.0994867238878214e-07,0.7441341280937195,0.07524354755878448,0.00014182747690938413,4.916215140060923e-14,10.0
3927,21.728845596313477,21.728845596313477,0.05251958966255188,8.006988139186433e-08,0.7471910715103149,0.0693715363740921,0.00017885824490804225,4.372726952663747e-14,10.0
3928,21.523128509521484,21.523128509521484,0.050867948681116104,3.292897898798941e-11,0.7483072876930237,0.061693910509347916,0.00014022983668837696,5.828463525616584e-14,10.0
3929,21.360986709594727,21.360986709594727,0.04517654702067375,2.7231199933863692e-11,0.7691650390625,0.04004063457250595,0.00014307165110949427,5.72921294824183e-14,10.0
3930,21.253067016601562,21.253067016601562,0.04380069300532341,2.4073947696434672e-11,0.7404298186302185,0.06583168357610703,0.00015134115528780967,6.836765447390883e-14,10.0
3931,21.26377296447754,21.26377296447754,0.04520578682422638,2.643079158315409e-11,0.7586129903793335,0.04666508361697197,0.00016772044182289392,5.843448554893049e-14,10.0
3932,21.2806339263916,21.2806339263916,0.04758581891655922,2.559159308079817e-11,0.7434850335121155,0.06009269133210182,0.00015449030615855008,4.29406910148946e-14,10.0
3933,21.603322982788086,21.603322982788086,0.05257176235318184,2.552852373938208e-11,0.762260377407074,0.04923619329929352,0.0001613200147403404,5.071679567199977e-14,10.0
3934,21.69020652770996,21.69020652770996,0.041455935686826706,2.599779072576247e-11,0.7972872257232666,0.028808094561100006,0.00014267416554503143,2.0619827866647997e-14,10.0
3935,21.374197006225586,21.374197006225586,0.054430462419986725,2.5560475611086098e-11,0.7267805933952332,0.07369285076856613,0.00015987479127943516,4.567945007709698e-14,10.0
3936,21.42371940612793,21.42371940612793,0.054994527250528336,2.5545655868430828e-11,0.720485270023346,0.08139412850141525,0.00018706002447288483,3.652968159624341e-14,10.0
3937,21.24414825439453,21.24414825439453,0.04370832443237305,2.5664250238865982e-11,0.749997079372406,0.055983640253543854,0.00019210430036764592,5.0758249464438396e-14,10.0
3938,21.12689971923828,21.12689971923828,0.04554825648665428,2.6649781340037926e-11,0.7399965524673462,0.05947015807032585,0.00015265656111296266,4.650866483927284e-14,10.0
3939,21.116188049316406,21.116188049316406,0.03984181582927704,2.6385230805781035e-11,0.7249375581741333,0.079802505671978,0.0001640069531276822,5.720480377368817e-14,10.0
3940,20.963489532470703,20.963489532470703,0.03512747213244438,2.5977759873785367e-11,0.7564422488212585,0.0469079352915287,0.00015461606380995363,5.2857535920913454e-14,10.0
3941,21.220998764038086,21.220998764038086,0.03645286709070206,2.6286322077351265e-11,0.7482773065567017,0.06404958665370941,0.00015053809329401702,6.952109650763469e-14,10.0
3942,21.368179321289062,21.368179321289062,0.046886146068573,2.5854547669457162e-11,0.7326111197471619,0.07516812533140182,0.00015453132800757885,6.158638323709026e-14,10.0
3943,21.084049224853516,21.084049224853516,0.03933371230959892,2.66031207479811e-11,0.7543207406997681,0.04964688792824745,0.00015150268154684454,6.698192890099153e-14,10.0
3944,21.493215560913086,21.493215560913086,0.04405853897333145,2.671622471861479e-11,0.7431401014328003,0.07246986031532288,0.00015028474444989115,5.860604699019917e-14,10.0
3945,20.968032836914062,20.968032836914062,0.033864982426166534,2.5872914921620804e-11,0.7388352751731873,0.06595348566770554,0.0001688311022007838,4.0606376632479e-14,10.0
3946,20.99966049194336,20.99966049194336,0.03559650108218193,2.5675971765393157e-11,0.7433757185935974,0.060961171984672546,0.00013282218424137682,7.411574202672092e-14,10.0
3947,21.114465713500977,21.114465713500977,0.03834933787584305,2.5057038041675916e-11,0.7361846566200256,0.06998300552368164,0.00015407799219246954,7.125058870812925e-14,10.0
3948,20.96755027770996,20.96755027770996,0.03093169815838337,2.6143760767372015e-11,0.7420801520347595,0.06563279032707214,0.0001434590230928734,6.65383546871734e-14,10.0
3949,21.16743278503418,21.16743278503418,0.043215591460466385,2.5053740332348085e-11,0.7312476634979248,0.07217643409967422,0.0001441548956790939,5.166997878820398e-14,10.0
3950,20.83650779724121,20.83650779724121,0.032725121825933456,2.254532151246824e-11,0.7471626400947571,0.05352335050702095,0.00012297141074668616,6.570585682529398e-14,10.0
3951,21.070077896118164,21.070077896118164,0.03941912204027176,1.8402810525453006e-11,0.7247263789176941,0.07859604805707932,0.00015389994950965047,4.895308334043613e-14,10.0
3952,21.164691925048828,21.164691925048828,0.03710277006030083,1.8603356702340257e-11,0.7368603348731995,0.07256749272346497,0.0001427497190888971,5.492373727046876e-14,10.0
3953,21.01347541809082,21.01347541809082,0.035073619335889816,1.9146040655670937e-11,0.7564366459846497,0.048978012055158615,0.00012674668687395751,6.607628127378723e-14,10.0
3954,20.898927688598633,20.898927688598633,0.037896472960710526,1.3040538267283797e-11,0.7461985349655151,0.05179622024297714,0.00016479309124406427,5.259392910333255e-14,10.0
3955,21.384483337402344,21.384483337402344,0.042564500123262405,1.128908078129598e-11,0.7376348972320557,0.0751153752207756,0.00016163245891220868,6.556891531464548e-14,10.0
3956,20.956758499145508,20.956758499145508,0.03272546827793121,1.0902423928926819e-11,0.7531117796897888,0.05237121134996414,0.0001546715066069737,5.870126704599771e-14,10.0
3957,20.892658233642578,20.892658233642578,0.03871829807758331,1.1879454017704738e-11,0.7205483913421631,0.07637586444616318,0.00015943766629789025,5.841403478545198e-14,10.0
3958,21.30972671508789,21.30972671508789,0.0321679562330246,1.1454719985037887e-11,0.7821795344352722,0.03798633813858032,0.0001379366294713691,5.681762501349823e-14,10.0
3959,20.950946807861328,20.950946807861328,0.035082943737506866,1.171741956934591e-11,0.7532871961593628,0.049605656415224075,0.00015517121937591583,6.368653027903973e-14,10.0
3960,21.121004104614258,21.121004104614258,0.03141782805323601,1.1561833088147289e-11,0.7620224356651306,0.0513402484357357,0.00014923233538866043,7.44119325077168e-14,10.0
3961,20.828454971313477,20.828454971313477,0.029870448634028435,1.2134218109471906e-11,0.7292935848236084,0.07392194867134094,0.00013051611313130707,5.4040519075707755e-14,10.0
3962,20.805456161499023,20.805456161499023,0.033059261739254,1.2349566681779667e-11,0.7407346367835999,0.05836433544754982,0.00015005470777396113,6.53618191471736e-14,10.0
3963,21.01031494140625,21.01031494140625,0.03348103538155556,1.2190844687898217e-11,0.7323057055473328,0.07456012070178986,0.0001644951553316787,4.9423057877154286e-14,10.0
3964,20.865100860595703,20.865100860595703,0.027099348604679108,1.162321541098299e-11,0.7630082368850708,0.044438231736421585,0.000145425830851309,6.830230418796226e-14,10.0
3965,21.016983032226562,21.016983032226562,0.0308828204870224,1.1487849733982092e-11,0.7363486886024475,0.07339242100715637,0.00013841375766787678,6.435119364461839e-14,10.0
3966,20.933197021484375,20.933197021484375,0.03340364992618561,1.156708843291776e-11,0.7340635657310486,0.06980235874652863,0.0001457301841583103,6.730007447598024e-14,10.0
3967,21.12828826904297,21.12828826904297,0.037495121359825134,1.2503164302513081e-11,0.740002453327179,0.06757195293903351,0.00015503917529713362,6.381047491614555e-14,10.0
3968,20.801240921020508,20.801240921020508,0.03328157588839531,1.1021645401898539e-11,0.7354224920272827,0.0632825493812561,0.00015763611008878797,7.256596988884298e-14,10.0
3969,20.963871002197266,20.963871002197266,0.023232439532876015,1.090281597643239e-11,0.7608352303504944,0.05443654581904411,0.00012636643077712506,3.5951053061183263e-14,10.0
3970,20.75591468811035,20.75591468811035,0.024231955409049988,1.1177147749008576e-11,0.7429964542388916,0.06295649707317352,0.00012940987653564662,7.60898031322739e-14,10.0
3971,20.83778190612793,20.83778190612793,0.03201378881931305,1.0940787338598046e-11,0.7356245517730713,0.06581413000822067,0.00014714534336235374,7.472547699973603e-14,10.0
3972,21.421640396118164,21.421640396118164,0.047288406640291214,1.043877050771469e-11,0.7117261290550232,0.09778590500354767,0.00016295160457957536,5.401564680024458e-14,10.0
3973,20.80674171447754,20.80674171447754,0.0344817116856575,1.0601280270305935e-11,0.741015613079071,0.05671167001128197,0.000151685337186791,5.3050144436855504e-14,10.0
3974,21.062057495117188,21.062057495117188,0.039759185165166855,1.0239393534450247e-11,0.7278428673744202,0.07482132315635681,0.0001473320444347337,5.57158757064774e-14,10.0
3975,21.28453254699707,21.28453254699707,0.03237245976924896,1.0700059761836744e-11,0.7660729289054871,0.05287713184952736,0.00014713303244207054,5.2778545016384307e-14,10.0
3976,21.131439208984375,21.131439208984375,0.042383063584566116,1.0512888302949275e-11,0.7322506308555603,0.0705535039305687,0.00017596282123122364,4.2613549950006047e-14,10.0
3977,21.487228393554688,21.487228393554688,0.03425081446766853,1.2849182828844619e-10,0.7726380825042725,0.05253079906105995,0.00017364016093779355,2.5744145110508966e-14,10.0
3978,21.22618865966797,21.22618865966797,0.036368370056152344,1.4877016951686528e-08,0.7602171301841736,0.0524018295109272,0.00015072488167788833,4.7473188032574887e-14,10.0
3979,21.33686637878418,21.33686637878418,0.047880880534648895,2.871901116918707e-08,0.7329283952713013,0.07261069864034653,0.00013675779337063432,5.6756747061513166e-14,10.0
3980,21.016613006591797,21.016613006591797,0.020645661279559135,4.0262111866695705e-08,0.785737931728363,0.03422641009092331,0.00013638923701364547,5.446817923451287e-14,10.0
3981,20.928606033325195,20.928606033325195,0.03853689134120941,4.055413072023839e-08,0.7388947606086731,0.05964147299528122,0.00017779429617803544,6.904547056709245e-14,10.0
3982,21.29450798034668,21.29450798034668,0.046273645013570786,2.8405361618411007e-08,0.7424079179763794,0.06303688883781433,0.00015470785729121417,7.768013798392995e-14,10.0
3983,21.04397201538086,21.04397201538086,0.036060575395822525,2.7522473189378616e-08,0.7375236749649048,0.06810249388217926,0.00018042662122752517,7.64130444574733e-14,10.0
3984,20.708017349243164,20.708017349243164,0.025721924379467964,2.872626581051918e-08,0.7497377395629883,0.05280325561761856,0.00014463631669059396,5.2804271101058314e-14,10.0
3985,21.409271240234375,21.409271240234375,0.04859635978937149,3.43170754035782e-08,0.7522056698799133,0.055507831275463104,0.0001526690466562286,5.863576090598885e-14,10.0
3986,21.066715240478516,21.066715240478516,0.04021305590867996,2.5536358805311465e-08,0.7374486923217773,0.06495530903339386,0.00012867822078987956,6.650708223076077e-14,10.0
3987,21.141124725341797,21.141124725341797,0.031559865921735764,2.782737773543431e-08,0.7601702213287354,0.05386229231953621,0.00013159784430172294,6.501866238331835e-14,10.0
3988,21.41609001159668,21.41609001159668,0.04548210650682449,2.6180996925972977e-08,0.7611038684844971,0.04999500885605812,0.00015637285832781345,5.204587845766828e-14,10.0
3989,20.871667861938477,20.871667861938477,0.02905932255089283,2.417428390799614e-08,0.7492161989212036,0.0565372072160244,0.0001348951191175729,5.855595684983034e-14,10.0
3990,21.181455612182617,21.18145179748535,0.041297875344753265,2.8737932211697625e-07,0.7174484133720398,0.08845283091068268,0.00014738251047674567,6.086698799059181e-14,10.0
3991,21.300491333007812,21.300451278686523,0.040565039962530136,3.939293492294382e-06,0.7490097880363464,0.06237690523266792,0.00016569416038691998,4.332126969435954e-14,10.0
3992,21.65450668334961,21.654142379760742,0.04268903285264969,3.634566382970661e-05,0.7396905422210693,0.08372878283262253,0.00014333160652313381,6.521008505313425e-14,10.0
3993,20.727691650390625,20.726409912109375,0.025980185717344284,0.0001281607837881893,0.7544443607330322,0.04857354238629341,0.00014579218986909837,5.430432579306421e-14,10.0
3994,21.0015869140625,21.000104904174805,0.02806905284523964,0.00014817521150689572,0.7642704248428345,0.047602925449609756,0.00015456559776794165,5.837795118189895e-14,10.0
3995,20.95050811767578,20.947797775268555,0.03428078070282936,0.0002711204288061708,0.7336746454238892,0.06989405304193497,0.00015623107901774347,6.36022877702376e-14,10.0
3996,20.709144592285156,20.702449798583984,0.03245227783918381,0.0006694411276839674,0.738584578037262,0.05700008571147919,0.00015253252058755606,6.669288737807047e-14,10.0
3997,20.88047218322754,20.87183952331543,0.033346131443977356,0.0008633123361505568,0.7387649416923523,0.06270666420459747,0.00013963384844828397,6.53660746407006e-14,10.0
3998,21.018346786499023,21.00922203063965,0.03290340304374695,0.0009125132928602397,0.7384443879127502,0.06896797567605972,0.00013300306454766542,7.455586712237783e-14,10.0
3999,20.757659912109375,20.747920989990234,0.030599715188145638,0.0009739783708937466,0.747273862361908,0.05198356881737709,0.00014912067854311317,5.5930574841683844e-14,10.0
4000,21.30701446533203,21.301191329956055,0.044250309467315674,0.0005822294624522328,0.7215799689292908,0.08615805208683014,0.00014829485735390335,5.538106052308672e-14,10.0
4001,21.425561904907227,21.39961814880371,0.03645400330424309,0.002594366669654846,0.7612612843513489,0.05821939930319786,0.00012503274774644524,5.733225851532742e-14,10.0
4002,21.16679573059082,21.054481506347656,0.043084532022476196,0.011231448501348495,0.7198938131332397,0.07913906872272491,0.0001544940023450181,4.821972221470336e-14,10.0
4003,21.242692947387695,21.100296020507812,0.04139897972345352,0.014239643700420856,0.727045476436615,0.07550693303346634,0.00015128671657294035,5.24996678888303e-14,10.0
4004,21.33189582824707,21.17708396911621,0.03934558108448982,0.015481110662221909,0.7438651919364929,0.06381253153085709,0.00015002077270764858,4.114968050550685e-14,10.0
4005,21.112760543823242,21.04701042175293,0.04116285219788551,0.006575046572834253,0.7500463128089905,0.05061233416199684,0.00014733221905771643,5.91642891362848e-14,10.0
4006,21.766874313354492,21.233245849609375,0.0391126424074173,0.053362902253866196,0.7476297616958618,0.06253249943256378,0.00013726188626606017,7.61994091956486e-14,10.0
4007,22.75133514404297,21.542320251464844,0.0442681722342968,0.12090154737234116,0.7433046102523804,0.07405832409858704,0.00015429484483320266,4.108716269773591e-14,10.0
4008,21.80810546875,21.254186630249023,0.05105268210172653,0.055391956120729446,0.7322195768356323,0.06682979315519333,0.00016356156265828758,7.81858979686037e-14,10.0
4009,21.98164176940918,21.581045150756836,0.06130975857377052,0.04005967080593109,0.7320684790611267,0.06980658322572708,0.00014255392306949943,6.82122137636923e-14,10.0
4010,23.03306770324707,22.69825553894043,0.09826629608869553,0.033481281250715256,0.7520039677619934,0.05760090425610542,0.00014767203538212925,6.077652487182506e-14,10.0
4011,23.618406295776367,22.852720260620117,0.10909463465213776,0.07656869292259216,0.7378225922584534,0.06713221222162247,0.0001486473047407344,6.851478748497869e-14,10.0
4012,22.7348575592041,22.306489944458008,0.08039015531539917,0.04283681884407997,0.7603918313980103,0.051418401300907135,0.00014806522813159972,5.1124780949506066e-14,10.0
4013,22.699329376220703,22.12071418762207,0.07948558777570724,0.057861488312482834,0.7410642504692078,0.06422562897205353,0.00013303574814926833,9.334646635305796e-14,10.0
4014,22.23605728149414,21.83147430419922,0.06571462750434875,0.04045822471380234,0.7529585361480713,0.05452094227075577,0.00016209240129683167,5.681593094760372e-14,10.0
4015,22.687528610229492,21.980201721191406,0.06934814155101776,0.07073274999856949,0.7409881949424744,0.06881333887577057,0.00014619265857618302,4.608803505392993e-14,10.0
4016,21.947057723999023,21.5429630279541,0.050496648997068405,0.04040954262018204,0.7475396990776062,0.0636320486664772,0.00012530676031019539,5.712765601285225e-14,10.0
4017,21.919342041015625,21.50170135498047,0.05644442141056061,0.04176410660147667,0.7494795918464661,0.05408036708831787,0.00015933543909341097,5.1764483948195036e-14,10.0
4018,21.84198570251465,21.291175842285156,0.048414647579193115,0.05508103594183922,0.7425345778465271,0.060641299933195114,0.0001410833647241816,6.419980514002152e-14,10.0
4019,21.881853103637695,21.579517364501953,0.0498310811817646,0.030233541503548622,0.752422571182251,0.06086580082774162,0.0001531431480543688,7.196117481197625e-14,10.0
4020,22.128305435180664,21.338638305664062,0.03992612287402153,0.07896668463945389,0.7629526853561401,0.050614915788173676,0.00012945871276315302,8.143502826284468e-14,10.0
4021,21.691360473632812,21.417949676513672,0.03342239186167717,0.027341090142726898,0.7964574098587036,0.026784777641296387,0.00013350982044357806,7.121846921876937e-14,10.0
4022,21.79439353942871,21.485565185546875,0.04441218078136444,0.03088277578353882,0.7712897062301636,0.043668173253536224,0.00013144478725735098,7.190218743752946e-14,10.0
4023,21.917444229125977,21.504501342773438,0.05814460664987564,0.04129433631896973,0.7438173890113831,0.05815674737095833,0.0001533929753350094,5.1843505345910285e-14,10.0
4024,22.637283325195312,21.78268051147461,0.044357556849718094,0.08546029031276703,0.7947121858596802,0.03218584135174751,0.0001291561493417248,6.815601143357608e-14,10.0
4025,21.964900970458984,21.576658248901367,0.06296440958976746,0.03882436454296112,0.7426692843437195,0.057371836155653,0.00015203707152977586,7.350278832850624e-14,10.0
4026,21.47585678100586,21.473281860351562,0.0554843507707119,0.00025741467834450305,0.7344950437545776,0.06888871639966965,0.00015791189798619598,6.279377788142443e-14,10.0
4027,21.929323196411133,21.92673110961914,0.0694989338517189,0.0002591637894511223,0.7249322533607483,0.08257360756397247,0.00016124104149639606,6.626062274816408e-14,10.0
4028,21.99867057800293,21.996246337890625,0.07469850778579712,0.0002425171696813777,0.7572588324546814,0.04783319681882858,0.00014837489288765937,6.88282438855714e-14,10.0
4029,22.452951431274414,22.45215606689453,0.0794430822134018,7.956306944834068e-05,0.7778195142745972,0.040771979838609695,0.00012922307359986007,8.666694071386358e-14,10.0
4030,22.557968139648438,22.557641983032227,0.09950298070907593,3.2623076549498364e-05,0.7242915630340576,0.07844934612512589,0.00015468055789824575,7.136278330419077e-14,10.0
4031,23.225732803344727,23.225418090820312,0.12011425942182541,3.151863711536862e-05,0.7295114994049072,0.07933451980352402,0.0001411320990882814,6.426434227433872e-14,10.0
4032,22.887767791748047,22.88735580444336,0.11104197055101395,4.114973489777185e-05,0.7345288991928101,0.06986378878355026,0.00014899467350915074,5.6360610080873064e-14,10.0
4033,23.883668899536133,23.883363723754883,0.12884554266929626,3.0425833756453358e-05,0.742131769657135,0.08430454134941101,0.00013185973512008786,6.838756991256467e-14,10.0
4034,23.951446533203125,23.951215744018555,0.15163640677928925,2.2988640921539627e-05,0.714802622795105,0.09153959900140762,0.00017482310067862272,4.6874478040401235e-14,10.0
4035,22.802087783813477,22.80186653137207,0.10507100075483322,2.2107809854787774e-05,0.7524009943008423,0.05453544482588768,0.00016806216444820166,6.051743443391891e-14,10.0
4036,23.08340835571289,23.083131790161133,0.11809197068214417,2.7663238142849877e-05,0.738222062587738,0.06694880872964859,0.00015611753042321652,7.222182379050535e-14,10.0
4037,22.486988067626953,22.48675537109375,0.09306450188159943,2.3207707272376865e-05,0.7536388635635376,0.052714597433805466,0.00013072042202111334,8.693814711104725e-14,10.0
4038,22.44759750366211,22.447254180908203,0.09127721935510635,3.427396950428374e-05,0.7573133707046509,0.049238767474889755,0.0001519509096397087,6.55840873687967e-14,10.0
4039,21.911216735839844,21.910205841064453,0.07008460909128189,0.00010100903455168009,0.7504661083221436,0.055789269506931305,0.0001707031624391675,6.223708072343459e-14,10.0
4040,21.917152404785156,21.896852493286133,0.06680113822221756,0.0020299877505749464,0.7505863308906555,0.05842592939734459,0.00015182796050794423,6.718485766636292e-14,10.0
4041,21.881038665771484,21.70830535888672,0.053108081221580505,0.017273303121328354,0.7665144205093384,0.04865361377596855,0.0001401890185661614,8.389170163668885e-14,10.0
4042,21.75269889831543,21.381959915161133,0.05017833784222603,0.037073928862810135,0.7553969621658325,0.04964777082204819,0.0001383090711897239,8.049902975107437e-14,10.0
4043,22.05535316467285,21.84321403503418,0.0653211772441864,0.021213937550783157,0.7547411322593689,0.05360129848122597,0.000162318188813515,9.97053256472126e-14,10.0
4044,22.575984954833984,22.469301223754883,0.08627215772867203,0.01066835317760706,0.7079430222511292,0.10448796302080154,0.00017230026423931122,5.860875749563038e-14,10.0
4045,22.964143753051758,22.784284591674805,0.10366392880678177,0.017985902726650238,0.7447801828384399,0.06287040561437607,0.0001421167835360393,6.929619231947973e-14,10.0
4046,23.426122665405273,23.297298431396484,0.11872947961091995,0.01288248598575592,0.7514753937721252,0.06163172051310539,0.00013854326971340925,5.3799714385066935e-14,10.0
4047,23.404674530029297,23.248620986938477,0.13024838268756866,0.015605302527546883,0.7514617443084717,0.04817778989672661,0.00014224463666323572,6.517087759207174e-14,10.0
4048,22.90472984313965,22.79376983642578,0.1087220087647438,0.011096061207354069,0.7284249067306519,0.07454214990139008,0.00015427621838171035,8.065770273901762e-14,10.0
4049,22.901269912719727,22.6904354095459,0.09862075001001358,0.02108335681259632,0.7455723881721497,0.06336328387260437,0.00015268218703567982,5.2150666597639006e-14,10.0
4050,23.039806365966797,22.697187423706055,0.08977161347866058,0.034261975437402725,0.7580214142799377,0.06003842130303383,0.0001401636254740879,9.50995670558584e-14,10.0
4051,22.24761199951172,22.124523162841797,0.07841078191995621,0.012308797799050808,0.7353893518447876,0.0711163654923439,0.00016122306988108903,5.230210253608092e-14,10.0
4052,22.868846893310547,22.739784240722656,0.09510647505521774,0.012906174175441265,0.7658709287643433,0.048556458204984665,0.00014382234076038003,5.3584937322829346e-14,10.0
4053,23.270524978637695,23.01508903503418,0.108719602227211,0.025543546304106712,0.7729753851890564,0.03885187581181526,0.00014180179277900606,3.7017409943536014e-14,10.0
4054,23.233402252197266,23.045804977416992,0.12346698343753815,0.01875974051654339,0.741409957408905,0.056899551302194595,0.00013906133244745433,6.277147042172554e-14,10.0
4055,23.319068908691406,23.001665115356445,0.11260873079299927,0.03174033388495445,0.7534615993499756,0.05393674224615097,0.0001486870169173926,4.955180010887336e-14,10.0
4056,22.624258041381836,22.42293930053711,0.08576486259698868,0.020131800323724747,0.7666947245597839,0.04439981281757355,0.00014545887825079262,4.942501960546013e-14,10.0
4057,22.261220932006836,22.26027488708496,0.08699353039264679,9.460884757572785e-05,0.7399378418922424,0.06342621892690659,0.00013355225382838398,6.24326640190874e-14,10.0
4058,22.003232955932617,21.807384490966797,0.06403565406799316,0.019584784284234047,0.7616094946861267,0.046596575528383255,0.00013406419020611793,7.645393243190315e-14,10.0
4059,22.70008659362793,22.4273681640625,0.08446057140827179,0.027271883562207222,0.7470365762710571,0.06553591787815094,0.00015411349886562675,5.062987992721611e-14,10.0
4060,22.197521209716797,22.027179718017578,0.06755826622247696,0.017034197226166725,0.7621824741363525,0.05128979682922363,0.00014161587751004845,6.45615830761892e-14,10.0
4061,22.080078125,21.849082946777344,0.0711720734834671,0.023099545389413834,0.740153968334198,0.06257415562868118,0.00015780837566126138,5.4803597505362e-14,10.0
4062,21.624296188354492,21.523847579956055,0.056586768478155136,0.010044819675385952,0.7366798520088196,0.06762494891881943,0.000155919449753128,5.98259777221527e-14,10.0
4063,21.627464294433594,21.470048904418945,0.04353897646069527,0.015741510316729546,0.7678836584091187,0.04731627181172371,0.00015750226157251745,4.9879290151336186e-14,10.0
4064,22.11404800415039,21.732364654541016,0.04878949373960495,0.03816833347082138,0.7720040678977966,0.0484476201236248,0.00013337722339201719,7.263420686307379e-14,10.0
4065,21.73700714111328,21.545129776000977,0.04688778519630432,0.019187675788998604,0.7801936864852905,0.03467145189642906,0.0001304449833696708,4.4577138340199177e-14,10.0
4066,21.65416717529297,21.554182052612305,0.047624219208955765,0.009998423047363758,0.7752447128295898,0.03924258425831795,0.00013951391156297177,5.648955221236769e-14,10.0
4067,21.78635597229004,21.65859603881836,0.06725426018238068,0.012776029296219349,0.7333260178565979,0.06570667773485184,0.00014207609638106078,5.821251548290482e-14,10.0
4068,22.9569091796875,22.86164665222168,0.10760555416345596,0.009526257403194904,0.7312601804733276,0.075541652739048,0.00014623715833295137,6.395762825600615e-14,10.0
4069,22.803054809570312,22.655359268188477,0.10045517235994339,0.014769638888537884,0.7487973570823669,0.056902267038822174,0.00014896260108798742,5.400488270555087e-14,10.0
4070,23.4854679107666,23.41379737854004,0.1289074718952179,0.007167136296629906,0.757445216178894,0.05014428868889809,0.0001372461556456983,7.590742677433468e-14,10.0
4071,24.19268226623535,23.903697967529297,0.14700908958911896,0.028898458927869797,0.7352624535560608,0.07382237166166306,0.00013504120579455048,9.092621539594573e-14,10.0
4072,23.874711990356445,23.44966697692871,0.12808062136173248,0.04250453785061836,0.731044352054596,0.07880822569131851,0.00013374599802773446,7.811232807493698e-14,10.0
4073,23.259693145751953,23.092548370361328,0.12115631997585297,0.016714423894882202,0.7228881120681763,0.0795922577381134,0.00016302776930388063,6.917511404186741e-14,10.0
4074,22.0029239654541,21.98427391052246,0.07413724064826965,0.0018649161793291569,0.7480570673942566,0.057108402252197266,0.0001705743052298203,7.020952422958152e-14,10.0
4075,21.655078887939453,21.615020751953125,0.059854310005903244,0.004005854483693838,0.7603467106819153,0.044343896210193634,0.0001400172768626362,7.061688609083863e-14,10.0
4076,21.403627395629883,21.36161994934082,0.05083687603473663,0.0042007723823189735,0.7526118755340576,0.050955478101968765,0.00015152858395595104,6.199558146577702e-14,10.0
4077,22.002099990844727,21.92377281188965,0.06820226460695267,0.007832755334675312,0.7526922225952148,0.05600624904036522,0.0001253287773579359,8.034641474276988e-14,10.0
4078,22.354373931884766,22.313886642456055,0.07515988498926163,0.0040487865917384624,0.7306547164916992,0.0866788700222969,0.00015482815797440708,7.612148216450121e-14,10.0
4079,22.129308700561523,22.096820831298828,0.07950444519519806,0.0032487502321600914,0.7406865358352661,0.06362136453390121,0.00015102360339369625,8.11979132477221e-14,10.0
4080,21.836923599243164,21.798255920410156,0.06799329817295074,0.0038668399211019278,0.7392847537994385,0.06459462642669678,0.00014390256546903402,7.29247730452999e-14,10.0
4081,22.240581512451172,22.22161865234375,0.0889093205332756,0.0018962336471304297,0.7450190186500549,0.054874684661626816,0.00015451671788468957,7.90061850035155e-14,10.0
4082,22.7085018157959,22.69622039794922,0.10157165676355362,0.0012281954986974597,0.7339916229248047,0.07221006602048874,0.00018870133499149233,7.241389020536115e-14,10.0
4083,22.483617782592773,22.46495246887207,0.07922341674566269,0.0018666005926206708,0.7466109991073608,0.07270906120538712,0.0001366102951578796,1.1247777611644166e-13,10.0
4084,22.47393035888672,22.45492172241211,0.09832368791103363,0.0019007765222340822,0.7336841225624084,0.06612248718738556,0.0001662859576754272,8.06626765164839e-14,10.0
4085,22.375225067138672,22.362274169921875,0.08140405267477036,0.001295138499699533,0.7564712166786194,0.05655580759048462,0.0001496511249570176,5.971004940485969e-14,10.0
4086,21.671875,21.66785430908203,0.06551560759544373,0.000402020406909287,0.7449814081192017,0.05615447834134102,0.00015682725643273443,3.1270572611354075e-14,10.0
4087,21.57587242126465,21.57334327697754,0.05783262103796005,0.0002529019839130342,0.7496050596237183,0.05543835833668709,0.0001442807842977345,7.509341455949614e-14,10.0
4088,21.644054412841797,21.643810272216797,0.05480504781007767,2.437866169202607e-05,0.7349902391433716,0.07590197771787643,0.00013787855277769268,5.479129181070429e-14,10.0
4089,21.54684829711914,21.546842575073242,0.060373540967702866,6.29105841198907e-07,0.73530513048172,0.066133052110672,0.0001550520391901955,4.678237845398038e-14,10.0
4090,21.292179107666016,21.292179107666016,0.050316955894231796,2.4352479144340577e-08,0.7430540323257446,0.058251429349184036,0.00016190602036658674,5.997656662764736e-14,10.0
4091,21.4188289642334,21.4188289642334,0.04632696136832237,6.680065212094632e-08,0.7487426996231079,0.06162559986114502,0.0001448418915970251,6.887712107475977e-14,10.0
4092,21.499452590942383,21.499452590942383,0.05003990978002548,6.846252631476091e-08,0.731556236743927,0.07832611352205276,0.00013955218310002238,5.848346438207253e-14,10.0
4093,21.239299774169922,21.239299774169922,0.03934510052204132,6.865423785029634e-08,0.7563186883926392,0.053851112723350525,0.00014283537166193128,7.412430722388355e-14,10.0
4094,21.001474380493164,21.001474380493164,0.03928904980421066,4.9699004023295856e-08,0.7401392459869385,0.06057339161634445,0.00014321327034849674,7.785863154283895e-14,10.0
4095,21.491172790527344,21.491172790527344,0.039365850389003754,9.082066299015423e-08,0.7550728917121887,0.06515520066022873,0.00013261409185361117,7.130109220057634e-14,10.0
4096,21.200471878051758,21.200471878051758,0.039112307131290436,7.563040749225536e-10,0.7394887208938599,0.06936180591583252,0.00013998051872476935,7.188441329816428e-14,10.0
4097,20.9273624420166,20.9273624420166,0.037786874920129776,8.869731260574554e-08,0.7437117695808411,0.05553845316171646,0.0001434078294551,7.317267587203871e-14,10.0
4098,21.00013542175293,21.00013542175293,0.04235992580652237,4.779329643156416e-08,0.7336224913597107,0.06395915895700455,0.00015967251965776086,5.477993818107929e-14,10.0
4099,21.157190322875977,21.157190322875977,0.03840311989188194,7.450160666166994e-08,0.7491706013679504,0.058660902082920074,0.00013253091310616583,7.021476228132734e-14,10.0
4100,21.015405654907227,21.015405654907227,0.03804674372076988,6.971875876615741e-08,0.7358514666557312,0.06666561961174011,0.00013106568076182157,6.392933735556786e-14,10.0
4101,21.00828742980957,21.00828742980957,0.04014268144965172,7.270127611036514e-08,0.7434015870094299,0.056722283363342285,0.00016252571367658675,8.301621515867039e-14,10.0
4102,20.965129852294922,20.965129852294922,0.03457651659846306,2.514665453645648e-08,0.7519795894622803,0.05199268087744713,0.000141123789944686,5.3200658803450804e-14,10.0
4103,21.15984535217285,21.15983772277832,0.042180031538009644,7.489157951567904e-07,0.7311529517173767,0.07299759984016418,0.00015728840662632138,4.902676843058368e-14,10.0
4104,21.294342041015625,21.29405403137207,0.043445706367492676,2.876262806239538e-05,0.7366390228271484,0.07161471992731094,0.00015673508460167795,8.435525227553503e-14,10.0
4105,21.013341903686523,21.010456085205078,0.030040502548217773,0.0002884895948227495,0.7737067341804504,0.03661946579813957,0.00012876372784376144,5.939862588334038e-14,10.0
4106,21.147197723388672,21.142929077148438,0.04093305394053459,0.0004269410273991525,0.7512888312339783,0.05344222113490105,0.0001325467019341886,6.591173326532182e-14,10.0
4107,21.171525955200195,21.15886116027832,0.040905214846134186,0.0012665308313444257,0.7609186768531799,0.04447329044342041,0.00014330017438624054,4.942284103671979e-14,10.0
4108,21.168664932250977,21.15113067626953,0.02808745950460434,0.0017535131191834807,0.7746180891990662,0.04328131303191185,0.00014595429820474237,5.280848593700385e-14,10.0
4109,21.238401412963867,21.217653274536133,0.043309617787599564,0.0020747357048094273,0.7333241105079651,0.07201897352933884,0.0001335177366854623,5.1482249182038115e-14,10.0
4110,21.15204620361328,21.137691497802734,0.0483841598033905,0.0014354443410411477,0.732383668422699,0.06467713415622711,0.0001568492443766445,6.638957504405407e-14,10.0
4111,21.086833953857422,21.066638946533203,0.03506828844547272,0.002019596053287387,0.7523855566978455,0.05515950173139572,0.00013048590335529298,7.566806881596777e-14,10.0
4112,21.6066837310791,21.567611694335938,0.06620766222476959,0.003907115664333105,0.7147359251976013,0.08170084655284882,0.000150062536704354,6.164266688236941e-14,10.0
4113,22.212453842163086,22.178743362426758,0.07480375468730927,0.0033710061106830835,0.7349947690963745,0.07728260010480881,0.00017142703291028738,4.3226093684274255e-14,10.0
4114,21.683507919311523,21.63496971130371,0.05133639648556709,0.004853866994380951,0.7071215510368347,0.10687053203582764,0.00017563061555847526,6.701125656975726e-14,10.0
4115,21.445524215698242,21.366518020629883,0.05277913063764572,0.007900609634816647,0.7483919858932495,0.05343513563275337,0.0001361825125059113,6.471581761148884e-14,10.0
4116,21.700559616088867,21.655277252197266,0.06233206018805504,0.004528211895376444,0.7488782405853271,0.05494600534439087,0.00013687652244698256,7.622461689615889e-14,10.0
4117,21.347288131713867,21.30453872680664,0.021899929270148277,0.004274963866919279,0.7733996510505676,0.056821756064891815,0.00015051434456836432,8.177277756836465e-14,10.0
4118,21.350936889648438,21.33246421813965,0.052270885556936264,0.0018472160445526242,0.7508982419967651,0.05007234588265419,0.00014294822176452726,6.168032257907255e-14,10.0
4119,21.787492752075195,21.592540740966797,0.046269480139017105,0.01949511282145977,0.7336330413818359,0.08374686539173126,0.0001306318590650335,8.594685428848017e-14,10.0
4120,21.597124099731445,21.104618072509766,0.04090113192796707,0.049250584095716476,0.7233235836029053,0.07989654690027237,0.00015863498265389353,4.7579439845478466e-14,10.0
4121,21.962989807128906,21.61185073852539,0.05311807245016098,0.03511396795511246,0.7691476345062256,0.04214385524392128,0.00016116449842229486,4.114393423399268e-14,10.0
4122,21.622873306274414,21.536724090576172,0.045237697660923004,0.008614974096417427,0.7748839855194092,0.04129299893975258,0.00013556504563894123,4.815470057754033e-14,10.0
4123,22.380338668823242,22.183124542236328,0.0833522379398346,0.01972142606973648,0.7137734293937683,0.09013838320970535,0.0001522900420241058,6.268453096001936e-14,10.0
4124,22.739730834960938,22.58753204345703,0.09628890454769135,0.015219816006720066,0.7149442434310913,0.09221141040325165,0.00014182184531819075,5.0972240480100933e-14,10.0
4125,23.393781661987305,23.222000122070312,0.11797501146793365,0.017178161069750786,0.7427470088005066,0.06809652596712112,0.00015349026944022626,4.563700017391238e-14,10.0
4126,23.84410285949707,23.736051559448242,0.13805149495601654,0.010805138386785984,0.752578854560852,0.05875818803906441,0.00013379227311816067,5.718269282563304e-14,10.0
4127,23.415050506591797,23.24810028076172,0.12695038318634033,0.016694989055395126,0.7506553530693054,0.052267298102378845,0.00012731632159557194,5.687687327409277e-14,10.0
4128,23.442337036132812,23.1147518157959,0.11144724488258362,0.03275853767991066,0.7775156497955322,0.03557297959923744,0.00013561671948991716,3.5770919646488375e-14,10.0
4129,22.706205368041992,22.498743057250977,0.0820908397436142,0.020746299996972084,0.7749221920967102,0.04288860037922859,0.00012029762001475319,5.792505960566102e-14,10.0
4130,22.098384857177734,22.002347946166992,0.07865048199892044,0.009603660553693771,0.7486329674720764,0.05274933949112892,0.0001527093700133264,4.591117457454323e-14,10.0
4131,22.41775894165039,22.181371688842773,0.08058048784732819,0.02363881655037403,0.7260267734527588,0.08058661967515945,0.00015236313629429787,4.53181973013566e-14,10.0
4132,22.50617218017578,22.338905334472656,0.09494032710790634,0.016726743429899216,0.7270936369895935,0.07145806401968002,0.0001604933204362169,4.9455052005637976e-14,10.0
4133,22.786283493041992,22.4929141998291,0.09883443266153336,0.029337013140320778,0.7446643114089966,0.05616658553481102,0.00012790416076313704,6.686312744794143e-14,10.0
4134,22.318748474121094,22.040401458740234,0.080376997590065,0.027834786102175713,0.7377315759658813,0.06345158815383911,0.0001397742744302377,4.2650619499909684e-14,10.0
4135,22.031932830810547,21.9956111907959,0.05652531981468201,0.0036320870276540518,0.7540198564529419,0.06922638416290283,0.0001321023009950295,5.33185657897086e-14,10.0
4136,21.891483306884766,21.706071853637695,0.05507812649011612,0.01854120008647442,0.7529129385948181,0.06019340455532074,0.00014603776799049228,7.792834574252977e-14,10.0
4137,22.013980865478516,21.709487915039062,0.06396014243364334,0.030449293553829193,0.7295562028884888,0.07480331510305405,0.00014976765669416636,6.962559326827156e-14,10.0
4138,21.98195457458496,21.808368682861328,0.06667841225862503,0.01735861226916313,0.7485017776489258,0.057084497064352036,0.00017531553748995066,5.92058750658632e-14,10.0
4139,22.25102424621582,22.015186309814453,0.06698791682720184,0.023583857342600822,0.7593458294868469,0.0542149543762207,0.00014690648822579533,4.701040311151303e-14,10.0
4140,21.89923667907715,21.78191375732422,0.06561645120382309,0.011732364073395729,0.7402409911155701,0.06536399573087692,0.00013766411575488746,6.88812749243331e-14,10.0
4141,22.40310287475586,22.31890106201172,0.08152855932712555,0.008420165628194809,0.7486954927444458,0.062463000416755676,0.0001723987516015768,6.755096563495697e-14,10.0
4142,22.423551559448242,22.130701065063477,0.06954707205295563,0.029285024851560593,0.75691157579422,0.058720555156469345,0.00012232329754624516,7.952851972890113e-14,10.0
4143,22.197071075439453,21.967266082763672,0.0663338452577591,0.022980444133281708,0.7516489028930664,0.060644667595624924,0.00015810113109182566,4.853760012728074e-14,10.0
4144,21.602949142456055,21.580936431884766,0.0496964156627655,0.0022013545967638493,0.7624648213386536,0.051025647670030594,0.000126467872178182,6.810283131701567e-14,10.0
4145,21.594974517822266,21.54449462890625,0.052221570163965225,0.005048064514994621,0.7665660977363586,0.04293118789792061,0.00015223353693727404,5.0547334872440286e-14,10.0
4146,21.889177322387695,21.8501033782959,0.062161482870578766,0.003907452337443829,0.7631128430366516,0.0486714243888855,0.00014581713185179979,6.220096323856367e-14,10.0
4147,21.84380531311035,21.80661964416504,0.05106351897120476,0.003718574531376362,0.7775752544403076,0.04357568547129631,0.00012581540795508772,6.572842178300883e-14,10.0
4148,21.66771125793457,21.627225875854492,0.05581089109182358,0.004048455040901899,0.7661893367767334,0.04302755743265152,0.0001530667650513351,6.309530128185623e-14,10.0
4149,21.990400314331055,21.942867279052734,0.06690940260887146,0.004753381945192814,0.7295898795127869,0.08114790171384811,0.00016882627096492797,5.6507126451957324e-14,10.0
4150,21.538755416870117,21.511804580688477,0.05665295571088791,0.0026950007304549217,0.7368838787078857,0.06687590479850769,0.00014859266229905188,5.923051356023293e-14,10.0
4151,21.271371841430664,21.25893211364746,0.046220120042562485,0.0012440363643690944,0.7498524785041809,0.05423172190785408,0.0001326211349805817,8.371191381143644e-14,10.0
4152,21.291841506958008,21.284046173095703,0.032398521900177,0.0007796221761964262,0.7873224020004272,0.03158686310052872,0.0001351805403828621,4.2076991847370127e-14,10.0
4153,21.17827606201172,21.157018661499023,0.04518323764204979,0.002125717233866453,0.7338123321533203,0.06722550094127655,0.0001491746079409495,5.4380362246673336e-14,10.0
4154,22.028162002563477,21.9984188079834,0.04668770357966423,0.0029743139166384935,0.7296693921089172,0.10353012382984161,0.00012384547153487802,6.471587182159746e-14,10.0
4155,21.851293563842773,21.815326690673828,0.05348486453294754,0.0035966034047305584,0.7377576231956482,0.08130313456058502,0.00016847462393343449,5.5339372949554655e-14,10.0
4156,21.941591262817383,21.906158447265625,0.04549247398972511,0.0035432574804872274,0.7379515171051025,0.09274858981370926,0.00013455409498419613,7.69917780246189e-14,10.0
4157,21.20269775390625,21.169496536254883,0.03451666608452797,0.003320190357044339,0.763204038143158,0.04900263994932175,0.00014139708946458995,7.531235563570243e-14,10.0
4158,21.168136596679688,21.137901306152344,0.03465384617447853,0.0030235510785132647,0.7430113554000854,0.06779437512159348,0.0001413152349414304,5.249832957677364e-14,10.0
4159,21.112314224243164,21.088459014892578,0.03672858700156212,0.0023854945320636034,0.7431742548942566,0.06357799470424652,0.00014355631719809026,6.27479432345826e-14,10.0
4160,21.65536117553711,21.62790298461914,0.04680688679218292,0.0027458476833999157,0.7512632608413696,0.06698264926671982,0.00015826339949853718,4.18409407056293e-14,10.0
4161,21.02779769897461,20.99411964416504,0.041085951030254364,0.003367760218679905,0.732305109500885,0.06631350517272949,0.00015048369823489338,8.1262728208846e-14,10.0
4162,21.58172607421875,21.54016876220703,0.04211607202887535,0.004155655391514301,0.743793249130249,0.07563581317663193,0.00015383985009975731,9.783662866403448e-14,10.0
4163,21.42237663269043,21.377742767333984,0.05362570658326149,0.004463365767151117,0.7478430271148682,0.0535816065967083,0.0001484001986682415,8.014143276953434e-14,10.0
4164,21.87701988220215,21.8450870513916,0.06080165132880211,0.0031933276914060116,0.7588168978691101,0.05412766709923744,0.00014328341057989746,4.724391315441209e-14,10.0
4165,21.96132469177246,21.937467575073242,0.06869541853666306,0.00238561793230474,0.7513206601142883,0.05741969496011734,0.00015733799955341965,7.599527425536032e-14,10.0
4166,22.663827896118164,22.638254165649414,0.0925961509346962,0.0025573470629751682,0.7578476071357727,0.05503161996603012,0.00013712892541661859,5.012094187492426e-14,10.0
4167,22.871976852416992,22.85266876220703,0.10442515462636948,0.0019307226175442338,0.7656878232955933,0.043937359005212784,0.00014118175022304058,6.171528132287163e-14,10.0
4168,23.017192840576172,23.010427474975586,0.11971746385097504,0.0006765423459000885,0.7244997024536133,0.07613658159971237,0.00015855043602641672,6.881288209604e-14,10.0
4169,23.401838302612305,23.380224227905273,0.11949625611305237,0.0021613826975226402,0.7704675197601318,0.045195139944553375,0.00012504436017479748,4.9998332161743306e-14,10.0
4170,23.28445816040039,23.262588500976562,0.11775290966033936,0.002186885569244623,0.7731440663337708,0.0395532064139843,0.00013325222244020551,4.900483366538158e-14,10.0
4171,23.141923904418945,23.118423461914062,0.11180460453033447,0.002350066090002656,0.764178991317749,0.04870063439011574,0.00013175939966458827,6.104586102026119e-14,10.0
4172,22.402454376220703,22.369155883789062,0.09010718017816544,0.0033297839108854532,0.7564092874526978,0.04818712919950485,0.00015657316544093192,8.25074736180223e-14,10.0
4173,22.05072593688965,22.014225006103516,0.07868797332048416,0.0036500475835055113,0.7414953708648682,0.06032034009695053,0.0001633243664400652,5.835139500493663e-14,10.0
4174,21.42533302307129,21.400821685791016,0.056178417056798935,0.002451095497235656,0.754887044429779,0.04490768536925316,0.00014943860878702253,6.070088821776704e-14,10.0
4175,21.087160110473633,21.06587791442871,0.03578536584973335,0.002128311898559332,0.7646688222885132,0.04212956130504608,0.000128277184558101,5.174389765944497e-14,10.0
4176,21.12542724609375,21.108726501464844,0.03612050414085388,0.0016699981642886996,0.7692067623138428,0.03896699845790863,0.00013689440675079823,8.929545335578312e-14,10.0
4177,21.21518898010254,21.187702178955078,0.03916330263018608,0.0027486977633088827,0.7526108026504517,0.05567576363682747,0.00014569646737072617,5.5703976587634374e-14,10.0
4178,21.610706329345703,21.584684371948242,0.05967152491211891,0.0026021248195320368,0.7536935806274414,0.04995972663164139,0.00015635957242920995,6.007766848023163e-14,10.0
4179,21.731157302856445,21.707693099975586,0.055544834583997726,0.0023464022669941187,0.7640856504440308,0.04862168803811073,0.00013898126780986786,7.959780702398653e-14,10.0
4180,22.266321182250977,22.23556900024414,0.0823117196559906,0.003075126325711608,0.7584097385406494,0.048642754554748535,0.00014653977996204048,7.877642223437509e-14,10.0
4181,23.06338882446289,23.036867141723633,0.1238202378153801,0.002652181778103113,0.7279514074325562,0.06964633613824844,0.00014168908819556236,6.312012951160614e-14,10.0
4182,23.73807144165039,23.717445373535156,0.13415731489658356,0.0020625749602913857,0.7548600435256958,0.05962331220507622,0.00014264303899835795,4.8726407159355514e-14,10.0
4183,24.008609771728516,23.998371124267578,0.15331485867500305,0.0010239278199151158,0.7343745827674866,0.07218408584594727,0.00015330013411585242,7.818070735070293e-14,10.0
4184,24.381351470947266,24.367151260375977,0.16885949671268463,0.0014200960285961628,0.7220803499221802,0.08368394523859024,0.00015558871382381767,5.649241518372941e-14,10.0
4185,23.38382911682129,23.352161407470703,0.11535964161157608,0.0031667014118283987,0.7712221741676331,0.04745328798890114,0.00012831168714910746,5.22977894443135e-14,10.0
4186,23.28907012939453,23.254003524780273,0.12901853024959564,0.003506674664095044,0.731598436832428,0.06948205828666687,0.00015282169624697417,5.21473055709043e-14,10.0
4187,22.822111129760742,22.771007537841797,0.10287602245807648,0.005110404919832945,0.7441807389259338,0.06373356282711029,0.0001248069602297619,6.740708523040456e-14,10.0
4188,22.240909576416016,22.098705291748047,0.08006609976291656,0.014220399782061577,0.748947024345398,0.05487527698278427,0.00014968700997997075,4.967535511082345e-14,10.0
4189,22.43693733215332,21.908597946166992,0.07065916061401367,0.052834026515483856,0.7244394421577454,0.08117865771055222,0.00016652817430440336,4.681171289900969e-14,10.0
4190,21.797534942626953,21.623023986816406,0.06127703934907913,0.017451025545597076,0.7221640944480896,0.0814124122262001,0.00016855972353368998,5.9890914656021e-14,10.0
4191,22.35393524169922,21.802806854248047,0.06318677216768265,0.05511293560266495,0.7460840344429016,0.06277970224618912,0.00015424226876348257,4.5684837206641515e-14,10.0
4192,22.44694709777832,21.639638900756836,0.06115923076868057,0.08073084056377411,0.7274776697158813,0.07687868922948837,0.00017507416487205774,5.6382324617508875e-14,10.0
4193,21.895158767700195,21.355955123901367,0.04395260289311409,0.05392041057348251,0.74992835521698,0.06029067933559418,0.0001663988223299384,6.683304083765496e-14,10.0
4194,22.084835052490234,21.556509017944336,0.05951749533414841,0.05283254384994507,0.743672251701355,0.05900953710079193,0.00015262542001437396,5.591363418273876e-14,10.0
4195,23.1495361328125,22.743242263793945,0.10727568715810776,0.04062942788004875,0.7353411316871643,0.06705202907323837,0.00015220826026052237,9.261231918075014e-14,10.0
4196,23.08329963684082,22.50139045715332,0.0980597734451294,0.058190956711769104,0.7319280505180359,0.07000885903835297,0.00014750812260899693,6.67797184195594e-14,10.0
4197,22.51459312438965,22.295204162597656,0.08794897049665451,0.021938931196928024,0.7335346937179565,0.0702688992023468,0.00013906370440963656,5.6339373270819504e-14,10.0
4198,22.98874282836914,22.15421485900879,0.08421403169631958,0.08345283567905426,0.7465565800666809,0.055340565741062164,0.0001436620223103091,9.795544366961173e-14,10.0
4199,23.626920700073242,23.285703659057617,0.12545448541641235,0.03412177786231041,0.7443411350250244,0.06157293543219566,0.0001489701826358214,1.0562872191505202e-13,10.0
4200,23.613893508911133,23.237428665161133,0.1254155933856964,0.03764641284942627,0.728760838508606,0.07525786012411118,0.0001571591419633478,8.556279599766792e-14,10.0
4201,24.458112716674805,24.090068817138672,0.15755148231983185,0.0368044450879097,0.735846221446991,0.07014688849449158,0.0001453355944249779,8.325343859401022e-14,10.0
4202,25.762712478637695,25.536376953125,0.19504329562187195,0.022633599117398262,0.7709929347038269,0.05536552146077156,0.00013312746887095273,8.796609274330791e-14,10.0
4203,25.174585342407227,23.986133575439453,0.14967066049575806,0.1188451498746872,0.7650021314620972,0.044707395136356354,0.00016287578910123557,6.988316582313622e-14,10.0
4204,24.75403594970703,24.276681900024414,0.1693444699048996,0.04773540794849396,0.728003740310669,0.07365509867668152,0.00015982480545062572,8.512143084577622e-14,10.0
4205,23.781471252441406,23.740745544433594,0.1366785615682602,0.004072530660778284,0.7468841671943665,0.06600776314735413,0.00014840062067378312,7.873514801292128e-14,10.0
4206,22.633573532104492,22.528644561767578,0.0867336168885231,0.010492835193872452,0.7454675436019897,0.06888644397258759,0.00014546388410963118,7.505537939203263e-14,10.0
4207,22.987703323364258,22.819705963134766,0.11060401797294617,0.01679966226220131,0.731306254863739,0.07081520557403564,0.00015695161710027605,8.745380044054493e-14,10.0
4208,22.157306671142578,22.070247650146484,0.07633765041828156,0.008705916814506054,0.7583067417144775,0.04810814559459686,0.00014340682537294924,7.367699928883392e-14,10.0
4209,21.759254455566406,21.6816349029541,0.06742816418409348,0.007762017194181681,0.7441375255584717,0.055640384554862976,0.00014838928473182023,6.835989565211198e-14,10.0
4210,21.884145736694336,21.85190773010254,0.06795302778482437,0.0032238855492323637,0.7524219155311584,0.053649093955755234,0.00013072839647065848,7.133672179446965e-14,10.0
4211,22.43297004699707,22.38466453552246,0.09002820402383804,0.0048306346870958805,0.7308188080787659,0.07447241991758347,0.00016778490680735558,6.68885858702041e-14,10.0
4212,21.88743782043457,21.862253189086914,0.0694228783249855,0.0025185300037264824,0.7525051832199097,0.05249933525919914,0.00015674794849473983,5.192183895287236e-14,10.0
4213,22.251277923583984,22.245683670043945,0.08010895550251007,0.0005593450623564422,0.739823579788208,0.0698261708021164,0.0001715424150461331,5.5723143249164844e-14,10.0
4214,22.058090209960938,22.057584762573242,0.08053256571292877,5.0605125579750165e-05,0.7423789501190186,0.05931679904460907,0.0001878499024314806,4.726102660807842e-14,10.0
4215,22.128150939941406,22.12813949584961,0.07906483858823776,1.1366823855496477e-06,0.7549273371696472,0.051061999052762985,0.0001783648767741397,6.13843692673019e-14,10.0
4216,21.620332717895508,21.620332717895508,0.06344858556985855,2.3945647242840096e-08,0.7434682846069336,0.057829562574625015,0.00016717605467420071,5.2858870844838327e-14,10.0
4217,21.71532440185547,21.71532440185547,0.05662818253040314,6.127871898797821e-08,0.7648951411247253,0.047026507556438446,0.00015765383432153612,5.678027086052431e-14,10.0
4218,21.346052169799805,21.346052169799805,0.04668571054935455,7.401367696502348e-08,0.7546617984771729,0.05244086682796478,0.00013432814739644527,5.3543259913692645e-14,10.0
4219,21.595720291137695,21.595720291137695,0.057249099016189575,6.004792396652192e-08,0.7259324789047241,0.08058548718690872,0.0001544814876979217,6.12370939546969e-14,10.0
4220,21.281330108642578,21.281330108642578,0.040823791176080704,6.38810604414175e-08,0.7668771743774414,0.04349862411618233,0.00013402207696344703,1.061609093276801e-13,10.0
4221,21.357872009277344,21.35787010192871,0.04798341915011406,9.835061121066246e-08,0.753400981426239,0.052874527871608734,0.000139776777359657,4.9547578496664246e-14,10.0
4222,21.17852020263672,21.17852020263672,0.04447878152132034,7.526575984684314e-08,0.7452632188796997,0.057339441031217575,0.00014842217206023633,6.500549610318623e-14,10.0
4223,21.34857940673828,21.34857940673828,0.03509887680411339,2.3976253871182962e-08,0.7813685536384583,0.03742264583706856,0.00013277768448460847,3.387525991053325e-14,10.0
4224,21.172443389892578,21.172443389892578,0.04518117755651474,2.4647958341006415e-08,0.7424589991569519,0.05920366197824478,0.0001346294448012486,7.113424703875798e-14,10.0
4225,21.522775650024414,21.522775650024414,0.03631158173084259,2.4397278863830252e-08,0.777734100818634,0.046817705035209656,0.00011928160529350862,6.973799792850399e-14,10.0
4226,21.320146560668945,21.320146560668945,0.044899504631757736,1.4304030848677485e-08,0.7493575215339661,0.0584896020591259,0.00014807555999141186,6.985617596530491e-14,10.0
4227,21.19135284423828,21.19135284423828,0.043211277574300766,3.1299995928435465e-09,0.7346702218055725,0.0697173997759819,0.0001378599990857765,7.722967231005295e-14,10.0
4228,21.065486907958984,21.065486907958984,0.03922271728515625,1.539207206135984e-09,0.752210259437561,0.05112374573945999,0.00015689019346609712,6.808379001636139e-14,10.0
4229,21.183256149291992,21.183256149291992,0.03404229134321213,9.883257406917423e-11,0.7650558352470398,0.048178572207689285,0.0001338669244432822,8.026093217773297e-14,10.0
4230,21.45897674560547,21.45897674560547,0.04243959113955498,1.6229866842826235e-12,0.7421597242355347,0.07369090616703033,0.00017227009811904281,5.3162220448304404e-14,10.0
4231,21.026208877563477,21.026208877563477,0.036396417766809464,9.42621564028849e-14,0.743178129196167,0.06141370162367821,0.00015028090274427086,6.264165076409756e-14,10.0
4232,21.196550369262695,21.196550369262695,0.03996223956346512,5.1276403235196374e-14,0.7471508383750916,0.06068393215537071,0.00016268226318061352,4.0034327849353124e-14,10.0
4233,21.119691848754883,21.119691848754883,0.038423724472522736,6.056266514626934e-15,0.7295522093772888,0.07675096392631531,0.00015197978063952178,6.555436667674344e-14,10.0
4234,21.156984329223633,21.156984329223633,0.03574627637863159,9.251859021064995e-19,0.7434973120689392,0.06697850674390793,0.0001431307609891519,6.583389432560094e-14,10.0
4235,21.034366607666016,21.034366607666016,0.039433617144823074,1.61214544182808e-14,0.7465461492538452,0.05534122511744499,0.00013422871415968984,8.424297636431058e-14,10.0
4236,21.01961898803711,21.01961898803711,0.039337851107120514,0.0,0.7241280674934387,0.07725531607866287,0.00015893553791102022,6.959356864660177e-14,10.0
4237,20.903593063354492,20.903593063354492,0.037016645073890686,0.0,0.7407587766647339,0.05829806625843048,0.00017559526895638555,7.702677064973587e-14,10.0
4238,21.058706283569336,21.058706283569336,0.03453034535050392,0.0,0.753473162651062,0.054289355874061584,0.00013863432104699314,6.236802524081653e-14,10.0
4239,20.890071868896484,20.890071868896484,0.030131971463561058,0.0,0.75118488073349,0.05423139035701752,0.00013647344894707203,6.395962047749809e-14,10.0
4240,21.012496948242188,21.012496948242188,0.03245506063103676,0.0,0.7321253418922424,0.07586225867271423,0.00014313806605059654,5.955317890302819e-14,10.0
4241,21.20398712158203,21.20398712158203,0.03948778286576271,0.0,0.715991735458374,0.09260618686676025,0.0001844255457399413,5.1037594154179286e-14,10.0
4242,21.217514038085938,21.217514038085938,0.03883906453847885,0.0,0.720704972743988,0.08909495174884796,0.00015413218352477998,9.443434803666634e-14,10.0
4243,21.098608016967773,21.098608016967773,0.033704474568367004,0.0,0.7463330626487732,0.06384071707725525,0.00016514956951141357,7.683006249432911e-14,10.0
4244,21.104900360107422,21.104900360107422,0.04051437973976135,0.0,0.7268880605697632,0.07673010975122452,0.00015873170923441648,5.75199813452297e-14,10.0
4245,20.815143585205078,20.815143585205078,0.027999412268400192,0.0,0.7545398473739624,0.05000919848680496,0.0001429758412996307,7.28738426482474e-14,10.0
4246,21.44809341430664,21.44809341430664,0.041845984756946564,0.0,0.7369592189788818,0.07905362546443939,0.00016209133900702,5.700411117529752e-14,10.0
4247,21.097692489624023,21.097692489624023,0.0412890650331974,0.0,0.7204283475875854,0.08211550861597061,0.00018704960530158132,7.585471421996115e-14,10.0
4248,20.876026153564453,20.876026153564453,0.0317101925611496,0.0,0.7400752902030945,0.06319673359394073,0.00014714387361891568,7.598594334041336e-14,10.0
4249,21.069883346557617,21.069883346557617,0.042871758341789246,0.0,0.7358009219169617,0.06406045705080032,0.00015554188576061279,5.688010555181949e-14,10.0
4250,20.838741302490234,20.838741302490234,0.035935696214437485,0.0,0.7328425049781799,0.06470904499292374,0.00015619720215909183,7.05554457089766e-14,10.0
4251,21.089462280273438,21.089462280273438,0.028395630419254303,0.0,0.7499042749404907,0.0652259960770607,0.00013158016372472048,7.850387413700297e-14,10.0
4252,20.77747344970703,20.77747344970703,0.032837167382240295,0.0,0.7232497930526733,0.07494805753231049,0.0001598084782017395,6.579376529269182e-14,10.0
4253,21.120010375976562,21.120010375976562,0.03250589221715927,0.0,0.7422495484352112,0.06998692452907562,0.00014521079719997942,5.138700879744884e-14,10.0
4254,21.103830337524414,21.103830337524414,0.03808476775884628,0.0,0.7291408777236938,0.07685410231351852,0.00018367495795246214,7.748322654061585e-14,10.0
4255,21.049394607543945,21.049394607543945,0.027212155982851982,0.0,0.7568355798721313,0.05787527561187744,0.00013202102854847908,5.2067660756939874e-14,10.0
4256,21.4005126953125,21.4005126953125,0.0395284965634346,0.0,0.7352330684661865,0.08120138198137283,0.0001438240142306313,7.221673481655824e-14,10.0
4257,20.876554489135742,20.876554489135742,0.02582622319459915,0.0,0.7501869797706604,0.058993641287088394,0.00013844355999026448,7.957291103160083e-14,10.0
4258,20.822904586791992,20.822904586791992,0.03335212916135788,0.0,0.7440597414970398,0.05545176938176155,0.00013134258915670216,8.26856893501246e-14,10.0
4259,21.40483283996582,21.40483283996582,0.04443482309579849,0.0,0.7557786107063293,0.05592279136180878,0.00014286233636084944,4.403515922670083e-14,10.0
4260,20.96893882751465,20.96893882751465,0.030431468039751053,0.0,0.7505296468734741,0.0577332004904747,0.00015807423915248364,5.684325961861393e-14,10.0
4261,21.329113006591797,21.329113006591797,0.044167257845401764,0.0,0.7523651719093323,0.056573010981082916,0.00014762776845600456,6.308757634137727e-14,10.0
4262,21.214691162109375,21.214691162109375,0.04646912217140198,0.0,0.7271414995193481,0.07491866499185562,0.00014598423149436712,5.0070624729725566e-14,10.0
4263,20.937122344970703,20.937122344970703,0.0370955690741539,0.0,0.7350149750709534,0.06531006842851639,0.00016087162657640874,6.302792489309983e-14,10.0
4264,21.289186477661133,21.289186477661133,0.04196620732545853,0.0,0.7609103918075562,0.048633087426424026,0.00014445501437876374,6.76949612359902e-14,10.0
4265,21.250770568847656,21.250770568847656,0.0409812405705452,0.0,0.7420961856842041,0.06688842922449112,0.00016258317918982357,5.071545735994311e-14,10.0
4266,20.852291107177734,20.852291107177734,0.0346648208796978,0.0,0.7278148531913757,0.07155866175889969,0.0001331177045358345,7.551207245213784e-14,10.0
4267,20.91465950012207,20.91465950012207,0.03782198578119278,0.0,0.7455437779426575,0.05315558984875679,0.00016260628763120621,6.70342281032868e-14,10.0
4268,20.96829605102539,20.96829605102539,0.036990679800510406,0.0,0.7548374533653259,0.04684029147028923,0.00015874764358159155,6.445568362899168e-14,10.0
4269,20.725793838500977,20.725793838500977,0.029192019253969193,0.0,0.7344637513160706,0.06531698256731033,0.00014750586706213653,6.921922751776041e-14,10.0
4270,21.411590576171875,21.411590576171875,0.03966447338461876,0.0,0.7525720596313477,0.06416790187358856,0.00014799828932154924,7.219513886453505e-14,10.0
4271,21.113311767578125,21.113311767578125,0.04080076143145561,3.108624416010879e-16,0.7534968852996826,0.050175007432699203,0.00014950554759707302,5.3841700114196436e-14,10.0
4272,20.94886016845703,20.94886016845703,0.03471628576517105,9.088285408530988e-14,0.7512818574905396,0.051888272166252136,0.00016993191093206406,4.117447824207067e-14,10.0
4273,21.099225997924805,21.099225997924805,0.03122079372406006,3.988041450894708e-13,0.7567497491836548,0.055940572172403336,0.00014499365352094173,6.122462562971331e-14,10.0
4274,21.18154525756836,21.18154525756836,0.026271838694810867,1.905383212319478e-10,0.7687969207763672,0.05213353782892227,0.0001488586567575112,5.919333897824383e-14,10.0
4275,20.775911331176758,20.775911331176758,0.02822386473417282,4.671831810298954e-09,0.7436679601669312,0.05907674878835678,0.00016958989726845175,6.175194768509237e-14,10.0
4276,20.979398727416992,20.979398727416992,0.031172767281532288,2.3528587078658347e-08,0.749988853931427,0.057953231036663055,0.0001526706328149885,6.517264619686561e-14,10.0
4277,20.9411678314209,20.9411678314209,0.038826391100883484,5.0246388383357043e-08,0.7423720955848694,0.0563897043466568,0.00014626751362811774,6.590593278369902e-14,10.0
4278,20.902402877807617,20.902402877807617,0.030410170555114746,5.504779920784131e-08,0.7392668128013611,0.06636326014995575,0.00013980390212964267,8.230685555853101e-14,10.0
4279,21.154916763305664,21.15491485595703,0.041678495705127716,1.9219690727823036e-07,0.7304154634475708,0.07404141873121262,0.00015296413039322942,6.632865643448754e-14,10.0
4280,21.23708724975586,21.237085342407227,0.03764782473444939,1.390377946108856e-07,0.7418109178543091,0.06996855139732361,0.0001402169727953151,7.71846779198948e-14,10.0
4281,21.336082458496094,21.33608055114746,0.031609997153282166,1.6315534878685867e-07,0.7362195253372192,0.08555246889591217,0.0001529111759737134,6.014934779636008e-14,10.0
4282,21.02396011352539,21.023958206176758,0.024713754653930664,1.6858999174473865e-07,0.7691275477409363,0.04706106334924698,0.00013971432053949684,7.220369050917053e-14,10.0
4283,20.868343353271484,20.86833953857422,0.0326666459441185,4.6148954879754456e-07,0.7500404715538025,0.05197179690003395,0.00013670888438355178,5.072296207185578e-14,10.0
4284,20.98768424987793,20.9862117767334,0.020212003961205482,0.00014717792510055006,0.7827367782592773,0.03644222393631935,0.00014344535884447396,3.9565786492381724e-14,10.0
4285,21.12161636352539,21.110273361206055,0.037289589643478394,0.0011342898942530155,0.7405385375022888,0.06651626527309418,0.00016623626288492233,5.419790796170297e-14,10.0
4286,20.832063674926758,20.785673141479492,0.02882937341928482,0.0046390085481107235,0.7418740391731262,0.06066175177693367,0.00015449650527443737,4.523389719431406e-14,10.0
4287,20.833953857421875,20.78005599975586,0.028881879523396492,0.005389762111008167,0.7298804521560669,0.0723767802119255,0.00015769606397952884,6.058890368587644e-14,10.0
4288,21.218795776367188,21.16946029663086,0.03206511586904526,0.004933485295623541,0.759311318397522,0.05534915626049042,0.00013220588152762502,4.355992630944612e-14,10.0
4289,21.308835983276367,21.17660903930664,0.03984762355685234,0.013222788460552692,0.7445817589759827,0.06257837265729904,0.00014159879356157035,5.154652543020756e-14,10.0
4290,21.09011459350586,20.98859977722168,0.03842867165803909,0.010151411406695843,0.7293756008148193,0.07168541103601456,0.0001358420995529741,7.810994960642109e-14,10.0
4291,21.143653869628906,20.979854583740234,0.04170415177941322,0.01637989655137062,0.7385098934173584,0.058921076357364655,0.00014768505934625864,6.618848264611232e-14,10.0
4292,21.508609771728516,21.41703224182129,0.03724466264247894,0.009157687425613403,0.7668556571006775,0.05252593010663986,0.000137793249450624,4.051946088769534e-14,10.0
4293,21.379425048828125,21.02104377746582,0.037400826811790466,0.03583814948797226,0.7327501773834229,0.07063611596822739,0.0001364822528557852,6.141699020016655e-14,10.0
4294,22.029434204101562,20.823776245117188,0.0338703989982605,0.12056582421064377,0.7463022470474243,0.05272447317838669,0.00013484539522323757,7.211192634779678e-14,10.0
4295,21.332351684570312,21.083736419677734,0.03670206665992737,0.02486151084303856,0.735214352607727,0.07137323915958405,0.00014950359764043242,6.695222176146542e-14,10.0
4296,21.858509063720703,21.28763198852539,0.04334520548582077,0.05708763748407364,0.7671941518783569,0.04091080650687218,0.00013794116966892034,7.200150713279271e-14,10.0
4297,22.54011344909668,22.07581329345703,0.06585676223039627,0.04643002897500992,0.7482137680053711,0.06890096515417099,0.00015249033458530903,4.813160029500281e-14,10.0
4298,22.39104652404785,21.907136917114258,0.07223914563655853,0.048391006886959076,0.7398718595504761,0.0641086995601654,0.00016437738668173552,8.14307659930541e-14,10.0
4299,22.833694458007812,21.997350692749023,0.06447401642799377,0.08363435417413712,0.7207409143447876,0.09460905194282532,0.00017502601258456707,6.735608707071628e-14,10.0
4300,22.057348251342773,21.58062744140625,0.057485949248075485,0.0476720817387104,0.7574318051338196,0.048253435641527176,0.00013480203051585704,7.192052400677162e-14,10.0
4301,22.365076065063477,21.81073570251465,0.05888400599360466,0.055433984845876694,0.7701884508132935,0.04330760985612869,0.00012346864969003946,8.487936915824168e-14,10.0
4302,22.078310012817383,21.261640548706055,0.05084994062781334,0.08166687935590744,0.7470290660858154,0.05253748595714569,0.00012295885244384408,6.249850897227516e-14,10.0
4303,21.42264175415039,21.41671371459961,0.047594014555215836,0.0005927322199568152,0.7634488940238953,0.04557328298687935,0.00013109392602927983,6.62911565918467e-14,10.0
4304,21.793428421020508,21.053726196289062,0.04176145792007446,0.07397016882896423,0.7408758401870728,0.059439148753881454,0.00018143198394682258,6.719627567049191e-14,10.0
4305,21.46238899230957,20.99680519104004,0.03459366038441658,0.04655841737985611,0.7526960372924805,0.052523527294397354,0.00014737907622475177,7.420498541804363e-14,10.0
4306,21.542238235473633,21.07925796508789,0.041055794805288315,0.04629794508218765,0.7389410734176636,0.0631188452243805,0.00013664367725141346,7.988057372683433e-14,10.0
4307,22.06674575805664,21.320209503173828,0.04346252977848053,0.07465354353189468,0.7582657933235168,0.05102614313364029,0.0001347546640317887,7.285353418630403e-14,10.0
4308,21.772058486938477,21.217784881591797,0.03596074879169464,0.05542731285095215,0.7422617673873901,0.07043033093214035,0.00014644993643742055,7.975889236176356e-14,10.0
4309,21.451459884643555,21.091209411621094,0.040228862315416336,0.036025118082761765,0.7392625212669373,0.06409122049808502,0.00016443808272015303,8.019926817917286e-14,10.0
4310,21.401424407958984,20.965110778808594,0.037923961877822876,0.04363129660487175,0.7219685912132263,0.07865477353334427,0.00014265146455727518,6.764995329330489e-14,10.0
4311,21.68694305419922,21.491960525512695,0.034078218042850494,0.01949828304350376,0.7869127988815308,0.03863472491502762,0.00013177610526327044,6.290124942177205e-14,10.0
4312,22.172109603881836,21.149089813232422,0.043081674724817276,0.10230191797018051,0.7331696152687073,0.06965673714876175,0.00013876333832740784,8.077214027832347e-14,10.0
4313,21.39274024963379,21.006671905517578,0.04298970848321915,0.038606908172369,0.7377594113349915,0.059456195682287216,0.00015384150901809335,8.729966754919896e-14,10.0
4314,21.379926681518555,21.300201416015625,0.04875699803233147,0.007972481660544872,0.721676230430603,0.08151364326477051,0.0001528324355604127,7.737803182483044e-14,10.0
4315,21.63395118713379,21.47150993347168,0.05803241208195686,0.01624421589076519,0.7278321981430054,0.07293607294559479,0.00014934899809304625,7.843151041825314e-14,10.0
4316,21.611778259277344,21.527740478515625,0.059237852692604065,0.008403853513300419,0.7317686080932617,0.07004386931657791,0.00014816537441220134,9.023202107369399e-14,10.0
4317,21.712562561035156,21.600313186645508,0.054255131632089615,0.011224954389035702,0.7442414164543152,0.0654536634683609,0.00015579111641272902,1.030992579178526e-13,10.0
4318,21.661373138427734,21.60900115966797,0.06212668865919113,0.005237166304141283,0.7482460737228394,0.053934495896101,0.00013198370288591832,1.0640241536160125e-13,10.0
4319,21.660980224609375,21.616857528686523,0.0596131905913353,0.004412225913256407,0.7556822299957275,0.0493168905377388,0.00015505013288930058,4.798697788958861e-14,10.0
4320,22.106176376342773,22.063426971435547,0.07630597800016403,0.004274886567145586,0.751136064529419,0.05503211170434952,0.00015712196181993932,6.195537789396854e-14,10.0
4321,21.988643646240234,21.97713851928711,0.0789654478430748,0.0011505074799060822,0.7375766038894653,0.06248443201184273,0.00014763591752853245,7.202994033476615e-14,10.0
4322,21.661771774291992,21.6597843170166,0.06535419076681137,0.00019878790772054344,0.7469702363014221,0.05400560796260834,0.00015350141620729119,6.329032892389563e-14,10.0
4323,21.712982177734375,21.71297264099121,0.06388726830482483,8.734461971471319e-07,0.7376111745834351,0.06695781648159027,0.0001566935097798705,9.553267871871204e-14,10.0
4324,21.47193145751953,21.4719295501709,0.043989237397909164,1.9032680143027392e-07,0.7596162557601929,0.05521690100431442,0.00013702768774237484,1.1149472323038548e-13,10.0
4325,21.335432052612305,21.335430145263672,0.05187888815999031,1.8868132656280068e-07,0.7475089430809021,0.05396478623151779,0.0001615497312741354,7.236295980830865e-14,10.0
4326,21.61077117919922,21.61077117919922,0.05079177767038345,7.042431526826931e-09,0.7573986649513245,0.05618445947766304,0.0001397263549733907,7.924079957737779e-14,10.0
4327,21.52779197692871,21.52779197692871,0.05817331373691559,3.6684240090067988e-09,0.7374776601791382,0.06539992243051529,0.00015197257744148374,6.775133297269587e-14,10.0
4328,21.78337860107422,21.78337860107422,0.05048108473420143,4.971518752228121e-09,0.7515062093734741,0.06928019225597382,0.00016922435315791517,7.029952656242497e-14,10.0
4329,21.426280975341797,21.426280975341797,0.043011374771595,6.083051395933126e-09,0.7380021810531616,0.07598560303449631,0.00013019668404012918,1.0147418116283197e-13,10.0
4330,20.899168014526367,20.899168014526367,0.03352293744683266,8.015902608349279e-09,0.7453670501708984,0.05701373517513275,0.0001574992056703195,8.506324984669522e-14,10.0
4331,20.820079803466797,20.820079803466797,0.03419896215200424,9.018013003014858e-09,0.7316468358039856,0.06690122932195663,0.0001404532667947933,7.496424542317165e-14,10.0
4332,21.292573928833008,21.292573928833008,0.03822335973381996,6.969282484448058e-09,0.7345088720321655,0.07891128957271576,0.00014851258310955018,6.789115439536503e-14,10.0
4333,20.856618881225586,20.856618881225586,0.02817378379404545,6.958485343488974e-09,0.7358933687210083,0.0701385959982872,0.00014738517347723246,1.0722428804219031e-13,10.0
4334,20.937530517578125,20.937530517578125,0.031677864491939545,5.894653654081594e-09,0.7529869675636292,0.05276879295706749,0.0001689316559350118,5.1753279396368757e-14,10.0
4335,21.0542049407959,21.0542049407959,0.03268943354487419,7.106429222858424e-09,0.758691132068634,0.05073058605194092,0.00014259169984143227,4.6653050075461805e-14,10.0
4336,20.965564727783203,20.965564727783203,0.03479880839586258,6.706954103208318e-09,0.7365774512290955,0.06717982143163681,0.00016637954104226083,6.913018063808146e-14,10.0
4337,21.705554962158203,21.705554962158203,0.04332093521952629,8.41100700199604e-09,0.738793134689331,0.08604088425636292,0.0001681686844676733,6.469761656751824e-14,10.0
4338,21.33350372314453,21.33350372314453,0.03472800925374031,3.6723661889226378e-09,0.771679162979126,0.04687321558594704,0.00014931093028280884,6.221858152386656e-14,10.0
4339,20.894075393676758,20.894075393676758,0.03752435743808746,2.106797847289954e-09,0.737105667591095,0.06106565520167351,0.00016843440243974328,5.418533460463393e-14,10.0
4340,20.819820404052734,20.819820404052734,0.03191536292433739,4.832410915867058e-09,0.7472140789031982,0.05360232666134834,0.00015270015865098685,7.835771690788834e-14,10.0
4341,20.929141998291016,20.929141998291016,0.035935938358306885,1.579476460733531e-08,0.7367890477180481,0.06438133865594864,0.0001484128151787445,7.809377466526032e-14,10.0
4342,20.81317901611328,20.81317901611328,0.03673647344112396,5.891585530548582e-08,0.7319481372833252,0.06378234177827835,0.00015039868594612926,7.44843368840481e-14,10.0
4343,20.85256004333496,20.852558135986328,0.03208380192518234,1.887156457769379e-07,0.7448657155036926,0.05709151178598404,0.00015309290029108524,8.402935465501304e-14,10.0
4344,21.0765438079834,21.0765380859375,0.04142332077026367,6.271968686633045e-07,0.7233299612998962,0.07824350893497467,0.00016192301700357348,5.77488835288957e-14,10.0
4345,20.93897247314453,20.938953399658203,0.03640259802341461,1.9351407445356017e-06,0.7532344460487366,0.047862663865089417,0.00014603868476115167,7.853563448439321e-14,10.0
4346,20.963253021240234,20.963199615478516,0.03211513161659241,5.4154575082066e-06,0.7402880191802979,0.06605791300535202,0.0001673738588578999,8.002011732269679e-14,10.0
4347,20.87065887451172,20.870532989501953,0.033133845776319504,1.2616347703442443e-05,0.7413414120674133,0.06029133126139641,0.0001367612712783739,8.010375674404047e-14,10.0
4348,20.763431549072266,20.763214111328125,0.03656989708542824,2.180118281103205e-05,0.7323022484779358,0.06159316748380661,0.00015819542750250548,5.615719003639226e-14,10.0
4349,21.042335510253906,21.0419921875,0.03635652735829353,3.430576543905772e-05,0.7391065955162048,0.06615354120731354,0.00015758801600895822,7.878821293300087e-14,10.0
4350,21.063322067260742,21.062816619873047,0.02553570084273815,5.0561957323225215e-05,0.7551582455635071,0.06176023185253143,0.0001461475621908903,5.590408303922552e-14,10.0
4351,20.72768783569336,20.727319717407227,0.02891409397125244,3.678481880342588e-05,0.7427707314491272,0.057340335100889206,0.0001689862838247791,7.175853742593871e-14,10.0
4352,21.099971771240234,21.0994873046875,0.03636976331472397,4.849068136536516e-05,0.767886757850647,0.039655767381191254,0.00016810385568533093,7.025014115346825e-14,10.0
4353,21.026880264282227,21.026235580444336,0.04219208285212517,6.43986277282238e-05,0.7188971042633057,0.0798959881067276,0.00016065494855865836,9.118779272258501e-14,10.0
4354,20.837080001831055,20.83603286743164,0.033860672265291214,0.00010466791718499735,0.7306060194969177,0.06891001015901566,0.0001615207875147462,7.121232314770409e-14,10.0
4355,21.23653793334961,21.2349853515625,0.04810912907123566,0.00015521400200668722,0.7181318998336792,0.08308815956115723,0.00017574976664036512,7.40186313933841e-14,10.0
4356,21.229570388793945,21.227703094482422,0.038934554904699326,0.00018666642426978797,0.7167811989784241,0.09333891421556473,0.00013346342893783003,7.334745603850695e-14,10.0
4357,21.14588737487793,21.144044876098633,0.038517195731401443,0.0001842795027187094,0.7470693588256836,0.060114018619060516,0.0001530120352981612,7.539827865787191e-14,10.0
4358,21.414541244506836,21.412351608276367,0.05511779338121414,0.00021891329379286617,0.7502444982528687,0.05107676237821579,0.0001374358544126153,5.970510273244772e-14,10.0
4359,21.050195693969727,21.04813575744629,0.03363440930843353,0.00020602457516361028,0.7460145354270935,0.06222114711999893,0.00013827467046212405,5.290592183099241e-14,10.0
4360,20.899839401245117,20.898067474365234,0.032893870025873184,0.0001772118848748505,0.7435844540596008,0.059385452419519424,0.00014732668932992965,5.183530945511265e-14,10.0
4361,21.320655822753906,21.318607330322266,0.05492287874221802,0.00020485695858951658,0.7261181473731995,0.0716412365436554,0.0001551310415379703,8.350135497327618e-14,10.0
4362,20.992977142333984,20.990955352783203,0.03337123990058899,0.0002021170948864892,0.7621812224388123,0.04403446614742279,0.00012824682926293463,7.306267678537648e-14,10.0
4363,20.898927688598633,20.8970890045166,0.03586855158209801,0.00018391810590401292,0.7323659062385559,0.06758643686771393,0.00015676011389587075,7.634206309649338e-14,10.0
4364,22.06659698486328,22.064659118652344,0.0582551583647728,0.0001937639171956107,0.7261074781417847,0.09816169738769531,0.00015505199553444982,6.373165341820586e-14,10.0
4365,21.572391510009766,21.571136474609375,0.04125886783003807,0.00012552323460113257,0.7375475168228149,0.08396749943494797,0.00017897637735586613,5.768162911288371e-14,10.0
4366,21.216556549072266,21.215579986572266,0.037204548716545105,9.760184184415266e-05,0.7382763624191284,0.0730884000658989,0.00013491786376107484,9.033585376050021e-14,10.0
4367,21.280406951904297,21.278249740600586,0.030555780977010727,0.00021579522581305355,0.7852200269699097,0.0352998785674572,0.00013568559370469302,6.999765079628711e-14,10.0
4368,20.761106491088867,20.758398056030273,0.024041797965765,0.0002707763633225113,0.7605371475219727,0.04569678381085396,0.00015044043539091945,7.598544189690859e-14,10.0
4369,21.3367977142334,21.333423614501953,0.04267916455864906,0.00033742847153916955,0.7630225419998169,0.04757937416434288,0.00013987651618663222,8.311548064382501e-14,10.0
4370,21.272485733032227,21.267681121826172,0.04637329280376434,0.0004804600030183792,0.7356824278831482,0.06859792768955231,0.00013399058661889285,8.441810889648488e-14,10.0
4371,21.252330780029297,21.24664306640625,0.02588687837123871,0.0005686938529834151,0.7617074251174927,0.062211085110902786,0.00015075468400027603,8.931592444805236e-14,10.0
4372,20.880130767822266,20.873241424560547,0.03574736416339874,0.0006889253272674978,0.7395197749137878,0.059598471969366074,0.00016002329357434064,8.284832645226101e-14,10.0
4373,21.05329704284668,21.024232864379883,0.036987703293561935,0.002906498033553362,0.7365163564682007,0.06740199774503708,0.00015825692389626056,7.771368048864122e-14,10.0
4374,21.443256378173828,21.418745040893555,0.03689583018422127,0.0024510424118489027,0.7263075113296509,0.09348254650831223,0.00015978117880877107,6.358084089601312e-14,10.0
4375,21.294654846191406,21.226762771606445,0.04934164136648178,0.006789213512092829,0.7309194207191467,0.06874800473451614,0.00015361369878519326,7.470867864232608e-14,10.0
4376,21.17367172241211,21.12824821472168,0.034620314836502075,0.004542366601526737,0.7430627346038818,0.06738559156656265,0.0001533413160359487,9.058139844751387e-14,10.0
4377,21.132936477661133,21.0927791595459,0.03737452253699303,0.004015753511339426,0.7549789547920227,0.051303427666425705,0.0001358203444397077,9.110349600367426e-14,10.0
4378,21.528724670410156,21.502321243286133,0.049178168177604675,0.0026402792427688837,0.7402197122573853,0.07062254101037979,0.00018109571828972548,5.030227130014067e-14,10.0
4379,20.903072357177734,20.88360595703125,0.02646932750940323,0.0019466810626909137,0.7688184976577759,0.0400000661611557,0.00014070777979213744,9.170438117645646e-14,10.0
4380,21.334741592407227,21.171995162963867,0.04099500924348831,0.016274651512503624,0.7610692977905273,0.044760286808013916,0.00013792979007121176,8.388815765083754e-14,10.0
4381,21.52729034423828,21.139970779418945,0.040901198983192444,0.03873201087117195,0.7247599363327026,0.07987572252750397,0.00015497351705562323,9.213261392953392e-14,10.0
4382,21.980066299438477,21.69174575805664,0.046839263290166855,0.028832143172621727,0.7567020654678345,0.06407300382852554,0.00013864766515325755,8.529841329790733e-14,10.0
4383,21.855632781982422,21.793325424194336,0.04955188184976578,0.006230724509805441,0.781635582447052,0.04049279913306236,0.00013206711446400732,7.329792155175152e-14,10.0
4384,21.989173889160156,21.852825164794922,0.06484891474246979,0.013634968549013138,0.7417659163475037,0.06744083762168884,0.0001431708224117756,1.0252306544954876e-13,10.0
4385,22.09200668334961,21.9370059967041,0.07184099406003952,0.01550001185387373,0.7414044141769409,0.06417100876569748,0.00015957442519720644,8.075259753416442e-14,10.0
4386,23.036211013793945,22.891809463500977,0.09042102098464966,0.014440178871154785,0.7243519425392151,0.10083869844675064,0.00015186736709438264,1.078381633122516e-13,10.0
4387,22.52127456665039,22.368465423583984,0.09152203053236008,0.015280946157872677,0.7346418499946594,0.06850853562355042,0.00016561428492423147,7.97025477301122e-14,10.0
4388,22.4311580657959,22.351089477539062,0.09372571855783463,0.00800678227096796,0.7452728748321533,0.05498243123292923,0.00015625999367330223,6.580236437117234e-14,10.0
4389,22.543638229370117,22.413307189941406,0.08395648002624512,0.01303302962332964,0.7688314318656921,0.04368418827652931,0.0001506431435700506,7.833692055496735e-14,10.0
4390,22.65966033935547,22.395715713500977,0.08152321726083755,0.026394467800855637,0.7595406770706177,0.05470753088593483,0.0001427830575266853,5.640260597439793e-14,10.0
4391,22.047964096069336,21.817123413085938,0.0586434081196785,0.023084159940481186,0.7436196208000183,0.07037001103162766,0.00012973563570994884,8.785675095421275e-14,10.0
4392,21.35926055908203,21.288156509399414,0.05070881545543671,0.007110411301255226,0.7343048453330994,0.06643405556678772,0.00019643873383756727,5.981182888380177e-14,10.0
4393,21.564226150512695,21.38405990600586,0.05400818958878517,0.018016600981354713,0.7414294481277466,0.059865713119506836,0.00014763449144084007,7.494295440300947e-14,10.0
4394,21.79493522644043,21.595300674438477,0.054749779403209686,0.019963519647717476,0.7513285875320435,0.05768176168203354,0.00012985676585230976,7.821982672033892e-14,10.0
4395,22.246135711669922,22.10909652709961,0.07895013689994812,0.013703986071050167,0.7386423349380493,0.06671114265918732,0.00015064659237395972,7.242362091985921e-14,10.0
4396,21.994674682617188,21.775327682495117,0.06818781048059464,0.02193465642631054,0.741015613079071,0.06174807623028755,0.00015417496615555137,7.723007210960406e-14,10.0
4397,22.305044174194336,22.09870719909668,0.06876453012228012,0.02063378319144249,0.773473858833313,0.041658226400613785,0.00012915986008010805,8.641323740550197e-14,10.0
4398,21.515317916870117,21.387802124023438,0.0531931146979332,0.012751650996506214,0.7502351403236389,0.052021633833646774,0.00015552791592199355,6.649411923853599e-14,10.0
4399,21.497499465942383,21.351512908935547,0.04568571597337723,0.014598668552935123,0.7405719757080078,0.06774566322565079,0.0001428833929821849,5.143603506443592e-14,10.0
4400,21.537389755249023,21.34030532836914,0.046470969915390015,0.019708486273884773,0.7532705664634705,0.053814735263586044,0.00014001662202645093,8.07147182207632e-14,10.0
4401,21.636341094970703,21.450599670410156,0.05641068518161774,0.01857406087219715,0.7178220748901367,0.08372979611158371,0.0001534637121949345,8.002551800476848e-14,10.0
4402,21.777135848999023,21.638202667236328,0.05581614375114441,0.013893402181565762,0.7287418246269226,0.08089632540941238,0.00018460636783856899,7.071361725341507e-14,10.0
4403,21.31867790222168,21.143831253051758,0.03120969422161579,0.017484748736023903,0.7748199105262756,0.03966815769672394,0.00013861175102647394,7.677884749420633e-14,10.0
4404,21.415172576904297,21.270723342895508,0.038750436156988144,0.01444490347057581,0.7586519122123718,0.053370341658592224,0.00014065077994018793,6.572600265691148e-14,10.0
4405,21.442996978759766,21.351991653442383,0.051474593579769135,0.009100583381950855,0.7322186231613159,0.07032117247581482,0.00016313116066157818,6.668674808326877e-14,10.0
4406,21.94974708557129,21.684507369995117,0.052566781640052795,0.026523901149630547,0.7516171932220459,0.06312951445579529,0.0001671364443609491,8.149306696039055e-14,10.0
4407,21.573217391967773,21.29305648803711,0.04594944044947624,0.02801603451371193,0.738862931728363,0.06684720516204834,0.0001567210565553978,7.05441835589099e-14,10.0
4408,21.24240493774414,21.10858726501465,0.035383984446525574,0.013381747528910637,0.7601718902587891,0.048734501004219055,0.0001326856145169586,7.662942410604709e-14,10.0
4409,21.427518844604492,21.34116554260254,0.045714665204286575,0.008635367266833782,0.753576934337616,0.0542839840054512,0.00017751513223629445,6.176985057346554e-14,10.0
4410,21.622678756713867,21.481796264648438,0.054912012070417404,0.014088328927755356,0.7283273339271545,0.07596662640571594,0.0001646495220484212,9.543316251180503e-14,10.0
4411,21.93889808654785,21.8275146484375,0.048809681087732315,0.01113841775804758,0.7870571613311768,0.037183359265327454,0.00012589283869601786,8.735901406561539e-14,10.0
4412,22.31880760192871,22.193330764770508,0.0735364556312561,0.012547655962407589,0.7526344656944275,0.06150965765118599,0.00013170733291190118,8.433505901007249e-14,10.0
4413,22.304670333862305,22.204484939575195,0.08468419313430786,0.010018575936555862,0.7481644749641418,0.05527104437351227,0.0001491895818617195,9.83668916178064e-14,10.0
4414,22.27996826171875,22.199344635009766,0.08187247812747955,0.008062395267188549,0.7576766610145569,0.048373136669397354,0.00012876502296421677,1.2594847311354213e-13,10.0
4415,22.58247184753418,22.273351669311523,0.0854433998465538,0.030911963433027267,0.7375872135162354,0.06783629953861237,0.00016779243014752865,7.942791254355805e-14,10.0
4416,22.191173553466797,21.80572509765625,0.056405484676361084,0.03854475915431976,0.7522053122520447,0.06355497241020203,0.00015812493802513927,9.580261795460662e-14,10.0
4417,21.69774055480957,21.690855026245117,0.06700097769498825,0.0006885763723403215,0.7457872629165649,0.054790616035461426,0.00013831285468768328,7.49259459814286e-14,10.0
4418,21.829330444335938,21.412765502929688,0.046390581876039505,0.041656557470560074,0.7607185244560242,0.04933581128716469,0.00016422798216808587,8.256433324570558e-14,10.0
4419,21.500795364379883,21.21156883239746,0.04480259120464325,0.02892274037003517,0.735866129398346,0.06772772967815399,0.00016573007451370358,7.761540433796899e-14,10.0
4420,21.325735092163086,21.157432556152344,0.039263829588890076,0.016830166801810265,0.7573060989379883,0.04967131465673447,0.0001402372872689739,8.759237503071574e-14,10.0
4421,21.38271141052246,21.146114349365234,0.036635350435972214,0.023659640923142433,0.7649872899055481,0.0441574901342392,0.00016124571266118437,4.253996311568038e-14,10.0
4422,21.351810455322266,21.07667350769043,0.03847384825348854,0.027513641864061356,0.7630189657211304,0.0415094755589962,0.0001616927474969998,7.195162028033122e-14,10.0
4423,21.11246681213379,21.005802154541016,0.03268596529960632,0.010666378773748875,0.7323206067085266,0.0751640796661377,0.0001533563045086339,8.836697649658443e-14,10.0
4424,21.34391212463379,20.988719940185547,0.036203235387802124,0.035519182682037354,0.748231828212738,0.05505118891596794,0.00015645859821233898,7.075332615798235e-14,10.0
4425,21.907333374023438,21.273935317993164,0.03993135690689087,0.06333985179662704,0.735537588596344,0.0754290521144867,0.00014863397518638521,7.803524807673684e-14,10.0
4426,21.51816177368164,21.315977096557617,0.04976537078619003,0.02021840773522854,0.7433460354804993,0.05946991592645645,0.00014431840099859983,7.780567504297661e-14,10.0
4427,22.43141746520996,22.02714729309082,0.08050568401813507,0.04042704775929451,0.7244728803634644,0.07604826241731644,0.0001476062461733818,7.811888749808052e-14,10.0
4428,22.818281173706055,22.579824447631836,0.09358177334070206,0.02384566143155098,0.7510600686073303,0.05849104002118111,0.000150149644468911,8.334409822442074e-14,10.0
4429,23.421279907226562,22.84388542175293,0.10685627907514572,0.057739537209272385,0.7478019595146179,0.059026896953582764,0.00017558321997057647,7.4890160533473e-14,10.0
4430,22.211788177490234,21.93585968017578,0.07205116748809814,0.027592888101935387,0.7624621987342834,0.04286275431513786,0.00014555999950971454,6.138667319691843e-14,10.0
4431,22.106992721557617,21.72587776184082,0.05438338220119476,0.03811158239841461,0.7605771422386169,0.054014336317777634,0.00015046296175569296,1.109344278764357e-13,10.0
4432,21.385555267333984,21.307390213012695,0.048879388719797134,0.007816523313522339,0.7434165477752686,0.059937041252851486,0.0001565567363286391,6.47966245546569e-14,10.0
4433,21.156108856201172,21.054048538208008,0.04221917316317558,0.010206046514213085,0.7471291422843933,0.05275125801563263,0.00015594169963151217,7.705580693916775e-14,10.0
4434,21.296689987182617,21.214120864868164,0.0481218583881855,0.008256818167865276,0.7307226061820984,0.06966332346200943,0.00014260261377785355,1.0453594099287672e-13,10.0
4435,21.16265869140625,21.029565811157227,0.03985338285565376,0.013309327885508537,0.7482243776321411,0.0530489943921566,0.000139536292408593,1.0186968456282752e-13,10.0
4436,21.34648895263672,21.127944946289062,0.04238973185420036,0.021854374557733536,0.7509264349937439,0.05173551291227341,0.00016520773351658136,6.64062243236653e-14,10.0
4437,21.25107765197754,21.186126708984375,0.04019083455204964,0.00649507250636816,0.7588835954666138,0.04831377789378166,0.00014228934014681727,7.160114515181171e-14,10.0
4438,21.36149024963379,21.31917953491211,0.05178467929363251,0.004230989143252373,0.7411507964134216,0.0597759485244751,0.00013945931277703494,7.325191072205667e-14,10.0
4439,21.470340728759766,21.418283462524414,0.05179328843951225,0.005205782596021891,0.7499918341636658,0.05488504469394684,0.0001529406727058813,7.714223818110558e-14,10.0
4440,21.832326889038086,21.770631790161133,0.06484890729188919,0.006169461645185947,0.7399848699569702,0.06593006104230881,0.0001535905321361497,9.138867505635584e-14,10.0
4441,21.607582092285156,21.495759963989258,0.05085933953523636,0.011182164773344994,0.7476959228515625,0.061208777129650116,0.000165724239195697,7.142356638848574e-14,10.0
4442,21.970294952392578,21.81447982788086,0.06144925206899643,0.015581602230668068,0.7509209513664246,0.06015120819211006,0.00014448117872234434,8.73402844730857e-14,10.0
4443,21.863927841186523,21.782480239868164,0.0586470365524292,0.008144762367010117,0.7369565367698669,0.07563082873821259,0.00016221834812313318,1.175033242364551e-13,10.0
4444,21.12356948852539,21.093626022338867,0.03629591688513756,0.002994288457557559,0.7590470910072327,0.048342265188694,0.00014940222899895161,1.0004928201017005e-13,10.0
4445,21.071712493896484,21.01310920715332,0.04174843803048134,0.00586027093231678,0.7437205910682678,0.054989639669656754,0.00016413722187280655,1.0565821221414362e-13,10.0
4446,21.51166343688965,21.405719757080078,0.034336574375629425,0.010594441555440426,0.7266784906387329,0.09515855461359024,0.00013816873251926154,8.911002767923379e-14,10.0
4447,21.20530891418457,21.095251083374023,0.030709926038980484,0.011005749925971031,0.7679913640022278,0.0450466088950634,0.0001555046037537977,8.093839590521054e-14,10.0
4448,21.48995590209961,21.37086296081543,0.04775657877326012,0.01190925482660532,0.7231605648994446,0.0838509276509285,0.00016620836686342955,1.0024274433532293e-13,10.0
4449,21.586719512939453,21.46746826171875,0.0506327822804451,0.011925109662115574,0.7461474537849426,0.06186307966709137,0.00013855505676474422,1.3188294857233163e-13,10.0
4450,22.069162368774414,21.82451820373535,0.04703082516789436,0.02446434088051319,0.7333757877349854,0.09251458197832108,0.00014904326235409826,7.608100754214961e-14,10.0
4451,21.413602828979492,21.254695892333984,0.03947308659553528,0.015890784561634064,0.7389861941337585,0.07167080044746399,0.00014411218580789864,1.0679915881783159e-13,10.0
4452,21.059022903442383,21.045921325683594,0.031648386269807816,0.0013101138174533844,0.7498010993003845,0.06032797321677208,0.00014834535249974579,8.585916943778041e-14,10.0
4453,21.079137802124023,21.01409912109375,0.029248792678117752,0.006503869313746691,0.7469657063484192,0.06428065896034241,0.00017196213593706489,7.787586358111789e-14,10.0
4454,21.137035369873047,21.021909713745117,0.03065696358680725,0.011512627825140953,0.748771607875824,0.06138793006539345,0.0001497049379395321,1.2268230051640239e-13,10.0
4455,20.929929733276367,20.82809829711914,0.026797441765666008,0.010183201171457767,0.7615689635276794,0.04470120370388031,0.0001406697410857305,8.457906548525393e-14,10.0
4456,21.10863494873047,21.00980567932129,0.03623172640800476,0.009882834739983082,0.750214159488678,0.053888022899627686,0.00014597615518141538,9.74943460381808e-14,10.0
4457,20.96224021911621,20.830102920532227,0.03934996947646141,0.013213718309998512,0.721730649471283,0.07205682247877121,0.0001667963806539774,7.764694106866116e-14,10.0
4458,20.96279525756836,20.830366134643555,0.033550817519426346,0.01324282307177782,0.752420961856842,0.047177620232105255,0.0001633518113521859,8.377049461006855e-14,10.0
4459,21.80927848815918,21.7454776763916,0.0477026030421257,0.006380174774676561,0.741247296333313,0.08080868422985077,0.00015110128151718527,7.23369999425412e-14,10.0
4460,21.4150333404541,21.271682739257812,0.0491507463157177,0.014335033483803272,0.7324098348617554,0.06924835592508316,0.00014583849406335503,8.911867419155936e-14,10.0
4461,22.1374454498291,21.89299774169922,0.055422618985176086,0.024444859474897385,0.7399758696556091,0.08026528358459473,0.00014035684580449015,8.356673236427706e-14,10.0
4462,21.807668685913086,21.641822814941406,0.044011615216732025,0.016584625467658043,0.7524003982543945,0.06920027732849121,0.0001516549091320485,9.866819140154012e-14,10.0
4463,21.60559844970703,21.516834259033203,0.050745196640491486,0.008876340463757515,0.7465894222259521,0.06327561289072037,0.00015799369430169463,6.417641347815015e-14,10.0
4464,21.346181869506836,21.286422729492188,0.04378305748105049,0.005975946318358183,0.7519442439079285,0.05567073076963425,0.00014730246039107442,9.524901754907195e-14,10.0
4465,21.279664993286133,21.192140579223633,0.04592302069067955,0.008752535097301006,0.7441120147705078,0.0575878769159317,0.00015678443014621735,9.522010323238447e-14,10.0
4466,22.01660919189453,21.924205780029297,0.062487587332725525,0.009240328334271908,0.7748330235481262,0.03959106653928757,0.00014149118214845657,1.0637787851118519e-13,10.0
4467,21.720151901245117,21.643800735473633,0.0613686740398407,0.007635027170181274,0.7545900344848633,0.0497322753071785,0.00015281823289114982,9.969781077090456e-14,10.0
4468,21.998722076416016,21.9163818359375,0.07148758322000504,0.008233974687755108,0.7361834645271301,0.06892528384923935,0.0001472747972002253,1.1129270248433354e-13,10.0
4469,22.187524795532227,22.147642135620117,0.07086885720491409,0.003988243173807859,0.7490039467811584,0.06597680598497391,0.00014015560736879706,9.04525613481047e-14,10.0
4470,21.903520584106445,21.81536102294922,0.06431587040424347,0.00881586316972971,0.7592160701751709,0.04901818931102753,0.00016084962408058345,8.811296148009823e-14,10.0
4471,21.705230712890625,21.47652816772461,0.05653183534741402,0.022870289161801338,0.7431083917617798,0.05936259403824806,0.00014594716776628047,1.1321346827684528e-13,10.0
4472,21.96531867980957,21.689252853393555,0.06381195038557053,0.02760654129087925,0.7528243660926819,0.05087311938405037,0.0001516323391115293,1.1758641478044896e-13,10.0
4473,21.637239456176758,21.502798080444336,0.04404813423752785,0.013444158248603344,0.7569286227226257,0.05907845497131348,0.00014171375369187444,8.42577147375928e-14,10.0
4474,21.37592124938965,21.343210220336914,0.05037772282958031,0.0032711827661842108,0.7230739593505859,0.08021185547113419,0.00016214964853134006,1.1592715177567714e-13,10.0
4475,21.66606330871582,21.6583251953125,0.049737948924303055,0.0007737177656963468,0.7488335967063904,0.06770549714565277,0.00013980500807520002,1.0413970575641474e-13,10.0
4476,21.791973114013672,21.767406463623047,0.04870173707604408,0.002456645481288433,0.7266560792922974,0.09527596831321716,0.00015625686501152813,1.0663312680764259e-13,10.0
4477,21.79464340209961,21.773340225219727,0.047867611050605774,0.0021303847897797823,0.7488414645195007,0.07416185736656189,0.00015678042836952955,1.4216484434982635e-13,10.0
4478,21.38321304321289,21.35677719116211,0.048622239381074905,0.002643541432917118,0.7564164996147156,0.049174316227436066,0.00014521561388392001,1.1019990123336751e-13,10.0
4479,21.76813316345215,21.73872184753418,0.06709761172533035,0.0029411809518933296,0.7443308234214783,0.058048803359270096,0.00017908426525536925,8.270061068252343e-14,10.0
4480,21.82332420349121,21.803937911987305,0.06020716577768326,0.0019386638887226582,0.7514854073524475,0.06039856746792793,0.0001658671535551548,7.641538226840772e-14,10.0
4481,22.083011627197266,22.064455032348633,0.07781679183244705,0.0018556283321231604,0.7412649393081665,0.0634363442659378,0.00015027566405478865,9.836420144116592e-14,10.0
4482,22.13570213317871,22.105249404907227,0.07795728743076324,0.0030452676583081484,0.7553719282150269,0.050821565091609955,0.00014804041711613536,8.379755900679922e-14,10.0
4483,21.905996322631836,21.880666732788086,0.0720025897026062,0.0025328814517706633,0.743869423866272,0.05928800255060196,0.00016674622020218521,9.412207748219978e-14,10.0
4484,22.114534378051758,22.101089477539062,0.07044107466936111,0.0013444502837955952,0.755591094493866,0.057950448244810104,0.00015246520342770964,6.925138088843819e-14,10.0
4485,21.50450325012207,21.498004913330078,0.05418331176042557,0.0006497554131783545,0.7503405809402466,0.05532956123352051,0.00016669993055984378,8.9192454149397e-14,10.0
4486,21.536718368530273,21.524642944335938,0.05892288312315941,0.0012075603008270264,0.7371252775192261,0.06488002091646194,0.00014408474089577794,1.0946643846368107e-13,10.0
4487,21.474367141723633,21.461814880371094,0.03728308901190758,0.0012553040869534016,0.7765057682991028,0.04463275894522667,0.00012756441719830036,5.801464181016264e-14,10.0
4488,21.268367767333984,21.255556106567383,0.04314840957522392,0.0012811921769753098,0.7645227313041687,0.04249640926718712,0.00013667825260199606,8.544600031863692e-14,10.0
4489,21.509151458740234,21.498123168945312,0.04449470341205597,0.0011027493746951222,0.7574235796928406,0.05795372650027275,0.0001324128097621724,9.511193373688831e-14,10.0
4490,21.137086868286133,21.13247299194336,0.04002212733030319,0.00046135744196362793,0.753365159034729,0.051854781806468964,0.00014216189447324723,1.1347501172216667e-13,10.0
4491,21.12347984313965,21.121307373046875,0.038195423781871796,0.0002171900705434382,0.7406367659568787,0.065955251455307,0.00016213074559345841,7.769625871498209e-14,10.0
4492,21.14993667602539,21.148799896240234,0.03491118177771568,0.0001136984137701802,0.7525115609169006,0.05847170576453209,0.0001438076578779146,8.907206027440606e-14,10.0
4493,21.211685180664062,21.211462020874023,0.035531312227249146,2.2324706151266582e-05,0.7340260148048401,0.07883200794458389,0.0001727281342027709,6.842503587388762e-14,10.0
4494,20.995037078857422,20.995019912719727,0.03042544238269329,1.6927464230320766e-06,0.7631436586380005,0.04617588222026825,0.00013949057029094547,6.74370295391559e-14,10.0
4495,21.262815475463867,21.262815475463867,0.029861172661185265,9.065287542853184e-08,0.7664592862129211,0.05413161963224411,0.00015137165610212833,1.0174981923639567e-13,10.0
4496,21.000038146972656,21.000038146972656,0.03545041009783745,1.4104610812637475e-08,0.7287988066673279,0.07568731158971786,0.00016232683265116066,8.902101468087273e-14,10.0
4497,20.871135711669922,20.871135711669922,0.03754027187824249,4.0932459199893856e-08,0.7238805294036865,0.07335608452558517,0.00017128307081293315,7.613130774668936e-14,10.0
4498,21.00577735900879,21.00577735900879,0.029424870386719704,3.455989627809686e-08,0.7469452619552612,0.063788041472435,0.0001822351332521066,7.381343257971407e-14,10.0
4499,20.873613357543945,20.873613357543945,0.030151182785630226,3.725853758851372e-08,0.7425941824913025,0.06213582307100296,0.00015826841990929097,6.83811460146927e-14,10.0
4500,21.027664184570312,21.027664184570312,0.03950439393520355,2.8676817365180796e-08,0.7245693802833557,0.07697825133800507,0.0001363772462354973,8.124356493544732e-14,10.0
4501,21.169841766357422,21.169841766357422,0.03851372003555298,2.2194850402001975e-08,0.7445055246353149,0.06370773166418076,0.00016670352488290519,1.0141467201608967e-13,10.0
4502,20.78400993347168,20.78400993347168,0.02862069569528103,3.892506583724753e-08,0.7533309459686279,0.04935234412550926,0.00014120308333076537,8.828364878336534e-14,10.0
4503,20.955427169799805,20.955427169799805,0.027818040922284126,3.654768931937724e-08,0.7457163333892822,0.06462863087654114,0.00013514772581402212,7.808129956401316e-14,10.0
4504,21.043039321899414,21.043039321899414,0.026962215080857277,2.989675706999151e-08,0.7581556439399719,0.05654982477426529,0.00013472595310304314,7.098907236786217e-14,10.0
4505,20.956796646118164,20.956796646118164,0.03514464199542999,1.54965995591283e-08,0.7443521022796631,0.05871756002306938,0.00014381650544237345,8.31380049439584e-14,10.0
4506,20.857112884521484,20.857112884521484,0.03205917030572891,6.278877417997819e-09,0.7478929162025452,0.05427170544862747,0.00015181452909018844,7.365040245429014e-14,10.0
4507,20.924184799194336,20.924184799194336,0.027107516303658485,1.015437245399653e-08,0.7335758805274963,0.0762108638882637,0.0001826288498705253,6.00297399679442e-14,10.0
4508,21.227720260620117,21.227720260620117,0.034742094576358795,1.1170952163297443e-08,0.7438521981239319,0.07045891135931015,0.00013879720063414425,1.01427031920856e-13,10.0
4509,20.98370933532715,20.98370933532715,0.022223353385925293,1.277926475751201e-08,0.7519190907478333,0.0651358813047409,0.0001751287345541641,1.1861606803113128e-13,10.0
4510,20.989704132080078,20.989704132080078,0.022718708962202072,9.826738534002288e-09,0.7654221057891846,0.051390960812568665,0.00014070763427298516,1.0633951808306993e-13,10.0
4511,20.704769134521484,20.704769134521484,0.03112661838531494,3.2990050691239503e-09,0.7330313324928284,0.06397098302841187,0.00015467910270672292,8.803731127351305e-14,10.0
4512,20.92011070251465,20.92011070251465,0.024675630033016205,1.4716052820773484e-09,0.7357488870620728,0.07631335407495499,0.00016649682947900146,7.932491333717193e-14,10.0
4513,20.795940399169922,20.795940399169922,0.03157636150717735,8.592770939230832e-10,0.7127049565315247,0.08749743551015854,0.00014725215442012995,9.147303953790237e-14,10.0
4514,20.899911880493164,20.899911880493164,0.01923585869371891,1.7418347320052874e-10,0.7767787575721741,0.03992637246847153,0.00013866207154933363,1.1139908982250868e-13,10.0
4515,20.53406524658203,20.53406524658203,0.02500135451555252,1.249968097777332e-11,0.7283531427383423,0.06794561445713043,0.00015628215624019504,8.990936928342588e-14,10.0
4516,20.535110473632812,20.535110473632812,0.018245792016386986,4.643554217900227e-14,0.7530755400657654,0.05002216994762421,0.00015218656335491687,8.857519074754669e-14,10.0
4517,20.81842041015625,20.81842041015625,0.02068433351814747,3.349266610580548e-12,0.7609356045722961,0.05105810984969139,0.00014689884847030044,6.038541249062807e-14,10.0
4518,20.899709701538086,20.899709701538086,0.0261166263371706,2.3386143715997676e-11,0.7462318539619446,0.06357592344284058,0.00016007530211936682,9.442629105927206e-14,10.0
4519,20.898508071899414,20.898508071899414,0.03090512752532959,1.2788690939569136e-10,0.7405776381492615,0.06439539045095444,0.00015543967310804874,7.416891536701775e-14,10.0
4520,21.042985916137695,21.042985916137695,0.023312140256166458,3.6960345894954116e-10,0.7510783076286316,0.06726997345685959,0.00014747543900739402,5.79911146230197e-14,10.0
4521,21.096851348876953,21.096851348876953,0.036468666046857834,7.41711414509183e-10,0.7222369909286499,0.08510231226682663,0.00016525863611605018,8.303497185625439e-14,10.0
4522,20.801782608032227,20.801782608032227,0.025961371138691902,8.832042319717459e-10,0.7497541308403015,0.05630161985754967,0.00013543183740694076,5.1258544392536465e-14,10.0
4523,20.797361373901367,20.797361373901367,0.033617861568927765,1.6665744340116362e-09,0.7270700931549072,0.07114573568105698,0.0001520083169452846,8.366616047975756e-14,10.0
4524,21.397687911987305,21.397687911987305,0.03133980929851532,4.124457664289594e-09,0.7606384754180908,0.06388060748577118,0.00012143189087510109,7.464118705708886e-14,10.0
4525,20.97256851196289,20.97256851196289,0.023839037865400314,5.4799431659091624e-09,0.76225346326828,0.052755363285541534,0.0001371997786918655,7.993465508645062e-14,10.0
4526,20.957176208496094,20.957176208496094,0.018343007192015648,6.92375357047581e-09,0.7881609797477722,0.031736619770526886,0.00011606315820245072,6.256217874485437e-14,10.0
4527,20.7012882232666,20.7012882232666,0.022185280919075012,5.629766874903908e-09,0.7584282159805298,0.04738062247633934,0.000143590455991216,8.987028379510778e-14,10.0
4528,20.79351043701172,20.79351043701172,0.02613741159439087,5.9191349599529985e-09,0.7380098104476929,0.0675339475274086,0.0001481384242651984,8.92139552337301e-14,10.0
4529,20.655776977539062,20.655776977539062,0.023299582302570343,5.309121142715867e-09,0.727955162525177,0.07491505891084671,0.0001532100432086736,1.4083353894970424e-13,10.0
4530,20.53167724609375,20.53167724609375,0.021614613011479378,9.26449139626584e-09,0.7340894937515259,0.06550563126802444,0.00014337770699057728,9.581293820403597e-14,10.0
4531,20.51859474182129,20.518592834472656,0.020885007455945015,1.1034239832952153e-07,0.744982123374939,0.05481266975402832,0.0001596252404851839,7.768646023784825e-14,10.0
4532,20.82380485534668,20.823802947998047,0.026615874841809273,1.0928157934131377e-07,0.7325664758682251,0.07370896637439728,0.0001520427322247997,1.0994395498176157e-13,10.0
4533,20.710256576538086,20.710254669189453,0.02607288584113121,1.2237003943482705e-07,0.7255486845970154,0.0767219215631485,0.00016654771752655506,9.413257391448215e-14,10.0
4534,20.63574981689453,20.6357479095459,0.02353316731750965,1.559235585091301e-07,0.7368268966674805,0.0649985745549202,0.00017821676738094538,8.974804677642362e-14,10.0
4535,21.16056251525879,21.16056251525879,0.027897078543901443,7.213078134782336e-08,0.756915271282196,0.06155625358223915,0.00013464649964589626,4.4766067345018354e-14,10.0
4536,20.63810920715332,20.638023376464844,0.020366335287690163,8.610432814748492e-06,0.7448028922080994,0.060288842767477036,0.00015725659613963217,1.3260096146106015e-13,10.0
4537,20.824420928955078,20.819564819335938,0.020259758457541466,0.0004856871673837304,0.7639826536178589,0.04847605526447296,0.00016049134137574583,4.3297972900178255e-14,10.0
4538,20.661914825439453,20.6398868560791,0.023051263764500618,0.002202822593972087,0.7536866068840027,0.048795368522405624,0.00015539048763457686,7.253284073620997e-14,10.0
4539,20.621793746948242,20.56534194946289,0.021427273750305176,0.005645228549838066,0.7476171255111694,0.05351872369647026,0.00012630055425688624,9.162322864384592e-14,10.0
4540,20.964746475219727,20.91343116760254,0.030301110818982124,0.005131544079631567,0.7130547165870667,0.09310886263847351,0.00018110497330781072,6.325612234535372e-14,10.0
4541,21.029491424560547,20.971078872680664,0.02654569409787655,0.005841233301907778,0.7617775201797485,0.050470247864723206,0.00012418210098985583,9.019214276253726e-14,10.0
4542,20.917213439941406,20.79343605041504,0.02235378324985504,0.012377732433378696,0.7464240789413452,0.06290528923273087,0.00013566392590291798,1.1814541586805533e-13,10.0
4543,20.941335678100586,20.853609085083008,0.028794579207897186,0.008772628381848335,0.7444799542427063,0.06080331280827522,0.00016633106861263514,8.886605508537024e-14,10.0
4544,20.86870574951172,20.74041175842285,0.023869192227721214,0.012829471379518509,0.7461885809898376,0.05949359014630318,0.00016288564074784517,1.353020343333733e-13,10.0
4545,20.805940628051758,20.710901260375977,0.02559656649827957,0.009503955021500587,0.7360933423042297,0.06667812168598175,0.00017013192700687796,1.2581929042469048e-13,10.0
4546,21.125865936279297,20.93517303466797,0.03799090161919594,0.019069215282797813,0.7354578375816345,0.06389501690864563,0.00015787870506756008,1.3231169632144102e-13,10.0
4547,21.97653579711914,20.952194213867188,0.030525220558047295,0.1024341732263565,0.7517983913421631,0.05569944530725479,0.00016165118722710758,1.189492975688447e-13,10.0
4548,21.220645904541016,21.02454948425293,0.03304962068796158,0.019609659910202026,0.7377675771713257,0.07010345906019211,0.00015338016964960843,9.453166873417407e-14,10.0
4549,22.16754722595215,21.75252914428711,0.04549058899283409,0.041501738131046295,0.7418196201324463,0.08272799104452133,0.0001575404457980767,8.734115183482369e-14,10.0
4550,22.17106056213379,21.694250106811523,0.047221649438142776,0.047680992633104324,0.7498067617416382,0.07068610936403275,0.00013857106387149543,8.636574257408353e-14,10.0
4551,21.26570701599121,20.97384262084961,0.03843100368976593,0.029186364263296127,0.748437762260437,0.05201796069741249,0.0001675547828199342,8.144404746966705e-14,10.0
4552,22.665809631347656,21.939260482788086,0.04815736040472984,0.07265487313270569,0.7468627095222473,0.08249443024396896,0.0001398570602759719,8.99341365268036e-14,10.0
4553,21.378131866455078,20.94756507873535,0.041235607117414474,0.04305662214756012,0.7359825372695923,0.060616493225097656,0.00017008766008075327,9.858665939816921e-14,10.0
4554,21.836477279663086,21.27556800842285,0.04214617609977722,0.05609101057052612,0.7281796336174011,0.08063909411430359,0.00014458398800343275,7.876528883331638e-14,10.0
4555,21.98518180847168,21.53683853149414,0.057178717106580734,0.044834256172180176,0.7332359552383423,0.0710015669465065,0.0001432379795005545,9.472093655217215e-14,10.0
4556,22.597633361816406,22.021961212158203,0.05252514407038689,0.0575672909617424,0.76263827085495,0.06566009670495987,0.00013725638564210385,9.916321778470627e-14,10.0
4557,21.055280685424805,21.053129196166992,0.035458412021398544,0.00021508648933377117,0.763392448425293,0.043223749846220016,0.00012642281944863498,1.0267588374576059e-13,10.0
4558,21.64276695251465,21.11287498474121,0.03126966580748558,0.052989281713962555,0.7716690301895142,0.04152405261993408,0.00013065563689451665,7.097530977653518e-14,10.0
4559,21.397035598754883,21.014310836791992,0.02754325047135353,0.03827255964279175,0.7727745175361633,0.040197599679231644,0.00014275267312768847,9.953231408553823e-14,10.0
4560,21.352094650268555,20.91746711730957,0.02756822668015957,0.0434628389775753,0.7678996920585632,0.04117964208126068,0.00012785450962837785,1.2857275736698898e-13,10.0
4561,21.575044631958008,21.114587783813477,0.03373049199581146,0.046045735478401184,0.7567639946937561,0.054033223539590836,0.0001396687002852559,8.575717989466741e-14,10.0
4562,21.34716796875,20.784820556640625,0.023315880447626114,0.056234829127788544,0.7619778513908386,0.046041179448366165,0.0001447392423870042,1.0446579311231691e-13,10.0
4563,21.127721786499023,20.871898651123047,0.02957610972225666,0.025582334026694298,0.7548743486404419,0.0503683015704155,0.00014307039964478463,1.0022474657925967e-13,10.0
4564,21.664947509765625,21.30118179321289,0.03605816140770912,0.036376629024744034,0.7461012601852417,0.06982431560754776,0.00015879148850217462,7.935849649946466e-14,10.0
4565,21.240554809570312,20.93300437927246,0.034346140921115875,0.03075505420565605,0.7371262907981873,0.06577948480844498,0.00017057498916983604,1.148203439878953e-13,10.0
4566,21.32624053955078,20.90899085998535,0.03666011616587639,0.04172498360276222,0.7360135912895203,0.06362800300121307,0.00014490830653812736,1.0166704717678998e-13,10.0
4567,22.431732177734375,21.52018928527832,0.022828901186585426,0.09115435183048248,0.758334755897522,0.07957689464092255,0.0001677208492765203,6.595035119145304e-14,10.0
4568,21.209238052368164,21.07735824584961,0.035631828010082245,0.013188064098358154,0.7476835250854492,0.05971839278936386,0.00015136577712837607,9.362116252598432e-14,10.0
4569,21.395036697387695,21.297849655151367,0.04246263951063156,0.009718774817883968,0.7731205821037292,0.03627600520849228,0.00013694350491277874,9.06256271198877e-14,10.0
4570,21.789649963378906,21.669658660888672,0.06570198386907578,0.011999109759926796,0.7521250247955322,0.04890015348792076,0.00014804395323153585,8.034576422146639e-14,10.0
4571,21.29012680053711,21.23052406311035,0.04896758124232292,0.005960217677056789,0.7549973726272583,0.04519392549991608,0.00015505452756769955,9.768043578856078e-14,10.0
4572,21.66544532775879,21.532062530517578,0.06603320688009262,0.013338366523385048,0.7251328229904175,0.0700557604432106,0.00015186889504548162,1.0526785877446737e-13,10.0
4573,22.053091049194336,22.009374618530273,0.0713331326842308,0.004371659364551306,0.7537257671356201,0.05526013299822807,0.0001398909807903692,9.632185592753709e-14,10.0
4574,21.579557418823242,21.534791946411133,0.057914502918720245,0.004476592410355806,0.7479074597358704,0.05550112947821617,0.00017148180631920695,8.853500750452895e-14,10.0
4575,21.414886474609375,21.363595962524414,0.050778307020664215,0.005128971301019192,0.7466723322868347,0.05702879652380943,0.0001609644532436505,1.3229174700146729e-13,10.0
4576,21.23545265197754,21.218626022338867,0.05241101235151291,0.0016826215432956815,0.7403500080108643,0.05591759458184242,0.00016597511421423405,9.186499895204661e-14,10.0
4577,21.372543334960938,21.371501922607422,0.04959223419427872,0.00010406131332274526,0.7503587007522583,0.05485446751117706,0.00013685013982467353,1.3958886130316372e-13,10.0
4578,21.563533782958984,21.563474655151367,0.04602022096514702,5.87598924539634e-06,0.7364619970321655,0.07999740540981293,0.00014843449753243476,1.322057020065534e-13,10.0
4579,21.36048698425293,21.360445022583008,0.04659063369035721,4.22134462496615e-06,0.7272735834121704,0.08048725128173828,0.00016594106273259968,1.032499552435645e-13,10.0
4580,21.089841842651367,21.089813232421875,0.03884841129183769,2.7853557185153477e-06,0.7478099465370178,0.056879810988903046,0.00013584595581050962,1.0428287465329145e-13,10.0
4581,21.627727508544922,21.627710342407227,0.05309716612100601,1.6748143707445706e-06,0.7202625274658203,0.09168465435504913,0.00016030055121518672,8.91067547439256e-14,10.0
4582,20.979047775268555,20.97903823852539,0.030874038115143776,9.384275472257286e-07,0.741057276725769,0.06714984774589539,0.00020109429897274822,7.163993926079595e-14,10.0
4583,20.942338943481445,20.942333221435547,0.035807427018880844,4.981093866263109e-07,0.7233641743659973,0.07845485210418701,0.00016730294737499207,9.330314570000359e-14,10.0
4584,20.857051849365234,20.8570499420166,0.03354485705494881,2.5509223178232787e-07,0.7387779951095581,0.06190648302435875,0.00013159691297914833,1.0927672341228684e-13,10.0
4585,21.082199096679688,21.082197189331055,0.036351654678583145,1.2902340529308276e-07,0.7313653230667114,0.07550713419914246,0.0001594151690369472,1.0411640896223345e-13,10.0
4586,21.2386531829834,21.2386531829834,0.039990052580833435,6.297820220879657e-08,0.7239843010902405,0.08550538867712021,0.00016585802950430661,1.0858927147229525e-13,10.0
4587,20.89371681213379,20.89371681213379,0.0365062952041626,3.051503227879948e-08,0.7240756154060364,0.0751037746667862,0.0001575942587805912,1.2153865695981036e-13,10.0
4588,20.818511962890625,20.818511962890625,0.037984732538461685,1.544452921109496e-08,0.7326177954673767,0.06207377836108208,0.00016068924742285162,8.801753136012877e-14,10.0
4589,21.12212371826172,21.12212371826172,0.034920595586299896,6.843847266679859e-09,0.7433996796607971,0.06650399416685104,0.0001518727367511019,1.1701822507943077e-13,10.0
4590,21.118053436279297,21.118053436279297,0.04087357595562935,3.304171825035951e-09,0.7429479956626892,0.060839779675006866,0.0001519975921837613,1.1721450633023212e-13,10.0
4591,20.800352096557617,20.800352096557617,0.030573701485991478,1.66668912005008e-09,0.7560328245162964,0.04534928500652313,0.00014564907178282738,1.0908019821599668e-13,10.0
4592,20.813016891479492,20.813016891479492,0.03133811056613922,9.063599315517479e-10,0.7499350905418396,0.05118565261363983,0.00015448413614649326,1.0762967123448264e-13,10.0
4593,21.11266326904297,21.11266326904297,0.033930666744709015,8.1919060423985e-10,0.7751383185386658,0.03537695109844208,0.0001514856267021969,6.491199721833651e-14,10.0
4594,20.944791793823242,20.944791793823242,0.032944612205028534,8.615925195520902e-10,0.7531150579452515,0.051666777580976486,0.0001628069585422054,8.034085820663589e-14,10.0
4595,20.72444725036621,20.72444725036621,0.032690826803445816,1.992142451001655e-09,0.7281109094619751,0.06810665130615234,0.00017392316658515483,1.0356660326430248e-13,10.0
4596,20.912750244140625,20.912750244140625,0.028684426099061966,2.9401607815060515e-09,0.7544181942939758,0.053349174559116364,0.0001456353347748518,5.0438816399369854e-14,10.0
4597,20.83952522277832,20.83952522277832,0.03472950682044029,3.0338029866072702e-09,0.7303910851478577,0.06840058416128159,0.00014954584185034037,7.834041710697362e-14,10.0
4598,20.70899772644043,20.70899772644043,0.030959196388721466,2.605970106372979e-09,0.7298137545585632,0.06752610206604004,0.00015229503333102912,1.177427160761399e-13,10.0
4599,20.84420394897461,20.84420394897461,0.024102993309497833,2.5216300159058846e-09,0.7659721374511719,0.043641433119773865,0.00012902628805022687,1.0248740875060114e-13,10.0
4600,21.40703582763672,21.40703582763672,0.03877181187272072,2.4231767703497553e-09,0.7160349488258362,0.1014014333486557,0.00018317830108571798,7.937263856155202e-14,10.0
4601,20.94870948791504,20.94870948791504,0.023344676941633224,2.1763100210847597e-09,0.7686465978622437,0.04589468985795975,0.00015598836762364954,1.1400716525347687e-13,10.0
4602,21.3572940826416,21.3572940826416,0.021496260538697243,2.2117137010724264e-09,0.7628586888313293,0.06987542659044266,0.00015363511920440942,5.194880170564936e-14,10.0
4603,20.85195541381836,20.85195541381836,0.03257541358470917,1.4986229146529695e-08,0.742595374584198,0.058845680207014084,0.00015450106002390385,1.1830002309785176e-13,10.0
4604,21.170551300048828,21.170551300048828,0.032742150127887726,8.643640825312104e-08,0.7359363436698914,0.07808582484722137,0.00014424919208977371,1.021452684262826e-13,10.0
4605,20.946985244750977,20.946985244750977,0.027019990608096123,7.408075930470659e-08,0.7540591955184937,0.05674733966588974,0.00013217305240686983,9.025719489288639e-14,10.0
4606,20.70919418334961,20.70914077758789,0.018399203196167946,5.276562205835944e-06,0.7739010453224182,0.03600728139281273,0.00014518783427774906,1.2871512666476348e-13,10.0
4607,21.00403594970703,21.002689361572266,0.023198502138257027,0.00013468204997479916,0.7684912085533142,0.04835265502333641,0.00016313197556883097,9.746987695040052e-14,10.0
4608,20.76667022705078,20.761043548583984,0.025475000962615013,0.0005626928177662194,0.7414103746414185,0.06348475068807602,0.0001791109680198133,1.0927255601018634e-13,10.0
4609,20.661178588867188,20.6420955657959,0.024643754586577415,0.0019083693623542786,0.7276972532272339,0.07327190786600113,0.00017714568821247667,1.397648679733396e-13,10.0
4610,20.858366012573242,20.825510025024414,0.017532089725136757,0.00328559591434896,0.7767823934555054,0.03864675015211105,0.00014778408512938768,5.1650134500315706e-14,10.0
4611,20.835060119628906,20.803878784179688,0.027345310896635056,0.0031181788071990013,0.7414174675941467,0.06331990659236908,0.00018111047393176705,9.278176642778246e-14,10.0
4612,20.651527404785156,20.635902404785156,0.023645024746656418,0.001562571618705988,0.7413751482963562,0.06034637987613678,0.0001739907165756449,9.788423191567017e-14,10.0
4613,20.604812622070312,20.561416625976562,0.026430843397974968,0.004339586012065411,0.7305827736854553,0.06537322700023651,0.0001745043118717149,8.800248127872196e-14,10.0
4614,20.98770523071289,20.908872604370117,0.029489491134881973,0.00788321066647768,0.7396599054336548,0.06714124977588654,0.00016056551248766482,7.98406615343597e-14,10.0
4615,20.662141799926758,20.629684448242188,0.022313348948955536,0.0032457071356475353,0.7438031435012817,0.059007834643125534,0.00015747988072689623,1.254555677008759e-13,10.0
4616,21.071130752563477,20.998748779296875,0.030750524252653122,0.007238222286105156,0.7257165312767029,0.08342523872852325,0.0001441600761609152,9.155084459630536e-14,10.0
4617,21.003284454345703,20.939634323120117,0.038114141672849655,0.0063650477677583694,0.7203675508499146,0.07903121411800385,0.0001809176173992455,7.942730267983603e-14,10.0
4618,20.81812858581543,20.753948211669922,0.022488586604595184,0.006418009754270315,0.747718870639801,0.059890784323215485,0.0001491432194598019,1.3044247756596739e-13,10.0
4619,20.94593048095703,20.926149368286133,0.037970028817653656,0.0019781889859586954,0.7386747002601624,0.060330793261528015,0.00017606333130970597,1.0312920900286751e-13,10.0
4620,21.50197982788086,21.29669761657715,0.03254901245236397,0.020528167486190796,0.7726482152938843,0.04661105200648308,0.00014917303633410484,1.177592501592703e-13,10.0
4621,22.000967025756836,21.40261459350586,0.042443402111530304,0.05983518064022064,0.7358875274658203,0.07770294696092606,0.00017682071484159678,7.064263589243516e-14,10.0
4622,21.028079986572266,20.72005271911621,0.02892647497355938,0.030802717432379723,0.7371947169303894,0.06261515617370605,0.00016450339171569794,1.0219158418783847e-13,10.0
4623,21.191783905029297,21.061450958251953,0.044021476060152054,0.013033219613134861,0.741889238357544,0.05648789182305336,0.0001485325483372435,1.1009650222743028e-13,10.0
4624,21.5964412689209,21.373291015625,0.04403761029243469,0.022314945235848427,0.7713382840156555,0.03949909657239914,0.00014155446842778474,6.264532349895685e-14,10.0
4625,21.345073699951172,21.08375358581543,0.04677284136414528,0.026131974533200264,0.7117031812667847,0.08480555564165115,0.0001713942619971931,8.9368603121108e-14,10.0
4626,21.578195571899414,21.37451171875,0.05130179971456528,0.020368317142128944,0.7365309000015259,0.06708545237779617,0.00015578068268951029,8.445753319798188e-14,10.0
4627,21.37984848022461,21.213571548461914,0.0378032848238945,0.016627680510282516,0.7428663969039917,0.0678177922964096,0.00013861263869330287,7.093709842621865e-14,10.0
4628,21.563880920410156,21.165321350097656,0.043311070650815964,0.039855871349573135,0.7421102523803711,0.06113288179039955,0.00014648049545940012,9.63542735724944e-14,10.0
4629,21.13102149963379,20.813508987426758,0.03233711048960686,0.031751297414302826,0.7376576662063599,0.06249089911580086,0.00013652608322445303,1.1649768606389332e-13,10.0
4630,21.070457458496094,20.926828384399414,0.03943179175257683,0.014362934976816177,0.7352303862571716,0.06234346330165863,0.00016886946104932576,1.0939332935593765e-13,10.0
4631,21.956666946411133,21.659252166748047,0.04668252915143967,0.029741482809185982,0.7488521337509155,0.07076980173587799,0.0001640480331843719,1.156805499915453e-13,10.0
4632,21.597332000732422,21.38880729675293,0.050206951797008514,0.02085253596305847,0.7322366237640381,0.07304766774177551,0.00015252504090312868,9.465807315495872e-14,10.0
4633,21.837787628173828,21.469436645507812,0.05975790694355965,0.036835089325904846,0.7371317148208618,0.061831727623939514,0.00014012459723744541,1.1222409991313437e-13,10.0
4634,21.464941024780273,21.22933006286621,0.035282764583826065,0.023561159148812294,0.7683146595954895,0.045514993369579315,0.00015205411182250828,8.092274951260886e-14,10.0
4635,20.898494720458984,20.819820404052734,0.02982361614704132,0.007867458276450634,0.7498802542686462,0.05303329601883888,0.0001391930563841015,1.0857612552095386e-13,10.0
4636,21.145139694213867,20.832998275756836,0.02306901477277279,0.03121422976255417,0.7602053880691528,0.04998542368412018,0.00015036067634355277,1.1441775261619713e-13,10.0
4637,21.146928787231445,20.927059173583984,0.02296264097094536,0.021987009793519974,0.7689522504806519,0.04511210694909096,0.0001384005881845951,1.0011088502235796e-13,10.0
4638,21.185070037841797,20.95663070678711,0.031062832102179527,0.022843850776553154,0.7612934708595276,0.045850418508052826,0.0001460261264583096,1.1293509259279605e-13,10.0
4639,21.139265060424805,20.930282592773438,0.03345751762390137,0.020898256450891495,0.7508612275123596,0.052832696586847305,0.00014964053116273135,1.1837181083419746e-13,10.0
4640,21.303983688354492,21.104999542236328,0.026465797796845436,0.01989845000207424,0.7718188762664795,0.04585731402039528,0.0001448912371415645,9.132428022357378e-14,10.0
4641,21.501169204711914,21.02779769897461,0.029851948842406273,0.047337133437395096,0.7643420100212097,0.04686320945620537,0.00013694941299036145,1.0487406976915706e-13,10.0
4642,21.101642608642578,20.88983726501465,0.03270940110087395,0.021180519834160805,0.7517389059066772,0.05107896402478218,0.0001655749510973692,9.255788545542779e-14,10.0
4643,21.103294372558594,20.97385597229004,0.023997021839022636,0.01294376328587532,0.7679842114448547,0.046916961669921875,0.00014003731484990567,1.1232051259132264e-13,10.0
4644,21.177997589111328,20.959861755371094,0.03332212567329407,0.02181360125541687,0.7430227994918823,0.06198228895664215,0.000168192433193326,9.979396595107687e-14,10.0
4645,21.286388397216797,21.115440368652344,0.03897957503795624,0.017094843089580536,0.7542902231216431,0.05129034444689751,0.0001436376041965559,8.640375063649272e-14,10.0
4646,21.175315856933594,21.03046989440918,0.03652841970324516,0.014484653249382973,0.7515367865562439,0.053098853677511215,0.00013699127885047346,1.236026255305167e-13,10.0
4647,21.233787536621094,21.048686981201172,0.03975674510002136,0.018510062247514725,0.7513440251350403,0.05079056695103645,0.00014029686280991882,1.2720873616631212e-13,10.0
4648,21.52280616760254,20.948440551757812,0.03459581732749939,0.05743655189871788,0.7411280870437622,0.06215733662247658,0.00014087419549468905,1.2552219192437514e-13,10.0
4649,21.239219665527344,20.89498519897461,0.04094208404421806,0.03442349657416344,0.7299491763114929,0.06484844535589218,0.00014910343452356756,1.1842546528920833e-13,10.0
4650,21.236082077026367,21.190298080444336,0.03394816070795059,0.004578364081680775,0.7610290050506592,0.052579618990421295,0.00013780927110929042,8.994638123508911e-14,10.0
4651,21.121068954467773,21.06805419921875,0.04251912981271744,0.005301421508193016,0.729790449142456,0.07034739851951599,0.00016309588681906462,1.0531329362175809e-13,10.0
4652,21.728506088256836,21.665470123291016,0.051128558814525604,0.006303556263446808,0.7317693829536438,0.08365702629089355,0.00015965440252330154,9.661931356982206e-14,10.0
4653,21.70973014831543,21.633214950561523,0.05793391540646553,0.007651533465832472,0.7344458699226379,0.07287868857383728,0.00017537483654450625,9.461362086588682e-14,10.0
4654,21.12711524963379,21.097061157226562,0.0433369055390358,0.003005446633324027,0.7290228009223938,0.07144584506750107,0.0001922558731166646,1.295573078072959e-13,10.0
4655,21.29827880859375,21.296049118041992,0.04224662855267525,0.000222922841203399,0.762475848197937,0.04705863073468208,0.000152138716657646,1.0853928297588009e-13,10.0
4656,21.335983276367188,21.292823791503906,0.05015186592936516,0.004316024482250214,0.7285510897636414,0.07293622940778732,0.00018431611533742398,1.510921921431263e-13,10.0
4657,21.42218017578125,21.351911544799805,0.04803440719842911,0.007026850711554289,0.7423673868179321,0.06360001862049103,0.00018646045646164566,1.063537482365838e-13,10.0
4658,21.444936752319336,21.382719039916992,0.04726786911487579,0.006221811752766371,0.7248321771621704,0.08314801752567291,0.000151864776853472,1.2429179864145712e-13,10.0
4659,20.765899658203125,20.726390838623047,0.030674735084176064,0.003950922749936581,0.7509893774986267,0.047333549708127975,0.00014494585047941655,1.275347286545242e-13,10.0
4660,20.87421989440918,20.809396743774414,0.022013524547219276,0.006482238881289959,0.7468554377555847,0.06343472748994827,0.0001802332844818011,1.6494799775189362e-13,10.0
4661,21.11312484741211,20.75365447998047,0.023793675005435944,0.03594712167978287,0.7634031176567078,0.042888496071100235,0.00015236377657856792,1.1742020658740693e-13,10.0
4662,21.266706466674805,20.849821090698242,0.02566838078200817,0.04168853908777237,0.7379878759384155,0.07027769088745117,0.0001470576971769333,1.4343375391492191e-13,10.0
4663,20.87405776977539,20.806377410888672,0.02624059095978737,0.006767942104488611,0.7491858601570129,0.05676225200295448,0.00016587170830462128,1.094616476453314e-13,10.0
4664,21.11658477783203,20.9361572265625,0.0367460660636425,0.01804269477725029,0.7388870120048523,0.06175121292471886,0.0001548637665109709,1.23428543319197e-13,10.0
4665,21.15513038635254,20.93709373474121,0.03806392848491669,0.02180364541709423,0.7109299302101135,0.0884321928024292,0.00014401657972484827,1.1221717457175762e-13,10.0
4666,21.247608184814453,21.00603485107422,0.03926731273531914,0.02415742538869381,0.7399569749832153,0.06095626577734947,0.00015192391583696008,1.3583931071994848e-13,10.0
4667,20.96514892578125,20.830055236816406,0.03728846460580826,0.013509303331375122,0.7325291037559509,0.06332341581583023,0.00015313101175706834,1.0407103510131493e-13,10.0
4668,21.358442306518555,21.101579666137695,0.04295835644006729,0.02568626031279564,0.7159733176231384,0.08506342768669128,0.00017023133113980293,9.907989684775076e-14,10.0
4669,21.482973098754883,21.032392501831055,0.03890859708189964,0.0450579859316349,0.7201622724533081,0.08215634524822235,0.0001710438373265788,1.0329068736393207e-13,10.0
4670,21.300003051757812,21.094770431518555,0.03801338002085686,0.020523253828287125,0.7384101748466492,0.06729679554700851,0.00017596276302356273,9.800733629609232e-14,10.0
4671,21.543575286865234,21.32978630065918,0.0487833097577095,0.021378878504037857,0.731906533241272,0.07244383543729782,0.00014441307575907558,1.0866157420467287e-13,10.0
4672,21.636850357055664,21.372068405151367,0.056513331830501556,0.026478243991732597,0.7391478419303894,0.05916142463684082,0.00015011298819445074,1.0733516126685411e-13,10.0
4673,22.166715621948242,21.93665885925293,0.06834772229194641,0.023005586117506027,0.7519891262054443,0.05706698074936867,0.00015647936379536986,9.408609552260042e-14,10.0
4674,22.133962631225586,21.791378021240234,0.06262359768152237,0.034258391708135605,0.7472022175788879,0.06176991015672684,0.00014830776490271091,1.1786883589385427e-13,10.0
4675,21.837430953979492,21.640655517578125,0.05344173312187195,0.019677579402923584,0.7518092393875122,0.06030557304620743,0.00017442267562728375,8.033836454163917e-14,10.0
4676,21.200143814086914,21.048717498779297,0.028362976387143135,0.015142659656703472,0.7671998739242554,0.046324703842401505,0.00015289125440176576,9.995382478514628e-14,10.0
4677,21.0913143157959,20.78490447998047,0.03279895335435867,0.030641023069620132,0.7422288656234741,0.056308548897504807,0.00014972954522818327,1.1762922721373498e-13,10.0
4678,21.33907699584961,21.126140594482422,0.036985449492931366,0.021293707191944122,0.7436227798461914,0.06438247859477997,0.00013723618758376688,5.690347010863656e-14,10.0
4679,21.01081657409668,20.79625129699707,0.02902239002287388,0.02145644836127758,0.7381739020347595,0.06458859145641327,0.0001628767349757254,1.0375972677627646e-13,10.0
4680,21.17034339904785,20.969682693481445,0.03443305939435959,0.020066022872924805,0.7428963780403137,0.06139123812317848,0.0001666536118136719,1.0359717776556657e-13,10.0
4681,21.230037689208984,21.08293342590332,0.028769396245479584,0.014710511080920696,0.7423561811447144,0.07211993634700775,0.00017964870494324714,9.496604078205323e-14,10.0
4682,21.31094741821289,20.912078857421875,0.028190240263938904,0.03988691791892052,0.7531185746192932,0.05511324480175972,0.0001526953128632158,6.863793252298231e-14,10.0
4683,21.03512954711914,20.814334869384766,0.02840939722955227,0.022079508751630783,0.7582903504371643,0.04580910503864288,0.00016127242997754365,1.304869569600936e-13,10.0
4684,21.06502342224121,20.94377326965332,0.03076237253844738,0.012125064618885517,0.758981466293335,0.04794090613722801,0.00016544341633561999,1.0141637285824776e-13,10.0
4685,21.802202224731445,21.599925994873047,0.05901055783033371,0.02022753283381462,0.7493898272514343,0.05553841590881348,0.0001457811740692705,9.28439183173202e-14,10.0
4686,21.316808700561523,21.116485595703125,0.04295074939727783,0.020032305270433426,0.751862645149231,0.04977581650018692,0.0001755084376782179,1.2488136067780042e-13,10.0
4687,21.286460876464844,21.13242530822754,0.03933190554380417,0.015403592959046364,0.7638494372367859,0.04206034913659096,0.0001384757342748344,1.541478262308965e-13,10.0
4688,21.00282096862793,20.915796279907227,0.033471375703811646,0.008702504448592663,0.7468280792236328,0.05627197399735451,0.00015106458158697933,1.4083985442735897e-13,10.0
4689,21.548980712890625,21.16027069091797,0.039086438715457916,0.03887109085917473,0.747441291809082,0.05982144549489021,0.0001541219389764592,9.418774625253451e-14,10.0
4690,21.3326416015625,20.972768783569336,0.02954091690480709,0.03598719835281372,0.7587783932685852,0.05052667483687401,0.0001618481328478083,9.864992259493374e-14,10.0
4691,21.076173782348633,21.00701141357422,0.03404170274734497,0.006916304584592581,0.7513880133628845,0.054792050272226334,0.00014677285798825324,1.7018874645061827e-13,10.0
4692,21.02021026611328,20.985855102539062,0.039541348814964294,0.003435565857216716,0.7465408444404602,0.05328061059117317,0.0001785196509445086,1.344648405208343e-13,10.0
4693,21.182296752929688,21.121816635131836,0.039307091385126114,0.006048100534826517,0.7500107288360596,0.055491216480731964,0.0001588592422194779,1.1825693961402262e-13,10.0
4694,21.560428619384766,21.496620178222656,0.05251745134592056,0.006380864884704351,0.7398003339767456,0.06747515499591827,0.0001797097356757149,1.0152749680466394e-13,10.0
4695,21.12868309020996,21.08640480041504,0.040192995220422745,0.004227758850902319,0.7439756989479065,0.05921708419919014,0.00017600056889932603,1.4383297070735823e-13,10.0
4696,21.471952438354492,21.425079345703125,0.04551420733332634,0.0046873618848621845,0.7447234988212585,0.06670316308736801,0.00015554945275653154,1.7095545356941855e-13,10.0
4697,21.063159942626953,20.988510131835938,0.039784036576747894,0.007464924361556768,0.7477826476097107,0.05191493034362793,0.0001470742718083784,1.6195596567406684e-13,10.0
4698,21.08305549621582,21.052478790283203,0.03645583242177963,0.00305759534239769,0.7523552179336548,0.053231045603752136,0.00014261835895013064,1.3935559520575347e-13,10.0
4699,21.07840347290039,21.061023712158203,0.041346531361341476,0.00173789425753057,0.7308779358863831,0.07014786452054977,0.00017162850417662412,1.1420985684962304e-13,10.0
4700,21.020097732543945,20.989316940307617,0.04167011380195618,0.003078096779063344,0.7409653067588806,0.05687809735536575,0.00014777314208913594,1.39916087071347e-13,10.0
4701,21.384428024291992,21.352792739868164,0.04910556599497795,0.003163612447679043,0.7305412292480469,0.07439860701560974,0.00016568927094340324,1.063487541303268e-13,10.0
4702,21.12177276611328,21.10603904724121,0.0376565121114254,0.001573386020027101,0.7526695728302002,0.053857333958148956,0.00014528095198329538,9.2239082582872e-14,10.0
4703,21.148439407348633,21.1480655670166,0.044898685067892075,3.737177394214086e-05,0.7239729166030884,0.07697626948356628,0.0001868359831860289,1.3112660913680574e-13,10.0
4704,21.067424774169922,21.066299438476562,0.041478123515844345,0.00011258089944021776,0.741019070148468,0.06008904427289963,0.00016438607417512685,1.2224601756219422e-13,10.0
4705,20.93909454345703,20.93701934814453,0.03579677641391754,0.00020751930424012244,0.7330757975578308,0.06853517889976501,0.00018281163647770882,1.2928556608528957e-13,10.0
4706,20.87830924987793,20.875680923461914,0.03685136139392853,0.00026290531968697906,0.7327130436897278,0.06539212912321091,0.0001767784560797736,9.739577850817471e-14,10.0
4707,20.761869430541992,20.758960723876953,0.033117443323135376,0.0002909473842009902,0.7300534844398499,0.06711818277835846,0.00017329677939414978,1.2458458743813683e-13,10.0
4708,20.949447631835938,20.94618034362793,0.030286066234111786,0.00032679084688425064,0.7402779459953308,0.06720812618732452,0.00018770618771668524,1.1200103886867263e-13,10.0
4709,21.04014778137207,21.036941528320312,0.03625494986772537,0.0003206708643119782,0.7294758558273315,0.07568388432264328,0.00015745045675430447,1.2969463556496835e-13,10.0
4710,20.971359252929688,20.96845817565918,0.03326071798801422,0.00029014708707109094,0.7267561554908752,0.07865513116121292,0.00016581012459937483,1.029821844120149e-13,10.0
4711,20.76108169555664,20.758045196533203,0.02725609391927719,0.00030371814500540495,0.7460030913352966,0.05699750408530235,0.00016272722859866917,1.2519602325331003e-13,10.0
4712,20.739538192749023,20.736438751220703,0.028439881280064583,0.0003098602464888245,0.7363625764846802,0.0645904615521431,0.00016147071437444538,1.4141701590135447e-13,10.0
4713,20.694639205932617,20.691970825195312,0.033125173300504684,0.00026679085567593575,0.7289741635322571,0.06550909578800201,0.00017601159925106913,1.0291315461494546e-13,10.0
4714,20.7928524017334,20.790943145751953,0.02912726253271103,0.0001910077262436971,0.7371373772621155,0.06529294699430466,0.0002002849942073226,1.2247245318591782e-13,10.0
4715,21.169296264648438,21.168176651000977,0.026259681209921837,0.00011187083146069199,0.7574182152748108,0.06299403309822083,0.00013795924314763397,1.4532471092395388e-13,10.0
4716,20.7983341217041,20.79725456237793,0.023950327187776566,0.00010802873293869197,0.7689780592918396,0.03890390321612358,0.0001448148541385308,1.6235842152049346e-13,10.0
4717,20.878963470458984,20.876323699951172,0.032154381275177,0.00026395407621748745,0.738165557384491,0.06466358155012131,0.00017358791956212372,1.617064636491236e-13,10.0
4718,21.09320831298828,21.08960723876953,0.033562615513801575,0.0003601156349759549,0.7503741979598999,0.05958503112196922,0.00015595917648170143,8.961347018176385e-14,10.0
4719,20.921218872070312,20.916828155517578,0.03398130089044571,0.0004391581751406193,0.7420285940170288,0.060593340545892715,0.00017466041026636958,9.517261517722961e-14,10.0
4720,20.693666458129883,20.686506271362305,0.02724197320640087,0.0007159312372095883,0.7466986179351807,0.053452134132385254,0.00016885186778381467,1.2677832145636253e-13,10.0
4721,21.062273025512695,21.054624557495117,0.0296190083026886,0.0007648191531188786,0.7619439959526062,0.05056874826550484,0.0001331940438831225,1.052144482649453e-13,10.0
4722,20.86585235595703,20.859460830688477,0.02961932122707367,0.0006391876959241927,0.7426877617835999,0.06200985983014107,0.00015372499183285981,1.6046170468742016e-13,10.0
4723,20.637306213378906,20.630857467651367,0.027639396488666534,0.0006449588690884411,0.7433401942253113,0.05417591705918312,0.00019677187083289027,1.226648042038439e-13,10.0
4724,21.685930252075195,21.680768966674805,0.04809528961777687,0.000516213069204241,0.7064432501792908,0.11261255294084549,0.00019918142061214894,1.2447383618621743e-13,10.0
4725,20.774009704589844,20.77080726623535,0.027440346777439117,0.00032033221214078367,0.7417271733283997,0.06160036101937294,0.00016123824752867222,1.2651316626255404e-13,10.0
4726,20.562650680541992,20.560123443603516,0.02474217675626278,0.0002527981414459646,0.7422571182250977,0.05534694343805313,0.00014693276898469776,1.6981279934730892e-13,10.0
4727,20.61665153503418,20.610960006713867,0.026190558448433876,0.000569186988286674,0.7333207726478577,0.06486110389232635,0.0001650028134463355,1.2533034234995383e-13,10.0
4728,20.741012573242188,20.73455047607422,0.02591383457183838,0.0006461212760768831,0.7364385724067688,0.06696216017007828,0.0001685485476627946,1.2678008328489282e-13,10.0
4729,20.678953170776367,20.67230224609375,0.028943629935383797,0.0006650584982708097,0.7362852692604065,0.061596013605594635,0.00016798982687760144,9.339180633265859e-14,10.0
4730,20.84603500366211,20.83890151977539,0.02659231424331665,0.0007133003091439605,0.7263626456260681,0.08054029196500778,0.00015205066301859915,1.325447997885254e-13,10.0
4731,21.084720611572266,21.077465057373047,0.028238940984010696,0.0007254797965288162,0.7263911962509155,0.08841350674629211,0.00013747521734330803,1.1126327994787771e-13,10.0
4732,20.910598754882812,20.904787063598633,0.019955147057771683,0.0005811964510940015,0.7642813324928284,0.05189533159136772,0.00014929556346032768,1.3366715232495524e-13,10.0
4733,20.739316940307617,20.73360824584961,0.03207874298095703,0.0005708587123081088,0.7368879318237305,0.06030493974685669,0.00018149033712688833,1.3045897099151632e-13,10.0
4734,20.765104293823242,20.759130477905273,0.02779172733426094,0.0005973140359856188,0.7435554265975952,0.058958299458026886,0.00014942360576242208,1.268091805606969e-13,10.0
4735,20.754304885864258,20.74807357788086,0.03337828442454338,0.0006231734296306968,0.7226186990737915,0.07386144995689392,0.0001611662592040375,1.425556314703716e-13,10.0
4736,20.948190689086914,20.941020965576172,0.03506345674395561,0.0007169893360696733,0.7436412572860718,0.05887765437364578,0.0001461013889638707,1.292393790727417e-13,10.0
4737,20.978981018066406,20.973583221435547,0.02840288169682026,0.0005397231434471905,0.7350793480873108,0.07538843154907227,0.00018182239728048444,1.0123531787170625e-13,10.0
4738,20.750967025756836,20.748409271240234,0.020075105130672455,0.00025581466616131365,0.7406770586967468,0.06912382692098618,0.0001510598958702758,9.862752026754476e-14,10.0
4739,20.858198165893555,20.855960845947266,0.03189031779766083,0.00022378833091352135,0.738916277885437,0.0633704885840416,0.0001533929753350094,1.1986570590261092e-13,10.0
4740,20.98342514038086,20.980562210083008,0.03599780797958374,0.0002863682748284191,0.7341117262840271,0.06904028356075287,0.00018169575196225196,1.0653314981481227e-13,10.0
4741,20.92352294921875,20.912683486938477,0.029003623872995377,0.0010839214082807302,0.752600908279419,0.05484674125909805,0.00014027389988768846,1.3613581290906895e-13,10.0
4742,20.61590576171875,20.598352432250977,0.023894328624010086,0.0017552577191963792,0.7280552387237549,0.07192324101924896,0.00015323585830628872,1.218175544161551e-13,10.0
4743,20.501489639282227,20.477876663208008,0.018328145146369934,0.002361219609156251,0.7366748452186584,0.06404779106378555,0.00016058652545325458,9.791716455665941e-14,10.0
4744,20.94305419921875,20.898744583129883,0.024444250389933586,0.00443097110837698,0.7427985072135925,0.06863249838352203,0.0001861964847194031,8.820202191230433e-14,10.0
4745,20.669286727905273,20.620738983154297,0.01934846118092537,0.00485474755987525,0.7517939209938049,0.053622424602508545,0.0001619097456568852,1.2962399979343092e-13,10.0
4746,20.82327651977539,20.779094696044922,0.029717300087213516,0.004418142139911652,0.7243098020553589,0.07706133276224136,0.00018844491569325328,1.3884316060145535e-13,10.0
4747,21.158897399902344,21.116811752319336,0.023387938737869263,0.004208577796816826,0.7415456175804138,0.07966551184654236,0.00018357530643697828,1.4654723018859422e-13,10.0
4748,21.37141990661621,21.355701446533203,0.03783494234085083,0.0015719167422503233,0.7481065988540649,0.06822001934051514,0.00016625807620584965,1.4750658648091802e-13,10.0
4749,21.012666702270508,20.952001571655273,0.02901226095855236,0.00606642197817564,0.7439900040626526,0.06500815600156784,0.00017409482097718865,7.703122943117022e-14,10.0
4750,21.26508140563965,20.938081741333008,0.03925158083438873,0.032700005918741226,0.7204625606536865,0.07773787528276443,0.00017816082981880754,1.4184411024215082e-13,10.0
4751,21.076568603515625,20.62881088256836,0.029152074828743935,0.044775865972042084,0.736890435218811,0.059047307819128036,0.00015655993774998933,1.3850449650035235e-13,10.0
4752,21.14934539794922,20.861740112304688,0.032315146178007126,0.02876044437289238,0.7444574236869812,0.05763022229075432,0.00016701087588444352,1.9123189089111786e-13,10.0
4753,21.230321884155273,20.66452407836914,0.026554731652140617,0.05657976493239403,0.7548286318778992,0.04513414204120636,0.00015874106611590832,1.4693223038004383e-13,10.0
4754,21.48519515991211,20.920087814331055,0.027562418952584267,0.05651073530316353,0.7528167963027954,0.05636361613869667,0.00015177771274466068,1.4458350966126132e-13,10.0
4755,21.190773010253906,20.717872619628906,0.031930044293403625,0.04728994891047478,0.7442047595977783,0.052513692528009415,0.0001661857240833342,1.158643222597816e-13,10.0
4756,21.69345474243164,21.2451229095459,0.03765730559825897,0.044833097606897354,0.7568289637565613,0.0552559494972229,0.00015661417273804545,1.637151379090332e-13,10.0
4757,22.007415771484375,21.31536102294922,0.03979586437344551,0.06920552998781204,0.7660695910453796,0.04668813571333885,0.00015214757877402008,1.3358083627949824e-13,10.0
4758,20.964529037475586,20.914283752441406,0.03154221177101135,0.005024601239711046,0.7272354364395142,0.07773568481206894,0.00014519569231197238,1.47500853761931e-13,10.0
4759,21.289648056030273,20.7105655670166,0.026636213064193726,0.05790817737579346,0.7447338104248047,0.056986790150403976,0.00016464262444060296,1.3466444214078888e-13,10.0
4760,21.284339904785156,20.894094467163086,0.02962600067257881,0.03902461752295494,0.7475029826164246,0.05855618789792061,0.00019651702314149588,1.1939657162257644e-13,10.0
4761,21.31620979309082,20.78629493713379,0.025710521265864372,0.05299140885472298,0.7418087124824524,0.0638703927397728,0.0001554737100377679,1.833512996377712e-13,10.0
4762,21.083255767822266,20.793914794921875,0.02505701221525669,0.028934117406606674,0.7316751480102539,0.07495537400245667,0.0001728114439174533,1.0388078472509804e-13,10.0
4763,21.310684204101562,20.627267837524414,0.028224419802427292,0.06834173202514648,0.7328378558158875,0.06395301222801208,0.00018869533960241824,1.3119658083451252e-13,10.0
4764,20.818145751953125,20.57175636291504,0.02086712047457695,0.024638991802930832,0.7486558556556702,0.05327976495027542,0.00016866519581526518,1.5968223108803886e-13,10.0
4765,21.396711349487305,21.045446395874023,0.03328486531972885,0.03512653335928917,0.7507479190826416,0.05772319808602333,0.0001548733125673607,1.2579446219494056e-13,10.0
4766,21.84844970703125,21.5299015045166,0.03886653482913971,0.03185475990176201,0.7338560223579407,0.08840668946504593,0.00016712395881768316,1.415865851211312e-13,10.0
4767,21.052406311035156,20.865070343017578,0.025175398215651512,0.018733587116003036,0.7366895079612732,0.07268107682466507,0.00014215811097528785,1.6468681344854186e-13,10.0
4768,21.026851654052734,20.81403350830078,0.030207624658942223,0.02128177508711815,0.7466183304786682,0.055667195469141006,0.00017045992717612535,1.1302577932826088e-13,10.0
4769,20.820104598999023,20.759641647338867,0.029758485034108162,0.006046380382031202,0.7450987100601196,0.055461157113313675,0.00016847217921167612,8.701801215357796e-14,10.0
4770,20.981706619262695,20.940656661987305,0.028598614037036896,0.0041050417348742485,0.7470547556877136,0.06189635023474693,0.00019138124480377883,1.2462121991903968e-13,10.0
4771,21.075788497924805,21.0483341217041,0.03953370824456215,0.0027455068193376064,0.7508613467216492,0.05146975442767143,0.00017144308367278427,2.025835147420954e-13,10.0
4772,21.182451248168945,21.164052963256836,0.029781542718410492,0.0018397853709757328,0.7481088638305664,0.06861400604248047,0.00014428629947360605,1.997582329583969e-13,10.0
4773,21.100139617919922,21.09637451171875,0.03748903423547745,0.00037654387415386736,0.7396425008773804,0.06665129214525223,0.0001803751802071929,2.0471254899567803e-13,10.0
4774,21.03220558166504,21.029529571533203,0.03881969302892685,0.0002676176663953811,0.7376037836074829,0.06469797343015671,0.0001495322649134323,1.7983922998791174e-13,10.0
4775,21.16385269165039,21.15959930419922,0.02827262319624424,0.0004254160448908806,0.7840802073478699,0.033975180238485336,0.0001399210887029767,1.5864174936815884e-13,10.0
4776,21.30587387084961,21.296663284301758,0.03145726025104523,0.0009209918207488954,0.7513378262519836,0.06901060044765472,0.00015196554886642843,1.9689081636777017e-13,10.0
4777,21.471784591674805,21.46376609802246,0.041965048760175705,0.0008017728105187416,0.7546550631523132,0.06186842918395996,0.00015529182564932853,1.6925191445842785e-13,10.0
4778,20.711977005004883,20.70482063293457,0.025816241279244423,0.0007157286163419485,0.7550702691078186,0.0472467802464962,0.00014874660701025277,2.1122896997054913e-13,10.0
4779,20.700397491455078,20.693017959594727,0.03165799379348755,0.0007380403694696724,0.7329422235488892,0.06305532157421112,0.00016279872215818614,1.2815359125457892e-13,10.0
4780,20.614803314208984,20.60726547241211,0.02553744986653328,0.000753879314288497,0.754464328289032,0.04421568289399147,0.00018290399748366326,1.3167375176315055e-13,10.0
4781,20.961933135986328,20.953388214111328,0.028307031840085983,0.0008545556920580566,0.7610601782798767,0.04870080202817917,0.00016879664326552302,1.7014241036027167e-13,10.0
4782,21.084915161132812,21.078472137451172,0.026620257645845413,0.0006442900630645454,0.7575436234474182,0.058912042528390884,0.00015745137352496386,1.5878354945979278e-13,10.0
4783,20.80830955505371,20.80177116394043,0.029529299587011337,0.0006539231981150806,0.737588107585907,0.06489584594964981,0.00014397433551494032,1.1389027470675578e-13,10.0
4784,20.55633544921875,20.54979133605957,0.024653229862451553,0.0006543229101225734,0.7494310736656189,0.047846440225839615,0.00015228411939460784,1.5712944996786743e-13,10.0
4785,20.937240600585938,20.93254280090332,0.03253013268113136,0.0004697600088547915,0.7335833311080933,0.07112618535757065,0.00015529600204899907,1.02177909687938e-13,10.0
4786,20.860883712768555,20.85234260559082,0.030658608302474022,0.0008540259441360831,0.738260805606842,0.06510182470083237,0.0001809362875064835,1.150270064744982e-13,10.0
4787,21.015066146850586,21.00370979309082,0.03211402893066406,0.0011356996838003397,0.7499459981918335,0.0580250509083271,0.0001583701086929068,1.007550705194038e-13,10.0
4788,20.952585220336914,20.93940544128418,0.03678637742996216,0.0013180242385715246,0.7324581146240234,0.06826584041118622,0.00016471445269417018,1.2720092991067022e-13,10.0
4789,20.843170166015625,20.829450607299805,0.029931729659438133,0.0013720070710405707,0.7480947971343994,0.0550922192633152,0.00014819066564086825,1.5297103319288075e-13,10.0
4790,21.415618896484375,21.407238006591797,0.04085070639848709,0.0008380002109333873,0.7091854214668274,0.10617543011903763,0.00019498239271342754,1.0641833958100963e-13,10.0
4791,20.96498680114746,20.958358764648438,0.030455978587269783,0.000662804173771292,0.7349833846092224,0.07283379882574081,0.00015303668624255806,1.742724616959207e-13,10.0
4792,21.131772994995117,21.128427505493164,0.03315100818872452,0.0003345188742969185,0.7466495037078857,0.06527309864759445,0.00015876507677603513,1.1478371150699246e-13,10.0
4793,20.917179107666016,20.91526222229004,0.030591871589422226,0.00019168345897924155,0.7441989779472351,0.06175750494003296,0.0001552115281810984,1.491383107505087e-13,10.0
4794,21.012849807739258,21.010887145996094,0.024418745189905167,0.00019623598200269043,0.7663708925247192,0.049581512808799744,0.0001607223821338266,9.326222384425584e-14,10.0
4795,20.70752716064453,20.70347785949707,0.024908648803830147,0.0004049945273436606,0.7336609363555908,0.06949417293071747,0.0001881796633824706,1.549518299044303e-13,10.0
4796,21.025876998901367,21.020973205566406,0.03275727853178978,0.0004903381923213601,0.7246037125587463,0.08341220021247864,0.00016444250650238246,1.6665771681526748e-13,10.0
4797,20.71308708190918,20.70842742919922,0.02868637815117836,0.00046595625462941825,0.716985821723938,0.08258048444986343,0.00021098302386235446,1.4826564997440228e-13,10.0
4798,21.131595611572266,21.126651763916016,0.018816839903593063,0.0004943143576383591,0.7846061587333679,0.04158344492316246,0.00014906520664226264,1.446189901773559e-13,10.0
4799,20.60342788696289,20.56275749206543,0.018772529438138008,0.004067016765475273,0.751592218875885,0.052079420536756516,0.0001653360523050651,1.2253323627021279e-13,10.0
4800,20.752653121948242,20.729246139526367,0.018150489777326584,0.002340700477361679,0.7530872225761414,0.05787624418735504,0.0001397244050167501,1.8751780727147005e-13,10.0
4801,20.635412216186523,20.56941795349121,0.024605566635727882,0.006599401123821735,0.744221568107605,0.05388748645782471,0.0001552547764731571,1.4967432675205838e-13,10.0
4802,21.185199737548828,21.06601333618164,0.03178570792078972,0.011918703094124794,0.7613699436187744,0.04942480847239494,0.00015011413779575378,1.4542230267200473e-13,10.0
4803,20.69689178466797,20.643396377563477,0.02060525491833687,0.005349618848413229,0.7339563369750977,0.07111956924200058,0.00013703365402761847,2.342431533030459e-13,10.0
4804,20.74835968017578,20.662372589111328,0.029933389276266098,0.008598639629781246,0.7457131743431091,0.05078470706939697,0.00015900624566711485,1.2247628855110299e-13,10.0
4805,20.859027862548828,20.773527145385742,0.03166741505265236,0.008550052531063557,0.7375049591064453,0.06169460713863373,0.00018515472766011953,9.738711844332198e-14,10.0
4806,21.040735244750977,21.007564544677734,0.036292824894189835,0.00331710372120142,0.731633186340332,0.07231270521879196,0.00015991301916074008,1.298083006102263e-13,10.0
4807,21.440176010131836,21.183176040649414,0.03103196993470192,0.025699997320771217,0.743715226650238,0.07250399142503738,0.00018984342750627548,1.280508359936816e-13,10.0
4808,21.571643829345703,20.852252960205078,0.037151239812374115,0.0719391256570816,0.7422770261764526,0.05459989607334137,0.00015486242773476988,1.3063770171965056e-13,10.0
4809,21.038679122924805,20.89695167541504,0.03336585685610771,0.014172826893627644,0.7389808297157288,0.06346067041158676,0.0001765895722201094,1.4801126903968287e-13,10.0
4810,21.58452796936035,21.34539222717285,0.03610864281654358,0.023913618177175522,0.7457237243652344,0.07192543148994446,0.00014472474867943674,2.2564869623428047e-13,10.0
4811,21.304515838623047,21.096080780029297,0.045382916927337646,0.020843511447310448,0.7325665950775146,0.06582117825746536,0.00018132639524992555,1.4058228864875788e-13,10.0
4812,21.247112274169922,20.983396530151367,0.02706669457256794,0.026371538639068604,0.742744505405426,0.06945856660604477,0.0001651992934057489,1.8221940612222348e-13,10.0
4813,20.952651977539062,20.70003890991211,0.03285378962755203,0.025261277332901955,0.7342967391014099,0.06077920272946358,0.0001797135773813352,1.4540875014484866e-13,10.0
4814,21.527414321899414,20.826007843017578,0.03134333714842796,0.07014063745737076,0.7351518869400024,0.06648068130016327,0.00016094504098873585,1.6756188721701176e-13,10.0
4815,21.038196563720703,20.843109130859375,0.03528914973139763,0.019508741796016693,0.7317443490028381,0.06662081182003021,0.00017511115584056824,1.210877237237465e-13,10.0
4816,21.360803604125977,21.002376556396484,0.03330213949084282,0.03584261238574982,0.7506929039955139,0.056036222726106644,0.00015944747428875417,1.3874966171660563e-13,10.0
4817,21.732433319091797,21.40586280822754,0.043128691613674164,0.03265707567334175,0.7464587688446045,0.06657867133617401,0.0001710216311039403,1.1362833146188328e-13,10.0
4818,21.469396591186523,20.97684669494629,0.04319275543093681,0.049254946410655975,0.7441502809524536,0.051664434373378754,0.0001660269481362775,1.676986593210708e-13,10.0
4819,21.411211013793945,21.108577728271484,0.037129778414964676,0.03026331216096878,0.7634093165397644,0.043745823204517365,0.00014547740283887833,9.592452971263904e-14,10.0
4820,21.178668975830078,20.98006820678711,0.021463602781295776,0.019860100001096725,0.768398106098175,0.04928337782621384,0.0001440488122170791,1.5883671602382604e-13,10.0
4821,21.178817749023438,20.734268188476562,0.028545591980218887,0.04445498809218407,0.7500107884407043,0.050746869295835495,0.00016885630611795932,1.4739407340046834e-13,10.0
4822,20.77351951599121,20.501739501953125,0.024354176595807076,0.027178026735782623,0.7438810467720032,0.05177200213074684,0.00015587238885927945,1.7016536834127405e-13,10.0
4823,21.338462829589844,20.98929786682129,0.02117282897233963,0.03491644933819771,0.7859384417533875,0.032402414828538895,0.00014556077076122165,1.58022182036692e-13,10.0
4824,20.943077087402344,20.773296356201172,0.029898298904299736,0.016978103667497635,0.737183153629303,0.06377861648797989,0.0001794665731722489,1.190908943725713e-13,10.0
4825,21.40406036376953,20.752437591552734,0.029873115941882133,0.06516225636005402,0.7448469400405884,0.05530620366334915,0.00017791712889447808,1.698995219685806e-13,10.0
4826,20.941680908203125,20.655784606933594,0.022775357589125633,0.028589563444256783,0.7514380812644958,0.05195195600390434,0.00016498421609867364,1.1768411494871706e-13,10.0
4827,20.831722259521484,20.61431884765625,0.019732480868697166,0.021740270778536797,0.7667752504348755,0.03800041228532791,0.00016132624296005815,1.8497956801293708e-13,10.0
4828,20.7530517578125,20.535627365112305,0.030433185398578644,0.02174236625432968,0.7269077897071838,0.06401251256465912,0.00017886651039589196,1.7515868855171035e-13,10.0
4829,21.15911293029785,20.930953979492188,0.031677644699811935,0.022815831005573273,0.7525253891944885,0.05298073589801788,0.00013605989806819707,2.1474280144893887e-13,10.0
4830,20.814998626708984,20.705821990966797,0.02304132468998432,0.010917572304606438,0.7331459522247314,0.07198058813810349,0.00016249310283455998,1.648166737637513e-13,10.0
4831,21.406749725341797,20.699121475219727,0.029344063252210617,0.07076284289360046,0.7310794591903687,0.06747011840343475,0.00017793393635656685,1.5137525022530796e-13,10.0
4832,21.14082908630371,20.788551330566406,0.021606959402561188,0.03522775322198868,0.7629808783531189,0.046892497688531876,0.0001542118116049096,1.1952626930746002e-13,10.0
4833,20.738862991333008,20.712003707885742,0.026873208582401276,0.002685941057279706,0.7401025891304016,0.061441030353307724,0.00015806035662535578,1.3733518445732673e-13,10.0
4834,21.10487937927246,21.016849517822266,0.02693539299070835,0.00880307238548994,0.7469751834869385,0.06670530885457993,0.00014515283692162484,2.178227081128456e-13,10.0
4835,21.091936111450195,21.002378463745117,0.04079670459032059,0.008955678902566433,0.7304285764694214,0.06879953294992447,0.00017582539294380695,1.3769718601019248e-13,10.0
4836,20.861595153808594,20.807836532592773,0.030899008736014366,0.00537595571950078,0.7492948770523071,0.052056003361940384,0.00015888594498392195,1.2279446123114601e-13,10.0
4837,20.950490951538086,20.83648109436035,0.03451526165008545,0.011400936171412468,0.7157846093177795,0.0830920934677124,0.00016826212231535465,1.8538385345052977e-13,10.0
4838,20.924976348876953,20.837432861328125,0.025473641231656075,0.008754407986998558,0.7678038477897644,0.04016103968024254,0.00014681719767395407,2.508642707628461e-13,10.0
4839,20.978004455566406,20.95938491821289,0.027177710086107254,0.001862016157247126,0.7248319387435913,0.08630111813545227,0.00016146984125953168,2.5842603881484627e-13,10.0
4840,20.765085220336914,20.716548919677734,0.029109498485922813,0.004853718914091587,0.7342767119407654,0.0652054101228714,0.00017589532944839448,1.876642016698099e-13,10.0
4841,20.82375717163086,20.769371032714844,0.031655728816986084,0.005438584368675947,0.7344945073127747,0.0645456537604332,0.00019736778631340712,1.3098231538017507e-13,10.0
4842,20.88107681274414,20.86625862121582,0.028782527893781662,0.0014817944029346108,0.7496048212051392,0.05619253218173981,0.0001761766179697588,1.3679731175955667e-13,10.0
4843,20.865795135498047,20.862939834594727,0.024414045736193657,0.00028556061442941427,0.7498293519020081,0.06019971892237663,0.0001862390636233613,1.4932167644293032e-13,10.0
4844,20.895751953125,20.895652770996094,0.03043266199529171,9.85142651188653e-06,0.7312771081924438,0.07404299825429916,0.00018351578910369426,1.7164136052131435e-13,10.0
4845,20.947420120239258,20.947420120239258,0.028019266203045845,8.203345203128265e-08,0.7526882290840149,0.05712611973285675,0.0001580590906087309,1.9791294796588088e-13,10.0
4846,20.65642547607422,20.656423568725586,0.028953682631254196,1.481954683413278e-07,0.7291897535324097,0.06804151087999344,0.00017989508341997862,2.0050255130233535e-13,10.0
4847,20.930788040161133,20.9307861328125,0.030561525374650955,1.6084318588127644e-07,0.7444188594818115,0.062182437628507614,0.00017155357636511326,2.0410833667747902e-13,10.0
4848,20.952720642089844,20.95271873474121,0.024027884006500244,1.0272515282849781e-07,0.7508243322372437,0.06317503750324249,0.00020379973284434527,1.1808623198196477e-13,10.0
4849,20.75543212890625,20.755430221557617,0.031020808964967728,1.6729723029129673e-07,0.7209249138832092,0.07821094244718552,0.00015151474508456886,1.3567340068250389e-13,10.0
4850,20.940284729003906,20.940282821655273,0.028385581448674202,1.3631157003146654e-07,0.7485337853431702,0.06062212958931923,0.00017445998673792928,2.0301819849809916e-13,10.0
4851,20.582183837890625,20.582183837890625,0.025189675390720367,3.6039516260188975e-08,0.7456592917442322,0.052372634410858154,0.00016450777184218168,1.6451559082045208e-13,10.0
4852,21.121442794799805,21.121442794799805,0.03093547932803631,4.0195139661136636e-08,0.7432750463485718,0.07057224214076996,0.00018703735258895904,1.5838585055039794e-13,10.0
4853,20.81378936767578,20.81378936767578,0.03160404413938522,4.127552344357355e-08,0.7254701852798462,0.07541007548570633,0.0001679660053923726,1.4563290894401004e-13,10.0
4854,20.692934036254883,20.692934036254883,0.02327403984963894,1.1059380078393133e-08,0.7478192448616028,0.0565418004989624,0.0002057442907243967,1.242470753018421e-13,10.0
4855,21.004446029663086,21.004446029663086,0.02697531133890152,2.5460000774302216e-09,0.7638692855834961,0.04926721379160881,0.00016496622993145138,2.2338900206638618e-13,10.0
4856,20.672571182250977,20.672571182250977,0.02512209489941597,6.464377477755079e-09,0.7490745782852173,0.052643097937107086,0.0001576498179929331,1.4237961124766857e-13,10.0
4857,20.620210647583008,20.620210647583008,0.03134967014193535,9.377045806502338e-09,0.7330064177513123,0.060387078672647476,0.00016311014769598842,1.503190475739269e-13,10.0
4858,20.56545066833496,20.56545066833496,0.017020363360643387,9.590362282096976e-09,0.7669084668159485,0.03862667828798294,0.00015618307224940509,1.382699971229709e-13,10.0
4859,20.722885131835938,20.722885131835938,0.024948956444859505,9.00814089987989e-09,0.7471215724945068,0.056780554354190826,0.00016088112897705287,1.7764960238541433e-13,10.0
4860,20.753562927246094,20.753562927246094,0.027374930679798126,7.494892706461087e-09,0.7366815209388733,0.06601666659116745,0.00017342618957627565,2.411075625177034e-13,10.0
4861,20.76932144165039,20.76932144165039,0.028465930372476578,5.345801135092643e-09,0.7478176951408386,0.05442488566040993,0.00016080735076684505,1.897826649522108e-13,10.0
4862,21.004526138305664,21.004526138305664,0.03455209732055664,1.3242541285762854e-08,0.7350664138793945,0.0704922303557396,0.00017595174722373486,1.7438281992455257e-13,10.0
4863,20.623607635498047,20.623607635498047,0.025076981633901596,2.7091548560065348e-08,0.7465617060661316,0.05323517695069313,0.00017604288586881012,1.352241073022259e-13,10.0
4864,20.936147689819336,20.936147689819336,0.027530478313565254,4.334222225566009e-08,0.7644115090370178,0.04542495682835579,0.00019745808094739914,1.4924418309265192e-13,10.0
4865,20.74884033203125,20.74884033203125,0.022534441202878952,3.951909732791137e-08,0.7505421042442322,0.05681368336081505,0.00015869957860559225,2.1530577342700197e-13,10.0
4866,20.867244720458984,20.867244720458984,0.03260616213083267,3.104264933995182e-08,0.7269623279571533,0.07504815608263016,0.00018276151968166232,2.582041839453014e-13,10.0
4867,20.895540237426758,20.895540237426758,0.026314131915569305,2.1836239483263853e-08,0.7421094179153442,0.06733044236898422,0.00016885042714420706,1.6524593650889263e-13,10.0
4868,20.479368209838867,20.479368209838867,0.02198013849556446,2.5756101251772634e-08,0.7305880784988403,0.06654362380504608,0.0001572178298374638,1.522458374647595e-13,10.0
4869,20.857255935668945,20.857255935668945,0.02669217623770237,4.126828301309615e-08,0.7470014691352844,0.06052689254283905,0.00017423384997528046,2.3609185353240525e-13,10.0
4870,20.72696304321289,20.72696304321289,0.027942083775997162,3.545593330045449e-08,0.7242822051048279,0.0767807587981224,0.00018363290291745216,1.6222972672261943e-13,10.0
4871,20.856143951416016,20.856143951416016,0.03428829461336136,3.141649074223096e-08,0.745421826839447,0.054472848773002625,0.0001567462895764038,1.6363357880060797e-13,10.0
4872,20.669858932495117,20.669858932495117,0.028351183980703354,3.846346530167466e-08,0.741537868976593,0.05683784559369087,0.0001685700408415869,1.2028151098828627e-13,10.0
4873,20.718233108520508,20.718233108520508,0.030147595331072807,1.7059127443985744e-08,0.7185585498809814,0.079960897564888,0.0001556871720822528,1.399424331841384e-13,10.0
4874,20.785579681396484,20.785579681396484,0.034707311540842056,1.9581744226115916e-08,0.7192984819412231,0.07735063880681992,0.00016680872067809105,1.3671601014914742e-13,10.0
4875,20.767887115478516,20.767885208129883,0.02664116583764553,1.9958106634021533e-07,0.7176019549369812,0.08639756590127945,0.0001869686384452507,1.2309029934643584e-13,10.0
4876,21.56744384765625,21.56742286682129,0.0210372656583786,2.053393245660118e-06,0.7771743535995483,0.06442837417125702,0.0001420160406269133,7.267594864671448e-14,10.0
4877,20.788753509521484,20.78859519958496,0.018325867131352425,1.592404441908002e-05,0.7455040216445923,0.06764662265777588,0.00016820062592159957,1.2303272821107686e-13,10.0
4878,20.61790657043457,20.61726188659668,0.023604627698659897,6.445727194659412e-05,0.7507076263427734,0.05031442642211914,0.0001595294161234051,1.4674588313164788e-13,10.0
4879,20.73395538330078,20.73221778869629,0.022778913378715515,0.00017373761511407793,0.7612124085426331,0.045242734253406525,0.00013648510503116995,1.1296729339731887e-13,10.0
4880,20.78647232055664,20.782438278198242,0.030115224421024323,0.0004034257144667208,0.7263610363006592,0.07475229352712631,0.0001727008493617177,1.5535122287971964e-13,10.0
4881,20.732986450195312,20.723676681518555,0.029981255531311035,0.0009309506858699024,0.733932614326477,0.06496293842792511,0.00017558771651238203,1.9709964725871804e-13,10.0
4882,20.561796188354492,20.54646873474121,0.022727493196725845,0.001532756257802248,0.7313181161880493,0.06774576753377914,0.0001684136368567124,1.9951068249736414e-13,10.0
4883,20.765352249145508,20.747316360473633,0.03170037269592285,0.0018036834662780166,0.7281075119972229,0.069996677339077,0.00022022771008778363,2.031337473446318e-13,10.0
4884,20.868967056274414,20.855369567871094,0.03425545245409012,0.0013597888173535466,0.7083866596221924,0.09149454534053802,0.00019534671446308494,1.9712466522384814e-13,10.0
4885,20.69491958618164,20.682336807250977,0.03058714233338833,0.001258272910490632,0.7365714311599731,0.060064300894737244,0.00017635613039601594,2.137401854899329e-13,10.0
4886,20.747802734375,20.743682861328125,0.02951222099363804,0.0004119245568290353,0.7331352233886719,0.06701873987913132,0.00020265766943339258,1.737100182664167e-13,10.0
4887,20.65522003173828,20.648698806762695,0.022072091698646545,0.0006520551396533847,0.7581894397735596,0.04562000185251236,0.00016602790856268257,2.2997483908535066e-13,10.0
4888,20.960479736328125,20.942699432373047,0.03126457333564758,0.0017780207563191652,0.7562022805213928,0.050174616277217865,0.00016612371837254614,9.28991990755898e-14,10.0
4889,20.6942138671875,20.6633243560791,0.020575348287820816,0.003089025616645813,0.7704475522041321,0.03544386848807335,0.0001654984225751832,1.5115446600540844e-13,10.0
4890,20.778217315673828,20.746891021728516,0.027172788977622986,0.0031326632015407085,0.7536430954933167,0.0489949993789196,0.00016190674796234816,1.5205560064106977e-13,10.0
4891,21.01611328125,20.992952346801758,0.03328637406229973,0.002316087484359741,0.7466508150100708,0.059709686785936356,0.00017792654398363084,2.0575670345041736e-13,10.0
4892,20.745088577270508,20.73188018798828,0.027730708941817284,0.0013208158779889345,0.7431704998016357,0.05830866098403931,0.0001634175278013572,1.998023193292356e-13,10.0
4893,20.901885986328125,20.880056381225586,0.03178806230425835,0.0021828978788107634,0.7532404661178589,0.05011745169758797,0.00014089327305555344,1.8454610398437737e-13,10.0
4894,20.668352127075195,20.645095825195312,0.026527542620897293,0.0023256526328623295,0.7394139766693115,0.05978928506374359,0.0001825177314458415,1.2232540826627447e-13,10.0
4895,20.893787384033203,20.869564056396484,0.0356006920337677,0.0024223586078733206,0.7428085207939148,0.056298598647117615,0.00018685233953874558,1.7743081038700675e-13,10.0
4896,21.179458618164062,21.15719985961914,0.04221990704536438,0.0022258220706135035,0.7168856859207153,0.08711043745279312,0.00017995589587371796,2.0123907694315907e-13,10.0
4897,20.951574325561523,20.92693519592285,0.035311244428157806,0.0024638583417981863,0.7207835912704468,0.08090200275182724,0.0002011987380683422,1.916878656672838e-13,10.0
4898,21.02690887451172,21.010723114013672,0.03358844295144081,0.0016185243148356676,0.7507039904594421,0.056073762476444244,0.00015692059241700917,1.5227947483716087e-13,10.0
4899,21.046419143676758,21.037792205810547,0.0323757566511631,0.0008626878261566162,0.7501780390739441,0.058892522007226944,0.00016332980885636061,1.5834775439656223e-13,10.0
4900,21.00846290588379,20.97235870361328,0.034390851855278015,0.0036104267928749323,0.7406994700431824,0.06374075263738632,0.00015815283404663205,1.5071484912951988e-13,10.0
4901,21.303625106811523,21.21366310119629,0.04172661155462265,0.00899623241275549,0.7145739793777466,0.09216555207967758,0.00020112800120841712,1.4211367000728503e-13,10.0
4902,21.164859771728516,20.99042320251465,0.03368464857339859,0.017443565651774406,0.7197321057319641,0.08612985908985138,0.0001758845173753798,1.711912810944613e-13,10.0
4903,20.93529510498047,20.78174591064453,0.032742369920015335,0.015354899689555168,0.7360318899154663,0.06242828816175461,0.000168251630384475,2.09587569196569e-13,10.0
4904,20.905092239379883,20.815141677856445,0.03584666922688484,0.008995034731924534,0.7144261598587036,0.08225901424884796,0.00018468320195097476,1.6722680098307796e-13,10.0
4905,20.7838077545166,20.738439559936523,0.031352393329143524,0.004536753986030817,0.7311007380485535,0.06702890247106552,0.0001388636155752465,1.883809270684586e-13,10.0
4906,20.852354049682617,20.800207138061523,0.028201937675476074,0.0052146692760288715,0.753467321395874,0.0502786859869957,0.00015087310748640448,1.0901707054450371e-13,10.0
4907,20.680095672607422,20.599088668823242,0.024502720683813095,0.008100788109004498,0.7338312268257141,0.06554628908634186,0.0002082177234115079,1.8456374937473458e-13,10.0
4908,20.90422248840332,20.826887130737305,0.03235332667827606,0.007733522914350033,0.7330257296562195,0.0676337480545044,0.0001566795544931665,2.387373339383242e-13,10.0
4909,20.938873291015625,20.898439407348633,0.025422614067792892,0.0040434617549180984,0.7695049047470093,0.04094602167606354,0.00016005073848646134,1.327301170448575e-13,10.0
4910,21.425514221191406,21.335708618164062,0.044463224709033966,0.008980641141533852,0.7333213090896606,0.07557468861341476,0.00017275764548685402,1.5225212583735992e-13,10.0
4911,21.500314712524414,21.43822479248047,0.036194320768117905,0.006209028884768486,0.7573807239532471,0.0638965293765068,0.0001434162986697629,1.538890678299057e-13,10.0
4912,21.023941040039062,20.991397857666016,0.03971698507666588,0.003254247596487403,0.7397984266281128,0.060077570378780365,0.00015737047942820936,2.308313588016142e-13,10.0
4913,21.653841018676758,21.583831787109375,0.06556092947721481,0.007000841666013002,0.732797384262085,0.0649251863360405,0.00017442915122956038,1.6339836113928724e-13,10.0
4914,21.448976516723633,21.331846237182617,0.055635061115026474,0.01171296276152134,0.718174934387207,0.0793846920132637,0.00019791466183960438,1.9230149699185628e-13,10.0
4915,21.701417922973633,21.52507209777832,0.056938160210847855,0.017634518444538116,0.7399525046348572,0.06403886526823044,0.00018356676446273923,8.436693455394356e-14,10.0
4916,21.34229850769043,21.151790618896484,0.05089561268687248,0.019050801172852516,0.7232204079627991,0.0718894749879837,0.00016522117948625237,1.5046094253325093e-13,10.0
4917,20.964948654174805,20.86235809326172,0.03297663480043411,0.010258989408612251,0.7415933012962341,0.0598641112446785,0.00015061476733535528,1.8626646178156875e-13,10.0
4918,20.981149673461914,20.910734176635742,0.04500501602888107,0.007041636388748884,0.7346275448799133,0.056735776364803314,0.00015253399033099413,1.472589004946137e-13,10.0
4919,21.781169891357422,21.64767074584961,0.05145401507616043,0.013350005261600018,0.7386577129364014,0.07573399692773819,0.00015280782827176154,2.423617675908346e-13,10.0
4920,21.40131950378418,21.154815673828125,0.05072849988937378,0.024650337174534798,0.742965579032898,0.05243169143795967,0.00016712148499209434,2.6624159149037097e-13,10.0
4921,21.603702545166016,21.438695907592773,0.061747338622808456,0.01650058478116989,0.7515605688095093,0.04417843744158745,0.0001534734619781375,1.4202186518832982e-13,10.0
4922,21.949079513549805,21.859111785888672,0.06427375972270966,0.008996814489364624,0.7584560513496399,0.05156974494457245,0.0001624021679162979,1.1511058490946968e-13,10.0
4923,21.825834274291992,21.607589721679688,0.07219886779785156,0.021824419498443604,0.7313503623008728,0.06068022921681404,0.00018546740466263145,1.6195402766268352e-13,10.0
4924,21.864152908325195,21.5955753326416,0.06729058921337128,0.026857683435082436,0.7336864471435547,0.06278707087039948,0.00014730618568137288,2.1604579561983195e-13,10.0
4925,21.230804443359375,21.14933967590332,0.04605048522353172,0.008146402426064014,0.7509063482284546,0.04894872382283211,0.00017000622756313533,1.7261651906030212e-13,10.0
4926,20.95022964477539,20.875659942626953,0.03760458901524544,0.007456904277205467,0.7518687844276428,0.04548894613981247,0.00015994335990399122,2.1394268735069888e-13,10.0
4927,21.313434600830078,21.303922653198242,0.04901600629091263,0.0009511288371868432,0.7637879848480225,0.03928554430603981,0.0001682770234765485,1.324312160584304e-13,10.0
4928,21.445261001586914,21.33595085144043,0.05477822199463844,0.010931023396551609,0.7353973388671875,0.06318600475788116,0.0001911256113089621,2.3489153330724655e-13,10.0
4929,21.483171463012695,21.378835678100586,0.049893613904714584,0.010433579795062542,0.746232271194458,0.05896163359284401,0.00016461382620036602,1.8873192396927363e-13,10.0
4930,22.179100036621094,21.90735626220703,0.07290128618478775,0.027174297720193863,0.7292996048927307,0.07402102649211884,0.00018083980830851942,1.4568958561257672e-13,10.0
4931,21.300912857055664,21.130516052246094,0.04442537575960159,0.017039643600583076,0.7421219944953918,0.05860403925180435,0.0001731429947540164,1.801319103643742e-13,10.0
4932,20.958284378051758,20.805994033813477,0.043071307241916656,0.015229076147079468,0.7345876693725586,0.054518070071935654,0.0001566961727803573,2.016968406529096e-13,10.0
4933,21.492189407348633,21.38994789123535,0.03740570321679115,0.010224207304418087,0.7386667132377625,0.07945982366800308,0.0001642827846808359,2.1120267806786636e-13,10.0
4934,21.126062393188477,20.91143226623535,0.032976604998111725,0.02146301418542862,0.7501904964447021,0.053231023252010345,0.00014782229845877737,1.6852636636460055e-13,10.0
4935,21.67254638671875,21.181453704833984,0.044536199420690536,0.049109287559986115,0.7434056401252747,0.05925126373767853,0.00016271075583063066,1.836969026327781e-13,10.0
4936,21.341670989990234,21.01599884033203,0.034252919256687164,0.03256726637482643,0.7321943640708923,0.07412925362586975,0.0001584642450325191,1.3526308437032675e-13,10.0
4937,21.039297103881836,20.895017623901367,0.03967491537332535,0.014427929185330868,0.7370935678482056,0.05896294116973877,0.0001731507945805788,1.6487484121030516e-13,10.0
4938,21.514863967895508,21.415210723876953,0.04858697950839996,0.009965309873223305,0.7280706763267517,0.07988714426755905,0.0001590906613273546,1.557445036652616e-13,10.0
4939,21.435941696166992,21.250362396240234,0.048476818948984146,0.01855790615081787,0.7488046288490295,0.05265462398529053,0.00019608794536907226,1.2976067702979988e-13,10.0
4940,21.624496459960938,21.524755477905273,0.06651291996240616,0.009974079206585884,0.7336157560348511,0.06080111116170883,0.00015130457177292556,2.1983790113831725e-13,10.0
4941,22.097253799438477,21.947704315185547,0.08113092184066772,0.014954903163015842,0.7252157330513,0.0714869350194931,0.00018638539768289775,2.0319237557710895e-13,10.0
4942,21.862688064575195,21.764076232910156,0.07430539280176163,0.009861196391284466,0.7287129759788513,0.06747116148471832,0.0001835917792050168,2.15247334929905e-13,10.0
4943,21.373069763183594,21.324846267700195,0.051049381494522095,0.004822431597858667,0.7512258887290955,0.050654683262109756,0.0001598027884028852,1.8431820468772092e-13,10.0
4944,21.302196502685547,21.232847213745117,0.05210655555129051,0.006934915203601122,0.7399856448173523,0.0571417361497879,0.00019992078887298703,1.877603297449279e-13,10.0
4945,21.662160873413086,21.516643524169922,0.05910470709204674,0.014551670290529728,0.7183379530906677,0.08315477520227432,0.00017093383939936757,2.161480765422788e-13,10.0
4946,21.751766204833984,21.489212036132812,0.05445151776075363,0.026255467906594276,0.7420117855072021,0.06303923577070236,0.00016484902880620211,1.7674372436524838e-13,10.0
4947,22.129390716552734,21.9145565032959,0.05571657046675682,0.021483421325683594,0.7628911733627319,0.05790313705801964,0.00017844724061433226,2.3059858059518157e-13,10.0
4948,21.730775833129883,21.414945602416992,0.05881190672516823,0.03158301115036011,0.7391338348388672,0.05856483429670334,0.00021819975518155843,2.0952472612814632e-13,10.0
4949,21.690561294555664,21.42364501953125,0.03665293753147125,0.02669166959822178,0.7723051905632019,0.04792504012584686,0.00015650871500838548,2.354454521971694e-13,10.0
4950,21.718891143798828,21.07389259338379,0.04830944538116455,0.06449980288743973,0.7338145971298218,0.060766831040382385,0.0001619831455172971,2.2196381831065398e-13,10.0
4951,21.292049407958984,21.148794174194336,0.04905613139271736,0.014325441792607307,0.7380420565605164,0.05879266932606697,0.00015241382061503828,2.0866527906601706e-13,10.0
4952,21.60430145263672,21.229402542114258,0.053986504673957825,0.037489891052246094,0.7372331023216248,0.05787646397948265,0.0002001186367124319,1.887234807448554e-13,10.0
4953,21.8485164642334,21.509540557861328,0.06653115898370743,0.033897560089826584,0.7287024259567261,0.06508544087409973,0.00015656152390874922,2.0953823799772092e-13,10.0
4954,21.94038200378418,21.364635467529297,0.0614403635263443,0.05757469683885574,0.7445487380027771,0.04853151738643646,0.00016217412485275418,1.7833618696366793e-13,10.0
4955,21.538082122802734,21.237133026123047,0.0527455136179924,0.030094824731349945,0.7351415157318115,0.061528559774160385,0.00017435825429856777,1.9618109762566116e-13,10.0
4956,21.627721786499023,21.314754486083984,0.04642739146947861,0.03129664435982704,0.734553873538971,0.07153308391571045,0.0001895073801279068,1.6947257670558297e-13,10.0
4957,21.7359676361084,21.224809646606445,0.047295279800891876,0.05111581087112427,0.7366541624069214,0.06495986878871918,0.0002077299723168835,1.7223807829199606e-13,10.0
4958,21.60934066772461,21.263107299804688,0.04323117062449455,0.0346234031021595,0.7436186671257019,0.0635925903916359,0.00020451487216632813,2.473173033555598e-13,10.0
4959,21.295726776123047,20.954496383666992,0.040816016495227814,0.03412302955985069,0.7437680959701538,0.05351494625210762,0.00020203845633659512,1.8692942430498932e-13,10.0
4960,21.046483993530273,20.856876373291016,0.03999251127243042,0.01896076276898384,0.7328949570655823,0.061328787356615067,0.00014685180212836713,2.431209801621176e-13,10.0
4961,21.716415405273438,20.97816276550293,0.03225754573941231,0.07382524758577347,0.7527822852134705,0.05402713268995285,0.0001488793786847964,1.8933446932663245e-13,10.0
4962,21.201993942260742,20.941822052001953,0.03297506272792816,0.026017196476459503,0.7199655771255493,0.08466193825006485,0.00017564989684615284,1.791640430849964e-13,10.0
4963,21.181129455566406,20.902463912963867,0.03166754171252251,0.027866549789905548,0.7409657835960388,0.06338947266340256,0.0001892660657176748,1.4735395792008638e-13,10.0
4964,21.28356170654297,21.079797744750977,0.032832175493240356,0.02037637308239937,0.7271097302436829,0.083173468708992,0.00019124848768115044,2.210207114983903e-13,10.0
4965,21.49332618713379,21.216285705566406,0.05608941987156868,0.02770403027534485,0.7329630255699158,0.05953625589609146,0.00015685040852986276,2.4544025123938995e-13,10.0
4966,21.658329010009766,21.644733428955078,0.06195463240146637,0.00135958066675812,0.7494194507598877,0.054347164928913116,0.00017009240400511771,2.1489197411534572e-13,10.0
4967,21.74696922302246,21.74130630493164,0.06621076911687851,0.0005663800984621048,0.7470214366912842,0.05635668709874153,0.00015841466665733606,1.7418577973223048e-13,10.0
4968,21.758947372436523,21.757261276245117,0.0672033280134201,0.0001686471950961277,0.7478298544883728,0.05518655106425285,0.00017700926400721073,1.4936306586086495e-13,10.0
4969,21.444196701049805,21.44328498840332,0.05862218514084816,9.111803956329823e-05,0.7572816014289856,0.04175975173711777,0.00016980893269646913,1.5387356373883915e-13,10.0
4970,20.858306884765625,20.85638427734375,0.04372550547122955,0.00019228420569561422,0.7290401458740234,0.06141823157668114,0.0001786851935321465,2.2650940368143524e-13,10.0
4971,21.116065979003906,21.11372184753418,0.041030317544937134,0.0002345007233088836,0.7553163170814514,0.04813328757882118,0.00017224153270944953,2.1109492192444845e-13,10.0
4972,21.22937774658203,21.225868225097656,0.04598177596926689,0.00035103477421216667,0.7265427708625793,0.07644042372703552,0.00017452157044317573,1.76973548120761e-13,10.0
4973,20.83285140991211,20.828781127929688,0.038431812077760696,0.0004070774302817881,0.7428445219993591,0.05180858075618744,0.00016596649948041886,2.2223291728986488e-13,10.0
4974,20.75583267211914,20.750648498535156,0.03163352236151695,0.000518370303325355,0.7432181239128113,0.05511002615094185,0.00016065449744928628,1.3753095071209614e-13,10.0
4975,20.832685470581055,20.82703399658203,0.03866833075881004,0.0005652246181853116,0.7252058386802673,0.06914444267749786,0.00015669128333684057,2.094766417617966e-13,10.0
4976,20.54309844970703,20.536540985107422,0.035064395517110825,0.0006557822925969958,0.7296600937843323,0.05666769668459892,0.00017357563774567097,2.0968863039157182e-13,10.0
4977,20.84792137145996,20.841751098632812,0.042088594287633896,0.0006169350235722959,0.7094927430152893,0.08201372623443604,0.00018754694610834122,1.7809675446640166e-13,10.0
4978,20.808523178100586,20.802684783935547,0.042482927441596985,0.0005839187651872635,0.7188587784767151,0.07069795578718185,0.00016933259030338377,2.2302903339259383e-13,10.0
4979,20.72279167175293,20.716976165771484,0.03284876421093941,0.0005815529730170965,0.739170491695404,0.05658270791172981,0.0001928372512338683,1.6851208200097806e-13,10.0
4980,20.763097763061523,20.755619049072266,0.034676387906074524,0.000747923506423831,0.7218971252441406,0.0735841915011406,0.00016766705084592104,1.7868351112962366e-13,10.0
4981,20.749919891357422,20.742443084716797,0.03788592293858528,0.0007476885220967233,0.7312830090522766,0.06044472008943558,0.0002102236176142469,2.0489415285956936e-13,10.0
4982,21.164766311645508,21.157724380493164,0.048372138291597366,0.000704220263287425,0.7088386416435242,0.08902879059314728,0.00017348694382235408,1.7574739677884282e-13,10.0
4983,21.16387939453125,21.157434463500977,0.05533798784017563,0.0006444754544645548,0.7194809317588806,0.07138282805681229,0.00023919064551591873,2.631126111256321e-13,10.0
4984,21.074596405029297,21.06855583190918,0.04568016901612282,0.000604144181124866,0.7150800228118896,0.08191850036382675,0.00015886018809396774,2.280575359635273e-13,10.0
4985,20.818071365356445,20.81182098388672,0.038206495344638824,0.0006251063896343112,0.7129376530647278,0.08125437796115875,0.00018591158732306212,1.6765725635060902e-13,10.0
4986,20.904626846313477,20.899442672729492,0.03242013230919838,0.0005184576730243862,0.7242600321769714,0.0792328491806984,0.00016173231415450573,3.037055741443584e-13,10.0
4987,21.157041549682617,21.153736114501953,0.036789506673812866,0.00033046986209228635,0.7531653046607971,0.05613385885953903,0.000152038483065553,3.504955657304687e-13,10.0
4988,21.018640518188477,21.015905380249023,0.029517780989408493,0.00027348706498742104,0.7753723859786987,0.03568354621529579,0.00015648447151761502,1.4734303458319858e-13,10.0
4989,20.85154151916504,20.84917640686035,0.03514201194047928,0.00023660236911382526,0.7361677885055542,0.06259351968765259,0.00015938143769744784,2.763131520464035e-13,10.0
4990,20.866439819335938,20.86469078063965,0.04492548108100891,0.0001748868089634925,0.7380436062812805,0.05153987929224968,0.00019690681074280292,2.696492389184929e-13,10.0
4991,20.73106575012207,20.729040145874023,0.03389845788478851,0.00020250279339961708,0.746391236782074,0.04880901426076889,0.00015736436762381345,2.006434298221227e-13,10.0
4992,21.146116256713867,21.14417266845703,0.0369938462972641,0.00019438272283878177,0.7303602695465088,0.07835062593221664,0.00015549921954516321,2.589797408643346e-13,10.0
4993,20.777692794799805,20.77555274963379,0.02522464282810688,0.0002139300777344033,0.758540689945221,0.04719598963856697,0.00015209097182378173,2.600225807239398e-13,10.0
4994,20.582603454589844,20.580984115600586,0.026879798620939255,0.0001618645474081859,0.7361959218978882,0.060096509754657745,0.00016789625806268305,2.9310495003320725e-13,10.0
4995,20.4385929107666,20.438087463378906,0.023930680006742477,5.049480387242511e-05,0.7452558875083923,0.04828263819217682,0.00013587260036729276,2.4001793933435545e-13,10.0
4996,20.65644645690918,20.65607261657715,0.030983230099081993,3.741479304153472e-05,0.7403438687324524,0.05485176295042038,0.00016028645040933043,3.0382491769849473e-13,10.0
4997,20.559886932373047,20.5594425201416,0.03226972371339798,4.440186603460461e-05,0.7150997519493103,0.07493039965629578,0.00019454762514214963,2.6495263773761157e-13,10.0
4998,20.82767677307129,20.827198028564453,0.03187032788991928,4.785227065440267e-05,0.7374407052993774,0.06370729953050613,0.0001739485887810588,2.397032225487372e-13,10.0
4999,20.77334976196289,20.77296257019043,0.035886071622371674,3.866754923365079e-05,0.7210767865180969,0.07387485355138779,0.00020189322822261602,1.6459841031390282e-13,10.0
5000,20.796411514282227,20.796106338500977,0.03652201592922211,3.044974619115237e-05,0.7178183197975159,0.07743851095438004,0.0001635575172258541,2.2405739915319633e-13,10.0
