step,loss,sim_loss,var_loss,cov_loss,sfa_loss,per_dim_std
201,4069.21142578125,4040.49072265625,1.9426296949386597,3.793767291426775e-06,"tensor(3.4567e-07, grad_fn=<MseLossBackward0>)",
202,3983.29248046875,3953.01953125,1.9379034042358398,4.554048246063758e-06,"tensor(4.1121e-07, grad_fn=<MseLossBackward0>)",
203,3898.29736328125,3866.600341796875,1.9313666820526123,9.929337466019206e-06,"tensor(6.8800e-07, grad_fn=<MseLossBackward0>)",
204,3815.076416015625,3782.078125,1.9248602390289307,1.8780310711008497e-05,"tensor(1.1960e-06, grad_fn=<MseLossBackward0>)",
205,3734.61376953125,3700.478515625,1.9194138050079346,3.119237589999102e-05,"tensor(1.6918e-06, grad_fn=<MseLossBackward0>)",
206,3662.803955078125,3628.046875,1.9045593738555908,6.844585004728287e-05,"tensor(2.8545e-06, grad_fn=<MseLossBackward0>)",
207,3592.500732421875,3556.754150390625,1.905277967453003,6.523012416437268e-05,"tensor(3.1105e-06, grad_fn=<MseLossBackward0>)",
208,3521.192626953125,3484.597412109375,1.9023926258087158,8.260094909928739e-05,"tensor(4.5962e-06, grad_fn=<MseLossBackward0>)",
209,3451.484375,3414.8369140625,1.86995530128479,0.00022749385971110314,"tensor(4.9087e-06, grad_fn=<MseLossBackward0>)",
210,3381.5869140625,3344.377685546875,1.8587570190429688,0.00039132911479100585,"tensor(7.0148e-06, grad_fn=<MseLossBackward0>)",
211,3312.351318359375,3274.69140625,1.8431001901626587,0.00043752187048085034,"tensor(1.3336e-05, grad_fn=<MseLossBackward0>)",
212,3242.34814453125,3204.139404296875,1.8353277444839478,0.0005124104209244251,"tensor(1.2567e-05, grad_fn=<MseLossBackward0>)",
213,3171.6494140625,3133.103271484375,1.8211445808410645,0.000732548360247165,"tensor(1.8524e-05, grad_fn=<MseLossBackward0>)",
214,3103.329345703125,3064.783203125,1.7968482971191406,0.0014742595376446843,"tensor(1.8947e-05, grad_fn=<MseLossBackward0>)",
215,3030.8505859375,2991.689208984375,1.8033595085144043,0.001161513151600957,"tensor(2.8533e-05, grad_fn=<MseLossBackward0>)",
216,2964.411376953125,2926.463623046875,1.738591194152832,0.002596094971522689,"tensor(3.5019e-05, grad_fn=<MseLossBackward0>)",
217,2891.526123046875,2853.388916015625,1.7313213348388672,0.0036759446375072002,"tensor(4.0620e-05, grad_fn=<MseLossBackward0>)",
218,2821.76220703125,2782.96533203125,1.7449753284454346,0.0033566602505743504,"tensor(5.9959e-05, grad_fn=<MseLossBackward0>)",
219,2749.822265625,2712.485595703125,1.6703256368637085,0.007502403110265732,"tensor(7.1632e-05, grad_fn=<MseLossBackward0>)",
220,2673.6826171875,2636.712890625,1.6400412321090698,0.011938496492803097,"tensor(7.3583e-05, grad_fn=<MseLossBackward0>)",
221,2602.71875,2566.666259765625,1.5840258598327637,0.02138926088809967,"tensor(7.5890e-05, grad_fn=<MseLossBackward0>)",
222,2530.141357421875,2494.767578125,1.5443220138549805,0.026391055434942245,"tensor(0.0001, grad_fn=<MseLossBackward0>)",
223,2454.34912109375,2419.951904296875,1.495439052581787,0.02949969284236431,"tensor(0.0001, grad_fn=<MseLossBackward0>)",
224,2367.80224609375,2331.87939453125,1.5652755498886108,0.013529154472053051,"tensor(0.0002, grad_fn=<MseLossBackward0>)",
225,2296.538818359375,2261.90380859375,1.4049508571624756,0.11590341478586197,"tensor(0.0002, grad_fn=<MseLossBackward0>)",
226,2221.191162109375,2189.067626953125,1.3530157804489136,0.06215599551796913,"tensor(0.0003, grad_fn=<MseLossBackward0>)",
227,2145.653564453125,2113.30859375,1.2666749954223633,0.15237641334533691,"tensor(0.0004, grad_fn=<MseLossBackward0>)",
228,2041.71826171875,2008.9906005859375,1.2657992839813232,0.1657109558582306,"tensor(0.0004, grad_fn=<MseLossBackward0>)",
229,1966.4832763671875,1932.1927490234375,1.1602312326431274,0.330640971660614,"tensor(0.0006, grad_fn=<MseLossBackward0>)",
230,1881.43115234375,1849.66943359375,1.1940503120422363,0.1921607106924057,"tensor(0.0007, grad_fn=<MseLossBackward0>)",
231,1792.675537109375,1762.59375,1.0799736976623535,0.23708023130893707,"tensor(0.0007, grad_fn=<MseLossBackward0>)",
232,1705.7113037109375,1675.8846435546875,1.1082547903060913,0.19609563052654266,"tensor(0.0009, grad_fn=<MseLossBackward0>)",
233,1620.255615234375,1583.20556640625,1.010819673538208,0.5825314521789551,"tensor(0.0010, grad_fn=<MseLossBackward0>)",
234,1544.8258056640625,1508.892333984375,0.9307119846343994,0.618472158908844,"tensor(0.0011, grad_fn=<MseLossBackward0>)",
235,1465.274658203125,1421.3260498046875,0.890005350112915,0.9820753931999207,"tensor(0.0013, grad_fn=<MseLossBackward0>)",
236,1365.0301513671875,1325.7105712890625,0.9052738547325134,0.7854555249214172,"tensor(0.0020, grad_fn=<MseLossBackward0>)",
237,1325.68798828125,1249.0589599609375,0.9409608244895935,2.2455151081085205,"tensor(0.0021, grad_fn=<MseLossBackward0>)",
238,1252.559326171875,1168.441162109375,0.8666127324104309,2.6266019344329834,"tensor(0.0026, grad_fn=<MseLossBackward0>)",
239,1128.2813720703125,1076.3216552734375,0.8480005264282227,1.360923409461975,"tensor(0.0040, grad_fn=<MseLossBackward0>)",
240,1032.25439453125,985.8704223632812,0.8422487378120422,1.147280216217041,"tensor(0.0046, grad_fn=<MseLossBackward0>)",
241,1039.6212158203125,916.9579467773438,0.8171398043632507,4.232650279998779,"tensor(0.0043, grad_fn=<MseLossBackward0>)",
242,900.9431762695312,840.4867553710938,0.7984692454338074,1.7628628015518188,"tensor(0.0068, grad_fn=<MseLossBackward0>)",
243,974.6331787109375,768.4393310546875,0.7813539505004883,7.614832878112793,"tensor(0.0064, grad_fn=<MseLossBackward0>)",
244,830.76708984375,700.4365234375,0.7880001068115234,4.582113265991211,"tensor(0.0079, grad_fn=<MseLossBackward0>)",
245,690.2190551757812,634.2903442382812,0.7360970377922058,1.6583847999572754,"tensor(0.0108, grad_fn=<MseLossBackward0>)",
246,660.371826171875,574.629150390625,0.7271388173103333,2.8652050495147705,"tensor(0.0089, grad_fn=<MseLossBackward0>)",
247,620.9337158203125,519.2951049804688,0.6986641883850098,3.530196189880371,"tensor(0.0110, grad_fn=<MseLossBackward0>)",
248,541.277099609375,466.4531555175781,0.6396315097808838,2.523358106613159,"tensor(0.0122, grad_fn=<MseLossBackward0>)",
249,637.375244140625,409.6378173828125,0.6578596830368042,8.62581729888916,"tensor(0.0194, grad_fn=<MseLossBackward0>)",
250,483.2318420410156,362.1321105957031,0.6269498467445374,4.391136646270752,"tensor(0.0244, grad_fn=<MseLossBackward0>)",
251,375.3428039550781,323.8065490722656,0.568156898021698,1.6608173847198486,"tensor(0.0394, grad_fn=<MseLossBackward0>)",
252,386.1814880371094,299.15081787109375,0.5735201239585876,3.0891804695129395,"tensor(0.0393, grad_fn=<MseLossBackward0>)",
253,331.8878173828125,255.88462829589844,0.5395137071609497,2.6697540283203125,"tensor(0.0311, grad_fn=<MseLossBackward0>)",
254,437.1908264160156,228.85922241210938,0.4512256681919098,8.066368103027344,"tensor(0.0451, grad_fn=<MseLossBackward0>)",
255,289.14697265625,195.75518798828125,0.42709073424339294,3.4745705127716064,"tensor(0.0446, grad_fn=<MseLossBackward0>)",
256,394.95904541015625,173.45358276367188,0.4721876084804535,8.556967735290527,"tensor(0.0466, grad_fn=<MseLossBackward0>)",
257,287.4317932128906,146.56781005859375,0.4146803915500641,5.396224021911621,"tensor(0.0388, grad_fn=<MseLossBackward0>)",
258,176.08926391601562,126.7516860961914,0.2814549505710602,1.8625601530075073,"tensor(0.0523, grad_fn=<MseLossBackward0>)",
259,187.1390380859375,115.13329315185547,0.34190765023231506,2.717064619064331,"tensor(0.0488, grad_fn=<MseLossBackward0>)",
260,125.24236297607422,100.59600067138672,0.36299943923950195,0.776212215423584,"tensor(0.0662, grad_fn=<MseLossBackward0>)",
261,160.08355712890625,85.0002212524414,0.23416252434253693,2.916208028793335,"tensor(0.0738, grad_fn=<MseLossBackward0>)",
262,169.24215698242188,73.83192443847656,0.36195239424705505,3.5903146266937256,"tensor(0.0527, grad_fn=<MseLossBackward0>)",
263,101.13367462158203,62.45415496826172,0.27745577692985535,1.3932106494903564,"tensor(0.0560, grad_fn=<MseLossBackward0>)",
264,89.7508773803711,55.64441680908203,0.4520053267478943,1.0521820783615112,"tensor(0.0508, grad_fn=<MseLossBackward0>)",
265,112.271484375,46.0528450012207,0.37302398681640625,2.4083199501037598,"tensor(0.0605, grad_fn=<MseLossBackward0>)",
266,66.83016204833984,38.87180709838867,0.41327035427093506,0.8067392706871033,"tensor(0.0530, grad_fn=<MseLossBackward0>)",
267,55.843788146972656,32.52911376953125,0.47081753611564636,0.5727304220199585,"tensor(0.0597, grad_fn=<MseLossBackward0>)",
268,47.48845291137695,24.917728424072266,0.48344337940216064,0.5161283016204834,"tensor(0.0500, grad_fn=<MseLossBackward0>)",
269,43.92136764526367,21.05965232849121,0.4912772476673126,0.5141748785972595,"tensor(0.0632, grad_fn=<MseLossBackward0>)",
270,41.505271911621094,15.012004852294922,0.5252572298049927,0.6034846901893616,"tensor(0.0493, grad_fn=<MseLossBackward0>)",
271,42.389854431152344,11.264754295349121,0.5404114723205566,0.7761763334274292,"tensor(0.0719, grad_fn=<MseLossBackward0>)",
272,31.198081970214844,9.033075332641602,0.6935081481933594,0.2694334387779236,"tensor(0.0642, grad_fn=<MseLossBackward0>)",
273,26.275239944458008,6.569781303405762,0.6494559049606323,0.20694106817245483,"tensor(0.0736, grad_fn=<MseLossBackward0>)",
274,27.14699935913086,5.05771017074585,0.7597130537033081,0.1857004463672638,"tensor(0.0895, grad_fn=<MseLossBackward0>)",
275,25.30336570739746,3.6030867099761963,0.7493282556533813,0.17481376230716705,"tensor(0.0914, grad_fn=<MseLossBackward0>)",
276,25.750883102416992,2.896045684814453,0.7345515489578247,0.2335379719734192,"tensor(0.0988, grad_fn=<MseLossBackward0>)",
277,25.373458862304688,2.053819179534912,0.7818958759307861,0.19081631302833557,"tensor(0.0828, grad_fn=<MseLossBackward0>)",
278,25.439485549926758,2.0358006954193115,0.906381368637085,0.08170822262763977,"tensor(0.0715, grad_fn=<MseLossBackward0>)",
279,26.129844665527344,1.5269219875335693,0.8532015085220337,0.16441462934017181,"tensor(0.0865, grad_fn=<MseLossBackward0>)",
280,26.683490753173828,1.9000000953674316,0.8870097398757935,0.15456560254096985,"tensor(0.0978, grad_fn=<MseLossBackward0>)",
281,25.450178146362305,1.882232666015625,0.8714328408241272,0.12127035856246948,"tensor(0.0928, grad_fn=<MseLossBackward0>)",
282,26.165315628051758,1.6713199615478516,0.7898311018943787,0.23325838148593903,"tensor(0.0860, grad_fn=<MseLossBackward0>)",
283,25.096616744995117,1.9177956581115723,0.8088552951812744,0.17098531126976013,"tensor(0.1198, grad_fn=<MseLossBackward0>)",
284,26.321611404418945,1.9350595474243164,0.8059146404266357,0.22325094044208527,"tensor(0.1036, grad_fn=<MseLossBackward0>)",
285,23.421070098876953,1.9696307182312012,0.7671986818313599,0.14795437455177307,"tensor(0.1120, grad_fn=<MseLossBackward0>)",
286,23.579601287841797,1.815486192703247,0.7991172075271606,0.12262089550495148,"tensor(0.1060, grad_fn=<MseLossBackward0>)",
287,22.099824905395508,1.6125658750534058,0.7105737924575806,0.15125617384910583,"tensor(0.1183, grad_fn=<MseLossBackward0>)",
288,21.020530700683594,1.7176225185394287,0.6804348230361938,0.13658341765403748,"tensor(0.1152, grad_fn=<MseLossBackward0>)",
289,20.577259063720703,1.7036548852920532,0.6722922325134277,0.12694965302944183,"tensor(0.1503, grad_fn=<MseLossBackward0>)",
290,21.1583309173584,2.0047554969787598,0.6956238746643066,0.12663301825523376,"tensor(0.0988, grad_fn=<MseLossBackward0>)",
291,22.708955764770508,2.3828022480010986,0.46467626094818115,0.40725213289260864,"tensor(0.1275, grad_fn=<MseLossBackward0>)",
292,18.93920135498047,2.5840773582458496,0.5035024881362915,0.21284981071949005,"tensor(0.1073, grad_fn=<MseLossBackward0>)",
293,28.493528366088867,3.4034194946289062,0.42088091373443604,0.6638761758804321,"tensor(0.1330, grad_fn=<MseLossBackward0>)",
294,50.25599670410156,3.988588333129883,0.44817855954170227,1.4792083501815796,"tensor(0.1078, grad_fn=<MseLossBackward0>)",
295,24.923009872436523,2.7445597648620605,0.48687446117401123,0.4584854543209076,"tensor(0.1029, grad_fn=<MseLossBackward0>)",
296,20.007171630859375,2.271158218383789,0.4911361038684845,0.2696042060852051,"tensor(0.1207, grad_fn=<MseLossBackward0>)",
297,27.815444946289062,3.153836250305176,0.49501925706863403,0.5571595430374146,"tensor(0.1279, grad_fn=<MseLossBackward0>)",
298,29.51846694946289,3.134847640991211,0.4201720356941223,0.701740562915802,"tensor(0.1106, grad_fn=<MseLossBackward0>)",
299,27.929046630859375,2.0769195556640625,0.4750594198703766,0.6081351637840271,"tensor(0.1162, grad_fn=<MseLossBackward0>)",
300,26.822067260742188,2.690638780593872,0.4107814431190491,0.6112446188926697,"tensor(0.1581, grad_fn=<MseLossBackward0>)",
301,20.2810001373291,2.6753909587860107,0.5115414261817932,0.2621709704399109,"tensor(0.1375, grad_fn=<MseLossBackward0>)",
302,23.626998901367188,2.0099105834960938,0.5102062821388245,0.41403037309646606,"tensor(0.1344, grad_fn=<MseLossBackward0>)",
303,21.705703735351562,2.409681797027588,0.5597884058952332,0.2861751914024353,"tensor(0.1370, grad_fn=<MseLossBackward0>)",
304,22.282150268554688,2.2829782962799072,0.6140947341918945,0.2567300498485565,"tensor(0.1060, grad_fn=<MseLossBackward0>)",
305,19.626941680908203,1.9207191467285156,0.5769140720367432,0.1885853111743927,"tensor(0.1227, grad_fn=<MseLossBackward0>)",
306,21.583967208862305,2.105041265487671,0.648901641368866,0.1957545280456543,"tensor(0.1203, grad_fn=<MseLossBackward0>)",
307,19.520278930664062,1.7199891805648804,0.5811197757720947,0.1778709590435028,"tensor(0.1146, grad_fn=<MseLossBackward0>)",
308,19.853233337402344,1.8274508714675903,0.634289562702179,0.13629186153411865,"tensor(0.1095, grad_fn=<MseLossBackward0>)",
309,18.920379638671875,2.4517602920532227,0.5665426254272461,0.15375222265720367,"tensor(0.1421, grad_fn=<MseLossBackward0>)",
310,19.01913833618164,2.2950382232666016,0.5626832246780396,0.1580665409564972,"tensor(0.1317, grad_fn=<MseLossBackward0>)",
311,21.061620712280273,2.211495876312256,0.6103838086128235,0.1999448984861374,"tensor(0.1370, grad_fn=<MseLossBackward0>)",
312,20.946834564208984,2.455416202545166,0.5580422878265381,0.23480470478534698,"tensor(0.1084, grad_fn=<MseLossBackward0>)",
313,18.608890533447266,2.5188329219818115,0.5553545951843262,0.15201520919799805,"tensor(0.1350, grad_fn=<MseLossBackward0>)",
314,23.869766235351562,2.90289568901062,0.5865077376365662,0.311739057302475,"tensor(0.1175, grad_fn=<MseLossBackward0>)",
315,19.37835693359375,2.665719509124756,0.5246636867523193,0.2106248140335083,"tensor(0.1248, grad_fn=<MseLossBackward0>)",
316,22.951520919799805,2.300464153289795,0.5770816802978516,0.3085082769393921,"tensor(0.1184, grad_fn=<MseLossBackward0>)",
317,22.227001190185547,1.901344895362854,0.48725369572639465,0.3769312798976898,"tensor(0.1370, grad_fn=<MseLossBackward0>)",
318,22.139066696166992,1.8119641542434692,0.5637490749359131,0.30453360080718994,"tensor(0.1065, grad_fn=<MseLossBackward0>)",
319,17.64912986755371,2.067840814590454,0.49827876687049866,0.1777735948562622,"tensor(0.1133, grad_fn=<MseLossBackward0>)",
320,20.009685516357422,2.206435203552246,0.559644877910614,0.2076403796672821,"tensor(0.0909, grad_fn=<MseLossBackward0>)",
321,18.145538330078125,2.0666563510894775,0.49634552001953125,0.19366148114204407,"tensor(0.1037, grad_fn=<MseLossBackward0>)",
322,18.536968231201172,1.9422276020050049,0.4432216286659241,0.2697834372520447,"tensor(0.1029, grad_fn=<MseLossBackward0>)",
323,19.392566680908203,1.8361300230026245,0.47662588953971863,0.27658045291900635,"tensor(0.0969, grad_fn=<MseLossBackward0>)",
324,18.46780014038086,2.0482773780822754,0.3927682638168335,0.3157885670661926,"tensor(0.1424, grad_fn=<MseLossBackward0>)",
325,18.672468185424805,1.7893694639205933,0.5957993268966675,0.13384072482585907,"tensor(0.0838, grad_fn=<MseLossBackward0>)",
326,19.49062156677246,1.8569879531860352,0.6247763633728027,0.12856444716453552,"tensor(0.0904, grad_fn=<MseLossBackward0>)",
327,17.60708999633789,1.764392614364624,0.5254472494125366,0.1545906364917755,"tensor(0.0999, grad_fn=<MseLossBackward0>)",
328,17.58574676513672,1.7514839172363281,0.5202356576919556,0.15776151418685913,"tensor(0.0970, grad_fn=<MseLossBackward0>)",
329,21.387845993041992,1.8552732467651367,0.5695026516914368,0.2663346230983734,"tensor(0.0927, grad_fn=<MseLossBackward0>)",
330,18.74991226196289,1.832563877105713,0.6312583684921265,0.09454071521759033,"tensor(0.0924, grad_fn=<MseLossBackward0>)",
331,19.814834594726562,1.795363426208496,0.566743791103363,0.20135527849197388,"tensor(0.1274, grad_fn=<MseLossBackward0>)",
332,20.30375862121582,1.8900095224380493,0.5647129416465759,0.22003385424613953,"tensor(0.1167, grad_fn=<MseLossBackward0>)",
333,18.80788803100586,1.9586706161499023,0.5203675627708435,0.20524892210960388,"tensor(0.1136, grad_fn=<MseLossBackward0>)",
334,18.743608474731445,1.761239767074585,0.5199365615844727,0.20481112599372864,"tensor(0.1127, grad_fn=<MseLossBackward0>)",
335,19.252180099487305,1.9352667331695557,0.4552849531173706,0.2828636169433594,"tensor(0.1076, grad_fn=<MseLossBackward0>)",
336,18.73110008239746,1.784625768661499,0.42093127965927124,0.29942914843559265,"tensor(0.1116, grad_fn=<MseLossBackward0>)",
337,20.8656063079834,2.359398365020752,0.402336061000824,0.39059776067733765,"tensor(0.1256, grad_fn=<MseLossBackward0>)",
338,17.41594696044922,2.0836780071258545,0.428693950176239,0.23222437500953674,"tensor(0.1348, grad_fn=<MseLossBackward0>)",
339,21.514684677124023,2.1537461280822754,0.4848915934562683,0.3369336724281311,"tensor(0.1332, grad_fn=<MseLossBackward0>)",
340,21.18606185913086,1.7440190315246582,0.4122697710990906,0.40998589992523193,"tensor(0.1360, grad_fn=<MseLossBackward0>)",
341,18.16901969909668,1.844152569770813,0.44726091623306274,0.25643643736839294,"tensor(0.0863, grad_fn=<MseLossBackward0>)",
342,18.12873649597168,2.047583818435669,0.4416598677635193,0.25055623054504395,"tensor(0.1066, grad_fn=<MseLossBackward0>)",
343,21.001033782958984,1.7505232095718384,0.5241559743881226,0.2943226993083954,"tensor(0.1236, grad_fn=<MseLossBackward0>)",
344,18.5551815032959,1.9045867919921875,0.49617379903793335,0.21784687042236328,"tensor(0.1161, grad_fn=<MseLossBackward0>)",
345,17.948514938354492,1.3076844215393066,0.597856879234314,0.10405398905277252,"tensor(0.0940, grad_fn=<MseLossBackward0>)",
346,19.29462242126465,1.5532891750335693,0.5880556702613831,0.15589290857315063,"tensor(0.0959, grad_fn=<MseLossBackward0>)",
347,19.427927017211914,1.7853453159332275,0.5793879628181458,0.1691800355911255,"tensor(0.1554, grad_fn=<MseLossBackward0>)",
348,17.84088897705078,1.3284207582473755,0.6006938219070435,0.09451788663864136,"tensor(0.0786, grad_fn=<MseLossBackward0>)",
349,18.23603057861328,1.7281262874603271,0.5625200867652893,0.14113152027130127,"tensor(0.1106, grad_fn=<MseLossBackward0>)",
350,16.994083404541016,1.2842148542404175,0.5646265745162964,0.09345041960477829,"tensor(0.1238, grad_fn=<MseLossBackward0>)",
351,17.524547576904297,1.493389368057251,0.5671069622039795,0.11647512763738632,"tensor(0.1151, grad_fn=<MseLossBackward0>)",
352,18.67996597290039,1.4130908250808716,0.5975383520126343,0.1352141946554184,"tensor(0.1089, grad_fn=<MseLossBackward0>)",
353,16.76648712158203,1.402901530265808,0.521970272064209,0.1290993094444275,"tensor(0.1267, grad_fn=<MseLossBackward0>)",
354,18.93597412109375,1.5262287855148315,0.556046724319458,0.17849889397621155,"tensor(0.1118, grad_fn=<MseLossBackward0>)",
355,17.774505615234375,1.646645426750183,0.47558045387268066,0.21059319376945496,"tensor(0.0762, grad_fn=<MseLossBackward0>)",
356,16.96868133544922,1.5220540761947632,0.5100371241569519,0.14722956717014313,"tensor(0.1112, grad_fn=<MseLossBackward0>)",
357,16.798616409301758,1.7700843811035156,0.49508073925971985,0.15095628798007965,"tensor(0.1120, grad_fn=<MseLossBackward0>)",
358,16.247867584228516,1.6341168880462646,0.5233304500579834,0.09741014987230301,"tensor(0.1006, grad_fn=<MseLossBackward0>)",
359,18.808574676513672,1.8353967666625977,0.4813607931137085,0.2363707721233368,"tensor(0.1194, grad_fn=<MseLossBackward0>)",
360,20.322996139526367,1.9275116920471191,0.478593111038208,0.295976847410202,"tensor(0.1159, grad_fn=<MseLossBackward0>)",
361,19.17656898498535,1.85434889793396,0.5044224262237549,0.2367868423461914,"tensor(0.1194, grad_fn=<MseLossBackward0>)",
362,16.443803787231445,1.6676230430603027,0.48223447799682617,0.1507847011089325,"tensor(0.1378, grad_fn=<MseLossBackward0>)",
363,16.981731414794922,1.778050422668457,0.48537129163742065,0.16624008119106293,"tensor(0.1393, grad_fn=<MseLossBackward0>)",
364,20.712806701660156,1.4037506580352783,0.5735997557640076,0.23883388936519623,"tensor(0.1265, grad_fn=<MseLossBackward0>)",
365,19.018978118896484,1.515726089477539,0.5305709838867188,0.2101927399635315,"tensor(0.1337, grad_fn=<MseLossBackward0>)",
366,16.51211929321289,1.8291244506835938,0.5325630307197571,0.10533387213945389,"tensor(0.1555, grad_fn=<MseLossBackward0>)",
367,19.41948699951172,1.5507677793502808,0.561229944229126,0.20176362991333008,"tensor(0.1312, grad_fn=<MseLossBackward0>)",
368,16.102447509765625,1.6388914585113525,0.5444159507751465,0.07951515913009644,"tensor(0.1184, grad_fn=<MseLossBackward0>)",
369,18.229534149169922,1.4484968185424805,0.5592412948608398,0.15165874361991882,"tensor(0.0969, grad_fn=<MseLossBackward0>)",
370,16.750947952270508,1.6433860063552856,0.5351962447166443,0.11164230108261108,"tensor(0.1111, grad_fn=<MseLossBackward0>)",
371,18.208778381347656,1.534852147102356,0.5571608543395996,0.15437205135822296,"tensor(0.1080, grad_fn=<MseLossBackward0>)",
372,19.93474769592285,1.6233000755310059,0.5616437196731567,0.2206786870956421,"tensor(0.1115, grad_fn=<MseLossBackward0>)",
373,16.173297882080078,1.696223497390747,0.5408163666725159,0.08424466848373413,"tensor(0.0940, grad_fn=<MseLossBackward0>)",
374,16.285320281982422,1.8655797243118286,0.4955595135688782,0.13252945244312286,"tensor(0.1175, grad_fn=<MseLossBackward0>)",
375,16.177492141723633,1.4193813800811768,0.5268635749816895,0.09763344377279282,"tensor(0.1101, grad_fn=<MseLossBackward0>)",
376,17.267932891845703,1.304029941558838,0.56572425365448,0.10650001466274261,"tensor(0.0931, grad_fn=<MseLossBackward0>)",
377,18.97372055053711,1.5599963665008545,0.5167835354804993,0.22274930775165558,"tensor(0.1083, grad_fn=<MseLossBackward0>)",
378,15.892321586608887,1.3838863372802734,0.5110781788825989,0.10524171590805054,"tensor(0.0968, grad_fn=<MseLossBackward0>)",
379,18.384910583496094,1.230961799621582,0.565252959728241,0.15529564023017883,"tensor(0.0838, grad_fn=<MseLossBackward0>)",
380,16.450576782226562,1.7440884113311768,0.5281370878219604,0.10203142464160919,"tensor(0.0828, grad_fn=<MseLossBackward0>)",
381,16.409542083740234,1.530636191368103,0.5465518236160278,0.09280572086572647,"tensor(0.0816, grad_fn=<MseLossBackward0>)",
382,36.97423553466797,2.281334400177002,0.5405144691467285,0.8861923813819885,"tensor(0.1117, grad_fn=<MseLossBackward0>)",
383,30.684764862060547,2.409083604812622,0.5803831219673157,0.5960776805877686,"tensor(0.1262, grad_fn=<MseLossBackward0>)",
384,16.23786163330078,1.4523144960403442,0.5409910082817078,0.087886743247509,"tensor(0.0929, grad_fn=<MseLossBackward0>)",
385,25.928922653198242,2.1486215591430664,0.5797793865203857,0.4209417998790741,"tensor(0.0835, grad_fn=<MseLossBackward0>)",
386,17.57733154296875,1.620667576789856,0.5961753129959106,0.08625362813472748,"tensor(0.0710, grad_fn=<MseLossBackward0>)",
387,25.149860382080078,1.7948180437088013,0.5327005386352539,0.43978768587112427,"tensor(0.0738, grad_fn=<MseLossBackward0>)",
388,21.676589965820312,1.509390950202942,0.6482491493225098,0.1978687196969986,"tensor(0.0939, grad_fn=<MseLossBackward0>)",
389,17.350149154663086,1.5396438837051392,0.6118539571762085,0.06696175038814545,"tensor(0.1051, grad_fn=<MseLossBackward0>)",
390,18.0828800201416,1.4901158809661865,0.6049197912216187,0.0995684266090393,"tensor(0.0981, grad_fn=<MseLossBackward0>)",
391,19.322675704956055,1.6536649465560913,0.6484706401824951,0.10014767944812775,"tensor(0.1053, grad_fn=<MseLossBackward0>)",
392,18.56395721435547,1.6945525407791138,0.5879055857658386,0.1349680870771408,"tensor(0.1165, grad_fn=<MseLossBackward0>)",
393,16.46919059753418,1.2945332527160645,0.5401909947395325,0.09879333525896072,"tensor(0.1029, grad_fn=<MseLossBackward0>)",
394,17.722164154052734,1.5376653671264648,0.5642992258071899,0.1225053146481514,"tensor(0.1205, grad_fn=<MseLossBackward0>)",
395,18.22987174987793,1.4106570482254028,0.5670135617256165,0.1416793167591095,"tensor(0.0895, grad_fn=<MseLossBackward0>)",
396,19.811603546142578,1.791142463684082,0.4972255527973175,0.2713038921356201,"tensor(0.0956, grad_fn=<MseLossBackward0>)",
397,16.88225555419922,2.053154706954956,0.4765489101409912,0.17293067276477814,"tensor(0.1156, grad_fn=<MseLossBackward0>)",
398,17.666763305664062,1.2426025867462158,0.6091614961624146,0.08123764395713806,"tensor(0.0893, grad_fn=<MseLossBackward0>)",
399,18.46366310119629,1.719900369644165,0.6176526546478271,0.10420835018157959,"tensor(0.1019, grad_fn=<MseLossBackward0>)",
400,17.550973892211914,1.6423377990722656,0.577143669128418,0.10488452017307281,"tensor(0.1500, grad_fn=<MseLossBackward0>)",
401,17.113677978515625,1.4551575183868408,0.5039433240890503,0.16331908106803894,"tensor(0.1078, grad_fn=<MseLossBackward0>)",
402,16.90546417236328,1.914010763168335,0.4931086301803589,0.15858903527259827,"tensor(0.1137, grad_fn=<MseLossBackward0>)",
403,17.004596710205078,1.8508775234222412,0.4840546250343323,0.1682078242301941,"tensor(0.1541, grad_fn=<MseLossBackward0>)",
404,20.184946060180664,1.4056137800216675,0.6070306301116943,0.18596342206001282,"tensor(0.1246, grad_fn=<MseLossBackward0>)",
405,18.1439208984375,2.210662603378296,0.5186546444892883,0.16667762398719788,"tensor(0.1141, grad_fn=<MseLossBackward0>)",
406,16.89063835144043,1.779118299484253,0.5007079839706421,0.1413341462612152,"tensor(0.1094, grad_fn=<MseLossBackward0>)",
407,28.263763427734375,2.460435152053833,0.5232065916061401,0.5748938918113708,"tensor(0.1232, grad_fn=<MseLossBackward0>)",
408,20.735124588012695,1.9254117012023926,0.5275131464004517,0.26619067788124084,"tensor(0.0783, grad_fn=<MseLossBackward0>)",
409,19.773473739624023,1.8082771301269531,0.5204321146011353,0.23930297791957855,"tensor(0.1083, grad_fn=<MseLossBackward0>)",
410,16.61397933959961,1.7223732471466064,0.5369225740432739,0.10064184665679932,"tensor(0.1187, grad_fn=<MseLossBackward0>)",
411,16.913721084594727,1.6144689321517944,0.5128602385520935,0.14403216540813446,"tensor(0.1034, grad_fn=<MseLossBackward0>)",
412,23.34808921813965,1.3329453468322754,0.5255407094955444,0.3946704566478729,"tensor(0.1054, grad_fn=<MseLossBackward0>)",
413,16.81775665283203,1.4643687009811401,0.5690167546272278,0.08505647629499435,"tensor(0.0948, grad_fn=<MseLossBackward0>)",
414,19.898088455200195,1.4013563394546509,0.6214934587478638,0.15930670499801636,"tensor(0.1024, grad_fn=<MseLossBackward0>)",
415,18.7764892578125,1.3619964122772217,0.5421226024627686,0.19600600004196167,"tensor(0.0842, grad_fn=<MseLossBackward0>)",
416,16.908456802368164,1.523012638092041,0.5821280479431152,0.07738352566957474,"tensor(0.0972, grad_fn=<MseLossBackward0>)",
417,17.058359146118164,1.4681023359298706,0.578132152557373,0.08659375458955765,"tensor(0.1008, grad_fn=<MseLossBackward0>)",
418,23.34011459350586,1.6879479885101318,0.5701593160629272,0.34659478068351746,"tensor(0.1070, grad_fn=<MseLossBackward0>)",
419,15.88481330871582,1.4441876411437988,0.5435457229614258,0.07162989675998688,"tensor(0.1342, grad_fn=<MseLossBackward0>)",
420,15.817999839782715,1.310675859451294,0.5166990756988525,0.09763862192630768,"tensor(0.1029, grad_fn=<MseLossBackward0>)",
421,16.062103271484375,1.520241141319275,0.4804806113243103,0.14360709488391876,"tensor(0.0903, grad_fn=<MseLossBackward0>)",
422,17.62847900390625,1.2906107902526855,0.5650015473365784,0.11907903850078583,"tensor(0.1374, grad_fn=<MseLossBackward0>)",
423,17.399965286254883,1.972485065460205,0.5078786611557007,0.1655057817697525,"tensor(0.0934, grad_fn=<MseLossBackward0>)",
424,17.60458755493164,1.4789386987686157,0.5024885535240173,0.18404816091060638,"tensor(0.0934, grad_fn=<MseLossBackward0>)",
425,16.60422706604004,1.5302960872650146,0.4904611110687256,0.15209610760211945,"tensor(0.1034, grad_fn=<MseLossBackward0>)",
426,27.944677352905273,1.4500963687896729,0.49920570850372314,0.602875292301178,"tensor(0.0997, grad_fn=<MseLossBackward0>)",
427,18.519062042236328,1.4521725177764893,0.5668588876724243,0.15663550794124603,"tensor(0.0865, grad_fn=<MseLossBackward0>)",
428,16.356128692626953,1.3561718463897705,0.5471774935722351,0.08693337440490723,"tensor(0.0884, grad_fn=<MseLossBackward0>)",
429,16.14275550842285,1.497821569442749,0.54932701587677,0.07990480214357376,"tensor(0.0967, grad_fn=<MseLossBackward0>)",
430,18.28821563720703,1.475710391998291,0.5377053022384644,0.1822478324174881,"tensor(0.0667, grad_fn=<MseLossBackward0>)",
431,17.61871910095215,1.3038997650146484,0.5563110113143921,0.12989655137062073,"tensor(0.1006, grad_fn=<MseLossBackward0>)",
432,15.685575485229492,1.6116496324539185,0.483761727809906,0.12418529391288757,"tensor(0.1087, grad_fn=<MseLossBackward0>)",
433,18.554567337036133,1.4730877876281738,0.5351348519325256,0.18152710795402527,"tensor(0.1157, grad_fn=<MseLossBackward0>)",
434,26.62899398803711,1.926267147064209,0.4966545104980469,0.535898745059967,"tensor(0.1536, grad_fn=<MseLossBackward0>)",
435,18.084087371826172,1.4811242818832397,0.5717757344245911,0.13118699193000793,"tensor(0.1086, grad_fn=<MseLossBackward0>)",
436,17.99640464782715,1.8011269569396973,0.5531131029129028,0.14251665771007538,"tensor(0.0968, grad_fn=<MseLossBackward0>)",
437,21.18184471130371,1.8507425785064697,0.5372154712677002,0.2840892970561981,"tensor(0.1015, grad_fn=<MseLossBackward0>)",
438,17.105310440063477,1.600094199180603,0.5442121624946594,0.12525002658367157,"tensor(0.1267, grad_fn=<MseLossBackward0>)",
439,19.05499839782715,1.498079538345337,0.5595784187316895,0.1857667714357376,"tensor(0.1183, grad_fn=<MseLossBackward0>)",
440,15.761754989624023,1.40653395652771,0.4936181604862213,0.1131664291024208,"tensor(0.1617, grad_fn=<MseLossBackward0>)",
441,18.611709594726562,1.4925627708435059,0.5526574850082397,0.17418156564235687,"tensor(0.1355, grad_fn=<MseLossBackward0>)",
442,18.072986602783203,1.3991832733154297,0.573745846748352,0.13352280855178833,"tensor(0.0977, grad_fn=<MseLossBackward0>)",
443,17.5618839263916,1.6856143474578857,0.4999009668827057,0.17859536409378052,"tensor(0.1357, grad_fn=<MseLossBackward0>)",
444,17.981121063232422,1.6706143617630005,0.5282129049301147,0.1749860644340515,"tensor(0.1047, grad_fn=<MseLossBackward0>)",
445,16.31760597229004,1.446819543838501,0.5189621448516846,0.11345435678958893,"tensor(0.1039, grad_fn=<MseLossBackward0>)",
446,16.699871063232422,1.7380272150039673,0.5090615749359131,0.1413193792104721,"tensor(0.1121, grad_fn=<MseLossBackward0>)",
447,17.784378051757812,1.6552176475524902,0.5128082633018494,0.1810341775417328,"tensor(0.1256, grad_fn=<MseLossBackward0>)",
448,18.124792098999023,1.2911815643310547,0.5910952687263489,0.11545176059007645,"tensor(0.1167, grad_fn=<MseLossBackward0>)",
449,17.92046356201172,1.485831618309021,0.5782204866409302,0.12426663935184479,"tensor(0.1119, grad_fn=<MseLossBackward0>)",
450,16.917654037475586,1.6727547645568848,0.5376415848731995,0.11914214491844177,"tensor(0.1294, grad_fn=<MseLossBackward0>)",
451,16.0839786529541,1.5652414560317993,0.5630667209625244,0.06146770715713501,"tensor(0.1002, grad_fn=<MseLossBackward0>)",
452,17.506988525390625,1.4300765991210938,0.5756378173828125,0.11029216647148132,"tensor(0.1072, grad_fn=<MseLossBackward0>)",
453,16.745031356811523,1.4023735523223877,0.5380567908287048,0.11360643804073334,"tensor(0.0896, grad_fn=<MseLossBackward0>)",
454,17.467121124267578,1.4776993989944458,0.5770821571350098,0.10499733686447144,"tensor(0.1353, grad_fn=<MseLossBackward0>)",
455,16.67638397216797,1.5361583232879639,0.5543919801712036,0.09732036292552948,"tensor(0.0875, grad_fn=<MseLossBackward0>)",
456,16.665294647216797,1.3424110412597656,0.5329635143280029,0.11210530996322632,"tensor(0.1175, grad_fn=<MseLossBackward0>)",
457,17.529701232910156,1.5829570293426514,0.5352591276168823,0.1484607458114624,"tensor(0.1171, grad_fn=<MseLossBackward0>)",
458,17.82254409790039,1.6011914014816284,0.5411092042922974,0.15314486622810364,"tensor(0.0985, grad_fn=<MseLossBackward0>)",
459,16.203025817871094,1.7085721492767334,0.510230541229248,0.11554928123950958,"tensor(0.0887, grad_fn=<MseLossBackward0>)",
460,17.014890670776367,1.7171850204467773,0.5087964534759521,0.14845262467861176,"tensor(0.1375, grad_fn=<MseLossBackward0>)",
461,16.45492172241211,1.9232865571975708,0.5059956312179565,0.13118144869804382,"tensor(0.1158, grad_fn=<MseLossBackward0>)",
462,16.761905670166016,1.8071796894073486,0.5309212803840637,0.11483778059482574,"tensor(0.0823, grad_fn=<MseLossBackward0>)",
463,16.36275291442871,1.1354306936264038,0.5470455884933472,0.09192240238189697,"tensor(0.0947, grad_fn=<MseLossBackward0>)",
464,18.51213264465332,1.60943603515625,0.5645413398742676,0.15972672402858734,"tensor(0.0722, grad_fn=<MseLossBackward0>)",
465,17.324146270751953,1.5247594118118286,0.5900522470474243,0.0887395516037941,"tensor(0.1024, grad_fn=<MseLossBackward0>)",
466,17.942718505859375,1.269322395324707,0.617082953453064,0.08524510264396667,"tensor(0.1142, grad_fn=<MseLossBackward0>)",
467,17.318986892700195,1.148866057395935,0.5840761065483093,0.09194228053092957,"tensor(0.1056, grad_fn=<MseLossBackward0>)",
468,16.51671028137207,1.5841730833053589,0.5153571367263794,0.12724369764328003,"tensor(0.1096, grad_fn=<MseLossBackward0>)",
469,16.114078521728516,1.7260171175003052,0.5568318367004395,0.071750208735466,"tensor(0.1118, grad_fn=<MseLossBackward0>)",
470,18.183198928833008,1.5531312227249146,0.6189967393875122,0.09369748830795288,"tensor(0.1230, grad_fn=<MseLossBackward0>)",
471,19.49924087524414,1.533236026763916,0.6236854791641235,0.14343413710594177,"tensor(0.0953, grad_fn=<MseLossBackward0>)",
472,18.370439529418945,1.5801138877868652,0.5871796607971191,0.12644262611865997,"tensor(0.1189, grad_fn=<MseLossBackward0>)",
473,16.39076805114746,1.6286457777023315,0.5064690709114075,0.13126122951507568,"tensor(0.1180, grad_fn=<MseLossBackward0>)",
474,17.57283592224121,1.701440691947937,0.5928913950920105,0.09410513937473297,"tensor(0.0980, grad_fn=<MseLossBackward0>)",
475,16.24555206298828,1.5806562900543213,0.5070303678512573,0.12672743201255798,"tensor(0.1030, grad_fn=<MseLossBackward0>)",
476,16.225418090820312,1.7403169870376587,0.49732330441474915,0.12901075184345245,"tensor(0.1333, grad_fn=<MseLossBackward0>)",
477,15.42951774597168,1.5272294282913208,0.5304622650146484,0.07186464965343475,"tensor(0.1084, grad_fn=<MseLossBackward0>)",
478,20.342178344726562,1.9926905632019043,0.5007917284965515,0.2877757251262665,"tensor(0.1229, grad_fn=<MseLossBackward0>)",
479,16.74771499633789,1.3192152976989746,0.5361318588256836,0.11505473405122757,"tensor(0.1300, grad_fn=<MseLossBackward0>)",
480,15.722171783447266,1.3612282276153564,0.5338969230651855,0.07902351021766663,"tensor(0.0908, grad_fn=<MseLossBackward0>)",
481,19.20472526550293,1.4976255893707275,0.568157970905304,0.1869160532951355,"tensor(0.1107, grad_fn=<MseLossBackward0>)",
482,16.97699546813965,1.4630812406539917,0.5427452325820923,0.1204453706741333,"tensor(0.1248, grad_fn=<MseLossBackward0>)",
483,15.847334861755371,1.4824233055114746,0.5336787700653076,0.08398261666297913,"tensor(0.1057, grad_fn=<MseLossBackward0>)",
484,17.39118003845215,1.6897599697113037,0.4902343153953552,0.19085437059402466,"tensor(0.1076, grad_fn=<MseLossBackward0>)",
485,16.027626037597656,1.4825432300567627,0.5021061897277832,0.12382413446903229,"tensor(0.1132, grad_fn=<MseLossBackward0>)",
486,17.861438751220703,1.541281819343567,0.5814943313598633,0.11500996351242065,"tensor(0.1161, grad_fn=<MseLossBackward0>)",
487,16.282615661621094,1.4832909107208252,0.500273585319519,0.1336352676153183,"tensor(0.1053, grad_fn=<MseLossBackward0>)",
488,15.999825477600098,1.5241285562515259,0.5058209896087646,0.11403272300958633,"tensor(0.1295, grad_fn=<MseLossBackward0>)",
489,15.706921577453613,1.8191014528274536,0.5145562887191772,0.09378182142972946,"tensor(0.1468, grad_fn=<MseLossBackward0>)",
490,17.824953079223633,1.4525079727172852,0.5176525115966797,0.17603570222854614,"tensor(0.1508, grad_fn=<MseLossBackward0>)",
491,16.077945709228516,1.5236238241195679,0.5622742176055908,0.06652002781629562,"tensor(0.1441, grad_fn=<MseLossBackward0>)",
492,15.359914779663086,1.5497455596923828,0.5235839486122131,0.07469046860933304,"tensor(0.1242, grad_fn=<MseLossBackward0>)",
493,16.39044761657715,1.37313973903656,0.5472965836524963,0.0943823903799057,"tensor(0.0977, grad_fn=<MseLossBackward0>)",
494,15.97676944732666,1.457788348197937,0.5209895968437195,0.10018141567707062,"tensor(0.1187, grad_fn=<MseLossBackward0>)",
495,17.054960250854492,1.7781356573104858,0.5153500437736511,0.1451670527458191,"tensor(0.1129, grad_fn=<MseLossBackward0>)",
496,16.718429565429688,1.3990141153335571,0.5191790461540222,0.1326981782913208,"tensor(0.1187, grad_fn=<MseLossBackward0>)",
497,17.75054359436035,1.5125559568405151,0.555296778678894,0.13527058064937592,"tensor(0.1440, grad_fn=<MseLossBackward0>)",
498,18.366744995117188,1.3899813890457153,0.5296546816825867,0.1882953941822052,"tensor(0.1052, grad_fn=<MseLossBackward0>)",
499,16.238258361816406,1.3937214612960815,0.5221476554870605,0.1091979444026947,"tensor(0.0988, grad_fn=<MseLossBackward0>)",
500,16.183940887451172,1.3942112922668457,0.5637873411178589,0.07030309736728668,"tensor(0.1257, grad_fn=<MseLossBackward0>)","[0.17123273015022278, 1.271781086921692, 1.1135648488998413]"
501,17.595638275146484,1.3929508924484253,0.6196216344833374,0.0687502846121788,"tensor(0.1248, grad_fn=<MseLossBackward0>)",
502,18.115680694580078,1.0999619960784912,0.6405670642852783,0.06999532133340836,"tensor(0.1219, grad_fn=<MseLossBackward0>)",
503,15.133017539978027,1.3209917545318604,0.5273602604866028,0.06302347779273987,"tensor(0.0967, grad_fn=<MseLossBackward0>)",
504,18.214841842651367,1.3361644744873047,0.5727459192276001,0.14334602653980255,"tensor(0.1070, grad_fn=<MseLossBackward0>)",
505,17.72605323791504,1.7617557048797607,0.5571950674057007,0.13945209980010986,"tensor(0.1122, grad_fn=<MseLossBackward0>)",
506,19.611083984375,1.417650580406189,0.5858607292175293,0.18560193479061127,"tensor(0.1710, grad_fn=<MseLossBackward0>)",
507,16.17563819885254,1.361462116241455,0.5088425278663635,0.12326498329639435,"tensor(0.1112, grad_fn=<MseLossBackward0>)",
508,17.142135620117188,1.3557093143463135,0.5212726593017578,0.15037016570568085,"tensor(0.1073, grad_fn=<MseLossBackward0>)",
509,17.262161254882812,1.6522194147109985,0.5104988217353821,0.16509081423282623,"tensor(0.1411, grad_fn=<MseLossBackward0>)",
510,18.21993064880371,1.3606723546981812,0.536120593547821,0.1793331801891327,"tensor(0.1123, grad_fn=<MseLossBackward0>)",
511,16.383567810058594,1.287658929824829,0.5255708694458008,0.11186770349740982,"tensor(0.1064, grad_fn=<MseLossBackward0>)",
512,17.51503562927246,1.8886644840240479,0.5107766389846802,0.15359154343605042,"tensor(0.1129, grad_fn=<MseLossBackward0>)",
513,17.507450103759766,1.8231878280639648,0.577853262424469,0.08791819214820862,"tensor(0.1331, grad_fn=<MseLossBackward0>)",
514,19.120908737182617,1.4635015726089478,0.598926842212677,0.1477605104446411,"tensor(0.1279, grad_fn=<MseLossBackward0>)",
515,19.770246505737305,1.6777575016021729,0.5467225313186646,0.21041277050971985,"tensor(0.1179, grad_fn=<MseLossBackward0>)",
516,16.541614532470703,1.3958754539489746,0.5705368518829346,0.07454077899456024,"tensor(0.1492, grad_fn=<MseLossBackward0>)",
517,18.9627742767334,1.7168025970458984,0.6242666244506836,0.10646206140518188,"tensor(0.1085, grad_fn=<MseLossBackward0>)",
518,29.176218032836914,1.6420259475708008,0.5116536021232605,0.6299528479576111,"tensor(0.1113, grad_fn=<MseLossBackward0>)",
519,17.29249382019043,1.247402310371399,0.5737861394882202,0.09790164977312088,"tensor(0.1235, grad_fn=<MseLossBackward0>)",
520,15.365065574645996,1.2173084020614624,0.5314505696296692,0.07119657099246979,"tensor(0.1260, grad_fn=<MseLossBackward0>)",
521,18.74776268005371,1.4231523275375366,0.5099850296974182,0.2238689661026001,"tensor(0.1193, grad_fn=<MseLossBackward0>)",
522,15.487457275390625,1.3920358419418335,0.5109320878982544,0.09024369716644287,"tensor(0.1430, grad_fn=<MseLossBackward0>)",
523,18.373502731323242,1.1402491331100464,0.5959542393684387,0.12681269645690918,"tensor(0.1203, grad_fn=<MseLossBackward0>)",
524,18.394390106201172,1.6425837278366089,0.5212547779083252,0.19892741739749908,"tensor(0.1260, grad_fn=<MseLossBackward0>)",
525,18.793880462646484,1.6823216676712036,0.5807250738143921,0.1533016562461853,"tensor(0.1483, grad_fn=<MseLossBackward0>)",
526,16.363155364990234,1.3779277801513672,0.5411830544471741,0.09910710155963898,"tensor(0.1389, grad_fn=<MseLossBackward0>)",
527,15.322773933410645,1.3227949142456055,0.528296947479248,0.06994426250457764,"tensor(0.1344, grad_fn=<MseLossBackward0>)",
528,18.346097946166992,1.5275242328643799,0.5102110505104065,0.20961973071098328,"tensor(0.1052, grad_fn=<MseLossBackward0>)",
529,18.38752555847168,1.2042733430862427,0.5480003356933594,0.16894936561584473,"tensor(0.1325, grad_fn=<MseLossBackward0>)",
530,15.759775161743164,1.512251853942871,0.5073219537734985,0.1063382625579834,"tensor(0.1052, grad_fn=<MseLossBackward0>)",
531,17.818456649780273,1.5500425100326538,0.5094307661056519,0.18744391202926636,"tensor(0.1442, grad_fn=<MseLossBackward0>)",
532,17.441036224365234,1.2547905445098877,0.522956132888794,0.1584872007369995,"tensor(0.1206, grad_fn=<MseLossBackward0>)",
533,34.73137283325195,1.873032808303833,0.5031893849372864,0.8625897765159607,"tensor(0.1385, grad_fn=<MseLossBackward0>)",
534,17.339040756225586,1.798335075378418,0.5603734254837036,0.11411438882350922,"tensor(0.1286, grad_fn=<MseLossBackward0>)",
535,16.276554107666016,1.205139398574829,0.5293492078781128,0.10878562182188034,"tensor(0.1013, grad_fn=<MseLossBackward0>)",
536,16.54384994506836,1.0830296277999878,0.5664938688278198,0.08230255544185638,"tensor(0.1151, grad_fn=<MseLossBackward0>)",
537,15.951009750366211,1.3918849229812622,0.5484423637390137,0.07613375782966614,"tensor(0.1366, grad_fn=<MseLossBackward0>)",
538,15.356802940368652,1.1266014575958252,0.5546541213989258,0.046400509774684906,"tensor(0.1317, grad_fn=<MseLossBackward0>)",
539,17.402019500732422,1.3764216899871826,0.6033421754837036,0.08108346164226532,"tensor(0.1177, grad_fn=<MseLossBackward0>)",
540,17.05653953552246,1.1904027462005615,0.5498801469802856,0.12102507054805756,"tensor(0.0697, grad_fn=<MseLossBackward0>)",
541,16.749202728271484,0.9297661185264587,0.5606297850608826,0.09721843898296356,"tensor(0.1169, grad_fn=<MseLossBackward0>)",
542,17.526399612426758,1.246357798576355,0.5206727385520935,0.16962067782878876,"tensor(0.0981, grad_fn=<MseLossBackward0>)",
543,21.39900779724121,1.330549955368042,0.5644605755805969,0.2821411192417145,"tensor(0.1129, grad_fn=<MseLossBackward0>)",
544,16.034080505371094,1.4696779251098633,0.5362594723701477,0.09401078522205353,"tensor(0.1170, grad_fn=<MseLossBackward0>)",
545,17.670177459716797,1.4520034790039062,0.5133344531059265,0.17728513479232788,"tensor(0.1501, grad_fn=<MseLossBackward0>)",
546,16.85012435913086,1.382567048072815,0.5110242366790771,0.14825943112373352,"tensor(0.1181, grad_fn=<MseLossBackward0>)",
547,16.740304946899414,1.5639379024505615,0.5253334641456604,0.13289913535118103,"tensor(0.1199, grad_fn=<MseLossBackward0>)",
548,17.091402053833008,1.6750906705856323,0.5014649033546448,0.16509267687797546,"tensor(0.1154, grad_fn=<MseLossBackward0>)",
549,16.908178329467773,1.2979706525802612,0.5275167226791382,0.13567179441452026,"tensor(0.1048, grad_fn=<MseLossBackward0>)",
550,16.035400390625,1.3753390312194824,0.5345796346664429,0.09094230830669403,"tensor(0.1642, grad_fn=<MseLossBackward0>)",
551,16.59689712524414,1.4486432075500488,0.5210848450660706,0.1279774010181427,"tensor(0.0994, grad_fn=<MseLossBackward0>)",
552,16.39762306213379,1.2723766565322876,0.5832082033157349,0.06189557909965515,"tensor(0.1324, grad_fn=<MseLossBackward0>)",
553,17.51691436767578,1.2865097522735596,0.6176198720932007,0.07063622772693634,"tensor(0.1269, grad_fn=<MseLossBackward0>)",
554,19.707637786865234,1.8049445152282715,0.5858342051506042,0.1840076744556427,"tensor(0.1253, grad_fn=<MseLossBackward0>)",
555,19.093198776245117,1.4232161045074463,0.5759981870651245,0.171238511800766,"tensor(0.0950, grad_fn=<MseLossBackward0>)",
556,18.799819946289062,1.2777315378189087,0.6214727759361267,0.12017744779586792,"tensor(0.1017, grad_fn=<MseLossBackward0>)",
557,25.57915687561035,1.660109281539917,0.5409525632858276,0.45790883898735046,"tensor(0.1591, grad_fn=<MseLossBackward0>)",
558,22.482276916503906,1.7087684869766235,0.5716644525527954,0.30866727232933044,"tensor(0.1242, grad_fn=<MseLossBackward0>)",
559,18.01016616821289,1.7204324007034302,0.5118146538734436,0.1926872730255127,"tensor(0.1662, grad_fn=<MseLossBackward0>)",
560,18.800472259521484,1.5981566905975342,0.5441069602966309,0.1932169646024704,"tensor(0.1305, grad_fn=<MseLossBackward0>)",
561,21.66539192199707,1.594228982925415,0.5500696897506714,0.30240577459335327,"tensor(0.1414, grad_fn=<MseLossBackward0>)",
562,16.041215896606445,1.209472894668579,0.5687259435653687,0.060478515923023224,"tensor(0.1228, grad_fn=<MseLossBackward0>)",
563,16.73861312866211,1.3946490287780762,0.5975431203842163,0.05962257832288742,"tensor(0.1375, grad_fn=<MseLossBackward0>)",
564,17.18094253540039,1.4878756999969482,0.6144725680351257,0.05874524265527725,"tensor(0.1370, grad_fn=<MseLossBackward0>)",
565,16.59166717529297,1.390714406967163,0.5962891578674316,0.0536559522151947,"tensor(0.1146, grad_fn=<MseLossBackward0>)",
566,16.040212631225586,1.3411355018615723,0.5283820033073425,0.09957230091094971,"tensor(0.1096, grad_fn=<MseLossBackward0>)",
567,15.401144027709961,1.2793020009994507,0.5187307000160217,0.08474019169807434,"tensor(0.1041, grad_fn=<MseLossBackward0>)",
568,15.429374694824219,1.1202263832092285,0.5194453597068787,0.08675656467676163,"tensor(0.1044, grad_fn=<MseLossBackward0>)",
569,15.539762496948242,1.08268141746521,0.5490228533744812,0.06184416636824608,"tensor(0.1064, grad_fn=<MseLossBackward0>)",
570,15.839982032775879,1.2692933082580566,0.5408773422241211,0.07804428040981293,"tensor(0.1127, grad_fn=<MseLossBackward0>)",
571,15.74701976776123,1.482314944267273,0.5339102745056152,0.0845627561211586,"tensor(0.1361, grad_fn=<MseLossBackward0>)",
572,20.348899841308594,1.3884789943695068,0.5197853446006775,0.2821212112903595,"tensor(0.1191, grad_fn=<MseLossBackward0>)",
573,17.591089248657227,1.3749432563781738,0.5668314099311829,0.11912619322538376,"tensor(0.1235, grad_fn=<MseLossBackward0>)",
574,15.350770950317383,1.3610494136810303,0.5106638669967651,0.08862294256687164,"tensor(0.1438, grad_fn=<MseLossBackward0>)",
575,16.94038963317871,1.4078248739242554,0.5205652117729187,0.14049646258354187,"tensor(0.1348, grad_fn=<MseLossBackward0>)",
576,15.345154762268066,1.279233455657959,0.5249687433242798,0.07617799937725067,"tensor(0.1288, grad_fn=<MseLossBackward0>)",
577,15.591123580932617,1.2463335990905762,0.5005246996879578,0.10909898579120636,"tensor(0.1375, grad_fn=<MseLossBackward0>)",
578,17.051883697509766,1.177822232246399,0.5996642112731934,0.07324795424938202,"tensor(0.1018, grad_fn=<MseLossBackward0>)",
579,15.191211700439453,1.2774367332458496,0.5276084542274475,0.0689379945397377,"tensor(0.1281, grad_fn=<MseLossBackward0>)",
580,17.326860427856445,1.1984624862670898,0.5994723439216614,0.08174221217632294,"tensor(0.1168, grad_fn=<MseLossBackward0>)",
581,18.919858932495117,1.350393533706665,0.4986824095249176,0.24258890748023987,"tensor(0.1626, grad_fn=<MseLossBackward0>)",
582,15.642840385437012,1.4117995500564575,0.5465424060821533,0.06624490022659302,"tensor(0.0825, grad_fn=<MseLossBackward0>)",
583,17.68238639831543,1.5723823308944702,0.5114128589630127,0.17789842188358307,"tensor(0.1157, grad_fn=<MseLossBackward0>)",
584,16.963623046875,1.3255542516708374,0.49401265382766724,0.17207668721675873,"tensor(0.1462, grad_fn=<MseLossBackward0>)",
585,16.315845489501953,1.2440698146820068,0.5612855553627014,0.07973862439393997,"tensor(0.1597, grad_fn=<MseLossBackward0>)",
586,17.515336990356445,1.3247349262237549,0.5139144659042358,0.17594927549362183,"tensor(0.1041, grad_fn=<MseLossBackward0>)",
587,16.84370231628418,1.288851022720337,0.5637038350105286,0.09793107211589813,"tensor(0.1502, grad_fn=<MseLossBackward0>)",
588,15.947906494140625,1.1995166540145874,0.5231505036354065,0.10120993852615356,"tensor(0.1293, grad_fn=<MseLossBackward0>)",
589,15.702147483825684,1.5134884119033813,0.501575767993927,0.11552362143993378,"tensor(0.1140, grad_fn=<MseLossBackward0>)",
590,16.665828704833984,1.275099277496338,0.5900444984436035,0.06533043086528778,"tensor(0.1116, grad_fn=<MseLossBackward0>)",
591,15.436029434204102,1.2804572582244873,0.5046307444572449,0.10126979649066925,"tensor(0.1256, grad_fn=<MseLossBackward0>)",
592,17.698246002197266,1.5167381763458252,0.4996257424354553,0.1968068927526474,"tensor(0.1391, grad_fn=<MseLossBackward0>)",
593,15.886841773986816,1.284946322441101,0.5078974366188049,0.1138584166765213,"tensor(0.1286, grad_fn=<MseLossBackward0>)",
594,16.753774642944336,1.219182014465332,0.5207647681236267,0.13757184147834778,"tensor(0.1347, grad_fn=<MseLossBackward0>)",
595,15.95051097869873,1.221708059310913,0.5356279015541077,0.09033600986003876,"tensor(0.1766, grad_fn=<MseLossBackward0>)",
596,17.182941436767578,1.2089018821716309,0.5512259602546692,0.12528370320796967,"tensor(0.1164, grad_fn=<MseLossBackward0>)",
597,20.648788452148438,1.781005859375,0.5014965534210205,0.3055357336997986,"tensor(0.1155, grad_fn=<MseLossBackward0>)",
598,18.374540328979492,1.793036699295044,0.5064743161201477,0.21250751614570618,"tensor(0.1448, grad_fn=<MseLossBackward0>)",
599,17.219907760620117,1.2036724090576172,0.5454659461975098,0.13278651237487793,"tensor(0.1098, grad_fn=<MseLossBackward0>)",
600,21.742435455322266,1.3622651100158691,0.5993773937225342,0.2512367367744446,"tensor(0.1357, grad_fn=<MseLossBackward0>)",
601,16.277183532714844,1.382585048675537,0.5168002843856812,0.12075723707675934,"tensor(0.1415, grad_fn=<MseLossBackward0>)",
602,18.189111709594727,1.4971143007278442,0.5334239602088928,0.1789734959602356,"tensor(0.1516, grad_fn=<MseLossBackward0>)",
603,15.355463981628418,1.2660233974456787,0.5328962802886963,0.06874146312475204,"tensor(0.1176, grad_fn=<MseLossBackward0>)",
604,16.30852508544922,1.2382233142852783,0.5582181215286255,0.08388721942901611,"tensor(0.0975, grad_fn=<MseLossBackward0>)",
605,19.27413558959961,1.1498316526412964,0.5349817276000977,0.2250175178050995,"tensor(0.1295, grad_fn=<MseLossBackward0>)",
606,21.189903259277344,1.2410396337509155,0.5771589875221252,0.25948065519332886,"tensor(0.1258, grad_fn=<MseLossBackward0>)",
607,16.062990188598633,1.144661545753479,0.559599757194519,0.07328353077173233,"tensor(0.0942, grad_fn=<MseLossBackward0>)",
608,18.84315299987793,1.0649330615997314,0.5871284604072571,0.15683123469352722,"tensor(0.1317, grad_fn=<MseLossBackward0>)",
609,15.561988830566406,1.2186343669891357,0.5423992872238159,0.06943559646606445,"tensor(0.1293, grad_fn=<MseLossBackward0>)",
610,15.221508026123047,1.337098479270935,0.5175467729568481,0.08163326978683472,"tensor(0.1184, grad_fn=<MseLossBackward0>)",
611,16.142614364624023,1.4186517000198364,0.5253742933273315,0.10895612835884094,"tensor(0.1391, grad_fn=<MseLossBackward0>)",
612,15.374883651733398,1.1431682109832764,0.5440645813941956,0.06074369698762894,"tensor(0.1180, grad_fn=<MseLossBackward0>)",
613,15.628098487854004,1.2691729068756104,0.5302832126617432,0.08572372049093246,"tensor(0.1070, grad_fn=<MseLossBackward0>)",
614,18.68132209777832,1.1319433450698853,0.5745699405670166,0.15853449702262878,"tensor(0.1144, grad_fn=<MseLossBackward0>)",
615,26.82892417907715,1.4786925315856934,0.5392963290214539,0.5186699628829956,"tensor(0.1267, grad_fn=<MseLossBackward0>)",
616,20.029531478881836,1.6838074922561646,0.5591885447502136,0.2286497801542282,"tensor(0.1500, grad_fn=<MseLossBackward0>)",
617,16.80712890625,1.0638641119003296,0.5938879251480103,0.06600570678710938,"tensor(0.1340, grad_fn=<MseLossBackward0>)",
618,22.933271408081055,1.4956241846084595,0.5249254703521729,0.3815188705921173,"tensor(0.1165, grad_fn=<MseLossBackward0>)",
619,16.733583450317383,1.5025269985198975,0.5210009813308716,0.13587689399719238,"tensor(0.1009, grad_fn=<MseLossBackward0>)",
620,15.85621166229248,1.1101115942001343,0.5372800827026367,0.08873550593852997,"tensor(0.1233, grad_fn=<MseLossBackward0>)",
621,15.991844177246094,1.2052825689315796,0.5700646638870239,0.060816049575805664,"tensor(0.1278, grad_fn=<MseLossBackward0>)",
622,16.451501846313477,1.4190587997436523,0.544994592666626,0.10186927020549774,"tensor(0.1523, grad_fn=<MseLossBackward0>)",
623,16.58991813659668,1.5323855876922607,0.5202962160110474,0.1328485608100891,"tensor(0.1382, grad_fn=<MseLossBackward0>)",
624,20.131664276123047,1.296106219291687,0.6034592390060425,0.19156880676746368,"tensor(0.1298, grad_fn=<MseLossBackward0>)",
625,15.303071975708008,1.239058017730713,0.5206422209739685,0.08040028065443039,"tensor(0.1215, grad_fn=<MseLossBackward0>)",
626,16.501171112060547,1.0842069387435913,0.5839515924453735,0.06523794680833817,"tensor(0.1180, grad_fn=<MseLossBackward0>)",
627,20.790245056152344,1.1623784303665161,0.5964943766593933,0.22243618965148926,"tensor(0.1320, grad_fn=<MseLossBackward0>)",
628,16.91213035583496,1.3848270177841187,0.5758163928985596,0.08840183913707733,"tensor(0.1442, grad_fn=<MseLossBackward0>)",
629,16.854883193969727,1.2869750261306763,0.5356552004814148,0.13021615147590637,"tensor(0.0854, grad_fn=<MseLossBackward0>)",
630,17.239608764648438,1.140713095664978,0.5767324566841125,0.10303549468517303,"tensor(0.1354, grad_fn=<MseLossBackward0>)",
631,16.069875717163086,1.1501963138580322,0.5559315085411072,0.07646015286445618,"tensor(0.0996, grad_fn=<MseLossBackward0>)",
632,15.653240203857422,1.2595791816711426,0.5550501346588135,0.06232075393199921,"tensor(0.0988, grad_fn=<MseLossBackward0>)",
633,17.152019500732422,1.4607560634613037,0.527533769607544,0.1456429660320282,"tensor(0.1437, grad_fn=<MseLossBackward0>)",
634,19.194747924804688,1.1357172727584839,0.578895092010498,0.18004503846168518,"tensor(0.1287, grad_fn=<MseLossBackward0>)",
635,16.05482292175293,1.3518633842468262,0.5613913536071777,0.07025668025016785,"tensor(0.1559, grad_fn=<MseLossBackward0>)",
636,16.524457931518555,1.2097375392913818,0.5722823143005371,0.0796286016702652,"tensor(0.1374, grad_fn=<MseLossBackward0>)",
637,19.44607162475586,1.0336744785308838,0.665081262588501,0.10446712374687195,"tensor(0.1278, grad_fn=<MseLossBackward0>)",
638,15.81971263885498,1.3143541812896729,0.553496241569519,0.0705609917640686,"tensor(0.1459, grad_fn=<MseLossBackward0>)",
639,17.014265060424805,1.2130519151687622,0.5456460118293762,0.1252857893705368,"tensor(0.1449, grad_fn=<MseLossBackward0>)",
640,15.627755165100098,1.5819902420043945,0.5221644043922424,0.0914374440908432,"tensor(0.1221, grad_fn=<MseLossBackward0>)",
641,16.556913375854492,1.801517128944397,0.5160538554191589,0.13379517197608948,"tensor(0.1326, grad_fn=<MseLossBackward0>)",
642,16.694133758544922,1.5726664066314697,0.5278642177581787,0.12847736477851868,"tensor(0.1508, grad_fn=<MseLossBackward0>)",
643,17.413270950317383,1.4461283683776855,0.556128740310669,0.1293022334575653,"tensor(0.1583, grad_fn=<MseLossBackward0>)",
644,21.278499603271484,1.3481297492980957,0.5270581245422363,0.3115619122982025,"tensor(0.1903, grad_fn=<MseLossBackward0>)",
645,16.43619155883789,1.6870243549346924,0.5597410798072815,0.0861225426197052,"tensor(0.1676, grad_fn=<MseLossBackward0>)",
646,19.37311363220215,1.8083100318908691,0.5268570184707642,0.2335195541381836,"tensor(0.1775, grad_fn=<MseLossBackward0>)",
647,16.759037017822266,1.5396836996078491,0.5981881618499756,0.060959942638874054,"tensor(0.1754, grad_fn=<MseLossBackward0>)",
648,15.421321868896484,1.6704493761062622,0.523027777671814,0.0825348049402237,"tensor(0.1218, grad_fn=<MseLossBackward0>)",
649,16.562198638916016,2.0324513912200928,0.5597453117370605,0.08598363399505615,"tensor(0.1716, grad_fn=<MseLossBackward0>)",
650,18.89337158203125,1.6151926517486572,0.5976933240890503,0.14412978291511536,"tensor(0.1294, grad_fn=<MseLossBackward0>)",
651,15.252142906188965,1.4500974416732788,0.5136024951934814,0.08540207147598267,"tensor(0.1286, grad_fn=<MseLossBackward0>)",
652,24.967538833618164,1.2303595542907715,0.5407304167747498,0.44190675020217896,"tensor(0.1356, grad_fn=<MseLossBackward0>)",
653,14.843467712402344,1.721245288848877,0.5064042806625366,0.07514680176973343,"tensor(0.1751, grad_fn=<MseLossBackward0>)",
654,29.18392562866211,1.4912843704223633,0.5225362777709961,0.6332608461380005,"tensor(0.1066, grad_fn=<MseLossBackward0>)",
655,20.984159469604492,1.4400601387023926,0.5230425596237183,0.3021793067455292,"tensor(0.1290, grad_fn=<MseLossBackward0>)",
656,15.425874710083008,1.0922682285308838,0.5557842254638672,0.05126727372407913,"tensor(0.1351, grad_fn=<MseLossBackward0>)",
657,17.192989349365234,1.514279842376709,0.5835282802581787,0.09194209426641464,"tensor(0.1303, grad_fn=<MseLossBackward0>)",
658,16.773998260498047,1.1831377744674683,0.5357248783111572,0.1219988614320755,"tensor(0.1483, grad_fn=<MseLossBackward0>)",
659,15.678709983825684,1.5286551713943481,0.5198023319244385,0.0949326604604721,"tensor(0.1263, grad_fn=<MseLossBackward0>)",
660,15.667375564575195,1.5294151306152344,0.5039448738098145,0.11210161447525024,"tensor(0.1448, grad_fn=<MseLossBackward0>)",
661,17.125959396362305,1.1921594142913818,0.5300149917602539,0.1451953798532486,"tensor(0.1048, grad_fn=<MseLossBackward0>)",
662,16.968725204467773,1.1718037128448486,0.5501420497894287,0.11810901015996933,"tensor(0.1041, grad_fn=<MseLossBackward0>)",
663,16.626344680786133,1.3283004760742188,0.5143948793411255,0.1402631253004074,"tensor(0.1110, grad_fn=<MseLossBackward0>)",
664,17.933473587036133,1.5542731285095215,0.5249481201171875,0.1840403527021408,"tensor(0.1134, grad_fn=<MseLossBackward0>)",
665,16.169771194458008,1.4667766094207764,0.5139826536178589,0.12319256365299225,"tensor(0.1116, grad_fn=<MseLossBackward0>)",
666,19.196447372436523,1.2364413738250732,0.5366876125335693,0.22240585088729858,"tensor(0.1223, grad_fn=<MseLossBackward0>)",
667,19.126079559326172,1.2194825410842896,0.5822725296020508,0.17266136407852173,"tensor(0.1335, grad_fn=<MseLossBackward0>)",
668,15.474434852600098,1.0820491313934326,0.5328196287155151,0.07558709383010864,"tensor(0.1284, grad_fn=<MseLossBackward0>)",
669,16.923688888549805,1.4074571132659912,0.5395666360855103,0.12954849004745483,"tensor(0.1062, grad_fn=<MseLossBackward0>)",
670,18.010356903076172,1.323028326034546,0.5058363080024719,0.2052806317806244,"tensor(0.1032, grad_fn=<MseLossBackward0>)",
671,16.415315628051758,1.2590439319610596,0.5494154095649719,0.09752746671438217,"tensor(0.1258, grad_fn=<MseLossBackward0>)",
672,15.800671577453613,1.3320497274398804,0.5620256662368774,0.06351886689662933,"tensor(0.1056, grad_fn=<MseLossBackward0>)",
673,17.192121505737305,1.7361010313034058,0.5015498399734497,0.17647136747837067,"tensor(0.1354, grad_fn=<MseLossBackward0>)",
674,15.920104026794434,1.3149564266204834,0.5093905925750732,0.11805862188339233,"tensor(0.1136, grad_fn=<MseLossBackward0>)",
675,15.244945526123047,1.6396273374557495,0.5051696300506592,0.09518351405858994,"tensor(0.1320, grad_fn=<MseLossBackward0>)",
676,20.336145401000977,1.5987581014633179,0.5348817110061646,0.26721054315567017,"tensor(0.1342, grad_fn=<MseLossBackward0>)",
677,20.1251163482666,1.5422818660736084,0.5283479690551758,0.2632678151130676,"tensor(0.1723, grad_fn=<MseLossBackward0>)",
678,14.900938987731934,1.1276535987854004,0.5453848242759705,0.0421246774494648,"tensor(0.0858, grad_fn=<MseLossBackward0>)",
679,19.76802635192871,1.1818656921386719,0.5744497776031494,0.20542769134044647,"tensor(0.1239, grad_fn=<MseLossBackward0>)",
680,16.5167293548584,1.3035480976104736,0.6082426905632019,0.04335843026638031,"tensor(0.1201, grad_fn=<MseLossBackward0>)",
681,15.086224555969238,1.4260910749435425,0.5223628878593445,0.0721408873796463,"tensor(0.1331, grad_fn=<MseLossBackward0>)",
682,15.952049255371094,1.4063129425048828,0.5599372982978821,0.0696837529540062,"tensor(0.1017, grad_fn=<MseLossBackward0>)",
683,16.22157096862793,1.3764084577560425,0.5502309799194336,0.08801860362291336,"tensor(0.1508, grad_fn=<MseLossBackward0>)",
684,20.16297149658203,1.573147177696228,0.5169538259506226,0.27974897623062134,"tensor(0.1444, grad_fn=<MseLossBackward0>)",
685,17.317171096801758,1.6118968725204468,0.5075666904449463,0.17488715052604675,"tensor(0.1445, grad_fn=<MseLossBackward0>)",
686,18.569072723388672,1.3163033723831177,0.5670201778411865,0.16531096398830414,"tensor(0.1252, grad_fn=<MseLossBackward0>)",
687,14.58820915222168,1.2697029113769531,0.5173673629760742,0.05763541907072067,"tensor(0.1211, grad_fn=<MseLossBackward0>)",
688,20.73074722290039,1.3145482540130615,0.5307579040527344,0.28823208808898926,"tensor(0.1325, grad_fn=<MseLossBackward0>)",
689,15.904359817504883,1.1988060474395752,0.5148683786392212,0.11181329190731049,"tensor(0.1093, grad_fn=<MseLossBackward0>)",
690,15.082823753356934,1.4022114276885986,0.5119450092315674,0.08219748735427856,"tensor(0.1254, grad_fn=<MseLossBackward0>)",
691,16.45075225830078,1.3192695379257202,0.5822861194610596,0.06761841475963593,"tensor(0.1043, grad_fn=<MseLossBackward0>)",
692,14.769540786743164,1.3621679544448853,0.5268312692642212,0.056899502873420715,"tensor(0.0842, grad_fn=<MseLossBackward0>)",
693,16.697072982788086,1.238384485244751,0.5624557137489319,0.09616325795650482,"tensor(0.1325, grad_fn=<MseLossBackward0>)",
694,19.871042251586914,1.329732060432434,0.5449919700622559,0.2394019365310669,"tensor(0.1258, grad_fn=<MseLossBackward0>)",
695,16.953659057617188,1.315913438796997,0.5674126744270325,0.10169519484043121,"tensor(0.1498, grad_fn=<MseLossBackward0>)",
696,16.65967559814453,1.3828883171081543,0.6191765069961548,0.03580327332019806,"tensor(0.2114, grad_fn=<MseLossBackward0>)",
697,14.699328422546387,1.6133519411087036,0.520481526851654,0.05753856897354126,"tensor(0.1410, grad_fn=<MseLossBackward0>)",
698,15.323720932006836,1.363094449043274,0.5567521452903748,0.04839862883090973,"tensor(0.1177, grad_fn=<MseLossBackward0>)",
699,16.09708023071289,1.2104731798171997,0.5839757919311523,0.05086541920900345,"tensor(0.1645, grad_fn=<MseLossBackward0>)",
700,15.080109596252441,1.4239615201950073,0.5480477809906006,0.04517250135540962,"tensor(0.1594, grad_fn=<MseLossBackward0>)",
701,18.257984161376953,1.6213703155517578,0.5140587687492371,0.20519500970840454,"tensor(0.1372, grad_fn=<MseLossBackward0>)",
702,16.914403915405273,1.4996659755706787,0.6001566648483276,0.06293158233165741,"tensor(0.1768, grad_fn=<MseLossBackward0>)",
703,15.882116317749023,1.387227177619934,0.5008187294006348,0.1245652288198471,"tensor(0.1161, grad_fn=<MseLossBackward0>)",
704,15.270801544189453,1.4763563871383667,0.5189051032066345,0.07907223701477051,"tensor(0.1655, grad_fn=<MseLossBackward0>)",
705,23.14194107055664,1.2568022012710571,0.5812296271324158,0.33224067091941833,"tensor(0.0993, grad_fn=<MseLossBackward0>)",
706,18.710521697998047,1.718972086906433,0.49839240312576294,0.23874419927597046,"tensor(0.1599, grad_fn=<MseLossBackward0>)",
707,16.316354751586914,1.712418794631958,0.5086979269981384,0.1319701373577118,"tensor(0.1343, grad_fn=<MseLossBackward0>)",
708,16.943193435668945,1.403799295425415,0.5288424491882324,0.13851720094680786,"tensor(0.1423, grad_fn=<MseLossBackward0>)",
709,14.50969123840332,1.4614887237548828,0.5235993266105652,0.04763565957546234,"tensor(0.1439, grad_fn=<MseLossBackward0>)",
710,15.520180702209473,1.347907543182373,0.5541403889656067,0.05753874033689499,"tensor(0.1288, grad_fn=<MseLossBackward0>)",
711,16.163402557373047,1.2870004177093506,0.5370638370513916,0.09949106723070145,"tensor(0.1623, grad_fn=<MseLossBackward0>)",
712,15.163280487060547,1.2237893342971802,0.5142278671264648,0.08442488312721252,"tensor(0.1129, grad_fn=<MseLossBackward0>)",
713,15.698371887207031,1.4385040998458862,0.517033576965332,0.10188230127096176,"tensor(0.1164, grad_fn=<MseLossBackward0>)",
714,20.52729606628418,1.2591261863708496,0.5327390432357788,0.27956485748291016,"tensor(0.1229, grad_fn=<MseLossBackward0>)",
715,15.992880821228027,1.1479166746139526,0.5969042778015137,0.03511812165379524,"tensor(0.1238, grad_fn=<MseLossBackward0>)",
716,15.360711097717285,1.4503613710403442,0.5314538478851318,0.07305507361888885,"tensor(0.1277, grad_fn=<MseLossBackward0>)",
717,14.872364044189453,1.1478135585784912,0.5485291481018066,0.03948846459388733,"tensor(0.1065, grad_fn=<MseLossBackward0>)",
718,15.020708084106445,1.3799813985824585,0.5506985187530518,0.041363004595041275,"tensor(0.1386, grad_fn=<MseLossBackward0>)",
719,17.401994705200195,1.2128267288208008,0.559768557548523,0.12905818223953247,"tensor(0.0914, grad_fn=<MseLossBackward0>)",
720,17.52728271484375,1.156912088394165,0.6017556190490723,0.090357206761837,"tensor(0.1254, grad_fn=<MseLossBackward0>)",
721,16.6630916595459,1.2859944105148315,0.5756494998931885,0.08215196430683136,"tensor(0.1462, grad_fn=<MseLossBackward0>)",
722,15.80569839477539,1.0869581699371338,0.5733892917633057,0.050970420241355896,"tensor(0.1204, grad_fn=<MseLossBackward0>)",
723,15.246463775634766,1.338348388671875,0.5365207195281982,0.0645674616098404,"tensor(0.1023, grad_fn=<MseLossBackward0>)",
724,15.262697219848633,1.6210006475448608,0.5354796648025513,0.062412187457084656,"tensor(0.1630, grad_fn=<MseLossBackward0>)",
725,17.871042251586914,1.434051752090454,0.5172876119613647,0.18726223707199097,"tensor(0.1239, grad_fn=<MseLossBackward0>)",
726,19.902238845825195,1.4481672048568726,0.5192475318908691,0.26676511764526367,"tensor(0.1040, grad_fn=<MseLossBackward0>)",
727,14.755786895751953,1.2549604177474976,0.5260964632034302,0.05400539189577103,"tensor(0.1445, grad_fn=<MseLossBackward0>)",
728,19.582935333251953,1.328893780708313,0.5135037899017334,0.26055410504341125,"tensor(0.1135, grad_fn=<MseLossBackward0>)",
729,15.454103469848633,1.6042207479476929,0.5209089517593384,0.0872635468840599,"tensor(0.0999, grad_fn=<MseLossBackward0>)",
730,15.920385360717773,1.6625092029571533,0.521324872970581,0.10726888477802277,"tensor(0.1202, grad_fn=<MseLossBackward0>)",
731,16.059188842773438,1.267661213874817,0.5271444320678711,0.10498493909835815,"tensor(0.1304, grad_fn=<MseLossBackward0>)",
732,18.246292114257812,1.3671724796295166,0.524535059928894,0.19550523161888123,"tensor(0.1319, grad_fn=<MseLossBackward0>)",
733,16.02724838256836,1.394831895828247,0.548079252243042,0.08479510247707367,"tensor(0.1068, grad_fn=<MseLossBackward0>)",
734,16.74005699157715,1.3207064867019653,0.5298337936401367,0.1313651204109192,"tensor(0.1286, grad_fn=<MseLossBackward0>)",
735,15.644460678100586,1.5122928619384766,0.5090081691741943,0.10754184424877167,"tensor(0.1374, grad_fn=<MseLossBackward0>)",
736,16.976320266723633,1.3282784223556519,0.5793604850769043,0.09009508788585663,"tensor(0.1301, grad_fn=<MseLossBackward0>)",
737,18.61208724975586,1.3810648918151855,0.5653190612792969,0.1695966273546219,"tensor(0.1653, grad_fn=<MseLossBackward0>)",
738,16.05927848815918,1.3286176919937134,0.5512703061103821,0.08196680247783661,"tensor(0.1541, grad_fn=<MseLossBackward0>)",
739,17.92403221130371,1.544473648071289,0.5628468990325928,0.14601051807403564,"tensor(0.1197, grad_fn=<MseLossBackward0>)",
740,15.100310325622559,1.2187107801437378,0.5586621761322021,0.0367451012134552,"tensor(0.1403, grad_fn=<MseLossBackward0>)",
741,14.347745895385742,1.3632705211639404,0.532317578792572,0.03372340649366379,"tensor(0.1326, grad_fn=<MseLossBackward0>)",
742,14.678360939025879,1.5427589416503906,0.5251783132553101,0.05170397832989693,"tensor(0.1407, grad_fn=<MseLossBackward0>)",
743,16.255043029785156,1.6265826225280762,0.5254151821136475,0.11696875840425491,"tensor(0.1254, grad_fn=<MseLossBackward0>)",
744,20.6293888092041,1.6341296434402466,0.5000950694084167,0.3144964873790741,"tensor(0.1630, grad_fn=<MseLossBackward0>)",
745,16.22121238708496,1.2269389629364014,0.5645204782485962,0.07442989200353622,"tensor(0.1393, grad_fn=<MseLossBackward0>)",
746,15.138556480407715,1.617628574371338,0.5084996819496155,0.08507989346981049,"tensor(0.1806, grad_fn=<MseLossBackward0>)",
747,15.948951721191406,1.4802954196929932,0.5260140299797058,0.10136725753545761,"tensor(0.1491, grad_fn=<MseLossBackward0>)",
748,16.510990142822266,1.2772023677825928,0.5212106704711914,0.13003593683242798,"tensor(0.1199, grad_fn=<MseLossBackward0>)",
749,16.433671951293945,1.6716086864471436,0.4758572578430176,0.16862985491752625,"tensor(0.1354, grad_fn=<MseLossBackward0>)",
750,14.885729789733887,1.8175957202911377,0.48240888118743896,0.10213544964790344,"tensor(0.1364, grad_fn=<MseLossBackward0>)",
751,25.142845153808594,1.7462158203125,0.4863550662994385,0.5076318979263306,"tensor(0.1577, grad_fn=<MseLossBackward0>)",
752,14.740056991577148,1.5502219200134277,0.4867521822452545,0.09351427853107452,"tensor(0.1409, grad_fn=<MseLossBackward0>)",
753,16.23710060119629,1.7624014616012573,0.5318063497543335,0.10765467584133148,"tensor(0.1556, grad_fn=<MseLossBackward0>)",
754,17.807769775390625,1.565737009048462,0.5487943887710571,0.15520736575126648,"tensor(0.1129, grad_fn=<MseLossBackward0>)",
755,15.323844909667969,1.6443111896514893,0.5085675120353699,0.09283629804849625,"tensor(0.1885, grad_fn=<MseLossBackward0>)",
756,13.885912895202637,1.4323784112930298,0.5024516582489014,0.04270990192890167,"tensor(0.1532, grad_fn=<MseLossBackward0>)",
757,15.36961555480957,1.6725726127624512,0.516290545463562,0.08918344974517822,"tensor(0.1223, grad_fn=<MseLossBackward0>)",
758,14.078383445739746,1.5944101810455322,0.5003583431243896,0.053081829100847244,"tensor(0.1262, grad_fn=<MseLossBackward0>)",
759,14.724461555480957,1.3966939449310303,0.5010547041893005,0.07786586880683899,"tensor(0.1384, grad_fn=<MseLossBackward0>)",
760,16.02435302734375,1.6153658628463745,0.5384458303451538,0.09464371204376221,"tensor(0.0963, grad_fn=<MseLossBackward0>)",
761,14.85042667388916,1.7498650550842285,0.5201433300971985,0.0649150088429451,"tensor(0.1190, grad_fn=<MseLossBackward0>)",
762,13.529623985290527,1.4679921865463257,0.4930771589279175,0.037960778921842575,"tensor(0.1240, grad_fn=<MseLossBackward0>)",
763,14.02358341217041,1.821138620376587,0.49740666151046753,0.05210942029953003,"tensor(0.1787, grad_fn=<MseLossBackward0>)",
764,15.67370319366455,1.4658299684524536,0.5108581185340881,0.10600420087575912,"tensor(0.1662, grad_fn=<MseLossBackward0>)",
765,16.167659759521484,1.7563362121582031,0.47642165422439575,0.15999725461006165,"tensor(0.1468, grad_fn=<MseLossBackward0>)",
766,15.095584869384766,1.7265660762786865,0.5258201956748962,0.06682012975215912,"tensor(0.1494, grad_fn=<MseLossBackward0>)",
767,13.768095970153809,1.6439707279205322,0.4814947843551636,0.05846138298511505,"tensor(0.1411, grad_fn=<MseLossBackward0>)",
768,14.626180648803711,1.3781354427337646,0.5116316080093384,0.06145355850458145,"tensor(0.1737, grad_fn=<MseLossBackward0>)",
769,15.193376541137695,1.5274043083190918,0.550102949142456,0.047205910086631775,"tensor(0.1594, grad_fn=<MseLossBackward0>)",
770,14.298991203308105,1.6601176261901855,0.5165845155715942,0.04510635510087013,"tensor(0.1572, grad_fn=<MseLossBackward0>)",
771,15.132539749145508,1.6496416330337524,0.4973689317703247,0.09829070419073105,"tensor(0.1365, grad_fn=<MseLossBackward0>)",
772,14.181528091430664,1.7390979528427124,0.48768264055252075,0.06942956149578094,"tensor(0.1656, grad_fn=<MseLossBackward0>)",
773,15.254467010498047,1.4618226289749146,0.5422875285148621,0.0587555393576622,"tensor(0.1667, grad_fn=<MseLossBackward0>)",
774,13.698955535888672,1.8279989957809448,0.4914117455482483,0.0460701622068882,"tensor(0.1915, grad_fn=<MseLossBackward0>)",
775,14.979815483093262,1.8410356044769287,0.5125041604042053,0.07480935007333755,"tensor(0.2036, grad_fn=<MseLossBackward0>)",
776,13.8003511428833,1.7444698810577393,0.4733179211616516,0.0677875503897667,"tensor(0.1494, grad_fn=<MseLossBackward0>)",
777,15.159560203552246,2.1813652515411377,0.4580216407775879,0.13791048526763916,"tensor(0.1509, grad_fn=<MseLossBackward0>)",
778,14.69247055053711,1.9927833080291748,0.4602051079273224,0.11796804517507553,"tensor(0.1495, grad_fn=<MseLossBackward0>)",
779,14.659302711486816,1.910614252090454,0.434924840927124,0.13809633255004883,"tensor(0.2297, grad_fn=<MseLossBackward0>)",
780,13.530539512634277,2.1666083335876465,0.44443976879119873,0.08432508260011673,"tensor(0.1759, grad_fn=<MseLossBackward0>)",
781,14.619989395141602,2.0035459995269775,0.453167200088501,0.11967899650335312,"tensor(0.1777, grad_fn=<MseLossBackward0>)",
782,15.91362476348877,2.2135865688323975,0.4503852128982544,0.17487701773643494,"tensor(0.1825, grad_fn=<MseLossBackward0>)",
783,15.49951457977295,2.117839813232422,0.4675518274307251,0.13886679708957672,"tensor(0.1540, grad_fn=<MseLossBackward0>)",
784,12.960474967956543,2.0517115592956543,0.44200748205184937,0.06332936137914658,"tensor(0.2236, grad_fn=<MseLossBackward0>)",
785,14.613958358764648,1.9182422161102295,0.46396076679229736,0.10830719769001007,"tensor(0.1886, grad_fn=<MseLossBackward0>)",
786,17.12588119506836,2.173330545425415,0.42085379362106323,0.25137007236480713,"tensor(0.1272, grad_fn=<MseLossBackward0>)",
787,15.522106170654297,2.134441375732422,0.4131614565849304,0.19451583921909332,"tensor(0.1865, grad_fn=<MseLossBackward0>)",
788,15.448896408081055,1.9528812170028687,0.4643411636352539,0.14357173442840576,"tensor(0.1360, grad_fn=<MseLossBackward0>)",
789,27.937990188598633,1.9587526321411133,0.4545302987098694,0.6502368450164795,"tensor(0.1709, grad_fn=<MseLossBackward0>)",
790,18.049020767211914,1.732555866241455,0.4633728563785553,0.2472425103187561,"tensor(0.1719, grad_fn=<MseLossBackward0>)",
791,15.51993179321289,1.6659239530563354,0.5332024097442627,0.07890286296606064,"tensor(0.1275, grad_fn=<MseLossBackward0>)",
792,15.6323823928833,1.5188109874725342,0.4608931541442871,0.15437012910842896,"tensor(0.1264, grad_fn=<MseLossBackward0>)",
793,12.800654411315918,1.7241780757904053,0.46847856044769287,0.034190092235803604,"tensor(0.1457, grad_fn=<MseLossBackward0>)",
794,15.209378242492676,1.5781211853027344,0.5307955741882324,0.0695982500910759,"tensor(0.0949, grad_fn=<MseLossBackward0>)",
795,15.628196716308594,1.5907118320465088,0.502163290977478,0.11243526637554169,"tensor(0.1332, grad_fn=<MseLossBackward0>)",
796,14.426880836486816,1.6526753902435303,0.4995577931404114,0.06808925420045853,"tensor(0.1424, grad_fn=<MseLossBackward0>)",
797,15.371294021606445,1.605383276939392,0.47893401980400085,0.1268160194158554,"tensor(0.1049, grad_fn=<MseLossBackward0>)",
798,13.293825149536133,1.6768912076950073,0.4738457202911377,0.04809224605560303,"tensor(0.1508, grad_fn=<MseLossBackward0>)",
799,16.770008087158203,1.8076012134552002,0.5133761167526245,0.14664648473262787,"tensor(0.1348, grad_fn=<MseLossBackward0>)",
800,14.141518592834473,1.9762015342712402,0.42165327072143555,0.13302730023860931,"tensor(0.1287, grad_fn=<MseLossBackward0>)",
801,15.627115249633789,1.663101077079773,0.43582838773727417,0.17788107693195343,"tensor(0.1250, grad_fn=<MseLossBackward0>)",
802,13.35869312286377,2.242868185043335,0.41847294569015503,0.10429767519235611,"tensor(0.1422, grad_fn=<MseLossBackward0>)",
803,15.571917533874512,1.562049388885498,0.476234495639801,0.13766610622406006,"tensor(0.1028, grad_fn=<MseLossBackward0>)",
804,13.798336029052734,2.1649105548858643,0.4784863591194153,0.061391107738018036,"tensor(0.1559, grad_fn=<MseLossBackward0>)",
805,13.75281047821045,2.059194564819336,0.4311027526855469,0.10829678177833557,"tensor(0.1521, grad_fn=<MseLossBackward0>)",
806,14.000535011291504,2.0172228813171387,0.403096467256546,0.14545321464538574,"tensor(0.1866, grad_fn=<MseLossBackward0>)",
807,15.832172393798828,2.0239245891571045,0.39510446786880493,0.22702348232269287,"tensor(0.1606, grad_fn=<MseLossBackward0>)",
808,12.181970596313477,1.9293277263641357,0.41510292887687683,0.0628533884882927,"tensor(0.1525, grad_fn=<MseLossBackward0>)",
809,13.821990966796875,2.021547555923462,0.3931838274002075,0.14787378907203674,"tensor(0.1791, grad_fn=<MseLossBackward0>)",
810,12.67690658569336,2.15267276763916,0.4524416923522949,0.043603602796792984,"tensor(0.1653, grad_fn=<MseLossBackward0>)",
811,12.695831298828125,1.850517988204956,0.4177815318107605,0.08072081208229065,"tensor(0.1794, grad_fn=<MseLossBackward0>)",
812,19.38942527770996,2.192659616470337,0.4318172335624695,0.334046870470047,"tensor(0.1445, grad_fn=<MseLossBackward0>)",
813,12.153327941894531,2.169625759124756,0.42451992630958557,0.048768289387226105,"tensor(0.1959, grad_fn=<MseLossBackward0>)",
814,14.551193237304688,2.0210304260253906,0.42523711919784546,0.146597757935524,"tensor(0.1463, grad_fn=<MseLossBackward0>)",
815,14.320965766906738,2.1297736167907715,0.49099209904670715,0.07118882983922958,"tensor(0.1940, grad_fn=<MseLossBackward0>)",
816,12.66279411315918,2.1009576320648193,0.42540258169174194,0.07206560671329498,"tensor(0.1123, grad_fn=<MseLossBackward0>)",
817,16.482372283935547,2.0585105419158936,0.42735403776168823,0.2194145917892456,"tensor(0.2203, grad_fn=<MseLossBackward0>)",
818,13.693232536315918,2.0987155437469482,0.47012633085250854,0.06614662706851959,"tensor(0.1982, grad_fn=<MseLossBackward0>)",
819,13.45152473449707,2.1548991203308105,0.40723609924316406,0.11997222155332565,"tensor(0.1898, grad_fn=<MseLossBackward0>)",
820,13.699121475219727,2.6250078678131104,0.37014368176460266,0.16599200665950775,"tensor(0.2154, grad_fn=<MseLossBackward0>)",
821,12.208151817321777,2.864668846130371,0.36647865176200867,0.11083295941352844,"tensor(0.1780, grad_fn=<MseLossBackward0>)",
822,13.039496421813965,2.254870891571045,0.3958016037940979,0.11566045880317688,"tensor(0.1915, grad_fn=<MseLossBackward0>)",
823,15.900262832641602,2.599433183670044,0.3380824327468872,0.2892463505268097,"tensor(0.1545, grad_fn=<MseLossBackward0>)",
824,11.942359924316406,2.497379779815674,0.3730888068675995,0.09439115971326828,"tensor(0.1782, grad_fn=<MseLossBackward0>)",
825,11.90882396697998,2.6741104125976562,0.40170782804489136,0.06213837116956711,"tensor(0.2275, grad_fn=<MseLossBackward0>)",
826,11.029603004455566,2.5534379482269287,0.3599921762943268,0.06941358000040054,"tensor(0.1590, grad_fn=<MseLossBackward0>)",
827,22.2214412689209,3.263939619064331,0.34400102496147156,0.5334046483039856,"tensor(0.1925, grad_fn=<MseLossBackward0>)",
828,11.40196418762207,2.45564341545105,0.4110802412033081,0.034136269241571426,"tensor(0.1893, grad_fn=<MseLossBackward0>)",
829,10.559967041015625,2.4743311405181885,0.36724719405174255,0.04585542157292366,"tensor(0.1617, grad_fn=<MseLossBackward0>)",
830,12.58604621887207,2.607041597366333,0.3320334553718567,0.15859973430633545,"tensor(0.2378, grad_fn=<MseLossBackward0>)",
831,13.015626907348633,2.442945957183838,0.38545459508895874,0.1204126700758934,"tensor(0.2574, grad_fn=<MseLossBackward0>)",
832,12.375741004943848,3.254129648208618,0.3920716941356659,0.09096644073724747,"tensor(0.1686, grad_fn=<MseLossBackward0>)",
833,12.853124618530273,3.010205030441284,0.41627028584480286,0.08377545326948166,"tensor(0.2199, grad_fn=<MseLossBackward0>)",
834,12.887839317321777,2.9851205348968506,0.40343260765075684,0.09776120632886887,"tensor(0.1995, grad_fn=<MseLossBackward0>)",
835,11.7488374710083,2.920693874359131,0.4086071252822876,0.05006323754787445,"tensor(0.1868, grad_fn=<MseLossBackward0>)",
836,16.8431396484375,3.506852149963379,0.3258865475654602,0.33591124415397644,"tensor(0.1998, grad_fn=<MseLossBackward0>)",
837,11.106404304504395,2.7562341690063477,0.3298884630203247,0.10416712611913681,"tensor(0.1862, grad_fn=<MseLossBackward0>)",
838,10.492127418518066,3.2113866806030273,0.31618043780326843,0.09187693893909454,"tensor(0.1953, grad_fn=<MseLossBackward0>)",
839,12.827285766601562,2.7674460411071777,0.37107256054878235,0.13128970563411713,"tensor(0.1771, grad_fn=<MseLossBackward0>)",
840,10.262947082519531,2.7634329795837402,0.3607575297355652,0.04067983478307724,"tensor(0.1280, grad_fn=<MseLossBackward0>)",
841,13.419808387756348,2.80591082572937,0.3709080219268799,0.15641185641288757,"tensor(0.1652, grad_fn=<MseLossBackward0>)",
842,11.705291748046875,2.701049566268921,0.3736421763896942,0.08581117540597916,"tensor(0.1403, grad_fn=<MseLossBackward0>)",
843,11.595216751098633,3.4836554527282715,0.34093576669692993,0.10781295597553253,"tensor(0.2997, grad_fn=<MseLossBackward0>)",
844,10.686564445495605,3.088367462158203,0.36991846561431885,0.04431143403053284,"tensor(0.2243, grad_fn=<MseLossBackward0>)",
845,13.750080108642578,3.4384241104125977,0.3105153441429138,0.22831031680107117,"tensor(0.1879, grad_fn=<MseLossBackward0>)",
846,12.843668937683105,3.777299404144287,0.2558839023113251,0.24407842755317688,"tensor(0.1818, grad_fn=<MseLossBackward0>)",
847,11.382946014404297,3.49023699760437,0.3417326509952545,0.10144758969545364,"tensor(0.2352, grad_fn=<MseLossBackward0>)",
848,11.834091186523438,3.2516274452209473,0.33684417605400085,0.12304568290710449,"tensor(0.2344, grad_fn=<MseLossBackward0>)",
849,12.82441234588623,3.213620185852051,0.3648184537887573,0.13549399375915527,"tensor(0.2203, grad_fn=<MseLossBackward0>)",
850,12.619100570678711,3.1610207557678223,0.3772903084754944,0.11868229508399963,"tensor(0.1504, grad_fn=<MseLossBackward0>)",
851,16.023242950439453,3.364722967147827,0.3926841616630554,0.23533496260643005,"tensor(0.2389, grad_fn=<MseLossBackward0>)",
852,10.624232292175293,3.427072763442993,0.2849555015563965,0.12994368374347687,"tensor(0.1672, grad_fn=<MseLossBackward0>)",
853,14.047662734985352,3.377397060394287,0.36931586265563965,0.18343354761600494,"tensor(0.1554, grad_fn=<MseLossBackward0>)",
854,13.259750366210938,3.341521978378296,0.44641202688217163,0.07291804254055023,"tensor(0.1447, grad_fn=<MseLossBackward0>)",
855,10.03664493560791,3.192695140838623,0.3076978325843811,0.08402194082736969,"tensor(0.1784, grad_fn=<MseLossBackward0>)",
856,11.730949401855469,3.0835154056549072,0.3120228052139282,0.14375123381614685,"tensor(0.2234, grad_fn=<MseLossBackward0>)",
857,12.32632064819336,3.5326240062713623,0.3090510368347168,0.17048345506191254,"tensor(0.2170, grad_fn=<MseLossBackward0>)",
858,11.860591888427734,4.376308441162109,0.3711712062358856,0.09194916486740112,"tensor(0.2126, grad_fn=<MseLossBackward0>)",
859,11.483078956604004,3.8036625385284424,0.2494240254163742,0.1982467919588089,"tensor(0.1845, grad_fn=<MseLossBackward0>)",
860,12.146296501159668,4.030699729919434,0.270082950592041,0.20335370302200317,"tensor(0.2502, grad_fn=<MseLossBackward0>)",
861,14.611591339111328,3.661837577819824,0.3792562484741211,0.19189052283763885,"tensor(0.2542, grad_fn=<MseLossBackward0>)",
862,14.712896347045898,4.557826042175293,0.28603312373161316,0.28565728664398193,"tensor(0.3215, grad_fn=<MseLossBackward0>)",
863,9.3756685256958,3.703915596008301,0.27187785506248474,0.0912729799747467,"tensor(0.2406, grad_fn=<MseLossBackward0>)",
864,11.899699211120605,3.521796941757202,0.328271746635437,0.13467305898666382,"tensor(0.2355, grad_fn=<MseLossBackward0>)",
865,10.6646728515625,3.6831612586975098,0.3060813844203949,0.10965576767921448,"tensor(0.2088, grad_fn=<MseLossBackward0>)",
866,11.231515884399414,3.9967570304870605,0.25574782490730286,0.1810542345046997,"tensor(0.2124, grad_fn=<MseLossBackward0>)",
867,11.854930877685547,4.504764556884766,0.24844922125339508,0.2107679545879364,"tensor(0.2669, grad_fn=<MseLossBackward0>)",
868,18.70348358154297,4.558252811431885,0.24877925217151642,0.4867129921913147,"tensor(0.2462, grad_fn=<MseLossBackward0>)",
869,8.86396598815918,4.080238342285156,0.27216848731040955,0.07025185227394104,"tensor(0.2306, grad_fn=<MseLossBackward0>)",
870,14.05596923828125,4.124142169952393,0.38673412799835205,0.16285228729248047,"tensor(0.2381, grad_fn=<MseLossBackward0>)",
871,11.80112075805664,4.263864040374756,0.2770211398601532,0.1807188093662262,"tensor(0.2785, grad_fn=<MseLossBackward0>)",
872,13.531349182128906,3.682896375656128,0.3243405818939209,0.20633810758590698,"tensor(0.1600, grad_fn=<MseLossBackward0>)",
873,9.208734512329102,4.700669765472412,0.25616979598999023,0.09666527807712555,"tensor(0.2919, grad_fn=<MseLossBackward0>)",
874,16.24308967590332,5.575690746307373,0.36611810326576233,0.2714470624923706,"tensor(0.2133, grad_fn=<MseLossBackward0>)",
875,14.84665584564209,5.211550712585449,0.38728031516075134,0.19570593535900116,"tensor(0.2121, grad_fn=<MseLossBackward0>)",
876,15.624034881591797,4.213000774383545,0.31819313764572144,0.2950761914253235,"tensor(0.2160, grad_fn=<MseLossBackward0>)",
877,10.407873153686523,5.27002477645874,0.33562174439430237,0.06984458118677139,"tensor(0.1961, grad_fn=<MseLossBackward0>)",
878,15.125028610229492,5.689387321472168,0.3918047547340393,0.20142219960689545,"tensor(0.2108, grad_fn=<MseLossBackward0>)",
879,11.71743392944336,4.558945655822754,0.2863883376121521,0.16897621750831604,"tensor(0.2320, grad_fn=<MseLossBackward0>)",
880,11.267511367797852,4.668673515319824,0.3573845624923706,0.07827925682067871,"tensor(0.2946, grad_fn=<MseLossBackward0>)",
881,11.658637046813965,4.30450439453125,0.3056006133556366,0.15000511705875397,"tensor(0.1828, grad_fn=<MseLossBackward0>)",
882,15.022713661193848,3.4846572875976562,0.39203304052352905,0.19634953141212463,"tensor(0.2428, grad_fn=<MseLossBackward0>)",
883,10.411714553833008,4.193727493286133,0.3128821849822998,0.09438734501600266,"tensor(0.1532, grad_fn=<MseLossBackward0>)",
884,14.021224975585938,4.48905611038208,0.3234056830406189,0.22444716095924377,"tensor(0.2220, grad_fn=<MseLossBackward0>)",
885,12.73840045928955,3.3901865482330322,0.3572627902030945,0.14025697112083435,"tensor(0.1997, grad_fn=<MseLossBackward0>)",
886,10.482515335083008,3.977384567260742,0.3170796036720276,0.08822929859161377,"tensor(0.2371, grad_fn=<MseLossBackward0>)",
887,16.088600158691406,4.024060249328613,0.3831700086593628,0.24806728959083557,"tensor(0.1843, grad_fn=<MseLossBackward0>)",
888,10.167183876037598,3.4946775436401367,0.32342565059661865,0.07384240627288818,"tensor(0.1747, grad_fn=<MseLossBackward0>)",
889,10.810235977172852,4.527318000793457,0.2899593114852905,0.1309448778629303,"tensor(0.2026, grad_fn=<MseLossBackward0>)",
890,11.113127708435059,3.325469970703125,0.336879163980484,0.09554195404052734,"tensor(0.2199, grad_fn=<MseLossBackward0>)",
891,14.67367172241211,3.5973141193389893,0.29086291790008545,0.2828747034072876,"tensor(0.2457, grad_fn=<MseLossBackward0>)",
892,11.31177043914795,3.785857677459717,0.3500707149505615,0.08691097795963287,"tensor(0.2282, grad_fn=<MseLossBackward0>)",
893,13.944480895996094,4.512387275695801,0.26972949504852295,0.274166464805603,"tensor(0.2486, grad_fn=<MseLossBackward0>)",
894,14.985732078552246,3.8515443801879883,0.38913577795028687,0.19760742783546448,"tensor(0.1983, grad_fn=<MseLossBackward0>)",
895,8.98979377746582,4.113296031951904,0.30127739906311035,0.04533255472779274,"tensor(0.2123, grad_fn=<MseLossBackward0>)",
896,12.610885620117188,4.559050559997559,0.2719649076461792,0.21879707276821136,"tensor(0.2453, grad_fn=<MseLossBackward0>)",
897,9.74386978149414,4.510316371917725,0.284189909696579,0.0929049700498581,"tensor(0.2225, grad_fn=<MseLossBackward0>)",
898,14.350067138671875,5.428383827209473,0.32658717036247253,0.23118337988853455,"tensor(0.3157, grad_fn=<MseLossBackward0>)",
899,8.138742446899414,4.933178424835205,0.2536093294620514,0.05765356868505478,"tensor(0.2563, grad_fn=<MseLossBackward0>)",
900,10.730789184570312,5.022412300109863,0.2538791000843048,0.1591838002204895,"tensor(0.2568, grad_fn=<MseLossBackward0>)",
901,17.677448272705078,4.811657428741455,0.3127577304840088,0.3775556683540344,"tensor(0.2757, grad_fn=<MseLossBackward0>)",
902,10.575263977050781,5.672565937042236,0.2597369849681854,0.14860489964485168,"tensor(0.2984, grad_fn=<MseLossBackward0>)",
903,10.939241409301758,5.203038692474365,0.25200775265693665,0.1720496416091919,"tensor(0.2088, grad_fn=<MseLossBackward0>)",
904,8.815269470214844,5.244340896606445,0.2766840159893036,0.06075066328048706,"tensor(0.2457, grad_fn=<MseLossBackward0>)",
905,11.024452209472656,5.061308860778809,0.2468852549791336,0.17948612570762634,"tensor(0.3015, grad_fn=<MseLossBackward0>)",
906,10.303918838500977,4.949342727661133,0.3179119825363159,0.07950945198535919,"tensor(0.2964, grad_fn=<MseLossBackward0>)",
907,9.523387908935547,4.579586029052734,0.3003177344799042,0.06961129605770111,"tensor(0.1867, grad_fn=<MseLossBackward0>)",
908,11.187026977539062,4.298757076263428,0.25387582182884216,0.17962458729743958,"tensor(0.2796, grad_fn=<MseLossBackward0>)",
909,18.543149948120117,5.656181335449219,0.3492903709411621,0.3799738883972168,"tensor(0.2366, grad_fn=<MseLossBackward0>)",
910,8.588090896606445,4.669189929962158,0.24746067821979523,0.07844516634941101,"tensor(0.3699, grad_fn=<MseLossBackward0>)",
911,10.205387115478516,4.20561408996582,0.34189555048942566,0.052368827164173126,"tensor(0.2722, grad_fn=<MseLossBackward0>)",
912,11.018304824829102,4.6848368644714355,0.26199671626091003,0.16687214374542236,"tensor(0.1949, grad_fn=<MseLossBackward0>)",
913,8.541302680969238,5.040094375610352,0.2574198842048645,0.07036548852920532,"tensor(0.2738, grad_fn=<MseLossBackward0>)",
914,11.021697998046875,5.2990288734436035,0.32133734226226807,0.10482873022556305,"tensor(0.3024, grad_fn=<MseLossBackward0>)",
915,13.097127914428711,4.138312816619873,0.2928414046764374,0.22019392251968384,"tensor(0.1964, grad_fn=<MseLossBackward0>)",
916,12.431044578552246,3.712162971496582,0.40159958600997925,0.08385168015956879,"tensor(0.1847, grad_fn=<MseLossBackward0>)",
917,10.385904312133789,4.139840126037598,0.3100672960281372,0.09155085682868958,"tensor(0.2503, grad_fn=<MseLossBackward0>)",
918,8.773269653320312,4.488053321838379,0.24770855903625488,0.08617444336414337,"tensor(0.3475, grad_fn=<MseLossBackward0>)",
919,8.748313903808594,4.615006923675537,0.24820727109909058,0.09003503620624542,"tensor(0.1833, grad_fn=<MseLossBackward0>)",
920,12.232071876525879,4.042544841766357,0.29136526584625244,0.18541496992111206,"tensor(0.2352, grad_fn=<MseLossBackward0>)",
921,11.528118133544922,4.746670722961426,0.25487959384918213,0.19251468777656555,"tensor(0.1849, grad_fn=<MseLossBackward0>)",
922,17.388883590698242,4.5704498291015625,0.3902309834957123,0.2946609854698181,"tensor(0.1507, grad_fn=<MseLossBackward0>)",
923,7.78835391998291,4.039592742919922,0.2556901276111603,0.04150863736867905,"tensor(0.2673, grad_fn=<MseLossBackward0>)",
924,9.7803316116333,4.144626617431641,0.2559835612773895,0.12136098742485046,"tensor(0.2398, grad_fn=<MseLossBackward0>)",
925,13.873406410217285,3.6998910903930664,0.47863656282424927,0.06460858881473541,"tensor(0.2242, grad_fn=<MseLossBackward0>)",
926,12.020451545715332,4.072696685791016,0.3137618601322174,0.15489202737808228,"tensor(0.2396, grad_fn=<MseLossBackward0>)",
927,10.268099784851074,4.427776336669922,0.3131556808948517,0.0868624597787857,"tensor(0.2041, grad_fn=<MseLossBackward0>)",
928,10.64583969116211,4.635921478271484,0.3483946919441223,0.06784116476774216,"tensor(0.1823, grad_fn=<MseLossBackward0>)",
929,9.117485046386719,5.010371208190918,0.3031064569950104,0.04418398439884186,"tensor(0.3475, grad_fn=<MseLossBackward0>)",
930,11.36265754699707,4.38692569732666,0.28326234221458435,0.1564907431602478,"tensor(0.2584, grad_fn=<MseLossBackward0>)",
931,9.878162384033203,4.5382232666015625,0.28005722165107727,0.10081201791763306,"tensor(0.2341, grad_fn=<MseLossBackward0>)",
932,15.9088134765625,5.181730270385742,0.2536160349845886,0.3689320683479309,"tensor(0.2351, grad_fn=<MseLossBackward0>)",
933,7.891883373260498,4.741687297821045,0.25247883796691895,0.04716627672314644,"tensor(0.3167, grad_fn=<MseLossBackward0>)",
934,15.197879791259766,4.735897064208984,0.2543269693851471,0.33931201696395874,"tensor(0.2244, grad_fn=<MseLossBackward0>)",
935,12.228950500488281,4.747570991516113,0.24668121337890625,0.2256358414888382,"tensor(0.2938, grad_fn=<MseLossBackward0>)",
936,21.6396484375,4.348557949066162,0.2471630573272705,0.6059561371803284,"tensor(0.1952, grad_fn=<MseLossBackward0>)",
937,9.871967315673828,4.815989017486572,0.27043676376342773,0.11000850796699524,"tensor(0.2882, grad_fn=<MseLossBackward0>)",
938,17.466590881347656,4.414926528930664,0.25723952054977417,0.4287087321281433,"tensor(0.1891, grad_fn=<MseLossBackward0>)",
939,13.97348403930664,4.8714752197265625,0.29160043597221375,0.25397318601608276,"tensor(0.2580, grad_fn=<MseLossBackward0>)",
940,16.822389602661133,5.057950019836426,0.2543824017047882,0.40024006366729736,"tensor(0.3586, grad_fn=<MseLossBackward0>)",
941,12.111360549926758,4.511002540588379,0.24203653633594513,0.22770117223262787,"tensor(0.2966, grad_fn=<MseLossBackward0>)",
942,10.535651206970215,3.9667439460754395,0.31086063385009766,0.09827981144189835,"tensor(0.2075, grad_fn=<MseLossBackward0>)",
943,12.464262008666992,3.7360541820526123,0.4256080985069275,0.06079954653978348,"tensor(0.2085, grad_fn=<MseLossBackward0>)",
944,12.059141159057617,3.7436065673828125,0.38098761439323425,0.09085663408041,"tensor(0.1725, grad_fn=<MseLossBackward0>)",
945,11.277308464050293,3.943302869796753,0.36274591088294983,0.07659205794334412,"tensor(0.2095, grad_fn=<MseLossBackward0>)",
946,16.513456344604492,3.666189193725586,0.4246932864189148,0.22287367284297943,"tensor(0.2331, grad_fn=<MseLossBackward0>)",
947,18.54157257080078,3.5930349826812744,0.33726051449775696,0.39039677381515503,"tensor(0.2660, grad_fn=<MseLossBackward0>)",
948,11.482333183288574,4.164478302001953,0.39961206912994385,0.049222592264413834,"tensor(0.2045, grad_fn=<MseLossBackward0>)",
949,11.302820205688477,4.523495197296143,0.260385662317276,0.17901980876922607,"tensor(0.2639, grad_fn=<MseLossBackward0>)",
950,17.838611602783203,3.6199820041656494,0.2880091071128845,0.41388460993766785,"tensor(0.2338, grad_fn=<MseLossBackward0>)",
951,13.618997573852539,3.749053478240967,0.33172035217285156,0.20006278157234192,"tensor(0.2421, grad_fn=<MseLossBackward0>)",
952,10.299022674560547,3.67665433883667,0.3194766342639923,0.07870764285326004,"tensor(0.2621, grad_fn=<MseLossBackward0>)",
953,9.933313369750977,4.229849815368652,0.27823588252067566,0.1047898605465889,"tensor(0.2431, grad_fn=<MseLossBackward0>)",
954,12.014036178588867,4.536326885223389,0.34072345495224,0.1273585706949234,"tensor(0.2077, grad_fn=<MseLossBackward0>)",
955,13.739748001098633,4.059774875640869,0.2706752121448517,0.26609939336776733,"tensor(0.2221, grad_fn=<MseLossBackward0>)",
956,8.69567584991455,4.205196380615234,0.2584407925605774,0.0743892714381218,"tensor(0.2597, grad_fn=<MseLossBackward0>)",
957,10.764992713928223,4.182511806488037,0.32928597927093506,0.08815973997116089,"tensor(0.1861, grad_fn=<MseLossBackward0>)",
958,10.22453498840332,4.121595859527588,0.2828306257724762,0.11191588640213013,"tensor(0.2706, grad_fn=<MseLossBackward0>)",
959,8.510149002075195,3.646252155303955,0.27935460209846497,0.04680167883634567,"tensor(0.2388, grad_fn=<MseLossBackward0>)",
960,8.935826301574707,3.9759280681610107,0.2524704337120056,0.09425460547208786,"tensor(0.1615, grad_fn=<MseLossBackward0>)",
961,7.934840679168701,4.8729047775268555,0.25615042448043823,0.04938802495598793,"tensor(0.2225, grad_fn=<MseLossBackward0>)",
962,13.466793060302734,3.9357244968414307,0.36215752363204956,0.16456952691078186,"tensor(0.1994, grad_fn=<MseLossBackward0>)",
963,10.650850296020508,4.423332691192627,0.3088192343711853,0.10451269149780273,"tensor(0.1922, grad_fn=<MseLossBackward0>)",
964,10.623838424682617,3.554288625717163,0.3056246340274811,0.10591407120227814,"tensor(0.2297, grad_fn=<MseLossBackward0>)",
965,11.96330451965332,4.128839015960693,0.3325729966163635,0.13256895542144775,"tensor(0.2613, grad_fn=<MseLossBackward0>)",
966,14.485769271850586,4.783217430114746,0.2900850772857666,0.2771523594856262,"tensor(0.2392, grad_fn=<MseLossBackward0>)",
967,9.569404602050781,4.0276923179626465,0.2591124475002289,0.1122831404209137,"tensor(0.2183, grad_fn=<MseLossBackward0>)",
968,12.25525188446045,4.605751037597656,0.2838920056819916,0.19183480739593506,"tensor(0.3075, grad_fn=<MseLossBackward0>)",
969,10.427337646484375,5.300225257873535,0.32388976216316223,0.08133749663829803,"tensor(0.1761, grad_fn=<MseLossBackward0>)",
970,10.814985275268555,4.492279052734375,0.25099894404411316,0.16756653785705566,"tensor(0.2733, grad_fn=<MseLossBackward0>)",
971,9.519254684448242,4.745556354522705,0.2816697061061859,0.08683648705482483,"tensor(0.2020, grad_fn=<MseLossBackward0>)",
972,9.219369888305664,5.039377212524414,0.24089980125427246,0.11400620639324188,"tensor(0.2622, grad_fn=<MseLossBackward0>)",
973,19.9317684173584,4.881753444671631,0.2960611581802368,0.48499011993408203,"tensor(0.2575, grad_fn=<MseLossBackward0>)",
974,13.512405395507812,4.843554496765137,0.24688981473445892,0.2770501971244812,"tensor(0.3194, grad_fn=<MseLossBackward0>)",
975,11.96830940246582,4.9888386726379395,0.2867848575115204,0.17201948165893555,"tensor(0.3937, grad_fn=<MseLossBackward0>)",
976,12.82053279876709,4.659067153930664,0.357866495847702,0.14364191889762878,"tensor(0.1871, grad_fn=<MseLossBackward0>)",
977,11.375673294067383,4.306768417358398,0.24846868216991425,0.1881694495677948,"tensor(0.3884, grad_fn=<MseLossBackward0>)",
978,9.276695251464844,4.740995407104492,0.24973489344120026,0.10420940816402435,"tensor(0.3487, grad_fn=<MseLossBackward0>)",
979,9.142278671264648,5.20371675491333,0.2518827021121979,0.09661060571670532,"tensor(0.3204, grad_fn=<MseLossBackward0>)",
980,9.584086418151855,4.496015548706055,0.2706121802330017,0.09994011372327805,"tensor(0.2633, grad_fn=<MseLossBackward0>)",
981,10.069360733032227,4.872520923614502,0.26683691143989563,0.12363394349813461,"tensor(0.2445, grad_fn=<MseLossBackward0>)",
982,12.530744552612305,4.669793128967285,0.3255426585674286,0.16347944736480713,"tensor(0.2314, grad_fn=<MseLossBackward0>)",
983,11.038795471191406,4.681173801422119,0.2525086998939514,0.17245632410049438,"tensor(0.2892, grad_fn=<MseLossBackward0>)",
984,14.984443664550781,4.712393283843994,0.295101135969162,0.29173189401626587,"tensor(0.2422, grad_fn=<MseLossBackward0>)",
985,12.648965835571289,4.174927234649658,0.3103729784488678,0.18209363520145416,"tensor(0.2403, grad_fn=<MseLossBackward0>)",
986,12.031717300415039,4.073433876037598,0.28032734990119934,0.18826089799404144,"tensor(0.1934, grad_fn=<MseLossBackward0>)",
987,18.961177825927734,4.470934867858887,0.2745901644229889,0.472522497177124,"tensor(0.2246, grad_fn=<MseLossBackward0>)",
988,10.910776138305664,3.849635124206543,0.34749311208724976,0.077196404337883,"tensor(0.1917, grad_fn=<MseLossBackward0>)",
989,10.096043586730957,3.946077823638916,0.3254542648792267,0.06599859893321991,"tensor(0.2292, grad_fn=<MseLossBackward0>)",
990,11.249778747558594,4.179386138916016,0.3409360945224762,0.09868703782558441,"tensor(0.1776, grad_fn=<MseLossBackward0>)",
991,12.058446884155273,4.769994258880615,0.2862781584262848,0.18267041444778442,"tensor(0.2569, grad_fn=<MseLossBackward0>)",
992,14.7665376663208,3.6618738174438477,0.3327820897102356,0.24791553616523743,"tensor(0.1669, grad_fn=<MseLossBackward0>)",
993,14.438475608825684,3.9128520488739014,0.3920925259590149,0.17239725589752197,"tensor(0.2485, grad_fn=<MseLossBackward0>)",
994,11.140406608581543,4.988122940063477,0.2903379797935486,0.14010700583457947,"tensor(0.2826, grad_fn=<MseLossBackward0>)",
995,11.984408378601074,3.709137201309204,0.28019779920578003,0.18685337901115417,"tensor(0.2398, grad_fn=<MseLossBackward0>)",
996,11.636765480041504,3.7847468852996826,0.37878328561782837,0.07426320761442184,"tensor(0.2242, grad_fn=<MseLossBackward0>)",
997,14.916367530822754,4.068498611450195,0.26159852743148804,0.3223954737186432,"tensor(0.2081, grad_fn=<MseLossBackward0>)",
998,13.051507949829102,4.608582973480225,0.24322085082530975,0.26598605513572693,"tensor(0.2556, grad_fn=<MseLossBackward0>)",
999,10.548308372497559,3.678913116455078,0.2797967791557312,0.12860195338726044,"tensor(0.2421, grad_fn=<MseLossBackward0>)",
1000,12.763833045959473,3.615311622619629,0.35485339164733887,0.14417599141597748,"tensor(0.2337, grad_fn=<MseLossBackward0>)","[0.9310488700866699, 1.0837764739990234, 0.7354007363319397]"
1001,12.082833290100098,5.135616302490234,0.31866633892059326,0.15173424780368805,"tensor(0.2348, grad_fn=<MseLossBackward0>)",
1002,9.392412185668945,4.138088703155518,0.26612362265586853,0.09838391840457916,"tensor(0.1812, grad_fn=<MseLossBackward0>)",
1003,12.263448715209961,4.9224629402160645,0.27403685450553894,0.20269988477230072,"tensor(0.2809, grad_fn=<MseLossBackward0>)",
1004,8.973566055297852,4.67692756652832,0.27456334233283997,0.07279741764068604,"tensor(0.2352, grad_fn=<MseLossBackward0>)",
1005,9.218278884887695,4.1551666259765625,0.30616918206214905,0.04961003363132477,"tensor(0.2535, grad_fn=<MseLossBackward0>)",
1006,16.781675338745117,5.173477649688721,0.3094977140426636,0.34788018465042114,"tensor(0.2844, grad_fn=<MseLossBackward0>)",
1007,10.053630828857422,4.7887067794799805,0.2992577850818634,0.0873667448759079,"tensor(0.3116, grad_fn=<MseLossBackward0>)",
1008,8.166007995605469,4.051811218261719,0.2554783225059509,0.06172213703393936,"tensor(0.1617, grad_fn=<MseLossBackward0>)",
1009,8.999788284301758,5.859347343444824,0.2858552634716034,0.05905231088399887,"tensor(0.2648, grad_fn=<MseLossBackward0>)",
1010,8.482975006103516,4.42316198348999,0.262599378824234,0.06392248719930649,"tensor(0.2299, grad_fn=<MseLossBackward0>)",
1011,11.015457153320312,4.889429569244385,0.2757429778575897,0.15384280681610107,"tensor(0.1829, grad_fn=<MseLossBackward0>)",
1012,12.546716690063477,5.128843784332275,0.2495661973953247,0.22973409295082092,"tensor(0.4512, grad_fn=<MseLossBackward0>)",
1013,9.035417556762695,4.9297709465026855,0.25803491473197937,0.08676594495773315,"tensor(0.2832, grad_fn=<MseLossBackward0>)",
1014,10.573410034179688,5.240082740783691,0.3496129810810089,0.0573311448097229,"tensor(0.2327, grad_fn=<MseLossBackward0>)",
1015,13.092321395874023,5.215676307678223,0.2880776524543762,0.22126203775405884,"tensor(0.2479, grad_fn=<MseLossBackward0>)",
1016,11.762807846069336,5.672939300537109,0.28372058272361755,0.17381800711154938,"tensor(0.2262, grad_fn=<MseLossBackward0>)",
1017,11.687202453613281,5.660049915313721,0.236912801861763,0.212640643119812,"tensor(0.3301, grad_fn=<MseLossBackward0>)",
1018,13.759330749511719,5.859243869781494,0.2465398758649826,0.28614386916160583,"tensor(0.3016, grad_fn=<MseLossBackward0>)",
1019,11.390649795532227,5.441434383392334,0.3209065794944763,0.1210814043879509,"tensor(0.2159, grad_fn=<MseLossBackward0>)",
1020,11.131876945495605,5.416220664978027,0.24638430774211884,0.18294745683670044,"tensor(0.2889, grad_fn=<MseLossBackward0>)",
1021,11.266572952270508,6.175537109375,0.24878491461277008,0.19096307456493378,"tensor(0.1847, grad_fn=<MseLossBackward0>)",
1022,10.563032150268555,5.796062469482422,0.2482428103685379,0.15287187695503235,"tensor(0.4452, grad_fn=<MseLossBackward0>)",
1023,11.082048416137695,5.4323039054870605,0.2417302280664444,0.18695951998233795,"tensor(0.2542, grad_fn=<MseLossBackward0>)",
1024,10.715892791748047,4.531768321990967,0.3123902678489685,0.10350076854228973,"tensor(0.2238, grad_fn=<MseLossBackward0>)",
1025,10.549737930297852,5.936312198638916,0.2433997392654419,0.1639460027217865,"tensor(0.2649, grad_fn=<MseLossBackward0>)",
1026,10.092081069946289,5.549773216247559,0.24244432151317596,0.14897428452968597,"tensor(0.2224, grad_fn=<MseLossBackward0>)",
1027,11.403993606567383,5.518881797790527,0.2537034749984741,0.18359655141830444,"tensor(0.3888, grad_fn=<MseLossBackward0>)",
1028,12.866151809692383,5.310030937194824,0.2649565637111664,0.2356496900320053,"tensor(0.2913, grad_fn=<MseLossBackward0>)",
1029,9.213760375976562,5.802891731262207,0.28002646565437317,0.07415402680635452,"tensor(0.2506, grad_fn=<MseLossBackward0>)",
1030,10.402486801147461,5.607646942138672,0.24318818747997284,0.15917497873306274,"tensor(0.2647, grad_fn=<MseLossBackward0>)",
1031,11.49125862121582,5.086485862731934,0.27671507000923157,0.17094188928604126,"tensor(0.2064, grad_fn=<MseLossBackward0>)",
1032,14.853036880493164,4.710038185119629,0.25827541947364807,0.3243275284767151,"tensor(0.2123, grad_fn=<MseLossBackward0>)",
1033,12.545129776000977,5.424323558807373,0.32543277740478516,0.16203273832798004,"tensor(0.2982, grad_fn=<MseLossBackward0>)",
1034,9.314699172973633,5.567563533782959,0.2542238235473633,0.10510990768671036,"tensor(0.2647, grad_fn=<MseLossBackward0>)",
1035,14.54659652709961,5.7459716796875,0.2632320523262024,0.3050060570240021,"tensor(0.2634, grad_fn=<MseLossBackward0>)",
1036,11.756967544555664,5.852331161499023,0.24612975120544434,0.21389038860797882,"tensor(0.1951, grad_fn=<MseLossBackward0>)",
1037,8.086053848266602,5.206142902374268,0.27591368556022644,0.03646180033683777,"tensor(0.1967, grad_fn=<MseLossBackward0>)",
1038,11.678014755249023,5.791016101837158,0.25405219197273254,0.1998431235551834,"tensor(0.2727, grad_fn=<MseLossBackward0>)",
1039,8.085882186889648,4.960843563079834,0.2547738552093506,0.05647850036621094,"tensor(0.2233, grad_fn=<MseLossBackward0>)",
1040,8.684605598449707,5.047325134277344,0.2669764459133148,0.0663689523935318,"tensor(0.2956, grad_fn=<MseLossBackward0>)",
1041,12.794559478759766,5.552222728729248,0.27694231271743774,0.2213493287563324,"tensor(0.2108, grad_fn=<MseLossBackward0>)",
1042,12.49924087524414,5.295255184173584,0.27959752082824707,0.20934735238552094,"tensor(0.2125, grad_fn=<MseLossBackward0>)",
1043,10.023115158081055,4.222754001617432,0.2910686731338501,0.09747534990310669,"tensor(0.2203, grad_fn=<MseLossBackward0>)",
1044,10.346519470214844,4.727347373962402,0.3007378578186035,0.09357137233018875,"tensor(0.3667, grad_fn=<MseLossBackward0>)",
1045,9.934211730957031,4.5899338722229,0.3044758141040802,0.08289796113967896,"tensor(0.1571, grad_fn=<MseLossBackward0>)",
1046,13.134716033935547,4.689589500427246,0.28884243965148926,0.22299493849277496,"tensor(0.2470, grad_fn=<MseLossBackward0>)",
1047,10.903215408325195,4.890761852264404,0.2411365956068039,0.18223769962787628,"tensor(0.2160, grad_fn=<MseLossBackward0>)",
1048,8.555841445922852,4.681807041168213,0.2435351014137268,0.08516652882099152,"tensor(0.2419, grad_fn=<MseLossBackward0>)",
1049,16.025482177734375,5.270461082458496,0.2610519826412201,0.36786210536956787,"tensor(0.2199, grad_fn=<MseLossBackward0>)",
1050,10.04796028137207,5.2516679763793945,0.2394315004348755,0.1499977856874466,"tensor(0.2382, grad_fn=<MseLossBackward0>)",
1051,15.241606712341309,5.09532356262207,0.29215767979621887,0.30482906103134155,"tensor(0.2556, grad_fn=<MseLossBackward0>)",
1052,11.101371765136719,5.280501365661621,0.27935346961021423,0.15451745688915253,"tensor(0.1842, grad_fn=<MseLossBackward0>)",
1053,10.335870742797852,4.105834484100342,0.266182541847229,0.13622328639030457,"tensor(0.2038, grad_fn=<MseLossBackward0>)",
1054,10.005342483520508,4.437870025634766,0.2824251651763916,0.10751079022884369,"tensor(0.1763, grad_fn=<MseLossBackward0>)",
1055,12.830551147460938,4.40441370010376,0.30699580907821655,0.19240383803844452,"tensor(0.2222, grad_fn=<MseLossBackward0>)",
1056,11.96375560760498,4.5474419593811035,0.41762033104896545,0.04975401237607002,"tensor(0.2121, grad_fn=<MseLossBackward0>)",
1057,9.45344352722168,4.686759948730469,0.3006378710269928,0.06738118827342987,"tensor(0.1989, grad_fn=<MseLossBackward0>)",
1058,13.638248443603516,4.817913055419922,0.2769620716571808,0.2561054229736328,"tensor(0.2403, grad_fn=<MseLossBackward0>)",
1059,11.111388206481934,3.842433452606201,0.3685411214828491,0.06137894093990326,"tensor(0.2725, grad_fn=<MseLossBackward0>)",
1060,12.622831344604492,5.342545509338379,0.40773236751556396,0.08744220435619354,"tensor(0.1516, grad_fn=<MseLossBackward0>)",
1061,13.447872161865234,5.161012172698975,0.4370032548904419,0.08642552047967911,"tensor(0.2559, grad_fn=<MseLossBackward0>)",
1062,11.700532913208008,5.502054691314697,0.3280194401741028,0.12582209706306458,"tensor(0.2783, grad_fn=<MseLossBackward0>)",
1063,10.826757431030273,5.181804180145264,0.3327465057373047,0.08989362418651581,"tensor(0.2038, grad_fn=<MseLossBackward0>)",
1064,18.986467361450195,5.683197021484375,0.2629122734069824,0.48345279693603516,"tensor(0.2228, grad_fn=<MseLossBackward0>)",
1065,12.35052490234375,5.6792521476745605,0.3654171824455261,0.11288206279277802,"tensor(0.2770, grad_fn=<MseLossBackward0>)",
1066,10.795764923095703,5.611600875854492,0.28130894899368286,0.1370491236448288,"tensor(0.2854, grad_fn=<MseLossBackward0>)",
1067,10.818365097045898,6.689714431762695,0.2924726605415344,0.1284545660018921,"tensor(0.2302, grad_fn=<MseLossBackward0>)",
1068,16.80799674987793,6.318811416625977,0.29806065559387207,0.36079779267311096,"tensor(0.2678, grad_fn=<MseLossBackward0>)",
1069,12.682355880737305,6.437489032745361,0.25176894664764404,0.24151960015296936,"tensor(0.2487, grad_fn=<MseLossBackward0>)",
1070,13.624397277832031,5.423314571380615,0.26524117588996887,0.26659780740737915,"tensor(0.2112, grad_fn=<MseLossBackward0>)",
1071,12.344902038574219,6.0942277908325195,0.24025671184062958,0.23977451026439667,"tensor(0.2564, grad_fn=<MseLossBackward0>)",
1072,12.861663818359375,6.986369609832764,0.23501794040203094,0.26717624068260193,"tensor(0.1874, grad_fn=<MseLossBackward0>)",
1073,10.280943870544434,5.821772575378418,0.23739759624004364,0.15765464305877686,"tensor(0.2917, grad_fn=<MseLossBackward0>)",
1074,9.82413101196289,5.980334758758545,0.23281215131282806,0.15044087171554565,"tensor(0.1623, grad_fn=<MseLossBackward0>)",
1075,10.048813819885254,5.340978622436523,0.30327820777893066,0.08554933965206146,"tensor(0.2314, grad_fn=<MseLossBackward0>)",
1076,11.774715423583984,5.6002373695373535,0.2826261818408966,0.17608876526355743,"tensor(0.2083, grad_fn=<MseLossBackward0>)",
1077,12.311927795410156,5.62649393081665,0.3315171003341675,0.14748436212539673,"tensor(0.2299, grad_fn=<MseLossBackward0>)",
1078,10.333484649658203,5.473399639129639,0.27877646684646606,0.12319368869066238,"tensor(0.2207, grad_fn=<MseLossBackward0>)",
1079,13.097528457641602,5.640377521514893,0.40406733751296997,0.11099087446928024,"tensor(0.1644, grad_fn=<MseLossBackward0>)",
1080,10.644250869750977,5.387392044067383,0.32544803619384766,0.08832031488418579,"tensor(0.2210, grad_fn=<MseLossBackward0>)",
1081,11.417444229125977,5.11310338973999,0.31755778193473816,0.12834732234477997,"tensor(0.1878, grad_fn=<MseLossBackward0>)",
1082,13.746801376342773,5.498140811920166,0.32281917333602905,0.21443669497966766,"tensor(0.2080, grad_fn=<MseLossBackward0>)",
1083,9.983043670654297,5.578122615814209,0.29244211316108704,0.09629583358764648,"tensor(0.1676, grad_fn=<MseLossBackward0>)",
1084,8.975568771362305,5.8221235275268555,0.2603178918361664,0.08662141859531403,"tensor(0.1969, grad_fn=<MseLossBackward0>)",
1085,15.733697891235352,5.229848861694336,0.27164551615715027,0.34375548362731934,"tensor(0.2737, grad_fn=<MseLossBackward0>)",
1086,12.963705062866211,5.758472442626953,0.2515783905982971,0.254136323928833,"tensor(0.2089, grad_fn=<MseLossBackward0>)",
1087,17.828998565673828,5.641613483428955,0.2877202332019806,0.4083489775657654,"tensor(0.2884, grad_fn=<MseLossBackward0>)",
1088,10.528121948242188,5.695683479309082,0.2862257957458496,0.12176910042762756,"tensor(0.2008, grad_fn=<MseLossBackward0>)",
1089,10.967033386230469,5.500548839569092,0.2315412312746048,0.1928454339504242,"tensor(0.2584, grad_fn=<MseLossBackward0>)",
1090,12.719032287597656,5.559240818023682,0.3265177607536316,0.16967107355594635,"tensor(0.2206, grad_fn=<MseLossBackward0>)",
1091,11.43338394165039,4.684205532073975,0.2957756519317627,0.1486169397830963,"tensor(0.2115, grad_fn=<MseLossBackward0>)",
1092,12.684246063232422,5.6553778648376465,0.2851763665676117,0.20821304619312286,"tensor(0.2394, grad_fn=<MseLossBackward0>)",
1093,13.900898933410645,4.710171222686768,0.3056849241256714,0.23555946350097656,"tensor(0.2896, grad_fn=<MseLossBackward0>)",
1094,15.026424407958984,5.058769702911377,0.38726329803466797,0.20217236876487732,"tensor(0.1858, grad_fn=<MseLossBackward0>)",
1095,14.197759628295898,5.574202537536621,0.26724788546562195,0.2875658869743347,"tensor(0.2279, grad_fn=<MseLossBackward0>)",
1096,9.778642654418945,4.943786144256592,0.3151175081729889,0.06446267664432526,"tensor(0.1806, grad_fn=<MseLossBackward0>)",
1097,8.859596252441406,5.548418045043945,0.241946741938591,0.10119858384132385,"tensor(0.1907, grad_fn=<MseLossBackward0>)",
1098,11.77309799194336,4.788959980010986,0.29282891750335693,0.16507188975811005,"tensor(0.2401, grad_fn=<MseLossBackward0>)",
1099,9.836287498474121,5.224399566650391,0.2853729724884033,0.09675111621618271,"tensor(0.2188, grad_fn=<MseLossBackward0>)",
1100,7.855510234832764,5.61702823638916,0.26288872957229614,0.03999554365873337,"tensor(0.2013, grad_fn=<MseLossBackward0>)",
1101,12.127660751342773,5.404420375823975,0.33667194843292236,0.13867242634296417,"tensor(0.1499, grad_fn=<MseLossBackward0>)",
1102,9.894865989685059,5.331370830535889,0.31378161907196045,0.06958586722612381,"tensor(0.2394, grad_fn=<MseLossBackward0>)",
1103,9.214546203613281,4.689664363861084,0.25584283471107483,0.10010220110416412,"tensor(0.2048, grad_fn=<MseLossBackward0>)",
1104,13.135570526123047,5.275702476501465,0.2429962307214737,0.27092573046684265,"tensor(0.2192, grad_fn=<MseLossBackward0>)",
1105,8.887476921081543,5.275932312011719,0.268291711807251,0.07438573241233826,"tensor(0.2275, grad_fn=<MseLossBackward0>)",
1106,14.014101028442383,5.042721748352051,0.24570895731449127,0.3002259433269501,"tensor(0.2613, grad_fn=<MseLossBackward0>)",
1107,20.120397567749023,5.715701580047607,0.2792046368122101,0.5095432996749878,"tensor(0.2506, grad_fn=<MseLossBackward0>)",
1108,9.307764053344727,5.319177150726318,0.2559177875518799,0.10085968673229218,"tensor(0.2731, grad_fn=<MseLossBackward0>)",
1109,8.883136749267578,5.509946823120117,0.23987017571926117,0.1046312004327774,"tensor(0.1511, grad_fn=<MseLossBackward0>)",
1110,7.542494297027588,4.895666122436523,0.2313096970319748,0.0588143989443779,"tensor(0.2237, grad_fn=<MseLossBackward0>)",
1111,9.617042541503906,5.878307342529297,0.23678652942180634,0.1366148740053177,"tensor(0.2147, grad_fn=<MseLossBackward0>)",
1112,15.646121978759766,5.389296531677246,0.3263872563838959,0.28560447692871094,"tensor(0.2470, grad_fn=<MseLossBackward0>)",
1113,12.30405044555664,5.423563003540039,0.2707591950893402,0.20933517813682556,"tensor(0.2253, grad_fn=<MseLossBackward0>)",
1114,14.574277877807617,4.748513698577881,0.3093528747558594,0.2632333040237427,"tensor(0.1851, grad_fn=<MseLossBackward0>)",
1115,9.205446243286133,5.092479705810547,0.2910929322242737,0.0642981082201004,"tensor(0.2554, grad_fn=<MseLossBackward0>)",
1116,7.808248043060303,5.713441371917725,0.2502351999282837,0.05065564066171646,"tensor(0.2031, grad_fn=<MseLossBackward0>)",
1117,11.250150680541992,6.281293869018555,0.3068750202655792,0.12965090572834015,"tensor(0.2695, grad_fn=<MseLossBackward0>)",
1118,10.965984344482422,5.981784343719482,0.24717116355895996,0.17691659927368164,"tensor(0.2747, grad_fn=<MseLossBackward0>)",
1119,12.997127532958984,5.901026248931885,0.30526795983314514,0.2023298293352127,"tensor(0.2458, grad_fn=<MseLossBackward0>)",
1120,16.637094497680664,6.215723991394043,0.27259761095046997,0.3792351186275482,"tensor(0.2686, grad_fn=<MseLossBackward0>)",
1121,9.291767120361328,6.187004089355469,0.2853078246116638,0.07506733387708664,"tensor(0.2005, grad_fn=<MseLossBackward0>)",
1122,14.490961074829102,5.817035675048828,0.3174726963043213,0.24998648464679718,"tensor(0.2052, grad_fn=<MseLossBackward0>)",
1123,9.54721736907959,6.015549659729004,0.27130773663520813,0.09783024340867996,"tensor(0.2427, grad_fn=<MseLossBackward0>)",
1124,10.218443870544434,4.932750225067139,0.26952019333839417,0.12517279386520386,"tensor(0.2597, grad_fn=<MseLossBackward0>)",
1125,9.1358642578125,5.6334123611450195,0.31858426332473755,0.03279123082756996,"tensor(0.2503, grad_fn=<MseLossBackward0>)",
1126,17.71409797668457,6.666980266571045,0.32235562801361084,0.3744506239891052,"tensor(0.1808, grad_fn=<MseLossBackward0>)",
1127,9.84614372253418,5.550329685211182,0.28020530939102173,0.09925659000873566,"tensor(0.2655, grad_fn=<MseLossBackward0>)",
1128,9.797281265258789,6.135663986206055,0.2631250321865082,0.11355773359537125,"tensor(0.2706, grad_fn=<MseLossBackward0>)",
1129,10.536619186401367,5.904387950897217,0.29080089926719666,0.11795726418495178,"tensor(0.2058, grad_fn=<MseLossBackward0>)",
1130,32.83967971801758,6.8942790031433105,0.25398626923561096,1.0446140766143799,"tensor(0.2542, grad_fn=<MseLossBackward0>)",
1131,8.205923080444336,6.338893413543701,0.2587552070617676,0.05764884129166603,"tensor(0.1895, grad_fn=<MseLossBackward0>)",
1132,13.082221984863281,6.043669700622559,0.2890584170818329,0.22122645378112793,"tensor(0.2433, grad_fn=<MseLossBackward0>)",
1133,11.289323806762695,6.545614242553711,0.2808656096458435,0.1537226140499115,"tensor(0.3441, grad_fn=<MseLossBackward0>)",
1134,9.63078498840332,6.260905742645264,0.25969597697257996,0.10962152481079102,"tensor(0.2883, grad_fn=<MseLossBackward0>)",
1135,9.383813858032227,6.4205498695373535,0.24392147362232208,0.12006444483995438,"tensor(0.1862, grad_fn=<MseLossBackward0>)",
1136,10.181360244750977,6.5288405418396,0.24804222583770752,0.14562109112739563,"tensor(0.2560, grad_fn=<MseLossBackward0>)",
1137,8.850988388061523,6.463324069976807,0.30286112427711487,0.03555816039443016,"tensor(0.3103, grad_fn=<MseLossBackward0>)",
1138,12.118928909301758,6.076178073883057,0.3057515025138855,0.1665928214788437,"tensor(0.2370, grad_fn=<MseLossBackward0>)",
1139,12.152454376220703,6.024225234985352,0.24866105616092682,0.22626625001430511,"tensor(0.2063, grad_fn=<MseLossBackward0>)",
1140,11.941717147827148,6.403268814086914,0.25872674584388733,0.20705968141555786,"tensor(0.2254, grad_fn=<MseLossBackward0>)",
1141,12.58340072631836,5.3472208976745605,0.3137510120868683,0.17741958796977997,"tensor(0.2090, grad_fn=<MseLossBackward0>)",
1142,9.15935230255127,5.663210868835449,0.2742694020271301,0.0834626853466034,"tensor(0.1447, grad_fn=<MseLossBackward0>)",
1143,11.264608383178711,5.9488844871521,0.2941150367259979,0.1407780647277832,"tensor(0.2919, grad_fn=<MseLossBackward0>)",
1144,10.036190032958984,5.816813945770264,0.29646551609039307,0.09102796018123627,"tensor(0.2115, grad_fn=<MseLossBackward0>)",
1145,12.907899856567383,5.9711689949035645,0.31139904260635376,0.1903057098388672,"tensor(0.2532, grad_fn=<MseLossBackward0>)",
1146,19.11998748779297,5.549383163452148,0.22936396300792694,0.5213521122932434,"tensor(0.2433, grad_fn=<MseLossBackward0>)",
1147,13.090097427368164,5.867071151733398,0.26396092772483826,0.24662935733795166,"tensor(0.2295, grad_fn=<MseLossBackward0>)",
1148,12.561779022216797,5.699102878570557,0.26281920075416565,0.22472721338272095,"tensor(0.2173, grad_fn=<MseLossBackward0>)",
1149,18.210363388061523,5.354816436767578,0.24539537727832794,0.46958357095718384,"tensor(0.2246, grad_fn=<MseLossBackward0>)",
1150,27.657028198242188,5.532642841339111,0.2765878736972809,0.8194111585617065,"tensor(0.1758, grad_fn=<MseLossBackward0>)",
1151,12.17961311340332,6.382950782775879,0.2758663594722748,0.19858108460903168,"tensor(0.1723, grad_fn=<MseLossBackward0>)",
1152,12.534146308898926,5.076434135437012,0.3570927381515503,0.13134023547172546,"tensor(0.2278, grad_fn=<MseLossBackward0>)",
1153,11.579937934875488,5.23719596862793,0.35768866539001465,0.09644527733325958,"tensor(0.1290, grad_fn=<MseLossBackward0>)",
1154,11.188331604003906,6.329860687255859,0.32247912883758545,0.112344890832901,"tensor(0.1883, grad_fn=<MseLossBackward0>)",
1155,10.641357421875,5.774392127990723,0.2989974617958069,0.11418057978153229,"tensor(0.2348, grad_fn=<MseLossBackward0>)",
1156,11.523690223693848,4.74421501159668,0.38103559613227844,0.06845079362392426,"tensor(0.2105, grad_fn=<MseLossBackward0>)",
1157,11.83182144165039,6.087264060974121,0.25613152980804443,0.20475031435489655,"tensor(0.2111, grad_fn=<MseLossBackward0>)",
1158,8.955703735351562,6.474736213684082,0.26797229051589966,0.07720979303121567,"tensor(0.2153, grad_fn=<MseLossBackward0>)",
1159,9.618810653686523,6.5461320877075195,0.29539039731025696,0.07915981113910675,"tensor(0.1680, grad_fn=<MseLossBackward0>)",
1160,14.958763122558594,5.712213516235352,0.3433961868286133,0.24218061566352844,"tensor(0.2250, grad_fn=<MseLossBackward0>)",
1161,13.810701370239258,5.880216598510742,0.26712921261787415,0.2679983973503113,"tensor(0.3343, grad_fn=<MseLossBackward0>)",
1162,12.702461242675781,5.922030925750732,0.34921932220458984,0.1459028720855713,"tensor(0.2075, grad_fn=<MseLossBackward0>)",
1163,15.904190063476562,6.372180461883545,0.21332569420337677,0.4116014838218689,"tensor(0.1846, grad_fn=<MseLossBackward0>)",
1164,8.169733047485352,6.404615879058838,0.2537359893321991,0.060569532215595245,"tensor(0.2274, grad_fn=<MseLossBackward0>)",
1165,11.073200225830078,6.81141996383667,0.22262310981750488,0.2058081328868866,"tensor(0.2915, grad_fn=<MseLossBackward0>)",
1166,8.309286117553711,6.277247905731201,0.25878801941871643,0.061076462268829346,"tensor(0.2287, grad_fn=<MseLossBackward0>)",
1167,14.384300231933594,5.748327255249023,0.3178597688674927,0.24589219689369202,"tensor(0.1801, grad_fn=<MseLossBackward0>)",
1168,12.230714797973633,6.991386890411377,0.2297612577676773,0.24392560124397278,"tensor(0.2979, grad_fn=<MseLossBackward0>)",
1169,10.467159271240234,7.07659387588501,0.2772594094276428,0.12434852868318558,"tensor(0.3273, grad_fn=<MseLossBackward0>)",
1170,8.35658073425293,6.988120079040527,0.261324942111969,0.058475565165281296,"tensor(0.2792, grad_fn=<MseLossBackward0>)",
1171,10.344417572021484,6.498031139373779,0.26267433166503906,0.13782650232315063,"tensor(0.2382, grad_fn=<MseLossBackward0>)",
1172,19.329763412475586,7.596974849700928,0.26346355676651,0.4954366981983185,"tensor(0.2509, grad_fn=<MseLossBackward0>)",
1173,9.412322998046875,6.705667972564697,0.2662828266620636,0.09754820168018341,"tensor(0.2463, grad_fn=<MseLossBackward0>)",
1174,12.48879623413086,9.009974479675293,0.24259841442108154,0.2392817735671997,"tensor(0.3236, grad_fn=<MseLossBackward0>)",
1175,9.52940559387207,7.836577415466309,0.24333494901657104,0.1260187029838562,"tensor(0.2183, grad_fn=<MseLossBackward0>)",
1176,9.337366104125977,6.419867038726807,0.25030118227005005,0.10594797134399414,"tensor(0.3343, grad_fn=<MseLossBackward0>)",
1177,10.396297454833984,7.080580711364746,0.2663569152355194,0.1362648457288742,"tensor(0.2444, grad_fn=<MseLossBackward0>)",
1178,10.168519973754883,6.276662826538086,0.24450889229774475,0.15107305347919464,"tensor(0.2052, grad_fn=<MseLossBackward0>)",
1179,10.119977951049805,6.493630886077881,0.23343122005462646,0.15861012041568756,"tensor(0.2620, grad_fn=<MseLossBackward0>)",
1180,9.82623291015625,6.7067742347717285,0.29100924730300903,0.08935728669166565,"tensor(0.2529, grad_fn=<MseLossBackward0>)",
1181,9.903419494628906,7.231165409088135,0.249969482421875,0.134139746427536,"tensor(0.2271, grad_fn=<MseLossBackward0>)",
1182,11.322931289672852,6.524264812469482,0.2946779131889343,0.14514334499835968,"tensor(0.2397, grad_fn=<MseLossBackward0>)",
1183,11.638080596923828,6.302530288696289,0.2474825084209442,0.2061503529548645,"tensor(0.2032, grad_fn=<MseLossBackward0>)",
1184,14.722606658935547,6.618917465209961,0.2980051338672638,0.2786419093608856,"tensor(0.2400, grad_fn=<MseLossBackward0>)",
1185,10.663259506225586,6.193929672241211,0.3428889513015747,0.07326951622962952,"tensor(0.1829, grad_fn=<MseLossBackward0>)",
1186,10.48661994934082,6.52052640914917,0.2552148401737213,0.1499955803155899,"tensor(0.2867, grad_fn=<MseLossBackward0>)",
1187,11.236783981323242,6.03201961517334,0.29795029759407043,0.13830208778381348,"tensor(0.2562, grad_fn=<MseLossBackward0>)",
1188,9.665246963500977,6.456060886383057,0.2548653781414032,0.12168730795383453,"tensor(0.1702, grad_fn=<MseLossBackward0>)",
1189,12.441560745239258,6.952728271484375,0.31733402609825134,0.16843242943286896,"tensor(0.1841, grad_fn=<MseLossBackward0>)",
1190,9.102088928222656,6.219723701477051,0.2275829017162323,0.12472032010555267,"tensor(0.1849, grad_fn=<MseLossBackward0>)",
1191,12.952173233032227,6.463953971862793,0.30693092942237854,0.1978030651807785,"tensor(0.2598, grad_fn=<MseLossBackward0>)",
1192,15.224557876586914,6.966700553894043,0.2845279276371002,0.3108747899532318,"tensor(0.2280, grad_fn=<MseLossBackward0>)",
1193,10.413375854492188,6.287520885467529,0.23024480044841766,0.17699529230594635,"tensor(0.1614, grad_fn=<MseLossBackward0>)",
1194,14.570886611938477,6.274598121643066,0.3119558095932007,0.2563268542289734,"tensor(0.2037, grad_fn=<MseLossBackward0>)",
1195,11.035722732543945,5.652345657348633,0.27563679218292236,0.15439586341381073,"tensor(0.1916, grad_fn=<MseLossBackward0>)",
1196,9.611783981323242,6.427004814147949,0.23103618621826172,0.14457973837852478,"tensor(0.1418, grad_fn=<MseLossBackward0>)",
1197,11.478961944580078,6.8089823722839355,0.2365986704826355,0.20785626769065857,"tensor(0.2551, grad_fn=<MseLossBackward0>)",
1198,10.499324798583984,6.9437336921691895,0.2422771006822586,0.16528847813606262,"tensor(0.2083, grad_fn=<MseLossBackward0>)",
1199,8.401374816894531,6.721508502960205,0.2673462927341461,0.05354265123605728,"tensor(0.2940, grad_fn=<MseLossBackward0>)",
1200,21.31663703918457,5.536355972290039,0.3148007392883301,0.52293860912323,"tensor(0.2474, grad_fn=<MseLossBackward0>)",
1201,8.13543701171875,6.459203720092773,0.24912667274475098,0.06427576392889023,"tensor(0.2339, grad_fn=<MseLossBackward0>)",
1202,11.432802200317383,5.485456943511963,0.3227090835571289,0.1221148818731308,"tensor(0.2099, grad_fn=<MseLossBackward0>)",
1203,14.295415878295898,7.25010871887207,0.23819972574710846,0.3243013620376587,"tensor(0.1518, grad_fn=<MseLossBackward0>)",
1204,7.785499095916748,6.799438953399658,0.2214038372039795,0.07702796906232834,"tensor(0.2343, grad_fn=<MseLossBackward0>)",
1205,7.866430759429932,6.808832168579102,0.2732943892478943,0.026316316798329353,"tensor(0.2863, grad_fn=<MseLossBackward0>)",
1206,8.305231094360352,6.541616916656494,0.24088017642498016,0.08122438192367554,"tensor(0.1841, grad_fn=<MseLossBackward0>)",
1207,10.483678817749023,6.527361869812012,0.26519912481307983,0.14279784262180328,"tensor(0.2089, grad_fn=<MseLossBackward0>)",
1208,11.646377563476562,6.0059590339660645,0.2760937511920929,0.17981424927711487,"tensor(0.1624, grad_fn=<MseLossBackward0>)",
1209,14.897993087768555,6.118732929229736,0.33370450139045715,0.25090983510017395,"tensor(0.1971, grad_fn=<MseLossBackward0>)",
1210,11.298894882202148,5.9555253982543945,0.27801981568336487,0.1616193950176239,"tensor(0.1971, grad_fn=<MseLossBackward0>)",
1211,9.693140029907227,6.144278526306152,0.28286588191986084,0.09504593163728714,"tensor(0.1782, grad_fn=<MseLossBackward0>)",
1212,12.903854370117188,7.2970290184021,0.32406923174858093,0.1812283992767334,"tensor(0.1738, grad_fn=<MseLossBackward0>)",
1213,8.52699089050293,6.976612567901611,0.23395191133022308,0.09265930205583572,"tensor(0.2813, grad_fn=<MseLossBackward0>)",
1214,8.684685707092285,6.50938606262207,0.2632848620414734,0.07281921058893204,"tensor(0.1767, grad_fn=<MseLossBackward0>)",
1215,8.397151947021484,6.491484642028809,0.22591720521450043,0.09801755845546722,"tensor(0.2235, grad_fn=<MseLossBackward0>)",
1216,8.79185676574707,6.68558406829834,0.29126548767089844,0.04638737067580223,"tensor(0.2669, grad_fn=<MseLossBackward0>)",
1217,9.198978424072266,6.794803142547607,0.2635596692562103,0.08829286694526672,"tensor(0.3070, grad_fn=<MseLossBackward0>)",
1218,12.17800521850586,6.362174034118652,0.2719603180885315,0.19979625940322876,"tensor(0.3148, grad_fn=<MseLossBackward0>)",
1219,8.034881591796875,6.274293899536133,0.21886380016803741,0.09200973808765411,"tensor(0.1932, grad_fn=<MseLossBackward0>)",
1220,11.92900276184082,5.585378170013428,0.32121461629867554,0.14479728043079376,"tensor(0.2102, grad_fn=<MseLossBackward0>)",
1221,11.986026763916016,6.699600696563721,0.2701247036457062,0.20187409222126007,"tensor(0.1260, grad_fn=<MseLossBackward0>)",
1222,19.61769676208496,6.682446479797363,0.31500592827796936,0.4565048813819885,"tensor(0.2609, grad_fn=<MseLossBackward0>)",
1223,9.988941192626953,5.762266159057617,0.2951923906803131,0.09247957170009613,"tensor(0.2318, grad_fn=<MseLossBackward0>)",
1224,10.96982192993164,5.580713272094727,0.3514277935028076,0.07495342195034027,"tensor(0.2353, grad_fn=<MseLossBackward0>)",
1225,13.437896728515625,6.700462341308594,0.27940478920936584,0.24431179463863373,"tensor(0.2663, grad_fn=<MseLossBackward0>)",
1226,10.94552230834961,6.610665798187256,0.363139808177948,0.06223118305206299,"tensor(0.2348, grad_fn=<MseLossBackward0>)",
1227,15.840585708618164,6.451779842376709,0.3284163773059845,0.2933652400970459,"tensor(0.2215, grad_fn=<MseLossBackward0>)",
1228,17.15536117553711,6.555932521820068,0.22858983278274536,0.44551482796669006,"tensor(0.2562, grad_fn=<MseLossBackward0>)",
1229,8.07524299621582,7.042367458343506,0.2615182101726532,0.047971487045288086,"tensor(0.2741, grad_fn=<MseLossBackward0>)",
1230,9.754941940307617,7.039226531982422,0.26000240445137024,0.11996151506900787,"tensor(0.1894, grad_fn=<MseLossBackward0>)",
1231,7.758063793182373,6.4581146240234375,0.22956885397434235,0.06798645853996277,"tensor(0.2205, grad_fn=<MseLossBackward0>)",
1232,15.977977752685547,5.112178802490234,0.26313263177871704,0.364050030708313,"tensor(0.2043, grad_fn=<MseLossBackward0>)",
1233,11.789548873901367,6.180494785308838,0.2922854423522949,0.1657806932926178,"tensor(0.2503, grad_fn=<MseLossBackward0>)",
1234,11.724634170532227,6.136354446411133,0.24195976555347443,0.2129915952682495,"tensor(0.2732, grad_fn=<MseLossBackward0>)",
1235,11.597015380859375,6.432040691375732,0.24937564134597778,0.2051953375339508,"tensor(0.1549, grad_fn=<MseLossBackward0>)",
1236,8.700937271118164,5.927889347076416,0.21708166599273682,0.11845989525318146,"tensor(0.2345, grad_fn=<MseLossBackward0>)",
1237,10.139078140258789,7.073465824127197,0.30732250213623047,0.08559766411781311,"tensor(0.2313, grad_fn=<MseLossBackward0>)",
1238,14.838592529296875,7.64989709854126,0.3291706144809723,0.2510324716567993,"tensor(0.2482, grad_fn=<MseLossBackward0>)",
1239,10.417154312133789,6.7243123054504395,0.25573909282684326,0.1461082398891449,"tensor(0.2872, grad_fn=<MseLossBackward0>)",
1240,12.44090461730957,6.3108673095703125,0.2719687819480896,0.21453025937080383,"tensor(0.1874, grad_fn=<MseLossBackward0>)",
1241,8.983970642089844,6.834478378295898,0.26668617129325867,0.07922369241714478,"tensor(0.2627, grad_fn=<MseLossBackward0>)",
1242,15.439373016357422,6.535070419311523,0.27845674753189087,0.32607609033584595,"tensor(0.2399, grad_fn=<MseLossBackward0>)",
1243,9.678216934204102,6.027145862579346,0.22037769854068756,0.15577253699302673,"tensor(0.2086, grad_fn=<MseLossBackward0>)",
1244,10.754817962646484,6.1940693855285645,0.26555222272872925,0.15637578070163727,"tensor(0.1321, grad_fn=<MseLossBackward0>)",
1245,9.335981369018555,6.176272392272949,0.28097599744796753,0.08105301111936569,"tensor(0.1992, grad_fn=<MseLossBackward0>)",
1246,8.56418228149414,6.474958419799805,0.24456100165843964,0.08742496371269226,"tensor(0.1746, grad_fn=<MseLossBackward0>)",
1247,9.590431213378906,6.354465007781982,0.20944000780582428,0.16013209521770477,"tensor(0.2344, grad_fn=<MseLossBackward0>)",
1248,9.006820678710938,6.327226161956787,0.2076559215784073,0.1399650275707245,"tensor(0.2037, grad_fn=<MseLossBackward0>)",
1249,12.134401321411133,7.463596343994141,0.2970768213272095,0.17293375730514526,"tensor(0.2435, grad_fn=<MseLossBackward0>)",
1250,16.515579223632812,6.152265548706055,0.31413862109184265,0.33301830291748047,"tensor(0.1905, grad_fn=<MseLossBackward0>)",
1251,9.881490707397461,6.6039228439331055,0.23714613914489746,0.14375850558280945,"tensor(0.2121, grad_fn=<MseLossBackward0>)",
1252,11.949935913085938,6.773273468017578,0.2651205360889435,0.19605161249637604,"tensor(0.2452, grad_fn=<MseLossBackward0>)",
1253,12.086570739746094,5.774940490722656,0.2802127003669739,0.19260604679584503,"tensor(0.1454, grad_fn=<MseLossBackward0>)",
1254,13.865610122680664,6.925027847290039,0.21229085326194763,0.32478171586990356,"tensor(0.3052, grad_fn=<MseLossBackward0>)",
1255,13.242639541625977,5.891180038452148,0.34019774198532104,0.17390984296798706,"tensor(0.2635, grad_fn=<MseLossBackward0>)",
1256,9.00729751586914,5.858415603637695,0.2528822422027588,0.09496070444583893,"tensor(0.1954, grad_fn=<MseLossBackward0>)",
1257,8.52672004699707,6.50246524810791,0.24793535470962524,0.08066819608211517,"tensor(0.2160, grad_fn=<MseLossBackward0>)",
1258,10.461891174316406,6.7300519943237305,0.25393402576446533,0.15021663904190063,"tensor(0.2177, grad_fn=<MseLossBackward0>)",
1259,11.210716247558594,6.514858245849609,0.22762206196784973,0.20676791667938232,"tensor(0.2592, grad_fn=<MseLossBackward0>)",
1260,8.245851516723633,6.589369773864746,0.20824028551578522,0.10849021375179291,"tensor(0.2393, grad_fn=<MseLossBackward0>)",
1261,10.970205307006836,7.27471923828125,0.25586751103401184,0.17110879719257355,"tensor(0.1942, grad_fn=<MseLossBackward0>)",
1262,9.257530212402344,6.569185256958008,0.28168153762817383,0.07781197130680084,"tensor(0.1660, grad_fn=<MseLossBackward0>)",
1263,9.135675430297852,6.958001136779785,0.22846348583698273,0.12614649534225464,"tensor(0.2034, grad_fn=<MseLossBackward0>)",
1264,8.450611114501953,7.147128582000732,0.28620511293411255,0.037060730159282684,"tensor(0.2654, grad_fn=<MseLossBackward0>)",
1265,8.24370288848877,5.894547462463379,0.24497166275978088,0.07456251978874207,"tensor(0.1916, grad_fn=<MseLossBackward0>)",
1266,11.432775497436523,7.615164279937744,0.2386416792869568,0.2052736133337021,"tensor(0.2337, grad_fn=<MseLossBackward0>)",
1267,13.944795608520508,7.622629642486572,0.22208601236343384,0.32290056347846985,"tensor(0.2177, grad_fn=<MseLossBackward0>)",
1268,7.178892612457275,7.336644649505615,0.2227678745985031,0.04967956990003586,"tensor(0.2873, grad_fn=<MseLossBackward0>)",
1269,9.526824951171875,7.166844844818115,0.2783951461315155,0.09207500517368317,"tensor(0.1835, grad_fn=<MseLossBackward0>)",
1270,8.089349746704102,7.229762077331543,0.23068852722644806,0.07499127089977264,"tensor(0.3464, grad_fn=<MseLossBackward0>)",
1271,10.49837875366211,6.828232765197754,0.2620440125465393,0.1435302495956421,"tensor(0.2116, grad_fn=<MseLossBackward0>)",
1272,9.177675247192383,6.449973106384277,0.21360458433628082,0.13931845128536224,"tensor(0.2715, grad_fn=<MseLossBackward0>)",
1273,12.462108612060547,7.038148403167725,0.22800105810165405,0.2567729353904724,"tensor(0.2653, grad_fn=<MseLossBackward0>)",
1274,7.535562038421631,5.999356746673584,0.2121785283088684,0.07726305723190308,"tensor(0.2103, grad_fn=<MseLossBackward0>)",
1275,15.485103607177734,6.399221420288086,0.28451454639434814,0.32009923458099365,"tensor(0.2479, grad_fn=<MseLossBackward0>)",
1276,9.381875991821289,7.770458221435547,0.2570469081401825,0.10621754825115204,"tensor(0.1834, grad_fn=<MseLossBackward0>)",
1277,10.178232192993164,6.176547050476074,0.3094518780708313,0.083743616938591,"tensor(0.2587, grad_fn=<MseLossBackward0>)",
1278,11.967212677001953,6.4936394691467285,0.2811182737350464,0.18595893681049347,"tensor(0.2133, grad_fn=<MseLossBackward0>)",
1279,12.888113021850586,6.74827241897583,0.2791043519973755,0.22573012113571167,"tensor(0.1721, grad_fn=<MseLossBackward0>)",
1280,8.687692642211914,6.621924877166748,0.23962228000164032,0.09513593465089798,"tensor(0.2030, grad_fn=<MseLossBackward0>)",
1281,8.660253524780273,6.088809490203857,0.26471611857414246,0.0710822269320488,"tensor(0.1681, grad_fn=<MseLossBackward0>)",
1282,9.59943962097168,6.565760135650635,0.18848054111003876,0.1819976419210434,"tensor(0.2386, grad_fn=<MseLossBackward0>)",
1283,8.97537612915039,7.118322372436523,0.22950883209705353,0.11514662206172943,"tensor(0.2700, grad_fn=<MseLossBackward0>)",
1284,11.167852401733398,6.476166248321533,0.2635806202888489,0.1679949015378952,"tensor(0.2445, grad_fn=<MseLossBackward0>)",
1285,10.274723052978516,5.7235331535339355,0.2035408318042755,0.19136182963848114,"tensor(0.2756, grad_fn=<MseLossBackward0>)",
1286,8.949779510498047,7.189174652099609,0.22728848457336426,0.11214842647314072,"tensor(0.2735, grad_fn=<MseLossBackward0>)",
1287,8.016361236572266,6.921195030212402,0.24812676012516022,0.055891409516334534,"tensor(0.3028, grad_fn=<MseLossBackward0>)",
1288,6.918793201446533,6.448016166687012,0.20100396871566772,0.06204179674386978,"tensor(0.2158, grad_fn=<MseLossBackward0>)",
1289,8.912817001342773,7.055143356323242,0.2280939221382141,0.11473129689693451,"tensor(0.2195, grad_fn=<MseLossBackward0>)",
1290,10.996225357055664,7.0499091148376465,0.18756090104579926,0.23766544461250305,"tensor(0.2304, grad_fn=<MseLossBackward0>)",
1291,8.228473663330078,7.172084808349609,0.2043311595916748,0.10671775788068771,"tensor(0.2373, grad_fn=<MseLossBackward0>)",
1292,9.770992279052734,7.415752410888672,0.17052064836025238,0.20314446091651917,"tensor(0.2149, grad_fn=<MseLossBackward0>)",
1293,7.507775783538818,7.032482624053955,0.18186135590076447,0.10415109246969223,"tensor(0.2242, grad_fn=<MseLossBackward0>)",
1294,7.834188938140869,7.988735675811768,0.2583606541156769,0.041335053741931915,"tensor(0.2101, grad_fn=<MseLossBackward0>)",
1295,9.938735961914062,7.772850036621094,0.16031788289546967,0.22390064597129822,"tensor(0.1796, grad_fn=<MseLossBackward0>)",
1296,17.316505432128906,8.244955062866211,0.2859082818031311,0.3916332721710205,"tensor(0.2367, grad_fn=<MseLossBackward0>)",
1297,5.4425859451293945,8.308237075805664,0.16623979806900024,0.03436658903956413,"tensor(0.2662, grad_fn=<MseLossBackward0>)",
1298,16.982074737548828,8.60464096069336,0.1530364751815796,0.5091242790222168,"tensor(0.2716, grad_fn=<MseLossBackward0>)",
1299,11.302522659301758,7.3184709548950195,0.11567743867635727,0.31903600692749023,"tensor(0.2109, grad_fn=<MseLossBackward0>)",
1300,10.482869148254395,8.38901424407959,0.20647257566452026,0.1965647041797638,"tensor(0.2554, grad_fn=<MseLossBackward0>)",
1301,7.5108232498168945,8.720830917358398,0.14191828668117523,0.13995572924613953,"tensor(0.2782, grad_fn=<MseLossBackward0>)",
1302,6.43047571182251,7.73813533782959,0.1432875394821167,0.09347809851169586,"tensor(0.3062, grad_fn=<MseLossBackward0>)",
1303,8.472223281860352,7.985407829284668,0.22118449211120605,0.10061917454004288,"tensor(0.2690, grad_fn=<MseLossBackward0>)",
1304,11.763256072998047,7.67152214050293,0.15168283879756927,0.3003195822238922,"tensor(0.2362, grad_fn=<MseLossBackward0>)",
1305,15.408828735351562,8.058858871459961,0.1322861611843109,0.4692310392856598,"tensor(0.2233, grad_fn=<MseLossBackward0>)",
1306,45.71818542480469,6.980844497680664,0.10473406314849854,1.7037912607192993,"tensor(0.2654, grad_fn=<MseLossBackward0>)",
1307,7.152648448944092,7.901163578033447,0.06722911447286606,0.201649010181427,"tensor(0.1947, grad_fn=<MseLossBackward0>)",
1308,8.097867965698242,7.773188591003418,0.07673799991607666,0.22583891451358795,"tensor(0.2869, grad_fn=<MseLossBackward0>)",
1309,7.819036483764648,7.144730091094971,0.09575601667165756,0.19598577916622162,"tensor(0.2991, grad_fn=<MseLossBackward0>)",
1310,7.244085311889648,6.1834330558776855,0.09295773506164551,0.17933891713619232,"tensor(0.2214, grad_fn=<MseLossBackward0>)",
1311,8.935264587402344,7.033987522125244,0.1096932664513588,0.22649070620536804,"tensor(0.2775, grad_fn=<MseLossBackward0>)",
1312,11.301729202270508,6.5341267585754395,0.04498906806111336,0.3863646984100342,"tensor(0.2209, grad_fn=<MseLossBackward0>)",
1313,4.557865619659424,7.581757068634033,0.0823248028755188,0.07972928881645203,"tensor(0.2109, grad_fn=<MseLossBackward0>)",
1314,9.73996353149414,6.879020690917969,0.061523593962192535,0.30485355854034424,"tensor(0.2140, grad_fn=<MseLossBackward0>)",
1315,8.53681468963623,5.50380277633667,0.16747337579727173,0.1523803472518921,"tensor(0.2608, grad_fn=<MseLossBackward0>)",
1316,10.730358123779297,5.89458703994751,0.08030682802200317,0.330600768327713,"tensor(0.1947, grad_fn=<MseLossBackward0>)",
1317,5.235298156738281,6.034226894378662,0.07657291740179062,0.11577928811311722,"tensor(0.1992, grad_fn=<MseLossBackward0>)",
1318,23.768465042114258,6.474315166473389,0.013860185630619526,0.9082961678504944,"tensor(0.1903, grad_fn=<MseLossBackward0>)",
1319,9.067042350769043,5.697198867797852,0.04751700162887573,0.28534096479415894,"tensor(0.2102, grad_fn=<MseLossBackward0>)",
1320,4.356760025024414,5.245156288146973,0.11699305474758148,0.03180842846632004,"tensor(0.1909, grad_fn=<MseLossBackward0>)",
1321,7.3373637199401855,6.588321208953857,0.11210010945796967,0.14604640007019043,"tensor(0.2387, grad_fn=<MseLossBackward0>)",
1322,3.7711896896362305,6.4198479652404785,0.04286259412765503,0.08457277715206146,"tensor(0.2232, grad_fn=<MseLossBackward0>)",
1323,7.517462730407715,4.932592391967773,0.07863849401473999,0.19347044825553894,"tensor(0.2197, grad_fn=<MseLossBackward0>)",
1324,7.787590503692627,5.163195610046387,0.13087822496891022,0.14002951979637146,"tensor(0.2801, grad_fn=<MseLossBackward0>)",
1325,7.523085594177246,5.090763568878174,0.19781289994716644,0.07598928362131119,"tensor(0.1605, grad_fn=<MseLossBackward0>)",
1326,8.766555786132812,5.34974479675293,0.11890727281570435,0.21309664845466614,"tensor(0.2221, grad_fn=<MseLossBackward0>)",
1327,18.427095413208008,6.332213878631592,0.18122804164886475,0.5394635200500488,"tensor(0.1767, grad_fn=<MseLossBackward0>)",
1328,7.842353820800781,4.933854103088379,0.04885508865118027,0.24850571155548096,"tensor(0.1670, grad_fn=<MseLossBackward0>)",
1329,4.9329447746276855,5.40699577331543,0.08337713778018951,0.08940348029136658,"tensor(0.2937, grad_fn=<MseLossBackward0>)",
1330,7.214653491973877,6.0019211769104,0.18656551837921143,0.07877859473228455,"tensor(0.2572, grad_fn=<MseLossBackward0>)",
1331,11.375093460083008,5.976782321929932,0.07756644487380981,0.35433229804039,"tensor(0.2735, grad_fn=<MseLossBackward0>)",
1332,9.510414123535156,5.287652015686035,0.07538910210132599,0.28699570894241333,"tensor(0.1756, grad_fn=<MseLossBackward0>)",
1333,6.550765037536621,5.1657609939575195,0.10712498426437378,0.1345188021659851,"tensor(0.1702, grad_fn=<MseLossBackward0>)",
1334,8.104425430297852,4.555384635925293,0.1884669065475464,0.11178255081176758,"tensor(0.1854, grad_fn=<MseLossBackward0>)",
1335,8.504016876220703,4.662187099456787,0.15856975317001343,0.16226693987846375,"tensor(0.2020, grad_fn=<MseLossBackward0>)",
1336,3.18735933303833,5.568397521972656,0.07269167900085449,0.02927609533071518,"tensor(0.1790, grad_fn=<MseLossBackward0>)",
1337,15.70124626159668,6.223123550415039,0.03667382523417473,0.5505465269088745,"tensor(0.2480, grad_fn=<MseLossBackward0>)",
1338,8.805368423461914,6.7752180099487305,0.020661553367972374,0.29763951897621155,"tensor(0.2084, grad_fn=<MseLossBackward0>)",
1339,11.233182907104492,6.528161525726318,0.0,0.41797885298728943,"tensor(0.2202, grad_fn=<MseLossBackward0>)",
1340,8.164182662963867,6.080193042755127,0.10937271267175674,0.18954119086265564,"tensor(0.1661, grad_fn=<MseLossBackward0>)",
1341,4.661743640899658,7.008666038513184,0.0,0.1591881662607193,"tensor(0.2470, grad_fn=<MseLossBackward0>)",
1342,8.705286026000977,6.393855094909668,0.0,0.32513004541397095,"tensor(0.2509, grad_fn=<MseLossBackward0>)",
1343,4.8672871589660645,6.560252666473389,0.060700636357069016,0.10447496175765991,"tensor(0.3017, grad_fn=<MseLossBackward0>)",
1344,8.376441955566406,7.487277507781982,0.0,0.3156805634498596,"tensor(0.1985, grad_fn=<MseLossBackward0>)",
1345,6.496689319610596,7.2223992347717285,0.04786529392004013,0.1940830796957016,"tensor(0.2092, grad_fn=<MseLossBackward0>)",
1346,3.744173049926758,7.164198875427246,0.04877183958888054,0.08099568635225296,"tensor(0.2534, grad_fn=<MseLossBackward0>)",
1347,2.8269457817077637,7.167299747467041,0.013031085953116417,0.07956018298864365,"tensor(0.2028, grad_fn=<MseLossBackward0>)",
1348,2.6110591888427734,7.851736545562744,0.007911483757197857,0.07361003756523132,"tensor(0.2365, grad_fn=<MseLossBackward0>)",
1349,6.9528374671936035,7.441498279571533,0.23862287402153015,0.016738031059503555,"tensor(0.1561, grad_fn=<MseLossBackward0>)",
1350,6.30783224105835,8.124048233032227,0.08905363082885742,0.14523935317993164,"tensor(0.2328, grad_fn=<MseLossBackward0>)",
1351,8.008835792541504,8.742185592651367,0.11110647767782211,0.18128274381160736,"tensor(0.2276, grad_fn=<MseLossBackward0>)",
1352,8.379186630249023,7.2538909912109375,0.06711374223232269,0.24286465346813202,"tensor(0.2050, grad_fn=<MseLossBackward0>)",
1353,7.919663429260254,9.300549507141113,0.16077059507369995,0.12828531861305237,"tensor(0.2952, grad_fn=<MseLossBackward0>)",
1354,8.415672302246094,7.18498420715332,0.06337634474039078,0.24697813391685486,"tensor(0.2311, grad_fn=<MseLossBackward0>)",
1355,6.2028937339782715,6.876578330993652,0.0,0.22513839602470398,"tensor(0.2232, grad_fn=<MseLossBackward0>)",
1356,12.075532913208008,8.082427024841309,0.07489470392465591,0.38233482837677,"tensor(0.3551, grad_fn=<MseLossBackward0>)",
1357,14.537483215332031,7.197580337524414,0.05001971870660782,0.5025577545166016,"tensor(0.2119, grad_fn=<MseLossBackward0>)",
1358,21.5828800201416,7.798710823059082,0.039794743061065674,0.7959975004196167,"tensor(0.2453, grad_fn=<MseLossBackward0>)",
1359,6.016058444976807,5.888250350952148,0.032712459564208984,0.17979170382022858,"tensor(0.2200, grad_fn=<MseLossBackward0>)",
1360,6.588449478149414,5.905587673187256,0.08052124083042145,0.152532160282135,"tensor(0.2502, grad_fn=<MseLossBackward0>)",
1361,5.974337100982666,5.9592366218566895,0.07192560285329819,0.13528089225292206,"tensor(0.2570, grad_fn=<MseLossBackward0>)",
1362,5.45460319519043,6.095919132232666,0.026741504669189453,0.15725761651992798,"tensor(0.1989, grad_fn=<MseLossBackward0>)",
1363,4.273426532745361,6.714505195617676,0.06495146453380585,0.07594912499189377,"tensor(0.1878, grad_fn=<MseLossBackward0>)",
1364,7.467586994171143,5.566758155822754,0.08891727775335312,0.1881653070449829,"tensor(0.1782, grad_fn=<MseLossBackward0>)",
1365,5.372396469116211,6.4468865394592285,0.059604305773973465,0.13381560146808624,"tensor(0.1683, grad_fn=<MseLossBackward0>)",
1366,4.660202503204346,6.762740135192871,0.04176664352416992,0.12000832706689835,"tensor(0.2450, grad_fn=<MseLossBackward0>)",
1367,3.8702359199523926,6.026862144470215,0.061775028705596924,0.07244020700454712,"tensor(0.2607, grad_fn=<MseLossBackward0>)",
1368,2.567159652709961,6.040399551391602,0.05071268603205681,0.033744752407073975,"tensor(0.2340, grad_fn=<MseLossBackward0>)",
1369,9.159561157226562,6.533702850341797,0.11707563698291779,0.23331837356090546,"tensor(0.2382, grad_fn=<MseLossBackward0>)",
1370,5.368505477905273,6.733584403991699,0.10823190212249756,0.09082329273223877,"tensor(0.2352, grad_fn=<MseLossBackward0>)",
1371,9.857614517211914,5.806638240814209,0.0,0.3774562478065491,"tensor(0.1899, grad_fn=<MseLossBackward0>)",
1372,5.127636432647705,6.063870906829834,0.09932450950145721,0.08878014236688614,"tensor(0.1750, grad_fn=<MseLossBackward0>)",
1373,7.582456111907959,6.743453025817871,0.12202318012714386,0.1606203317642212,"tensor(0.2254, grad_fn=<MseLossBackward0>)",
1374,4.757072925567627,7.068763732910156,0.050012923777103424,0.11774545162916183,"tensor(0.2941, grad_fn=<MseLossBackward0>)",
1375,7.197700500488281,6.617002964019775,0.04342411085963249,0.22484952211380005,"tensor(0.2169, grad_fn=<MseLossBackward0>)",
1376,9.079591751098633,6.969520568847656,0.05197876691818237,0.287029504776001,"tensor(0.2254, grad_fn=<MseLossBackward0>)",
1377,2.8890767097473145,6.333995342254639,0.0188229288905859,0.0729386955499649,"tensor(0.2401, grad_fn=<MseLossBackward0>)",
1378,9.013320922851562,5.737038612365723,0.07437896728515625,0.267433226108551,"tensor(0.1943, grad_fn=<MseLossBackward0>)",
1379,4.394726276397705,7.664778709411621,0.023750225082039833,0.1293714940547943,"tensor(0.2405, grad_fn=<MseLossBackward0>)",
1380,4.480297088623047,7.150694847106934,0.05358268693089485,0.10208360850811005,"tensor(0.2061, grad_fn=<MseLossBackward0>)",
1381,8.224214553833008,5.099094390869141,0.02534683607518673,0.28663766384124756,"tensor(0.1370, grad_fn=<MseLossBackward0>)",
1382,4.0572686195373535,6.695136547088623,0.04335685446858406,0.09385900944471359,"tensor(0.2104, grad_fn=<MseLossBackward0>)",
1383,3.5302767753601074,7.357130527496338,0.0009578863973729312,0.11772841215133667,"tensor(0.2049, grad_fn=<MseLossBackward0>)",
1384,4.724606037139893,6.437290191650391,0.0902533307671547,0.08150438964366913,"tensor(0.1740, grad_fn=<MseLossBackward0>)",
1385,5.471076488494873,6.537889003753662,0.03638891503214836,0.16272209584712982,"tensor(0.2039, grad_fn=<MseLossBackward0>)",
1386,3.5682053565979004,6.589176177978516,0.0,0.1252126544713974,"tensor(0.1680, grad_fn=<MseLossBackward0>)",
1387,7.466339111328125,6.133155345916748,0.09555201232433319,0.18133026361465454,"tensor(0.2093, grad_fn=<MseLossBackward0>)",
1388,5.579784870147705,5.805872917175293,0.04689955711364746,0.155217707157135,"tensor(0.2107, grad_fn=<MseLossBackward0>)",
1389,5.795316696166992,6.126890659332275,0.11293375492095947,0.10197250545024872,"tensor(0.2086, grad_fn=<MseLossBackward0>)",
1390,7.751809597015381,5.36752462387085,0.15377186238765717,0.13968481123447418,"tensor(0.1884, grad_fn=<MseLossBackward0>)",
1391,5.7946295738220215,6.604532718658447,0.07235459238290787,0.14357951283454895,"tensor(0.1976, grad_fn=<MseLossBackward0>)",
1392,8.223520278930664,8.011567115783691,0.015726109966635704,0.2955043911933899,"tensor(0.2053, grad_fn=<MseLossBackward0>)",
1393,5.1728363037109375,7.844935417175293,0.06579307466745377,0.12440624833106995,"tensor(0.1831, grad_fn=<MseLossBackward0>)",
1394,6.814120769500732,6.349912166595459,0.17718100547790527,0.07978186011314392,"tensor(0.2397, grad_fn=<MseLossBackward0>)",
1395,3.2147746086120605,6.890542507171631,0.04976564645767212,0.061104681342840195,"tensor(0.2295, grad_fn=<MseLossBackward0>)",
1396,2.372528553009033,7.08158540725708,0.029104113578796387,0.0486593022942543,"tensor(0.2256, grad_fn=<MseLossBackward0>)",
1397,6.948797702789307,7.24823522567749,0.06198205426335335,0.19746792316436768,"tensor(0.2591, grad_fn=<MseLossBackward0>)",
1398,4.6897969245910645,7.5545334815979,0.029086312279105186,0.14173190295696259,"tensor(0.1998, grad_fn=<MseLossBackward0>)",
1399,3.4026217460632324,6.764023780822754,0.004118422511965036,0.11175994575023651,"tensor(0.1838, grad_fn=<MseLossBackward0>)",
1400,4.471543788909912,7.404172420501709,0.018602469936013222,0.1375797688961029,"tensor(0.2598, grad_fn=<MseLossBackward0>)",
1401,4.1464433670043945,6.699372291564941,0.05128204822540283,0.09367359429597855,"tensor(0.2251, grad_fn=<MseLossBackward0>)",
1402,35.423309326171875,7.076819896697998,0.08780179917812347,1.3100779056549072,"tensor(0.2499, grad_fn=<MseLossBackward0>)",
1403,16.123153686523438,7.543339252471924,0.03156902268528938,0.5929915904998779,"tensor(0.1795, grad_fn=<MseLossBackward0>)",
1404,11.88337516784668,7.999536037445068,0.04597626253962517,0.41084516048431396,"tensor(0.1720, grad_fn=<MseLossBackward0>)",
1405,6.114546298980713,7.428377628326416,0.008143504150211811,0.2138664722442627,"tensor(0.2071, grad_fn=<MseLossBackward0>)",
1406,7.088839054107666,7.7569146156311035,0.0,0.2651500999927521,"tensor(0.1897, grad_fn=<MseLossBackward0>)",
1407,5.586748123168945,7.772157669067383,0.0,0.20226047933101654,"tensor(0.2480, grad_fn=<MseLossBackward0>)",
1408,4.168644428253174,7.713240146636963,0.0,0.1476278156042099,"tensor(0.1988, grad_fn=<MseLossBackward0>)",
1409,2.9779162406921387,6.932811260223389,0.05670428276062012,0.04604711756110191,"tensor(0.2018, grad_fn=<MseLossBackward0>)",
1410,3.565661907196045,7.868930339813232,0.05153469368815422,0.07036683708429337,"tensor(0.2986, grad_fn=<MseLossBackward0>)",
1411,4.693691253662109,7.4783101081848145,0.05963508412241936,0.11437826603651047,"tensor(0.1746, grad_fn=<MseLossBackward0>)",
1412,4.693858623504639,8.01301097869873,0.10332842171192169,0.06750306487083435,"tensor(0.2540, grad_fn=<MseLossBackward0>)",
1413,12.530242919921875,8.238149642944336,0.06962776184082031,0.41410666704177856,"tensor(0.2579, grad_fn=<MseLossBackward0>)",
1414,14.716390609741211,7.28387975692749,0.07773389667272568,0.4901380240917206,"tensor(0.2957, grad_fn=<MseLossBackward0>)",
1415,8.04975700378418,7.19345760345459,0.05269656702876091,0.2525053322315216,"tensor(0.2463, grad_fn=<MseLossBackward0>)",
1416,7.40147066116333,5.92444372177124,0.13811394572257996,0.14091821014881134,"tensor(0.2615, grad_fn=<MseLossBackward0>)",
1417,4.24508810043335,7.071626663208008,0.07285116612911224,0.07875900715589523,"tensor(0.2548, grad_fn=<MseLossBackward0>)",
1418,5.875074863433838,6.808148384094238,0.009621401317417622,0.20604032278060913,"tensor(0.2926, grad_fn=<MseLossBackward0>)",
1419,5.770568370819092,6.334909915924072,0.06839416176080704,0.14635393023490906,"tensor(0.2395, grad_fn=<MseLossBackward0>)",
1420,6.97144079208374,6.310220241546631,0.10623741149902344,0.15609420835971832,"tensor(0.1745, grad_fn=<MseLossBackward0>)",
1421,6.780956745147705,6.250270843505859,0.051002420485019684,0.202644944190979,"tensor(0.2378, grad_fn=<MseLossBackward0>)",
1422,4.240919589996338,7.236996173858643,0.03288000822067261,0.11575402319431305,"tensor(0.2101, grad_fn=<MseLossBackward0>)",
1423,3.578385829925537,6.676961421966553,0.03380846977233887,0.09213794767856598,"tensor(0.2036, grad_fn=<MseLossBackward0>)",
1424,14.368009567260742,7.666305065155029,0.02562294341623783,0.5312870740890503,"tensor(0.1623, grad_fn=<MseLossBackward0>)",
1425,8.064927101135254,8.413354873657227,0.05558377504348755,0.24403560161590576,"tensor(0.2179, grad_fn=<MseLossBackward0>)",
1426,12.145099639892578,7.173239707946777,0.004208803176879883,0.4601229131221771,"tensor(0.1912, grad_fn=<MseLossBackward0>)",
1427,8.737768173217773,6.9617719650268555,0.09847982972860336,0.23425419628620148,"tensor(0.1661, grad_fn=<MseLossBackward0>)",
1428,4.434354782104492,6.781346321105957,0.057982366532087326,0.0968146100640297,"tensor(0.2535, grad_fn=<MseLossBackward0>)",
1429,22.54576873779297,7.913440704345703,0.004763325210660696,0.8770027160644531,"tensor(0.1727, grad_fn=<MseLossBackward0>)",
1430,13.892263412475586,6.467157363891602,0.0,0.5371678471565247,"tensor(0.2190, grad_fn=<MseLossBackward0>)",
1431,5.770927429199219,6.653001308441162,0.11491268873214722,0.09753254055976868,"tensor(0.2052, grad_fn=<MseLossBackward0>)",
1432,8.332320213317871,8.444366455078125,0.026306629180908203,0.2901313304901123,"tensor(0.2075, grad_fn=<MseLossBackward0>)",
1433,6.4330644607543945,6.534829139709473,0.09931331872940063,0.1417151242494583,"tensor(0.1858, grad_fn=<MseLossBackward0>)",
1434,4.827085018157959,7.987423419952393,0.11361825466156006,0.06264018267393112,"tensor(0.1923, grad_fn=<MseLossBackward0>)",
1435,7.6159796714782715,7.848966598510742,0.19214193522930145,0.09853650629520416,"tensor(0.2005, grad_fn=<MseLossBackward0>)",
1436,7.397573947906494,6.072925090789795,0.13176386058330536,0.1521543562412262,"tensor(0.1685, grad_fn=<MseLossBackward0>)",
1437,8.317416191101074,8.444790840148926,0.1782642900943756,0.14173473417758942,"tensor(0.1601, grad_fn=<MseLossBackward0>)",
1438,6.819640636444092,7.740886211395264,0.14417916536331177,0.11656752228736877,"tensor(0.1523, grad_fn=<MseLossBackward0>)",
1439,11.341070175170898,6.906708717346191,0.16190409660339355,0.279676228761673,"tensor(0.2098, grad_fn=<MseLossBackward0>)",
1440,8.96792984008789,7.720729827880859,0.11838024854660034,0.22423429787158966,"tensor(0.2723, grad_fn=<MseLossBackward0>)",
1441,6.340281009674072,6.684106826782227,0.10752946138381958,0.13128289580345154,"tensor(0.2147, grad_fn=<MseLossBackward0>)",
1442,2.13065242767334,6.798378944396973,0.05291781574487686,0.016514969989657402,"tensor(0.2155, grad_fn=<MseLossBackward0>)",
1443,2.339130401611328,7.401091575622559,0.007069210056215525,0.06926305592060089,"tensor(0.2395, grad_fn=<MseLossBackward0>)",
1444,5.90470552444458,6.301799297332764,0.08372502028942108,0.13957151770591736,"tensor(0.1937, grad_fn=<MseLossBackward0>)",
1445,7.1569647789001465,6.920510292053223,0.015617886558175087,0.2512247562408447,"tensor(0.2266, grad_fn=<MseLossBackward0>)",
1446,10.081205368041992,8.059775352478027,0.06623003631830215,0.32042667269706726,"tensor(0.1799, grad_fn=<MseLossBackward0>)",
1447,9.061718940734863,6.866656303405762,0.0,0.3461669683456421,"tensor(0.2047, grad_fn=<MseLossBackward0>)",
1448,12.326347351074219,6.685547351837158,0.026637574657797813,0.4498668611049652,"tensor(0.1983, grad_fn=<MseLossBackward0>)",
1449,3.840366840362549,7.773672580718994,0.0,0.13866256177425385,"tensor(0.1454, grad_fn=<MseLossBackward0>)",
1450,1.6010661125183105,7.408024787902832,0.007007817272096872,0.04130879044532776,"tensor(0.2287, grad_fn=<MseLossBackward0>)",
1451,4.475241184234619,8.235233306884766,0.01808055303990841,0.14131733775138855,"tensor(0.2058, grad_fn=<MseLossBackward0>)",
1452,3.96879243850708,7.706908702850342,0.04991292953491211,0.09320536255836487,"tensor(0.2080, grad_fn=<MseLossBackward0>)",
1453,4.6456685066223145,7.797215938568115,0.034179866313934326,0.13129578530788422,"tensor(0.3099, grad_fn=<MseLossBackward0>)",
1454,2.525412082672119,6.850030899047852,0.01919831894338131,0.065229132771492,"tensor(0.2231, grad_fn=<MseLossBackward0>)",
1455,6.866023540496826,8.085702896118164,0.07595455646514893,0.18453393876552582,"tensor(0.1926, grad_fn=<MseLossBackward0>)",
1456,8.564399719238281,8.177330017089844,0.04664123058319092,0.28092554211616516,"tensor(0.2276, grad_fn=<MseLossBackward0>)",
1457,7.100239276885986,8.080914497375488,0.01967533305287361,0.24697549641132355,"tensor(0.2331, grad_fn=<MseLossBackward0>)",
1458,5.4979424476623535,7.742513656616211,0.07326769828796387,0.1279749721288681,"tensor(0.3330, grad_fn=<MseLossBackward0>)",
1459,3.780834197998047,8.451977729797363,0.08144887536764145,0.05394314229488373,"tensor(0.2665, grad_fn=<MseLossBackward0>)",
1460,4.760903835296631,6.790386199951172,0.10178059339523315,0.07704145461320877,"tensor(0.1642, grad_fn=<MseLossBackward0>)",
1461,4.629573822021484,7.413341045379639,0.10088441520929337,0.06822635978460312,"tensor(0.2535, grad_fn=<MseLossBackward0>)",
1462,10.161712646484375,7.641467094421387,0.14156080782413483,0.2504110336303711,"tensor(0.2436, grad_fn=<MseLossBackward0>)",
1463,7.799989223480225,6.126709461212158,0.08379069715738297,0.21245403587818146,"tensor(0.2076, grad_fn=<MseLossBackward0>)",
1464,9.691133499145508,6.579636096954346,0.06512655317783356,0.30314531922340393,"tensor(0.3058, grad_fn=<MseLossBackward0>)",
1465,7.8463134765625,7.861141681671143,0.12396270036697388,0.17533811926841736,"tensor(0.2245, grad_fn=<MseLossBackward0>)",
1466,5.930147647857666,7.397157192230225,0.015145977027714252,0.20731121301651,"tensor(0.2020, grad_fn=<MseLossBackward0>)",
1467,8.622177124023438,8.137447357177734,0.0,0.3274228572845459,"tensor(0.2179, grad_fn=<MseLossBackward0>)",
1468,7.9677324295043945,6.9546966552734375,0.04722682759165764,0.2567540407180786,"tensor(0.1934, grad_fn=<MseLossBackward0>)",
1469,14.912185668945312,7.34910774230957,0.03995096683502197,0.5362976789474487,"tensor(0.2867, grad_fn=<MseLossBackward0>)",
1470,3.016256809234619,6.230037212371826,0.0,0.1075320690870285,"tensor(0.1752, grad_fn=<MseLossBackward0>)",
1471,4.46337366104126,7.172277450561523,0.006960650440305471,0.1553436666727066,"tensor(0.2283, grad_fn=<MseLossBackward0>)",
1472,4.706353664398193,6.959842681884766,0.07098723948001862,0.1041521355509758,"tensor(0.1934, grad_fn=<MseLossBackward0>)",
1473,3.943537712097168,6.595935344696045,0.06459768861532211,0.07711676508188248,"tensor(0.2147, grad_fn=<MseLossBackward0>)",
1474,6.146905422210693,6.180523872375488,0.1626814305782318,0.06706792116165161,"tensor(0.2255, grad_fn=<MseLossBackward0>)",
1475,6.571441650390625,7.167273998260498,0.0740777999162674,0.17382457852363586,"tensor(0.2132, grad_fn=<MseLossBackward0>)",
1476,10.441360473632812,6.858649253845215,0.05068286135792732,0.35527917742729187,"tensor(0.1797, grad_fn=<MseLossBackward0>)",
1477,6.333065032958984,6.611805438995361,0.04835319519042969,0.18678593635559082,"tensor(0.3218, grad_fn=<MseLossBackward0>)",
1478,4.777790069580078,6.741625785827637,0.027774572372436523,0.14690078794956207,"tensor(0.2657, grad_fn=<MseLossBackward0>)",
1479,2.8744125366210938,6.880353927612305,0.03975081443786621,0.05837763845920563,"tensor(0.2523, grad_fn=<MseLossBackward0>)",
1480,4.222994804382324,5.983173847198486,0.035042524337768555,0.11617004871368408,"tensor(0.2172, grad_fn=<MseLossBackward0>)",
1481,6.16807746887207,6.1125922203063965,0.12856437265872955,0.10326604545116425,"tensor(0.1787, grad_fn=<MseLossBackward0>)",
1482,4.616872310638428,6.679378032684326,0.06538637727499008,0.10501495003700256,"tensor(0.2140, grad_fn=<MseLossBackward0>)",
1483,7.540638446807861,7.694458484649658,0.0,0.2863661050796509,"tensor(0.2285, grad_fn=<MseLossBackward0>)",
1484,5.442809104919434,5.9309468269348145,0.04064033180475235,0.159723699092865,"tensor(0.2459, grad_fn=<MseLossBackward0>)",
1485,3.43255615234375,6.443167686462402,0.022523442283272743,0.10127761960029602,"tensor(0.1911, grad_fn=<MseLossBackward0>)",
1486,3.04337739944458,6.33805513381958,0.07588402181863785,0.029943235218524933,"tensor(0.2466, grad_fn=<MseLossBackward0>)",
1487,4.725307464599609,6.5824198722839355,0.10289508104324341,0.07311888039112091,"tensor(0.1853, grad_fn=<MseLossBackward0>)",
1488,3.206057548522949,6.358431816101074,0.04299863055348396,0.0707329511642456,"tensor(0.2002, grad_fn=<MseLossBackward0>)",
1489,10.956937789916992,6.55679988861084,0.11216454207897186,0.31042414903640747,"tensor(0.2467, grad_fn=<MseLossBackward0>)",
1490,9.743331909179688,6.755124092102051,0.04459522292017937,0.3302694261074066,"tensor(0.2209, grad_fn=<MseLossBackward0>)",
1491,11.347549438476562,6.261232852935791,0.055594682693481445,0.37981608510017395,"tensor(0.2746, grad_fn=<MseLossBackward0>)",
1492,6.717639923095703,6.417873859405518,0.13409511744976044,0.12158676236867905,"tensor(0.1988, grad_fn=<MseLossBackward0>)",
1493,3.5435280799865723,6.892856121063232,0.07279670238494873,0.05436687916517258,"tensor(0.2399, grad_fn=<MseLossBackward0>)",
1494,10.141368865966797,6.121856689453125,0.14824515581130981,0.2441905289888382,"tensor(0.1688, grad_fn=<MseLossBackward0>)",
1495,3.9968323707580566,6.576070785522461,0.03721253201365471,0.1052892878651619,"tensor(0.2895, grad_fn=<MseLossBackward0>)",
1496,6.1289591789245605,5.688426494598389,0.03544624522328377,0.19748759269714355,"tensor(0.1831, grad_fn=<MseLossBackward0>)",
1497,12.460079193115234,6.0573201179504395,0.0,0.48522859811782837,"tensor(0.1813, grad_fn=<MseLossBackward0>)",
1498,7.060196399688721,5.3253173828125,0.12335199117660522,0.1466272622346878,"tensor(0.1988, grad_fn=<MseLossBackward0>)",
1499,3.5778021812438965,6.218152046203613,0.0502140112221241,0.08167403936386108,"tensor(0.1665, grad_fn=<MseLossBackward0>)",
1500,4.473456859588623,6.779603958129883,0.0,0.16486625373363495,"tensor(0.2367, grad_fn=<MseLossBackward0>)","[1.0544859170913696, 1.0479068756103516, 1.1505281925201416]"
1501,6.270432949066162,6.364762306213379,0.03663643077015877,0.20099946856498718,"tensor(0.1904, grad_fn=<MseLossBackward0>)",
1502,12.936256408691406,5.788817882537842,0.05155815929174423,0.45110589265823364,"tensor(0.2736, grad_fn=<MseLossBackward0>)",
1503,6.664985179901123,6.106602668762207,0.049274742603302,0.20100568234920502,"tensor(0.2941, grad_fn=<MseLossBackward0>)",
1504,7.903322219848633,5.783783435821533,0.23006105422973633,0.07752298563718796,"tensor(0.1284, grad_fn=<MseLossBackward0>)",
1505,4.897921085357666,5.802250862121582,0.033218443393707275,0.15181668102741241,"tensor(0.1539, grad_fn=<MseLossBackward0>)",
1506,3.6469883918762207,6.567049026489258,0.09134937822818756,0.041809845715761185,"tensor(0.2091, grad_fn=<MseLossBackward0>)",
1507,7.713461399078369,6.681606769561768,0.10777361690998077,0.1865808367729187,"tensor(0.2160, grad_fn=<MseLossBackward0>)",
1508,6.568739414215088,6.093188762664795,0.016664644703269005,0.23123294115066528,"tensor(0.2243, grad_fn=<MseLossBackward0>)",
1509,7.751194953918457,5.906909465789795,0.07423549890518188,0.2197968065738678,"tensor(0.2846, grad_fn=<MseLossBackward0>)",
1510,6.276828289031982,6.974910259246826,0.1089669018983841,0.1278778612613678,"tensor(0.2266, grad_fn=<MseLossBackward0>)",
1511,6.86542272567749,6.055593490600586,0.04502062126994133,0.2160668522119522,"tensor(0.2215, grad_fn=<MseLossBackward0>)",
1512,6.337944507598877,5.626267433166504,0.13344673812389374,0.10560809075832367,"tensor(0.2158, grad_fn=<MseLossBackward0>)",
1513,5.245821475982666,6.462367534637451,0.07447093725204468,0.12190158665180206,"tensor(0.2367, grad_fn=<MseLossBackward0>)",
1514,5.055747985839844,6.0425705909729,0.1039307564496994,0.08287987112998962,"tensor(0.2818, grad_fn=<MseLossBackward0>)",
1515,9.10045051574707,6.189260959625244,0.10913261026144028,0.23789717257022858,"tensor(0.2908, grad_fn=<MseLossBackward0>)",
1516,11.747596740722656,6.369322776794434,0.2597518265247345,0.19508032500743866,"tensor(0.2761, grad_fn=<MseLossBackward0>)",
1517,7.074844837188721,6.946539878845215,0.042152225971221924,0.2267533540725708,"tensor(0.2301, grad_fn=<MseLossBackward0>)",
1518,5.078120708465576,6.273963928222656,0.02575097419321537,0.16388650238513947,"tensor(0.2115, grad_fn=<MseLossBackward0>)",
1519,5.000888824462891,6.715113162994385,0.08596928417682648,0.09847722947597504,"tensor(0.2471, grad_fn=<MseLossBackward0>)",
1520,5.744132995605469,6.546834468841553,0.08949389308691025,0.1267111599445343,"tensor(0.1718, grad_fn=<MseLossBackward0>)",
1521,5.606022357940674,7.303624153137207,0.11541241407394409,0.09793253988027573,"tensor(0.1738, grad_fn=<MseLossBackward0>)",
1522,2.279273509979248,7.0645647048950195,0.030611753463745117,0.04772520810365677,"tensor(0.2005, grad_fn=<MseLossBackward0>)",
1523,5.436293125152588,6.338008403778076,0.0,0.20335426926612854,"tensor(0.2478, grad_fn=<MseLossBackward0>)",
1524,6.0157623291015625,6.55533504486084,0.02217588759958744,0.2031451165676117,"tensor(0.1988, grad_fn=<MseLossBackward0>)",
1525,5.35195779800415,6.673655986785889,0.04430645704269409,0.15476569533348083,"tensor(0.2243, grad_fn=<MseLossBackward0>)",
1526,2.4639525413513184,6.290996074676514,0.0,0.0843663290143013,"tensor(0.2215, grad_fn=<MseLossBackward0>)",
1527,4.137867450714111,6.688694000244141,0.003203451633453369,0.14286954700946808,"tensor(0.3182, grad_fn=<MseLossBackward0>)",
1528,7.654292106628418,7.2169189453125,0.13219712674617767,0.15809008479118347,"tensor(0.2461, grad_fn=<MseLossBackward0>)",
1529,5.966497898101807,6.8323493003845215,0.0677594318985939,0.1567627489566803,"tensor(0.2425, grad_fn=<MseLossBackward0>)",
1530,2.9290528297424316,6.759316921234131,0.017918089404702187,0.08314608037471771,"tensor(0.2720, grad_fn=<MseLossBackward0>)",
1531,16.409334182739258,6.398932456970215,0.07394260168075562,0.5671212077140808,"tensor(0.2308, grad_fn=<MseLossBackward0>)",
1532,3.5829644203186035,6.830776691436768,0.023551445454359055,0.10757976770401001,"tensor(0.1924, grad_fn=<MseLossBackward0>)",
1533,3.9264578819274902,7.545840263366699,0.0734691396355629,0.0670672059059143,"tensor(0.2621, grad_fn=<MseLossBackward0>)",
1534,4.062777996063232,6.630484104156494,0.05152304843068123,0.09326691925525665,"tensor(0.2904, grad_fn=<MseLossBackward0>)",
1535,7.351335048675537,6.082335472106934,0.10067027807235718,0.17813123762607574,"tensor(0.2568, grad_fn=<MseLossBackward0>)",
1536,14.039052963256836,5.734314918518066,0.0,0.5482644438743591,"tensor(0.2122, grad_fn=<MseLossBackward0>)",
1537,2.416825771331787,6.948434352874756,0.008202731609344482,0.07437824457883835,"tensor(0.2039, grad_fn=<MseLossBackward0>)",
1538,3.754112720489502,6.470204830169678,0.04271218925714493,0.09068456292152405,"tensor(0.2710, grad_fn=<MseLossBackward0>)",
1539,5.635520935058594,6.771071434020996,0.026856640353798866,0.18668141961097717,"tensor(0.1810, grad_fn=<MseLossBackward0>)",
1540,7.837120532989502,6.9282660484313965,0.14129650592803955,0.15686745941638947,"tensor(0.2645, grad_fn=<MseLossBackward0>)",
1541,4.111249923706055,5.869218349456787,0.007075945381075144,0.14122584462165833,"tensor(0.2811, grad_fn=<MseLossBackward0>)",
1542,7.1666340827941895,6.142873764038086,0.015001237392425537,0.2556840181350708,"tensor(0.2837, grad_fn=<MseLossBackward0>)",
1543,3.595297336578369,6.167163848876953,0.09457039833068848,0.034676797688007355,"tensor(0.2580, grad_fn=<MseLossBackward0>)",
1544,7.4737019538879395,5.013617038726807,0.055815376341342926,0.23062410950660706,"tensor(0.2303, grad_fn=<MseLossBackward0>)",
1545,7.1370062828063965,6.126132011413574,0.10531967878341675,0.16972243785858154,"tensor(0.1554, grad_fn=<MseLossBackward0>)",
1546,6.190270900726318,5.725310802459717,0.15667733550071716,0.07694774866104126,"tensor(0.2729, grad_fn=<MseLossBackward0>)",
1547,7.101778507232666,6.0293779373168945,0.11756616830825806,0.1529982089996338,"tensor(0.2487, grad_fn=<MseLossBackward0>)",
1548,5.8385443687438965,6.093412399291992,0.1684333235025406,0.05334926396608353,"tensor(0.2112, grad_fn=<MseLossBackward0>)",
1549,7.099157333374023,5.04346227645874,0.10313795506954193,0.16910386085510254,"tensor(0.2304, grad_fn=<MseLossBackward0>)",
1550,4.637670993804932,6.24341344833374,0.1322946697473526,0.04099737107753754,"tensor(0.2333, grad_fn=<MseLossBackward0>)",
1551,8.328993797302246,5.04212760925293,0.20913062989711761,0.11057727783918381,"tensor(0.2385, grad_fn=<MseLossBackward0>)",
1552,7.06333589553833,5.456572532653809,0.10580934584140778,0.16303375363349915,"tensor(0.2328, grad_fn=<MseLossBackward0>)",
1553,4.751271724700928,5.632584571838379,0.0601101890206337,0.11422587186098099,"tensor(0.2036, grad_fn=<MseLossBackward0>)",
1554,7.51313591003418,6.85548210144043,0.0,0.28352680802345276,"tensor(0.2995, grad_fn=<MseLossBackward0>)",
1555,7.69516134262085,5.583371162414551,0.09044492244720459,0.20121005177497864,"tensor(0.2695, grad_fn=<MseLossBackward0>)",
1556,2.9302992820739746,7.107699871063232,0.023215094581246376,0.07877695560455322,"tensor(0.1910, grad_fn=<MseLossBackward0>)",
1557,3.142335891723633,7.5333943367004395,0.0,0.10836334526538849,"tensor(0.2939, grad_fn=<MseLossBackward0>)",
1558,10.468526840209961,6.464130401611328,0.01978222467005253,0.38123229146003723,"tensor(0.2691, grad_fn=<MseLossBackward0>)",
1559,6.431931495666504,5.98541784286499,0.06521239131689072,0.17594307661056519,"tensor(0.2736, grad_fn=<MseLossBackward0>)",
1560,5.938272953033447,6.48713493347168,0.06452139467000961,0.15798823535442352,"tensor(0.2137, grad_fn=<MseLossBackward0>)",
1561,3.338334560394287,7.062097549438477,0.05380437895655632,0.06470444798469543,"tensor(0.2438, grad_fn=<MseLossBackward0>)",
1562,5.506990909576416,7.25321102142334,0.06260919570922852,0.14146389067173004,"tensor(0.2482, grad_fn=<MseLossBackward0>)",
1563,6.468090534210205,7.465099811553955,0.0,0.2453937828540802,"tensor(0.1650, grad_fn=<MseLossBackward0>)",
1564,5.757514953613281,7.255338191986084,0.04996037483215332,0.1677403450012207,"tensor(0.1717, grad_fn=<MseLossBackward0>)",
1565,2.681976795196533,6.119271278381348,0.073793925344944,0.01856141909956932,"tensor(0.2679, grad_fn=<MseLossBackward0>)",
1566,10.309240341186523,5.715374946594238,0.16690954566001892,0.22885042428970337,"tensor(0.3227, grad_fn=<MseLossBackward0>)",
1567,6.706226348876953,6.355405330657959,0.10128523409366608,0.1511221081018448,"tensor(0.2468, grad_fn=<MseLossBackward0>)",
1568,5.3170881271362305,8.572214126586914,0.018776515498757362,0.17529629170894623,"tensor(0.3427, grad_fn=<MseLossBackward0>)",
1569,5.574120998382568,7.150246620178223,0.0013139843940734863,0.204061359167099,"tensor(0.2787, grad_fn=<MseLossBackward0>)",
1570,1.5908007621765137,6.849104881286621,0.00423043966293335,0.04382631927728653,"tensor(0.2677, grad_fn=<MseLossBackward0>)",
1571,6.346993923187256,6.4785380363464355,0.025523940101265907,0.2142360508441925,"tensor(0.2459, grad_fn=<MseLossBackward0>)",
1572,1.152146339416504,6.581824779510498,0.012492517940700054,0.015749167650938034,"tensor(0.2969, grad_fn=<MseLossBackward0>)",
1573,6.451710224151611,7.882175922393799,0.1063251718878746,0.13701391220092773,"tensor(0.2419, grad_fn=<MseLossBackward0>)",
1574,4.267048358917236,7.397972106933594,0.05754733085632324,0.09567844867706299,"tensor(0.3346, grad_fn=<MseLossBackward0>)",
1575,4.791496753692627,7.9953203201293945,0.03379305079579353,0.1430686116218567,"tensor(0.2922, grad_fn=<MseLossBackward0>)",
1576,9.474217414855957,6.198971748352051,0.09255031496286392,0.2738708555698395,"tensor(0.2320, grad_fn=<MseLossBackward0>)",
1577,8.171808242797852,7.783703327178955,0.14361347258090973,0.16905684769153595,"tensor(0.2181, grad_fn=<MseLossBackward0>)",
1578,3.3857979774475098,6.391496658325195,0.031806886196136475,0.08591077476739883,"tensor(0.3440, grad_fn=<MseLossBackward0>)",
1579,8.58802604675293,6.91988468170166,0.05957188084721565,0.2707480788230896,"tensor(0.2132, grad_fn=<MseLossBackward0>)",
1580,5.091006755828857,7.422854900360107,0.017712512984871864,0.16651053726673126,"tensor(0.3510, grad_fn=<MseLossBackward0>)",
1581,4.036505222320557,6.445095539093018,0.0698046088218689,0.07444535940885544,"tensor(0.3438, grad_fn=<MseLossBackward0>)",
1582,4.9132561683654785,5.959676742553711,0.09384852647781372,0.08907748758792877,"tensor(0.2275, grad_fn=<MseLossBackward0>)",
1583,6.229166030883789,6.028185844421387,0.07990483939647675,0.15393614768981934,"tensor(0.2434, grad_fn=<MseLossBackward0>)",
1584,1.599341869354248,6.3386759757995605,0.013882200233638287,0.03655136376619339,"tensor(0.2105, grad_fn=<MseLossBackward0>)",
1585,8.121894836425781,7.187589168548584,0.11409095674753189,0.19609695672988892,"tensor(0.1910, grad_fn=<MseLossBackward0>)",
1586,5.823503017425537,6.019491195678711,0.035137176513671875,0.18260344862937927,"tensor(0.2553, grad_fn=<MseLossBackward0>)",
1587,6.261942386627197,6.527238845825195,0.05444542318582535,0.17715376615524292,"tensor(0.3231, grad_fn=<MseLossBackward0>)",
1588,5.4747395515441895,5.855727195739746,0.08643978834152222,0.1135028824210167,"tensor(0.3051, grad_fn=<MseLossBackward0>)",
1589,1.1951475143432617,6.895795822143555,0.007506867405027151,0.02095269225537777,"tensor(0.2843, grad_fn=<MseLossBackward0>)",
1590,6.357599258422852,5.619811058044434,0.049355924129486084,0.1879485845565796,"tensor(0.2478, grad_fn=<MseLossBackward0>)",
1591,7.049254894256592,6.572071075439453,0.0,0.2662574052810669,"tensor(0.2090, grad_fn=<MseLossBackward0>)",
1592,2.1274094581604004,6.379988670349121,0.022400101646780968,0.04500807821750641,"tensor(0.2357, grad_fn=<MseLossBackward0>)",
1593,5.532395839691162,6.590208530426025,0.009497026912868023,0.19748538732528687,"tensor(0.1614, grad_fn=<MseLossBackward0>)",
1594,6.526082992553711,6.9487690925598145,0.0,0.24414865672588348,"tensor(0.2910, grad_fn=<MseLossBackward0>)",
1595,8.019143104553223,6.864890098571777,0.0,0.30343911051750183,"tensor(0.3028, grad_fn=<MseLossBackward0>)",
1596,4.500133037567139,7.453906536102295,0.0,0.16104482114315033,"tensor(0.3402, grad_fn=<MseLossBackward0>)",
1597,3.3935904502868652,5.426380634307861,0.02818266488611698,0.08947134763002396,"tensor(0.3244, grad_fn=<MseLossBackward0>)",
1598,1.7570457458496094,7.671187400817871,0.003442049026489258,0.048727165907621384,"tensor(0.3107, grad_fn=<MseLossBackward0>)",
1599,6.165590763092041,6.531531810760498,0.06757690012454987,0.167301744222641,"tensor(0.1737, grad_fn=<MseLossBackward0>)",
1600,6.663816928863525,7.7971062660217285,0.0,0.2503035068511963,"tensor(0.3069, grad_fn=<MseLossBackward0>)",
1601,3.035602569580078,6.420788764953613,0.044196467846632004,0.06327270716428757,"tensor(0.2519, grad_fn=<MseLossBackward0>)",
1602,3.1261754035949707,6.815659999847412,0.059981685131788254,0.04930877313017845,"tensor(0.2460, grad_fn=<MseLossBackward0>)",
1603,6.39714241027832,7.044955253601074,0.06501901149749756,0.1742296814918518,"tensor(0.2784, grad_fn=<MseLossBackward0>)",
1604,2.8556199073791504,6.64024543762207,0.0287172794342041,0.07278412580490112,"tensor(0.2128, grad_fn=<MseLossBackward0>)",
1605,4.754085540771484,7.113715648651123,0.032551009207963943,0.14462625980377197,"tensor(0.1773, grad_fn=<MseLossBackward0>)",
1606,1.2243351936340332,6.63358211517334,0.01902780868113041,0.014227270148694515,"tensor(0.2429, grad_fn=<MseLossBackward0>)",
1607,5.498440265655518,7.184193134307861,0.09707242250442505,0.10798078775405884,"tensor(0.2323, grad_fn=<MseLossBackward0>)",
1608,5.856991291046143,7.464100360870361,0.0,0.21842750906944275,"tensor(0.2504, grad_fn=<MseLossBackward0>)",
1609,2.6994385719299316,7.007653713226318,0.005498945713043213,0.08351743221282959,"tensor(0.3444, grad_fn=<MseLossBackward0>)",
1610,7.406162738800049,6.228367805480957,0.19748279452323914,0.08658671379089355,"tensor(0.2029, grad_fn=<MseLossBackward0>)",
1611,5.517257213592529,5.977524757385254,0.04551533982157707,0.16207510232925415,"tensor(0.2174, grad_fn=<MseLossBackward0>)",
1612,2.0348191261291504,6.0420918464660645,0.03973037004470825,0.027146512642502785,"tensor(0.2531, grad_fn=<MseLossBackward0>)",
1613,5.358314514160156,6.348439693450928,0.03130018711090088,0.1667776107788086,"tensor(0.2713, grad_fn=<MseLossBackward0>)",
1614,3.2231030464172363,7.086592674255371,0.045991938561201096,0.06584947556257248,"tensor(0.3039, grad_fn=<MseLossBackward0>)",
1615,13.192035675048828,5.689870834350586,0.042119305580854416,0.46783900260925293,"tensor(0.2925, grad_fn=<MseLossBackward0>)",
1616,5.124806880950928,6.954529285430908,0.07924826443195343,0.10955581068992615,"tensor(0.2575, grad_fn=<MseLossBackward0>)",
1617,7.670065402984619,6.542888641357422,0.0,0.2920658588409424,"tensor(0.3012, grad_fn=<MseLossBackward0>)",
1618,6.23635721206665,6.701869964599609,0.042831458151340485,0.1935342401266098,"tensor(0.2338, grad_fn=<MseLossBackward0>)",
1619,10.485668182373047,7.206202507019043,0.016959071159362793,0.38756150007247925,"tensor(0.2933, grad_fn=<MseLossBackward0>)",
1620,3.4520015716552734,6.8900227546691895,0.030887505039572716,0.09653392434120178,"tensor(0.1954, grad_fn=<MseLossBackward0>)",
1621,3.131828784942627,7.480090141296387,0.06242956966161728,0.04779680818319321,"tensor(0.2730, grad_fn=<MseLossBackward0>)",
1622,4.341954708099365,6.295974254608154,0.04098733514547348,0.11842523515224457,"tensor(0.2588, grad_fn=<MseLossBackward0>)",
1623,2.624232769012451,7.047140598297119,0.03816990181803703,0.052571311593055725,"tensor(0.2671, grad_fn=<MseLossBackward0>)",
1624,5.808916091918945,5.906914234161377,0.02318563126027584,0.1954227089881897,"tensor(0.2636, grad_fn=<MseLossBackward0>)",
1625,3.2676539421081543,5.607248306274414,0.02741583064198494,0.08928124606609344,"tensor(0.2504, grad_fn=<MseLossBackward0>)",
1626,5.207244396209717,7.233942031860352,0.07748182117938995,0.11665838211774826,"tensor(0.2365, grad_fn=<MseLossBackward0>)",
1627,9.139192581176758,6.755466938018799,0.020297467708587646,0.32907137274742126,"tensor(0.3103, grad_fn=<MseLossBackward0>)",
1628,2.9500880241394043,6.814831256866455,0.0024084250908344984,0.10337023437023163,"tensor(0.2187, grad_fn=<MseLossBackward0>)",
1629,4.7461652755737305,7.05027437210083,0.0,0.17698001861572266,"tensor(0.2316, grad_fn=<MseLossBackward0>)",
1630,4.615367412567139,6.255738258361816,0.0696636289358139,0.10170534253120422,"tensor(0.2427, grad_fn=<MseLossBackward0>)",
1631,8.62905216217041,6.5079803466796875,0.14808043837547302,0.18094390630722046,"tensor(0.2943, grad_fn=<MseLossBackward0>)",
1632,7.835001468658447,6.6056904792785645,0.1149330735206604,0.1857435405254364,"tensor(0.1984, grad_fn=<MseLossBackward0>)",
1633,3.883350372314453,5.534275531768799,0.009192605502903461,0.13167338073253632,"tensor(0.2230, grad_fn=<MseLossBackward0>)",
1634,6.422404766082764,6.006348609924316,0.05715002492070198,0.18426264822483063,"tensor(0.2533, grad_fn=<MseLossBackward0>)",
1635,4.7157793045043945,6.2828898429870605,0.020754138007760048,0.15301258862018585,"tensor(0.2522, grad_fn=<MseLossBackward0>)",
1636,1.2521166801452637,5.5938849449157715,0.005618890281766653,0.03181168809533119,"tensor(0.1902, grad_fn=<MseLossBackward0>)",
1637,2.5875706672668457,6.587156772613525,0.010889152996242046,0.07952868938446045,"tensor(0.2114, grad_fn=<MseLossBackward0>)",
1638,6.659337520599365,5.407315254211426,0.1802102029323578,0.07445846498012543,"tensor(0.1576, grad_fn=<MseLossBackward0>)",
1639,4.474410057067871,6.174007415771484,0.08194831758737564,0.08182181417942047,"tensor(0.2675, grad_fn=<MseLossBackward0>)",
1640,5.551525592803955,5.86977481842041,0.17531219124794006,0.035858653485774994,"tensor(0.1541, grad_fn=<MseLossBackward0>)",
1641,4.500180721282959,5.942622661590576,0.08987593650817871,0.0768420547246933,"tensor(0.2059, grad_fn=<MseLossBackward0>)",
1642,1.6203441619873047,7.301119327545166,0.010471264831721783,0.038528211414813995,"tensor(0.3300, grad_fn=<MseLossBackward0>)",
1643,4.516214370727539,6.392872333526611,0.06872238218784332,0.09692934155464172,"tensor(0.3081, grad_fn=<MseLossBackward0>)",
1644,3.4251017570495605,6.49899435043335,0.037675779312849045,0.07993415743112564,"tensor(0.3881, grad_fn=<MseLossBackward0>)",
1645,15.23158073425293,6.939955234527588,0.01815764047205448,0.5764251351356506,"tensor(0.2254, grad_fn=<MseLossBackward0>)",
1646,5.5419440269470215,6.523439407348633,0.027760425582528114,0.1721118688583374,"tensor(0.4016, grad_fn=<MseLossBackward0>)",
1647,5.422723770141602,8.164213180541992,0.0,0.20251798629760742,"tensor(0.2576, grad_fn=<MseLossBackward0>)",
1648,2.5810446739196777,7.540824890136719,0.009116153232753277,0.0762748196721077,"tensor(0.2869, grad_fn=<MseLossBackward0>)",
1649,7.229896545410156,7.079447269439697,0.005934079177677631,0.2645263969898224,"tensor(0.3209, grad_fn=<MseLossBackward0>)",
1650,9.628253936767578,7.347286224365234,0.011408011429011822,0.35486045479774475,"tensor(0.3769, grad_fn=<MseLossBackward0>)",
1651,8.090532302856445,7.759582042694092,0.07876942306756973,0.22888971865177155,"tensor(0.2925, grad_fn=<MseLossBackward0>)",
1652,6.0539116859436035,7.975668907165527,0.03029712103307247,0.19399729371070862,"tensor(0.3512, grad_fn=<MseLossBackward0>)",
1653,1.9054865837097168,6.55706262588501,0.03196195885539055,0.029484814032912254,"tensor(0.2505, grad_fn=<MseLossBackward0>)",
1654,3.806705951690674,7.626780986785889,0.014760891906917095,0.12325747311115265,"tensor(0.2674, grad_fn=<MseLossBackward0>)",
1655,2.751669406890869,7.625334739685059,0.019905904307961464,0.07380090653896332,"tensor(0.2677, grad_fn=<MseLossBackward0>)",
1656,10.873441696166992,6.3750152587890625,0.06497321277856827,0.3567825257778168,"tensor(0.2239, grad_fn=<MseLossBackward0>)",
1657,4.8382415771484375,6.204292297363281,0.016044536605477333,0.1613268107175827,"tensor(0.2918, grad_fn=<MseLossBackward0>)",
1658,2.921384334564209,6.851737976074219,0.0,0.10084924101829529,"tensor(0.2996, grad_fn=<MseLossBackward0>)",
1659,3.1599607467651367,8.460368156433105,0.0,0.1137724369764328,"tensor(0.2217, grad_fn=<MseLossBackward0>)",
1660,5.401917934417725,7.742884159088135,0.05298835039138794,0.14656402170658112,"tensor(0.3155, grad_fn=<MseLossBackward0>)",
1661,5.7223968505859375,6.229328632354736,0.11121100187301636,0.10213492810726166,"tensor(0.2522, grad_fn=<MseLossBackward0>)",
1662,14.422670364379883,7.126352310180664,0.02462667226791382,0.5357072353363037,"tensor(0.2908, grad_fn=<MseLossBackward0>)",
1663,3.7535810470581055,6.892765522003174,0.07583826780319214,0.05907149612903595,"tensor(0.2647, grad_fn=<MseLossBackward0>)",
1664,4.026083946228027,6.767223834991455,0.021768946200609207,0.12599484622478485,"tensor(0.2235, grad_fn=<MseLossBackward0>)",
1665,3.7132816314697266,7.656203269958496,0.027817925438284874,0.1062801405787468,"tensor(0.2113, grad_fn=<MseLossBackward0>)",
1666,4.651213645935059,6.595693588256836,0.06931933015584946,0.10314598679542542,"tensor(0.2335, grad_fn=<MseLossBackward0>)",
1667,4.990323543548584,6.240248203277588,0.08238712698221207,0.10651110112667084,"tensor(0.1714, grad_fn=<MseLossBackward0>)",
1668,15.77468490600586,7.239548683166504,0.005715608596801758,0.6129427552223206,"tensor(0.1831, grad_fn=<MseLossBackward0>)",
1669,5.518601894378662,6.35191011428833,0.09598922729492188,0.10982030630111694,"tensor(0.2286, grad_fn=<MseLossBackward0>)",
1670,6.381800174713135,6.145956993103027,0.12894561886787415,0.11180569231510162,"tensor(0.2320, grad_fn=<MseLossBackward0>)",
1671,3.993072032928467,7.159266471862793,0.0436200313270092,0.10352135449647903,"tensor(0.2299, grad_fn=<MseLossBackward0>)",
1672,9.590545654296875,7.555339336395264,0.11857236921787262,0.24958373606204987,"tensor(0.2776, grad_fn=<MseLossBackward0>)",
1673,5.7895331382751465,7.305581092834473,0.09583866596221924,0.12313862890005112,"tensor(0.2342, grad_fn=<MseLossBackward0>)",
1674,4.67941427230835,6.062247276306152,0.04149127006530762,0.128635436296463,"tensor(0.2907, grad_fn=<MseLossBackward0>)",
1675,6.421098232269287,7.157908916473389,0.1205175518989563,0.11929812282323837,"tensor(0.3278, grad_fn=<MseLossBackward0>)",
1676,3.462052822113037,7.217408180236816,0.015903275460004807,0.10750553756952286,"tensor(0.2635, grad_fn=<MseLossBackward0>)",
1677,5.124383449554443,7.270192623138428,0.12162373214960098,0.06727348268032074,"tensor(0.2753, grad_fn=<MseLossBackward0>)",
1678,6.237666130065918,6.440788269042969,0.05313919112086296,0.18214446306228638,"tensor(0.2753, grad_fn=<MseLossBackward0>)",
1679,5.173849105834961,8.433871269226074,0.018878638744354248,0.1708325296640396,"tensor(0.3048, grad_fn=<MseLossBackward0>)",
1680,5.384045124053955,7.852621555328369,0.009341577999293804,0.19147956371307373,"tensor(0.2167, grad_fn=<MseLossBackward0>)",
1681,2.505858898162842,6.468363285064697,0.0,0.08352458477020264,"tensor(0.3335, grad_fn=<MseLossBackward0>)",
1682,4.097825527191162,5.761154651641846,0.05161283537745476,0.09777351468801498,"tensor(0.2478, grad_fn=<MseLossBackward0>)",
1683,8.471782684326172,6.284664630889893,0.09912389516830444,0.22548632323741913,"tensor(0.2250, grad_fn=<MseLossBackward0>)",
1684,7.547938823699951,7.377353191375732,0.0,0.2862015664577484,"tensor(0.2591, grad_fn=<MseLossBackward0>)",
1685,5.126067638397217,7.245575428009033,0.09079225361347198,0.09674143046140671,"tensor(0.2885, grad_fn=<MseLossBackward0>)",
1686,6.276037693023682,6.353267669677734,0.05242921784520149,0.18518197536468506,"tensor(0.1995, grad_fn=<MseLossBackward0>)",
1687,5.377082347869873,6.193432331085205,0.11397896707057953,0.08913961797952652,"tensor(0.1872, grad_fn=<MseLossBackward0>)",
1688,11.929726600646973,5.391473770141602,0.06634610891342163,0.3968529999256134,"tensor(0.2561, grad_fn=<MseLossBackward0>)",
1689,2.38739013671875,6.246157169342041,0.03150629997253418,0.05060024932026863,"tensor(0.2258, grad_fn=<MseLossBackward0>)",
1690,2.8703532218933105,7.831174373626709,0.0,0.10201709717512131,"tensor(0.1641, grad_fn=<MseLossBackward0>)",
1691,6.4057297706604,6.945037364959717,0.03707941249012947,0.20451976358890533,"tensor(0.2490, grad_fn=<MseLossBackward0>)",
1692,8.8616943359375,5.5838212966918945,0.10098592936992645,0.24229580163955688,"tensor(0.1660, grad_fn=<MseLossBackward0>)",
1693,5.009176254272461,6.7769365310668945,0.07991349697113037,0.10529956221580505,"tensor(0.2310, grad_fn=<MseLossBackward0>)",
1694,7.794239044189453,7.180018424987793,0.02026101015508175,0.2785516381263733,"tensor(0.2020, grad_fn=<MseLossBackward0>)",
1695,8.188884735107422,6.82692813873291,0.002303679706528783,0.30919358134269714,"tensor(0.3081, grad_fn=<MseLossBackward0>)",
1696,2.337892532348633,6.510295867919922,0.006996829994022846,0.07348544150590897,"tensor(0.2755, grad_fn=<MseLossBackward0>)",
1697,7.432602405548096,6.996272087097168,0.055060744285583496,0.2273813635110855,"tensor(0.2536, grad_fn=<MseLossBackward0>)",
1698,5.79640531539917,5.842775821685791,0.07077795267105103,0.14699381589889526,"tensor(0.2729, grad_fn=<MseLossBackward0>)",
1699,5.646871566772461,6.135075092315674,0.07020590454339981,0.13623249530792236,"tensor(0.3737, grad_fn=<MseLossBackward0>)",
1700,5.5152058601379395,5.365300178527832,0.1463610976934433,0.06153228506445885,"tensor(0.2348, grad_fn=<MseLossBackward0>)",
1701,7.862203598022461,6.874449253082275,0.12378505617380142,0.17864865064620972,"tensor(0.2282, grad_fn=<MseLossBackward0>)",
1702,11.134620666503906,6.026462078094482,0.05416436865925789,0.3789311945438385,"tensor(0.2240, grad_fn=<MseLossBackward0>)",
1703,5.670139789581299,6.197332859039307,0.03985073044896126,0.17172002792358398,"tensor(0.2804, grad_fn=<MseLossBackward0>)",
1704,5.121103286743164,5.501871585845947,0.11418411880731583,0.0821622908115387,"tensor(0.1278, grad_fn=<MseLossBackward0>)",
1705,6.019643783569336,6.149298667907715,0.04735465720295906,0.1813986897468567,"tensor(0.2469, grad_fn=<MseLossBackward0>)",
1706,9.871622085571289,6.197598457336426,0.1065460592508316,0.2780041992664337,"tensor(0.1722, grad_fn=<MseLossBackward0>)",
1707,4.718388080596924,6.098474502563477,0.1550159752368927,0.01667948067188263,"tensor(0.3277, grad_fn=<MseLossBackward0>)",
1708,7.797740936279297,5.8044233322143555,0.08979620784521103,0.20956209301948547,"tensor(0.2239, grad_fn=<MseLossBackward0>)",
1709,6.160128116607666,7.368380546569824,0.12448035180568695,0.10645550489425659,"tensor(0.2567, grad_fn=<MseLossBackward0>)",
1710,4.8069963455200195,6.535551071166992,0.05200467258691788,0.12607917189598083,"tensor(0.2055, grad_fn=<MseLossBackward0>)",
1711,6.232929229736328,6.459463119506836,0.11116570234298706,0.12259920686483383,"tensor(0.2313, grad_fn=<MseLossBackward0>)",
1712,10.726070404052734,6.365870475769043,0.13413532078266144,0.27993127703666687,"tensor(0.2146, grad_fn=<MseLossBackward0>)",
1713,7.639230728149414,6.757813453674316,0.06856293976306915,0.21895083785057068,"tensor(0.3313, grad_fn=<MseLossBackward0>)",
1714,6.598287582397461,7.502517223358154,0.0,0.24699169397354126,"tensor(0.2816, grad_fn=<MseLossBackward0>)",
1715,6.108082294464111,6.433064937591553,0.0,0.22917702794075012,"tensor(0.2327, grad_fn=<MseLossBackward0>)",
1716,1.3541688919067383,7.678307056427002,0.0,0.037792716175317764,"tensor(0.2807, grad_fn=<MseLossBackward0>)",
1717,4.5953850746154785,7.660862445831299,0.0,0.16776904463768005,"tensor(0.2807, grad_fn=<MseLossBackward0>)",
1718,1.3350529670715332,6.635453224182129,0.0069066681899130344,0.03089793585240841,"tensor(0.2564, grad_fn=<MseLossBackward0>)",
1719,4.455865859985352,7.754263877868652,0.02156033180654049,0.1391323357820511,"tensor(0.3122, grad_fn=<MseLossBackward0>)",
1720,10.224832534790039,7.257076263427734,0.0,0.39224445819854736,"tensor(0.2971, grad_fn=<MseLossBackward0>)",
1721,8.720270156860352,7.9996232986450195,0.025123238563537598,0.30517300963401794,"tensor(0.3455, grad_fn=<MseLossBackward0>)",
1722,12.10167121887207,7.191005706787109,0.033158838748931885,0.43644481897354126,"tensor(0.2548, grad_fn=<MseLossBackward0>)",
1723,4.3190083503723145,7.227557182312012,0.01957990787923336,0.13734044134616852,"tensor(0.2318, grad_fn=<MseLossBackward0>)",
1724,6.934398174285889,6.665805816650391,0.1445600390434265,0.12055214494466782,"tensor(0.2266, grad_fn=<MseLossBackward0>)",
1725,4.146963119506836,7.167745590209961,0.05117235705256462,0.09935767948627472,"tensor(0.2504, grad_fn=<MseLossBackward0>)",
1726,6.022670269012451,7.770671844482422,0.014823992736637592,0.2134210467338562,"tensor(0.2144, grad_fn=<MseLossBackward0>)",
1727,7.719568729400635,6.8454790115356445,0.1806880384683609,0.11710016429424286,"tensor(0.1948, grad_fn=<MseLossBackward0>)",
1728,3.5176267623901367,6.2594428062438965,0.04705633968114853,0.0819813683629036,"tensor(0.1934, grad_fn=<MseLossBackward0>)",
1729,6.8443427085876465,6.285166263580322,0.04900393635034561,0.20803691446781158,"tensor(0.3150, grad_fn=<MseLossBackward0>)",
1730,7.133586883544922,8.998517036437988,0.07140348106622696,0.19600673019886017,"tensor(0.3088, grad_fn=<MseLossBackward0>)",
1731,4.272441387176514,7.959079742431641,0.045538146048784256,0.11070685088634491,"tensor(0.2722, grad_fn=<MseLossBackward0>)",
1732,2.2230753898620605,7.337177276611328,0.022982677444815636,0.051186952739953995,"tensor(0.2695, grad_fn=<MseLossBackward0>)",
1733,8.252326011657715,7.133730888366699,0.06547973304986954,0.2538151443004608,"tensor(0.1701, grad_fn=<MseLossBackward0>)",
1734,2.8711957931518555,6.360162258148193,0.02898351289331913,0.07033874839544296,"tensor(0.2776, grad_fn=<MseLossBackward0>)",
1735,5.1333394050598145,6.238107681274414,0.12586069107055664,0.0664404109120369,"tensor(0.2268, grad_fn=<MseLossBackward0>)",
1736,3.466381072998047,7.813097953796387,0.07473047822713852,0.050108760595321655,"tensor(0.2451, grad_fn=<MseLossBackward0>)",
1737,3.135256290435791,6.916909217834473,0.03408954665064812,0.07853919267654419,"tensor(0.2413, grad_fn=<MseLossBackward0>)",
1738,6.758297443389893,6.4402360916137695,0.1951485276222229,0.05628771334886551,"tensor(0.3562, grad_fn=<MseLossBackward0>)",
1739,2.808957576751709,7.182440280914307,0.014623959548771381,0.07901354879140854,"tensor(0.3008, grad_fn=<MseLossBackward0>)",
1740,7.976434707641602,6.846673965454102,0.0,0.3042231798171997,"tensor(0.2264, grad_fn=<MseLossBackward0>)",
1741,4.579244613647461,7.622159004211426,0.010622541420161724,0.15475478768348694,"tensor(0.2533, grad_fn=<MseLossBackward0>)",
1742,3.8645057678222656,7.142800807952881,0.006835917476564646,0.12775391340255737,"tensor(0.3057, grad_fn=<MseLossBackward0>)",
1743,8.313896179199219,6.799679756164551,0.12503810226917267,0.19053104519844055,"tensor(0.3041, grad_fn=<MseLossBackward0>)",
1744,6.379475116729736,6.077144622802734,0.10428762435913086,0.13702458143234253,"tensor(0.2456, grad_fn=<MseLossBackward0>)",
1745,13.111251831054688,7.788685321807861,0.06656982749700546,0.44200804829597473,"tensor(0.2879, grad_fn=<MseLossBackward0>)",
1746,4.757094860076904,7.3582444190979,0.018672365695238113,0.15792478621006012,"tensor(0.2322, grad_fn=<MseLossBackward0>)",
1747,10.577098846435547,6.274008750915527,0.030945876613259315,0.37946006655693054,"tensor(0.2463, grad_fn=<MseLossBackward0>)",
1748,5.933095455169678,6.175076484680176,0.06728174537420273,0.15610982477664948,"tensor(0.2288, grad_fn=<MseLossBackward0>)",
1749,8.495941162109375,7.495650291442871,0.029509464278817177,0.2951333522796631,"tensor(0.2903, grad_fn=<MseLossBackward0>)",
1750,10.65884017944336,7.368070125579834,0.0,0.41179031133651733,"tensor(0.2372, grad_fn=<MseLossBackward0>)",
1751,8.8668212890625,6.432072162628174,0.0039095282554626465,0.33861756324768066,"tensor(0.2574, grad_fn=<MseLossBackward0>)",
1752,5.120036602020264,6.857811450958252,0.0009383161668665707,0.19082891941070557,"tensor(0.1710, grad_fn=<MseLossBackward0>)",
1753,6.608488082885742,7.4721503257751465,0.12298864126205444,0.1280534565448761,"tensor(0.2302, grad_fn=<MseLossBackward0>)",
1754,4.595906734466553,7.365179538726807,0.07897806167602539,0.0918411985039711,"tensor(0.2408, grad_fn=<MseLossBackward0>)",
1755,3.959603786468506,6.843924045562744,0.11063617467880249,0.033953674137592316,"tensor(0.2642, grad_fn=<MseLossBackward0>)",
1756,6.193511962890625,7.262426853179932,0.03546448424458504,0.19641578197479248,"tensor(0.3169, grad_fn=<MseLossBackward0>)",
1757,6.418558120727539,6.51564884185791,0.12481436878442764,0.11837003380060196,"tensor(0.2692, grad_fn=<MseLossBackward0>)",
1758,6.207233905792236,6.254927158355713,0.11281920969486237,0.12288538366556168,"tensor(0.2280, grad_fn=<MseLossBackward0>)",
1759,6.609979152679443,6.925806999206543,0.1909608095884323,0.0599377304315567,"tensor(0.2520, grad_fn=<MseLossBackward0>)",
1760,6.271078109741211,7.296913146972656,0.08423397690057755,0.15748989582061768,"tensor(0.1650, grad_fn=<MseLossBackward0>)",
1761,2.1773695945739746,7.1713762283325195,0.045410215854644775,0.029555292800068855,"tensor(0.2037, grad_fn=<MseLossBackward0>)",
1762,7.408400058746338,7.5573601722717285,0.11451514810323715,0.16915318369865417,"tensor(0.1965, grad_fn=<MseLossBackward0>)",
1763,5.004662036895752,6.084848403930664,0.11143074184656143,0.07180389761924744,"tensor(0.3427, grad_fn=<MseLossBackward0>)",
1764,5.345287799835205,7.135490417480469,0.04933428764343262,0.1492062211036682,"tensor(0.2385, grad_fn=<MseLossBackward0>)",
1765,4.39116096496582,7.0192646980285645,0.08490091562271118,0.07718320190906525,"tensor(0.1763, grad_fn=<MseLossBackward0>)",
1766,6.459282398223877,6.241177558898926,0.0,0.24499011039733887,"tensor(0.1934, grad_fn=<MseLossBackward0>)",
1767,1.691899299621582,6.323030948638916,0.038105469197034836,0.016712674871087074,"tensor(0.2172, grad_fn=<MseLossBackward0>)",
1768,2.8181653022766113,6.6727094650268555,0.0,0.09781547635793686,"tensor(0.2418, grad_fn=<MseLossBackward0>)",
1769,10.904041290283203,7.770492076873779,0.0,0.4206019639968872,"tensor(0.2227, grad_fn=<MseLossBackward0>)",
1770,7.265948295593262,6.367208957672119,0.0840405821800232,0.18997830152511597,"tensor(0.3141, grad_fn=<MseLossBackward0>)",
1771,7.428093433380127,7.540117263793945,0.0,0.2833032011985779,"tensor(0.2011, grad_fn=<MseLossBackward0>)",
1772,4.301558017730713,7.632906913757324,0.0,0.1538109928369522,"tensor(0.2810, grad_fn=<MseLossBackward0>)",
1773,8.729294776916504,6.82193660736084,0.05423911288380623,0.27765166759490967,"tensor(0.3131, grad_fn=<MseLossBackward0>)",
1774,2.4023361206054688,6.976864814758301,0.003950139041990042,0.07676631212234497,"tensor(0.2197, grad_fn=<MseLossBackward0>)",
1775,2.5144834518432617,6.813722610473633,0.005534509662538767,0.07656127959489822,"tensor(0.3235, grad_fn=<MseLossBackward0>)",
1776,4.933656692504883,6.106183052062988,0.05158962681889534,0.13189181685447693,"tensor(0.2540, grad_fn=<MseLossBackward0>)",
1777,3.886740207672119,7.5868000984191895,0.07756155729293823,0.061309218406677246,"tensor(0.3224, grad_fn=<MseLossBackward0>)",
1778,2.548572063446045,6.863354206085205,0.006195863243192434,0.08076506853103638,"tensor(0.2719, grad_fn=<MseLossBackward0>)",
1779,14.390743255615234,7.5890960693359375,0.07392139732837677,0.48609328269958496,"tensor(0.2615, grad_fn=<MseLossBackward0>)",
1780,5.858973026275635,7.0108113288879395,0.08033343404531479,0.13811805844306946,"tensor(0.2599, grad_fn=<MseLossBackward0>)",
1781,4.0057220458984375,7.384942531585693,0.04822631552815437,0.0955529659986496,"tensor(0.2570, grad_fn=<MseLossBackward0>)",
1782,7.112071514129639,6.94108772277832,0.012257258407771587,0.25215911865234375,"tensor(0.3667, grad_fn=<MseLossBackward0>)",
1783,1.236433506011963,7.891310691833496,0.0013669530162587762,0.03208227828145027,"tensor(0.3114, grad_fn=<MseLossBackward0>)",
1784,5.348579406738281,7.859828948974609,0.06291606277227402,0.13878652453422546,"tensor(0.2008, grad_fn=<MseLossBackward0>)",
1785,10.48824691772461,6.915559768676758,0.07652334123849869,0.32747411727905273,"tensor(0.2500, grad_fn=<MseLossBackward0>)",
1786,15.286213874816895,8.23168659210205,0.17751620709896088,0.4218703508377075,"tensor(0.2353, grad_fn=<MseLossBackward0>)",
1787,5.865576267242432,7.330432415008545,0.029973983764648438,0.19083938002586365,"tensor(0.2073, grad_fn=<MseLossBackward0>)",
1788,5.032423973083496,6.374721050262451,0.0,0.18793009221553802,"tensor(0.2290, grad_fn=<MseLossBackward0>)",
1789,4.347595691680908,6.573968410491943,0.029262859374284744,0.1306123435497284,"tensor(0.2494, grad_fn=<MseLossBackward0>)",
1790,5.856428623199463,6.960882663726807,0.04425360634922981,0.17749062180519104,"tensor(0.2313, grad_fn=<MseLossBackward0>)",
1791,1.92579984664917,7.348168849945068,0.03893589973449707,0.02552178129553795,"tensor(0.2362, grad_fn=<MseLossBackward0>)",
1792,5.7949042320251465,6.443261623382568,0.20493966341018677,0.012204889208078384,"tensor(0.2799, grad_fn=<MseLossBackward0>)",
1793,8.833564758300781,6.614871501922607,0.09569116681814194,0.24676381051540375,"tensor(0.1820, grad_fn=<MseLossBackward0>)",
1794,4.441102981567383,7.7908034324646,0.03342032432556152,0.1291435807943344,"tensor(0.2552, grad_fn=<MseLossBackward0>)",
1795,9.037233352661133,7.9660563468933105,0.13316303491592407,0.21378128230571747,"tensor(0.2843, grad_fn=<MseLossBackward0>)",
1796,5.554340839385986,7.115300178527832,0.04218193143606186,0.16394412517547607,"tensor(0.3143, grad_fn=<MseLossBackward0>)",
1797,6.03945255279541,8.1784029006958,0.03581766411662102,0.19042597711086273,"tensor(0.2610, grad_fn=<MseLossBackward0>)",
1798,4.956499099731445,6.701450347900391,0.05905238538980484,0.12663325667381287,"tensor(0.1988, grad_fn=<MseLossBackward0>)",
1799,10.323890686035156,6.861270904541016,0.07209956645965576,0.32934683561325073,"tensor(0.1692, grad_fn=<MseLossBackward0>)",
1800,2.666562557220459,6.668126583099365,0.0,0.09040059894323349,"tensor(0.2902, grad_fn=<MseLossBackward0>)",
1801,2.738943099975586,7.16259765625,0.0008950034971348941,0.09620732069015503,"tensor(0.2068, grad_fn=<MseLossBackward0>)",
1802,4.395864963531494,7.698226451873779,0.025021910667419434,0.13693246245384216,"tensor(0.2506, grad_fn=<MseLossBackward0>)",
1803,9.891921997070312,6.8134989738464355,0.06577923148870468,0.31599679589271545,"tensor(0.2161, grad_fn=<MseLossBackward0>)",
1804,3.709921360015869,6.916465759277344,0.07646298408508301,0.05766571685671806,"tensor(0.2524, grad_fn=<MseLossBackward0>)",
1805,5.513332843780518,6.795159816741943,0.05881470441818237,0.14822611212730408,"tensor(0.2584, grad_fn=<MseLossBackward0>)",
1806,4.7025837898254395,7.263535499572754,0.10607200860977173,0.07235196232795715,"tensor(0.1654, grad_fn=<MseLossBackward0>)",
1807,4.171470642089844,7.431600570678711,0.01856175996363163,0.13678567111492157,"tensor(0.1889, grad_fn=<MseLossBackward0>)",
1808,7.38577127456665,6.54384708404541,0.16911223530769348,0.11257991194725037,"tensor(0.1879, grad_fn=<MseLossBackward0>)",
1809,3.1386489868164062,6.508820056915283,0.07215940952301025,0.040755778551101685,"tensor(0.1888, grad_fn=<MseLossBackward0>)",
1810,6.400753498077393,7.219548225402832,0.0888846293091774,0.15559589862823486,"tensor(0.2130, grad_fn=<MseLossBackward0>)",
1811,3.9275217056274414,7.741531848907471,0.043437063694000244,0.10201149433851242,"tensor(0.1851, grad_fn=<MseLossBackward0>)",
1812,6.87262487411499,7.091887474060059,0.031889379024505615,0.2293195128440857,"tensor(0.2386, grad_fn=<MseLossBackward0>)",
1813,5.978671550750732,5.9453043937683105,0.1333356499671936,0.09232482314109802,"tensor(0.2541, grad_fn=<MseLossBackward0>)",
1814,2.925668716430664,6.7582807540893555,0.017856061458587646,0.08327197283506393,"tensor(0.2796, grad_fn=<MseLossBackward0>)",
1815,9.08621597290039,7.118773937225342,0.08992475271224976,0.2598382532596588,"tensor(0.2569, grad_fn=<MseLossBackward0>)",
1816,8.838702201843262,8.958086967468262,0.034319955855607986,0.3077312707901001,"tensor(0.1916, grad_fn=<MseLossBackward0>)",
1817,3.714272975921631,7.19105863571167,0.0,0.1358969807624817,"tensor(0.2275, grad_fn=<MseLossBackward0>)",
1818,10.282703399658203,7.306525230407715,0.044196028262376785,0.3523600101470947,"tensor(0.2712, grad_fn=<MseLossBackward0>)",
1819,2.4529881477355957,6.614898204803467,0.03558846563100815,0.050103411078453064,"tensor(0.2279, grad_fn=<MseLossBackward0>)",
1820,4.82761812210083,7.234378814697266,0.05855771154165268,0.11656069755554199,"tensor(0.3464, grad_fn=<MseLossBackward0>)",
1821,3.680975914001465,7.671011924743652,0.05222606658935547,0.08030882477760315,"tensor(0.3012, grad_fn=<MseLossBackward0>)",
1822,5.055541038513184,7.0333099365234375,0.020683426409959793,0.16340896487236023,"tensor(0.3316, grad_fn=<MseLossBackward0>)",
1823,3.926259994506836,8.6978759765625,0.0,0.14191365242004395,"tensor(0.3109, grad_fn=<MseLossBackward0>)",
1824,5.492146015167236,6.411121368408203,0.10833126306533813,0.09619182348251343,"tensor(0.2580, grad_fn=<MseLossBackward0>)",
1825,5.788084983825684,7.931931495666504,0.0,0.21694475412368774,"tensor(0.2201, grad_fn=<MseLossBackward0>)",
1826,8.337076187133789,6.741061687469482,0.12321442365646362,0.19658148288726807,"tensor(0.2287, grad_fn=<MseLossBackward0>)",
1827,1.5281939506530762,7.735015392303467,0.0,0.048841726034879684,"tensor(0.2271, grad_fn=<MseLossBackward0>)",
1828,6.183116912841797,7.591494560241699,0.03000042773783207,0.20513908565044403,"tensor(0.1943, grad_fn=<MseLossBackward0>)",
1829,8.146685600280762,7.289218902587891,0.05216449499130249,0.25906074047088623,"tensor(0.2856, grad_fn=<MseLossBackward0>)",
1830,6.2907843589782715,7.910930633544922,0.0852835401892662,0.15349403023719788,"tensor(0.2085, grad_fn=<MseLossBackward0>)",
1831,8.882104873657227,7.452587127685547,0.016825953498482704,0.324995219707489,"tensor(0.2238, grad_fn=<MseLossBackward0>)",
1832,4.572876453399658,7.3642168045043945,0.0894915834069252,0.08155345916748047,"tensor(0.1766, grad_fn=<MseLossBackward0>)",
1833,11.076578140258789,7.0241804122924805,0.212434321641922,0.21593442559242249,"tensor(0.2823, grad_fn=<MseLossBackward0>)",
1834,4.487735271453857,7.071121692657471,0.08881177008152008,0.07634322345256805,"tensor(0.2573, grad_fn=<MseLossBackward0>)",
1835,4.359744071960449,8.215436935424805,0.03099401853978634,0.1298515349626541,"tensor(0.2209, grad_fn=<MseLossBackward0>)",
1836,7.3665852546691895,6.853978633880615,0.051295261830091476,0.22992485761642456,"tensor(0.2227, grad_fn=<MseLossBackward0>)",
1837,6.1237664222717285,7.08673620223999,0.036322712898254395,0.19044238328933716,"tensor(0.3423, grad_fn=<MseLossBackward0>)",
1838,6.549111843109131,6.692023277282715,0.13659732043743134,0.11144577711820602,"tensor(0.2527, grad_fn=<MseLossBackward0>)",
1839,3.578927993774414,7.210116386413574,0.0,0.13216030597686768,"tensor(0.1855, grad_fn=<MseLossBackward0>)",
1840,4.031111240386963,5.866896629333496,0.10314568132162094,0.04450424015522003,"tensor(0.2528, grad_fn=<MseLossBackward0>)",
1841,4.337449550628662,6.048531532287598,0.1122339516878128,0.0485859252512455,"tensor(0.2135, grad_fn=<MseLossBackward0>)",
1842,5.006411075592041,6.841238975524902,0.036827243864536285,0.15139803290367126,"tensor(0.1791, grad_fn=<MseLossBackward0>)",
1843,6.371384620666504,7.2057647705078125,0.14715777337551117,0.09481215476989746,"tensor(0.2346, grad_fn=<MseLossBackward0>)",
1844,6.614488124847412,7.63289213180542,0.11900538206100464,0.13210611045360565,"tensor(0.2260, grad_fn=<MseLossBackward0>)",
1845,6.259034633636475,7.546513557434082,0.012750962749123573,0.22206470370292664,"tensor(0.2621, grad_fn=<MseLossBackward0>)",
1846,5.7958807945251465,7.801303386688232,0.05343594029545784,0.16200357675552368,"tensor(0.2892, grad_fn=<MseLossBackward0>)",
1847,3.1135478019714355,7.824418067932129,0.00019554297614376992,0.11094529926776886,"tensor(0.2208, grad_fn=<MseLossBackward0>)",
1848,5.306864261627197,8.052274703979492,0.048300523310899734,0.15074245631694794,"tensor(0.2434, grad_fn=<MseLossBackward0>)",
1849,4.976367473602295,7.787579536437988,0.0,0.18391527235507965,"tensor(0.3017, grad_fn=<MseLossBackward0>)",
1850,7.169044494628906,7.5176591873168945,0.056901633739471436,0.21568609774112701,"tensor(0.2740, grad_fn=<MseLossBackward0>)",
1851,7.406688690185547,9.095488548278809,0.0,0.27998557686805725,"tensor(0.2874, grad_fn=<MseLossBackward0>)",
1852,6.209805488586426,9.373767852783203,0.009782631881535053,0.2237381488084793,"tensor(0.2897, grad_fn=<MseLossBackward0>)",
1853,4.499317646026611,7.414281845092773,0.09358374029397964,0.0669679194688797,"tensor(0.3459, grad_fn=<MseLossBackward0>)",
1854,5.657822132110596,7.667497158050537,0.13142381608486176,0.08230036497116089,"tensor(0.2184, grad_fn=<MseLossBackward0>)",
1855,3.78916597366333,7.4781365394592285,0.05110456421971321,0.08476949483156204,"tensor(0.2661, grad_fn=<MseLossBackward0>)",
1856,5.202134132385254,9.0045804977417,0.058747272938489914,0.13039883971214294,"tensor(0.3296, grad_fn=<MseLossBackward0>)",
1857,9.46773910522461,7.927967071533203,0.07937413454055786,0.2831210792064667,"tensor(0.2859, grad_fn=<MseLossBackward0>)",
1858,5.403380393981934,9.179689407348633,0.0008508761529810727,0.20166203379631042,"tensor(0.2185, grad_fn=<MseLossBackward0>)",
1859,3.3395204544067383,8.319665908813477,0.009228427894413471,0.10718036442995071,"tensor(0.3235, grad_fn=<MseLossBackward0>)",
1860,6.137014389038086,8.281765937805176,0.011043448932468891,0.2185867875814438,"tensor(0.2574, grad_fn=<MseLossBackward0>)",
1861,1.6904573440551758,7.600830078125,0.034431081265211105,0.016440682113170624,"tensor(0.3083, grad_fn=<MseLossBackward0>)",
1862,6.95693302154541,8.614794731140137,0.07588548958301544,0.1862057000398636,"tensor(0.2721, grad_fn=<MseLossBackward0>)",
1863,5.976216793060303,7.646474838256836,0.10299603641033173,0.12230526655912399,"tensor(0.2035, grad_fn=<MseLossBackward0>)",
1864,6.392588138580322,7.198849678039551,0.11440111696720123,0.1261606365442276,"tensor(0.2604, grad_fn=<MseLossBackward0>)",
1865,4.33742618560791,8.558666229248047,0.034842509776353836,0.12375722825527191,"tensor(0.2156, grad_fn=<MseLossBackward0>)",
1866,3.439060688018799,7.623526096343994,0.0,0.11695543676614761,"tensor(0.2773, grad_fn=<MseLossBackward0>)",
1867,6.327199459075928,7.921291828155518,0.00916057825088501,0.22462324798107147,"tensor(0.3039, grad_fn=<MseLossBackward0>)",
1868,6.182699680328369,7.488126754760742,0.06445034593343735,0.16135886311531067,"tensor(0.3843, grad_fn=<MseLossBackward0>)",
1869,12.969141960144043,8.76863956451416,0.07233605533838272,0.4283106327056885,"tensor(0.3131, grad_fn=<MseLossBackward0>)",
1870,17.759029388427734,7.9997639656066895,0.0,0.6894693374633789,"tensor(0.3169, grad_fn=<MseLossBackward0>)",
1871,11.682270050048828,7.937442302703857,0.02891085483133793,0.42369234561920166,"tensor(0.2108, grad_fn=<MseLossBackward0>)",
1872,2.8881611824035645,7.994131088256836,0.014130870811641216,0.08801151812076569,"tensor(0.1834, grad_fn=<MseLossBackward0>)",
1873,6.249497890472412,8.032698631286621,0.01748855784535408,0.21674597263336182,"tensor(0.3057, grad_fn=<MseLossBackward0>)",
1874,2.776036262512207,8.488734245300293,0.006681978702545166,0.08831415325403214,"tensor(0.2859, grad_fn=<MseLossBackward0>)",
1875,9.933338165283203,7.821883201599121,0.0,0.3827367424964905,"tensor(0.2548, grad_fn=<MseLossBackward0>)",
1876,8.702019691467285,7.004425048828125,0.12353972345590591,0.20900267362594604,"tensor(0.2734, grad_fn=<MseLossBackward0>)",
1877,4.436861038208008,7.7521653175354,0.0,0.16351096332073212,"tensor(0.2685, grad_fn=<MseLossBackward0>)",
1878,6.705962181091309,6.7170867919921875,0.005870620254427195,0.24935302138328552,"tensor(0.2205, grad_fn=<MseLossBackward0>)",
1879,6.330347537994385,6.416393280029297,0.05774345248937607,0.18622906506061554,"tensor(0.1485, grad_fn=<MseLossBackward0>)",
1880,6.351924419403076,7.47511100769043,0.0742267593741417,0.16941656172275543,"tensor(0.1802, grad_fn=<MseLossBackward0>)",
1881,5.590256214141846,6.7098822593688965,0.05965320020914078,0.14894281327724457,"tensor(0.3099, grad_fn=<MseLossBackward0>)",
1882,6.388331890106201,7.304647922515869,0.046685557812452316,0.19497191905975342,"tensor(0.2664, grad_fn=<MseLossBackward0>)",
1883,8.922229766845703,7.085197925567627,0.10271018743515015,0.24198514223098755,"tensor(0.2246, grad_fn=<MseLossBackward0>)",
1884,8.745403289794922,6.7107157707214355,0.17779040336608887,0.15882210433483124,"tensor(0.2591, grad_fn=<MseLossBackward0>)",
1885,6.394588947296143,7.273714542388916,0.023324470967054367,0.21614015102386475,"tensor(0.3347, grad_fn=<MseLossBackward0>)",
1886,4.875340938568115,6.96968412399292,0.08501370996236801,0.10031632333993912,"tensor(0.1769, grad_fn=<MseLossBackward0>)",
1887,4.991750240325928,7.4434814453125,0.04838808625936508,0.1379202902317047,"tensor(0.2584, grad_fn=<MseLossBackward0>)",
1888,3.2345333099365234,6.897369861602783,0.0739612802863121,0.04523656144738197,"tensor(0.2102, grad_fn=<MseLossBackward0>)",
1889,4.728305339813232,8.023932456970215,0.11703779548406601,0.06032317131757736,"tensor(0.2191, grad_fn=<MseLossBackward0>)",
1890,4.502389907836914,7.056586742401123,0.0857413187623024,0.08131808042526245,"tensor(0.2577, grad_fn=<MseLossBackward0>)",
1891,4.021014213562012,6.479746341705322,0.019048374146223068,0.12953418493270874,"tensor(0.2197, grad_fn=<MseLossBackward0>)",
1892,3.3752450942993164,6.552328109741211,0.04576893895864487,0.07808876037597656,"tensor(0.1765, grad_fn=<MseLossBackward0>)",
1893,5.206320285797119,6.439770221710205,0.05524170398712158,0.1436220109462738,"tensor(0.1482, grad_fn=<MseLossBackward0>)",
1894,4.347286224365234,6.771287441253662,0.0752892717719078,0.08451567590236664,"tensor(0.2006, grad_fn=<MseLossBackward0>)",
1895,1.0484004020690918,7.781565189361572,0.0028451879043132067,0.027978774160146713,"tensor(0.1768, grad_fn=<MseLossBackward0>)",
1896,3.3894972801208496,7.235761642456055,0.029718756675720215,0.09006137400865555,"tensor(0.2645, grad_fn=<MseLossBackward0>)",
1897,2.995401382446289,7.313792705535889,0.042936861515045166,0.0595916323363781,"tensor(0.2609, grad_fn=<MseLossBackward0>)",
1898,9.121641159057617,7.431224822998047,0.01829485036432743,0.33353298902511597,"tensor(0.1758, grad_fn=<MseLossBackward0>)",
1899,8.048171997070312,7.674916744232178,0.0884162187576294,0.2188573032617569,"tensor(0.2285, grad_fn=<MseLossBackward0>)",
1900,5.0397868156433105,8.06250286102295,0.0,0.1848817765712738,"tensor(0.2584, grad_fn=<MseLossBackward0>)",
1901,5.102621555328369,7.7692975997924805,0.07717611640691757,0.10951896011829376,"tensor(0.2775, grad_fn=<MseLossBackward0>)",
1902,5.606150150299072,6.841954231262207,0.08339150995016098,0.12947510182857513,"tensor(0.1708, grad_fn=<MseLossBackward0>)",
1903,4.200789451599121,8.173491477966309,0.040708500891923904,0.11503611505031586,"tensor(0.1961, grad_fn=<MseLossBackward0>)",
1904,5.074923038482666,7.916566371917725,0.020727118477225304,0.16641466319561005,"tensor(0.2618, grad_fn=<MseLossBackward0>)",
1905,5.485683441162109,8.01919937133789,0.04691479355096817,0.15606363117694855,"tensor(0.2896, grad_fn=<MseLossBackward0>)",
1906,8.761738777160645,8.674575805664062,0.06926921755075455,0.26171189546585083,"tensor(0.3927, grad_fn=<MseLossBackward0>)",
1907,4.845023155212402,8.906126976013184,0.042941074818372726,0.1358453929424286,"tensor(0.2457, grad_fn=<MseLossBackward0>)",
1908,13.362815856933594,8.62403392791748,0.06869184970855713,0.45653069019317627,"tensor(0.1334, grad_fn=<MseLossBackward0>)",
1909,6.5745086669921875,8.95968246459961,0.020068049430847168,0.22838236391544342,"tensor(0.2536, grad_fn=<MseLossBackward0>)",
1910,2.7850918769836426,7.7772979736328125,0.017646312713623047,0.07674598693847656,"tensor(0.3522, grad_fn=<MseLossBackward0>)",
1911,4.382075309753418,8.837005615234375,0.008754770271480083,0.15137358009815216,"tensor(0.2871, grad_fn=<MseLossBackward0>)",
1912,5.533845901489258,8.601494789123535,0.08418194204568863,0.12139762938022614,"tensor(0.2486, grad_fn=<MseLossBackward0>)",
1913,5.612682342529297,8.693375587463379,0.096913181245327,0.11070036888122559,"tensor(0.3618, grad_fn=<MseLossBackward0>)",
1914,4.502885818481445,8.249590873718262,0.0592881441116333,0.10457104444503784,"tensor(0.3217, grad_fn=<MseLossBackward0>)",
1915,2.6486120223999023,8.764339447021484,0.023190319538116455,0.07216040790081024,"tensor(0.1737, grad_fn=<MseLossBackward0>)",
1916,5.389727592468262,8.824041366577148,0.09487491846084595,0.10638134181499481,"tensor(0.2558, grad_fn=<MseLossBackward0>)",
1917,5.895425796508789,8.714340209960938,0.0012880166759714484,0.22042208909988403,"tensor(0.2470, grad_fn=<MseLossBackward0>)",
1918,6.655984878540039,8.99353313446045,0.001919388771057129,0.24896544218063354,"tensor(0.2780, grad_fn=<MseLossBackward0>)",
1919,7.027603626251221,6.758965015411377,0.10060173273086548,0.1640324890613556,"tensor(0.2634, grad_fn=<MseLossBackward0>)",
1920,4.047878742218018,7.267261981964111,0.0786789059638977,0.06724391877651215,"tensor(0.2675, grad_fn=<MseLossBackward0>)",
1921,7.962707996368408,8.067670822143555,0.015303690917789936,0.2858484089374542,"tensor(0.3100, grad_fn=<MseLossBackward0>)",
1922,4.2419753074646,7.821511268615723,0.0008019208908081055,0.1512068808078766,"tensor(0.3109, grad_fn=<MseLossBackward0>)",
1923,1.3456006050109863,8.091803550720215,0.004155436996370554,0.03776268661022186,"tensor(0.1685, grad_fn=<MseLossBackward0>)",
1924,2.373961925506592,7.95095682144165,0.0,0.08254371583461761,"tensor(0.1874, grad_fn=<MseLossBackward0>)",
1925,12.558609008789062,7.911264419555664,0.050996262580156326,0.4357403516769409,"tensor(0.2555, grad_fn=<MseLossBackward0>)",
1926,5.53306245803833,7.139833450317383,0.05466238409280777,0.15190951526165009,"tensor(0.2685, grad_fn=<MseLossBackward0>)",
1927,5.327794075012207,7.697686195373535,0.055025599896907806,0.1446361243724823,"tensor(0.2065, grad_fn=<MseLossBackward0>)",
1928,4.480685710906982,7.469005107879639,0.06564972549676895,0.09607803821563721,"tensor(0.3608, grad_fn=<MseLossBackward0>)",
1929,6.588644981384277,8.197885513305664,0.011751850135624409,0.23932525515556335,"tensor(0.1937, grad_fn=<MseLossBackward0>)",
1930,4.775993824005127,7.700454235076904,0.07498166710138321,0.10229466110467911,"tensor(0.2329, grad_fn=<MseLossBackward0>)",
1931,6.117500305175781,9.1173095703125,0.05832942575216293,0.17444036900997162,"tensor(0.2194, grad_fn=<MseLossBackward0>)",
1932,3.2858080863952637,7.775715351104736,0.018657546490430832,0.10055140405893326,"tensor(0.2272, grad_fn=<MseLossBackward0>)",
1933,5.889107704162598,8.246148109436035,0.09951023012399673,0.1181596964597702,"tensor(0.3529, grad_fn=<MseLossBackward0>)",
1934,6.377377510070801,8.144044876098633,0.15000639855861664,0.09033754467964172,"tensor(0.2706, grad_fn=<MseLossBackward0>)",
1935,2.9396820068359375,8.676740646362305,0.07625659555196762,0.028217511251568794,"tensor(0.2173, grad_fn=<MseLossBackward0>)",
1936,4.302767276763916,7.916685104370117,0.040950991213321686,0.11755020916461945,"tensor(0.2456, grad_fn=<MseLossBackward0>)",
1937,3.457772731781006,7.744922637939453,0.035459719598293304,0.08679236471652985,"tensor(0.2552, grad_fn=<MseLossBackward0>)",
1938,3.6143064498901367,9.055444717407227,0.06384867429733276,0.06567523628473282,"tensor(0.2232, grad_fn=<MseLossBackward0>)",
1939,2.800532341003418,9.365474700927734,0.05702684447169304,0.04154021665453911,"tensor(0.2122, grad_fn=<MseLossBackward0>)",
1940,3.767928123474121,10.244952201843262,0.018838226795196533,0.11730057001113892,"tensor(0.2145, grad_fn=<MseLossBackward0>)",
1941,13.996973991394043,8.717246055603027,0.007128596305847168,0.5359412431716919,"tensor(0.3073, grad_fn=<MseLossBackward0>)",
1942,5.033520698547363,9.259139060974121,0.01530561875551939,0.1664987951517105,"tensor(0.3045, grad_fn=<MseLossBackward0>)",
1943,6.841216087341309,9.666974067687988,0.0,0.25475621223449707,"tensor(0.3228, grad_fn=<MseLossBackward0>)",
1944,8.869051933288574,9.616419792175293,0.038698237389326096,0.29838478565216064,"tensor(0.2335, grad_fn=<MseLossBackward0>)",
1945,12.924087524414062,7.761831283569336,0.01122321654111147,0.4884125292301178,"tensor(0.2439, grad_fn=<MseLossBackward0>)",
1946,6.331047058105469,9.641657829284668,0.0006872415542602539,0.23661978542804718,"tensor(0.2759, grad_fn=<MseLossBackward0>)",
1947,2.3568506240844727,8.782310485839844,0.020426353439688683,0.05997893214225769,"tensor(0.2090, grad_fn=<MseLossBackward0>)",
1948,7.268335342407227,9.000273704528809,0.027125159278512,0.2489856779575348,"tensor(0.2668, grad_fn=<MseLossBackward0>)",
1949,2.613595962524414,9.32480525970459,0.03514401242136955,0.05282343178987503,"tensor(0.2645, grad_fn=<MseLossBackward0>)",
1950,4.038943290710449,9.292020797729492,0.023843426257371902,0.11998476088047028,"tensor(0.3140, grad_fn=<MseLossBackward0>)",
1951,8.465192794799805,8.672048568725586,0.0,0.32402193546295166,"tensor(0.2680, grad_fn=<MseLossBackward0>)",
1952,10.820754051208496,8.708341598510742,0.0945872813463211,0.321449875831604,"tensor(0.2821, grad_fn=<MseLossBackward0>)",
1953,3.557891368865967,7.602224349975586,0.06509619951248169,0.06114531308412552,"tensor(0.2703, grad_fn=<MseLossBackward0>)",
1954,2.8435916900634766,8.683460235595703,0.0,0.09897322952747345,"tensor(0.3034, grad_fn=<MseLossBackward0>)",
1955,2.1658992767333984,9.150348663330078,0.00016434986901003867,0.0700254812836647,"tensor(0.2990, grad_fn=<MseLossBackward0>)",
1956,1.5464849472045898,8.437694549560547,0.01875636912882328,0.030299481004476547,"tensor(0.2386, grad_fn=<MseLossBackward0>)",
1957,7.027831077575684,8.325986862182617,0.00842700432986021,0.2601882815361023,"tensor(0.2255, grad_fn=<MseLossBackward0>)",
1958,3.8046774864196777,7.7319560050964355,0.054263968020677567,0.08474744856357574,"tensor(0.2576, grad_fn=<MseLossBackward0>)",
1959,4.290910720825195,7.447238922119141,0.07690173387527466,0.08288858830928802,"tensor(0.2179, grad_fn=<MseLossBackward0>)",
1960,4.413756847381592,7.020877838134766,0.0,0.16225683689117432,"tensor(0.2263, grad_fn=<MseLossBackward0>)",
1961,4.743067264556885,6.9610443115234375,0.06993454694747925,0.10798659920692444,"tensor(0.2179, grad_fn=<MseLossBackward0>)",
1962,7.470756530761719,8.392333984375,0.08740489184856415,0.19839723408222198,"tensor(0.2148, grad_fn=<MseLossBackward0>)",
1963,1.3946385383605957,6.820437431335449,0.02367832325398922,0.0174739807844162,"tensor(0.2286, grad_fn=<MseLossBackward0>)",
1964,3.4335474967956543,6.902649879455566,0.09412332624197006,0.02736247330904007,"tensor(0.1999, grad_fn=<MseLossBackward0>)",
1965,3.680786609649658,7.948424339294434,0.06686903536319733,0.06887498497962952,"tensor(0.1705, grad_fn=<MseLossBackward0>)",
1966,17.611770629882812,8.034704208374023,0.13817818462848663,0.5513983368873596,"tensor(0.2016, grad_fn=<MseLossBackward0>)",
1967,6.250895977020264,6.886115550994873,0.0,0.23383823037147522,"tensor(0.3065, grad_fn=<MseLossBackward0>)",
1968,4.486319541931152,8.225488662719727,0.0,0.16445690393447876,"tensor(0.2698, grad_fn=<MseLossBackward0>)",
1969,5.367591381072998,7.275427341461182,0.05340123176574707,0.1486649215221405,"tensor(0.2127, grad_fn=<MseLossBackward0>)",
1970,5.355654239654541,7.635781764984131,0.06066383793950081,0.13657578825950623,"tensor(0.3198, grad_fn=<MseLossBackward0>)",
1971,10.58398723602295,8.221617698669434,0.09383724629878998,0.3184405565261841,"tensor(0.1995, grad_fn=<MseLossBackward0>)",
1972,4.882323741912842,6.6319756507873535,0.10337986797094345,0.07821635156869888,"tensor(0.2416, grad_fn=<MseLossBackward0>)",
1973,4.527936935424805,8.226434707641602,0.09302423149347305,0.07808391004800797,"tensor(0.1682, grad_fn=<MseLossBackward0>)",
1974,3.9179229736328125,8.017499923706055,0.003496150253340602,0.13974176347255707,"tensor(0.2484, grad_fn=<MseLossBackward0>)",
1975,4.659789085388184,8.084186553955078,0.14160850644111633,0.03480742126703262,"tensor(0.1848, grad_fn=<MseLossBackward0>)",
1976,5.785100936889648,8.396553039550781,0.03771046921610832,0.18015554547309875,"tensor(0.2123, grad_fn=<MseLossBackward0>)",
1977,3.1034445762634277,8.073346138000488,0.008648316375911236,0.10336174815893173,"tensor(0.2229, grad_fn=<MseLossBackward0>)",
1978,3.187490463256836,9.053868293762207,0.08463257551193237,0.028910353779792786,"tensor(0.2478, grad_fn=<MseLossBackward0>)",
1979,8.690969467163086,7.46518611907959,0.06088624149560928,0.27397578954696655,"tensor(0.2275, grad_fn=<MseLossBackward0>)",
1980,4.326227188110352,8.132393836975098,0.022335371002554893,0.13650746643543243,"tensor(0.2343, grad_fn=<MseLossBackward0>)",
1981,8.382596015930176,8.529003143310547,0.06924817711114883,0.2511933743953705,"tensor(0.2520, grad_fn=<MseLossBackward0>)",
1982,5.576918125152588,7.328613758087158,0.03791467472910881,0.17246383428573608,"tensor(0.2210, grad_fn=<MseLossBackward0>)",
1983,3.2702465057373047,7.392791748046875,0.017480134963989258,0.09883864223957062,"tensor(0.2528, grad_fn=<MseLossBackward0>)",
1984,4.695344924926758,8.543848991394043,0.011937856674194336,0.16075579822063446,"tensor(0.2595, grad_fn=<MseLossBackward0>)",
1985,10.078927993774414,7.672605991363525,0.04370616003870964,0.34215497970581055,"tensor(0.3324, grad_fn=<MseLossBackward0>)",
1986,4.130124092102051,8.534029006958008,0.022481441497802734,0.12856006622314453,"tensor(0.2438, grad_fn=<MseLossBackward0>)",
1987,7.647099494934082,8.679910659790039,0.12905436754226685,0.16727899014949799,"tensor(0.1562, grad_fn=<MseLossBackward0>)",
1988,4.362319469451904,7.770595550537109,0.061967749148607254,0.10207600146532059,"tensor(0.2001, grad_fn=<MseLossBackward0>)",
1989,4.0727362632751465,7.985683441162109,0.07395178079605103,0.06935454159975052,"tensor(0.3472, grad_fn=<MseLossBackward0>)",
1990,3.9929094314575195,8.135154724121094,0.026205459609627724,0.11647385358810425,"tensor(0.2979, grad_fn=<MseLossBackward0>)",
1991,8.037604331970215,8.419548034667969,0.004978796001523733,0.3011589050292969,"tensor(0.2150, grad_fn=<MseLossBackward0>)",
1992,7.954096794128418,8.553228378295898,0.0,0.3008233308792114,"tensor(0.2425, grad_fn=<MseLossBackward0>)",
1993,6.0899457931518555,8.844696998596191,0.0,0.22515198588371277,"tensor(0.2803, grad_fn=<MseLossBackward0>)",
1994,5.360936164855957,7.16676139831543,0.05248689651489258,0.14729928970336914,"tensor(0.2163, grad_fn=<MseLossBackward0>)",
1995,6.454250335693359,9.385482788085938,0.057162683457136154,0.1841011345386505,"tensor(0.2662, grad_fn=<MseLossBackward0>)",
1996,6.597752571105957,8.512571334838867,0.009961843490600586,0.238413006067276,"tensor(0.2529, grad_fn=<MseLossBackward0>)",
1997,4.533690452575684,8.327086448669434,0.0,0.16893267631530762,"tensor(0.2042, grad_fn=<MseLossBackward0>)",
1998,4.935894012451172,8.449217796325684,0.028791526332497597,0.15460175275802612,"tensor(0.2248, grad_fn=<MseLossBackward0>)",
1999,1.854158878326416,7.939098834991455,0.0,0.058552198112010956,"tensor(0.2881, grad_fn=<MseLossBackward0>)",
2000,4.56760311126709,8.098654747009277,0.052596889436244965,0.11494395136833191,"tensor(0.2386, grad_fn=<MseLossBackward0>)","[0.9910805821418762, 1.1349726915359497, 1.1531227827072144]"
2001,5.650815010070801,6.717084884643555,0.1411641389131546,0.0695684403181076,"tensor(0.3081, grad_fn=<MseLossBackward0>)",
2002,4.798473358154297,8.247150421142578,0.009847462177276611,0.16829082369804382,"tensor(0.2572, grad_fn=<MseLossBackward0>)",
2003,4.496001720428467,7.347095966339111,0.06702947616577148,0.10167992115020752,"tensor(0.1858, grad_fn=<MseLossBackward0>)",
2004,4.999320983886719,6.8948774337768555,0.05318127200007439,0.13424336910247803,"tensor(0.2303, grad_fn=<MseLossBackward0>)",
2005,3.7978153228759766,7.575368404388428,0.07078657299280167,0.06494250893592834,"tensor(0.2903, grad_fn=<MseLossBackward0>)",
2006,6.112329483032227,6.816066265106201,0.08197015523910522,0.15066200494766235,"tensor(0.1846, grad_fn=<MseLossBackward0>)",
2007,7.982086658477783,6.746732234954834,0.1952473521232605,0.1080334484577179,"tensor(0.2922, grad_fn=<MseLossBackward0>)",
2008,6.3092451095581055,7.528691291809082,0.08299434185028076,0.157568097114563,"tensor(0.2089, grad_fn=<MseLossBackward0>)",
2009,7.2083821296691895,8.063616752624512,0.04057341814041138,0.23232614994049072,"tensor(0.2815, grad_fn=<MseLossBackward0>)",
2010,4.4629292488098145,6.678572177886963,0.052707772701978683,0.11340595781803131,"tensor(0.2458, grad_fn=<MseLossBackward0>)",
2011,4.617766857147217,6.872611045837402,0.054510533809661865,0.11586294323205948,"tensor(0.2452, grad_fn=<MseLossBackward0>)",
2012,3.2802395820617676,7.885111331939697,0.0,0.11453346908092499,"tensor(0.2891, grad_fn=<MseLossBackward0>)",
2013,10.291730880737305,7.7128400802612305,0.10577447712421417,0.29200834035873413,"tensor(0.2109, grad_fn=<MseLossBackward0>)",
2014,4.106912612915039,7.8460164070129395,0.04302604869008064,0.10502281785011292,"tensor(0.2874, grad_fn=<MseLossBackward0>)",
2015,1.9820914268493652,7.185297012329102,0.01692376472055912,0.04901079088449478,"tensor(0.2336, grad_fn=<MseLossBackward0>)",
2016,9.761890411376953,7.42625617980957,0.047183889895677567,0.3291831612586975,"tensor(0.2391, grad_fn=<MseLossBackward0>)",
2017,3.326723575592041,6.5725908279418945,0.018346507102251053,0.1014283299446106,"tensor(0.2234, grad_fn=<MseLossBackward0>)",
2018,4.599989891052246,8.350973129272461,0.10924021154642105,0.06384255737066269,"tensor(0.1542, grad_fn=<MseLossBackward0>)",
2019,2.9585137367248535,8.055560111999512,0.013977745547890663,0.09029314666986465,"tensor(0.2499, grad_fn=<MseLossBackward0>)",
2020,5.058063507080078,6.592101573944092,0.03564707562327385,0.15174323320388794,"tensor(0.2351, grad_fn=<MseLossBackward0>)",
2021,9.99020004272461,6.332183837890625,0.14415541291236877,0.24385255575180054,"tensor(0.1920, grad_fn=<MseLossBackward0>)",
2022,7.018651962280273,8.21351146697998,0.031776487827301025,0.2344844937324524,"tensor(0.2128, grad_fn=<MseLossBackward0>)",
2023,7.838277339935303,6.820822715759277,0.05529739335179329,0.2421950101852417,"tensor(0.2820, grad_fn=<MseLossBackward0>)",
2024,2.429903030395508,7.817630290985107,0.0,0.0801318883895874,"tensor(0.2740, grad_fn=<MseLossBackward0>)",
2025,3.704507827758789,6.98687219619751,0.03811226040124893,0.09561056643724442,"tensor(0.2706, grad_fn=<MseLossBackward0>)",
2026,5.997032642364502,7.675588130950928,0.07903500646352768,0.14566746354103088,"tensor(0.2645, grad_fn=<MseLossBackward0>)",
2027,3.956185817718506,6.724466800689697,0.022439679130911827,0.12183966487646103,"tensor(0.1921, grad_fn=<MseLossBackward0>)",
2028,6.108842849731445,8.659046173095703,0.0,0.22510352730751038,"tensor(0.3131, grad_fn=<MseLossBackward0>)",
2029,3.255016803741455,7.437252044677734,0.04977375268936157,0.0625196248292923,"tensor(0.3505, grad_fn=<MseLossBackward0>)",
2030,9.527393341064453,7.31362771987915,0.057918012142181396,0.3091796934604645,"tensor(0.2239, grad_fn=<MseLossBackward0>)",
2031,6.634603500366211,6.8370819091796875,0.01667886972427368,0.2329905480146408,"tensor(0.2688, grad_fn=<MseLossBackward0>)",
2032,9.478883743286133,6.800512790679932,0.12782837450504303,0.2408507615327835,"tensor(0.1883, grad_fn=<MseLossBackward0>)",
2033,7.1337809562683105,7.096177577972412,0.13567416369915009,0.1391262263059616,"tensor(0.1683, grad_fn=<MseLossBackward0>)",
2034,9.138664245605469,6.9908294677734375,0.0966184139251709,0.25747501850128174,"tensor(0.1681, grad_fn=<MseLossBackward0>)",
2035,5.872661113739014,7.075389385223389,0.016260286793112755,0.2032434344291687,"tensor(0.2884, grad_fn=<MseLossBackward0>)",
2036,3.231757640838623,6.932657241821289,0.05946914479136467,0.05399392172694206,"tensor(0.2958, grad_fn=<MseLossBackward0>)",
2037,7.800130367279053,7.57535457611084,0.06312283128499985,0.23184669017791748,"tensor(0.3485, grad_fn=<MseLossBackward0>)",
2038,4.710931777954102,7.245140552520752,0.07488473504781723,0.10328201949596405,"tensor(0.1547, grad_fn=<MseLossBackward0>)",
2039,2.8382482528686523,7.057724952697754,0.07076793909072876,0.030199125409126282,"tensor(0.2451, grad_fn=<MseLossBackward0>)",
2040,3.7210841178894043,5.9440178871154785,0.027868449687957764,0.1044701561331749,"tensor(0.3174, grad_fn=<MseLossBackward0>)",
2041,6.630371570587158,7.291818618774414,0.027675848454236984,0.2227722555398941,"tensor(0.2668, grad_fn=<MseLossBackward0>)",
2042,5.212636470794678,6.495275020599365,0.11807402223348618,0.07542626559734344,"tensor(0.2879, grad_fn=<MseLossBackward0>)",
2043,3.2168946266174316,7.857405662536621,0.012230058200657368,0.10459691286087036,"tensor(0.1944, grad_fn=<MseLossBackward0>)",
2044,6.308872699737549,7.246992111206055,0.04060053825378418,0.20012407004833221,"tensor(0.1983, grad_fn=<MseLossBackward0>)",
2045,3.021512508392334,7.3076348304748535,0.04563574120402336,0.06261547654867172,"tensor(0.2388, grad_fn=<MseLossBackward0>)",
2046,2.7528538703918457,7.277710437774658,0.044734735041856766,0.05184198543429375,"tensor(0.2483, grad_fn=<MseLossBackward0>)",
2047,2.338075637817383,8.549389839172363,0.0,0.08237993717193604,"tensor(0.1990, grad_fn=<MseLossBackward0>)",
2048,7.044011116027832,8.585700035095215,0.05166405439376831,0.21344366669654846,"tensor(0.2445, grad_fn=<MseLossBackward0>)",
2049,5.32814359664917,7.917713165283203,0.0489816851913929,0.1411592662334442,"tensor(0.4795, grad_fn=<MseLossBackward0>)",
2050,3.7859721183776855,8.055768966674805,0.07312927395105362,0.06784481555223465,"tensor(0.1563, grad_fn=<MseLossBackward0>)",
2051,6.9829583168029785,7.869838237762451,0.07111313194036484,0.18914923071861267,"tensor(0.3291, grad_fn=<MseLossBackward0>)",
2052,1.7462244033813477,8.4629487991333,0.0,0.055192019790410995,"tensor(0.2643, grad_fn=<MseLossBackward0>)",
2053,4.1646270751953125,8.170540809631348,0.032738227397203445,0.11991721391677856,"tensor(0.1985, grad_fn=<MseLossBackward0>)",
2054,11.239652633666992,7.3395209312438965,0.10611242055892944,0.32992517948150635,"tensor(0.2416, grad_fn=<MseLossBackward0>)",
2055,7.213277339935303,7.370481014251709,0.07303033769130707,0.20111608505249023,"tensor(0.2774, grad_fn=<MseLossBackward0>)",
2056,6.757297039031982,7.096513748168945,0.0225435309112072,0.2332722246646881,"tensor(0.2067, grad_fn=<MseLossBackward0>)",
2057,7.162286281585693,7.431698322296143,0.13465632498264313,0.13817910850048065,"tensor(0.2577, grad_fn=<MseLossBackward0>)",
2058,5.205795764923096,6.824079990386963,0.0653669461607933,0.12847565114498138,"tensor(0.2482, grad_fn=<MseLossBackward0>)",
2059,7.635347366333008,6.867859840393066,0.0,0.28849485516548157,"tensor(0.3056, grad_fn=<MseLossBackward0>)",
2060,5.367393493652344,6.849128246307373,0.106300950050354,0.09586010873317719,"tensor(0.2282, grad_fn=<MseLossBackward0>)",
2061,3.672208309173584,6.7553229331970215,0.052987754344940186,0.08303771913051605,"tensor(0.1625, grad_fn=<MseLossBackward0>)",
2062,6.244650363922119,6.969107627868652,0.07073084264993668,0.16788047552108765,"tensor(0.1816, grad_fn=<MseLossBackward0>)",
2063,6.930924892425537,6.518424987792969,0.00522593641653657,0.2597922086715698,"tensor(0.1926, grad_fn=<MseLossBackward0>)",
2064,3.657127857208252,6.388426303863525,0.044261932373046875,0.08777298033237457,"tensor(0.2665, grad_fn=<MseLossBackward0>)",
2065,4.572824954986572,6.287568092346191,0.09500143676996231,0.07073318958282471,"tensor(0.3305, grad_fn=<MseLossBackward0>)",
2066,1.8363938331604004,6.958845615386963,0.0,0.06232043355703354,"tensor(0.1910, grad_fn=<MseLossBackward0>)",
2067,3.242462635040283,6.489406585693359,0.03240267559885979,0.08354632556438446,"tensor(0.2306, grad_fn=<MseLossBackward0>)",
2068,6.70902681350708,7.2115702629089355,0.07124285399913788,0.1863226294517517,"tensor(0.1951, grad_fn=<MseLossBackward0>)",
2069,5.646104335784912,7.525737285614014,0.040397465229034424,0.17073367536067963,"tensor(0.2793, grad_fn=<MseLossBackward0>)",
2070,11.693355560302734,6.559746742248535,0.0011131763458251953,0.45054587721824646,"tensor(0.3008, grad_fn=<MseLossBackward0>)",
2071,3.5258121490478516,6.291644096374512,0.05954939126968384,0.067762091755867,"tensor(0.2605, grad_fn=<MseLossBackward0>)",
2072,4.032331466674805,6.76649284362793,0.054462987929582596,0.09214404225349426,"tensor(0.2562, grad_fn=<MseLossBackward0>)",
2073,5.363349914550781,6.042466640472412,0.10462383925914764,0.09671466052532196,"tensor(0.2103, grad_fn=<MseLossBackward0>)",
2074,3.014097213745117,7.249523162841797,0.017566343769431114,0.09042906016111374,"tensor(0.1851, grad_fn=<MseLossBackward0>)",
2075,4.923690319061279,5.508335590362549,0.0783347487449646,0.10592320561408997,"tensor(0.2463, grad_fn=<MseLossBackward0>)",
2076,3.5075249671936035,6.414285182952881,0.0,0.12777140736579895,"tensor(0.2130, grad_fn=<MseLossBackward0>)",
2077,1.4276957511901855,6.370601654052734,0.000692387402523309,0.03968246281147003,"tensor(0.1825, grad_fn=<MseLossBackward0>)",
2078,7.053852558135986,4.984951496124268,0.02976512908935547,0.23939339816570282,"tensor(0.2037, grad_fn=<MseLossBackward0>)",
2079,4.541031360626221,6.705766677856445,0.019826194271445274,0.14649070799350739,"tensor(0.2037, grad_fn=<MseLossBackward0>)",
2080,2.683628559112549,6.151709079742432,0.034477055072784424,0.0552319660782814,"tensor(0.2794, grad_fn=<MseLossBackward0>)",
2081,4.850259780883789,5.597425937652588,0.02489515207707882,0.15648068487644196,"tensor(0.2114, grad_fn=<MseLossBackward0>)",
2082,5.364597797393799,6.230467796325684,0.040999967604875565,0.16033940017223358,"tensor(0.1450, grad_fn=<MseLossBackward0>)",
2083,15.238475799560547,6.7386579513549805,0.0,0.5895426869392395,"tensor(0.2965, grad_fn=<MseLossBackward0>)",
2084,6.333352565765381,6.7609758377075195,0.020737648010253906,0.21802298724651337,"tensor(0.2059, grad_fn=<MseLossBackward0>)",
2085,3.9150424003601074,7.459700584411621,0.0,0.1346135139465332,"tensor(0.3237, grad_fn=<MseLossBackward0>)",
2086,13.863155364990234,6.608509540557861,0.01636219024658203,0.5191599130630493,"tensor(0.2086, grad_fn=<MseLossBackward0>)",
2087,7.4968180656433105,6.0572686195373535,0.03845176845788956,0.249175563454628,"tensor(0.1786, grad_fn=<MseLossBackward0>)",
2088,5.4745354652404785,6.029209613800049,0.05426708981394768,0.15191403031349182,"tensor(0.2126, grad_fn=<MseLossBackward0>)",
2089,11.447206497192383,6.45911169052124,0.007791558746248484,0.4349799156188965,"tensor(0.2354, grad_fn=<MseLossBackward0>)",
2090,3.995988368988037,6.047339916229248,0.0571058988571167,0.08606481552124023,"tensor(0.3036, grad_fn=<MseLossBackward0>)",
2091,3.2761683464050293,7.909380912780762,0.015184800140559673,0.10361452400684357,"tensor(0.2129, grad_fn=<MseLossBackward0>)",
2092,5.009832859039307,7.1805315017700195,0.051200587302446365,0.13340789079666138,"tensor(0.2629, grad_fn=<MseLossBackward0>)",
2093,4.925937652587891,5.951690673828125,0.05318796634674072,0.13251852989196777,"tensor(0.1904, grad_fn=<MseLossBackward0>)",
2094,5.556928634643555,7.723845958709717,0.08295643329620361,0.12568587064743042,"tensor(0.2455, grad_fn=<MseLossBackward0>)",
2095,9.2069091796875,7.973933696746826,0.1218564510345459,0.23193073272705078,"tensor(0.2794, grad_fn=<MseLossBackward0>)",
2096,6.3289384841918945,8.584968566894531,0.20714625716209412,0.03232421353459358,"tensor(0.2505, grad_fn=<MseLossBackward0>)",
2097,5.365625381469727,8.663792610168457,0.03940250724554062,0.16283413767814636,"tensor(0.2119, grad_fn=<MseLossBackward0>)",
2098,4.773626327514648,8.41826057434082,0.09077509492635727,0.08886142075061798,"tensor(0.1847, grad_fn=<MseLossBackward0>)",
2099,5.2435503005981445,7.669710159301758,0.03919273614883423,0.15768897533416748,"tensor(0.2402, grad_fn=<MseLossBackward0>)",
2100,12.810552597045898,7.1650214195251465,0.12375015020370483,0.3716936707496643,"tensor(0.3446, grad_fn=<MseLossBackward0>)",
2101,5.832856178283691,7.586284637451172,0.08482245355844498,0.13653291761875153,"tensor(0.2215, grad_fn=<MseLossBackward0>)",
2102,7.4479498863220215,8.049765586853027,0.07095078378915787,0.20904898643493652,"tensor(0.3199, grad_fn=<MseLossBackward0>)",
2103,4.185764312744141,8.619513511657715,0.053997017443180084,0.09951147437095642,"tensor(0.2181, grad_fn=<MseLossBackward0>)",
2104,4.807800769805908,6.723276138305664,0.005499064922332764,0.17466655373573303,"tensor(0.1905, grad_fn=<MseLossBackward0>)",
2105,2.318664073944092,7.57788610458374,0.0,0.0746440663933754,"tensor(0.3244, grad_fn=<MseLossBackward0>)",
2106,3.7961201667785645,8.107582092285156,0.05132591724395752,0.08723609149456024,"tensor(0.1948, grad_fn=<MseLossBackward0>)",
2107,6.55393648147583,7.958235740661621,0.009248435497283936,0.23478145897388458,"tensor(0.3075, grad_fn=<MseLossBackward0>)",
2108,9.042829513549805,7.304133415222168,0.04799218848347664,0.29449835419654846,"tensor(0.3458, grad_fn=<MseLossBackward0>)",
2109,6.830533981323242,7.813877582550049,0.0,0.25588423013687134,"tensor(0.2833, grad_fn=<MseLossBackward0>)",
2110,3.995677947998047,7.220262050628662,0.0009180307388305664,0.145339697599411,"tensor(0.2246, grad_fn=<MseLossBackward0>)",
2111,8.143274307250977,7.696321487426758,0.07617982476949692,0.23244625329971313,"tensor(0.2832, grad_fn=<MseLossBackward0>)",
2112,5.751492023468018,7.155264854431152,0.04326949268579483,0.17451056838035583,"tensor(0.2003, grad_fn=<MseLossBackward0>)",
2113,3.2814011573791504,6.384281158447266,0.04971591755747795,0.06680471450090408,"tensor(0.2635, grad_fn=<MseLossBackward0>)",
2114,4.130825042724609,7.862156867980957,0.05828108265995979,0.0918426364660263,"tensor(0.2860, grad_fn=<MseLossBackward0>)",
2115,3.1602745056152344,7.630768775939941,0.036136846989393234,0.0777396410703659,"tensor(0.2620, grad_fn=<MseLossBackward0>)",
2116,2.9209418296813965,7.561375617980957,0.03572966530919075,0.06773392856121063,"tensor(0.2187, grad_fn=<MseLossBackward0>)",
2117,5.746513843536377,6.778957843780518,0.0,0.21278023719787598,"tensor(0.3251, grad_fn=<MseLossBackward0>)",
2118,4.235588550567627,6.115195274353027,0.0,0.15359629690647125,"tensor(0.2977, grad_fn=<MseLossBackward0>)",
2119,6.596193313598633,7.066858768463135,0.03278195858001709,0.218009814620018,"tensor(0.2335, grad_fn=<MseLossBackward0>)",
2120,6.393706798553467,6.099157333374023,0.07894275337457657,0.1625376045703888,"tensor(0.2568, grad_fn=<MseLossBackward0>)",
2121,1.6029376983642578,6.867130279541016,0.014859557151794434,0.03497153893113136,"tensor(0.2557, grad_fn=<MseLossBackward0>)",
2122,3.3255562782287598,6.418545722961426,0.051705796271562576,0.06719149649143219,"tensor(0.2513, grad_fn=<MseLossBackward0>)",
2123,7.487476825714111,7.144655227661133,0.0021679799538105726,0.2856934666633606,"tensor(0.1768, grad_fn=<MseLossBackward0>)",
2124,2.384523868560791,6.804178237915039,0.0,0.07901254296302795,"tensor(0.2726, grad_fn=<MseLossBackward0>)",
2125,3.156930923461914,6.32991886138916,0.04522712901234627,0.06881704926490784,"tensor(0.1946, grad_fn=<MseLossBackward0>)",
2126,5.80826997756958,5.990929126739502,0.1289089322090149,0.09272725135087967,"tensor(0.1341, grad_fn=<MseLossBackward0>)",
2127,10.54934310913086,6.632091522216797,0.10103857517242432,0.30481958389282227,"tensor(0.2867, grad_fn=<MseLossBackward0>)",
2128,7.463161945343018,6.3805718421936035,0.045329052954912186,0.24135398864746094,"tensor(0.1681, grad_fn=<MseLossBackward0>)",
2129,4.701955795288086,6.705501556396484,0.06146723031997681,0.11595150083303452,"tensor(0.1620, grad_fn=<MseLossBackward0>)",
2130,3.7192320823669434,7.084602355957031,0.06795679032802582,0.0661807581782341,"tensor(0.2624, grad_fn=<MseLossBackward0>)",
2131,7.736683368682861,7.641328811645508,0.10733453184366226,0.1887073516845703,"tensor(0.2646, grad_fn=<MseLossBackward0>)",
2132,5.68095588684082,7.851774215698242,0.07638545334339142,0.13940204679965973,"tensor(0.1705, grad_fn=<MseLossBackward0>)",
2133,9.840837478637695,6.414018154144287,0.3150116801261902,0.06759033352136612,"tensor(0.2046, grad_fn=<MseLossBackward0>)",
2134,4.077387809753418,8.052090644836426,0.0031917293090373278,0.1478317230939865,"tensor(0.2022, grad_fn=<MseLossBackward0>)",
2135,2.239198684692383,6.573546409606934,0.0,0.07468767464160919,"tensor(0.2724, grad_fn=<MseLossBackward0>)",
2136,3.464047431945801,6.991436958312988,0.0,0.12178349494934082,"tensor(0.3262, grad_fn=<MseLossBackward0>)",
2137,4.385018825531006,6.555148124694824,0.0624343566596508,0.10133368521928787,"tensor(0.1765, grad_fn=<MseLossBackward0>)",
2138,3.3568778038024902,6.7196221351623535,0.044759251177310944,0.07495208084583282,"tensor(0.2392, grad_fn=<MseLossBackward0>)",
2139,6.496211528778076,7.549685478210449,0.09327705204486847,0.15277805924415588,"tensor(0.2053, grad_fn=<MseLossBackward0>)",
2140,2.729836940765381,6.7891340255737305,0.059626203030347824,0.034338660538196564,"tensor(0.2588, grad_fn=<MseLossBackward0>)",
2141,6.809637546539307,7.661084175109863,0.03810922056436539,0.21659210324287415,"tensor(0.2678, grad_fn=<MseLossBackward0>)",
2142,3.1598854064941406,6.191226482391357,0.004960497375577688,0.10819891095161438,"tensor(0.2222, grad_fn=<MseLossBackward0>)",
2143,5.965418338775635,6.617445945739746,0.007235129829496145,0.21634045243263245,"tensor(0.2629, grad_fn=<MseLossBackward0>)",
2144,4.688957214355469,6.522816181182861,0.08088767528533936,0.09158070385456085,"tensor(0.2055, grad_fn=<MseLossBackward0>)",
2145,4.366998195648193,7.161909580230713,0.03835773468017578,0.12457892298698425,"tensor(0.1768, grad_fn=<MseLossBackward0>)",
2146,5.772361755371094,6.929891586303711,0.12104137241840363,0.09436747431755066,"tensor(0.2468, grad_fn=<MseLossBackward0>)",
2147,5.964280605316162,7.260009288787842,0.017077365890145302,0.210257887840271,"tensor(0.1958, grad_fn=<MseLossBackward0>)",
2148,3.023944854736328,6.91843843460083,0.0,0.10456564277410507,"tensor(0.2757, grad_fn=<MseLossBackward0>)",
2149,2.5152602195739746,6.402519226074219,0.040608007460832596,0.0461672767996788,"tensor(0.2553, grad_fn=<MseLossBackward0>)",
2150,5.537860870361328,7.77078914642334,0.0,0.20223219692707062,"tensor(0.3963, grad_fn=<MseLossBackward0>)",
2151,4.0100016593933105,7.34731912612915,0.0,0.14442969858646393,"tensor(0.3240, grad_fn=<MseLossBackward0>)",
2152,5.0754828453063965,7.1706976890563965,0.059065740555524826,0.12898018956184387,"tensor(0.2796, grad_fn=<MseLossBackward0>)",
2153,7.784093379974365,7.914754867553711,0.007060308940708637,0.29154616594314575,"tensor(0.2461, grad_fn=<MseLossBackward0>)",
2154,7.097660541534424,7.176095485687256,0.0676102414727211,0.20358844101428986,"tensor(0.2387, grad_fn=<MseLossBackward0>)",
2155,4.443013668060303,7.022289276123047,0.03511365130543709,0.1280534565448761,"tensor(0.2844, grad_fn=<MseLossBackward0>)",
2156,2.980091094970703,7.2223992347717285,0.038426320999860764,0.06524620950222015,"tensor(0.3014, grad_fn=<MseLossBackward0>)",
2157,4.400854587554932,6.804656505584717,0.08190860599279404,0.08139710128307343,"tensor(0.2289, grad_fn=<MseLossBackward0>)",
2158,6.541540145874023,7.401954174041748,0.09058798849582672,0.1561451554298401,"tensor(0.2511, grad_fn=<MseLossBackward0>)",
2159,8.024467468261719,6.540839672088623,0.11295872926712036,0.19417575001716614,"tensor(0.2596, grad_fn=<MseLossBackward0>)",
2160,6.200778484344482,7.077596187591553,0.1045447364449501,0.13055762648582458,"tensor(0.2582, grad_fn=<MseLossBackward0>)",
2161,5.333093166351318,7.565047740936279,0.016222575679421425,0.1801595389842987,"tensor(0.2821, grad_fn=<MseLossBackward0>)",
2162,12.247095108032227,6.3263444900512695,0.06677909940481186,0.4096885919570923,"tensor(0.2453, grad_fn=<MseLossBackward0>)",
2163,10.07431411743164,6.497281551361084,0.056223850697278976,0.32899925112724304,"tensor(0.2726, grad_fn=<MseLossBackward0>)",
2164,10.968881607055664,6.227461338043213,0.138825923204422,0.2870278060436249,"tensor(0.2227, grad_fn=<MseLossBackward0>)",
2165,3.018418788909912,6.799802303314209,0.015795251354575157,0.09240410476922989,"tensor(0.2276, grad_fn=<MseLossBackward0>)",
2166,7.6407599449157715,6.6515679359436035,0.019882023334503174,0.27330833673477173,"tensor(0.2048, grad_fn=<MseLossBackward0>)",
2167,2.7309346199035645,7.088582992553711,0.0,0.09778337180614471,"tensor(0.1851, grad_fn=<MseLossBackward0>)",
2168,9.952569961547852,6.787961483001709,0.006098508834838867,0.37589967250823975,"tensor(0.2417, grad_fn=<MseLossBackward0>)",
2169,6.084027290344238,7.302068710327148,0.07335493713617325,0.15270169079303741,"tensor(0.2388, grad_fn=<MseLossBackward0>)",
2170,11.288185119628906,7.059324741363525,0.02737138606607914,0.4084950387477875,"tensor(0.2518, grad_fn=<MseLossBackward0>)",
2171,4.1270527839660645,6.408056259155273,0.04287930205464363,0.11298814415931702,"tensor(0.1555, grad_fn=<MseLossBackward0>)",
2172,6.057502746582031,7.4900431632995605,0.07097750902175903,0.15755529701709747,"tensor(0.2750, grad_fn=<MseLossBackward0>)",
2173,4.382001876831055,6.391030311584473,0.04400124400854111,0.11885876953601837,"tensor(0.2518, grad_fn=<MseLossBackward0>)",
2174,5.357098579406738,6.660192489624023,0.09606987237930298,0.10338006913661957,"tensor(0.3153, grad_fn=<MseLossBackward0>)",
2175,3.0919556617736816,6.741254806518555,0.0483834370970726,0.061871275305747986,"tensor(0.2163, grad_fn=<MseLossBackward0>)",
2176,1.7260074615478516,6.5556793212890625,0.006238023284822702,0.048934455960989,"tensor(0.2390, grad_fn=<MseLossBackward0>)",
2177,3.84688138961792,7.6398725509643555,0.043639421463012695,0.09748341143131256,"tensor(0.2235, grad_fn=<MseLossBackward0>)",
2178,3.891808032989502,7.714362144470215,0.027392646297812462,0.11653056740760803,"tensor(0.2022, grad_fn=<MseLossBackward0>)",
2179,3.8348021507263184,7.188004970550537,0.054749906063079834,0.08473186939954758,"tensor(0.2317, grad_fn=<MseLossBackward0>)",
2180,4.02249813079834,8.2928466796875,0.03215215727686882,0.11456233263015747,"tensor(0.2365, grad_fn=<MseLossBackward0>)",
2181,7.284849166870117,8.391992568969727,0.048087816685438156,0.23030225932598114,"tensor(0.2256, grad_fn=<MseLossBackward0>)",
2182,9.401113510131836,6.607963562011719,0.06963477283716202,0.2931070029735565,"tensor(0.2210, grad_fn=<MseLossBackward0>)",
2183,3.3439249992370605,6.868095397949219,0.0601663775742054,0.05809261277318001,"tensor(0.2697, grad_fn=<MseLossBackward0>)",
2184,4.994896411895752,6.8933515548706055,0.07539431005716324,0.11213376373052597,"tensor(0.2159, grad_fn=<MseLossBackward0>)",
2185,5.284257411956787,7.31579065322876,0.0,0.19610165059566498,"tensor(0.2677, grad_fn=<MseLossBackward0>)",
2186,2.600867748260498,8.081896781921387,0.0,0.08995941281318665,"tensor(0.1985, grad_fn=<MseLossBackward0>)",
2187,2.4533028602600098,6.821043491363525,0.006826440338045359,0.08026275038719177,"tensor(0.1721, grad_fn=<MseLossBackward0>)",
2188,3.552825927734375,7.342347145080566,0.0641828179359436,0.06353215873241425,"tensor(0.2471, grad_fn=<MseLossBackward0>)",
2189,6.349813938140869,7.763321876525879,0.017233392223715782,0.22178810834884644,"tensor(0.2619, grad_fn=<MseLossBackward0>)",
2190,3.6867661476135254,7.362455368041992,0.01633906364440918,0.11647908389568329,"tensor(0.2513, grad_fn=<MseLossBackward0>)",
2191,4.053375720977783,7.234724044799805,0.021860620006918907,0.128238245844841,"tensor(0.2067, grad_fn=<MseLossBackward0>)",
2192,2.0443620681762695,7.4743499755859375,0.05865798145532608,0.009493626654148102,"tensor(0.2087, grad_fn=<MseLossBackward0>)",
2193,4.622156143188477,9.0826997756958,0.06665392965078354,0.10661700367927551,"tensor(0.1998, grad_fn=<MseLossBackward0>)",
2194,5.509152412414551,8.293720245361328,0.13504818081855774,0.07163482904434204,"tensor(0.1911, grad_fn=<MseLossBackward0>)",
2195,8.992515563964844,7.984573841094971,0.13401618599891663,0.21423175930976868,"tensor(0.2120, grad_fn=<MseLossBackward0>)",
2196,3.2817420959472656,7.258881092071533,0.037530720233917236,0.0791618749499321,"tensor(0.2854, grad_fn=<MseLossBackward0>)",
2197,8.80505657196045,9.8031587600708,0.0,0.33694177865982056,"tensor(0.2706, grad_fn=<MseLossBackward0>)",
2198,3.6330971717834473,8.043221473693848,0.10036599636077881,0.02547980472445488,"tensor(0.3520, grad_fn=<MseLossBackward0>)",
2199,6.904135227203369,8.029243469238281,0.05658278986811638,0.20435477793216705,"tensor(0.3078, grad_fn=<MseLossBackward0>)",
2200,5.344468116760254,8.886935234069824,0.041395507752895355,0.15692397952079773,"tensor(0.2986, grad_fn=<MseLossBackward0>)",
2201,4.941120624542236,7.3698835372924805,0.09145605564117432,0.09506646543741226,"tensor(0.1932, grad_fn=<MseLossBackward0>)",
2202,3.9364066123962402,8.059331893920898,0.03840943053364754,0.10205688327550888,"tensor(0.3464, grad_fn=<MseLossBackward0>)",
2203,2.318117141723633,8.71311092376709,0.006824532989412546,0.07070909440517426,"tensor(0.2957, grad_fn=<MseLossBackward0>)",
2204,2.436605453491211,8.391592979431152,0.028393885120749474,0.05435103923082352,"tensor(0.2556, grad_fn=<MseLossBackward0>)",
2205,6.853366851806641,9.252866744995117,0.0,0.2602694034576416,"tensor(0.2386, grad_fn=<MseLossBackward0>)",
2206,4.858830451965332,8.652018547058105,0.0320228710770607,0.14661315083503723,"tensor(0.2762, grad_fn=<MseLossBackward0>)",
2207,6.412651538848877,6.8508195877075195,0.08163710683584213,0.1639130711555481,"tensor(0.1793, grad_fn=<MseLossBackward0>)",
2208,4.430693626403809,7.2675557136535645,0.02445860579609871,0.1335398554801941,"tensor(0.3513, grad_fn=<MseLossBackward0>)",
2209,3.4906344413757324,7.979154109954834,0.0434844084084034,0.0823875293135643,"tensor(0.2526, grad_fn=<MseLossBackward0>)",
2210,12.31186580657959,9.107150077819824,0.08644231408834457,0.3897934556007385,"tensor(0.3088, grad_fn=<MseLossBackward0>)",
2211,4.641808032989502,7.107571601867676,0.05700594186782837,0.1112857311964035,"tensor(0.2522, grad_fn=<MseLossBackward0>)",
2212,6.217360019683838,7.4757771492004395,0.0025204818230122328,0.22988158464431763,"tensor(0.2677, grad_fn=<MseLossBackward0>)",
2213,6.5459675788879395,6.687762260437012,0.14230471849441528,0.10354365408420563,"tensor(0.2902, grad_fn=<MseLossBackward0>)",
2214,12.841005325317383,6.6908674240112305,0.06420580297708511,0.43566253781318665,"tensor(0.1949, grad_fn=<MseLossBackward0>)",
2215,11.555732727050781,6.382331848144531,0.06665893644094467,0.3768824338912964,"tensor(0.2593, grad_fn=<MseLossBackward0>)",
2216,7.5100789070129395,8.098876953125,0.000753939151763916,0.2871083617210388,"tensor(0.2052, grad_fn=<MseLossBackward0>)",
2217,5.47403621673584,7.211960792541504,0.01321991253644228,0.19114185869693756,"tensor(0.2552, grad_fn=<MseLossBackward0>)",
2218,2.525120258331299,7.402121543884277,0.027121881023049355,0.06245071813464165,"tensor(0.1914, grad_fn=<MseLossBackward0>)",
2219,6.708053112030029,7.946224212646484,0.08430361747741699,0.1746673882007599,"tensor(0.1645, grad_fn=<MseLossBackward0>)",
2220,5.676266193389893,7.735953330993652,0.07540237903594971,0.13873696327209473,"tensor(0.2434, grad_fn=<MseLossBackward0>)",
2221,7.320587635040283,7.4503912925720215,0.1448952853679657,0.13600870966911316,"tensor(0.2256, grad_fn=<MseLossBackward0>)",
2222,6.495059490203857,8.074907302856445,0.09849927574396133,0.1484711468219757,"tensor(0.2190, grad_fn=<MseLossBackward0>)",
2223,9.364459991455078,7.196713447570801,0.0593598298728466,0.3002527952194214,"tensor(0.2919, grad_fn=<MseLossBackward0>)",
2224,4.995924472808838,7.620295524597168,0.0920417308807373,0.09629979729652405,"tensor(0.1913, grad_fn=<MseLossBackward0>)",
2225,4.0625433921813965,7.1760993003845215,0.048845529556274414,0.10248029232025146,"tensor(0.1897, grad_fn=<MseLossBackward0>)",
2226,6.851054668426514,8.016160011291504,0.08542750775814056,0.17848095297813416,"tensor(0.1624, grad_fn=<MseLossBackward0>)",
2227,4.785939693450928,7.939589977264404,0.02617776393890381,0.151225283741951,"tensor(0.2665, grad_fn=<MseLossBackward0>)",
2228,5.92661190032959,6.96623420715332,0.10448247194290161,0.1223183199763298,"tensor(0.1824, grad_fn=<MseLossBackward0>)",
2229,4.102010726928711,6.9781012535095215,0.0686829462647438,0.08269036561250687,"tensor(0.2120, grad_fn=<MseLossBackward0>)",
2230,3.8609743118286133,7.6474609375,0.06001053377985954,0.08095090091228485,"tensor(0.2005, grad_fn=<MseLossBackward0>)",
2231,7.203633785247803,8.017102241516113,0.04337837174534798,0.2285909205675125,"tensor(0.2663, grad_fn=<MseLossBackward0>)",
2232,3.7362723350524902,7.903611183166504,0.041569072753190994,0.0929177850484848,"tensor(0.2637, grad_fn=<MseLossBackward0>)",
2233,5.379697322845459,7.516612529754639,0.01722562313079834,0.18056590855121613,"tensor(0.2712, grad_fn=<MseLossBackward0>)",
2234,17.664400100708008,7.998348236083984,0.0,0.6896103024482727,"tensor(0.3241, grad_fn=<MseLossBackward0>)",
2235,6.51893949508667,7.33695125579834,0.06759687513113022,0.17578449845314026,"tensor(0.2724, grad_fn=<MseLossBackward0>)",
2236,4.807742118835449,8.019713401794434,0.020010868087410927,0.15704670548439026,"tensor(0.2552, grad_fn=<MseLossBackward0>)",
2237,2.7906789779663086,8.993507385253906,0.0,0.09503942728042603,"tensor(0.2891, grad_fn=<MseLossBackward0>)",
2238,3.223850727081299,7.653082370758057,0.03548179194331169,0.08045624196529388,"tensor(0.2439, grad_fn=<MseLossBackward0>)",
2239,2.188297748565674,7.7692742347717285,0.01558415126055479,0.05444612726569176,"tensor(0.3272, grad_fn=<MseLossBackward0>)",
2240,5.610115051269531,8.153031349182129,0.07792794704437256,0.1321726143360138,"tensor(0.2681, grad_fn=<MseLossBackward0>)",
2241,7.275031089782715,8.86291790008545,0.055970728397369385,0.22209249436855316,"tensor(0.2612, grad_fn=<MseLossBackward0>)",
2242,4.967052459716797,8.980456352233887,0.02367244102060795,0.16139447689056396,"tensor(0.2703, grad_fn=<MseLossBackward0>)",
2243,7.4925336837768555,8.581790924072266,0.12969757616519928,0.15747423470020294,"tensor(0.2339, grad_fn=<MseLossBackward0>)",
2244,2.7491941452026367,7.482799053192139,0.04066558554768562,0.05751615762710571,"tensor(0.1842, grad_fn=<MseLossBackward0>)",
2245,6.421167373657227,8.591034889221191,0.15848998725414276,0.08541720360517502,"tensor(0.2495, grad_fn=<MseLossBackward0>)",
2246,3.8765430450439453,9.19599723815918,0.034340184181928635,0.10562825202941895,"tensor(0.2522, grad_fn=<MseLossBackward0>)",
2247,4.370604038238525,8.070086479187012,0.08907685428857803,0.07036605477333069,"tensor(0.2874, grad_fn=<MseLossBackward0>)",
2248,10.260143280029297,7.19908332824707,0.09639547020196915,0.3023552894592285,"tensor(0.2084, grad_fn=<MseLossBackward0>)",
2249,7.335262298583984,8.136482238769531,0.038930535316467285,0.24131840467453003,"tensor(0.2421, grad_fn=<MseLossBackward0>)",
2250,5.0637006759643555,8.377684593200684,0.0,0.18891675770282745,"tensor(0.2426, grad_fn=<MseLossBackward0>)",
2251,3.5986242294311523,8.289403915405273,0.025857925415039062,0.10107845067977905,"tensor(0.2954, grad_fn=<MseLossBackward0>)",
2252,5.654668807983398,8.412951469421387,0.001608769060112536,0.20741873979568481,"tensor(0.2793, grad_fn=<MseLossBackward0>)",
2253,2.1681466102600098,8.049932479858398,0.02457606792449951,0.043603815138339996,"tensor(0.3557, grad_fn=<MseLossBackward0>)",
2254,5.000293731689453,8.535562515258789,0.026010891422629356,0.15908154845237732,"tensor(0.2381, grad_fn=<MseLossBackward0>)",
2255,5.056362152099609,8.329466819763184,0.005605220794677734,0.1833651065826416,"tensor(0.2128, grad_fn=<MseLossBackward0>)",
2256,3.855051040649414,8.16099739074707,0.015872320160269737,0.12341432273387909,"tensor(0.2732, grad_fn=<MseLossBackward0>)",
2257,7.259396553039551,8.5507230758667,0.0003561973571777344,0.27607262134552,"tensor(0.2411, grad_fn=<MseLossBackward0>)",
2258,3.45330810546875,8.406594276428223,0.018526891246438026,0.1058461144566536,"tensor(0.2231, grad_fn=<MseLossBackward0>)",
2259,18.2211971282959,7.963798522949219,0.07856478542089462,0.6322594285011292,"tensor(0.2756, grad_fn=<MseLossBackward0>)",
2260,2.751664161682129,8.140069007873535,0.041831571608781815,0.05490470677614212,"tensor(0.2373, grad_fn=<MseLossBackward0>)",
2261,11.967365264892578,7.945677280426025,0.09965407848358154,0.36667442321777344,"tensor(0.2246, grad_fn=<MseLossBackward0>)",
2262,6.850358009338379,8.92674732208252,0.0002501408162061125,0.2604103684425354,"tensor(0.2602, grad_fn=<MseLossBackward0>)",
2263,6.646552085876465,8.554085731506348,0.0845734253525734,0.16560915112495422,"tensor(0.3008, grad_fn=<MseLossBackward0>)",
2264,4.236828804016113,8.170589447021484,0.10476148128509521,0.052706941962242126,"tensor(0.2098, grad_fn=<MseLossBackward0>)",
2265,2.871553421020508,7.546720027923584,0.04840157553553581,0.05232967436313629,"tensor(0.2403, grad_fn=<MseLossBackward0>)",
2266,6.362955093383789,6.522214889526367,0.11229455471038818,0.12642580270767212,"tensor(0.3236, grad_fn=<MseLossBackward0>)",
2267,3.6670970916748047,8.826672554016113,0.09277939796447754,0.03791948780417442,"tensor(0.3332, grad_fn=<MseLossBackward0>)",
2268,3.9519128799438477,8.457303047180176,0.04262810945510864,0.09998831897974014,"tensor(0.3009, grad_fn=<MseLossBackward0>)",
2269,12.06524658203125,7.917745113372803,0.11397657543420792,0.35289084911346436,"tensor(0.2835, grad_fn=<MseLossBackward0>)",
2270,3.7716426849365234,9.021600723266602,0.00861916970461607,0.12670113146305084,"tensor(0.2761, grad_fn=<MseLossBackward0>)",
2271,6.450613498687744,7.739379405975342,0.017239490523934364,0.227765291929245,"tensor(0.2179, grad_fn=<MseLossBackward0>)",
2272,3.185389518737793,8.26639461517334,0.05317201092839241,0.05927475541830063,"tensor(0.2656, grad_fn=<MseLossBackward0>)",
2273,6.757004261016846,8.012639045715332,0.0017498930683359504,0.2535328269004822,"tensor(0.2881, grad_fn=<MseLossBackward0>)",
2274,3.8500537872314453,8.357419967651367,0.009885231964290142,0.1297333985567093,"tensor(0.2180, grad_fn=<MseLossBackward0>)",
2275,6.236698150634766,8.821319580078125,0.06730473041534424,0.16708919405937195,"tensor(0.2616, grad_fn=<MseLossBackward0>)",
2276,11.630188941955566,8.707300186157227,0.0030057430267333984,0.4488055408000946,"tensor(0.2305, grad_fn=<MseLossBackward0>)",
2277,2.3574962615966797,9.53282356262207,0.04868970438838005,0.028421757742762566,"tensor(0.2811, grad_fn=<MseLossBackward0>)",
2278,9.506290435791016,9.443868637084961,0.058612603694200516,0.30674150586128235,"tensor(0.2710, grad_fn=<MseLossBackward0>)",
2279,5.114270210266113,10.156765937805176,0.04336853697896004,0.1477486938238144,"tensor(0.2470, grad_fn=<MseLossBackward0>)",
2280,6.896191596984863,9.050276756286621,0.0,0.2610998749732971,"tensor(0.2433, grad_fn=<MseLossBackward0>)",
2281,9.309033393859863,8.41342544555664,0.17187979817390442,0.1857287883758545,"tensor(0.2343, grad_fn=<MseLossBackward0>)",
2282,3.688176155090332,9.172418594360352,0.025454938411712646,0.10738486796617508,"tensor(0.2587, grad_fn=<MseLossBackward0>)",
2283,7.500913619995117,8.537301063537598,0.015586395747959614,0.2696422338485718,"tensor(0.2354, grad_fn=<MseLossBackward0>)",
2284,12.629283905029297,8.276745796203613,0.0,0.487373024225235,"tensor(0.3008, grad_fn=<MseLossBackward0>)",
2285,1.8163061141967773,8.254363059997559,0.0,0.05694999545812607,"tensor(0.2526, grad_fn=<MseLossBackward0>)",
2286,6.305930137634277,8.427830696105957,0.055049099028110504,0.18477264046669006,"tensor(0.2442, grad_fn=<MseLossBackward0>)",
2287,4.6658220291137695,9.207510948181152,0.028780123218894005,0.14091317355632782,"tensor(0.2665, grad_fn=<MseLossBackward0>)",
2288,6.105898380279541,7.388644695281982,0.041367411613464355,0.1860397905111313,"tensor(0.3278, grad_fn=<MseLossBackward0>)",
2289,13.407082557678223,8.42086124420166,0.02924966812133789,0.49362146854400635,"tensor(0.2029, grad_fn=<MseLossBackward0>)",
2290,5.9318084716796875,7.6598992347717285,0.10014016926288605,0.12409433722496033,"tensor(0.2326, grad_fn=<MseLossBackward0>)",
2291,4.292605876922607,7.191063404083252,0.12065724283456802,0.03508931025862694,"tensor(0.3166, grad_fn=<MseLossBackward0>)",
2292,3.966083526611328,8.159217834472656,0.051800329238176346,0.0940072238445282,"tensor(0.2091, grad_fn=<MseLossBackward0>)",
2293,7.096296787261963,6.993841171264648,0.02701600454747677,0.243424654006958,"tensor(0.2453, grad_fn=<MseLossBackward0>)",
2294,1.3897347450256348,7.988575458526611,0.017894744873046875,0.024732906371355057,"tensor(0.2412, grad_fn=<MseLossBackward0>)",
2295,4.665489673614502,7.621580600738525,0.08914303779602051,0.08593238890171051,"tensor(0.2203, grad_fn=<MseLossBackward0>)",
2296,5.920088291168213,7.9689154624938965,0.05842210724949837,0.16082057356834412,"tensor(0.3633, grad_fn=<MseLossBackward0>)",
2297,7.169850826263428,7.257585048675537,0.06771491467952728,0.2058611363172531,"tensor(0.2341, grad_fn=<MseLossBackward0>)",
2298,4.981071949005127,6.973452091217041,0.04649553820490837,0.14082258939743042,"tensor(0.2111, grad_fn=<MseLossBackward0>)",
2299,6.238905906677246,7.886453628540039,0.10085342079401016,0.13489021360874176,"tensor(0.2809, grad_fn=<MseLossBackward0>)",
2300,8.15909194946289,7.387665271759033,0.1074102520942688,0.20970652997493744,"tensor(0.1734, grad_fn=<MseLossBackward0>)",
2301,5.948009967803955,6.969913482666016,0.000756164372432977,0.22485990822315216,"tensor(0.1863, grad_fn=<MseLossBackward0>)",
2302,2.2001757621765137,7.909029483795166,0.0,0.06978671252727509,"tensor(0.3466, grad_fn=<MseLossBackward0>)",
2303,2.365098476409912,7.06578254699707,0.016576409339904785,0.06439593434333801,"tensor(0.2591, grad_fn=<MseLossBackward0>)",
2304,5.374657154083252,6.932065010070801,0.03413448855280876,0.16742198169231415,"tensor(0.2244, grad_fn=<MseLossBackward0>)",
2305,6.493546485900879,8.166976928710938,0.040917158126831055,0.20534993708133698,"tensor(0.2556, grad_fn=<MseLossBackward0>)",
2306,9.470428466796875,7.420511722564697,0.12855957448482513,0.23738810420036316,"tensor(0.2686, grad_fn=<MseLossBackward0>)",
2307,7.73002815246582,8.216163635253906,0.048391520977020264,0.24911801517009735,"tensor(0.1937, grad_fn=<MseLossBackward0>)",
2308,7.278495788574219,7.620937347412109,0.08117026090621948,0.19346627593040466,"tensor(0.2649, grad_fn=<MseLossBackward0>)",
2309,3.6504249572753906,7.645331382751465,0.035732585936784744,0.09490988403558731,"tensor(0.2596, grad_fn=<MseLossBackward0>)",
2310,1.0754709243774414,7.034843444824219,0.014711339958012104,0.013384572230279446,"tensor(0.2690, grad_fn=<MseLossBackward0>)",
2311,8.308244705200195,8.006865501403809,0.11377457529306412,0.2061268389225006,"tensor(0.1992, grad_fn=<MseLossBackward0>)",
2312,5.699785232543945,8.414894104003906,0.12550370395183563,0.08989199995994568,"tensor(0.2019, grad_fn=<MseLossBackward0>)",
2313,6.017566680908203,7.358264923095703,0.018517116084694862,0.21118977665901184,"tensor(0.1652, grad_fn=<MseLossBackward0>)",
2314,7.68283748626709,7.022459030151367,0.005965709686279297,0.28435182571411133,"tensor(0.3089, grad_fn=<MseLossBackward0>)",
2315,3.9616270065307617,7.615510940551758,0.016675928607583046,0.13035546243190765,"tensor(0.1733, grad_fn=<MseLossBackward0>)",
2316,6.828428268432617,8.635422706604004,0.06328002363443375,0.19508562982082367,"tensor(0.2460, grad_fn=<MseLossBackward0>)",
2317,2.753025531768799,7.740777969360352,0.04364931583404541,0.054182276129722595,"tensor(0.2431, grad_fn=<MseLossBackward0>)",
2318,5.8138532638549805,8.281835556030273,0.04140980914235115,0.17882147431373596,"tensor(0.2183, grad_fn=<MseLossBackward0>)",
2319,1.729504108428955,7.905175685882568,0.0,0.05800553411245346,"tensor(0.1727, grad_fn=<MseLossBackward0>)",
2320,3.753131866455078,8.969664573669434,0.0816250815987587,0.05703414976596832,"tensor(0.1876, grad_fn=<MseLossBackward0>)",
2321,4.328218460083008,8.154420852661133,0.0827532634139061,0.07495386898517609,"tensor(0.2819, grad_fn=<MseLossBackward0>)",
2322,6.310477256774902,9.044662475585938,0.06513217836618423,0.17214351892471313,"tensor(0.2708, grad_fn=<MseLossBackward0>)",
2323,4.694511413574219,7.468888282775879,0.09543263912200928,0.08157790452241898,"tensor(0.2050, grad_fn=<MseLossBackward0>)",
2324,4.918845176696777,8.213456153869629,0.09788361936807632,0.08287432789802551,"tensor(0.2900, grad_fn=<MseLossBackward0>)",
2325,7.1643877029418945,8.37839126586914,0.05171285197138786,0.22331693768501282,"tensor(0.1828, grad_fn=<MseLossBackward0>)",
2326,8.611686706542969,8.049084663391113,0.14190395176410675,0.19036470353603363,"tensor(0.1941, grad_fn=<MseLossBackward0>)",
2327,4.1014814376831055,8.276901245117188,0.0635179653763771,0.08306947350502014,"tensor(0.3661, grad_fn=<MseLossBackward0>)",
2328,4.296500205993652,8.678271293640137,0.06457950919866562,0.09426867216825485,"tensor(0.1946, grad_fn=<MseLossBackward0>)",
2329,4.911135673522949,8.615050315856934,0.021483659744262695,0.16137051582336426,"tensor(0.2477, grad_fn=<MseLossBackward0>)",
2330,7.261168479919434,9.261918067932129,0.052152711898088455,0.2220926731824875,"tensor(0.2017, grad_fn=<MseLossBackward0>)",
2331,4.893376350402832,8.253960609436035,0.015491962432861328,0.16486003994941711,"tensor(0.2727, grad_fn=<MseLossBackward0>)",
2332,8.605712890625,8.255555152893066,0.026126503944396973,0.3031909465789795,"tensor(0.2357, grad_fn=<MseLossBackward0>)",
2333,5.736120700836182,7.748635292053223,0.041073065251111984,0.1739398092031479,"tensor(0.2401, grad_fn=<MseLossBackward0>)",
2334,10.267362594604492,6.386162281036377,0.04693937301635742,0.3474462628364563,"tensor(0.2629, grad_fn=<MseLossBackward0>)",
2335,6.704176425933838,7.811883926391602,0.014122387394309044,0.2394823282957077,"tensor(0.2412, grad_fn=<MseLossBackward0>)",
2336,4.95402717590332,6.443528175354004,0.04062135890126228,0.1424955129623413,"tensor(0.2818, grad_fn=<MseLossBackward0>)",
2337,4.18923807144165,7.508097171783447,0.12036522477865219,0.03536694869399071,"tensor(0.1920, grad_fn=<MseLossBackward0>)",
2338,4.787145137786865,7.905446529388428,0.01630377769470215,0.1636563390493393,"tensor(0.2109, grad_fn=<MseLossBackward0>)",
2339,2.8969712257385254,6.897987365722656,0.061122436076402664,0.04094220697879791,"tensor(0.2541, grad_fn=<MseLossBackward0>)",
2340,4.985695838928223,8.37653923034668,0.09347269684076309,0.09232062846422195,"tensor(0.2360, grad_fn=<MseLossBackward0>)",
2341,11.351638793945312,7.892573356628418,0.09020620584487915,0.3493576645851135,"tensor(0.2711, grad_fn=<MseLossBackward0>)",
2342,5.698014736175537,7.8852667808532715,0.1568947434425354,0.059416234493255615,"tensor(0.2160, grad_fn=<MseLossBackward0>)",
2343,7.0422468185424805,8.80556869506836,0.03755694627761841,0.23262780904769897,"tensor(0.2115, grad_fn=<MseLossBackward0>)",
2344,2.856414794921875,8.734031677246094,0.0,0.09870356321334839,"tensor(0.2930, grad_fn=<MseLossBackward0>)",
2345,3.4710874557495117,8.829000473022461,0.021491825580596924,0.10426577180624008,"tensor(0.2500, grad_fn=<MseLossBackward0>)",
2346,7.645256996154785,9.198821067810059,0.0049021244049072266,0.28791865706443787,"tensor(0.2386, grad_fn=<MseLossBackward0>)",
2347,8.817669868469238,8.613094329833984,0.039197564125061035,0.30012255907058716,"tensor(0.2455, grad_fn=<MseLossBackward0>)",
2348,5.07688045501709,9.17790699005127,0.03351181745529175,0.15792879462242126,"tensor(0.2160, grad_fn=<MseLossBackward0>)",
2349,8.40863037109375,8.387794494628906,0.06875816732645035,0.25418031215667725,"tensor(0.2782, grad_fn=<MseLossBackward0>)",
2350,5.68691349029541,7.799005031585693,0.10822921991348267,0.1037357971072197,"tensor(0.3220, grad_fn=<MseLossBackward0>)",
2351,15.825556755065918,9.811210632324219,0.029912054538726807,0.5882363319396973,"tensor(0.2773, grad_fn=<MseLossBackward0>)",
2352,4.367780685424805,9.582287788391113,0.0370299406349659,0.12386377155780792,"tensor(0.2774, grad_fn=<MseLossBackward0>)",
2353,1.8371448516845703,8.45374870300293,0.005868156906217337,0.05551810562610626,"tensor(0.2025, grad_fn=<MseLossBackward0>)",
2354,2.3660011291503906,8.470845222473145,0.0,0.08172100782394409,"tensor(0.2542, grad_fn=<MseLossBackward0>)",
2355,6.254170894622803,7.437582015991211,0.13012540340423584,0.10947729647159576,"tensor(0.1774, grad_fn=<MseLossBackward0>)",
2356,7.384574890136719,7.8947834968566895,0.09119552373886108,0.19366973638534546,"tensor(0.1836, grad_fn=<MseLossBackward0>)",
2357,5.696338653564453,8.316082000732422,0.10154581069946289,0.11425426602363586,"tensor(0.2504, grad_fn=<MseLossBackward0>)",
2358,3.6604113578796387,7.519010066986084,0.02553105354309082,0.1074608787894249,"tensor(0.2747, grad_fn=<MseLossBackward0>)",
2359,3.1004533767700195,8.424863815307617,0.04416368529200554,0.06762341409921646,"tensor(0.2121, grad_fn=<MseLossBackward0>)",
2360,1.6786785125732422,9.775616645812988,0.009858747012913227,0.04264887049794197,"tensor(0.2815, grad_fn=<MseLossBackward0>)",
2361,8.381998062133789,9.134467124938965,0.1287982016801834,0.19370391964912415,"tensor(0.2112, grad_fn=<MseLossBackward0>)",
2362,8.546722412109375,7.391438961029053,0.08583923429250717,0.24008920788764954,"tensor(0.2486, grad_fn=<MseLossBackward0>)",
2363,7.93117618560791,8.277082443237305,0.09963418543338776,0.20479539036750793,"tensor(0.1993, grad_fn=<MseLossBackward0>)",
2364,3.3923439979553223,7.353720664978027,0.09630316495895386,0.025910573080182076,"tensor(0.2400, grad_fn=<MseLossBackward0>)",
2365,8.431024551391602,7.46021842956543,0.03715314343571663,0.28878819942474365,"tensor(0.1703, grad_fn=<MseLossBackward0>)",
2366,8.105535507202148,7.761261940002441,0.0294047798961401,0.28116872906684875,"tensor(0.2387, grad_fn=<MseLossBackward0>)",
2367,12.41383171081543,8.231060981750488,0.1163870096206665,0.3656175434589386,"tensor(0.2862, grad_fn=<MseLossBackward0>)",
2368,9.231151580810547,8.048320770263672,0.016586441546678543,0.3409729599952698,"tensor(0.1852, grad_fn=<MseLossBackward0>)",
2369,5.289973258972168,9.108522415161133,0.08925434201955795,0.10847385227680206,"tensor(0.2188, grad_fn=<MseLossBackward0>)",
2370,4.437903881072998,7.59752082824707,0.03430769965052605,0.1306295543909073,"tensor(0.2278, grad_fn=<MseLossBackward0>)",
2371,1.9555797576904297,7.984277725219727,0.0,0.06650557368993759,"tensor(0.2039, grad_fn=<MseLossBackward0>)",
2372,5.01422643661499,7.51131534576416,0.0546356625854969,0.13118116557598114,"tensor(0.2807, grad_fn=<MseLossBackward0>)",
2373,3.4701361656188965,7.440392017364502,0.053259510546922684,0.0739993304014206,"tensor(0.1998, grad_fn=<MseLossBackward0>)",
2374,6.205962181091309,7.782783508300781,0.079256571829319,0.15523049235343933,"tensor(0.2305, grad_fn=<MseLossBackward0>)",
2375,3.9156899452209473,8.05302906036377,0.043122053146362305,0.10172700136899948,"tensor(0.2211, grad_fn=<MseLossBackward0>)",
2376,3.211275100708008,8.372420310974121,0.06902041286230087,0.045779623091220856,"tensor(0.2760, grad_fn=<MseLossBackward0>)",
2377,5.323164463043213,7.208933353424072,0.12855452299118042,0.07206933945417404,"tensor(0.2606, grad_fn=<MseLossBackward0>)",
2378,5.516670227050781,9.753174781799316,0.1345098912715912,0.07335492223501205,"tensor(0.2153, grad_fn=<MseLossBackward0>)",
2379,5.6186041831970215,7.414707660675049,0.1230633482336998,0.09025871008634567,"tensor(0.2240, grad_fn=<MseLossBackward0>)",
2380,5.180364608764648,8.782154083251953,0.08044149726629257,0.1154647246003151,"tensor(0.2123, grad_fn=<MseLossBackward0>)",
2381,7.317474365234375,8.688108444213867,0.10424663126468658,0.17320311069488525,"tensor(0.3008, grad_fn=<MseLossBackward0>)",
2382,8.905596733093262,9.400420188903809,0.01267413329333067,0.3304000198841095,"tensor(0.2679, grad_fn=<MseLossBackward0>)",
2383,1.4231328964233398,8.745567321777344,0.036902524530887604,0.008506884798407555,"tensor(0.2252, grad_fn=<MseLossBackward0>)",
2384,10.173605918884277,8.910699844360352,0.048771124333143234,0.345674991607666,"tensor(0.2300, grad_fn=<MseLossBackward0>)",
2385,5.123991966247559,9.012040138244629,0.022530416026711464,0.16880927979946136,"tensor(0.2646, grad_fn=<MseLossBackward0>)",
2386,3.711043357849121,8.808326721191406,0.06689528375864029,0.06569643318653107,"tensor(0.2809, grad_fn=<MseLossBackward0>)",
2387,2.7830286026000977,8.156086921691895,0.0,0.09920788556337357,"tensor(0.2231, grad_fn=<MseLossBackward0>)",
2388,10.754607200622559,9.246097564697266,0.13877874612808228,0.28003665804862976,"tensor(0.1967, grad_fn=<MseLossBackward0>)",
2389,8.563368797302246,8.673246383666992,0.06399484723806381,0.2664008140563965,"tensor(0.2088, grad_fn=<MseLossBackward0>)",
2390,6.749569892883301,9.304434776306152,0.019532421603798866,0.23856651782989502,"tensor(0.2068, grad_fn=<MseLossBackward0>)",
2391,2.3593344688415527,7.844414710998535,0.030047595500946045,0.05536852404475212,"tensor(0.1606, grad_fn=<MseLossBackward0>)",
2392,5.687836647033691,8.682937622070312,0.016566157341003418,0.19873887300491333,"tensor(0.2425, grad_fn=<MseLossBackward0>)",
2393,4.465387344360352,9.371437072753906,0.10279204696416855,0.06327322125434875,"tensor(0.2683, grad_fn=<MseLossBackward0>)",
2394,2.494426727294922,9.221111297607422,0.05190783739089966,0.0338059701025486,"tensor(0.2583, grad_fn=<MseLossBackward0>)",
2395,16.809879302978516,8.114249229431152,0.006205359939485788,0.654397189617157,"tensor(0.1954, grad_fn=<MseLossBackward0>)",
2396,3.0632944107055664,9.682165145874023,0.04821159690618515,0.06101468205451965,"tensor(0.2499, grad_fn=<MseLossBackward0>)",
2397,6.634800910949707,7.724348068237305,0.07281788438558578,0.17874374985694885,"tensor(0.2627, grad_fn=<MseLossBackward0>)",
2398,3.969846725463867,8.524114608764648,0.030887505039572716,0.11736215651035309,"tensor(0.1990, grad_fn=<MseLossBackward0>)",
2399,3.4835128784179688,8.699234008789062,0.05791878700256348,0.0715191587805748,"tensor(0.1582, grad_fn=<MseLossBackward0>)",
2400,5.009355068206787,8.044422149658203,0.0032645862083882093,0.18443267047405243,"tensor(0.2370, grad_fn=<MseLossBackward0>)",
2401,4.430574417114258,7.521075248718262,0.08828318119049072,0.07789997011423111,"tensor(0.1597, grad_fn=<MseLossBackward0>)",
2402,9.05253791809082,7.082520008087158,0.03999004885554314,0.30936557054519653,"tensor(0.2428, grad_fn=<MseLossBackward0>)",
2403,7.916354179382324,7.493678092956543,0.07046818733215332,0.23453691601753235,"tensor(0.1444, grad_fn=<MseLossBackward0>)",
2404,2.978403091430664,9.74608325958252,0.04388705641031265,0.061988309025764465,"tensor(0.2439, grad_fn=<MseLossBackward0>)",
2405,4.67927360534668,8.22673511505127,0.09612782299518585,0.07980038970708847,"tensor(0.1895, grad_fn=<MseLossBackward0>)",
2406,6.383377552032471,7.143194675445557,0.06771647930145264,0.1720857471227646,"tensor(0.2970, grad_fn=<MseLossBackward0>)",
2407,6.348929405212402,9.643160820007324,0.03529777005314827,0.2066083699464798,"tensor(0.2237, grad_fn=<MseLossBackward0>)",
2408,6.496011734008789,9.102747917175293,0.1763916313648224,0.07240921258926392,"tensor(0.1934, grad_fn=<MseLossBackward0>)",
2409,4.964913368225098,9.021692276000977,0.023261627182364464,0.16139419376850128,"tensor(0.2471, grad_fn=<MseLossBackward0>)",
2410,6.335346221923828,9.275890350341797,0.0915653333067894,0.15124358236789703,"tensor(0.1688, grad_fn=<MseLossBackward0>)",
2411,4.034878730773926,8.2633638381958,0.08231516927480698,0.0646229162812233,"tensor(0.2961, grad_fn=<MseLossBackward0>)",
2412,4.686101913452148,8.312752723693848,0.04888790845870972,0.12509280443191528,"tensor(0.2748, grad_fn=<MseLossBackward0>)",
2413,6.028914451599121,8.152898788452148,0.02131287194788456,0.2093585878610611,"tensor(0.1606, grad_fn=<MseLossBackward0>)",
2414,3.1406030654907227,8.618354797363281,0.07318495213985443,0.04155702516436577,"tensor(0.1738, grad_fn=<MseLossBackward0>)",
2415,1.7545747756958008,8.446340560913086,0.0,0.05754466354846954,"tensor(0.1970, grad_fn=<MseLossBackward0>)",
2416,4.469490051269531,9.18693733215332,0.09013718366622925,0.0718521699309349,"tensor(0.3213, grad_fn=<MseLossBackward0>)",
2417,3.8312034606933594,7.745236873626709,0.0,0.1366063505411148,"tensor(0.3503, grad_fn=<MseLossBackward0>)",
2418,2.870943069458008,9.722033500671387,0.0,0.10194216668605804,"tensor(0.2107, grad_fn=<MseLossBackward0>)",
2419,3.7199554443359375,8.995713233947754,0.012792527675628662,0.12131886184215546,"tensor(0.2763, grad_fn=<MseLossBackward0>)",
2420,5.910161018371582,9.746170997619629,0.0,0.21967467665672302,"tensor(0.2806, grad_fn=<MseLossBackward0>)",
2421,7.6191816329956055,9.805974006652832,0.0947561264038086,0.1970444917678833,"tensor(0.2091, grad_fn=<MseLossBackward0>)",
2422,5.369983673095703,9.002572059631348,0.04017307236790657,0.16164179146289825,"tensor(0.2234, grad_fn=<MseLossBackward0>)",
2423,1.9724884033203125,9.662233352661133,0.0482022762298584,0.017175719141960144,"tensor(0.2172, grad_fn=<MseLossBackward0>)",
2424,4.077838897705078,9.238908767700195,0.06028075888752937,0.08694057166576385,"tensor(0.2282, grad_fn=<MseLossBackward0>)",
2425,4.3995866775512695,9.65756893157959,0.0,0.1614859700202942,"tensor(0.2730, grad_fn=<MseLossBackward0>)",
2426,6.704646110534668,9.237236022949219,0.0,0.25423330068588257,"tensor(0.2571, grad_fn=<MseLossBackward0>)",
2427,2.4432058334350586,8.334982872009277,0.045086584985256195,0.039500750601291656,"tensor(0.2336, grad_fn=<MseLossBackward0>)",
2428,5.828161239624023,8.496358871459961,0.0,0.21561047434806824,"tensor(0.3055, grad_fn=<MseLossBackward0>)",
2429,5.875633239746094,8.483855247497559,0.02338278293609619,0.19723263382911682,"tensor(0.2464, grad_fn=<MseLossBackward0>)",
2430,8.492237091064453,9.648191452026367,0.02028071880340576,0.3008970022201538,"tensor(0.3250, grad_fn=<MseLossBackward0>)",
2431,2.111034393310547,8.899208068847656,0.0643816590309143,0.004208327271044254,"tensor(0.2934, grad_fn=<MseLossBackward0>)",
2432,6.800227165222168,8.385772705078125,0.01736074686050415,0.24046431481838226,"tensor(0.2757, grad_fn=<MseLossBackward0>)",
2433,4.91025972366333,8.030706405639648,0.022179165855050087,0.15893059968948364,"tensor(0.3207, grad_fn=<MseLossBackward0>)",
2434,3.263040542602539,7.830605506896973,0.07527196407318115,0.04161437600851059,"tensor(0.2587, grad_fn=<MseLossBackward0>)",
2435,4.21290397644043,8.234787940979004,0.07514931261539459,0.08111873269081116,"tensor(0.2279, grad_fn=<MseLossBackward0>)",
2436,6.051758766174316,8.526396751403809,0.09842004626989365,0.12938109040260315,"tensor(0.2807, grad_fn=<MseLossBackward0>)",
2437,5.7734479904174805,8.830694198608398,0.10502088069915771,0.11399250477552414,"tensor(0.2115, grad_fn=<MseLossBackward0>)",
2438,5.348577976226807,7.953868389129639,0.0,0.20013892650604248,"tensor(0.2636, grad_fn=<MseLossBackward0>)",
2439,7.33881139755249,8.022652626037598,0.1098342165350914,0.1713196039199829,"tensor(0.2352, grad_fn=<MseLossBackward0>)",
2440,4.5030364990234375,8.31973934173584,0.04812532663345337,0.11769722402095795,"tensor(0.2582, grad_fn=<MseLossBackward0>)",
2441,4.931945323944092,7.362447261810303,0.0,0.18608176708221436,"tensor(0.1881, grad_fn=<MseLossBackward0>)",
2442,4.13625431060791,7.4297075271606445,0.01241318415850401,0.14018377661705017,"tensor(0.1976, grad_fn=<MseLossBackward0>)",
2443,4.021293640136719,8.464553833007812,0.10797952115535736,0.03963935002684593,"tensor(0.2417, grad_fn=<MseLossBackward0>)",
2444,4.152554035186768,6.454206466674805,0.011064748279750347,0.14060398936271667,"tensor(0.2325, grad_fn=<MseLossBackward0>)",
2445,4.795755863189697,7.679471969604492,0.0883772149682045,0.08820855617523193,"tensor(0.2845, grad_fn=<MseLossBackward0>)",
2446,2.887134075164795,7.811336517333984,0.0,0.10462139546871185,"tensor(0.2049, grad_fn=<MseLossBackward0>)",
2447,5.949121475219727,8.360231399536133,0.00876202154904604,0.21524310111999512,"tensor(0.2275, grad_fn=<MseLossBackward0>)",
2448,4.546708106994629,7.703220844268799,0.04275156930088997,0.12293936312198639,"tensor(0.3001, grad_fn=<MseLossBackward0>)",
2449,4.156665802001953,7.999255180358887,0.09107464551925659,0.06256891041994095,"tensor(0.2232, grad_fn=<MseLossBackward0>)",
2450,5.53610897064209,8.418498992919922,0.03696815297007561,0.17120906710624695,"tensor(0.2061, grad_fn=<MseLossBackward0>)",
2451,3.4946908950805664,8.769631385803223,0.049725234508514404,0.07977809756994247,"tensor(0.1599, grad_fn=<MseLossBackward0>)",
2452,6.643453598022461,8.81068229675293,0.10227998346090317,0.15218177437782288,"tensor(0.2247, grad_fn=<MseLossBackward0>)",
2453,2.563669204711914,7.898105621337891,0.0006734132766723633,0.08687750995159149,"tensor(0.2790, grad_fn=<MseLossBackward0>)",
2454,2.386728286743164,8.8495454788208,0.03426937386393547,0.047017794102430344,"tensor(0.2414, grad_fn=<MseLossBackward0>)",
2455,3.839709758758545,8.073798179626465,0.06734323501586914,0.07429189234972,"tensor(0.1902, grad_fn=<MseLossBackward0>)",
2456,6.104189395904541,7.79681921005249,0.11731688678264618,0.11401258409023285,"tensor(0.1975, grad_fn=<MseLossBackward0>)",
2457,8.701257705688477,8.525056838989258,0.017408868297934532,0.3176751136779785,"tensor(0.2380, grad_fn=<MseLossBackward0>)",
2458,2.766421318054199,8.261236190795898,0.0,0.09250294417142868,"tensor(0.2898, grad_fn=<MseLossBackward0>)",
2459,2.363679885864258,9.246491432189941,0.028762301430106163,0.05194804072380066,"tensor(0.2183, grad_fn=<MseLossBackward0>)",
2460,9.172622680664062,7.799647331237793,0.0712594985961914,0.2798507511615753,"tensor(0.2937, grad_fn=<MseLossBackward0>)",
2461,6.3912153244018555,8.371809005737305,0.0,0.23887360095977783,"tensor(0.2146, grad_fn=<MseLossBackward0>)",
2462,13.14269733428955,9.443111419677734,0.0,0.5140025019645691,"tensor(0.1804, grad_fn=<MseLossBackward0>)",
2463,6.259786128997803,7.841788291931152,0.04411810636520386,0.1898481249809265,"tensor(0.2480, grad_fn=<MseLossBackward0>)",
2464,6.5423359870910645,8.114200592041016,0.08172297477722168,0.16512081027030945,"tensor(0.2396, grad_fn=<MseLossBackward0>)",
2465,6.916660308837891,8.137859344482422,0.06387549638748169,0.1981237530708313,"tensor(0.2556, grad_fn=<MseLossBackward0>)",
2466,19.032020568847656,7.188880443572998,0.11832183599472046,0.6298633217811584,"tensor(0.2433, grad_fn=<MseLossBackward0>)",
2467,8.13096809387207,7.156567096710205,0.09965763986110687,0.21276023983955383,"tensor(0.2342, grad_fn=<MseLossBackward0>)",
2468,5.773733139038086,8.563170433044434,0.0913725346326828,0.12732455134391785,"tensor(0.1991, grad_fn=<MseLossBackward0>)",
2469,3.3592605590820312,7.602161884307861,0.07385510206222534,0.04766407981514931,"tensor(0.2055, grad_fn=<MseLossBackward0>)",
2470,7.976519584655762,9.012377738952637,0.0660540834069252,0.2378395050764084,"tensor(0.2574, grad_fn=<MseLossBackward0>)",
2471,3.0725159645080566,7.472377777099609,0.035565335303545,0.07621948421001434,"tensor(0.1890, grad_fn=<MseLossBackward0>)",
2472,6.480479717254639,7.607343673706055,0.1253930926322937,0.12062203884124756,"tensor(0.2397, grad_fn=<MseLossBackward0>)",
2473,4.913842678070068,7.642629623413086,0.04562785103917122,0.13919726014137268,"tensor(0.1776, grad_fn=<MseLossBackward0>)",
2474,3.3314390182495117,7.695540904998779,0.04677937552332878,0.07062232494354248,"tensor(0.2733, grad_fn=<MseLossBackward0>)",
2475,3.0583858489990234,8.214249610900879,0.03816819190979004,0.07126803696155548,"tensor(0.2297, grad_fn=<MseLossBackward0>)",
2476,5.308703422546387,8.421030044555664,0.028126776218414307,0.1639304757118225,"tensor(0.4372, grad_fn=<MseLossBackward0>)",
2477,3.645030975341797,8.792523384094238,0.007997770793735981,0.1239757165312767,"tensor(0.2695, grad_fn=<MseLossBackward0>)",
2478,5.910994529724121,8.93346881866455,0.10789088159799576,0.11298424005508423,"tensor(0.3024, grad_fn=<MseLossBackward0>)",
2479,4.924106597900391,9.57924747467041,0.018787503242492676,0.16674461960792542,"tensor(0.1707, grad_fn=<MseLossBackward0>)",
2480,5.696843147277832,8.844398498535156,0.03658195212483406,0.17650702595710754,"tensor(0.2548, grad_fn=<MseLossBackward0>)",
2481,4.316831588745117,9.221969604492188,0.048407673835754395,0.11067096889019012,"tensor(0.2528, grad_fn=<MseLossBackward0>)",
2482,5.756955146789551,9.556666374206543,0.051835477352142334,0.16091576218605042,"tensor(0.3461, grad_fn=<MseLossBackward0>)",
2483,14.677762985229492,7.769876480102539,0.07484861463308334,0.500771701335907,"tensor(0.2130, grad_fn=<MseLossBackward0>)",
2484,3.3437652587890625,9.048064231872559,0.010514001362025738,0.10770143568515778,"tensor(0.3164, grad_fn=<MseLossBackward0>)",
2485,3.384502410888672,9.610816955566406,0.04570287466049194,0.07501950860023499,"tensor(0.2756, grad_fn=<MseLossBackward0>)",
2486,3.1018900871276855,7.897701740264893,0.10117103904485703,0.008169347420334816,"tensor(0.2626, grad_fn=<MseLossBackward0>)",
2487,6.3007049560546875,10.44009017944336,0.0,0.23347251117229462,"tensor(0.3654, grad_fn=<MseLossBackward0>)",
2488,6.82633113861084,8.484672546386719,0.11686655133962631,0.1423492431640625,"tensor(0.2656, grad_fn=<MseLossBackward0>)",
2489,6.491988182067871,9.480607986450195,0.0830734521150589,0.16449035704135895,"tensor(0.2330, grad_fn=<MseLossBackward0>)",
2490,4.331913948059082,8.529911041259766,0.07591629028320312,0.08346293866634369,"tensor(0.2524, grad_fn=<MseLossBackward0>)",
2491,5.885846138000488,9.00640869140625,0.03373509645462036,0.1859743446111679,"tensor(0.2889, grad_fn=<MseLossBackward0>)",
2492,10.469860076904297,9.246956825256348,0.049963273108005524,0.3559841513633728,"tensor(0.2622, grad_fn=<MseLossBackward0>)",
2493,4.6493377685546875,9.575706481933594,0.08081259578466415,0.09021561592817307,"tensor(0.3132, grad_fn=<MseLossBackward0>)",
2494,5.637019157409668,8.93708324432373,0.15169107913970947,0.05880798399448395,"tensor(0.2972, grad_fn=<MseLossBackward0>)",
2495,14.164690017700195,9.797324180603027,0.10603251308202744,0.44560763239860535,"tensor(0.2390, grad_fn=<MseLossBackward0>)",
2496,7.134190559387207,9.409292221069336,0.09060083329677582,0.17953433096408844,"tensor(0.3001, grad_fn=<MseLossBackward0>)",
2497,8.49910831451416,9.01677131652832,0.03175972029566765,0.2948162257671356,"tensor(0.2331, grad_fn=<MseLossBackward0>)",
2498,3.5217971801757812,9.17207145690918,0.04309866949915886,0.08531544357538223,"tensor(0.1798, grad_fn=<MseLossBackward0>)",
2499,4.398717880249023,8.099678039550781,0.09478964656591415,0.0655466616153717,"tensor(0.3001, grad_fn=<MseLossBackward0>)",
2500,15.258720397949219,8.787517547607422,0.07174082845449448,0.5263915657997131,"tensor(0.1803, grad_fn=<MseLossBackward0>)","[0.899091899394989, 0.9141300320625305, 1.2368658781051636]"
2501,6.877296447753906,8.04501724243164,0.08707922697067261,0.1734355092048645,"tensor(0.2551, grad_fn=<MseLossBackward0>)",
2502,4.209275245666504,9.618782997131348,0.05463697388768196,0.10215047001838684,"tensor(0.1728, grad_fn=<MseLossBackward0>)",
2503,6.567757606506348,8.191751480102539,0.051651518791913986,0.1968764364719391,"tensor(0.2516, grad_fn=<MseLossBackward0>)",
2504,6.9246649742126465,7.8983845710754395,0.1313471645116806,0.12913668155670166,"tensor(0.2857, grad_fn=<MseLossBackward0>)",
2505,3.511435031890869,6.901442527770996,0.046958427876234055,0.08181340247392654,"tensor(0.2297, grad_fn=<MseLossBackward0>)",
2506,4.849328517913818,8.01997184753418,0.10593743622303009,0.07376813888549805,"tensor(0.2466, grad_fn=<MseLossBackward0>)",
2507,6.116366386413574,8.773056030273438,0.01034142542630434,0.2242073267698288,"tensor(0.1560, grad_fn=<MseLossBackward0>)",
2508,2.9034595489501953,7.727219581604004,0.016951361671090126,0.08625233173370361,"tensor(0.2622, grad_fn=<MseLossBackward0>)",
2509,5.81041145324707,8.099026679992676,0.1157599687576294,0.1069241315126419,"tensor(0.1545, grad_fn=<MseLossBackward0>)",
2510,9.244909286499023,9.539772987365723,0.07240138202905655,0.2826542258262634,"tensor(0.2659, grad_fn=<MseLossBackward0>)",
2511,5.999993324279785,8.737616539001465,0.0861600786447525,0.14214231073856354,"tensor(0.2441, grad_fn=<MseLossBackward0>)",
2512,4.763278961181641,7.8517351150512695,0.13706934452056885,0.041583769023418427,"tensor(0.2104, grad_fn=<MseLossBackward0>)",
2513,5.330709457397461,8.57526683807373,0.04612787440419197,0.155489981174469,"tensor(0.1925, grad_fn=<MseLossBackward0>)",
2514,4.889189720153809,8.774702072143555,0.10135360062122345,0.0835733562707901,"tensor(0.2093, grad_fn=<MseLossBackward0>)",
2515,6.571500778198242,9.010552406311035,0.03770703077316284,0.20944592356681824,"tensor(0.3004, grad_fn=<MseLossBackward0>)",
2516,3.5025529861450195,9.498797416687012,0.0,0.1273258924484253,"tensor(0.2074, grad_fn=<MseLossBackward0>)",
2517,3.2572197914123535,8.06740951538086,0.03842172771692276,0.08062272518873215,"tensor(0.1747, grad_fn=<MseLossBackward0>)",
2518,7.480874061584473,8.437084197998047,0.052862804383039474,0.22995242476463318,"tensor(0.2389, grad_fn=<MseLossBackward0>)",
2519,10.219799041748047,8.808487892150879,0.1265755444765091,0.2666139602661133,"tensor(0.2679, grad_fn=<MseLossBackward0>)",
2520,7.40231990814209,9.003458023071289,0.042887669056653976,0.23755820095539093,"tensor(0.2782, grad_fn=<MseLossBackward0>)",
2521,6.863840103149414,7.379958152770996,0.12628453969955444,0.1340346485376358,"tensor(0.2575, grad_fn=<MseLossBackward0>)",
2522,2.8118581771850586,8.345038414001465,0.0100020170211792,0.08946283906698227,"tensor(0.2219, grad_fn=<MseLossBackward0>)",
2523,3.720661163330078,9.107571601867676,0.0,0.13526959717273712,"tensor(0.2016, grad_fn=<MseLossBackward0>)",
2524,4.537809371948242,9.561062812805176,0.06744621694087982,0.10206522047519684,"tensor(0.2190, grad_fn=<MseLossBackward0>)",
2525,5.543456077575684,9.04017162322998,0.017908593639731407,0.18769726157188416,"tensor(0.2998, grad_fn=<MseLossBackward0>)",
2526,6.337255477905273,9.767754554748535,0.13771450519561768,0.10485639423131943,"tensor(0.2068, grad_fn=<MseLossBackward0>)",
2527,5.9680256843566895,7.4658427238464355,0.08786001056432724,0.1375974863767624,"tensor(0.2621, grad_fn=<MseLossBackward0>)",
2528,6.1240997314453125,8.848881721496582,0.05689364671707153,0.17224374413490295,"tensor(0.3241, grad_fn=<MseLossBackward0>)",
2529,4.346004486083984,10.17222785949707,0.09090594202280045,0.07011843472719193,"tensor(0.2650, grad_fn=<MseLossBackward0>)",
2530,4.657557487487793,10.563944816589355,0.05568472668528557,0.11788992583751678,"tensor(0.2172, grad_fn=<MseLossBackward0>)",
2531,5.576598167419434,9.393074035644531,0.06138167902827263,0.14974536001682281,"tensor(0.2173, grad_fn=<MseLossBackward0>)",
2532,12.150769233703613,10.890592575073242,0.08232227712869644,0.3914247155189514,"tensor(0.2374, grad_fn=<MseLossBackward0>)",
2533,6.891796112060547,10.906477928161621,0.14455842971801758,0.1147596687078476,"tensor(0.3208, grad_fn=<MseLossBackward0>)",
2534,4.188929557800293,10.9774169921875,0.05399475619196892,0.10109385848045349,"tensor(0.2227, grad_fn=<MseLossBackward0>)",
2535,1.9490928649902344,9.465229988098145,0.034688275307416916,0.03161437809467316,"tensor(0.2049, grad_fn=<MseLossBackward0>)",
2536,11.300687789916992,10.637479782104492,0.03035447932779789,0.40786755084991455,"tensor(0.2737, grad_fn=<MseLossBackward0>)",
2537,6.0435895919799805,10.669625282287598,0.008190433494746685,0.2190975844860077,"tensor(0.2585, grad_fn=<MseLossBackward0>)",
2538,2.2707414627075195,9.480864524841309,0.01227917242795229,0.065912626683712,"tensor(0.1870, grad_fn=<MseLossBackward0>)",
2539,5.814447402954102,8.605278015136719,0.025988062843680382,0.19221802055835724,"tensor(0.2297, grad_fn=<MseLossBackward0>)",
2540,9.55827808380127,10.176342964172363,0.0,0.3689602017402649,"tensor(0.2077, grad_fn=<MseLossBackward0>)",
2541,11.471409797668457,9.853885650634766,0.0,0.4423709511756897,"tensor(0.2498, grad_fn=<MseLossBackward0>)",
2542,6.072023391723633,9.305543899536133,0.0,0.23209622502326965,"tensor(0.1515, grad_fn=<MseLossBackward0>)",
2543,11.344815254211426,8.357003211975098,0.0,0.44077402353286743,"tensor(0.1889, grad_fn=<MseLossBackward0>)",
2544,8.810342788696289,7.955020427703857,0.0708555206656456,0.2644558548927307,"tensor(0.2345, grad_fn=<MseLossBackward0>)",
2545,6.67526912689209,8.411924362182617,0.0273119006305933,0.22860105335712433,"tensor(0.1836, grad_fn=<MseLossBackward0>)",
2546,6.947174072265625,8.78072738647461,0.04241035506129265,0.2235994189977646,"tensor(0.1540, grad_fn=<MseLossBackward0>)",
2547,10.660804748535156,8.111515045166016,0.09501316398382187,0.31692034006118774,"tensor(0.2448, grad_fn=<MseLossBackward0>)",
2548,2.6124706268310547,8.644425392150879,0.004568079952150583,0.08610280603170395,"tensor(0.2023, grad_fn=<MseLossBackward0>)",
2549,4.31730842590332,8.85254955291748,0.0022002060431987047,0.1599433422088623,"tensor(0.1883, grad_fn=<MseLossBackward0>)",
2550,3.167433738708496,8.287353515625,0.09575722366571426,0.0201803557574749,"tensor(0.2100, grad_fn=<MseLossBackward0>)",
2551,3.308413505554199,8.13780689239502,0.025292018428444862,0.09748046100139618,"tensor(0.1630, grad_fn=<MseLossBackward0>)",
2552,3.7496423721313477,8.246509552001953,0.03803640604019165,0.09913203120231628,"tensor(0.2498, grad_fn=<MseLossBackward0>)",
2553,2.972628593444824,9.304129600524902,0.00420012092217803,0.10156205296516418,"tensor(0.2484, grad_fn=<MseLossBackward0>)",
2554,4.983260154724121,8.96375846862793,0.10082866996526718,0.08669991046190262,"tensor(0.2117, grad_fn=<MseLossBackward0>)",
2555,5.455613136291504,10.580767631530762,0.07777655124664307,0.12789306044578552,"tensor(0.2365, grad_fn=<MseLossBackward0>)",
2556,3.885491371154785,9.343974113464355,0.07146787643432617,0.06941377371549606,"tensor(0.2879, grad_fn=<MseLossBackward0>)",
2557,5.4922285079956055,9.176194190979004,0.060017723590135574,0.14634491503238678,"tensor(0.2866, grad_fn=<MseLossBackward0>)",
2558,6.218568801879883,9.741448402404785,0.12629854679107666,0.10916788130998611,"tensor(0.2633, grad_fn=<MseLossBackward0>)",
2559,7.490440368652344,9.805888175964355,0.034252505749464035,0.2524835765361786,"tensor(0.2186, grad_fn=<MseLossBackward0>)",
2560,6.169003009796143,7.353907585144043,0.094915471971035,0.13892723619937897,"tensor(0.2540, grad_fn=<MseLossBackward0>)",
2561,7.7685394287109375,9.753290176391602,0.10794258117675781,0.1908426135778427,"tensor(0.2356, grad_fn=<MseLossBackward0>)",
2562,3.2391834259033203,9.662248611450195,0.02714097499847412,0.08895054459571838,"tensor(0.2615, grad_fn=<MseLossBackward0>)",
2563,9.26740550994873,8.607126235961914,0.0985427126288414,0.25735729932785034,"tensor(0.2918, grad_fn=<MseLossBackward0>)",
2564,2.5267343521118164,9.7603120803833,0.007898330688476562,0.0790657252073288,"tensor(0.2592, grad_fn=<MseLossBackward0>)",
2565,8.805574417114258,9.812233924865723,0.00875169038772583,0.32763490080833435,"tensor(0.2631, grad_fn=<MseLossBackward0>)",
2566,6.887377738952637,8.996424674987793,0.0,0.2622808516025543,"tensor(0.2013, grad_fn=<MseLossBackward0>)",
2567,5.622150421142578,10.301997184753418,0.0067131719551980495,0.20262229442596436,"tensor(0.2720, grad_fn=<MseLossBackward0>)",
2568,4.067948341369629,8.450016021728516,0.05834062770009041,0.08687254041433334,"tensor(0.3356, grad_fn=<MseLossBackward0>)",
2569,2.1970176696777344,8.274452209472656,0.0,0.07853268831968307,"tensor(0.1591, grad_fn=<MseLossBackward0>)",
2570,3.571377754211426,9.73372745513916,0.02090400457382202,0.10908979177474976,"tensor(0.2542, grad_fn=<MseLossBackward0>)",
2571,4.89243221282959,10.257076263427734,0.05308822914958,0.13197550177574158,"tensor(0.2004, grad_fn=<MseLossBackward0>)",
2572,7.9445905685424805,9.992105484008789,0.046557605266571045,0.2556140124797821,"tensor(0.3035, grad_fn=<MseLossBackward0>)",
2573,4.654915809631348,8.202102661132812,0.0474926233291626,0.126631498336792,"tensor(0.2493, grad_fn=<MseLossBackward0>)",
2574,2.8335275650024414,8.369086265563965,0.015075485222041607,0.08692944049835205,"tensor(0.2109, grad_fn=<MseLossBackward0>)",
2575,7.019730567932129,9.027216911315918,0.10292816162109375,0.16437852382659912,"tensor(0.2434, grad_fn=<MseLossBackward0>)",
2576,3.4364633560180664,9.640463829040527,0.016737937927246094,0.10906068980693817,"tensor(0.2021, grad_fn=<MseLossBackward0>)",
2577,2.086358070373535,9.064162254333496,0.0,0.0715528056025505,"tensor(0.2220, grad_fn=<MseLossBackward0>)",
2578,7.286005973815918,8.956991195678711,0.007159193512052298,0.2725500762462616,"tensor(0.1889, grad_fn=<MseLossBackward0>)",
2579,2.09364652633667,8.052734375,0.0,0.07107274234294891,"tensor(0.2187, grad_fn=<MseLossBackward0>)",
2580,5.129262447357178,7.816564559936523,0.020249664783477783,0.17367669939994812,"tensor(0.1880, grad_fn=<MseLossBackward0>)",
2581,10.573507308959961,7.998386859893799,0.05297958850860596,0.35721054673194885,"tensor(0.2191, grad_fn=<MseLossBackward0>)",
2582,6.672473907470703,8.303244590759277,0.010401944629848003,0.24374720454216003,"tensor(0.2427, grad_fn=<MseLossBackward0>)",
2583,2.392396926879883,7.389255523681641,0.02278679609298706,0.057522185146808624,"tensor(0.2776, grad_fn=<MseLossBackward0>)",
2584,5.98690128326416,8.26712417602539,0.016422012820839882,0.21130675077438354,"tensor(0.2135, grad_fn=<MseLossBackward0>)",
2585,2.9986767768859863,6.870438098907471,0.035934507846832275,0.07111258059740067,"tensor(0.2418, grad_fn=<MseLossBackward0>)",
2586,3.2097721099853516,7.9020538330078125,0.054107289761304855,0.06267489492893219,"tensor(0.1987, grad_fn=<MseLossBackward0>)",
2587,1.9707608222961426,6.776408672332764,0.04439012333750725,0.022721242159605026,"tensor(0.2096, grad_fn=<MseLossBackward0>)",
2588,4.429282188415527,9.14015007019043,0.10669410228729248,0.0568484365940094,"tensor(0.2446, grad_fn=<MseLossBackward0>)",
2589,4.0628252029418945,8.183276176452637,0.06469811499118805,0.08769677579402924,"tensor(0.1935, grad_fn=<MseLossBackward0>)",
2590,3.40008544921875,9.094794273376465,0.004377762321382761,0.11886782944202423,"tensor(0.2570, grad_fn=<MseLossBackward0>)",
2591,3.7125158309936523,8.07861042022705,0.05173492431640625,0.08641048520803452,"tensor(0.1900, grad_fn=<MseLossBackward0>)",
2592,4.183444023132324,8.376022338867188,0.003762185573577881,0.15289369225502014,"tensor(0.1936, grad_fn=<MseLossBackward0>)",
2593,6.263432502746582,8.772970199584961,0.05025041103363037,0.18355682492256165,"tensor(0.3679, grad_fn=<MseLossBackward0>)",
2594,2.6737823486328125,9.062153816223145,0.02273801900446415,0.07185910642147064,"tensor(0.1988, grad_fn=<MseLossBackward0>)",
2595,4.289889335632324,8.448681831359863,0.023338695988059044,0.13643763959407806,"tensor(0.2138, grad_fn=<MseLossBackward0>)",
2596,4.351397514343262,8.283032417297363,0.0545591339468956,0.10572733730077744,"tensor(0.2718, grad_fn=<MseLossBackward0>)",
2597,4.598475933074951,7.106490135192871,0.07418552786111832,0.09560931473970413,"tensor(0.2450, grad_fn=<MseLossBackward0>)",
2598,4.930307388305664,8.065112113952637,0.0025788345374166965,0.18156805634498596,"tensor(0.2095, grad_fn=<MseLossBackward0>)",
2599,5.0530195236206055,8.344454765319824,0.011394481174647808,0.17822091281414032,"tensor(0.2012, grad_fn=<MseLossBackward0>)",
2600,7.000208377838135,7.920261383056641,0.1020435318350792,0.16799867153167725,"tensor(0.1652, grad_fn=<MseLossBackward0>)",
2601,4.867741584777832,9.51008129119873,0.04705965518951416,0.1327892541885376,"tensor(0.2678, grad_fn=<MseLossBackward0>)",
2602,8.167457580566406,8.139617919921875,0.008476455695927143,0.3065558969974518,"tensor(0.2164, grad_fn=<MseLossBackward0>)",
2603,5.822508811950684,8.747668266296387,0.05692809820175171,0.16279366612434387,"tensor(0.2350, grad_fn=<MseLossBackward0>)",
2604,4.877618312835693,7.45582389831543,0.009386380203068256,0.1748945713043213,"tensor(0.1974, grad_fn=<MseLossBackward0>)",
2605,2.565159797668457,8.682427406311035,0.04098055511713028,0.04900150001049042,"tensor(0.2259, grad_fn=<MseLossBackward0>)",
2606,2.2043752670288086,8.614763259887695,0.04007367417216301,0.04009680822491646,"tensor(0.1501, grad_fn=<MseLossBackward0>)",
2607,2.074944496154785,8.80722713470459,0.022452136501669884,0.0487406887114048,"tensor(0.2457, grad_fn=<MseLossBackward0>)",
2608,2.01375675201416,7.578925132751465,0.037899017333984375,0.032217029482126236,"tensor(0.1795, grad_fn=<MseLossBackward0>)",
2609,8.110713005065918,8.487260818481445,0.04485247656702995,0.26473313570022583,"tensor(0.2689, grad_fn=<MseLossBackward0>)",
2610,3.230074882507324,9.613639831542969,0.00791527796536684,0.10537724196910858,"tensor(0.2725, grad_fn=<MseLossBackward0>)",
2611,5.021793365478516,9.136879920959473,0.09413822740316391,0.09188409149646759,"tensor(0.3013, grad_fn=<MseLossBackward0>)",
2612,7.736544609069824,8.159722328186035,0.031354643404483795,0.26484647393226624,"tensor(0.2634, grad_fn=<MseLossBackward0>)",
2613,3.5135631561279297,9.63416862487793,0.0,0.12847867608070374,"tensor(0.2065, grad_fn=<MseLossBackward0>)",
2614,3.742770195007324,9.375594139099121,0.07638118416070938,0.06018311530351639,"tensor(0.2461, grad_fn=<MseLossBackward0>)",
2615,3.5110559463500977,8.66904067993164,0.0,0.12744764983654022,"tensor(0.2179, grad_fn=<MseLossBackward0>)",
2616,13.212212562561035,10.88996696472168,0.07702076435089111,0.43988311290740967,"tensor(0.2117, grad_fn=<MseLossBackward0>)",
2617,7.213900566101074,9.002045631408691,0.052516598254442215,0.2219686508178711,"tensor(0.2330, grad_fn=<MseLossBackward0>)",
2618,3.903702735900879,9.911873817443848,0.08459595590829849,0.06011156365275383,"tensor(0.2249, grad_fn=<MseLossBackward0>)",
2619,3.132134437561035,8.807180404663086,0.0,0.11013390868902206,"tensor(0.2974, grad_fn=<MseLossBackward0>)",
2620,13.26533031463623,8.7965726852417,0.0,0.5161490440368652,"tensor(0.2597, grad_fn=<MseLossBackward0>)",
2621,5.319968223571777,9.353048324584961,0.012786865234375,0.18491733074188232,"tensor(0.2659, grad_fn=<MseLossBackward0>)",
2622,11.482376098632812,7.970431804656982,0.03391450643539429,0.41191035509109497,"tensor(0.2677, grad_fn=<MseLossBackward0>)",
2623,3.8741445541381836,8.113950729370117,0.08822314441204071,0.056742314249277115,"tensor(0.1804, grad_fn=<MseLossBackward0>)",
2624,5.519354343414307,7.800821781158447,0.10893410444259644,0.09881478548049927,"tensor(0.2585, grad_fn=<MseLossBackward0>)",
2625,3.0603132247924805,9.115791320800781,0.0017012357711791992,0.10791405290365219,"tensor(0.2501, grad_fn=<MseLossBackward0>)",
2626,5.904180526733398,8.701361656188965,0.05465799570083618,0.17101691663265228,"tensor(0.1830, grad_fn=<MseLossBackward0>)",
2627,5.827672004699707,8.821701049804688,0.047654666006565094,0.17220063507556915,"tensor(0.2605, grad_fn=<MseLossBackward0>)",
2628,6.1153459548950195,8.251680374145508,0.18413597345352173,0.0439939871430397,"tensor(0.3125, grad_fn=<MseLossBackward0>)",
2629,7.983551502227783,7.8798508644104,0.1668272316455841,0.13695251941680908,"tensor(0.2588, grad_fn=<MseLossBackward0>)",
2630,2.6381912231445312,8.357983589172363,0.05067253112792969,0.04289757087826729,"tensor(0.2259, grad_fn=<MseLossBackward0>)",
2631,3.4215707778930664,8.28560733795166,0.07033517211675644,0.051441580057144165,"tensor(0.2878, grad_fn=<MseLossBackward0>)",
2632,3.449276924133301,8.37727165222168,0.06828942149877548,0.05692412704229355,"tensor(0.2241, grad_fn=<MseLossBackward0>)",
2633,1.9288396835327148,9.252102851867676,0.01692165993154049,0.04535716399550438,"tensor(0.2473, grad_fn=<MseLossBackward0>)",
2634,11.697461128234863,9.1439208984375,0.058474380522966385,0.3904658555984497,"tensor(0.3934, grad_fn=<MseLossBackward0>)",
2635,2.9067187309265137,7.83363151550293,0.051307499408721924,0.05099841207265854,"tensor(0.2590, grad_fn=<MseLossBackward0>)",
2636,16.536666870117188,8.376992225646973,0.04852382466197014,0.5945174694061279,"tensor(0.3021, grad_fn=<MseLossBackward0>)",
2637,7.142878532409668,9.442743301391602,0.0,0.27016884088516235,"tensor(0.2337, grad_fn=<MseLossBackward0>)",
2638,1.4541759490966797,9.747269630432129,0.0,0.043187133967876434,"tensor(0.2253, grad_fn=<MseLossBackward0>)",
2639,7.326181411743164,8.621164321899414,0.0,0.2770082652568817,"tensor(0.3107, grad_fn=<MseLossBackward0>)",
2640,3.8426990509033203,9.869810104370117,0.0,0.14091160893440247,"tensor(0.2293, grad_fn=<MseLossBackward0>)",
2641,7.305390357971191,11.036026000976562,0.007848680019378662,0.2648053765296936,"tensor(0.4013, grad_fn=<MseLossBackward0>)",
2642,4.876843452453613,8.394084930419922,0.008647799491882324,0.17327874898910522,"tensor(0.2531, grad_fn=<MseLossBackward0>)",
2643,2.614071846008301,9.893397331237793,0.00438167667016387,0.08491957187652588,"tensor(0.3059, grad_fn=<MseLossBackward0>)",
2644,7.0025129318237305,9.061972618103027,0.00915189553052187,0.2602112591266632,"tensor(0.1998, grad_fn=<MseLossBackward0>)",
2645,5.43235969543457,8.954331398010254,0.06009972095489502,0.1445680558681488,"tensor(0.2265, grad_fn=<MseLossBackward0>)",
2646,3.709199905395508,8.660898208618164,0.0799909457564354,0.05226639658212662,"tensor(0.3095, grad_fn=<MseLossBackward0>)",
2647,4.400106430053711,9.826483726501465,0.024297237396240234,0.13724055886268616,"tensor(0.2866, grad_fn=<MseLossBackward0>)",
2648,5.183621406555176,10.70653247833252,0.1082029938697815,0.08721558004617691,"tensor(0.2395, grad_fn=<MseLossBackward0>)",
2649,2.6163387298583984,9.713772773742676,0.04358065128326416,0.04669000953435898,"tensor(0.2811, grad_fn=<MseLossBackward0>)",
2650,2.550962448120117,9.77177619934082,0.03199203684926033,0.05684768408536911,"tensor(0.2501, grad_fn=<MseLossBackward0>)",
2651,3.013258934020996,9.053275108337402,0.048761408776044846,0.05815073847770691,"tensor(0.2694, grad_fn=<MseLossBackward0>)",
2652,8.39864444732666,9.620199203491211,0.03569857403635979,0.2892530858516693,"tensor(0.2059, grad_fn=<MseLossBackward0>)",
2653,6.632109642028809,8.425363540649414,0.09913042932748795,0.15369008481502533,"tensor(0.2374, grad_fn=<MseLossBackward0>)",
2654,7.287833213806152,9.473820686340332,0.0,0.2822021543979645,"tensor(0.1529, grad_fn=<MseLossBackward0>)",
2655,5.7496185302734375,9.040975570678711,0.11026507616043091,0.10663343966007233,"tensor(0.2669, grad_fn=<MseLossBackward0>)",
2656,2.5752830505371094,8.888025283813477,0.0,0.08809949457645416,"tensor(0.2887, grad_fn=<MseLossBackward0>)",
2657,10.868491172790527,8.65096378326416,0.11759127676486969,0.3051493167877197,"tensor(0.2226, grad_fn=<MseLossBackward0>)",
2658,9.532230377197266,8.452675819396973,0.044872820377349854,0.3260737359523773,"tensor(0.1916, grad_fn=<MseLossBackward0>)",
2659,6.039533615112305,8.791793823242188,0.08605296909809113,0.14464539289474487,"tensor(0.1962, grad_fn=<MseLossBackward0>)",
2660,4.2601728439331055,8.658544540405273,0.04012179374694824,0.11588853597640991,"tensor(0.2668, grad_fn=<MseLossBackward0>)",
2661,4.627464294433594,9.256301879882812,0.08441288769245148,0.08906711637973785,"tensor(0.2295, grad_fn=<MseLossBackward0>)",
2662,3.3305063247680664,8.932953834533691,0.019406914710998535,0.0975644662976265,"tensor(0.3459, grad_fn=<MseLossBackward0>)",
2663,2.617918014526367,8.309207916259766,0.006022473331540823,0.0891169011592865,"tensor(0.1816, grad_fn=<MseLossBackward0>)",
2664,5.928492546081543,7.961021423339844,0.0835634097456932,0.1436430960893631,"tensor(0.1527, grad_fn=<MseLossBackward0>)",
2665,2.2001070976257324,7.825179576873779,0.04868725687265396,0.028800826519727707,"tensor(0.1443, grad_fn=<MseLossBackward0>)",
2666,10.362153053283691,9.109614372253418,0.020317256450653076,0.38034576177597046,"tensor(0.2280, grad_fn=<MseLossBackward0>)",
2667,3.202315330505371,8.226913452148438,0.054886601865291595,0.05853283032774925,"tensor(0.2534, grad_fn=<MseLossBackward0>)",
2668,7.988773822784424,8.032258033752441,0.0441705584526062,0.26188451051712036,"tensor(0.2177, grad_fn=<MseLossBackward0>)",
2669,9.694086074829102,7.981368541717529,0.020337045192718506,0.3546861410140991,"tensor(0.2742, grad_fn=<MseLossBackward0>)",
2670,6.944077014923096,7.746496200561523,0.061187028884887695,0.2033768892288208,"tensor(0.2261, grad_fn=<MseLossBackward0>)",
2671,4.53105354309082,8.519205093383789,0.023555060848593712,0.145314022898674,"tensor(0.2241, grad_fn=<MseLossBackward0>)",
2672,4.815961837768555,8.86281681060791,0.04622920602560043,0.12878817319869995,"tensor(0.3087, grad_fn=<MseLossBackward0>)",
2673,6.499719619750977,8.838567733764648,0.03305089473724365,0.21276630461215973,"tensor(0.2724, grad_fn=<MseLossBackward0>)",
2674,3.3687291145324707,7.809206485748291,0.018227657303214073,0.09981037676334381,"tensor(0.3136, grad_fn=<MseLossBackward0>)",
2675,4.540639877319336,8.634989738464355,0.04222188517451286,0.12698490917682648,"tensor(0.2456, grad_fn=<MseLossBackward0>)",
2676,5.374661445617676,9.462404251098633,0.011557698249816895,0.1892000436782837,"tensor(0.2685, grad_fn=<MseLossBackward0>)",
2677,7.034750938415527,8.370856285095215,0.05223606154322624,0.21682220697402954,"tensor(0.2187, grad_fn=<MseLossBackward0>)",
2678,7.4362311363220215,7.4872355461120605,0.13217376172542572,0.15075714886188507,"tensor(0.2656, grad_fn=<MseLossBackward0>)",
2679,8.164756774902344,7.974086284637451,0.04301488399505615,0.26896464824676514,"tensor(0.3133, grad_fn=<MseLossBackward0>)",
2680,6.3130645751953125,7.4347100257873535,0.050442714244127274,0.19155532121658325,"tensor(0.1927, grad_fn=<MseLossBackward0>)",
2681,4.438769340515137,8.498186111450195,0.05631498247385025,0.1065736636519432,"tensor(0.2794, grad_fn=<MseLossBackward0>)",
2682,2.4063024520874023,8.448554039001465,0.0,0.08334201574325562,"tensor(0.2267, grad_fn=<MseLossBackward0>)",
2683,5.900908470153809,8.29655647277832,0.03240366652607918,0.1874861866235733,"tensor(0.3052, grad_fn=<MseLossBackward0>)",
2684,9.25581169128418,7.6863813400268555,0.051557380706071854,0.30479949712753296,"tensor(0.2338, grad_fn=<MseLossBackward0>)",
2685,6.2685370445251465,7.9015607833862305,0.0,0.23319531977176666,"tensor(0.3579, grad_fn=<MseLossBackward0>)",
2686,8.299446105957031,7.250392436981201,0.0506117157638073,0.27071791887283325,"tensor(0.1753, grad_fn=<MseLossBackward0>)",
2687,7.937315940856934,9.178296089172363,0.018384555354714394,0.28732770681381226,"tensor(0.2057, grad_fn=<MseLossBackward0>)",
2688,4.211787700653076,7.382810592651367,0.07781948149204254,0.07847339659929276,"tensor(0.2429, grad_fn=<MseLossBackward0>)",
2689,13.589696884155273,6.902980327606201,0.09466487169265747,0.4332107603549957,"tensor(0.3298, grad_fn=<MseLossBackward0>)",
2690,14.07986068725586,6.811284065246582,0.08280227333307266,0.46706441044807434,"tensor(0.2523, grad_fn=<MseLossBackward0>)",
2691,5.374028205871582,7.599543571472168,0.07641397416591644,0.12704971432685852,"tensor(0.2164, grad_fn=<MseLossBackward0>)",
2692,4.435784339904785,7.203612327575684,0.02360016107559204,0.14134608209133148,"tensor(0.2292, grad_fn=<MseLossBackward0>)",
2693,3.481651782989502,7.237174034118652,0.09137248992919922,0.03701799362897873,"tensor(0.2250, grad_fn=<MseLossBackward0>)",
2694,4.986507892608643,7.399075508117676,0.09031649678945541,0.09920518100261688,"tensor(0.2017, grad_fn=<MseLossBackward0>)",
2695,2.2382140159606934,7.993353843688965,0.017373481765389442,0.060190558433532715,"tensor(0.2475, grad_fn=<MseLossBackward0>)",
2696,6.206883430480957,8.840988159179688,0.03736116364598274,0.19979295134544373,"tensor(0.2001, grad_fn=<MseLossBackward0>)",
2697,3.992912769317627,6.861177444458008,0.04908943176269531,0.10020442306995392,"tensor(0.2026, grad_fn=<MseLossBackward0>)",
2698,3.6482009887695312,7.719521522521973,0.08293982595205307,0.05372811108827591,"tensor(0.1704, grad_fn=<MseLossBackward0>)",
2699,4.57058572769165,7.701874732971191,0.04457996040582657,0.1257082223892212,"tensor(0.2558, grad_fn=<MseLossBackward0>)",
2700,3.103849411010742,8.515939712524414,0.009493887424468994,0.10108844935894012,"tensor(0.2635, grad_fn=<MseLossBackward0>)",
2701,6.053709506988525,7.933868885040283,0.04316498711705208,0.18772892653942108,"tensor(0.2211, grad_fn=<MseLossBackward0>)",
2702,6.0529632568359375,7.800806522369385,0.0,0.2281576246023178,"tensor(0.2582, grad_fn=<MseLossBackward0>)",
2703,3.003138542175293,8.064079284667969,0.018653690814971924,0.0842074453830719,"tensor(0.3330, grad_fn=<MseLossBackward0>)",
2704,2.295541763305664,10.248485565185547,0.008494834415614605,0.07085417211055756,"tensor(0.2531, grad_fn=<MseLossBackward0>)",
2705,4.347721099853516,8.509029388427734,0.13200296461582184,0.030978990718722343,"tensor(0.1915, grad_fn=<MseLossBackward0>)",
2706,2.1121764183044434,7.806940078735352,0.016812006011605263,0.055952876806259155,"tensor(0.2138, grad_fn=<MseLossBackward0>)",
2707,2.3152971267700195,8.604995727539062,6.39955178485252e-05,0.08068157732486725,"tensor(0.2024, grad_fn=<MseLossBackward0>)",
2708,8.097296714782715,8.747483253479004,0.0,0.3086887001991272,"tensor(0.3035, grad_fn=<MseLossBackward0>)",
2709,6.412575721740723,11.377161026000977,0.056172925978899,0.18213793635368347,"tensor(0.3628, grad_fn=<MseLossBackward0>)",
2710,0.6616430282592773,9.50913143157959,0.0,0.014060324989259243,"tensor(0.2299, grad_fn=<MseLossBackward0>)",
2711,6.484450340270996,11.540308952331543,0.0,0.246161550283432,"tensor(0.2667, grad_fn=<MseLossBackward0>)",
2712,9.493210792541504,8.677419662475586,0.12181148678064346,0.2454107403755188,"tensor(0.2474, grad_fn=<MseLossBackward0>)",
2713,4.60133171081543,9.03735065460205,0.04421214386820793,0.12498613446950912,"tensor(0.2739, grad_fn=<MseLossBackward0>)",
2714,7.28548526763916,10.708447456359863,0.03268778324127197,0.2458571344614029,"tensor(0.2592, grad_fn=<MseLossBackward0>)",
2715,5.384458541870117,9.87053394317627,0.15616799890995026,0.048216771334409714,"tensor(0.2054, grad_fn=<MseLossBackward0>)",
2716,5.204181671142578,10.042460441589355,0.15865491330623627,0.03845326602458954,"tensor(0.2241, grad_fn=<MseLossBackward0>)",
2717,3.168539047241211,9.49196720123291,0.04940168187022209,0.06610093265771866,"tensor(0.2153, grad_fn=<MseLossBackward0>)",
2718,4.652878761291504,8.650083541870117,0.10751531273126602,0.0652761310338974,"tensor(0.2915, grad_fn=<MseLossBackward0>)",
2719,5.454415321350098,10.170185089111328,0.09481688588857651,0.11057278513908386,"tensor(0.2613, grad_fn=<MseLossBackward0>)",
2720,5.539495468139648,9.644704818725586,0.05162608623504639,0.1585584580898285,"tensor(0.1726, grad_fn=<MseLossBackward0>)",
2721,3.9265966415405273,8.987163543701172,0.013354738242924213,0.12935926020145416,"tensor(0.2517, grad_fn=<MseLossBackward0>)",
2722,4.78006649017334,9.233642578125,0.03896230459213257,0.14110128581523895,"tensor(0.2069, grad_fn=<MseLossBackward0>)",
2723,5.396109580993652,9.360342025756836,0.0,0.20223864912986755,"tensor(0.2764, grad_fn=<MseLossBackward0>)",
2724,5.1266326904296875,9.615470886230469,0.0,0.1864897757768631,"tensor(0.3611, grad_fn=<MseLossBackward0>)",
2725,7.522768020629883,10.336585998535156,0.05004240944981575,0.23580853641033173,"tensor(0.2692, grad_fn=<MseLossBackward0>)",
2726,6.9295854568481445,8.62392520904541,0.02645476721227169,0.23628267645835876,"tensor(0.2323, grad_fn=<MseLossBackward0>)",
2727,2.760702133178711,9.405353546142578,0.0,0.09658600389957428,"tensor(0.2545, grad_fn=<MseLossBackward0>)",
2728,4.09037971496582,9.316757202148438,0.0,0.1501402109861374,"tensor(0.2371, grad_fn=<MseLossBackward0>)",
2729,2.0678930282592773,8.320292472839355,0.007378717418760061,0.06363751739263535,"tensor(0.2271, grad_fn=<MseLossBackward0>)",
2730,5.252229690551758,8.421232223510742,0.0,0.19920112192630768,"tensor(0.1772, grad_fn=<MseLossBackward0>)",
2731,3.405594825744629,9.277024269104004,0.045320529490709305,0.07705599814653397,"tensor(0.2542, grad_fn=<MseLossBackward0>)",
2732,3.6372923851013184,7.904877662658691,0.10783243179321289,0.02436428889632225,"tensor(0.2706, grad_fn=<MseLossBackward0>)",
2733,5.118963241577148,8.773001670837402,0.06412458419799805,0.12506882846355438,"tensor(0.2925, grad_fn=<MseLossBackward0>)",
2734,5.046599864959717,7.45460319519043,0.057463984936475754,0.1278180629014969,"tensor(0.2796, grad_fn=<MseLossBackward0>)",
2735,5.551603317260742,9.290765762329102,0.08781931549310684,0.12225683778524399,"tensor(0.2100, grad_fn=<MseLossBackward0>)",
2736,5.102354049682617,10.1979398727417,0.04032856225967407,0.1481231302022934,"tensor(0.3089, grad_fn=<MseLossBackward0>)",
2737,4.820344924926758,9.455879211425781,0.04753601551055908,0.1312224268913269,"tensor(0.2453, grad_fn=<MseLossBackward0>)",
2738,4.350358009338379,9.660660743713379,0.07234835624694824,0.09033142775297165,"tensor(0.2229, grad_fn=<MseLossBackward0>)",
2739,4.770473480224609,8.509101867675781,0.0950741320848465,0.08425208926200867,"tensor(0.2439, grad_fn=<MseLossBackward0>)",
2740,6.620913505554199,9.239351272583008,0.07640083879232407,0.17600862681865692,"tensor(0.2261, grad_fn=<MseLossBackward0>)",
2741,10.210278511047363,10.43704891204834,0.0780966728925705,0.31291377544403076,"tensor(0.3830, grad_fn=<MseLossBackward0>)",
2742,6.3824052810668945,10.543882369995117,0.07482947409152985,0.16572584211826324,"tensor(0.2792, grad_fn=<MseLossBackward0>)",
2743,9.123952865600586,10.134425163269043,0.09170327335596085,0.2596288323402405,"tensor(0.2569, grad_fn=<MseLossBackward0>)",
2744,2.690152168273926,9.345840454101562,0.030929306522011757,0.06267912685871124,"tensor(0.2662, grad_fn=<MseLossBackward0>)",
2745,4.188587188720703,9.53980541229248,0.04493596404790878,0.10890275985002518,"tensor(0.2758, grad_fn=<MseLossBackward0>)",
2746,1.7715511322021484,10.117585182189941,0.026722291484475136,0.031136808916926384,"tensor(0.2512, grad_fn=<MseLossBackward0>)",
2747,5.080730438232422,10.694350242614746,0.07575305551290512,0.1161663755774498,"tensor(0.2250, grad_fn=<MseLossBackward0>)",
2748,9.298605918884277,8.915422439575195,0.028879523277282715,0.3288523554801941,"tensor(0.2473, grad_fn=<MseLossBackward0>)",
2749,4.863705635070801,9.735034942626953,0.0,0.18192598223686218,"tensor(0.2431, grad_fn=<MseLossBackward0>)",
2750,4.574653625488281,10.324636459350586,0.013859529979526997,0.15229381620883942,"tensor(0.3204, grad_fn=<MseLossBackward0>)",
2751,4.2034101486206055,10.43078899383545,0.04350638389587402,0.11195650696754456,"tensor(0.1988, grad_fn=<MseLossBackward0>)",
2752,2.19943904876709,9.24169635772705,0.0,0.07698564231395721,"tensor(0.2052, grad_fn=<MseLossBackward0>)",
2753,9.929488182067871,9.536664962768555,0.03703560307621956,0.3435571789741516,"tensor(0.3359, grad_fn=<MseLossBackward0>)",
2754,3.829833984375,9.786510467529297,0.0,0.136794313788414,"tensor(0.2590, grad_fn=<MseLossBackward0>)",
2755,1.6089210510253906,9.043725967407227,0.019658824428915977,0.02901410683989525,"tensor(0.3236, grad_fn=<MseLossBackward0>)",
2756,10.046469688415527,9.438566207885742,0.0,0.386413037776947,"tensor(0.3129, grad_fn=<MseLossBackward0>)",
2757,7.392725944519043,9.525816917419434,0.06537797302007675,0.21705308556556702,"tensor(0.2490, grad_fn=<MseLossBackward0>)",
2758,4.240485191345215,9.29692554473877,0.0,0.15960942208766937,"tensor(0.1970, grad_fn=<MseLossBackward0>)",
2759,6.963932037353516,9.701921463012695,0.053953349590301514,0.21019253134727478,"tensor(0.3122, grad_fn=<MseLossBackward0>)",
2760,5.1095380783081055,8.604171752929688,0.07946062088012695,0.11432965099811554,"tensor(0.2028, grad_fn=<MseLossBackward0>)",
2761,2.310683250427246,10.056771278381348,0.052629947662353516,0.02827891707420349,"tensor(0.2041, grad_fn=<MseLossBackward0>)",
2762,7.593435287475586,9.496513366699219,0.14935985207557678,0.14296278357505798,"tensor(0.2345, grad_fn=<MseLossBackward0>)",
2763,6.260025978088379,8.487159729003906,0.06796163320541382,0.16906170547008514,"tensor(0.2624, grad_fn=<MseLossBackward0>)",
2764,8.091257095336914,9.240854263305664,0.007044116500765085,0.3041747808456421,"tensor(0.2553, grad_fn=<MseLossBackward0>)",
2765,5.171845436096191,9.010035514831543,0.07619565725326538,0.11751233041286469,"tensor(0.2673, grad_fn=<MseLossBackward0>)",
2766,5.842930793762207,8.142640113830566,0.11087093502283096,0.10837624222040176,"tensor(0.2952, grad_fn=<MseLossBackward0>)",
2767,5.292629241943359,8.940168380737305,0.03557298704981804,0.1633497029542923,"tensor(0.2566, grad_fn=<MseLossBackward0>)",
2768,8.698201179504395,9.322339057922363,0.1222449541091919,0.21543681621551514,"tensor(0.1961, grad_fn=<MseLossBackward0>)",
2769,16.559398651123047,9.703351020812988,0.030854225158691406,0.6163369417190552,"tensor(0.2344, grad_fn=<MseLossBackward0>)",
2770,4.415102005004883,9.284331321716309,0.02862548828125,0.1342073231935501,"tensor(0.2631, grad_fn=<MseLossBackward0>)",
2771,8.096085548400879,9.116867065429688,0.009708006866276264,0.2987864911556244,"tensor(0.2923, grad_fn=<MseLossBackward0>)",
2772,9.487689971923828,9.121929168701172,0.0,0.3647555708885193,"tensor(0.2729, grad_fn=<MseLossBackward0>)",
2773,3.505282402038574,9.645155906677246,0.08933079242706299,0.03929286450147629,"tensor(0.1941, grad_fn=<MseLossBackward0>)",
2774,5.886756896972656,9.539462089538574,0.008513529784977436,0.21144968271255493,"tensor(0.3163, grad_fn=<MseLossBackward0>)",
2775,3.5242671966552734,9.678350448608398,0.0,0.1274661421775818,"tensor(0.2687, grad_fn=<MseLossBackward0>)",
2776,3.498096466064453,10.422361373901367,0.08607107400894165,0.04258014261722565,"tensor(0.2075, grad_fn=<MseLossBackward0>)",
2777,4.564120292663574,8.701712608337402,0.026417016983032227,0.1450047343969345,"tensor(0.2004, grad_fn=<MseLossBackward0>)",
2778,2.901089668273926,9.317447662353516,0.015877464786171913,0.0875471979379654,"tensor(0.2451, grad_fn=<MseLossBackward0>)",
2779,3.7336721420288086,9.988824844360352,0.017852425575256348,0.12002767622470856,"tensor(0.2177, grad_fn=<MseLossBackward0>)",
2780,5.773673057556152,9.824419975280762,0.07550171762704849,0.14450645446777344,"tensor(0.2203, grad_fn=<MseLossBackward0>)",
2781,6.763312339782715,10.098873138427734,0.07160180807113647,0.186641126871109,"tensor(0.2280, grad_fn=<MseLossBackward0>)",
2782,10.386343955993652,9.351483345031738,0.0,0.4011216163635254,"tensor(0.2560, grad_fn=<MseLossBackward0>)",
2783,4.793741226196289,9.342439651489258,0.0,0.1774671971797943,"tensor(0.2776, grad_fn=<MseLossBackward0>)",
2784,3.215996742248535,9.695480346679688,0.0,0.11321090161800385,"tensor(0.3161, grad_fn=<MseLossBackward0>)",
2785,4.27137565612793,10.558257102966309,0.06998608261346817,0.09077181667089462,"tensor(0.1954, grad_fn=<MseLossBackward0>)",
2786,1.2967824935913086,9.091438293457031,0.023836394771933556,0.013287445530295372,"tensor(0.3010, grad_fn=<MseLossBackward0>)",
2787,1.9335622787475586,10.977816581726074,0.022779345512390137,0.04424602910876274,"tensor(0.1872, grad_fn=<MseLossBackward0>)",
2788,4.765072822570801,9.80801773071289,0.036197882145643234,0.14251652359962463,"tensor(0.2302, grad_fn=<MseLossBackward0>)",
2789,2.5998153686523438,9.768990516662598,0.00860180426388979,0.08623387664556503,"tensor(0.1674, grad_fn=<MseLossBackward0>)",
2790,4.536401748657227,10.426680564880371,0.0,0.16999410092830658,"tensor(0.1926, grad_fn=<MseLossBackward0>)",
2791,4.095113754272461,8.857044219970703,0.04673796892166138,0.10378025472164154,"tensor(0.2880, grad_fn=<MseLossBackward0>)",
2792,7.863522529602051,9.782772064208984,0.037754178047180176,0.2648452818393707,"tensor(0.2172, grad_fn=<MseLossBackward0>)",
2793,6.373083114624023,9.410608291625977,0.0,0.24230553209781647,"tensor(0.2271, grad_fn=<MseLossBackward0>)",
2794,3.408824920654297,8.994521141052246,0.09802503883838654,0.027230437844991684,"tensor(0.2153, grad_fn=<MseLossBackward0>)",
2795,6.196194648742676,8.512493133544922,0.1277923882007599,0.10869364440441132,"tensor(0.2122, grad_fn=<MseLossBackward0>)",
2796,1.5090351104736328,8.033613204956055,0.013210277073085308,0.03399314358830452,"tensor(0.2638, grad_fn=<MseLossBackward0>)",
2797,3.159224510192871,9.5942964553833,0.04847351834177971,0.06927335262298584,"tensor(0.1481, grad_fn=<MseLossBackward0>)",
2798,7.2437639236450195,8.579219818115234,0.0,0.2764449119567871,"tensor(0.2544, grad_fn=<MseLossBackward0>)",
2799,3.957998275756836,8.836799621582031,0.03521750494837761,0.11206670850515366,"tensor(0.1996, grad_fn=<MseLossBackward0>)",
2800,2.8111162185668945,9.507516860961914,0.023671608418226242,0.07452915608882904,"tensor(0.2860, grad_fn=<MseLossBackward0>)",
2801,5.0979413986206055,10.472155570983887,0.03710750862956047,0.15634694695472717,"tensor(0.2128, grad_fn=<MseLossBackward0>)",
2802,10.869597434997559,10.36929988861084,0.031582534313201904,0.3911019563674927,"tensor(0.2427, grad_fn=<MseLossBackward0>)",
2803,1.5305490493774414,9.381752967834473,0.015460550785064697,0.0353340320289135,"tensor(0.1882, grad_fn=<MseLossBackward0>)",
2804,2.639214515686035,8.827180862426758,0.03483526036143303,0.055331408977508545,"tensor(0.2882, grad_fn=<MseLossBackward0>)",
2805,3.4149770736694336,10.547971725463867,0.031637925654649734,0.09171444177627563,"tensor(0.2746, grad_fn=<MseLossBackward0>)",
2806,5.476706504821777,8.272603988647461,0.18172582983970642,0.026145007461309433,"tensor(0.2170, grad_fn=<MseLossBackward0>)",
2807,4.795586585998535,8.253119468688965,0.0,0.18113431334495544,"tensor(0.1785, grad_fn=<MseLossBackward0>)",
2808,3.4048519134521484,8.980424880981445,0.07040911912918091,0.053626108914613724,"tensor(0.2207, grad_fn=<MseLossBackward0>)",
2809,7.021871566772461,8.249295234680176,0.019468387588858604,0.2463451474905014,"tensor(0.3199, grad_fn=<MseLossBackward0>)",
2810,7.9141645431518555,10.195136070251465,0.09378337860107422,0.20950467884540558,"tensor(0.2737, grad_fn=<MseLossBackward0>)",
2811,2.2514162063598633,10.11202335357666,0.0,0.0795220136642456,"tensor(0.2072, grad_fn=<MseLossBackward0>)",
2812,4.351678848266602,9.905643463134766,0.03300239518284798,0.12997283041477203,"tensor(0.2102, grad_fn=<MseLossBackward0>)",
2813,3.4197797775268555,9.171182632446289,0.06492096185684204,0.05576932802796364,"tensor(0.3060, grad_fn=<MseLossBackward0>)",
2814,5.503878593444824,10.245367050170898,0.0256880521774292,0.18101215362548828,"tensor(0.2410, grad_fn=<MseLossBackward0>)",
2815,4.835663795471191,10.029688835144043,0.0,0.18054726719856262,"tensor(0.2584, grad_fn=<MseLossBackward0>)",
2816,7.423443794250488,10.939276695251465,0.018953779712319374,0.2643045485019684,"tensor(0.2682, grad_fn=<MseLossBackward0>)",
2817,2.6950597763061523,9.193354606628418,0.0,0.0954190343618393,"tensor(0.2021, grad_fn=<MseLossBackward0>)",
2818,8.29782772064209,9.726361274719238,0.010179202072322369,0.3093389868736267,"tensor(0.2285, grad_fn=<MseLossBackward0>)",
2819,7.229708671569824,10.664936065673828,0.024009546265006065,0.24729448556900024,"tensor(0.3865, grad_fn=<MseLossBackward0>)",
2820,3.6153993606567383,9.155800819396973,0.060109637677669525,0.07156579196453094,"tensor(0.2203, grad_fn=<MseLossBackward0>)",
2821,5.019092559814453,10.335503578186035,0.0,0.18931427597999573,"tensor(0.2350, grad_fn=<MseLossBackward0>)",
2822,5.745713233947754,11.512386322021484,0.08388397842645645,0.13148565590381622,"tensor(0.2904, grad_fn=<MseLossBackward0>)",
2823,10.114002227783203,10.472416877746582,0.010548691265285015,0.38294675946235657,"tensor(0.1993, grad_fn=<MseLossBackward0>)",
2824,2.0360212326049805,10.100875854492188,0.028649527579545975,0.040658701211214066,"tensor(0.2338, grad_fn=<MseLossBackward0>)",
2825,2.256837844848633,9.752581596374512,0.015713712200522423,0.06251675635576248,"tensor(0.2367, grad_fn=<MseLossBackward0>)",
2826,4.344606399536133,9.358043670654297,0.02434772253036499,0.13824549317359924,"tensor(0.2103, grad_fn=<MseLossBackward0>)",
2827,5.5699567794799805,8.987062454223633,0.1330692321062088,0.0773613452911377,"tensor(0.2471, grad_fn=<MseLossBackward0>)",
2828,3.1813554763793945,9.343017578125,0.0812685489654541,0.03170622140169144,"tensor(0.2855, grad_fn=<MseLossBackward0>)",
2829,3.3049583435058594,9.337478637695312,0.03925466537475586,0.07876327633857727,"tensor(0.2560, grad_fn=<MseLossBackward0>)",
2830,3.7353906631469727,9.165290832519531,0.022106966003775597,0.1172444298863411,"tensor(0.1899, grad_fn=<MseLossBackward0>)",
2831,2.767634391784668,8.934301376342773,0.017610451206564903,0.07669934630393982,"tensor(0.3439, grad_fn=<MseLossBackward0>)",
2832,5.458449363708496,8.865015983581543,0.025715390220284462,0.18203897774219513,"tensor(0.2014, grad_fn=<MseLossBackward0>)",
2833,7.143183708190918,11.060851097106934,0.003899316070601344,0.26887205243110657,"tensor(0.2208, grad_fn=<MseLossBackward0>)",
2834,3.2606334686279297,10.548752784729004,0.006590346340090036,0.10855545848608017,"tensor(0.3040, grad_fn=<MseLossBackward0>)",
2835,5.125091552734375,9.192278861999512,0.029472747817635536,0.1613132208585739,"tensor(0.2864, grad_fn=<MseLossBackward0>)",
2836,5.302341461181641,9.620218276977539,0.02718222141265869,0.1710367202758789,"tensor(0.2748, grad_fn=<MseLossBackward0>)",
2837,3.526792526245117,9.699240684509277,0.012156784534454346,0.1181885376572609,"tensor(0.1964, grad_fn=<MseLossBackward0>)",
2838,3.511044502258301,10.334701538085938,0.058876633644104004,0.06847477704286575,"tensor(0.2721, grad_fn=<MseLossBackward0>)",
2839,1.2630796432495117,10.409111976623535,0.0017091432819142938,0.029689855873584747,"tensor(0.4200, grad_fn=<MseLossBackward0>)",
2840,3.9767274856567383,9.256243705749512,0.06846892833709717,0.07773760706186295,"tensor(0.2493, grad_fn=<MseLossBackward0>)",
2841,8.054207801818848,10.073742866516113,0.14895768463611603,0.1604790836572647,"tensor(0.2569, grad_fn=<MseLossBackward0>)",
2842,2.398411750793457,9.68648910522461,0.009813924320042133,0.07410330325365067,"tensor(0.2312, grad_fn=<MseLossBackward0>)",
2843,6.388462066650391,9.874948501586914,0.05362512916326523,0.1874244064092636,"tensor(0.2900, grad_fn=<MseLossBackward0>)",
2844,4.224549293518066,10.203417778015137,0.0,0.15547947585582733,"tensor(0.2579, grad_fn=<MseLossBackward0>)",
2845,10.338860511779785,9.356590270996094,0.06976288557052612,0.33063626289367676,"tensor(0.2327, grad_fn=<MseLossBackward0>)",
2846,2.415860176086426,9.986760139465332,0.0,0.08382391929626465,"tensor(0.2515, grad_fn=<MseLossBackward0>)",
2847,4.692696571350098,11.857754707336426,0.011667530052363873,0.16289114952087402,"tensor(0.2417, grad_fn=<MseLossBackward0>)",
2848,3.126206398010254,9.165078163146973,0.02447301149368286,0.09028821438550949,"tensor(0.1988, grad_fn=<MseLossBackward0>)",
2849,4.8343353271484375,9.365708351135254,0.024937191978096962,0.1539473831653595,"tensor(0.2908, grad_fn=<MseLossBackward0>)",
2850,0.6971855163574219,9.72300910949707,0.0,0.01675954833626747,"tensor(0.1959, grad_fn=<MseLossBackward0>)",
2851,7.786750793457031,11.160536766052246,0.11729300022125244,0.18224109709262848,"tensor(0.1999, grad_fn=<MseLossBackward0>)",
2852,4.584918022155762,11.063672065734863,0.0,0.17042306065559387,"tensor(0.2390, grad_fn=<MseLossBackward0>)",
2853,2.6627511978149414,10.345722198486328,0.04814571142196655,0.04570957273244858,"tensor(0.2082, grad_fn=<MseLossBackward0>)",
2854,5.214040756225586,9.853866577148438,0.02368152141571045,0.16960206627845764,"tensor(0.2709, grad_fn=<MseLossBackward0>)",
2855,2.5038843154907227,9.79340648651123,0.0,0.08817720413208008,"tensor(0.2286, grad_fn=<MseLossBackward0>)",
2856,5.575284004211426,9.669781684875488,0.08090867847204208,0.12610384821891785,"tensor(0.2934, grad_fn=<MseLossBackward0>)",
2857,6.143933296203613,10.208976745605469,0.0017505089053884149,0.22788293659687042,"tensor(0.3279, grad_fn=<MseLossBackward0>)",
2858,6.095806121826172,10.908191680908203,0.14992761611938477,0.08500664681196213,"tensor(0.1651, grad_fn=<MseLossBackward0>)",
2859,4.171402931213379,9.650211334228516,0.04696444422006607,0.10891729593276978,"tensor(0.2240, grad_fn=<MseLossBackward0>)",
2860,4.404027938842773,9.969552040100098,0.11576350033283234,0.04850639030337334,"tensor(0.2586, grad_fn=<MseLossBackward0>)",
2861,4.450135231018066,10.225008964538574,0.06385836750268936,0.10179531574249268,"tensor(0.2306, grad_fn=<MseLossBackward0>)",
2862,8.578269958496094,8.438042640686035,0.10327909886837006,0.23062185943126678,"tensor(0.1927, grad_fn=<MseLossBackward0>)",
2863,4.248456954956055,8.830615997314453,0.08941967785358429,0.06760557740926743,"tensor(0.2668, grad_fn=<MseLossBackward0>)",
2864,10.662836074829102,10.001858711242676,0.2942332625389099,0.12135656177997589,"tensor(0.2257, grad_fn=<MseLossBackward0>)",
2865,4.618709564208984,10.282111167907715,0.13098561763763428,0.04205765575170517,"tensor(0.2435, grad_fn=<MseLossBackward0>)",
2866,5.019118309020996,10.300074577331543,0.15492218732833862,0.03752605989575386,"tensor(0.1703, grad_fn=<MseLossBackward0>)",
2867,11.887561798095703,9.662092208862305,0.12401348352432251,0.3427175283432007,"tensor(0.1727, grad_fn=<MseLossBackward0>)",
2868,4.339674949645996,11.36061954498291,0.09353204816579819,0.06704887747764587,"tensor(0.2608, grad_fn=<MseLossBackward0>)",
2869,2.808828353881836,10.44253158569336,0.027844944968819618,0.06881909817457199,"tensor(0.3241, grad_fn=<MseLossBackward0>)",
2870,6.128579139709473,11.614477157592773,0.027003109455108643,0.20439539849758148,"tensor(0.2856, grad_fn=<MseLossBackward0>)",
2871,2.869569778442383,9.795021057128906,0.043255943804979324,0.05733194574713707,"tensor(0.2689, grad_fn=<MseLossBackward0>)",
2872,6.373287200927734,11.670391082763672,0.056949514895677567,0.181250661611557,"tensor(0.3211, grad_fn=<MseLossBackward0>)",
2873,2.157376289367676,10.384315490722656,0.0,0.07411661744117737,"tensor(0.2098, grad_fn=<MseLossBackward0>)",
2874,8.035890579223633,9.945130348205566,0.024801215156912804,0.28451430797576904,"tensor(0.1907, grad_fn=<MseLossBackward0>)",
2875,5.789189338684082,10.961869239807129,0.02002839185297489,0.19958560168743134,"tensor(0.2482, grad_fn=<MseLossBackward0>)",
2876,9.304978370666504,9.753602981567383,0.09497924894094467,0.26575082540512085,"tensor(0.2083, grad_fn=<MseLossBackward0>)",
2877,9.325709342956543,10.052274703979492,0.05977676436305046,0.29752668738365173,"tensor(0.2791, grad_fn=<MseLossBackward0>)",
2878,4.088970184326172,10.432860374450684,0.013027092441916466,0.1340615302324295,"tensor(0.3048, grad_fn=<MseLossBackward0>)",
2879,7.3644866943359375,12.446809768676758,0.042639654129743576,0.2405952513217926,"tensor(0.2108, grad_fn=<MseLossBackward0>)",
2880,4.175649642944336,11.762410163879395,0.008182764053344727,0.14453446865081787,"tensor(0.2396, grad_fn=<MseLossBackward0>)",
2881,3.8176145553588867,9.045886039733887,0.0,0.14010995626449585,"tensor(0.2325, grad_fn=<MseLossBackward0>)",
2882,3.6024484634399414,9.654845237731934,0.06564170122146606,0.06492473930120468,"tensor(0.2662, grad_fn=<MseLossBackward0>)",
2883,1.2475204467773438,10.371230125427246,0.022986391559243202,0.015615448355674744,"tensor(0.2249, grad_fn=<MseLossBackward0>)",
2884,6.680336952209473,10.165090560913086,0.05012623593211174,0.20310799777507782,"tensor(0.2817, grad_fn=<MseLossBackward0>)",
2885,7.410008430480957,9.355698585510254,0.02673441171646118,0.2524157166481018,"tensor(0.3570, grad_fn=<MseLossBackward0>)",
2886,4.401291847229004,9.045809745788574,0.03623310849070549,0.12772293388843536,"tensor(0.2353, grad_fn=<MseLossBackward0>)",
2887,3.1297407150268555,10.387995719909668,0.06388483196496964,0.04924141615629196,"tensor(0.2281, grad_fn=<MseLossBackward0>)",
2888,7.075682640075684,9.787919998168945,0.13979318737983704,0.1314999759197235,"tensor(0.2130, grad_fn=<MseLossBackward0>)",
2889,3.4825286865234375,10.11611557006836,0.020653843879699707,0.10271497815847397,"tensor(0.3199, grad_fn=<MseLossBackward0>)",
2890,6.102176666259766,9.333863258361816,0.01129134465008974,0.22118738293647766,"tensor(0.2569, grad_fn=<MseLossBackward0>)",
2891,4.931084632873535,11.23172378540039,0.033003728836774826,0.15112191438674927,"tensor(0.2491, grad_fn=<MseLossBackward0>)",
2892,3.6373958587646484,11.35212516784668,0.09336531162261963,0.035147108137607574,"tensor(0.3653, grad_fn=<MseLossBackward0>)",
2893,7.022860527038574,10.31442928314209,0.029266834259033203,0.23788437247276306,"tensor(0.2668, grad_fn=<MseLossBackward0>)",
2894,6.2820539474487305,10.049943923950195,0.05088752508163452,0.1869068145751953,"tensor(0.2294, grad_fn=<MseLossBackward0>)",
2895,4.247272491455078,10.760250091552734,0.07495880126953125,0.08172740787267685,"tensor(0.2878, grad_fn=<MseLossBackward0>)",
2896,8.032221794128418,12.823421478271484,0.07260923087596893,0.23191577196121216,"tensor(0.3578, grad_fn=<MseLossBackward0>)",
2897,5.114794731140137,12.525749206542969,0.017760714516043663,0.1729174256324768,"tensor(0.2596, grad_fn=<MseLossBackward0>)",
2898,8.727954864501953,11.99886417388916,0.06328638643026352,0.27397292852401733,"tensor(0.2455, grad_fn=<MseLossBackward0>)",
2899,3.972235679626465,10.872804641723633,0.05717257782816887,0.08737415820360184,"tensor(0.2592, grad_fn=<MseLossBackward0>)",
2900,8.669288635253906,11.585912704467773,0.003980597015470266,0.32958054542541504,"tensor(0.2521, grad_fn=<MseLossBackward0>)",
2901,2.774477958679199,11.49134349822998,0.004475494381040335,0.09221731871366501,"tensor(0.2687, grad_fn=<MseLossBackward0>)",
2902,7.510315895080566,10.786227226257324,0.04836314916610718,0.23928901553153992,"tensor(0.2359, grad_fn=<MseLossBackward0>)",
2903,4.970306396484375,11.217850685119629,0.09224482625722885,0.09265005588531494,"tensor(0.2507, grad_fn=<MseLossBackward0>)",
2904,3.969989776611328,10.652324676513672,0.0351334810256958,0.10983651876449585,"tensor(0.2617, grad_fn=<MseLossBackward0>)",
2905,6.22966194152832,9.811729431152344,0.041224103420972824,0.19352804124355316,"tensor(0.2836, grad_fn=<MseLossBackward0>)",
2906,7.216845512390137,10.835358619689941,0.009523351676762104,0.2653872072696686,"tensor(0.2745, grad_fn=<MseLossBackward0>)",
2907,9.100119590759277,11.906590461730957,0.23418748378753662,0.11794737726449966,"tensor(0.2184, grad_fn=<MseLossBackward0>)",
2908,7.630031585693359,12.258230209350586,0.0835307240486145,0.2108188271522522,"tensor(0.2056, grad_fn=<MseLossBackward0>)",
2909,3.8685712814331055,10.41827392578125,0.06496363878250122,0.07685919106006622,"tensor(0.2763, grad_fn=<MseLossBackward0>)",
2910,7.979192733764648,10.85899543762207,0.05204077437520027,0.2526126801967621,"tensor(0.2844, grad_fn=<MseLossBackward0>)",
2911,6.820666313171387,10.825348854064941,0.06157861277461052,0.20026043057441711,"tensor(0.2086, grad_fn=<MseLossBackward0>)",
2912,7.4302825927734375,11.27043342590332,0.028831422328948975,0.25725626945495605,"tensor(0.2251, grad_fn=<MseLossBackward0>)",
2913,5.5826568603515625,9.566061019897461,0.053127169609069824,0.1593058705329895,"tensor(0.1747, grad_fn=<MseLossBackward0>)",
2914,3.365229606628418,10.655844688415527,0.04322254657745361,0.08202426135540009,"tensor(0.1576, grad_fn=<MseLossBackward0>)",
2915,5.285984992980957,11.145013809204102,0.02304760552942753,0.1736796796321869,"tensor(0.2788, grad_fn=<MseLossBackward0>)",
2916,6.395144462585449,10.72335147857666,0.005469361785799265,0.23783238232135773,"tensor(0.2432, grad_fn=<MseLossBackward0>)",
2917,6.315394401550293,9.901117324829102,0.0,0.24256588518619537,"tensor(0.1915, grad_fn=<MseLossBackward0>)",
2918,5.053563117980957,10.025728225708008,0.013890366069972515,0.17400166392326355,"tensor(0.2807, grad_fn=<MseLossBackward0>)",
2919,5.532922744750977,9.272717475891113,0.11345183849334717,0.09433680772781372,"tensor(0.2583, grad_fn=<MseLossBackward0>)",
2920,6.025016784667969,9.817721366882324,0.08671537786722183,0.14364679157733917,"tensor(0.1992, grad_fn=<MseLossBackward0>)",
2921,6.208963394165039,9.429192543029785,0.0993189811706543,0.135329008102417,"tensor(0.2358, grad_fn=<MseLossBackward0>)",
2922,3.391018867492676,9.830880165100098,0.07326000928878784,0.049580205231904984,"tensor(0.2601, grad_fn=<MseLossBackward0>)",
2923,5.696258544921875,10.012794494628906,0.14431311190128326,0.07484244555234909,"tensor(0.1633, grad_fn=<MseLossBackward0>)",
2924,5.221040725708008,10.196324348449707,0.0414172001183033,0.15280917286872864,"tensor(0.3094, grad_fn=<MseLossBackward0>)",
2925,4.156926155090332,9.87024974822998,0.08008275181055069,0.07721816748380661,"tensor(0.1691, grad_fn=<MseLossBackward0>)",
2926,6.298322677612305,9.722594261169434,0.015450060367584229,0.22047962248325348,"tensor(0.3272, grad_fn=<MseLossBackward0>)",
2927,2.7119369506835938,10.0335054397583,0.026590624824166298,0.07016847282648087,"tensor(0.2157, grad_fn=<MseLossBackward0>)",
2928,2.768998146057129,11.354393005371094,0.04927299544215202,0.05046364292502403,"tensor(0.2042, grad_fn=<MseLossBackward0>)",
2929,8.871210098266602,10.368288040161133,0.06871166080236435,0.2751613259315491,"tensor(0.2026, grad_fn=<MseLossBackward0>)",
2930,3.646209716796875,11.737807273864746,0.0,0.12842068076133728,"tensor(0.3709, grad_fn=<MseLossBackward0>)",
2931,9.320969581604004,10.045252799987793,0.05761275812983513,0.3043971359729767,"tensor(0.1856, grad_fn=<MseLossBackward0>)",
2932,5.070879936218262,9.377850532531738,0.04258670657873154,0.1485750377178192,"tensor(0.2262, grad_fn=<MseLossBackward0>)",
2933,7.7559709548950195,9.20074462890625,0.006935914512723684,0.28958332538604736,"tensor(0.2371, grad_fn=<MseLossBackward0>)",
2934,2.81418514251709,9.908771514892578,0.017901381477713585,0.08072210848331451,"tensor(0.2775, grad_fn=<MseLossBackward0>)",
2935,7.214015007019043,10.243047714233398,0.0064238510094583035,0.2664136290550232,"tensor(0.3084, grad_fn=<MseLossBackward0>)",
2936,8.641684532165527,9.206568717956543,0.10095852613449097,0.23342007398605347,"tensor(0.1878, grad_fn=<MseLossBackward0>)",
2937,5.589868545532227,9.345178604125977,0.008348703384399414,0.20036782324314117,"tensor(0.3007, grad_fn=<MseLossBackward0>)",
2938,5.552647590637207,10.880219459533691,0.0,0.20695874094963074,"tensor(0.3003, grad_fn=<MseLossBackward0>)",
2939,5.854518890380859,10.403432846069336,0.0,0.22194570302963257,"tensor(0.2485, grad_fn=<MseLossBackward0>)",
2940,2.675541877746582,9.945873260498047,0.008372604846954346,0.0851968377828598,"tensor(0.2797, grad_fn=<MseLossBackward0>)",
2941,3.4356870651245117,10.709905624389648,0.05830788612365723,0.07009446620941162,"tensor(0.1752, grad_fn=<MseLossBackward0>)",
2942,2.1886072158813477,10.60109806060791,0.0,0.0732964277267456,"tensor(0.2855, grad_fn=<MseLossBackward0>)",
2943,3.4252796173095703,10.417463302612305,0.02318098209798336,0.10268528759479523,"tensor(0.2118, grad_fn=<MseLossBackward0>)",
2944,7.318985939025879,10.395866394042969,0.11772298812866211,0.16082419455051422,"tensor(0.2895, grad_fn=<MseLossBackward0>)",
2945,2.632420539855957,10.63459300994873,0.011034051887691021,0.08042490482330322,"tensor(0.2831, grad_fn=<MseLossBackward0>)",
2946,7.572681427001953,10.284025192260742,0.024269143119454384,0.2638276219367981,"tensor(0.2916, grad_fn=<MseLossBackward0>)",
2947,10.48012638092041,10.138379096984863,0.02250683307647705,0.38429737091064453,"tensor(0.2228, grad_fn=<MseLossBackward0>)",
2948,4.536620140075684,10.775078773498535,0.07864193618297577,0.08424093574285507,"tensor(0.3904, grad_fn=<MseLossBackward0>)",
2949,2.263917922973633,8.721814155578613,0.051219720393419266,0.028820334002375603,"tensor(0.1746, grad_fn=<MseLossBackward0>)",
2950,7.938138008117676,8.826821327209473,0.0786513090133667,0.22362595796585083,"tensor(0.2991, grad_fn=<MseLossBackward0>)",
2951,2.973038673400879,8.186882972717285,0.06123208999633789,0.04516497254371643,"tensor(0.2500, grad_fn=<MseLossBackward0>)",
2952,5.600861549377441,10.161913871765137,0.015577593818306923,0.19221296906471252,"tensor(0.3119, grad_fn=<MseLossBackward0>)",
2953,3.929286003112793,8.973148345947266,0.060487132519483566,0.08367810398340225,"tensor(0.2578, grad_fn=<MseLossBackward0>)",
2954,4.459085464477539,9.679713249206543,0.019213935360312462,0.1467207670211792,"tensor(0.2137, grad_fn=<MseLossBackward0>)",
2955,1.7316646575927734,8.668051719665527,0.0,0.05799378454685211,"tensor(0.2299, grad_fn=<MseLossBackward0>)",
2956,5.321269989013672,8.973919868469238,0.06518079340457916,0.13599711656570435,"tensor(0.2206, grad_fn=<MseLossBackward0>)",
2957,5.4743452072143555,9.287433624267578,0.07084014266729355,0.1373181939125061,"tensor(0.2009, grad_fn=<MseLossBackward0>)",
2958,3.6977806091308594,9.92926025390625,0.030776560306549072,0.102134570479393,"tensor(0.3042, grad_fn=<MseLossBackward0>)",
2959,6.037055969238281,8.62559700012207,0.12139301002025604,0.109233058989048,"tensor(0.2086, grad_fn=<MseLossBackward0>)",
2960,7.102407455444336,8.920685768127441,0.10250677913427353,0.17267680168151855,"tensor(0.1573, grad_fn=<MseLossBackward0>)",
2961,6.470089912414551,8.876378059387207,0.050584495067596436,0.19538390636444092,"tensor(0.2504, grad_fn=<MseLossBackward0>)",
2962,3.683865547180176,9.391037940979004,0.017486413940787315,0.11634503304958344,"tensor(0.2255, grad_fn=<MseLossBackward0>)",
2963,1.3127431869506836,10.498064994812012,0.004646519664674997,0.0369352251291275,"tensor(0.2253, grad_fn=<MseLossBackward0>)",
2964,3.440906524658203,8.893217086791992,0.06641767174005508,0.058402255177497864,"tensor(0.2347, grad_fn=<MseLossBackward0>)",
2965,6.893853187561035,9.76623249053955,0.12523303925991058,0.14041005074977875,"tensor(0.1860, grad_fn=<MseLossBackward0>)",
2966,6.046643257141113,9.659843444824219,0.005244871135801077,0.221917986869812,"tensor(0.2853, grad_fn=<MseLossBackward0>)",
2967,7.342268943786621,8.804398536682129,0.13939015567302704,0.1416006088256836,"tensor(0.2327, grad_fn=<MseLossBackward0>)",
2968,4.648133277893066,8.396212577819824,0.07806897163391113,0.09574631601572037,"tensor(0.2082, grad_fn=<MseLossBackward0>)",
2969,3.228644371032715,9.159018516540527,0.0026773016434162855,0.11374375224113464,"tensor(0.2208, grad_fn=<MseLossBackward0>)",
2970,13.298781394958496,9.464550018310547,0.0541682243347168,0.46087342500686646,"tensor(0.3403, grad_fn=<MseLossBackward0>)",
2971,13.810959815979004,9.55722713470459,0.0,0.5397695899009705,"tensor(0.2392, grad_fn=<MseLossBackward0>)",
2972,2.1445541381835938,10.419046401977539,0.0013137062778696418,0.0680084228515625,"tensor(0.3222, grad_fn=<MseLossBackward0>)",
2973,5.729453086853027,10.189542770385742,0.03172862529754639,0.1824004352092743,"tensor(0.2777, grad_fn=<MseLossBackward0>)",
2974,2.3218259811401367,9.670085906982422,0.0,0.08079572021961212,"tensor(0.2425, grad_fn=<MseLossBackward0>)",
2975,3.880949020385742,9.895439147949219,0.027088424190878868,0.11863886564970016,"tensor(0.1654, grad_fn=<MseLossBackward0>)",
2976,3.664846420288086,9.991257667541504,0.034419674426317215,0.10322815924882889,"tensor(0.1671, grad_fn=<MseLossBackward0>)",
2977,6.957554817199707,10.425064086914062,0.06487518548965454,0.20007441937923431,"tensor(0.2708, grad_fn=<MseLossBackward0>)",
2978,8.806588172912598,10.362852096557617,0.15015362203121185,0.19151246547698975,"tensor(0.2210, grad_fn=<MseLossBackward0>)",
2979,4.981522560119629,9.581344604492188,0.07813917100429535,0.10983511805534363,"tensor(0.2198, grad_fn=<MseLossBackward0>)",
2980,7.032120704650879,9.050704956054688,3.170967102050781e-05,0.2673725485801697,"tensor(0.2680, grad_fn=<MseLossBackward0>)",
2981,3.3837080001831055,9.920726776123047,0.009665469639003277,0.11079432815313339,"tensor(0.3145, grad_fn=<MseLossBackward0>)",
2982,2.6093263626098633,9.791266441345215,0.014467637054622173,0.07747690379619598,"tensor(0.2391, grad_fn=<MseLossBackward0>)",
2983,1.7922277450561523,10.412459373474121,0.020385900512337685,0.03856901079416275,"tensor(0.2736, grad_fn=<MseLossBackward0>)",
2984,6.943838119506836,8.462688446044922,0.0894128680229187,0.1756749004125595,"tensor(0.2289, grad_fn=<MseLossBackward0>)",
2985,1.513082504272461,9.112093925476074,0.007049063686281443,0.042614176869392395,"tensor(0.2203, grad_fn=<MseLossBackward0>)",
2986,4.003975868225098,9.144818305969238,0.019373595714569092,0.1286851167678833,"tensor(0.2460, grad_fn=<MseLossBackward0>)",
2987,13.419323921203613,8.93032169342041,0.12197156250476837,0.4015715420246124,"tensor(0.2870, grad_fn=<MseLossBackward0>)",
2988,7.191201210021973,10.534282684326172,0.006557782646268606,0.27025577425956726,"tensor(0.2062, grad_fn=<MseLossBackward0>)",
2989,4.209681510925293,8.165885925292969,0.01341430377215147,0.14385126531124115,"tensor(0.2318, grad_fn=<MseLossBackward0>)",
2990,4.995373725891113,9.41835880279541,0.04167747497558594,0.14459049701690674,"tensor(0.2673, grad_fn=<MseLossBackward0>)",
2991,2.311671257019043,9.1952543258667,0.0,0.07943329960107803,"tensor(0.2823, grad_fn=<MseLossBackward0>)",
2992,2.5507001876831055,9.378884315490723,0.06157781556248665,0.02718263864517212,"tensor(0.2746, grad_fn=<MseLossBackward0>)",
2993,4.167934417724609,9.111598014831543,0.08683079481124878,0.06679156422615051,"tensor(0.2987, grad_fn=<MseLossBackward0>)",
2994,5.008207321166992,8.89365291595459,0.09627332538366318,0.09034644812345505,"tensor(0.2826, grad_fn=<MseLossBackward0>)",
2995,4.663931369781494,7.79803991317749,0.053094346076250076,0.120163694024086,"tensor(0.2659, grad_fn=<MseLossBackward0>)",
2996,3.9192428588867188,8.975048065185547,0.01396244764328003,0.13027924299240112,"tensor(0.2287, grad_fn=<MseLossBackward0>)",
2997,7.035073280334473,9.300067901611328,0.1801169216632843,0.09039733558893204,"tensor(0.1870, grad_fn=<MseLossBackward0>)",
2998,6.499397277832031,9.080260276794434,0.023673057556152344,0.22357244789600372,"tensor(0.2788, grad_fn=<MseLossBackward0>)",
2999,3.0616321563720703,8.811120986938477,0.04037787392735481,0.0730682983994484,"tensor(0.1778, grad_fn=<MseLossBackward0>)",
3000,3.5140767097473145,7.4405035972595215,0.007981598377227783,0.11892177909612656,"tensor(0.2674, grad_fn=<MseLossBackward0>)","[0.9916209578514099, 1.0249258279800415, 1.1679387092590332]"
3001,5.301837921142578,8.629149436950684,0.07130607217550278,0.12753663957118988,"tensor(0.2568, grad_fn=<MseLossBackward0>)",
3002,7.052243232727051,9.101840019226074,0.030433794483542442,0.2391519844532013,"tensor(0.2421, grad_fn=<MseLossBackward0>)",
3003,4.72072696685791,9.135565757751465,0.12784798443317413,0.048612065613269806,"tensor(0.2552, grad_fn=<MseLossBackward0>)",
3004,2.677212715148926,8.780172348022461,0.007068594451993704,0.08670862019062042,"tensor(0.2855, grad_fn=<MseLossBackward0>)",
3005,1.930750846862793,8.86929702758789,0.03644130751490593,0.027493763715028763,"tensor(0.2540, grad_fn=<MseLossBackward0>)",
3006,1.3507404327392578,9.43691349029541,0.0017076730728149414,0.04342455416917801,"tensor(0.1399, grad_fn=<MseLossBackward0>)",
3007,4.448199272155762,10.352556228637695,0.1206802949309349,0.04320049285888672,"tensor(0.2985, grad_fn=<MseLossBackward0>)",
3008,5.920962333679199,9.451343536376953,0.05668991804122925,0.16642190515995026,"tensor(0.2612, grad_fn=<MseLossBackward0>)",
3009,4.409574508666992,10.049668312072754,0.011074423789978027,0.149465873837471,"tensor(0.3377, grad_fn=<MseLossBackward0>)",
3010,3.439877510070801,8.507713317871094,0.03814387321472168,0.0844193771481514,"tensor(0.2989, grad_fn=<MseLossBackward0>)",
3011,11.584731101989746,8.416963577270508,0.10837213695049286,0.3421303629875183,"tensor(0.2533, grad_fn=<MseLossBackward0>)",
3012,6.139395713806152,10.70329761505127,0.006696343421936035,0.2246122509241104,"tensor(0.2517, grad_fn=<MseLossBackward0>)",
3013,5.134464263916016,9.114164352416992,0.0827338919043541,0.10626555979251862,"tensor(0.3085, grad_fn=<MseLossBackward0>)",
3014,9.797554969787598,9.028347969055176,0.015219430439174175,0.36532434821128845,"tensor(0.1968, grad_fn=<MseLossBackward0>)",
3015,7.297408103942871,10.28539752960205,0.0,0.27523720264434814,"tensor(0.2949, grad_fn=<MseLossBackward0>)",
3016,5.603878021240234,8.611939430236816,0.07505913823843002,0.13507108390331268,"tensor(0.2579, grad_fn=<MseLossBackward0>)",
3017,2.6957616806030273,8.526924133300781,0.007901768200099468,0.0865967646241188,"tensor(0.2567, grad_fn=<MseLossBackward0>)",
3018,15.64339542388916,11.213491439819336,0.07819654792547226,0.5376207232475281,"tensor(0.2085, grad_fn=<MseLossBackward0>)",
3019,1.594853401184082,9.141253471374512,0.016085049137473106,0.03342171758413315,"tensor(0.2815, grad_fn=<MseLossBackward0>)",
3020,3.031827926635742,9.916206359863281,0.007963697426021099,0.10222039371728897,"tensor(0.1857, grad_fn=<MseLossBackward0>)",
3021,2.0732269287109375,10.482420921325684,0.008843203075230122,0.05930154025554657,"tensor(0.2397, grad_fn=<MseLossBackward0>)",
3022,3.7245798110961914,9.716200828552246,0.010718464851379395,0.12320246547460556,"tensor(0.3130, grad_fn=<MseLossBackward0>)",
3023,3.2189388275146484,10.114596366882324,0.014097173698246479,0.1023474931716919,"tensor(0.2333, grad_fn=<MseLossBackward0>)",
3024,5.478432655334473,9.75267505645752,0.09359576553106308,0.11049944162368774,"tensor(0.3226, grad_fn=<MseLossBackward0>)",
3025,5.1379899978637695,10.848810195922852,0.02654941938817501,0.16059093177318573,"tensor(0.4080, grad_fn=<MseLossBackward0>)",
3026,7.688843727111816,10.636312484741211,0.07745388895273209,0.21601654589176178,"tensor(0.2980, grad_fn=<MseLossBackward0>)",
3027,4.697242736816406,10.086058616638184,0.08885946124792099,0.08637656271457672,"tensor(0.2498, grad_fn=<MseLossBackward0>)",
3028,1.6425247192382812,9.229975700378418,0.04994469881057739,0.004365722648799419,"tensor(0.2436, grad_fn=<MseLossBackward0>)",
3029,4.815979957580566,10.869454383850098,0.014591078273952007,0.1627207249403,"tensor(0.3179, grad_fn=<MseLossBackward0>)",
3030,8.958662033081055,8.394369125366211,0.07568180561065674,0.26879140734672546,"tensor(0.2969, grad_fn=<MseLossBackward0>)",
3031,1.8775615692138672,10.0728759765625,0.0066384077072143555,0.056894347071647644,"tensor(0.2161, grad_fn=<MseLossBackward0>)",
3032,4.794512748718262,8.898664474487305,0.03236554190516472,0.14687898755073547,"tensor(0.2550, grad_fn=<MseLossBackward0>)",
3033,10.946162223815918,9.638286590576172,0.03212974593043327,0.3895110785961151,"tensor(0.3212, grad_fn=<MseLossBackward0>)",
3034,5.122950553894043,8.775033950805664,0.0,0.19292756915092468,"tensor(0.2453, grad_fn=<MseLossBackward0>)",
3035,8.12026309967041,8.375179290771484,0.025998970493674278,0.28163760900497437,"tensor(0.3462, grad_fn=<MseLossBackward0>)",
3036,3.640443801879883,8.996196746826172,0.0,0.12896151840686798,"tensor(0.3388, grad_fn=<MseLossBackward0>)",
3037,14.803948402404785,8.838125228881836,0.04785994812846184,0.5326029062271118,"tensor(0.2198, grad_fn=<MseLossBackward0>)",
3038,6.042771339416504,8.98379135131836,0.03179126977920532,0.196754589676857,"tensor(0.2606, grad_fn=<MseLossBackward0>)",
3039,4.010195732116699,8.159821510314941,0.029154380783438683,0.11579540371894836,"tensor(0.3324, grad_fn=<MseLossBackward0>)",
3040,2.9305648803710938,8.086102485656738,0.0,0.10597068071365356,"tensor(0.2218, grad_fn=<MseLossBackward0>)",
3041,2.990889549255371,9.027872085571289,0.03205720707774162,0.07716137915849686,"tensor(0.2036, grad_fn=<MseLossBackward0>)",
3042,2.916897773742676,8.333710670471191,0.0560048446059227,0.049854785203933716,"tensor(0.2213, grad_fn=<MseLossBackward0>)",
3043,2.3150620460510254,6.771576881408691,0.0,0.08061540126800537,"tensor(0.2454, grad_fn=<MseLossBackward0>)",
3044,10.76289176940918,7.03014612197876,0.19409582018852234,0.2227083444595337,"tensor(0.2788, grad_fn=<MseLossBackward0>)",
3045,7.276439666748047,7.046838283538818,0.16653913259506226,0.114159494638443,"tensor(0.2021, grad_fn=<MseLossBackward0>)",
3046,4.138912200927734,8.176809310913086,0.02351454831659794,0.1306736022233963,"tensor(0.2213, grad_fn=<MseLossBackward0>)",
3047,4.80604362487793,7.353747844696045,0.006980737205594778,0.17446085810661316,"tensor(0.2245, grad_fn=<MseLossBackward0>)",
3048,10.346673965454102,6.802436351776123,0.11770595610141754,0.28419214487075806,"tensor(0.2593, grad_fn=<MseLossBackward0>)",
3049,2.7718191146850586,8.128362655639648,0.05841131880879402,0.0440114289522171,"tensor(0.1582, grad_fn=<MseLossBackward0>)",
3050,5.129515171051025,7.183582305908203,0.12546604871749878,0.06868305802345276,"tensor(0.2349, grad_fn=<MseLossBackward0>)",
3051,3.4370384216308594,8.725872039794922,0.013463417999446392,0.1138974279165268,"tensor(0.2119, grad_fn=<MseLossBackward0>)",
3052,2.378657341003418,7.095556259155273,0.009128550998866558,0.07578445225954056,"tensor(0.1946, grad_fn=<MseLossBackward0>)",
3053,3.422682285308838,7.3883490562438965,0.07146046310663223,0.05221570283174515,"tensor(0.2886, grad_fn=<MseLossBackward0>)",
3054,2.08329439163208,7.4388041496276855,0.02716859243810177,0.044805120676755905,"tensor(0.2299, grad_fn=<MseLossBackward0>)",
3055,5.919071197509766,7.954056262969971,0.035356681793928146,0.18712402880191803,"tensor(0.2985, grad_fn=<MseLossBackward0>)",
3056,2.8170299530029297,6.107416152954102,0.07738757133483887,0.02536051906645298,"tensor(0.1670, grad_fn=<MseLossBackward0>)",
3057,4.77452278137207,7.871273994445801,0.007649242877960205,0.1689339280128479,"tensor(0.2837, grad_fn=<MseLossBackward0>)",
3058,8.37044906616211,7.5153117179870605,0.01949145458638668,0.30538392066955566,"tensor(0.1771, grad_fn=<MseLossBackward0>)",
3059,3.194232940673828,8.448070526123047,0.009740372188389301,0.10217416286468506,"tensor(0.3131, grad_fn=<MseLossBackward0>)",
3060,5.618395805358887,8.184845924377441,0.027690211310982704,0.18433687090873718,"tensor(0.2040, grad_fn=<MseLossBackward0>)",
3061,2.696208953857422,7.849332809448242,0.016527393832802773,0.07649363577365875,"tensor(0.2355, grad_fn=<MseLossBackward0>)",
3062,2.8691186904907227,8.127323150634766,0.027693292126059532,0.07175811380147934,"tensor(0.2998, grad_fn=<MseLossBackward0>)",
3063,5.879517555236816,8.40550422668457,0.0,0.21889503300189972,"tensor(0.2994, grad_fn=<MseLossBackward0>)",
3064,1.897195816040039,7.68671178817749,0.0,0.060553424060344696,"tensor(0.2894, grad_fn=<MseLossBackward0>)",
3065,3.573014259338379,8.723679542541504,0.0,0.13275855779647827,"tensor(0.1721, grad_fn=<MseLossBackward0>)",
3066,6.659168243408203,6.8138604164123535,0.014071226119995117,0.2393743246793747,"tensor(0.2305, grad_fn=<MseLossBackward0>)",
3067,3.099548816680908,7.935772895812988,0.02114943601191044,0.09071529656648636,"tensor(0.2090, grad_fn=<MseLossBackward0>)",
3068,4.0829877853393555,8.611010551452637,0.008163630962371826,0.14093050360679626,"tensor(0.2789, grad_fn=<MseLossBackward0>)",
3069,1.0381793975830078,8.267586708068848,0.0,0.025703636929392815,"tensor(0.3173, grad_fn=<MseLossBackward0>)",
3070,4.263494491577148,7.79305362701416,0.05615967512130737,0.10133781284093857,"tensor(0.2417, grad_fn=<MseLossBackward0>)",
3071,6.486530303955078,10.727486610412598,0.04534057900309563,0.19658957421779633,"tensor(0.3296, grad_fn=<MseLossBackward0>)",
3072,3.044306755065918,8.975223541259766,0.02814640663564205,0.07676752656698227,"tensor(0.2852, grad_fn=<MseLossBackward0>)",
3073,1.9146308898925781,9.181750297546387,0.0,0.06037347763776779,"tensor(0.2593, grad_fn=<MseLossBackward0>)",
3074,2.23380184173584,9.430256843566895,0.004531562328338623,0.07043186575174332,"tensor(0.2941, grad_fn=<MseLossBackward0>)",
3075,5.428349018096924,6.756229400634766,0.048285942524671555,0.15550868213176727,"tensor(0.2889, grad_fn=<MseLossBackward0>)",
3076,5.367801666259766,7.623562812805176,0.07136404514312744,0.1298002004623413,"tensor(0.2514, grad_fn=<MseLossBackward0>)",
3077,8.85856819152832,8.09114933013916,0.07254374027252197,0.26748594641685486,"tensor(0.2399, grad_fn=<MseLossBackward0>)",
3078,3.1577978134155273,8.727925300598145,0.044110871851444244,0.06852762401103973,"tensor(0.2162, grad_fn=<MseLossBackward0>)",
3079,4.566587448120117,9.630106925964355,0.04767845198512077,0.12152212858200073,"tensor(0.2378, grad_fn=<MseLossBackward0>)",
3080,3.183917999267578,8.291998863220215,0.05804528668522835,0.05750154331326485,"tensor(0.2365, grad_fn=<MseLossBackward0>)",
3081,4.286582946777344,9.25662612915039,0.0706850066781044,0.08484520763158798,"tensor(0.3272, grad_fn=<MseLossBackward0>)",
3082,5.1804351806640625,8.2848539352417,0.043651383370161057,0.15313851833343506,"tensor(0.1808, grad_fn=<MseLossBackward0>)",
3083,3.4837779998779297,8.572442054748535,0.0608072467148304,0.062485627830028534,"tensor(0.2537, grad_fn=<MseLossBackward0>)",
3084,3.2245187759399414,8.162328720092773,0.06230552867054939,0.05255013704299927,"tensor(0.2749, grad_fn=<MseLossBackward0>)",
3085,3.688929557800293,8.09154224395752,0.0310110654681921,0.1047847643494606,"tensor(0.2353, grad_fn=<MseLossBackward0>)",
3086,5.724208831787109,7.6342949867248535,0.13934366405010223,0.07727740705013275,"tensor(0.2721, grad_fn=<MseLossBackward0>)",
3087,2.691354274749756,6.930955410003662,0.039850253611803055,0.05543531849980354,"tensor(0.2357, grad_fn=<MseLossBackward0>)",
3088,1.714383602142334,7.671003818511963,0.0,0.058241650462150574,"tensor(0.1550, grad_fn=<MseLossBackward0>)",
3089,7.877424240112305,6.703155517578125,0.1564665138721466,0.15069293975830078,"tensor(0.1377, grad_fn=<MseLossBackward0>)",
3090,3.0915322303771973,7.5766682624816895,0.002829313278198242,0.10943525284528732,"tensor(0.1920, grad_fn=<MseLossBackward0>)",
3091,4.224305152893066,8.525337219238281,0.0490608811378479,0.10641258955001831,"tensor(0.2453, grad_fn=<MseLossBackward0>)",
3092,6.100767612457275,6.97243595123291,0.0812632218003273,0.14900770783424377,"tensor(0.2540, grad_fn=<MseLossBackward0>)",
3093,3.5098037719726562,8.484030723571777,0.09523987770080566,0.02798645570874214,"tensor(0.3700, grad_fn=<MseLossBackward0>)",
3094,4.928332805633545,7.550787925720215,0.012840807437896729,0.170906662940979,"tensor(0.2530, grad_fn=<MseLossBackward0>)",
3095,7.3375396728515625,8.528271675109863,0.0694461464881897,0.2134094089269638,"tensor(0.2043, grad_fn=<MseLossBackward0>)",
3096,2.134671688079834,7.923277854919434,0.01515132188796997,0.05554448813199997,"tensor(0.3023, grad_fn=<MseLossBackward0>)",
3097,3.550581455230713,7.910595417022705,0.02974257804453373,0.0993567705154419,"tensor(0.2516, grad_fn=<MseLossBackward0>)",
3098,1.7522106170654297,9.454920768737793,0.014871358871459961,0.041539788246154785,"tensor(0.3018, grad_fn=<MseLossBackward0>)",
3099,1.9091243743896484,8.235980987548828,0.008585333824157715,0.055033061653375626,"tensor(0.2594, grad_fn=<MseLossBackward0>)",
3100,2.7547426223754883,8.774275779724121,0.06107497215270996,0.03462100028991699,"tensor(0.2747, grad_fn=<MseLossBackward0>)",
3101,2.179884910583496,8.999975204467773,0.01099302340298891,0.06110423058271408,"tensor(0.2877, grad_fn=<MseLossBackward0>)",
3102,5.429145812988281,8.47159481048584,0.05851535126566887,0.14835116267204285,"tensor(0.1962, grad_fn=<MseLossBackward0>)",
3103,2.957831382751465,10.566880226135254,0.044020432978868484,0.05755956470966339,"tensor(0.3444, grad_fn=<MseLossBackward0>)",
3104,9.099137306213379,10.447158813476562,0.053083401173353195,0.29555827379226685,"tensor(0.3122, grad_fn=<MseLossBackward0>)",
3105,14.346779823303223,9.345596313476562,0.0,0.5587413907051086,"tensor(0.2705, grad_fn=<MseLossBackward0>)",
3106,5.931832313537598,10.8440580368042,0.0,0.22016583383083344,"tensor(0.3137, grad_fn=<MseLossBackward0>)",
3107,1.856729507446289,9.62840747833252,0.0,0.05699896812438965,"tensor(0.3157, grad_fn=<MseLossBackward0>)",
3108,14.45738697052002,9.138223648071289,0.04112787917256355,0.5218318700790405,"tensor(0.3047, grad_fn=<MseLossBackward0>)",
3109,3.4387359619140625,10.827075958251953,0.0,0.12297921627759933,"tensor(0.2715, grad_fn=<MseLossBackward0>)",
3110,5.195958137512207,10.773978233337402,0.062250297516584396,0.13108249008655548,"tensor(0.2855, grad_fn=<MseLossBackward0>)",
3111,5.190178871154785,9.443907737731934,0.0,0.19110915064811707,"tensor(0.3553, grad_fn=<MseLossBackward0>)",
3112,1.1869440078735352,10.466717720031738,0.009958982467651367,0.021925754845142365,"tensor(0.3292, grad_fn=<MseLossBackward0>)",
3113,5.224095344543457,10.20173168182373,0.06904957443475723,0.12269650399684906,"tensor(0.3823, grad_fn=<MseLossBackward0>)",
3114,5.419109344482422,10.692495346069336,0.0685826912522316,0.13599082827568054,"tensor(0.2370, grad_fn=<MseLossBackward0>)",
3115,6.462588310241699,10.580818176269531,0.079503633081913,0.16531988978385925,"tensor(0.2788, grad_fn=<MseLossBackward0>)",
3116,5.153219223022461,9.109293937683105,0.11188465356826782,0.08247677236795425,"tensor(0.2522, grad_fn=<MseLossBackward0>)",
3117,2.631161689758301,10.776301383972168,0.005918820854276419,0.08834848552942276,"tensor(0.2226, grad_fn=<MseLossBackward0>)",
3118,2.8582286834716797,10.733580589294434,0.012881954200565815,0.084750697016716,"tensor(0.3690, grad_fn=<MseLossBackward0>)",
3119,3.354114532470703,9.5224027633667,0.013975163921713829,0.10850343108177185,"tensor(0.2222, grad_fn=<MseLossBackward0>)",
3120,2.637803077697754,8.685959815979004,0.017311295494437218,0.07665690779685974,"tensor(0.2279, grad_fn=<MseLossBackward0>)",
3121,4.384570121765137,9.743897438049316,0.0463566780090332,0.11408991366624832,"tensor(0.2947, grad_fn=<MseLossBackward0>)",
3122,3.9934778213500977,9.45142936706543,0.005332072731107473,0.13940344750881195,"tensor(0.2881, grad_fn=<MseLossBackward0>)",
3123,2.7961301803588867,9.97177505493164,0.0,0.09720662236213684,"tensor(0.2759, grad_fn=<MseLossBackward0>)",
3124,3.4196701049804688,9.419209480285645,0.05630073696374893,0.06613850593566895,"tensor(0.2844, grad_fn=<MseLossBackward0>)",
3125,5.168320655822754,9.333512306213379,0.0912618413567543,0.10137393325567245,"tensor(0.2640, grad_fn=<MseLossBackward0>)",
3126,4.5688886642456055,10.48151969909668,0.0,0.17135007679462433,"tensor(0.2373, grad_fn=<MseLossBackward0>)",
3127,1.6007862091064453,9.814376831054688,0.002412259578704834,0.048308152705430984,"tensor(0.2585, grad_fn=<MseLossBackward0>)",
3128,6.155667781829834,7.935091495513916,0.09147840738296509,0.13957004249095917,"tensor(0.3074, grad_fn=<MseLossBackward0>)",
3129,1.7949752807617188,8.640864372253418,0.041041214019060135,0.01741592213511467,"tensor(0.2743, grad_fn=<MseLossBackward0>)",
3130,2.223647117614746,8.95278549194336,0.0,0.07394492626190186,"tensor(0.2965, grad_fn=<MseLossBackward0>)",
3131,8.437798500061035,8.658455848693848,0.062150221318006516,0.2622601389884949,"tensor(0.2626, grad_fn=<MseLossBackward0>)",
3132,4.454136848449707,9.653952598571777,0.0029919345397502184,0.16465073823928833,"tensor(0.2012, grad_fn=<MseLossBackward0>)",
3133,7.368343353271484,8.245658874511719,0.0,0.28269487619400024,"tensor(0.2262, grad_fn=<MseLossBackward0>)",
3134,4.810540199279785,8.67789077758789,0.03325207903981209,0.1449376791715622,"tensor(0.2945, grad_fn=<MseLossBackward0>)",
3135,7.349915504455566,8.882776260375977,3.361701965332031e-05,0.2811688780784607,"tensor(0.2629, grad_fn=<MseLossBackward0>)",
3136,3.578028678894043,9.717449188232422,0.02656765840947628,0.10571081936359406,"tensor(0.2031, grad_fn=<MseLossBackward0>)",
3137,2.626180648803711,8.652054786682129,0.028371453285217285,0.06350840628147125,"tensor(0.2780, grad_fn=<MseLossBackward0>)",
3138,3.8067054748535156,8.25155258178711,0.055242497473955154,0.08809638023376465,"tensor(0.1597, grad_fn=<MseLossBackward0>)",
3139,3.4837112426757812,6.670334339141846,0.054173510521650314,0.07335424423217773,"tensor(0.2424, grad_fn=<MseLossBackward0>)",
3140,2.2256250381469727,8.142729759216309,0.009215056896209717,0.07013626396656036,"tensor(0.1995, grad_fn=<MseLossBackward0>)",
3141,5.957946300506592,7.189910411834717,0.09693169593811035,0.12679530680179596,"tensor(0.3168, grad_fn=<MseLossBackward0>)",
3142,3.2897586822509766,8.411388397216797,0.008081595413386822,0.1114775687456131,"tensor(0.2543, grad_fn=<MseLossBackward0>)",
3143,8.103967666625977,7.6310529708862305,0.09044227749109268,0.22052092850208282,"tensor(0.2709, grad_fn=<MseLossBackward0>)",
3144,3.8892621994018555,8.309416770935059,0.05717390775680542,0.08450672030448914,"tensor(0.2787, grad_fn=<MseLossBackward0>)",
3145,7.531695365905762,7.854809761047363,0.07124172151088715,0.2164633721113205,"tensor(0.2592, grad_fn=<MseLossBackward0>)",
3146,5.592364311218262,8.818075180053711,0.04642494395375252,0.16531193256378174,"tensor(0.2332, grad_fn=<MseLossBackward0>)",
3147,3.091090679168701,7.357395172119141,0.028530597686767578,0.08345303684473038,"tensor(0.2615, grad_fn=<MseLossBackward0>)",
3148,6.435487747192383,8.461661338806152,0.09631220251321793,0.14616082608699799,"tensor(0.3116, grad_fn=<MseLossBackward0>)",
3149,6.968619346618652,9.575319290161133,0.09465251117944717,0.17293716967105865,"tensor(0.2026, grad_fn=<MseLossBackward0>)",
3150,6.542153358459473,8.137662887573242,0.16635815799236298,0.08256138861179352,"tensor(0.2615, grad_fn=<MseLossBackward0>)",
3151,4.462408065795898,8.466463088989258,0.13013394176959991,0.0393901988863945,"tensor(0.1774, grad_fn=<MseLossBackward0>)",
3152,4.129283905029297,8.560537338256836,0.07340413331985474,0.07749766856431961,"tensor(0.2920, grad_fn=<MseLossBackward0>)",
3153,6.4226789474487305,9.878141403198242,0.03852689266204834,0.206635981798172,"tensor(0.2525, grad_fn=<MseLossBackward0>)",
3154,6.573530197143555,9.893574714660645,0.044452786445617676,0.20512111485004425,"tensor(0.2630, grad_fn=<MseLossBackward0>)",
3155,8.09339714050293,10.61877727508545,0.13086800277233124,0.1794489324092865,"tensor(0.2857, grad_fn=<MseLossBackward0>)",
3156,5.175220489501953,10.164658546447754,0.09507700055837631,0.09925825148820877,"tensor(0.2639, grad_fn=<MseLossBackward0>)",
3157,3.087301254272461,10.481825828552246,0.10460690408945084,0.0060244095511734486,"tensor(0.2646, grad_fn=<MseLossBackward0>)",
3158,9.46673583984375,8.813638687133789,0.0820402279496193,0.28310418128967285,"tensor(0.2830, grad_fn=<MseLossBackward0>)",
3159,5.926529884338379,10.629302024841309,0.1310686320066452,0.09155412018299103,"tensor(0.2808, grad_fn=<MseLossBackward0>)",
3160,3.914982795715332,10.787598609924316,0.03924360126256943,0.10512377321720123,"tensor(0.2569, grad_fn=<MseLossBackward0>)",
3161,7.250855445861816,11.446691513061523,0.12443907558917999,0.14996692538261414,"tensor(0.3374, grad_fn=<MseLossBackward0>)",
3162,2.4289474487304688,9.80516529083252,0.029916048049926758,0.049540337175130844,"tensor(0.3773, grad_fn=<MseLossBackward0>)",
3163,4.498621940612793,9.29887580871582,0.028328100219368935,0.1386164128780365,"tensor(0.2665, grad_fn=<MseLossBackward0>)",
3164,6.703234672546387,9.459492683410645,0.20587220788002014,0.04628990590572357,"tensor(0.3479, grad_fn=<MseLossBackward0>)",
3165,3.1340770721435547,9.616297721862793,0.0519968681037426,0.06023769825696945,"tensor(0.2685, grad_fn=<MseLossBackward0>)",
3166,2.909383773803711,9.981733322143555,0.054865360260009766,0.04646003246307373,"tensor(0.3362, grad_fn=<MseLossBackward0>)",
3167,8.192283630371094,11.202727317810059,0.04689786955714226,0.26884669065475464,"tensor(0.2354, grad_fn=<MseLossBackward0>)",
3168,4.574823379516602,9.841350555419922,0.021739741787314415,0.15065887570381165,"tensor(0.1830, grad_fn=<MseLossBackward0>)",
3169,10.712714195251465,10.555224418640137,0.02975553274154663,0.38347578048706055,"tensor(0.3044, grad_fn=<MseLossBackward0>)",
3170,10.573576927185059,9.580126762390137,0.0,0.40239623188972473,"tensor(0.4545, grad_fn=<MseLossBackward0>)",
3171,3.607668876647949,10.03028392791748,0.030866822227835655,0.09942580759525299,"tensor(0.2579, grad_fn=<MseLossBackward0>)",
3172,6.194920539855957,9.136167526245117,0.023956120014190674,0.21253226697444916,"tensor(0.2247, grad_fn=<MseLossBackward0>)",
3173,4.926670074462891,9.878050804138184,0.02811330556869507,0.1547357589006424,"tensor(0.2849, grad_fn=<MseLossBackward0>)",
3174,1.0754365921020508,9.278831481933594,0.017667850479483604,0.01370796374976635,"tensor(0.2444, grad_fn=<MseLossBackward0>)",
3175,6.228325843811035,9.493332862854004,0.0163077712059021,0.21804402768611908,"tensor(0.3150, grad_fn=<MseLossBackward0>)",
3176,2.4534225463867188,8.944730758666992,0.04043734073638916,0.044616490602493286,"tensor(0.2559, grad_fn=<MseLossBackward0>)",
3177,2.6692285537719727,8.684282302856445,0.04700352996587753,0.04465247318148613,"tensor(0.2857, grad_fn=<MseLossBackward0>)",
3178,5.936385154724121,8.480464935302734,0.017160415649414062,0.20912551879882812,"tensor(0.2093, grad_fn=<MseLossBackward0>)",
3179,2.9132919311523438,8.53809928894043,0.012177824974060059,0.08825226128101349,"tensor(0.3119, grad_fn=<MseLossBackward0>)",
3180,3.8268280029296875,9.178878784179688,0.08869544416666031,0.051763877272605896,"tensor(0.2587, grad_fn=<MseLossBackward0>)",
3181,6.108850002288818,7.336026191711426,0.06234419345855713,0.17077776789665222,"tensor(0.2083, grad_fn=<MseLossBackward0>)",
3182,8.755216598510742,8.265999794006348,0.1386071890592575,0.19835896790027618,"tensor(0.2781, grad_fn=<MseLossBackward0>)",
3183,5.979989051818848,8.777131080627441,0.041368842124938965,0.18409857153892517,"tensor(0.2596, grad_fn=<MseLossBackward0>)",
3184,2.131342887878418,9.061112403869629,0.019574185833334923,0.04812317341566086,"tensor(0.3458, grad_fn=<MseLossBackward0>)",
3185,9.011439323425293,8.896151542663574,0.0,0.3495935797691345,"tensor(0.1927, grad_fn=<MseLossBackward0>)",
3186,7.99782657623291,8.555061340332031,0.01803467608988285,0.2905118763446808,"tensor(0.1779, grad_fn=<MseLossBackward0>)",
3187,1.9582858085632324,7.862509250640869,0.0,0.06454415619373322,"tensor(0.2880, grad_fn=<MseLossBackward0>)",
3188,6.785054683685303,7.565377712249756,0.0,0.25931280851364136,"tensor(0.2524, grad_fn=<MseLossBackward0>)",
3189,2.7280893325805664,8.106391906738281,0.0,0.09495063126087189,"tensor(0.2750, grad_fn=<MseLossBackward0>)",
3190,5.479830741882324,8.074402809143066,0.023685893043875694,0.1843056082725525,"tensor(0.2332, grad_fn=<MseLossBackward0>)",
3191,2.5995826721191406,7.373993873596191,0.005947192665189505,0.08868333697319031,"tensor(0.1946, grad_fn=<MseLossBackward0>)",
3192,12.449338912963867,7.562671661376953,0.26570382714271545,0.2201216071844101,"tensor(0.2475, grad_fn=<MseLossBackward0>)",
3193,3.6066012382507324,6.896521091461182,0.026745179668068886,0.10690882056951523,"tensor(0.2248, grad_fn=<MseLossBackward0>)",
3194,3.911536693572998,6.664407730102539,0.023213347420096397,0.11804917454719543,"tensor(0.3118, grad_fn=<MseLossBackward0>)",
3195,3.8089675903320312,6.480008602142334,0.10709516704082489,0.03412608802318573,"tensor(0.2213, grad_fn=<MseLossBackward0>)",
3196,4.237703800201416,6.208442687988281,0.09696266800165176,0.06210006773471832,"tensor(0.2199, grad_fn=<MseLossBackward0>)",
3197,5.0341477394104,6.2765936851501465,0.07587528228759766,0.11727336049079895,"tensor(0.1464, grad_fn=<MseLossBackward0>)",
3198,4.996949195861816,5.492480754852295,0.15396255254745483,0.03579586744308472,"tensor(0.2006, grad_fn=<MseLossBackward0>)",
3199,10.588342666625977,5.662500381469727,0.07403013855218887,0.3390255868434906,"tensor(0.2006, grad_fn=<MseLossBackward0>)",
3200,5.590804576873779,6.1800217628479,0.1134442463517189,0.09705975651741028,"tensor(0.2726, grad_fn=<MseLossBackward0>)",
3201,8.460321426391602,5.910834789276123,0.12857861816883087,0.1991366147994995,"tensor(0.2113, grad_fn=<MseLossBackward0>)",
3202,1.9693164825439453,6.508370876312256,0.04561551287770271,0.021247606724500656,"tensor(0.2413, grad_fn=<MseLossBackward0>)",
3203,4.983767986297607,7.428524971008301,0.05427241325378418,0.1316334307193756,"tensor(0.2469, grad_fn=<MseLossBackward0>)",
3204,2.4472975730895996,6.714907169342041,0.06447114050388336,0.02239689789712429,"tensor(0.2030, grad_fn=<MseLossBackward0>)",
3205,6.782829284667969,6.066993236541748,0.026779115200042725,0.2323518842458725,"tensor(0.2150, grad_fn=<MseLossBackward0>)",
3206,7.324739933013916,6.729350566864014,0.11329229176044464,0.16690708696842194,"tensor(0.2616, grad_fn=<MseLossBackward0>)",
3207,5.823758602142334,6.4933624267578125,0.04858652874827385,0.17463186383247375,"tensor(0.2029, grad_fn=<MseLossBackward0>)",
3208,3.8779349327087402,6.246421813964844,0.08078273385763168,0.06226770579814911,"tensor(0.2366, grad_fn=<MseLossBackward0>)",
3209,6.215338230133057,7.196737289428711,0.05462676286697388,0.1777285784482956,"tensor(0.3625, grad_fn=<MseLossBackward0>)",
3210,3.050320625305176,7.392504692077637,0.0,0.10785958170890808,"tensor(0.2915, grad_fn=<MseLossBackward0>)",
3211,1.279332160949707,8.359723091125488,0.011013805866241455,0.0272601917386055,"tensor(0.2787, grad_fn=<MseLossBackward0>)",
3212,6.235228538513184,8.9705228805542,0.028097311034798622,0.20894208550453186,"tensor(0.2584, grad_fn=<MseLossBackward0>)",
3213,6.772485256195068,8.015402793884277,0.10929457098245621,0.1492374837398529,"tensor(0.2158, grad_fn=<MseLossBackward0>)",
3214,2.3310022354125977,8.174322128295898,0.03442756459116936,0.04678353667259216,"tensor(0.2624, grad_fn=<MseLossBackward0>)",
3215,7.507126808166504,8.870545387268066,0.11360857635736465,0.17350651323795319,"tensor(0.2997, grad_fn=<MseLossBackward0>)",
3216,4.441404342651367,8.977838516235352,0.03716464713215828,0.12429997324943542,"tensor(0.3523, grad_fn=<MseLossBackward0>)",
3217,7.4874372482299805,8.47805404663086,0.05645334720611572,0.23312219977378845,"tensor(0.1885, grad_fn=<MseLossBackward0>)",
3218,1.4604578018188477,9.527098655700684,0.0093358950689435,0.04047073423862457,"tensor(0.1740, grad_fn=<MseLossBackward0>)",
3219,4.806147575378418,8.591784477233887,0.04888208582997322,0.13108184933662415,"tensor(0.2648, grad_fn=<MseLossBackward0>)",
3220,9.34467887878418,8.130630493164062,0.13146066665649414,0.22703775763511658,"tensor(0.3241, grad_fn=<MseLossBackward0>)",
3221,3.8211021423339844,10.063258171081543,0.036788564175367355,0.10637266933917999,"tensor(0.1789, grad_fn=<MseLossBackward0>)",
3222,4.23679256439209,8.149883270263672,0.0,0.15692992508411407,"tensor(0.2556, grad_fn=<MseLossBackward0>)",
3223,14.817604064941406,7.6303629875183105,0.03972240164875984,0.535219132900238,"tensor(0.3714, grad_fn=<MseLossBackward0>)",
3224,4.483224391937256,6.86354398727417,0.06350251287221909,0.10371317714452744,"tensor(0.2514, grad_fn=<MseLossBackward0>)",
3225,4.533865928649902,8.84636402130127,0.0,0.1695711761713028,"tensor(0.2333, grad_fn=<MseLossBackward0>)",
3226,6.3054304122924805,8.094806671142578,0.0694405660033226,0.1684390753507614,"tensor(0.2731, grad_fn=<MseLossBackward0>)",
3227,4.786806106567383,8.683324813842773,0.0,0.1752341091632843,"tensor(0.3501, grad_fn=<MseLossBackward0>)",
3228,5.66099214553833,8.013222694396973,0.09740635007619858,0.11819387227296829,"tensor(0.2123, grad_fn=<MseLossBackward0>)",
3229,4.4612956047058105,7.228343486785889,0.03538775444030762,0.13115568459033966,"tensor(0.2332, grad_fn=<MseLossBackward0>)",
3230,2.439499855041504,8.790994644165039,0.003209133865311742,0.0816500335931778,"tensor(0.2540, grad_fn=<MseLossBackward0>)",
3231,5.228816986083984,7.489823341369629,0.015341063030064106,0.183339461684227,"tensor(0.2160, grad_fn=<MseLossBackward0>)",
3232,7.791932106018066,8.223831176757812,0.0018230676651000977,0.29496005177497864,"tensor(0.3286, grad_fn=<MseLossBackward0>)",
3233,4.4345316886901855,7.285025596618652,0.017734289169311523,0.14608052372932434,"tensor(0.2878, grad_fn=<MseLossBackward0>)",
3234,4.716642379760742,8.583294868469238,0.054317813366651535,0.12413571774959564,"tensor(0.2120, grad_fn=<MseLossBackward0>)",
3235,4.323329925537109,8.221208572387695,0.08558336645364761,0.07431862503290176,"tensor(0.2671, grad_fn=<MseLossBackward0>)",
3236,3.0498132705688477,8.056398391723633,0.0043418207205832005,0.10532133281230927,"tensor(0.2575, grad_fn=<MseLossBackward0>)",
3237,4.315059185028076,6.942939758300781,0.013612091541290283,0.14850008487701416,"tensor(0.2031, grad_fn=<MseLossBackward0>)",
3238,4.638874053955078,7.274184226989746,0.0174180269241333,0.15506568551063538,"tensor(0.2810, grad_fn=<MseLossBackward0>)",
3239,2.787290573120117,8.148133277893066,0.025327444076538086,0.07538336515426636,"tensor(0.2301, grad_fn=<MseLossBackward0>)",
3240,2.7743377685546875,7.5240159034729,0.03552144765853882,0.06610441207885742,"tensor(0.1919, grad_fn=<MseLossBackward0>)",
3241,5.548394680023193,7.474969863891602,0.09632068872451782,0.11229531466960907,"tensor(0.2860, grad_fn=<MseLossBackward0>)",
3242,5.903436183929443,6.044333457946777,0.08850929886102676,0.13491085171699524,"tensor(0.2635, grad_fn=<MseLossBackward0>)",
3243,2.366562843322754,6.925781726837158,0.023408373817801476,0.0601731613278389,"tensor(0.2162, grad_fn=<MseLossBackward0>)",
3244,5.046816349029541,6.640027046203613,0.10150238126516342,0.08924515545368195,"tensor(0.2300, grad_fn=<MseLossBackward0>)",
3245,1.184776782989502,6.608264923095703,0.022032281383872032,0.016342945396900177,"tensor(0.1744, grad_fn=<MseLossBackward0>)",
3246,3.593623161315918,7.33701753616333,0.004298826213926077,0.12809257209300995,"tensor(0.2158, grad_fn=<MseLossBackward0>)",
3247,4.874675273895264,6.929249286651611,0.05167762190103531,0.13314197957515717,"tensor(0.1977, grad_fn=<MseLossBackward0>)",
3248,6.376152515411377,7.5504469871521,0.05254673957824707,0.18849003314971924,"tensor(0.2895, grad_fn=<MseLossBackward0>)",
3249,5.050551891326904,6.686638832092285,0.08043688535690308,0.11115472763776779,"tensor(0.2039, grad_fn=<MseLossBackward0>)",
3250,4.491909980773926,7.613079071044922,0.10433568060398102,0.06229271739721298,"tensor(0.2661, grad_fn=<MseLossBackward0>)",
3251,9.730945587158203,8.245952606201172,0.01577448844909668,0.3611261546611786,"tensor(0.2502, grad_fn=<MseLossBackward0>)",
3252,10.420106887817383,7.283454895019531,0.0,0.40462732315063477,"tensor(0.2602, grad_fn=<MseLossBackward0>)",
3253,5.00053071975708,7.99928092956543,0.07338996976613998,0.11366522312164307,"tensor(0.2519, grad_fn=<MseLossBackward0>)",
3254,3.924010753631592,6.9808030128479,0.02959177829325199,0.11429846286773682,"tensor(0.2503, grad_fn=<MseLossBackward0>)",
3255,6.634954929351807,7.327922821044922,0.0514153428375721,0.2027098834514618,"tensor(0.2075, grad_fn=<MseLossBackward0>)",
3256,7.439069747924805,6.367806911468506,0.11500562727451324,0.16958437860012054,"tensor(0.2794, grad_fn=<MseLossBackward0>)",
3257,3.170258045196533,7.799708843231201,0.03896560147404671,0.07870914787054062,"tensor(0.1924, grad_fn=<MseLossBackward0>)",
3258,10.33751106262207,8.219392776489258,0.13753357529640198,0.2671353816986084,"tensor(0.1634, grad_fn=<MseLossBackward0>)",
3259,8.123023986816406,5.946907997131348,0.13629032671451569,0.17640702426433563,"tensor(0.2602, grad_fn=<MseLossBackward0>)",
3260,2.1127686500549316,7.80813455581665,0.049458086490631104,0.024099763482809067,"tensor(0.2187, grad_fn=<MseLossBackward0>)",
3261,5.3006272315979,7.380176544189453,0.10690905898809433,0.09254322946071625,"tensor(0.2596, grad_fn=<MseLossBackward0>)",
3262,5.239557266235352,7.335625171661377,0.13107138872146606,0.06504788249731064,"tensor(0.2991, grad_fn=<MseLossBackward0>)",
3263,2.8328771591186523,8.422447204589844,0.01280860137194395,0.085990309715271,"tensor(0.3279, grad_fn=<MseLossBackward0>)",
3264,1.157299518585205,7.739933013916016,0.0,0.03430475294589996,"tensor(0.2649, grad_fn=<MseLossBackward0>)",
3265,4.026875972747803,7.935240745544434,0.049420617520809174,0.09890492260456085,"tensor(0.2688, grad_fn=<MseLossBackward0>)",
3266,3.291971206665039,7.70285701751709,0.09119749069213867,0.02714681066572666,"tensor(0.2840, grad_fn=<MseLossBackward0>)",
3267,2.1397218704223633,8.372502326965332,0.0351334810256958,0.0374293327331543,"tensor(0.2233, grad_fn=<MseLossBackward0>)",
3268,7.9742841720581055,8.720017433166504,0.005358576774597168,0.2981964945793152,"tensor(0.2944, grad_fn=<MseLossBackward0>)",
3269,4.321002006530762,7.843184471130371,0.05974670127034187,0.10007907450199127,"tensor(0.2117, grad_fn=<MseLossBackward0>)",
3270,5.922389984130859,9.014461517333984,0.0,0.22054027020931244,"tensor(0.3151, grad_fn=<MseLossBackward0>)",
3271,7.454037189483643,7.501407146453857,0.0,0.2816111743450165,"tensor(0.2757, grad_fn=<MseLossBackward0>)",
3272,6.751664161682129,9.288686752319336,0.0321621298789978,0.22672823071479797,"tensor(0.1864, grad_fn=<MseLossBackward0>)",
3273,6.466395378112793,8.648736953735352,0.0,0.2461114078760147,"tensor(0.2590, grad_fn=<MseLossBackward0>)",
3274,4.9482316970825195,8.646223068237305,0.013415833003818989,0.16707447171211243,"tensor(0.3443, grad_fn=<MseLossBackward0>)",
3275,5.924463272094727,10.217145919799805,0.0,0.22206638753414154,"tensor(0.2150, grad_fn=<MseLossBackward0>)",
3276,6.282042503356934,9.7568998336792,0.0,0.23572611808776855,"tensor(0.3272, grad_fn=<MseLossBackward0>)",
3277,7.758147239685059,9.372184753417969,0.06140269711613655,0.23477257788181305,"tensor(0.2574, grad_fn=<MseLossBackward0>)",
3278,9.134159088134766,8.820601463317871,0.0,0.35095348954200745,"tensor(0.2826, grad_fn=<MseLossBackward0>)",
3279,2.3504419326782227,8.770455360412598,0.036851245909929276,0.043922409415245056,"tensor(0.2724, grad_fn=<MseLossBackward0>)",
3280,6.925169944763184,8.282472610473633,0.0,0.26908957958221436,"tensor(0.1503, grad_fn=<MseLossBackward0>)",
3281,2.1011171340942383,10.843490600585938,0.014286120422184467,0.058561958372592926,"tensor(0.2408, grad_fn=<MseLossBackward0>)",
3282,4.632970809936523,9.228797912597656,0.06384587287902832,0.10866669565439224,"tensor(0.2779, grad_fn=<MseLossBackward0>)",
3283,3.3676929473876953,9.374260902404785,0.015655020251870155,0.10501676797866821,"tensor(0.2992, grad_fn=<MseLossBackward0>)",
3284,1.7110595703125,8.83869457244873,0.015417654998600483,0.044665515422821045,"tensor(0.1594, grad_fn=<MseLossBackward0>)",
3285,2.9176645278930664,9.54515266418457,0.03603039309382439,0.06956755369901657,"tensor(0.2333, grad_fn=<MseLossBackward0>)",
3286,5.388850212097168,9.15849781036377,0.026575148105621338,0.17891128361225128,"tensor(0.2268, grad_fn=<MseLossBackward0>)",
3287,6.063234329223633,8.656067848205566,0.1304543912410736,0.102894626557827,"tensor(0.1882, grad_fn=<MseLossBackward0>)",
3288,4.165334701538086,8.410478591918945,0.07947444915771484,0.07514078915119171,"tensor(0.2514, grad_fn=<MseLossBackward0>)",
3289,5.55598783493042,8.03493881225586,0.09798943996429443,0.11299112439155579,"tensor(0.2350, grad_fn=<MseLossBackward0>)",
3290,3.2646751403808594,8.070436477661133,0.05392024666070938,0.06248633936047554,"tensor(0.2851, grad_fn=<MseLossBackward0>)",
3291,12.279717445373535,8.951669692993164,0.0,0.47629281878471375,"tensor(0.2889, grad_fn=<MseLossBackward0>)",
3292,3.4263010025024414,8.402200698852539,0.0,0.1209212988615036,"tensor(0.3443, grad_fn=<MseLossBackward0>)",
3293,4.319524765014648,8.830608367919922,0.04080047458410263,0.11880126595497131,"tensor(0.2581, grad_fn=<MseLossBackward0>)",
3294,9.43433666229248,8.663015365600586,0.0,0.3631693422794342,"tensor(0.2663, grad_fn=<MseLossBackward0>)",
3295,6.923943042755127,7.502030372619629,0.01870417594909668,0.2449396550655365,"tensor(0.2549, grad_fn=<MseLossBackward0>)",
3296,6.226994514465332,9.422149658203125,0.02840069867670536,0.20736156404018402,"tensor(0.2629, grad_fn=<MseLossBackward0>)",
3297,2.1913208961486816,8.0006685256958,0.0,0.07457675039768219,"tensor(0.2782, grad_fn=<MseLossBackward0>)",
3298,1.676772117614746,8.477846145629883,0.005088925361633301,0.04796919226646423,"tensor(0.2765, grad_fn=<MseLossBackward0>)",
3299,7.141386985778809,8.513352394104004,0.03375965356826782,0.24027493596076965,"tensor(0.2516, grad_fn=<MseLossBackward0>)",
3300,4.325610160827637,10.503329277038574,0.04512890428304672,0.1138877272605896,"tensor(0.2811, grad_fn=<MseLossBackward0>)",
3301,4.39744758605957,8.473679542541504,0.11389967054128647,0.04791680723428726,"tensor(0.3171, grad_fn=<MseLossBackward0>)",
3302,6.153573036193848,8.559001922607422,0.1766880750656128,0.05823039636015892,"tensor(0.2267, grad_fn=<MseLossBackward0>)",
3303,3.5731353759765625,9.835943222045898,0.02389713190495968,0.10616946220397949,"tensor(0.2651, grad_fn=<MseLossBackward0>)",
3304,7.250603675842285,8.851200103759766,0.21113628149032593,0.06755220144987106,"tensor(0.2248, grad_fn=<MseLossBackward0>)",
3305,8.852581977844238,9.838129043579102,0.07217737287282944,0.2685360312461853,"tensor(0.2796, grad_fn=<MseLossBackward0>)",
3306,4.827731132507324,10.020282745361328,0.04066552594304085,0.13676293194293976,"tensor(0.3562, grad_fn=<MseLossBackward0>)",
3307,2.1207666397094727,9.119159698486328,0.01248987577855587,0.05772670730948448,"tensor(0.2812, grad_fn=<MseLossBackward0>)",
3308,2.794560432434082,8.657262802124023,0.019082525745034218,0.07631797343492508,"tensor(0.3581, grad_fn=<MseLossBackward0>)",
3309,4.91707706451416,10.057332992553711,0.018009284511208534,0.167180597782135,"tensor(0.2299, grad_fn=<MseLossBackward0>)",
3310,9.001758575439453,9.787192344665527,0.0,0.34606489539146423,"tensor(0.2708, grad_fn=<MseLossBackward0>)",
3311,7.025302886962891,9.941596031188965,0.1497209668159485,0.1132313460111618,"tensor(0.3516, grad_fn=<MseLossBackward0>)",
3312,3.464803695678711,9.879783630371094,0.011796076782047749,0.11318476498126984,"tensor(0.2403, grad_fn=<MseLossBackward0>)",
3313,8.694519996643066,8.521285057067871,0.0,0.33135950565338135,"tensor(0.3169, grad_fn=<MseLossBackward0>)",
3314,5.7408294677734375,8.946114540100098,0.032135527580976486,0.18061348795890808,"tensor(0.3388, grad_fn=<MseLossBackward0>)",
3315,2.853975296020508,9.055729866027832,0.009598612785339355,0.08882095664739609,"tensor(0.3260, grad_fn=<MseLossBackward0>)",
3316,2.70037841796875,10.718764305114746,0.0,0.08935092389583588,"tensor(0.3984, grad_fn=<MseLossBackward0>)",
3317,8.609587669372559,9.798402786254883,0.03368586301803589,0.29624685645103455,"tensor(0.3043, grad_fn=<MseLossBackward0>)",
3318,1.0045843124389648,9.367494583129883,0.0,0.02827257290482521,"tensor(0.2379, grad_fn=<MseLossBackward0>)",
3319,5.543793201446533,7.660383701324463,0.029764771461486816,0.17609912157058716,"tensor(0.3329, grad_fn=<MseLossBackward0>)",
3320,3.32454252243042,7.966989517211914,0.020277658477425575,0.10017222911119461,"tensor(0.2836, grad_fn=<MseLossBackward0>)",
3321,3.1931419372558594,9.331162452697754,0.040775518864393234,0.0759274959564209,"tensor(0.2361, grad_fn=<MseLossBackward0>)",
3322,6.800565719604492,9.591708183288574,0.0,0.25475379824638367,"tensor(0.3893, grad_fn=<MseLossBackward0>)",
3323,4.719343185424805,9.430232048034668,0.09124419838190079,0.08362706750631332,"tensor(0.2994, grad_fn=<MseLossBackward0>)",
3324,3.2767019271850586,9.167816162109375,0.03345223143696785,0.08262456208467484,"tensor(0.3287, grad_fn=<MseLossBackward0>)",
3325,3.464920997619629,9.456171035766602,0.02350395917892456,0.10454723984003067,"tensor(0.2267, grad_fn=<MseLossBackward0>)",
3326,5.590996742248535,8.91353702545166,0.00724927568808198,0.20768435299396515,"tensor(0.1703, grad_fn=<MseLossBackward0>)",
3327,2.229410171508789,9.291679382324219,0.0,0.07371903955936432,"tensor(0.3045, grad_fn=<MseLossBackward0>)",
3328,2.320929527282715,9.104111671447754,0.03916146233677864,0.04041522741317749,"tensor(0.2686, grad_fn=<MseLossBackward0>)",
3329,4.213315010070801,8.480935096740723,0.03197598457336426,0.1230822429060936,"tensor(0.2901, grad_fn=<MseLossBackward0>)",
3330,2.683452606201172,8.177559852600098,0.0008451144094578922,0.09410461783409119,"tensor(0.2207, grad_fn=<MseLossBackward0>)",
3331,3.825802803039551,9.247261047363281,0.0,0.14030808210372925,"tensor(0.2293, grad_fn=<MseLossBackward0>)",
3332,3.336003303527832,8.22015380859375,0.007381737232208252,0.11527556926012039,"tensor(0.2230, grad_fn=<MseLossBackward0>)",
3333,5.877689361572266,7.405230522155762,0.05519382283091545,0.16306914389133453,"tensor(0.3780, grad_fn=<MseLossBackward0>)",
3334,4.9222307205200195,8.439574241638184,0.05967942997813225,0.12114299833774567,"tensor(0.3443, grad_fn=<MseLossBackward0>)",
3335,2.432682991027832,7.553281784057617,0.03549599647521973,0.04846983775496483,"tensor(0.2649, grad_fn=<MseLossBackward0>)",
3336,4.190452575683594,7.225423812866211,0.0,0.15850529074668884,"tensor(0.1738, grad_fn=<MseLossBackward0>)",
3337,1.7384705543518066,7.221721172332764,0.036065541207790375,0.020092925056815147,"tensor(0.2539, grad_fn=<MseLossBackward0>)",
3338,2.723287582397461,8.67867660522461,0.002448220970109105,0.09092706441879272,"tensor(0.3200, grad_fn=<MseLossBackward0>)",
3339,6.810359477996826,7.9341206550598145,0.0,0.26145991683006287,"tensor(0.2036, grad_fn=<MseLossBackward0>)",
3340,4.259909629821777,8.471851348876953,0.0,0.15555314719676971,"tensor(0.2451, grad_fn=<MseLossBackward0>)",
3341,5.286388397216797,8.281296730041504,0.06498780101537704,0.1323784589767456,"tensor(0.2641, grad_fn=<MseLossBackward0>)",
3342,2.865297317504883,8.146217346191406,0.005127986427396536,0.09712272137403488,"tensor(0.2174, grad_fn=<MseLossBackward0>)",
3343,5.3979997634887695,8.685872077941895,0.04775921627879143,0.15181811153888702,"tensor(0.3332, grad_fn=<MseLossBackward0>)",
3344,4.20247745513916,8.67425537109375,0.005917648319154978,0.15109951794147491,"tensor(0.2149, grad_fn=<MseLossBackward0>)",
3345,2.6667098999023438,8.506682395935059,0.01007544994354248,0.08454976230859756,"tensor(0.2472, grad_fn=<MseLossBackward0>)",
3346,6.31860876083374,7.747709274291992,0.0807381272315979,0.15848061442375183,"tensor(0.2881, grad_fn=<MseLossBackward0>)",
3347,2.1960763931274414,8.3928861618042,0.023153504356741905,0.050776802003383636,"tensor(0.3104, grad_fn=<MseLossBackward0>)",
3348,2.455164909362793,8.429369926452637,0.026381850242614746,0.060708336532115936,"tensor(0.2313, grad_fn=<MseLossBackward0>)",
3349,4.633295059204102,8.831836700439453,0.08596938848495483,0.08721314370632172,"tensor(0.2607, grad_fn=<MseLossBackward0>)",
3350,3.1766653060913086,8.147093772888184,0.04360232502222061,0.07356354594230652,"tensor(0.1878, grad_fn=<MseLossBackward0>)",
3351,3.8914546966552734,9.774251937866211,0.008340398781001568,0.13211242854595184,"tensor(0.3059, grad_fn=<MseLossBackward0>)",
3352,5.833469390869141,8.155475616455078,0.11777134984731674,0.10009091347455978,"tensor(0.3344, grad_fn=<MseLossBackward0>)",
3353,3.36545467376709,9.167291641235352,0.07961869239807129,0.046220049262046814,"tensor(0.1730, grad_fn=<MseLossBackward0>)",
3354,10.96697998046875,9.000247955322266,0.15336890518665314,0.2730262875556946,"tensor(0.2482, grad_fn=<MseLossBackward0>)",
3355,3.688544273376465,9.137097358703613,0.01095038652420044,0.12334873527288437,"tensor(0.2677, grad_fn=<MseLossBackward0>)",
3356,3.9544057846069336,8.205636024475098,0.09252166748046875,0.05571889504790306,"tensor(0.2020, grad_fn=<MseLossBackward0>)",
3357,5.814670562744141,8.235304832458496,0.059863269329071045,0.1630517840385437,"tensor(0.1924, grad_fn=<MseLossBackward0>)",
3358,2.6572437286376953,8.272079467773438,0.013562400825321674,0.07835941016674042,"tensor(0.2914, grad_fn=<MseLossBackward0>)",
3359,5.674801826477051,8.708626747131348,0.015130202285945415,0.2015179842710495,"tensor(0.2105, grad_fn=<MseLossBackward0>)",
3360,9.79987907409668,7.97035551071167,0.0,0.37915360927581787,"tensor(0.2132, grad_fn=<MseLossBackward0>)",
3361,2.9330215454101562,8.797816276550293,0.0,0.10472732037305832,"tensor(0.2579, grad_fn=<MseLossBackward0>)",
3362,4.783843994140625,8.613388061523438,0.056147199124097824,0.12258128076791763,"tensor(0.2328, grad_fn=<MseLossBackward0>)",
3363,3.4235286712646484,7.990742206573486,0.012047071941196918,0.11275167763233185,"tensor(0.2051, grad_fn=<MseLossBackward0>)",
3364,4.8576812744140625,8.643207550048828,0.024110615253448486,0.15608131885528564,"tensor(0.3113, grad_fn=<MseLossBackward0>)",
3365,7.385079383850098,8.613055229187012,0.06414142996072769,0.22262832522392273,"tensor(0.1242, grad_fn=<MseLossBackward0>)",
3366,1.7678909301757812,8.937079429626465,0.020546594634652138,0.03574353829026222,"tensor(0.3119, grad_fn=<MseLossBackward0>)",
3367,4.902420997619629,9.457623481750488,0.01953808404505253,0.1635798215866089,"tensor(0.2792, grad_fn=<MseLossBackward0>)",
3368,4.212541580200195,8.184189796447754,0.01670825481414795,0.13604389131069183,"tensor(0.3356, grad_fn=<MseLossBackward0>)",
3369,19.060932159423828,8.749412536621094,0.08253514766693115,0.6656821370124817,"tensor(0.3026, grad_fn=<MseLossBackward0>)",
3370,7.047405242919922,7.10175085067749,0.04113733768463135,0.23031650483608246,"tensor(0.1799, grad_fn=<MseLossBackward0>)",
3371,7.91402530670166,8.676145553588867,0.16795551776885986,0.136051744222641,"tensor(0.2620, grad_fn=<MseLossBackward0>)",
3372,7.976986885070801,8.77462387084961,0.17279987037181854,0.13471677899360657,"tensor(0.2538, grad_fn=<MseLossBackward0>)",
3373,4.091426849365234,8.398276329040527,0.08019430935382843,0.0731264278292656,"tensor(0.2121, grad_fn=<MseLossBackward0>)",
3374,3.495163917541504,9.35637378692627,0.07678022235631943,0.05249559506773949,"tensor(0.2352, grad_fn=<MseLossBackward0>)",
3375,7.184837818145752,7.516995429992676,0.030360320582985878,0.2450329214334488,"tensor(0.2183, grad_fn=<MseLossBackward0>)",
3376,0.9732294082641602,8.28183364868164,0.0010274648666381836,0.023613154888153076,"tensor(0.2899, grad_fn=<MseLossBackward0>)",
3377,9.0489501953125,7.2202467918396,0.08812153339385986,0.2637479901313782,"tensor(0.1892, grad_fn=<MseLossBackward0>)",
3378,3.291966438293457,7.979046821594238,0.009457905776798725,0.11238351464271545,"tensor(0.1781, grad_fn=<MseLossBackward0>)",
3379,2.3315014839172363,7.463914394378662,0.04938342422246933,0.030323773622512817,"tensor(0.2908, grad_fn=<MseLossBackward0>)",
3380,5.187663555145264,7.112953186035156,0.037891823798418045,0.1560969352722168,"tensor(0.2330, grad_fn=<MseLossBackward0>)",
3381,3.8672385215759277,6.485467910766602,0.08257363736629486,0.06078437715768814,"tensor(0.2431, grad_fn=<MseLossBackward0>)",
3382,3.1707372665405273,7.0545525550842285,0.04525778815150261,0.0662979856133461,"tensor(0.2900, grad_fn=<MseLossBackward0>)",
3383,1.2639579772949219,8.283557891845703,0.0,0.03832332044839859,"tensor(0.2520, grad_fn=<MseLossBackward0>)",
3384,3.803555488586426,7.447915554046631,0.009675840847194195,0.12829911708831787,"tensor(0.2350, grad_fn=<MseLossBackward0>)",
3385,7.372742652893066,8.153438568115234,0.03296138718724251,0.25131502747535706,"tensor(0.2074, grad_fn=<MseLossBackward0>)",
3386,4.882357597351074,7.629950523376465,0.03851153329014778,0.14317433536052704,"tensor(0.2427, grad_fn=<MseLossBackward0>)",
3387,5.174827575683594,8.674440383911133,0.040037255734205246,0.15274307131767273,"tensor(0.2811, grad_fn=<MseLossBackward0>)",
3388,2.218033790588379,7.482389450073242,0.0,0.07560806721448898,"tensor(0.2364, grad_fn=<MseLossBackward0>)",
3389,6.155584812164307,7.433257579803467,0.0,0.23478639125823975,"tensor(0.2276, grad_fn=<MseLossBackward0>)",
3390,2.2111897468566895,7.695826053619385,0.0,0.07471907883882523,"tensor(0.2671, grad_fn=<MseLossBackward0>)",
3391,2.9686598777770996,7.443957805633545,0.05400124937295914,0.05396261066198349,"tensor(0.2370, grad_fn=<MseLossBackward0>)",
3392,7.086035251617432,7.0176920890808105,0.16592520475387573,0.10315032303333282,"tensor(0.3131, grad_fn=<MseLossBackward0>)",
3393,5.33903169631958,7.991254806518555,0.011490623466670513,0.18656828999519348,"tensor(0.3345, grad_fn=<MseLossBackward0>)",
3394,8.097566604614258,7.861436367034912,0.13789570331573486,0.17455117404460907,"tensor(0.2276, grad_fn=<MseLossBackward0>)",
3395,9.166706085205078,7.917199611663818,0.05800185725092888,0.29254966974258423,"tensor(0.3403, grad_fn=<MseLossBackward0>)",
3396,1.9628362655639648,8.093354225158691,0.011427660472691059,0.055294714868068695,"tensor(0.2514, grad_fn=<MseLossBackward0>)",
3397,5.314140319824219,8.283087730407715,0.11153117567300797,0.08837390691041946,"tensor(0.2476, grad_fn=<MseLossBackward0>)",
3398,2.4320268630981445,7.6241455078125,0.0066991448402404785,0.07921172678470612,"tensor(0.2227, grad_fn=<MseLossBackward0>)",
3399,2.596792697906494,7.402643203735352,0.0017584959277883172,0.08926603198051453,"tensor(0.2597, grad_fn=<MseLossBackward0>)",
3400,1.5399866104125977,8.699272155761719,0.02088252641260624,0.027712490409612656,"tensor(0.2499, grad_fn=<MseLossBackward0>)",
3401,6.886057376861572,7.8207879066467285,0.049260079860687256,0.20818346738815308,"tensor(0.3519, grad_fn=<MseLossBackward0>)",
3402,6.991844654083252,7.673823833465576,0.008097708225250244,0.25847283005714417,"tensor(0.2645, grad_fn=<MseLossBackward0>)",
3403,8.0554780960083,8.099881172180176,0.014093279838562012,0.2978719472885132,"tensor(0.2107, grad_fn=<MseLossBackward0>)",
3404,6.37470006942749,7.816167831420898,0.11946652084589005,0.122670978307724,"tensor(0.2402, grad_fn=<MseLossBackward0>)",
3405,3.2086753845214844,8.6381254196167,0.0030963222961872816,0.11186376959085464,"tensor(0.2642, grad_fn=<MseLossBackward0>)",
3406,3.853936195373535,8.51993179321289,0.09449372440576553,0.048221901059150696,"tensor(0.2416, grad_fn=<MseLossBackward0>)",
3407,8.175619125366211,7.229321479797363,0.013220151886343956,0.2970943748950958,"tensor(0.3535, grad_fn=<MseLossBackward0>)",
3408,6.735478401184082,8.156262397766113,0.0038683016318827868,0.2510552406311035,"tensor(0.2846, grad_fn=<MseLossBackward0>)",
3409,3.9921975135803223,7.839159965515137,0.005619406700134277,0.1417820155620575,"tensor(0.2653, grad_fn=<MseLossBackward0>)",
3410,2.431756019592285,8.771735191345215,0.0399334654211998,0.0448024645447731,"tensor(0.2524, grad_fn=<MseLossBackward0>)",
3411,5.122184753417969,8.669846534729004,0.05584728717803955,0.13590198755264282,"tensor(0.2710, grad_fn=<MseLossBackward0>)",
3412,1.7575416564941406,8.796728134155273,0.01335702370852232,0.04522961750626564,"tensor(0.2291, grad_fn=<MseLossBackward0>)",
3413,1.986201286315918,8.568910598754883,0.03427112102508545,0.03333568572998047,"tensor(0.2430, grad_fn=<MseLossBackward0>)",
3414,2.0900888442993164,8.665273666381836,0.031370144337415695,0.03873816132545471,"tensor(0.2834, grad_fn=<MseLossBackward0>)",
3415,3.1626720428466797,8.764811515808105,0.025031110271811485,0.08771677315235138,"tensor(0.2754, grad_fn=<MseLossBackward0>)",
3416,6.201267242431641,10.008615493774414,0.05217182636260986,0.18316316604614258,"tensor(0.2747, grad_fn=<MseLossBackward0>)",
3417,4.40590763092041,8.70839786529541,0.0801221951842308,0.07980822771787643,"tensor(0.3404, grad_fn=<MseLossBackward0>)",
3418,5.572990417480469,9.240190505981445,0.01811031438410282,0.18981009721755981,"tensor(0.2967, grad_fn=<MseLossBackward0>)",
3419,2.3400564193725586,9.520133972167969,0.03468531370162964,0.04512348771095276,"tensor(0.2802, grad_fn=<MseLossBackward0>)",
3420,6.960858345031738,9.665610313415527,0.00962752103805542,0.2581028640270233,"tensor(0.2195, grad_fn=<MseLossBackward0>)",
3421,2.453327178955078,8.428524017333984,0.019271016120910645,0.06293502449989319,"tensor(0.3556, grad_fn=<MseLossBackward0>)",
3422,3.532285690307617,10.10156536102295,0.0,0.12501950562000275,"tensor(0.3415, grad_fn=<MseLossBackward0>)",
3423,4.792267799377441,9.126273155212402,0.06380078941583633,0.11369122564792633,"tensor(0.2937, grad_fn=<MseLossBackward0>)",
3424,4.785161018371582,9.082919120788574,0.011326134204864502,0.16622678935527802,"tensor(0.2560, grad_fn=<MseLossBackward0>)",
3425,4.603070259094238,8.673492431640625,0.0,0.16653932631015778,"tensor(0.3867, grad_fn=<MseLossBackward0>)",
3426,3.7920799255371094,8.408171653747559,0.04972122237086296,0.09016337245702744,"tensor(0.2584, grad_fn=<MseLossBackward0>)",
3427,3.356503486633301,9.17982292175293,0.053347013890743256,0.06721237301826477,"tensor(0.2704, grad_fn=<MseLossBackward0>)",
3428,1.1453962326049805,9.968414306640625,0.0,0.034548766911029816,"tensor(0.2361, grad_fn=<MseLossBackward0>)",
3429,1.6318035125732422,9.402863502502441,0.0,0.053064994513988495,"tensor(0.2637, grad_fn=<MseLossBackward0>)",
3430,7.300945281982422,8.960021018981934,0.038984715938568115,0.23770450055599213,"tensor(0.3334, grad_fn=<MseLossBackward0>)",
3431,1.6162357330322266,8.62818717956543,0.019082823768258095,0.0300014466047287,"tensor(0.3576, grad_fn=<MseLossBackward0>)",
3432,4.556000709533691,8.11315631866455,0.027443906292319298,0.14565792679786682,"tensor(0.1883, grad_fn=<MseLossBackward0>)",
3433,5.100505828857422,9.081875801086426,0.06922484934329987,0.11840489506721497,"tensor(0.3770, grad_fn=<MseLossBackward0>)",
3434,16.893077850341797,10.837459564208984,0.023824969306588173,0.6361109614372253,"tensor(0.3689, grad_fn=<MseLossBackward0>)",
3435,8.550787925720215,9.817541122436523,0.03538942337036133,0.29495131969451904,"tensor(0.2485, grad_fn=<MseLossBackward0>)",
3436,8.229602813720703,9.017643928527832,0.024647435173392296,0.2894155979156494,"tensor(0.3396, grad_fn=<MseLossBackward0>)",
3437,3.2333664894104004,7.7032880783081055,0.0884694829583168,0.028101060539484024,"tensor(0.2631, grad_fn=<MseLossBackward0>)",
3438,4.631257057189941,9.689160346984863,0.027316411957144737,0.14748331904411316,"tensor(0.2141, grad_fn=<MseLossBackward0>)",
3439,2.5306053161621094,7.791945457458496,0.0,0.08609479665756226,"tensor(0.3305, grad_fn=<MseLossBackward0>)",
3440,3.1329193115234375,8.223580360412598,0.042102158069610596,0.07004624605178833,"tensor(0.2863, grad_fn=<MseLossBackward0>)",
3441,3.5338797569274902,7.9088335037231445,0.08122255653142929,0.048049844801425934,"tensor(0.2664, grad_fn=<MseLossBackward0>)",
3442,2.9357824325561523,7.738943576812744,0.02438167668879032,0.08131614327430725,"tensor(0.2334, grad_fn=<MseLossBackward0>)",
3443,3.6488170623779297,7.473359107971191,0.07943020761013031,0.05539907142519951,"tensor(0.2245, grad_fn=<MseLossBackward0>)",
3444,3.534696578979492,7.471124172210693,0.06446006149053574,0.06760317087173462,"tensor(0.1810, grad_fn=<MseLossBackward0>)",
3445,2.385125160217285,8.004860877990723,0.04544612020254135,0.03644287958741188,"tensor(0.3042, grad_fn=<MseLossBackward0>)",
3446,8.554438591003418,8.077757835388184,0.002895613433793187,0.3220739960670471,"tensor(0.3629, grad_fn=<MseLossBackward0>)",
3447,4.8290205001831055,8.202380180358887,0.07121733576059341,0.10609999299049377,"tensor(0.3391, grad_fn=<MseLossBackward0>)",
3448,4.648900985717773,7.753467559814453,0.005303502082824707,0.16825756430625916,"tensor(0.2514, grad_fn=<MseLossBackward0>)",
3449,6.279971122741699,9.144743919372559,0.0,0.23942731320858002,"tensor(0.2324, grad_fn=<MseLossBackward0>)",
3450,4.82966947555542,7.4066243171691895,0.0,0.1819496899843216,"tensor(0.1983, grad_fn=<MseLossBackward0>)",
3451,7.290068626403809,8.326240539550781,0.08998227119445801,0.1845565140247345,"tensor(0.3755, grad_fn=<MseLossBackward0>)",
3452,7.520952224731445,9.316727638244629,0.01325706671923399,0.2753565311431885,"tensor(0.2589, grad_fn=<MseLossBackward0>)",
3453,3.723118782043457,8.145716667175293,0.03186545893549919,0.10232117772102356,"tensor(0.3074, grad_fn=<MseLossBackward0>)",
3454,6.812519073486328,6.8077521324157715,0.1000826507806778,0.16164208948612213,"tensor(0.2138, grad_fn=<MseLossBackward0>)",
3455,4.337449073791504,8.117683410644531,0.0014848709106445312,0.161553293466568,"tensor(0.1725, grad_fn=<MseLossBackward0>)",
3456,5.564937591552734,7.77311897277832,0.11924342066049576,0.08717240393161774,"tensor(0.2975, grad_fn=<MseLossBackward0>)",
3457,3.5747318267822266,7.277512550354004,0.04902762174606323,0.07813917100429535,"tensor(0.3268, grad_fn=<MseLossBackward0>)",
3458,3.5239439010620117,8.08057975769043,0.08053004741668701,0.04832819104194641,"tensor(0.2322, grad_fn=<MseLossBackward0>)",
3459,4.98827600479126,7.253782272338867,0.10834115743637085,0.07835275679826736,"tensor(0.2585, grad_fn=<MseLossBackward0>)",
3460,7.1113762855529785,8.065905570983887,0.0,0.27096179127693176,"tensor(0.2642, grad_fn=<MseLossBackward0>)",
3461,17.606664657592773,7.673105716705322,0.048492830246686935,0.6442862153053284,"tensor(0.2038, grad_fn=<MseLossBackward0>)",
3462,11.306695938110352,7.906674385070801,0.08493918180465698,0.35727474093437195,"tensor(0.1918, grad_fn=<MseLossBackward0>)",
3463,0.9918298721313477,7.824199676513672,0.0,0.028322525322437286,"tensor(0.2169, grad_fn=<MseLossBackward0>)",
3464,4.795980453491211,8.154974937438965,0.08722402900457382,0.09229644387960434,"tensor(0.2508, grad_fn=<MseLossBackward0>)",
3465,3.1528377532958984,8.1320161819458,0.0,0.11310801655054092,"tensor(0.2377, grad_fn=<MseLossBackward0>)",
3466,3.8799619674682617,8.438697814941406,0.05000537633895874,0.09253238886594772,"tensor(0.2256, grad_fn=<MseLossBackward0>)",
3467,3.4127516746520996,7.806004047393799,0.040324486792087555,0.08627603948116302,"tensor(0.1970, grad_fn=<MseLossBackward0>)",
3468,9.474068641662598,8.957402229309082,0.0,0.36543652415275574,"tensor(0.2709, grad_fn=<MseLossBackward0>)",
3469,4.951882362365723,8.87801742553711,0.05556321144104004,0.13271212577819824,"tensor(0.1924, grad_fn=<MseLossBackward0>)",
3470,6.7529473304748535,8.010733604431152,0.04261914640665054,0.21065203845500946,"tensor(0.3519, grad_fn=<MseLossBackward0>)",
3471,5.21401309967041,7.499266624450684,0.01759115792810917,0.1804005205631256,"tensor(0.2106, grad_fn=<MseLossBackward0>)",
3472,7.284639835357666,7.709319591522217,0.1110817939043045,0.17106306552886963,"tensor(0.1996, grad_fn=<MseLossBackward0>)",
3473,3.3121891021728516,7.531286239624023,0.07355455309152603,0.04723810404539108,"tensor(0.2467, grad_fn=<MseLossBackward0>)",
3474,5.978247165679932,7.694515705108643,0.13851666450500488,0.0912369042634964,"tensor(0.1891, grad_fn=<MseLossBackward0>)",
3475,4.659544467926025,7.22654914855957,0.07967629283666611,0.09663522988557816,"tensor(0.2114, grad_fn=<MseLossBackward0>)",
3476,0.7788896560668945,8.011015892028809,0.0066702961921691895,0.014602720737457275,"tensor(0.2007, grad_fn=<MseLossBackward0>)",
3477,2.607856273651123,7.506552696228027,0.012409865856170654,0.07981649041175842,"tensor(0.2372, grad_fn=<MseLossBackward0>)",
3478,3.299731731414795,7.586017608642578,0.015121182426810265,0.10431887209415436,"tensor(0.2767, grad_fn=<MseLossBackward0>)",
3479,6.848809719085693,7.493783473968506,0.06535446643829346,0.19226786494255066,"tensor(0.3253, grad_fn=<MseLossBackward0>)",
3480,4.276390552520752,7.549889087677002,0.025471847504377365,0.12697236239910126,"tensor(0.4173, grad_fn=<MseLossBackward0>)",
3481,3.765449047088623,7.981268882751465,0.05451327562332153,0.0838162899017334,"tensor(0.2510, grad_fn=<MseLossBackward0>)",
3482,3.6281652450561523,8.754731178283691,0.08839354664087296,0.04200545698404312,"tensor(0.2866, grad_fn=<MseLossBackward0>)",
3483,5.789163112640381,7.54123067855835,0.0,0.22048911452293396,"tensor(0.2292, grad_fn=<MseLossBackward0>)",
3484,3.276078701019287,7.517629623413086,0.02499930001795292,0.0920085459947586,"tensor(0.2579, grad_fn=<MseLossBackward0>)",
3485,3.3608102798461914,8.891667366027832,0.0,0.12317293137311935,"tensor(0.2138, grad_fn=<MseLossBackward0>)",
3486,3.5766854286193848,7.826284885406494,0.0,0.1317974328994751,"tensor(0.2392, grad_fn=<MseLossBackward0>)",
3487,5.193147659301758,9.36677360534668,0.018730303272604942,0.17533661425113678,"tensor(0.2922, grad_fn=<MseLossBackward0>)",
3488,2.3313283920288086,8.44267749786377,0.03607720136642456,0.04531246796250343,"tensor(0.2165, grad_fn=<MseLossBackward0>)",
3489,9.39908504486084,8.879691123962402,0.04480385780334473,0.3143739402294159,"tensor(0.3091, grad_fn=<MseLossBackward0>)",
3490,1.0920038223266602,9.348873138427734,0.003329535247758031,0.024877000600099564,"tensor(0.3241, grad_fn=<MseLossBackward0>)",
3491,13.141911506652832,8.844592094421387,0.009181201457977295,0.5016793012619019,"tensor(0.2844, grad_fn=<MseLossBackward0>)",
3492,7.480067253112793,8.71740436553955,0.0,0.2834851145744324,"tensor(0.3267, grad_fn=<MseLossBackward0>)",
3493,5.756448745727539,8.422958374023438,0.1142568439245224,0.10265014320611954,"tensor(0.2568, grad_fn=<MseLossBackward0>)",
3494,9.249468803405762,8.609092712402344,0.0,0.35475048422813416,"tensor(0.3230, grad_fn=<MseLossBackward0>)",
3495,5.187570571899414,7.857325553894043,0.039585333317518234,0.15103018283843994,"tensor(0.3381, grad_fn=<MseLossBackward0>)",
3496,6.826568126678467,7.620565891265869,0.003242949489504099,0.2549245357513428,"tensor(0.2988, grad_fn=<MseLossBackward0>)",
3497,4.514333248138428,7.859547138214111,0.027991553768515587,0.13703329861164093,"tensor(0.3391, grad_fn=<MseLossBackward0>)",
3498,3.4451704025268555,8.905160903930664,0.05118958279490471,0.07400840520858765,"tensor(0.2619, grad_fn=<MseLossBackward0>)",
3499,4.277863502502441,8.227567672729492,0.06556844711303711,0.09220511466264725,"tensor(0.2936, grad_fn=<MseLossBackward0>)",
3500,5.400547027587891,8.50244426727295,0.006395002361387014,0.19310370087623596,"tensor(0.3430, grad_fn=<MseLossBackward0>)","[1.1820675134658813, 0.9964572787284851, 1.087270736694336]"
3501,12.015442848205566,10.202875137329102,0.08396904170513153,0.3839861750602722,"tensor(0.2330, grad_fn=<MseLossBackward0>)",
3502,4.058737277984619,7.340752124786377,0.04339365288615227,0.10582922399044037,"tensor(0.2826, grad_fn=<MseLossBackward0>)",
3503,6.616994380950928,7.4048871994018555,0.0,0.2555617094039917,"tensor(0.1841, grad_fn=<MseLossBackward0>)",
3504,4.018779754638672,7.679894924163818,0.010207653045654297,0.13846533000469208,"tensor(0.2525, grad_fn=<MseLossBackward0>)",
3505,2.93818998336792,7.691031455993652,0.04604319855570793,0.056388795375823975,"tensor(0.3416, grad_fn=<MseLossBackward0>)",
3506,5.209387302398682,7.578647136688232,0.04239078238606453,0.15570297837257385,"tensor(0.2107, grad_fn=<MseLossBackward0>)",
3507,4.345929145812988,6.975241661071777,0.07909739017486572,0.08244930952787399,"tensor(0.2633, grad_fn=<MseLossBackward0>)",
3508,8.57003116607666,6.667259216308594,0.180911123752594,0.15177001059055328,"tensor(0.2158, grad_fn=<MseLossBackward0>)",
3509,2.2139062881469727,6.6805901527404785,0.037702422589063644,0.040821123868227005,"tensor(0.2111, grad_fn=<MseLossBackward0>)",
3510,7.64161491394043,6.668486595153809,0.09162501245737076,0.20370373129844666,"tensor(0.2018, grad_fn=<MseLossBackward0>)",
3511,4.557583332061768,6.979793548583984,0.09901722520589828,0.07028816640377045,"tensor(0.2655, grad_fn=<MseLossBackward0>)",
3512,1.5148487091064453,8.612532615661621,0.0,0.045548513531684875,"tensor(0.3022, grad_fn=<MseLossBackward0>)",
3513,6.786900520324707,8.246062278747559,0.08636164665222168,0.17385703325271606,"tensor(0.2478, grad_fn=<MseLossBackward0>)",
3514,3.4506912231445312,8.119770050048828,0.057788629084825516,0.06873057037591934,"tensor(0.2392, grad_fn=<MseLossBackward0>)",
3515,5.620045185089111,7.284229278564453,0.018730977550148964,0.19337183237075806,"tensor(0.2485, grad_fn=<MseLossBackward0>)",
3516,1.596771240234375,9.543229103088379,0.0,0.05114460736513138,"tensor(0.2681, grad_fn=<MseLossBackward0>)",
3517,4.24562931060791,8.6572265625,0.01428182888776064,0.1398451030254364,"tensor(0.3288, grad_fn=<MseLossBackward0>)",
3518,2.0971527099609375,8.87137508392334,0.0,0.06720825284719467,"tensor(0.3763, grad_fn=<MseLossBackward0>)",
3519,3.628920555114746,9.460147857666016,0.0,0.1297689825296402,"tensor(0.3208, grad_fn=<MseLossBackward0>)",
3520,5.905309200286865,8.046361923217773,0.0871192216873169,0.13731148838996887,"tensor(0.2305, grad_fn=<MseLossBackward0>)",
3521,11.574036598205566,10.08345890045166,0.0005758603219874203,0.4505367875099182,"tensor(0.2231, grad_fn=<MseLossBackward0>)",
3522,2.893244743347168,9.650906562805176,0.02262047864496708,0.08187621086835861,"tensor(0.2376, grad_fn=<MseLossBackward0>)",
3523,4.747762680053711,7.802966594696045,0.1291855126619339,0.05395988002419472,"tensor(0.1336, grad_fn=<MseLossBackward0>)",
3524,1.7036943435668945,8.577314376831055,0.030324677005410194,0.023472758010029793,"tensor(0.3138, grad_fn=<MseLossBackward0>)",
3525,3.236577033996582,10.011041641235352,0.02345452643930912,0.09213364124298096,"tensor(0.3103, grad_fn=<MseLossBackward0>)",
3526,5.404023170471191,9.001152038574219,0.028872588649392128,0.17675060033798218,"tensor(0.2106, grad_fn=<MseLossBackward0>)",
3527,3.1464967727661133,9.036185264587402,0.025551656261086464,0.0855928435921669,"tensor(0.3413, grad_fn=<MseLossBackward0>)",
3528,3.13527774810791,9.040124893188477,0.008259217254817486,0.10630054771900177,"tensor(0.2360, grad_fn=<MseLossBackward0>)",
3529,4.351607322692871,9.683063507080078,0.1017799973487854,0.056047625839710236,"tensor(0.3549, grad_fn=<MseLossBackward0>)",
3530,3.8316354751586914,8.89326000213623,0.058198489248752594,0.0857977569103241,"tensor(0.1870, grad_fn=<MseLossBackward0>)",
3531,3.949643135070801,8.960196495056152,0.12211400270462036,0.023858852684497833,"tensor(0.2680, grad_fn=<MseLossBackward0>)",
3532,9.338979721069336,7.952393531799316,0.03862742707133293,0.3233104348182678,"tensor(0.2421, grad_fn=<MseLossBackward0>)",
3533,4.112164497375488,9.704780578613281,0.08494062721729279,0.06982345879077911,"tensor(0.1905, grad_fn=<MseLossBackward0>)",
3534,7.435408115386963,7.015283107757568,0.00025167068815790117,0.2866228520870209,"tensor(0.1947, grad_fn=<MseLossBackward0>)",
3535,4.8147125244140625,8.392918586730957,0.04820428416132927,0.12773700058460236,"tensor(0.3810, grad_fn=<MseLossBackward0>)",
3536,5.769707679748535,8.908716201782227,0.06369032710790634,0.1540961116552353,"tensor(0.2571, grad_fn=<MseLossBackward0>)",
3537,5.045126914978027,8.245006561279297,0.023728450760245323,0.1632099151611328,"tensor(0.3212, grad_fn=<MseLossBackward0>)",
3538,1.6035709381103516,8.562434196472168,0.033525485545396805,0.02039901353418827,"tensor(0.1758, grad_fn=<MseLossBackward0>)",
3539,7.181056499481201,7.3084330558776855,0.07161831855773926,0.2038532793521881,"tensor(0.2461, grad_fn=<MseLossBackward0>)",
3540,5.775637626647949,9.332805633544922,0.0,0.218360036611557,"tensor(0.2692, grad_fn=<MseLossBackward0>)",
3541,2.7067880630493164,9.540812492370605,0.0,0.09221202880144119,"tensor(0.3503, grad_fn=<MseLossBackward0>)",
3542,5.127590179443359,8.592658996582031,0.07097170501947403,0.12132243812084198,"tensor(0.2717, grad_fn=<MseLossBackward0>)",
3543,2.449728012084961,7.946497440338135,0.03293406963348389,0.04989619180560112,"tensor(0.3076, grad_fn=<MseLossBackward0>)",
3544,3.209413528442383,7.7955827713012695,0.004420618060976267,0.11033545434474945,"tensor(0.2730, grad_fn=<MseLossBackward0>)",
3545,3.665445327758789,8.429651260375977,0.0,0.1339387595653534,"tensor(0.2397, grad_fn=<MseLossBackward0>)",
3546,3.035365104675293,8.983375549316406,0.029184261336922646,0.07992492616176605,"tensor(0.2520, grad_fn=<MseLossBackward0>)",
3547,5.409361839294434,8.390153884887695,0.12831316888332367,0.07789067178964615,"tensor(0.1761, grad_fn=<MseLossBackward0>)",
3548,3.3475494384765625,7.989994049072266,0.0049878754653036594,0.11947984248399734,"tensor(0.1955, grad_fn=<MseLossBackward0>)",
3549,7.344761848449707,8.246748924255371,0.07079610973596573,0.21162253618240356,"tensor(0.2295, grad_fn=<MseLossBackward0>)",
3550,11.97089672088623,8.53653621673584,0.0951019898056984,0.3699328899383545,"tensor(0.3040, grad_fn=<MseLossBackward0>)",
3551,2.579207420349121,9.511029243469238,0.006639957427978516,0.07905187457799911,"tensor(0.3945, grad_fn=<MseLossBackward0>)",
3552,11.845454216003418,9.095235824584961,0.025771576911211014,0.43422144651412964,"tensor(0.3152, grad_fn=<MseLossBackward0>)",
3553,2.9214115142822266,9.758454322814941,0.02973031997680664,0.0745631605386734,"tensor(0.2705, grad_fn=<MseLossBackward0>)",
3554,5.936917304992676,9.439022064208984,0.041855037212371826,0.1845322847366333,"tensor(0.2208, grad_fn=<MseLossBackward0>)",
3555,8.892936706542969,7.8357625007629395,0.0,0.344426691532135,"tensor(0.2342, grad_fn=<MseLossBackward0>)",
3556,9.614930152893066,8.947423934936523,0.17519527673721313,0.1942281872034073,"tensor(0.2974, grad_fn=<MseLossBackward0>)",
3557,4.142289161682129,7.485897064208984,0.035578131675720215,0.11825692653656006,"tensor(0.2509, grad_fn=<MseLossBackward0>)",
3558,5.1237945556640625,8.204378128051758,0.10687576234340668,0.08713875710964203,"tensor(0.2434, grad_fn=<MseLossBackward0>)",
3559,3.787020206451416,7.742815017700195,0.01115097664296627,0.1261163055896759,"tensor(0.2983, grad_fn=<MseLossBackward0>)",
3560,2.1172828674316406,8.12840461730957,0.06366445124149323,0.009919719770550728,"tensor(0.2404, grad_fn=<MseLossBackward0>)",
3561,5.216979026794434,8.545991897583008,0.12092077732086182,0.075101338326931,"tensor(0.2778, grad_fn=<MseLossBackward0>)",
3562,8.221760749816895,8.097966194152832,0.02746613882482052,0.2882874608039856,"tensor(0.2835, grad_fn=<MseLossBackward0>)",
3563,5.758421897888184,7.964837074279785,0.13803201913833618,0.08143241703510284,"tensor(0.2278, grad_fn=<MseLossBackward0>)",
3564,5.766831874847412,7.78909969329834,0.04044985771179199,0.17617791891098022,"tensor(0.3067, grad_fn=<MseLossBackward0>)",
3565,4.849155426025391,7.9318084716796875,0.02222098968923092,0.1610977053642273,"tensor(0.2261, grad_fn=<MseLossBackward0>)",
3566,3.8626766204833984,7.929129600524902,0.0004308024945203215,0.14261816442012787,"tensor(0.2164, grad_fn=<MseLossBackward0>)",
3567,5.494454860687256,7.0671162605285645,0.0031932394485920668,0.20362810790538788,"tensor(0.2683, grad_fn=<MseLossBackward0>)",
3568,0.8664083480834961,7.907608985900879,0.0,0.025200296193361282,"tensor(0.1533, grad_fn=<MseLossBackward0>)",
3569,4.178585529327393,6.929810523986816,0.007673005107790232,0.14585672318935394,"tensor(0.2569, grad_fn=<MseLossBackward0>)",
3570,5.011144161224365,7.408374309539795,0.004570384975522757,0.18367914855480194,"tensor(0.2404, grad_fn=<MseLossBackward0>)",
3571,3.8188328742980957,6.478943347930908,0.07364559173583984,0.06661410629749298,"tensor(0.2353, grad_fn=<MseLossBackward0>)",
3572,10.95527458190918,7.42733097076416,0.16308599710464478,0.2674933671951294,"tensor(0.1176, grad_fn=<MseLossBackward0>)",
3573,3.4815688133239746,7.953407287597656,0.04562695696949959,0.08205430209636688,"tensor(0.2400, grad_fn=<MseLossBackward0>)",
3574,3.4720864295959473,7.7353105545043945,0.061937134712934494,0.06671851128339767,"tensor(0.1870, grad_fn=<MseLossBackward0>)",
3575,6.540476322174072,6.896273136138916,0.10422457754611969,0.14545251429080963,"tensor(0.2608, grad_fn=<MseLossBackward0>)",
3576,3.550541400909424,7.414984703063965,0.013988533988595009,0.11883057653903961,"tensor(0.1921, grad_fn=<MseLossBackward0>)",
3577,2.201864242553711,9.011449813842773,0.013267457485198975,0.06361301243305206,"tensor(0.2378, grad_fn=<MseLossBackward0>)",
3578,7.09365177154541,8.098906517028809,0.17784498631954193,0.09677889198064804,"tensor(0.1791, grad_fn=<MseLossBackward0>)",
3579,3.2537379264831543,7.833427906036377,0.023701965808868408,0.0945577323436737,"tensor(0.2389, grad_fn=<MseLossBackward0>)",
3580,2.3312931060791016,8.117138862609863,0.026282748207449913,0.054437510669231415,"tensor(0.2610, grad_fn=<MseLossBackward0>)",
3581,3.9106597900390625,7.695701599121094,0.06755634397268295,0.07631256431341171,"tensor(0.2405, grad_fn=<MseLossBackward0>)",
3582,6.097729682922363,8.985525131225586,0.0,0.22304654121398926,"tensor(0.4585, grad_fn=<MseLossBackward0>)",
3583,6.955816268920898,8.537638664245605,0.20394620299339294,0.061430882662534714,"tensor(0.2648, grad_fn=<MseLossBackward0>)",
3584,7.2050981521606445,9.102599143981934,0.06699713319540024,0.20847271382808685,"tensor(0.2443, grad_fn=<MseLossBackward0>)",
3585,4.1862382888793945,10.224161148071289,0.07852699607610703,0.07497163116931915,"tensor(0.2943, grad_fn=<MseLossBackward0>)",
3586,8.931211471557617,8.925631523132324,0.08697358518838882,0.25539764761924744,"tensor(0.3042, grad_fn=<MseLossBackward0>)",
3587,11.573718070983887,10.19154167175293,0.00991694163531065,0.4373633861541748,"tensor(0.3004, grad_fn=<MseLossBackward0>)",
3588,6.323267936706543,8.885273933410645,0.15399281680583954,0.08282756805419922,"tensor(0.3498, grad_fn=<MseLossBackward0>)",
3589,1.9324445724487305,10.545766830444336,0.014853219501674175,0.045828282833099365,"tensor(0.3516, grad_fn=<MseLossBackward0>)",
3590,2.6647186279296875,10.667930603027344,0.013920783996582031,0.07424479722976685,"tensor(0.4041, grad_fn=<MseLossBackward0>)",
3591,3.8619089126586914,8.768380165100098,0.0,0.14085817337036133,"tensor(0.2798, grad_fn=<MseLossBackward0>)",
3592,4.229963302612305,10.631060600280762,0.058546822518110275,0.09340481460094452,"tensor(0.3775, grad_fn=<MseLossBackward0>)",
3593,8.638812065124512,10.224133491516113,0.0821419358253479,0.2471272498369217,"tensor(0.3480, grad_fn=<MseLossBackward0>)",
3594,4.203729629516602,10.056814193725586,0.048175711184740067,0.10390712320804596,"tensor(0.3141, grad_fn=<MseLossBackward0>)",
3595,3.0698204040527344,10.804807662963867,0.020263055339455605,0.08836282044649124,"tensor(0.3040, grad_fn=<MseLossBackward0>)",
3596,11.619532585144043,11.586456298828125,0.0,0.448138952255249,"tensor(0.3595, grad_fn=<MseLossBackward0>)",
3597,7.796664237976074,10.923823356628418,0.024083634838461876,0.2772637605667114,"tensor(0.1931, grad_fn=<MseLossBackward0>)",
3598,2.7082929611206055,11.427370071411133,0.012175202369689941,0.08541600406169891,"tensor(0.2068, grad_fn=<MseLossBackward0>)",
3599,6.958804130554199,10.499817848205566,0.0,0.2633816599845886,"tensor(0.3208, grad_fn=<MseLossBackward0>)",
3600,8.259791374206543,11.565248489379883,0.0,0.3147672116756439,"tensor(0.3438, grad_fn=<MseLossBackward0>)",
3601,2.164430618286133,11.01205062866211,0.0,0.07285712659358978,"tensor(0.3068, grad_fn=<MseLossBackward0>)",
3602,0.977935791015625,11.282389640808105,0.006301840301603079,0.023810967803001404,"tensor(0.1819, grad_fn=<MseLossBackward0>)",
3603,7.485161781311035,10.70934009552002,0.051726777106523514,0.2357504665851593,"tensor(0.2547, grad_fn=<MseLossBackward0>)",
3604,4.201106071472168,10.944866180419922,0.013111531734466553,0.13898450136184692,"tensor(0.3549, grad_fn=<MseLossBackward0>)",
3605,6.63117790222168,8.76571273803711,0.10859853029251099,0.14232885837554932,"tensor(0.3083, grad_fn=<MseLossBackward0>)",
3606,2.4836578369140625,8.79204273223877,0.02321900986135006,0.06233087182044983,"tensor(0.2892, grad_fn=<MseLossBackward0>)",
3607,6.002694129943848,9.601781845092773,0.06360075622797012,0.16654859483242035,"tensor(0.1957, grad_fn=<MseLossBackward0>)",
3608,5.658677101135254,10.434354782104492,0.09804856777191162,0.11450095474720001,"tensor(0.2951, grad_fn=<MseLossBackward0>)",
3609,7.120027542114258,8.700263023376465,0.0716584324836731,0.20070357620716095,"tensor(0.2653, grad_fn=<MseLossBackward0>)",
3610,3.1378984451293945,9.483177185058594,0.02836364507675171,0.08570826053619385,"tensor(0.2500, grad_fn=<MseLossBackward0>)",
3611,3.112288475036621,9.029838562011719,0.024628082290291786,0.08595003187656403,"tensor(0.2864, grad_fn=<MseLossBackward0>)",
3612,3.838456153869629,9.798966407775879,0.03534374386072159,0.10805532336235046,"tensor(0.2247, grad_fn=<MseLossBackward0>)",
3613,4.805538177490234,9.611017227172852,0.12232957035303116,0.05925096943974495,"tensor(0.2384, grad_fn=<MseLossBackward0>)",
3614,8.068175315856934,9.545695304870605,0.06889905780553818,0.24376539885997772,"tensor(0.1947, grad_fn=<MseLossBackward0>)",
3615,6.742769241333008,9.613898277282715,0.17086699604988098,0.08836591243743896,"tensor(0.2056, grad_fn=<MseLossBackward0>)",
3616,9.619856834411621,9.37170696258545,0.19687815010547638,0.17898964881896973,"tensor(0.1892, grad_fn=<MseLossBackward0>)",
3617,4.628305435180664,9.198165893554688,0.06665382534265518,0.10688279569149017,"tensor(0.2559, grad_fn=<MseLossBackward0>)",
3618,5.27419376373291,9.90703010559082,0.09279339015483856,0.10608629882335663,"tensor(0.2534, grad_fn=<MseLossBackward0>)",
3619,4.488478660583496,10.582446098327637,0.014125525951385498,0.15062253177165985,"tensor(0.3308, grad_fn=<MseLossBackward0>)",
3620,12.667777061462402,10.796956062316895,0.03303128480911255,0.45975980162620544,"tensor(0.2630, grad_fn=<MseLossBackward0>)",
3621,4.39134407043457,9.859931945800781,0.02752828598022461,0.1336502730846405,"tensor(0.3066, grad_fn=<MseLossBackward0>)",
3622,3.1219587326049805,10.28242015838623,0.0036257505416870117,0.11325304210186005,"tensor(0.1683, grad_fn=<MseLossBackward0>)",
3623,3.7269792556762695,10.057282447814941,0.035932380706071854,0.09965601563453674,"tensor(0.2639, grad_fn=<MseLossBackward0>)",
3624,6.843681335449219,9.143241882324219,0.10188402980566025,0.15738694369792938,"tensor(0.3243, grad_fn=<MseLossBackward0>)",
3625,3.1041603088378906,10.379995346069336,0.08362473547458649,0.024774719029664993,"tensor(0.3707, grad_fn=<MseLossBackward0>)",
3626,3.115431785583496,10.173165321350098,0.042156994342803955,0.07229433953762054,"tensor(0.1964, grad_fn=<MseLossBackward0>)",
3627,3.708407402038574,9.714715003967285,0.0,0.1352524310350418,"tensor(0.2545, grad_fn=<MseLossBackward0>)",
3628,8.926359176635742,9.62260627746582,0.13238835334777832,0.20873451232910156,"tensor(0.3772, grad_fn=<MseLossBackward0>)",
3629,2.4885454177856445,10.920778274536133,0.0,0.08525760471820831,"tensor(0.3103, grad_fn=<MseLossBackward0>)",
3630,5.1367902755737305,9.85291862487793,0.028653183951973915,0.1638817936182022,"tensor(0.2833, grad_fn=<MseLossBackward0>)",
3631,2.533123016357422,10.648122787475586,0.03346194699406624,0.05568993091583252,"tensor(0.2625, grad_fn=<MseLossBackward0>)",
3632,1.53314208984375,10.921539306640625,0.0,0.048469364643096924,"tensor(0.2794, grad_fn=<MseLossBackward0>)",
3633,5.164175987243652,10.138506889343262,0.07461434602737427,0.1177530288696289,"tensor(0.2937, grad_fn=<MseLossBackward0>)",
3634,2.4948911666870117,9.976509094238281,0.024685939773917198,0.06417439877986908,"tensor(0.2145, grad_fn=<MseLossBackward0>)",
3635,5.94914436340332,8.785347938537598,0.07795697450637817,0.14896050095558167,"tensor(0.2078, grad_fn=<MseLossBackward0>)",
3636,3.253276824951172,9.895618438720703,0.01886715553700924,0.09487830102443695,"tensor(0.3087, grad_fn=<MseLossBackward0>)",
3637,5.250260353088379,9.198631286621094,0.0,0.1961556375026703,"tensor(0.2545, grad_fn=<MseLossBackward0>)",
3638,4.471000671386719,8.508069038391113,0.032144445925951004,0.1347428560256958,"tensor(0.2402, grad_fn=<MseLossBackward0>)",
3639,2.944912910461426,9.67554759979248,0.0,0.10458401590585709,"tensor(0.2573, grad_fn=<MseLossBackward0>)",
3640,6.312716484069824,8.721936225891113,0.07251206785440445,0.16641545295715332,"tensor(0.2916, grad_fn=<MseLossBackward0>)",
3641,2.3974695205688477,8.792717933654785,0.040850598365068436,0.04094116389751434,"tensor(0.3055, grad_fn=<MseLossBackward0>)",
3642,7.527076721191406,9.784270286560059,0.06921814382076263,0.22094877064228058,"tensor(0.2331, grad_fn=<MseLossBackward0>)",
3643,3.0139780044555664,9.551006317138672,0.05468505620956421,0.05501488596200943,"tensor(0.2299, grad_fn=<MseLossBackward0>)",
3644,2.2997398376464844,9.535991668701172,0.003819803474470973,0.07541465014219284,"tensor(0.2681, grad_fn=<MseLossBackward0>)",
3645,5.889937400817871,9.812313079833984,0.08768977969884872,0.13577449321746826,"tensor(0.2367, grad_fn=<MseLossBackward0>)",
3646,7.588041305541992,9.939769744873047,0.1007046326994896,0.1863873302936554,"tensor(0.3629, grad_fn=<MseLossBackward0>)",
3647,8.881226539611816,8.938438415527344,0.08531006425619125,0.25605645775794983,"tensor(0.3139, grad_fn=<MseLossBackward0>)",
3648,3.040074348449707,9.249204635620117,0.014964441768825054,0.09245800226926804,"tensor(0.3135, grad_fn=<MseLossBackward0>)",
3649,2.949321746826172,8.944092750549316,0.03663601353764534,0.06506511569023132,"tensor(0.3622, grad_fn=<MseLossBackward0>)",
3650,5.3199462890625,8.881516456604004,0.1258845329284668,0.07629125565290451,"tensor(0.2193, grad_fn=<MseLossBackward0>)",
3651,5.493073463439941,10.5881929397583,0.11003764718770981,0.09696371108293533,"tensor(0.2705, grad_fn=<MseLossBackward0>)",
3652,4.087688446044922,9.249156951904297,0.09610231965780258,0.05443522706627846,"tensor(0.2969, grad_fn=<MseLossBackward0>)",
3653,4.980353832244873,7.996862888336182,0.06590014696121216,0.12242186069488525,"tensor(0.2019, grad_fn=<MseLossBackward0>)",
3654,2.531905174255371,9.381165504455566,0.013652881607413292,0.07509119063615799,"tensor(0.2659, grad_fn=<MseLossBackward0>)",
3655,3.1788320541381836,8.501114845275879,0.04532281681895256,0.07199639081954956,"tensor(0.2128, grad_fn=<MseLossBackward0>)",
3656,5.368344306945801,8.196041107177734,0.0,0.20277127623558044,"tensor(0.2517, grad_fn=<MseLossBackward0>)",
3657,10.02137279510498,8.247129440307617,0.14585106074810028,0.24682305753231049,"tensor(0.1660, grad_fn=<MseLossBackward0>)",
3658,4.076872825622559,9.008454322814941,0.08992153406143188,0.05940241366624832,"tensor(0.2510, grad_fn=<MseLossBackward0>)",
3659,2.5677995681762695,8.663708686828613,0.04182889312505722,0.048830971121788025,"tensor(0.2696, grad_fn=<MseLossBackward0>)",
3660,5.460773944854736,7.8126020431518555,0.02009536884725094,0.18665066361427307,"tensor(0.2490, grad_fn=<MseLossBackward0>)",
3661,4.195090293884277,9.153125762939453,0.09052194654941559,0.065248042345047,"tensor(0.2623, grad_fn=<MseLossBackward0>)",
3662,5.885257720947266,8.9681978225708,0.13249346613883972,0.09184837341308594,"tensor(0.2194, grad_fn=<MseLossBackward0>)",
3663,7.270594596862793,9.501192092895508,0.028054794296622276,0.24856270849704742,"tensor(0.3197, grad_fn=<MseLossBackward0>)",
3664,4.511427879333496,9.50245475769043,0.12908071279525757,0.04138767719268799,"tensor(0.1852, grad_fn=<MseLossBackward0>)",
3665,5.743342399597168,9.976709365844727,0.09212720394134521,0.12578095495700836,"tensor(0.2315, grad_fn=<MseLossBackward0>)",
3666,2.4250097274780273,9.642881393432617,0.022533457726240158,0.062425628304481506,"tensor(0.2706, grad_fn=<MseLossBackward0>)",
3667,3.9577789306640625,8.50890064239502,0.0,0.14715126156806946,"tensor(0.2344, grad_fn=<MseLossBackward0>)",
3668,5.691102027893066,10.711382865905762,0.05134878680109978,0.1606224626302719,"tensor(0.3575, grad_fn=<MseLossBackward0>)",
3669,8.3273344039917,10.540977478027344,0.0007446010713465512,0.31450027227401733,"tensor(0.4114, grad_fn=<MseLossBackward0>)",
3670,5.469886779785156,11.02579116821289,0.01632281206548214,0.1837998628616333,"tensor(0.4336, grad_fn=<MseLossBackward0>)",
3671,5.444697380065918,11.765069007873535,0.05497916415333748,0.1474476158618927,"tensor(0.3415, grad_fn=<MseLossBackward0>)",
3672,11.164631843566895,11.317280769348145,0.0,0.433297336101532,"tensor(0.2604, grad_fn=<MseLossBackward0>)",
3673,5.778224945068359,9.547552108764648,0.06785857677459717,0.15154576301574707,"tensor(0.2607, grad_fn=<MseLossBackward0>)",
3674,5.9585981369018555,10.15752124786377,0.06202445551753044,0.16178111732006073,"tensor(0.3151, grad_fn=<MseLossBackward0>)",
3675,3.587521553039551,10.166223526000977,0.07869336754083633,0.0542326346039772,"tensor(0.2265, grad_fn=<MseLossBackward0>)",
3676,3.642674446105957,9.920178413391113,0.06659940630197525,0.06770447641611099,"tensor(0.2564, grad_fn=<MseLossBackward0>)",
3677,3.8424301147460938,8.447892189025879,0.08477435261011124,0.05482123792171478,"tensor(0.2996, grad_fn=<MseLossBackward0>)",
3678,3.415654182434082,10.562013626098633,0.057704925537109375,0.06416573375463486,"tensor(0.3373, grad_fn=<MseLossBackward0>)",
3679,1.5960397720336914,9.351305961608887,0.0,0.05255938693881035,"tensor(0.2358, grad_fn=<MseLossBackward0>)",
3680,4.099903106689453,8.777573585510254,0.035191457718610764,0.11243638396263123,"tensor(0.3453, grad_fn=<MseLossBackward0>)",
3681,5.346016883850098,9.721887588500977,0.08371523767709732,0.11929763853549957,"tensor(0.1969, grad_fn=<MseLossBackward0>)",
3682,3.9854345321655273,8.704495429992676,0.006837090011686087,0.13896764814853668,"tensor(0.2944, grad_fn=<MseLossBackward0>)",
3683,4.063287734985352,7.866301536560059,0.10185784101486206,0.04569064825773239,"tensor(0.3287, grad_fn=<MseLossBackward0>)",
3684,7.266364097595215,9.583510398864746,0.11502643674612045,0.16391019523143768,"tensor(0.2562, grad_fn=<MseLossBackward0>)",
3685,4.004376411437988,9.447667121887207,0.02343229576945305,0.12030782550573349,"tensor(0.3602, grad_fn=<MseLossBackward0>)",
3686,4.389141082763672,8.62301254272461,0.0,0.16526740789413452,"tensor(0.2127, grad_fn=<MseLossBackward0>)",
3687,2.6453685760498047,9.006685256958008,0.003003716468811035,0.08791465312242508,"tensor(0.3092, grad_fn=<MseLossBackward0>)",
3688,6.674772262573242,9.162548065185547,0.01292081642895937,0.24384775757789612,"tensor(0.1912, grad_fn=<MseLossBackward0>)",
3689,3.637022018432617,8.3988037109375,0.0,0.1315305233001709,"tensor(0.2730, grad_fn=<MseLossBackward0>)",
3690,7.235285758972168,9.926639556884766,0.007142642978578806,0.2719196081161499,"tensor(0.2031, grad_fn=<MseLossBackward0>)",
3691,3.8177061080932617,8.840296745300293,0.02597852610051632,0.11260871589183807,"tensor(0.2991, grad_fn=<MseLossBackward0>)",
3692,1.2103843688964844,8.457795143127441,0.0026932358741760254,0.03247087821364403,"tensor(0.2931, grad_fn=<MseLossBackward0>)",
3693,2.1917343139648438,9.443777084350586,0.026206156238913536,0.05262897536158562,"tensor(0.1572, grad_fn=<MseLossBackward0>)",
3694,6.585458755493164,8.83441162109375,0.005175550933927298,0.24818745255470276,"tensor(0.2026, grad_fn=<MseLossBackward0>)",
3695,5.797120094299316,9.594269752502441,0.030766010284423828,0.18540772795677185,"tensor(0.3335, grad_fn=<MseLossBackward0>)",
3696,2.2115325927734375,8.406221389770508,0.034489233046770096,0.04423851519823074,"tensor(0.2157, grad_fn=<MseLossBackward0>)",
3697,10.214277267456055,9.165508270263672,0.12263482809066772,0.2730126976966858,"tensor(0.2884, grad_fn=<MseLossBackward0>)",
3698,4.720523834228516,9.198471069335938,0.03200288489460945,0.14332319796085358,"tensor(0.2972, grad_fn=<MseLossBackward0>)",
3699,2.8335790634155273,8.728776931762695,0.023681502789258957,0.07910429686307907,"tensor(0.2223, grad_fn=<MseLossBackward0>)",
3700,2.122495651245117,8.747931480407715,0.0,0.07422766089439392,"tensor(0.2234, grad_fn=<MseLossBackward0>)",
3701,3.222665786743164,9.30518913269043,0.02894921973347664,0.08580932021141052,"tensor(0.3189, grad_fn=<MseLossBackward0>)",
3702,6.809556007385254,8.97691822052002,0.15260732173919678,0.11125040054321289,"tensor(0.1718, grad_fn=<MseLossBackward0>)",
3703,3.678643226623535,8.860345840454102,0.027364155277609825,0.11074228584766388,"tensor(0.1741, grad_fn=<MseLossBackward0>)",
3704,3.9842329025268555,8.017960548400879,0.03282596543431282,0.11636820435523987,"tensor(0.2182, grad_fn=<MseLossBackward0>)",
3705,2.6259875297546387,7.784336090087891,0.046583689749240875,0.04730277135968208,"tensor(0.2400, grad_fn=<MseLossBackward0>)",
3706,3.4037351608276367,8.241802215576172,0.0,0.12280963361263275,"tensor(0.2895, grad_fn=<MseLossBackward0>)",
3707,3.8009681701660156,8.775506973266602,0.0,0.1404554843902588,"tensor(0.2396, grad_fn=<MseLossBackward0>)",
3708,4.812592506408691,8.458840370178223,0.012595772743225098,0.17391064763069153,"tensor(0.1186, grad_fn=<MseLossBackward0>)",
3709,5.541716575622559,8.719239234924316,0.011426925659179688,0.1985902190208435,"tensor(0.2613, grad_fn=<MseLossBackward0>)",
3710,6.774395942687988,9.37985897064209,0.062466900795698166,0.19526618719100952,"tensor(0.2895, grad_fn=<MseLossBackward0>)",
3711,9.139810562133789,7.137265682220459,0.22078098356723785,0.13222432136535645,"tensor(0.2661, grad_fn=<MseLossBackward0>)",
3712,1.0903692245483398,7.949790954589844,0.024938127025961876,0.009949984960258007,"tensor(0.1836, grad_fn=<MseLossBackward0>)",
3713,3.9678854942321777,6.941205978393555,0.08778784424066544,0.062038011848926544,"tensor(0.1790, grad_fn=<MseLossBackward0>)",
3714,2.3042545318603516,8.313373565673828,0.05574303865432739,0.02518337592482567,"tensor(0.2309, grad_fn=<MseLossBackward0>)",
3715,6.4839630126953125,7.724262237548828,0.07045090198516846,0.1788487732410431,"tensor(0.2191, grad_fn=<MseLossBackward0>)",
3716,4.470833778381348,6.8430938720703125,0.049072265625,0.11910238862037659,"tensor(0.2386, grad_fn=<MseLossBackward0>)",
3717,3.3292346000671387,7.715621471405029,0.07286504656076431,0.04809078574180603,"tensor(0.2588, grad_fn=<MseLossBackward0>)",
3718,4.6562819480896,7.541643142700195,0.0325685553252697,0.1381722241640091,"tensor(0.3184, grad_fn=<MseLossBackward0>)",
3719,22.087949752807617,7.990080833435059,0.0,0.8755430579185486,"tensor(0.1425, grad_fn=<MseLossBackward0>)",
3720,8.339822769165039,7.991064071655273,0.0,0.3222205936908722,"tensor(0.1804, grad_fn=<MseLossBackward0>)",
3721,8.105303764343262,9.290080070495605,0.09434191137552261,0.21632307767868042,"tensor(0.2748, grad_fn=<MseLossBackward0>)",
3722,3.1557788848876953,9.396258354187012,0.06897900253534317,0.040571488440036774,"tensor(0.3567, grad_fn=<MseLossBackward0>)",
3723,8.602153778076172,9.572178840637207,0.06342818588018417,0.26755374670028687,"tensor(0.2466, grad_fn=<MseLossBackward0>)",
3724,2.9276371002197266,10.002862930297852,0.04101429507136345,0.0656900480389595,"tensor(0.1902, grad_fn=<MseLossBackward0>)",
3725,9.215734481811523,10.122824668884277,0.0003175934252794832,0.35744616389274597,"tensor(0.2283, grad_fn=<MseLossBackward0>)",
3726,6.530479431152344,10.387094497680664,0.08889361470937729,0.15538522601127625,"tensor(0.3682, grad_fn=<MseLossBackward0>)",
3727,11.364571571350098,11.660670280456543,0.15381520986557007,0.2855856716632843,"tensor(0.2843, grad_fn=<MseLossBackward0>)",
3728,3.4343223571777344,9.226808547973633,0.0,0.12630759179592133,"tensor(0.2365, grad_fn=<MseLossBackward0>)",
3729,6.9924821853637695,10.440727233886719,0.05837778374552727,0.20337797701358795,"tensor(0.3791, grad_fn=<MseLossBackward0>)",
3730,4.874930381774902,10.633661270141602,0.08384531736373901,0.09979548305273056,"tensor(0.2393, grad_fn=<MseLossBackward0>)",
3731,6.7422637939453125,9.303633689880371,0.10885672271251678,0.14985503256320953,"tensor(0.2330, grad_fn=<MseLossBackward0>)",
3732,8.159785270690918,9.845817565917969,0.20017528533935547,0.11198192089796066,"tensor(0.3161, grad_fn=<MseLossBackward0>)",
3733,5.139407157897949,8.238312721252441,0.07293237745761871,0.12128499895334244,"tensor(0.2510, grad_fn=<MseLossBackward0>)",
3734,6.750542640686035,9.957161903381348,0.10816749185323715,0.1477382779121399,"tensor(0.2521, grad_fn=<MseLossBackward0>)",
3735,12.727932929992676,9.371150016784668,0.10475333780050278,0.39304590225219727,"tensor(0.2384, grad_fn=<MseLossBackward0>)",
3736,3.640580177307129,9.760455131530762,0.04421281814575195,0.0872686579823494,"tensor(0.3157, grad_fn=<MseLossBackward0>)",
3737,3.3453617095947266,8.220081329345703,0.07906492054462433,0.04257659614086151,"tensor(0.2488, grad_fn=<MseLossBackward0>)",
3738,3.423232078552246,8.675514221191406,0.058958012610673904,0.06755482405424118,"tensor(0.2141, grad_fn=<MseLossBackward0>)",
3739,5.711242198944092,7.950346946716309,0.07109129428863525,0.1483769714832306,"tensor(0.1829, grad_fn=<MseLossBackward0>)",
3740,7.507319450378418,8.11185359954834,0.15320636332035065,0.13470077514648438,"tensor(0.2784, grad_fn=<MseLossBackward0>)",
3741,5.596951484680176,9.483197212219238,0.07999380677938461,0.1343153417110443,"tensor(0.1826, grad_fn=<MseLossBackward0>)",
3742,5.444994926452637,10.048683166503906,0.0,0.20521140098571777,"tensor(0.2923, grad_fn=<MseLossBackward0>)",
3743,3.2089147567749023,10.399279594421387,0.03479576110839844,0.08154421299695969,"tensor(0.2657, grad_fn=<MseLossBackward0>)",
3744,2.7331857681274414,9.37071704864502,0.04497939348220825,0.053455229848623276,"tensor(0.2477, grad_fn=<MseLossBackward0>)",
3745,3.1530838012695312,10.21348762512207,0.047594547271728516,0.06526584923267365,"tensor(0.2914, grad_fn=<MseLossBackward0>)",
3746,5.117534637451172,9.988995552062988,0.1131683811545372,0.0775991678237915,"tensor(0.3169, grad_fn=<MseLossBackward0>)",
3747,4.9125776290893555,9.65027141571045,0.0,0.18356384336948395,"tensor(0.2764, grad_fn=<MseLossBackward0>)",
3748,2.6701583862304688,9.477742195129395,0.02952961064875126,0.06122805178165436,"tensor(0.3547, grad_fn=<MseLossBackward0>)",
3749,5.822537422180176,9.747135162353516,0.0,0.22118252515792847,"tensor(0.2347, grad_fn=<MseLossBackward0>)",
3750,2.3740310668945312,9.401847839355469,0.0,0.08446314930915833,"tensor(0.1951, grad_fn=<MseLossBackward0>)",
3751,8.93422794342041,11.858542442321777,0.04056282714009285,0.3057821989059448,"tensor(0.2369, grad_fn=<MseLossBackward0>)",
3752,4.73319149017334,9.593092918395996,0.010463515296578407,0.16466622054576874,"tensor(0.3168, grad_fn=<MseLossBackward0>)",
3753,3.3892440795898438,10.272275924682617,0.03608161211013794,0.08442549407482147,"tensor(0.3282, grad_fn=<MseLossBackward0>)",
3754,7.462065696716309,10.2810640335083,0.10251104831695557,0.18019801378250122,"tensor(0.3392, grad_fn=<MseLossBackward0>)",
3755,4.892670631408691,8.444788932800293,0.0,0.18326976895332336,"tensor(0.2777, grad_fn=<MseLossBackward0>)",
3756,5.491313934326172,10.502532005310059,0.031707167625427246,0.1763678789138794,"tensor(0.2549, grad_fn=<MseLossBackward0>)",
3757,2.5471572875976562,9.170075416564941,0.034532707184553146,0.054759759455919266,"tensor(0.2837, grad_fn=<MseLossBackward0>)",
3758,4.605600357055664,9.27861499786377,0.10203876346349716,0.06849493086338043,"tensor(0.3176, grad_fn=<MseLossBackward0>)",
3759,1.816575050354004,8.83276653289795,0.01159230899065733,0.04890809953212738,"tensor(0.2824, grad_fn=<MseLossBackward0>)",
3760,5.921422958374023,8.065256118774414,0.06730395555496216,0.15715497732162476,"tensor(0.2608, grad_fn=<MseLossBackward0>)",
3761,3.4082984924316406,9.133810043334961,0.006708343978971243,0.12180142104625702,"tensor(0.1399, grad_fn=<MseLossBackward0>)",
3762,2.171170234680176,8.370662689208984,0.0596538782119751,0.017253782600164413,"tensor(0.1973, grad_fn=<MseLossBackward0>)",
3763,4.767897129058838,6.747413635253906,0.07219117879867554,0.10745278000831604,"tensor(0.2411, grad_fn=<MseLossBackward0>)",
3764,4.865259647369385,7.259995937347412,0.0719071626663208,0.10817394405603409,"tensor(0.2831, grad_fn=<MseLossBackward0>)",
3765,2.983501434326172,8.436893463134766,0.014462411403656006,0.09194888174533844,"tensor(0.2594, grad_fn=<MseLossBackward0>)",
3766,4.216601371765137,8.299001693725586,0.07977990061044693,0.07894571870565414,"tensor(0.2051, grad_fn=<MseLossBackward0>)",
3767,4.256373882293701,7.2633867263793945,0.04749266430735588,0.10889590531587601,"tensor(0.3059, grad_fn=<MseLossBackward0>)",
3768,3.325493812561035,7.774734973907471,0.013893723487854004,0.10789260268211365,"tensor(0.2154, grad_fn=<MseLossBackward0>)",
3769,2.4743170738220215,7.703273296356201,0.021277308464050293,0.0635116696357727,"tensor(0.3164, grad_fn=<MseLossBackward0>)",
3770,3.8834714889526367,8.438385009765625,0.054992496967315674,0.0897158533334732,"tensor(0.2057, grad_fn=<MseLossBackward0>)",
3771,3.480928421020508,8.1340970993042,0.037176888436079025,0.08762407302856445,"tensor(0.3155, grad_fn=<MseLossBackward0>)",
3772,5.3826422691345215,7.314984321594238,0.09295537322759628,0.10767257213592529,"tensor(0.3128, grad_fn=<MseLossBackward0>)",
3773,2.2420883178710938,7.952538013458252,0.050843775272369385,0.02635829895734787,"tensor(0.2847, grad_fn=<MseLossBackward0>)",
3774,8.073995590209961,7.453425407409668,0.1367207020521164,0.1761835217475891,"tensor(0.2178, grad_fn=<MseLossBackward0>)",
3775,11.681282043457031,8.233866691589355,0.15147976577281952,0.30281978845596313,"tensor(0.2976, grad_fn=<MseLossBackward0>)",
3776,3.831897735595703,8.166004180908203,0.06206665560603142,0.07628180086612701,"tensor(0.3385, grad_fn=<MseLossBackward0>)",
3777,6.910737991333008,9.830039978027344,0.15700675547122955,0.10929848253726959,"tensor(0.2138, grad_fn=<MseLossBackward0>)",
3778,4.825033187866211,10.384171485900879,0.09976476430892944,0.07992225140333176,"tensor(0.3002, grad_fn=<MseLossBackward0>)",
3779,2.289051055908203,9.254311561584473,0.01322974730283022,0.06477651745080948,"tensor(0.2809, grad_fn=<MseLossBackward0>)",
3780,3.7394943237304688,8.32632064819336,0.0395943708717823,0.09540429711341858,"tensor(0.3373, grad_fn=<MseLossBackward0>)",
3781,6.265066146850586,8.038262367248535,0.07771645486354828,0.16006594896316528,"tensor(0.2792, grad_fn=<MseLossBackward0>)",
3782,4.742164611816406,8.163433074951172,0.10544254630804062,0.06977390497922897,"tensor(0.3270, grad_fn=<MseLossBackward0>)",
3783,3.4032468795776367,9.197487831115723,0.0,0.12210234254598618,"tensor(0.2274, grad_fn=<MseLossBackward0>)",
3784,3.0927248001098633,8.927088737487793,0.02350638248026371,0.08671168982982635,"tensor(0.2919, grad_fn=<MseLossBackward0>)",
3785,4.399724960327148,9.096940994262695,0.016552885994315147,0.1467759907245636,"tensor(0.2379, grad_fn=<MseLossBackward0>)",
3786,7.634861946105957,9.295998573303223,0.06802263110876083,0.22534002363681793,"tensor(0.2286, grad_fn=<MseLossBackward0>)",
3787,4.12162971496582,9.553350448608398,0.05397099256515503,0.096514031291008,"tensor(0.2835, grad_fn=<MseLossBackward0>)",
3788,14.902745246887207,9.713040351867676,0.10430719703435898,0.4764906167984009,"tensor(0.3437, grad_fn=<MseLossBackward0>)",
3789,7.030678749084473,8.40664291381836,0.05259404703974724,0.2131635546684265,"tensor(0.3434, grad_fn=<MseLossBackward0>)",
3790,4.587979316711426,8.945659637451172,0.007730424404144287,0.16315613687038422,"tensor(0.2465, grad_fn=<MseLossBackward0>)",
3791,4.217619895935059,8.8573637008667,0.0,0.15790659189224243,"tensor(0.2186, grad_fn=<MseLossBackward0>)",
3792,6.659674644470215,10.241713523864746,0.0,0.2529357373714447,"tensor(0.2951, grad_fn=<MseLossBackward0>)",
3793,4.020871162414551,8.525421142578125,0.0,0.14555123448371887,"tensor(0.3323, grad_fn=<MseLossBackward0>)",
3794,5.557501792907715,10.906607627868652,0.041516222059726715,0.17200656235218048,"tensor(0.1804, grad_fn=<MseLossBackward0>)",
3795,4.291805267333984,9.433279037475586,0.0,0.15782339870929718,"tensor(0.2974, grad_fn=<MseLossBackward0>)",
3796,4.172597885131836,9.538551330566406,0.09489107131958008,0.060617461800575256,"tensor(0.2565, grad_fn=<MseLossBackward0>)",
3797,3.0523881912231445,9.623641014099121,0.0653650164604187,0.04252764582633972,"tensor(0.3337, grad_fn=<MseLossBackward0>)",
3798,3.949835777282715,8.81377124786377,0.03156079724431038,0.1143241822719574,"tensor(0.2605, grad_fn=<MseLossBackward0>)",
3799,2.8878679275512695,8.789941787719727,0.058696649968624115,0.047097016125917435,"tensor(0.1882, grad_fn=<MseLossBackward0>)",
3800,5.07450008392334,8.620033264160156,0.09906164556741714,0.09033291786909103,"tensor(0.3008, grad_fn=<MseLossBackward0>)",
3801,6.6976823806762695,9.854124069213867,0.0,0.2542891204357147,"tensor(0.2675, grad_fn=<MseLossBackward0>)",
3802,8.228147506713867,9.703316688537598,0.06050552800297737,0.253190815448761,"tensor(0.3297, grad_fn=<MseLossBackward0>)",
3803,7.9911298751831055,9.217547416687012,0.016132652759552002,0.2866140604019165,"tensor(0.3707, grad_fn=<MseLossBackward0>)",
3804,4.002714157104492,8.126437187194824,0.08884236961603165,0.05679108574986458,"tensor(0.3238, grad_fn=<MseLossBackward0>)",
3805,4.8048295974731445,8.764323234558105,0.05089052394032478,0.13145214319229126,"tensor(0.1855, grad_fn=<MseLossBackward0>)",
3806,8.801450729370117,7.878880500793457,0.05160880088806152,0.28673404455184937,"tensor(0.2895, grad_fn=<MseLossBackward0>)",
3807,6.402637004852295,7.285765647888184,0.027569076046347618,0.21532781422138214,"tensor(0.2591, grad_fn=<MseLossBackward0>)",
3808,3.4321131706237793,7.95604944229126,0.08508161455392838,0.04216668754816055,"tensor(0.1991, grad_fn=<MseLossBackward0>)",
3809,4.756304740905762,7.48382043838501,0.08566558361053467,0.09458060562610626,"tensor(0.2151, grad_fn=<MseLossBackward0>)",
3810,2.6703271865844727,7.855268478393555,0.024751165881752968,0.06755682080984116,"tensor(0.3001, grad_fn=<MseLossBackward0>)",
3811,2.8547654151916504,7.711300373077393,0.04472339153289795,0.057559069246053696,"tensor(0.2511, grad_fn=<MseLossBackward0>)",
3812,6.045952796936035,7.5752105712890625,0.02644534967839718,0.20486001670360565,"tensor(0.1886, grad_fn=<MseLossBackward0>)",
3813,6.3683905601501465,7.14302396774292,0.13219985365867615,0.11016082763671875,"tensor(0.2524, grad_fn=<MseLossBackward0>)",
3814,2.1040878295898438,8.607285499572754,0.03777807950973511,0.03723686933517456,"tensor(0.1908, grad_fn=<MseLossBackward0>)",
3815,3.310896873474121,8.455179214477539,0.03396924212574959,0.0850561186671257,"tensor(0.2935, grad_fn=<MseLossBackward0>)",
3816,5.414634704589844,8.758037567138672,0.09525277465581894,0.10918328166007996,"tensor(0.2471, grad_fn=<MseLossBackward0>)",
3817,6.729256629943848,8.706209182739258,0.10070621967315674,0.15481939911842346,"tensor(0.2715, grad_fn=<MseLossBackward0>)",
3818,2.7947750091552734,8.095329284667969,0.0,0.10128263384103775,"tensor(0.1965, grad_fn=<MseLossBackward0>)",
3819,2.996267318725586,8.656670570373535,0.05110989138484001,0.0538998544216156,"tensor(0.3107, grad_fn=<MseLossBackward0>)",
3820,9.092236518859863,9.085680961608887,0.0803712010383606,0.26740261912345886,"tensor(0.3565, grad_fn=<MseLossBackward0>)",
3821,5.339679718017578,9.029938697814941,0.03064495325088501,0.17253117263317108,"tensor(0.2130, grad_fn=<MseLossBackward0>)",
3822,8.49830436706543,8.810383796691895,0.11287356913089752,0.21319976449012756,"tensor(0.2866, grad_fn=<MseLossBackward0>)",
3823,2.937358856201172,9.56257152557373,0.010693927295506,0.09050411731004715,"tensor(0.3519, grad_fn=<MseLossBackward0>)",
3824,8.524630546569824,9.426729202270508,0.07567241042852402,0.24854916334152222,"tensor(0.3814, grad_fn=<MseLossBackward0>)",
3825,3.3998546600341797,9.770910263061523,0.05850785970687866,0.062281399965286255,"tensor(0.3259, grad_fn=<MseLossBackward0>)",
3826,5.976408958435059,11.205223083496094,0.13138191401958466,0.09387810528278351,"tensor(0.2745, grad_fn=<MseLossBackward0>)",
3827,6.159425735473633,8.167067527770996,0.09124519675970078,0.14153587818145752,"tensor(0.2847, grad_fn=<MseLossBackward0>)",
3828,5.106451034545898,10.613321304321289,0.04491044953465462,0.14912724494934082,"tensor(0.2185, grad_fn=<MseLossBackward0>)",
3829,5.6421356201171875,10.170547485351562,0.00859175156801939,0.19992314279079437,"tensor(0.4010, grad_fn=<MseLossBackward0>)",
3830,4.925699234008789,8.96123218536377,0.11879346519708633,0.06686155498027802,"tensor(0.2440, grad_fn=<MseLossBackward0>)",
3831,14.368622779846191,9.997182846069336,0.0,0.5633710026741028,"tensor(0.2258, grad_fn=<MseLossBackward0>)",
3832,3.556403160095215,11.039617538452148,0.05151212215423584,0.06769570708274841,"tensor(0.5409, grad_fn=<MseLossBackward0>)",
3833,5.357148170471191,9.812298774719238,0.013262450695037842,0.18374326825141907,"tensor(0.3508, grad_fn=<MseLossBackward0>)",
3834,7.355072975158691,9.151373863220215,0.01570028066635132,0.2660282254219055,"tensor(0.2619, grad_fn=<MseLossBackward0>)",
3835,11.449058532714844,7.949065208435059,0.010791759006679058,0.43923231959342957,"tensor(0.1351, grad_fn=<MseLossBackward0>)",
3836,2.805744171142578,9.718049049377441,0.03298644348978996,0.06471513211727142,"tensor(0.3107, grad_fn=<MseLossBackward0>)",
3837,7.039606094360352,8.908669471740723,0.05454001948237419,0.21238282322883606,"tensor(0.3120, grad_fn=<MseLossBackward0>)",
3838,2.69846248626709,8.218744277954102,0.0,0.09523659944534302,"tensor(0.2598, grad_fn=<MseLossBackward0>)",
3839,4.8516845703125,8.812908172607422,0.052017390727996826,0.13181176781654358,"tensor(0.2053, grad_fn=<MseLossBackward0>)",
3840,4.170318126678467,7.431079864501953,0.05737445876002312,0.09914163500070572,"tensor(0.2273, grad_fn=<MseLossBackward0>)",
3841,4.966448783874512,8.417864799499512,0.06706839799880981,0.12242643535137177,"tensor(0.1877, grad_fn=<MseLossBackward0>)",
3842,3.3479366302490234,8.173190116882324,0.08988658338785172,0.030800864100456238,"tensor(0.2851, grad_fn=<MseLossBackward0>)",
3843,2.297025680541992,8.82100772857666,0.040927767753601074,0.0383579283952713,"tensor(0.2855, grad_fn=<MseLossBackward0>)",
3844,3.719691276550293,8.937298774719238,0.09339123964309692,0.0428684800863266,"tensor(0.2848, grad_fn=<MseLossBackward0>)",
3845,3.9348373413085938,9.704949378967285,0.07578206062316895,0.0703863799571991,"tensor(0.2490, grad_fn=<MseLossBackward0>)",
3846,9.06640338897705,8.7666654586792,0.20082785189151764,0.15050804615020752,"tensor(0.2519, grad_fn=<MseLossBackward0>)",
3847,3.609677314758301,9.441457748413086,0.029686173424124718,0.10346971452236176,"tensor(0.2291, grad_fn=<MseLossBackward0>)",
3848,4.15198278427124,7.548556327819824,0.12009167671203613,0.03792967274785042,"tensor(0.1556, grad_fn=<MseLossBackward0>)",
3849,7.464999198913574,8.23555850982666,0.014091829769313335,0.27190208435058594,"tensor(0.2882, grad_fn=<MseLossBackward0>)",
3850,4.251241683959961,9.764737129211426,0.04102754592895508,0.11572723835706711,"tensor(0.2822, grad_fn=<MseLossBackward0>)",
3851,6.291879177093506,8.024956703186035,0.06179557368159294,0.17595717310905457,"tensor(0.3202, grad_fn=<MseLossBackward0>)",
3852,3.4292049407958984,9.203139305114746,0.06450160592794418,0.05981142818927765,"tensor(0.2604, grad_fn=<MseLossBackward0>)",
3853,3.422804832458496,9.586289405822754,0.045094944536685944,0.08084388077259064,"tensor(0.2137, grad_fn=<MseLossBackward0>)",
3854,2.9705677032470703,8.918516159057617,0.03523405268788338,0.0742577612400055,"tensor(0.2017, grad_fn=<MseLossBackward0>)",
3855,4.746379852294922,9.600223541259766,0.053178947418928146,0.1216118112206459,"tensor(0.3184, grad_fn=<MseLossBackward0>)",
3856,2.7669668197631836,10.315930366516113,0.0,0.09720602631568909,"tensor(0.2914, grad_fn=<MseLossBackward0>)",
3857,4.157435417175293,10.745917320251465,0.06439026445150375,0.08740311861038208,"tensor(0.3169, grad_fn=<MseLossBackward0>)",
3858,2.1092939376831055,10.264117240905762,0.016705790534615517,0.05109475553035736,"tensor(0.3843, grad_fn=<MseLossBackward0>)",
3859,2.801462173461914,10.28892707824707,0.027124542742967606,0.0677529126405716,"tensor(0.3712, grad_fn=<MseLossBackward0>)",
3860,5.283278465270996,9.054234504699707,0.0,0.19893990457057953,"tensor(0.2464, grad_fn=<MseLossBackward0>)",
3861,5.2417802810668945,10.241894721984863,0.04283636808395386,0.15326111018657684,"tensor(0.2752, grad_fn=<MseLossBackward0>)",
3862,6.568512916564941,10.358132362365723,0.0,0.24983595311641693,"tensor(0.2810, grad_fn=<MseLossBackward0>)",
3863,1.9035816192626953,8.691981315612793,0.03279874473810196,0.032946355640888214,"tensor(0.2106, grad_fn=<MseLossBackward0>)",
3864,3.391362190246582,8.719700813293457,0.03483195975422859,0.08966797590255737,"tensor(0.2332, grad_fn=<MseLossBackward0>)",
3865,3.996042251586914,9.05331039428711,0.0,0.1480088233947754,"tensor(0.2369, grad_fn=<MseLossBackward0>)",
3866,3.98397159576416,9.930047035217285,0.06415969133377075,0.07942643016576767,"tensor(0.3091, grad_fn=<MseLossBackward0>)",
3867,11.277901649475098,8.7860689163208,0.0748378187417984,0.3623006343841553,"tensor(0.2874, grad_fn=<MseLossBackward0>)",
3868,5.510750770568848,11.3260498046875,0.01706618070602417,0.18815815448760986,"tensor(0.3383, grad_fn=<MseLossBackward0>)",
3869,4.649812698364258,8.08103084564209,0.04567774012684822,0.12715095281600952,"tensor(0.2760, grad_fn=<MseLossBackward0>)",
3870,4.891579627990723,10.694974899291992,0.06396329402923584,0.11758220195770264,"tensor(0.2955, grad_fn=<MseLossBackward0>)",
3871,3.8929386138916016,10.304068565368652,0.04188784211874008,0.10323778539896011,"tensor(0.2236, grad_fn=<MseLossBackward0>)",
3872,5.438196182250977,8.428621292114258,0.009740710258483887,0.19681847095489502,"tensor(0.2367, grad_fn=<MseLossBackward0>)",
3873,1.3083791732788086,8.139455795288086,0.01554002333432436,0.026809249073266983,"tensor(0.2159, grad_fn=<MseLossBackward0>)",
3874,2.835249900817871,8.64486026763916,0.015931764617562294,0.08642187714576721,"tensor(0.2337, grad_fn=<MseLossBackward0>)",
3875,3.1132068634033203,8.218303680419922,0.06171771138906479,0.04829339683055878,"tensor(0.3372, grad_fn=<MseLossBackward0>)",
3876,4.838972091674805,8.429631233215332,0.02534119226038456,0.157431498169899,"tensor(0.2145, grad_fn=<MseLossBackward0>)",
3877,4.894763946533203,8.468607902526855,0.045435864478349686,0.13717547059059143,"tensor(0.2726, grad_fn=<MseLossBackward0>)",
3878,2.965886116027832,9.614185333251953,0.01624874211847782,0.08915400505065918,"tensor(0.2924, grad_fn=<MseLossBackward0>)",
3879,3.7649707794189453,8.8302583694458,0.0,0.1362520456314087,"tensor(0.3147, grad_fn=<MseLossBackward0>)",
3880,4.444091796875,8.350553512573242,0.08322596549987793,0.08029936999082565,"tensor(0.3137, grad_fn=<MseLossBackward0>)",
3881,4.1175994873046875,9.259661674499512,0.034496843814849854,0.11828798055648804,"tensor(0.2590, grad_fn=<MseLossBackward0>)",
3882,9.67387580871582,7.972191333770752,0.08916804939508438,0.2868287265300751,"tensor(0.2467, grad_fn=<MseLossBackward0>)",
3883,8.789490699768066,9.922539710998535,0.12828660011291504,0.2144574224948883,"tensor(0.1919, grad_fn=<MseLossBackward0>)",
3884,4.2024946212768555,9.92921257019043,0.11524039506912231,0.04021140933036804,"tensor(0.2515, grad_fn=<MseLossBackward0>)",
3885,7.314460754394531,8.366697311401367,0.11694294214248657,0.16202041506767273,"tensor(0.2935, grad_fn=<MseLossBackward0>)",
3886,4.098475456237793,9.132375717163086,0.09820488840341568,0.05467680096626282,"tensor(0.2349, grad_fn=<MseLossBackward0>)",
3887,5.47902774810791,9.379409790039062,0.10484479367733002,0.10354484617710114,"tensor(0.2389, grad_fn=<MseLossBackward0>)",
3888,3.378300666809082,8.198987007141113,0.06355788558721542,0.05973207205533981,"tensor(0.2689, grad_fn=<MseLossBackward0>)",
3889,5.085046768188477,8.641934394836426,0.10060503333806992,0.09271478652954102,"tensor(0.2267, grad_fn=<MseLossBackward0>)",
3890,2.008744239807129,8.50597858428955,0.04173894599080086,0.027624983340501785,"tensor(0.2253, grad_fn=<MseLossBackward0>)",
3891,4.903119087219238,8.805724143981934,0.02366485260426998,0.1580311805009842,"tensor(0.3228, grad_fn=<MseLossBackward0>)",
3892,3.8304824829101562,8.345370292663574,0.0,0.13810622692108154,"tensor(0.3474, grad_fn=<MseLossBackward0>)",
3893,3.983677864074707,10.508123397827148,0.029118219390511513,0.11782290041446686,"tensor(0.2672, grad_fn=<MseLossBackward0>)",
3894,4.5433878898620605,8.013384819030762,0.04964999482035637,0.11757035553455353,"tensor(0.3247, grad_fn=<MseLossBackward0>)",
3895,5.7664031982421875,9.741959571838379,0.013394196517765522,0.20561164617538452,"tensor(0.2203, grad_fn=<MseLossBackward0>)",
3896,3.000875473022461,9.311954498291016,0.0,0.10658722370862961,"tensor(0.2910, grad_fn=<MseLossBackward0>)",
3897,3.214357376098633,9.158829689025879,0.0,0.11520060896873474,"tensor(0.3036, grad_fn=<MseLossBackward0>)",
3898,6.280866622924805,10.242433547973633,0.007291277404874563,0.23129458725452423,"tensor(0.2653, grad_fn=<MseLossBackward0>)",
3899,6.465921401977539,8.52076530456543,0.028933605179190636,0.21706347167491913,"tensor(0.2640, grad_fn=<MseLossBackward0>)",
3900,2.959728240966797,10.389596939086914,0.04609787464141846,0.06080232560634613,"tensor(0.2485, grad_fn=<MseLossBackward0>)",
3901,0.9928350448608398,8.191888809204102,0.009345054626464844,0.01961882784962654,"tensor(0.2226, grad_fn=<MseLossBackward0>)",
3902,8.0521240234375,7.726578235626221,0.2165425419807434,0.09591034799814224,"tensor(0.2127, grad_fn=<MseLossBackward0>)",
3903,4.097674369812012,8.090680122375488,0.07830824702978134,0.07133056223392487,"tensor(0.3251, grad_fn=<MseLossBackward0>)",
3904,4.656119346618652,8.04026985168457,0.05711885541677475,0.11621308326721191,"tensor(0.3013, grad_fn=<MseLossBackward0>)",
3905,1.6850261688232422,8.658528327941895,0.04794112592935562,0.008425524458289146,"tensor(0.2355, grad_fn=<MseLossBackward0>)",
3906,7.0595855712890625,9.240127563476562,0.12863337993621826,0.13980638980865479,"tensor(0.3164, grad_fn=<MseLossBackward0>)",
3907,3.02219295501709,8.153693199157715,0.06878645718097687,0.040855325758457184,"tensor(0.2509, grad_fn=<MseLossBackward0>)",
3908,2.415210723876953,9.005817413330078,0.0,0.08736760169267654,"tensor(0.1857, grad_fn=<MseLossBackward0>)",
3909,3.600522994995117,7.839287757873535,0.006718555931001902,0.1251366138458252,"tensor(0.2642, grad_fn=<MseLossBackward0>)",
3910,2.1713666915893555,9.127530097961426,0.012818356044590473,0.06318353861570358,"tensor(0.2306, grad_fn=<MseLossBackward0>)",
3911,1.745615005493164,8.290611267089844,0.022672494873404503,0.03428861126303673,"tensor(0.2808, grad_fn=<MseLossBackward0>)",
3912,3.955467700958252,7.505860805511475,0.05614811182022095,0.09001819789409637,"tensor(0.2796, grad_fn=<MseLossBackward0>)",
3913,5.314906120300293,10.369837760925293,0.0400259904563427,0.16064338386058807,"tensor(0.2524, grad_fn=<MseLossBackward0>)",
3914,1.4680395126342773,9.00300121307373,0.0,0.04860527813434601,"tensor(0.2264, grad_fn=<MseLossBackward0>)",
3915,4.383063316345215,8.25944709777832,0.05578204244375229,0.10232020169496536,"tensor(0.3701, grad_fn=<MseLossBackward0>)",
3916,4.402524948120117,8.972511291503906,0.09740594774484634,0.0637531578540802,"tensor(0.3536, grad_fn=<MseLossBackward0>)",
3917,2.827289581298828,7.650027751922607,0.06608521938323975,0.030744750052690506,"tensor(0.3772, grad_fn=<MseLossBackward0>)",
3918,3.4681406021118164,8.253771781921387,0.0,0.12508602440357208,"tensor(0.3031, grad_fn=<MseLossBackward0>)",
3919,2.4226531982421875,10.720111846923828,0.015283067710697651,0.06809641420841217,"tensor(0.3090, grad_fn=<MseLossBackward0>)",
3920,2.922801971435547,8.80903434753418,0.0,0.10124310106039047,"tensor(0.3345, grad_fn=<MseLossBackward0>)",
3921,4.801972389221191,8.20701789855957,0.10750367492437363,0.0682857483625412,"tensor(0.3590, grad_fn=<MseLossBackward0>)",
3922,2.6248388290405273,10.370135307312012,0.010576367378234863,0.0797652155160904,"tensor(0.3142, grad_fn=<MseLossBackward0>)",
3923,4.490947723388672,9.940454483032227,0.0,0.1644144356250763,"tensor(0.3451, grad_fn=<MseLossBackward0>)",
3924,3.8445253372192383,9.464997291564941,0.0,0.13950836658477783,"tensor(0.2760, grad_fn=<MseLossBackward0>)",
3925,2.3877573013305664,8.99931526184082,0.026914238929748535,0.05625974386930466,"tensor(0.2341, grad_fn=<MseLossBackward0>)",
3926,5.728797435760498,7.502071857452393,0.1644746959209442,0.054417744278907776,"tensor(0.1869, grad_fn=<MseLossBackward0>)",
3927,15.486150741577148,10.382373809814453,0.03369893506169319,0.5726615786552429,"tensor(0.2954, grad_fn=<MseLossBackward0>)",
3928,4.074148178100586,9.095169067382812,0.0861530527472496,0.06378816068172455,"tensor(0.2681, grad_fn=<MseLossBackward0>)",
3929,7.580844879150391,8.445879936218262,0.07435466349124908,0.2112339586019516,"tensor(0.3969, grad_fn=<MseLossBackward0>)",
3930,5.313628196716309,10.560379028320312,0.03366829827427864,0.16754251718521118,"tensor(0.2344, grad_fn=<MseLossBackward0>)",
3931,2.9863100051879883,9.856348991394043,0.027173301205039024,0.075764499604702,"tensor(0.3727, grad_fn=<MseLossBackward0>)",
3932,12.304350852966309,9.407711029052734,0.04386115074157715,0.4366045892238617,"tensor(0.2442, grad_fn=<MseLossBackward0>)",
3933,1.3224611282348633,9.233530044555664,0.0,0.03988926112651825,"tensor(0.2790, grad_fn=<MseLossBackward0>)",
3934,3.9580612182617188,9.371374130249023,0.0,0.14375482499599457,"tensor(0.3022, grad_fn=<MseLossBackward0>)",
3935,5.544344902038574,9.179327011108398,0.0,0.20426325500011444,"tensor(0.3521, grad_fn=<MseLossBackward0>)",
3936,2.3769564628601074,7.9368977546691895,0.0008360942010767758,0.08250536024570465,"tensor(0.2470, grad_fn=<MseLossBackward0>)",
3937,4.079505920410156,8.896722793579102,0.0,0.1482519805431366,"tensor(0.3239, grad_fn=<MseLossBackward0>)",
3938,2.6421499252319336,8.914877891540527,0.01508436631411314,0.0759974867105484,"tensor(0.3151, grad_fn=<MseLossBackward0>)",
3939,6.171492576599121,8.302337646484375,0.025674859061837196,0.20789052546024323,"tensor(0.2732, grad_fn=<MseLossBackward0>)",
3940,6.773049831390381,7.553535461425781,0.04148302599787712,0.2184472382068634,"tensor(0.1995, grad_fn=<MseLossBackward0>)",
3941,5.912992477416992,8.680791854858398,0.0,0.22367870807647705,"tensor(0.2261, grad_fn=<MseLossBackward0>)",
3942,3.013174057006836,8.062827110290527,0.0,0.11127965152263641,"tensor(0.1746, grad_fn=<MseLossBackward0>)",
3943,1.9752178192138672,8.0775785446167,0.0,0.06994042545557022,"tensor(0.1846, grad_fn=<MseLossBackward0>)",
3944,3.966663360595703,8.66384506225586,0.010146677494049072,0.13474932312965393,"tensor(0.3172, grad_fn=<MseLossBackward0>)",
3945,4.650434970855713,6.841464996337891,0.08272095024585724,0.09216498583555222,"tensor(0.2582, grad_fn=<MseLossBackward0>)",
3946,3.596884250640869,6.902557849884033,0.10515749454498291,0.029520906507968903,"tensor(0.1904, grad_fn=<MseLossBackward0>)",
3947,5.339020729064941,6.774990081787109,0.14012616872787476,0.06370572000741959,"tensor(0.1946, grad_fn=<MseLossBackward0>)",
3948,3.495614528656006,7.219757080078125,0.09009683132171631,0.038068320602178574,"tensor(0.2337, grad_fn=<MseLossBackward0>)",
3949,4.566442966461182,7.030082702636719,0.005152483936399221,0.16668234765529633,"tensor(0.2298, grad_fn=<MseLossBackward0>)",
3950,5.079042911529541,7.209065914154053,0.09691117703914642,0.0937555581331253,"tensor(0.2707, grad_fn=<MseLossBackward0>)",
3951,8.000019073486328,6.7516608238220215,0.12445802986621857,0.18459993600845337,"tensor(0.2288, grad_fn=<MseLossBackward0>)",
3952,7.6045122146606445,5.9364166259765625,0.09524160623550415,0.1983449012041092,"tensor(0.2199, grad_fn=<MseLossBackward0>)",
3953,8.692022323608398,6.397491931915283,0.019114932045340538,0.319034606218338,"tensor(0.1948, grad_fn=<MseLossBackward0>)",
3954,2.2170376777648926,6.472014427185059,0.06916765123605728,0.010557522065937519,"tensor(0.1829, grad_fn=<MseLossBackward0>)",
3955,4.21003532409668,6.111448287963867,0.068409264087677,0.08895657956600189,"tensor(0.2481, grad_fn=<MseLossBackward0>)",
3956,4.825529098510742,7.111055374145508,0.05358157679438591,0.12986107170581818,"tensor(0.1914, grad_fn=<MseLossBackward0>)",
3957,3.5085558891296387,6.88445520401001,0.10069817304611206,0.0284840427339077,"tensor(0.2442, grad_fn=<MseLossBackward0>)",
3958,2.4624123573303223,7.092836380004883,0.059050463140010834,0.028958525508642197,"tensor(0.2326, grad_fn=<MseLossBackward0>)",
3959,3.3789806365966797,8.472259521484375,0.061720289289951324,0.0584578737616539,"tensor(0.3303, grad_fn=<MseLossBackward0>)",
3960,3.359832763671875,8.164433479309082,0.018593212589621544,0.10070440173149109,"tensor(0.3388, grad_fn=<MseLossBackward0>)",
3961,6.296200752258301,9.51223087310791,0.01984759233891964,0.22104518115520477,"tensor(0.2286, grad_fn=<MseLossBackward0>)",
3962,5.165074348449707,9.503833770751953,0.1750062108039856,0.01891912706196308,"tensor(0.2741, grad_fn=<MseLossBackward0>)",
3963,1.4057245254516602,8.493971824645996,0.021358409896492958,0.02228010818362236,"tensor(0.2777, grad_fn=<MseLossBackward0>)",
3964,1.5801105499267578,9.57655143737793,0.0057744779624044895,0.04187397658824921,"tensor(0.3493, grad_fn=<MseLossBackward0>)",
3965,2.1426877975463867,9.337381362915039,0.0,0.07238467782735825,"tensor(0.2924, grad_fn=<MseLossBackward0>)",
3966,6.125946044921875,8.797930717468262,0.0037777225952595472,0.22830653190612793,"tensor(0.2766, grad_fn=<MseLossBackward0>)",
3967,7.084029197692871,9.106246948242188,0.01062824297696352,0.2611587941646576,"tensor(0.2310, grad_fn=<MseLossBackward0>)",
3968,3.5925302505493164,9.72481632232666,0.0,0.12580232322216034,"tensor(0.3842, grad_fn=<MseLossBackward0>)",
3969,11.649395942687988,10.549637794494629,0.004951914306730032,0.44834285974502563,"tensor(0.2546, grad_fn=<MseLossBackward0>)",
3970,4.31375789642334,11.194000244140625,0.0,0.15532125532627106,"tensor(0.3859, grad_fn=<MseLossBackward0>)",
3971,1.7994041442871094,9.788341522216797,0.0,0.057873621582984924,"tensor(0.3027, grad_fn=<MseLossBackward0>)",
3972,0.8649024963378906,10.675898551940918,0.0,0.018882181495428085,"tensor(0.3330, grad_fn=<MseLossBackward0>)",
3973,1.5903730392456055,8.915165901184082,0.0,0.04680829495191574,"tensor(0.3867, grad_fn=<MseLossBackward0>)",
3974,7.216784477233887,9.273441314697266,0.1454310119152069,0.12810653448104858,"tensor(0.3408, grad_fn=<MseLossBackward0>)",
3975,1.3606014251708984,9.750064849853516,0.0,0.042224910110235214,"tensor(0.2416, grad_fn=<MseLossBackward0>)",
3976,3.1615991592407227,10.342911720275879,0.07299721240997314,0.0416191890835762,"tensor(0.2546, grad_fn=<MseLossBackward0>)",
3977,9.430657386779785,9.900771141052246,0.037613868713378906,0.3254745900630951,"tensor(0.3157, grad_fn=<MseLossBackward0>)",
3978,2.42087459564209,9.163610458374023,0.04536585137248039,0.03655184060335159,"tensor(0.3343, grad_fn=<MseLossBackward0>)",
3979,4.771589279174805,7.797836780548096,0.06588089466094971,0.1139845997095108,"tensor(0.2387, grad_fn=<MseLossBackward0>)",
3980,9.725174903869629,9.34702205657959,0.1380537897348404,0.2397598773241043,"tensor(0.2588, grad_fn=<MseLossBackward0>)",
3981,6.675539970397949,8.741535186767578,0.18481449782848358,0.07042957842350006,"tensor(0.2558, grad_fn=<MseLossBackward0>)",
3982,3.0299148559570312,8.905471801757812,0.04443359375,0.0628691017627716,"tensor(0.3232, grad_fn=<MseLossBackward0>)",
3983,5.109076499938965,9.112277030944824,0.056788522750139236,0.1364002227783203,"tensor(0.2249, grad_fn=<MseLossBackward0>)",
3984,4.945281982421875,8.851451873779297,0.002437849761918187,0.1839284598827362,"tensor(0.2423, grad_fn=<MseLossBackward0>)",
3985,8.214507102966309,8.95637035369873,0.03118046000599861,0.2840597331523895,"tensor(0.3075, grad_fn=<MseLossBackward0>)",
3986,7.381267547607422,8.181188583374023,0.013718564994633198,0.27226123213768005,"tensor(0.1879, grad_fn=<MseLossBackward0>)",
3987,6.381190299987793,9.696980476379395,0.007776597980409861,0.23438186943531036,"tensor(0.2988, grad_fn=<MseLossBackward0>)",
3988,2.2639598846435547,7.878012657165527,0.019910236820578575,0.05481310561299324,"tensor(0.3732, grad_fn=<MseLossBackward0>)",
3989,5.320555686950684,8.390898704528809,0.003607372520491481,0.19596323370933533,"tensor(0.2765, grad_fn=<MseLossBackward0>)",
3990,1.6380376815795898,8.158592224121094,0.0010706782341003418,0.05085953325033188,"tensor(0.2959, grad_fn=<MseLossBackward0>)",
3991,2.667405128479004,8.40722370147705,0.0010742148151621222,0.09426229447126389,"tensor(0.2220, grad_fn=<MseLossBackward0>)",
3992,3.0731773376464844,7.960760116577148,0.0,0.10508133471012115,"tensor(0.4059, grad_fn=<MseLossBackward0>)",
3993,9.244810104370117,7.493129253387451,0.003269374370574951,0.35695680975914,"tensor(0.1778, grad_fn=<MseLossBackward0>)",
3994,7.297421455383301,8.888242721557617,0.03101615235209465,0.2530231475830078,"tensor(0.1518, grad_fn=<MseLossBackward0>)",
3995,5.427922248840332,8.385015487670898,0.06987619400024414,0.13751380145549774,"tensor(0.1824, grad_fn=<MseLossBackward0>)",
3996,4.824588775634766,7.528659343719482,0.08733902871608734,0.09679453819990158,"tensor(0.1654, grad_fn=<MseLossBackward0>)",
3997,5.551647186279297,8.735042572021484,0.07160145044326782,0.14178301393985748,"tensor(0.1963, grad_fn=<MseLossBackward0>)",
3998,4.063274383544922,7.931314468383789,0.06204676628112793,0.0870010256767273,"tensor(0.3013, grad_fn=<MseLossBackward0>)",
3999,5.725359916687012,8.111703872680664,0.13412120938301086,0.08158658444881439,"tensor(0.2562, grad_fn=<MseLossBackward0>)",
4000,5.223183631896973,8.462830543518066,0.10308072715997696,0.09646279364824295,"tensor(0.2150, grad_fn=<MseLossBackward0>)","[1.3531265258789062, 1.0453306436538696, 0.7586530447006226]"
4001,7.552914619445801,8.644700050354004,0.1492248773574829,0.13718482851982117,"tensor(0.3455, grad_fn=<MseLossBackward0>)",
4002,2.5261459350585938,8.205230712890625,0.006660421844571829,0.08132237195968628,"tensor(0.3078, grad_fn=<MseLossBackward0>)",
4003,1.8382635116577148,7.8183913230896,0.014291743747889996,0.05052811652421951,"tensor(0.1672, grad_fn=<MseLossBackward0>)",
4004,2.049802780151367,8.179326057434082,0.01891915127635002,0.049492307007312775,"tensor(0.3098, grad_fn=<MseLossBackward0>)",
4005,7.753480434417725,7.544270038604736,0.05633091926574707,0.24153217673301697,"tensor(0.2719, grad_fn=<MseLossBackward0>)",
4006,4.577194690704346,6.025881767272949,0.05917114019393921,0.11287141591310501,"tensor(0.2457, grad_fn=<MseLossBackward0>)",
4007,6.114274978637695,7.751591205596924,0.08081787824630737,0.1526833176612854,"tensor(0.2384, grad_fn=<MseLossBackward0>)",
4008,4.568445205688477,6.449198246002197,0.0718151107430458,0.09920260310173035,"tensor(0.2350, grad_fn=<MseLossBackward0>)",
4009,2.2978224754333496,7.853958606719971,0.04701731726527214,0.0349603109061718,"tensor(0.2017, grad_fn=<MseLossBackward0>)",
4010,3.4050087928771973,7.933030605316162,0.04887382313609123,0.0770861878991127,"tensor(0.1983, grad_fn=<MseLossBackward0>)",
4011,5.318130016326904,7.618374824523926,0.062489092350006104,0.1351233720779419,"tensor(0.3357, grad_fn=<MseLossBackward0>)",
4012,9.190746307373047,7.540188312530518,0.1734478771686554,0.1830558329820633,"tensor(0.2375, grad_fn=<MseLossBackward0>)",
4013,3.877852439880371,8.238605499267578,0.06091054156422615,0.08072563260793686,"tensor(0.2852, grad_fn=<MseLossBackward0>)",
4014,6.930219650268555,8.18466854095459,0.02620919607579708,0.23665134608745575,"tensor(0.3081, grad_fn=<MseLossBackward0>)",
4015,6.814236640930176,8.849638938903809,0.04359853267669678,0.21761202812194824,"tensor(0.2470, grad_fn=<MseLossBackward0>)",
4016,4.95584774017334,8.189483642578125,0.045322101563215256,0.1398959904909134,"tensor(0.2880, grad_fn=<MseLossBackward0>)",
4017,4.060057163238525,7.420112133026123,0.051174599677324295,0.10051138699054718,"tensor(0.2237, grad_fn=<MseLossBackward0>)",
4018,3.7726383209228516,8.593311309814453,0.022954603657126427,0.11559805274009705,"tensor(0.2788, grad_fn=<MseLossBackward0>)",
4019,6.279506206512451,7.478709697723389,0.12717561423778534,0.11350101977586746,"tensor(0.2325, grad_fn=<MseLossBackward0>)",
4020,4.9944658279418945,8.118680000305176,0.07695994526147842,0.11040790379047394,"tensor(0.2597, grad_fn=<MseLossBackward0>)",
4021,6.3143510818481445,8.795988082885742,0.0,0.24073219299316406,"tensor(0.2398, grad_fn=<MseLossBackward0>)",
4022,6.806941032409668,8.16771125793457,0.03883171081542969,0.21984270215034485,"tensor(0.3009, grad_fn=<MseLossBackward0>)",
4023,4.861985683441162,7.395353317260742,0.05522046610713005,0.12663555145263672,"tensor(0.2783, grad_fn=<MseLossBackward0>)",
4024,3.169649124145508,9.802102088928223,0.06045651435852051,0.05341669172048569,"tensor(0.2666, grad_fn=<MseLossBackward0>)",
4025,7.348555564880371,10.68242359161377,0.10457154363393784,0.1769559532403946,"tensor(0.2518, grad_fn=<MseLossBackward0>)",
4026,10.397965431213379,8.53414249420166,0.20261821150779724,0.20096637308597565,"tensor(0.2858, grad_fn=<MseLossBackward0>)",
4027,3.442440986633301,9.155998229980469,0.09366486966609955,0.03268902748823166,"tensor(0.2412, grad_fn=<MseLossBackward0>)",
4028,7.2260847091674805,9.224936485290527,0.03586146980524063,0.23941859602928162,"tensor(0.3025, grad_fn=<MseLossBackward0>)",
4029,5.228634357452393,7.793793678283691,0.06048303842544556,0.13199247419834137,"tensor(0.3850, grad_fn=<MseLossBackward0>)",
4030,10.31612777709961,8.995665550231934,0.04914790391921997,0.3498104512691498,"tensor(0.2903, grad_fn=<MseLossBackward0>)",
4031,6.007862091064453,8.34793758392334,0.1084202378988266,0.11826464533805847,"tensor(0.3023, grad_fn=<MseLossBackward0>)",
4032,5.052011489868164,8.349454879760742,0.018433868885040283,0.16714590787887573,"tensor(0.3406, grad_fn=<MseLossBackward0>)",
4033,5.6053571701049805,7.8947529792785645,0.025325318798422813,0.1850442886352539,"tensor(0.3110, grad_fn=<MseLossBackward0>)",
4034,5.024385452270508,7.194248676300049,0.06925004720687866,0.11903151869773865,"tensor(0.2799, grad_fn=<MseLossBackward0>)",
4035,4.56001091003418,7.415136814117432,0.12378521263599396,0.047615230083465576,"tensor(0.2517, grad_fn=<MseLossBackward0>)",
4036,5.274145603179932,6.929920196533203,0.11359075456857681,0.08715292811393738,"tensor(0.2003, grad_fn=<MseLossBackward0>)",
4037,7.816854953765869,7.519559860229492,0.1090523824095726,0.19261117279529572,"tensor(0.2297, grad_fn=<MseLossBackward0>)",
4038,2.1585593223571777,6.806802749633789,0.0,0.07720983028411865,"tensor(0.1900, grad_fn=<MseLossBackward0>)",
4039,6.400726318359375,7.36964225769043,0.032838087528944016,0.21419569849967957,"tensor(0.1873, grad_fn=<MseLossBackward0>)",
4040,4.962765216827393,6.695554733276367,0.07459457963705063,0.1111275777220726,"tensor(0.2809, grad_fn=<MseLossBackward0>)",
4041,3.8997859954833984,8.346269607543945,0.041642528027296066,0.1007697731256485,"tensor(0.2992, grad_fn=<MseLossBackward0>)",
4042,8.567743301391602,6.808927536010742,0.27913886308670044,0.05353415384888649,"tensor(0.1953, grad_fn=<MseLossBackward0>)",
4043,3.118633270263672,8.495487213134766,0.03890576213598251,0.07555072754621506,"tensor(0.2305, grad_fn=<MseLossBackward0>)",
4044,2.42232608795166,8.191686630249023,0.05546395108103752,0.02749152109026909,"tensor(0.2919, grad_fn=<MseLossBackward0>)",
4045,8.791764259338379,8.16553020477295,0.0,0.33961251378059387,"tensor(0.2731, grad_fn=<MseLossBackward0>)",
4046,4.2823286056518555,8.447957038879395,0.07602604478597641,0.08491522073745728,"tensor(0.2382, grad_fn=<MseLossBackward0>)",
4047,3.94069766998291,8.535503387451172,0.07409372180700302,0.0702986940741539,"tensor(0.2895, grad_fn=<MseLossBackward0>)",
4048,4.899381160736084,7.566019535064697,0.1116124838590622,0.07193407416343689,"tensor(0.2834, grad_fn=<MseLossBackward0>)",
4049,8.704463958740234,9.403031349182129,0.10738052427768707,0.22406306862831116,"tensor(0.3761, grad_fn=<MseLossBackward0>)",
4050,3.600982666015625,8.761246681213379,0.037836987525224686,0.09070819616317749,"tensor(0.3476, grad_fn=<MseLossBackward0>)",
4051,3.694249153137207,8.050463676452637,0.08782865852117538,0.04969286918640137,"tensor(0.2295, grad_fn=<MseLossBackward0>)",
4052,6.968029975891113,10.115203857421875,0.018786946311593056,0.24619579315185547,"tensor(0.3069, grad_fn=<MseLossBackward0>)",
4053,6.2878313064575195,9.948606491088867,0.0,0.23476968705654144,"tensor(0.3903, grad_fn=<MseLossBackward0>)",
4054,1.5652685165405273,9.371399879455566,0.0,0.0507553331553936,"tensor(0.2734, grad_fn=<MseLossBackward0>)",
4055,7.62593936920166,9.517050743103027,0.0,0.2926537096500397,"tensor(0.2535, grad_fn=<MseLossBackward0>)",
4056,2.186328887939453,9.877729415893555,0.0,0.07306966185569763,"tensor(0.3075, grad_fn=<MseLossBackward0>)",
4057,13.776962280273438,10.465487480163574,0.0,0.5375542640686035,"tensor(0.3177, grad_fn=<MseLossBackward0>)",
4058,8.536271095275879,9.009641647338867,0.05327117443084717,0.27471867203712463,"tensor(0.2843, grad_fn=<MseLossBackward0>)",
4059,4.0177764892578125,8.136130332946777,0.024475792422890663,0.11802209913730621,"tensor(0.4204, grad_fn=<MseLossBackward0>)",
4060,4.44796895980835,7.969078540802002,0.06791088730096817,0.09501347690820694,"tensor(0.3433, grad_fn=<MseLossBackward0>)",
4061,2.709688186645508,8.860020637512207,0.02155999280512333,0.07308405637741089,"tensor(0.3032, grad_fn=<MseLossBackward0>)",
4062,3.704151153564453,10.211240768432617,0.05315490439534187,0.07780975848436356,"tensor(0.3957, grad_fn=<MseLossBackward0>)",
4063,2.337008476257324,9.357344627380371,0.014486253261566162,0.06564823538064957,"tensor(0.2843, grad_fn=<MseLossBackward0>)",
4064,9.653292655944824,8.366110801696777,0.2436389923095703,0.12465731054544449,"tensor(0.4200, grad_fn=<MseLossBackward0>)",
4065,5.6924285888671875,8.500579833984375,0.12216904014348984,0.09496992826461792,"tensor(0.2310, grad_fn=<MseLossBackward0>)",
4066,3.593167304992676,9.657170295715332,0.02850339747965336,0.10505638271570206,"tensor(0.2325, grad_fn=<MseLossBackward0>)",
4067,7.4682464599609375,8.390225410461426,0.14432133734226227,0.1425120234489441,"tensor(0.2711, grad_fn=<MseLossBackward0>)",
4068,3.4823665618896484,8.547228813171387,0.0727364793419838,0.05422181636095047,"tensor(0.2766, grad_fn=<MseLossBackward0>)",
4069,4.86094856262207,9.364421844482422,0.019515255466103554,0.16258393228054047,"tensor(0.2733, grad_fn=<MseLossBackward0>)",
4070,9.97349739074707,7.9456987380981445,0.0,0.3817058503627777,"tensor(0.3932, grad_fn=<MseLossBackward0>)",
4071,6.3906731605529785,7.959647178649902,0.041191697120666504,0.20182591676712036,"tensor(0.2759, grad_fn=<MseLossBackward0>)",
4072,4.620331764221191,8.173864364624023,0.02506786584854126,0.1476641595363617,"tensor(0.2303, grad_fn=<MseLossBackward0>)",
4073,15.844470977783203,7.541192054748535,0.14322462677955627,0.47724419832229614,"tensor(0.2801, grad_fn=<MseLossBackward0>)",
4074,2.98221492767334,8.717096328735352,0.06454545259475708,0.03825275972485542,"tensor(0.3763, grad_fn=<MseLossBackward0>)",
4075,3.7189435958862305,9.42934513092041,0.012784321792423725,0.12665382027626038,"tensor(0.1947, grad_fn=<MseLossBackward0>)",
4076,3.2940316200256348,7.911264419555664,0.037764132022857666,0.08148457854986191,"tensor(0.2665, grad_fn=<MseLossBackward0>)",
4077,3.9088973999023438,8.273009300231934,0.0,0.1442890614271164,"tensor(0.2413, grad_fn=<MseLossBackward0>)",
4078,5.664934158325195,9.424651145935059,0.09460516273975372,0.12188601493835449,"tensor(0.2281, grad_fn=<MseLossBackward0>)",
4079,2.5479001998901367,9.058568954467773,0.02992667816579342,0.05791010707616806,"tensor(0.3239, grad_fn=<MseLossBackward0>)",
4080,4.899008750915527,10.258781433105469,0.1160254254937172,0.06717260926961899,"tensor(0.2871, grad_fn=<MseLossBackward0>)",
4081,6.097105979919434,8.950116157531738,0.04250313714146614,0.18911057710647583,"tensor(0.2192, grad_fn=<MseLossBackward0>)",
4082,3.2505674362182617,8.599971771240234,0.0,0.11348707973957062,"tensor(0.3735, grad_fn=<MseLossBackward0>)",
4083,2.4190731048583984,8.050061225891113,0.029276013374328613,0.05604439228773117,"tensor(0.2608, grad_fn=<MseLossBackward0>)",
4084,5.9891839027404785,7.816546440124512,0.10092290490865707,0.12716327607631683,"tensor(0.2624, grad_fn=<MseLossBackward0>)",
4085,5.297800064086914,7.9622979164123535,0.020707428455352783,0.17659737169742584,"tensor(0.3340, grad_fn=<MseLossBackward0>)",
4086,2.7854361534118652,7.676384449005127,0.08531811088323593,0.010451914742588997,"tensor(0.3234, grad_fn=<MseLossBackward0>)",
4087,4.135350704193115,7.189342498779297,0.11269183456897736,0.040238332003355026,"tensor(0.2816, grad_fn=<MseLossBackward0>)",
4088,3.0624284744262695,7.328632354736328,0.0643668994307518,0.04435646906495094,"tensor(0.3025, grad_fn=<MseLossBackward0>)",
4089,3.4095678329467773,7.513997554779053,0.04021595045924187,0.08510813117027283,"tensor(0.2261, grad_fn=<MseLossBackward0>)",
4090,3.2551450729370117,6.786619663238525,0.00928574800491333,0.10748511552810669,"tensor(0.2716, grad_fn=<MseLossBackward0>)",
4091,6.432898044586182,6.929323196411133,0.0,0.24773254990577698,"tensor(0.1800, grad_fn=<MseLossBackward0>)",
4092,5.150424480438232,7.010427474975586,0.07546941190958023,0.11674054712057114,"tensor(0.2767, grad_fn=<MseLossBackward0>)",
4093,6.657898426055908,6.599761009216309,0.03621504828333855,0.2226504534482956,"tensor(0.1357, grad_fn=<MseLossBackward0>)",
4094,1.5953030586242676,7.707540035247803,0.0006181597709655762,0.048357754945755005,"tensor(0.3171, grad_fn=<MseLossBackward0>)",
4095,4.1968674659729,7.869186878204346,0.034876544028520584,0.1216094046831131,"tensor(0.2045, grad_fn=<MseLossBackward0>)",
4096,4.103897571563721,7.93555212020874,0.046231430023908615,0.10123591125011444,"tensor(0.3710, grad_fn=<MseLossBackward0>)",
4097,4.184685230255127,8.025836944580078,0.06526283174753189,0.08755774796009064,"tensor(0.2840, grad_fn=<MseLossBackward0>)",
4098,3.473902702331543,7.246425151824951,0.02617182396352291,0.10253500193357468,"tensor(0.2215, grad_fn=<MseLossBackward0>)",
4099,4.793332099914551,9.267102241516113,0.0,0.17789226770401,"tensor(0.3038, grad_fn=<MseLossBackward0>)",
4100,2.593595504760742,8.98691463470459,0.002176523208618164,0.08860748261213303,"tensor(0.2909, grad_fn=<MseLossBackward0>)",
4101,2.162449359893799,7.891345024108887,0.0,0.0762171521782875,"tensor(0.2106, grad_fn=<MseLossBackward0>)",
4102,2.951366424560547,8.053893089294434,0.0,0.10377921164035797,"tensor(0.3179, grad_fn=<MseLossBackward0>)",
4103,5.893945693969727,7.800241470336914,0.07715640217065811,0.15024450421333313,"tensor(0.1855, grad_fn=<MseLossBackward0>)",
4104,4.112096786499023,8.42977523803711,0.059780340641736984,0.09061402082443237,"tensor(0.2979, grad_fn=<MseLossBackward0>)",
4105,8.973381042480469,6.667971611022949,0.17950156331062317,0.1663873940706253,"tensor(0.3096, grad_fn=<MseLossBackward0>)",
4106,6.330502510070801,8.989066123962402,0.104816734790802,0.13740283250808716,"tensor(0.2310, grad_fn=<MseLossBackward0>)",
4107,3.4610395431518555,9.375212669372559,0.0,0.12476492673158646,"tensor(0.3039, grad_fn=<MseLossBackward0>)",
4108,1.5940947532653809,7.071758270263672,0.011849324218928814,0.043296050280332565,"tensor(0.1909, grad_fn=<MseLossBackward0>)",
4109,7.277840614318848,7.615118026733398,0.08629123866558075,0.19117103517055511,"tensor(0.2917, grad_fn=<MseLossBackward0>)",
4110,3.0584750175476074,8.030588150024414,0.044655442237854004,0.06459808349609375,"tensor(0.2944, grad_fn=<MseLossBackward0>)",
4111,2.8935317993164062,7.286081790924072,0.06565316766500473,0.03594411909580231,"tensor(0.3023, grad_fn=<MseLossBackward0>)",
4112,2.3141021728515625,8.07588005065918,0.015605310909450054,0.0679325982928276,"tensor(0.1884, grad_fn=<MseLossBackward0>)",
4113,4.8023223876953125,8.190646171569824,0.09263205528259277,0.0853934958577156,"tensor(0.2930, grad_fn=<MseLossBackward0>)",
4114,3.722978115081787,7.426910877227783,0.07264218479394913,0.06275847554206848,"tensor(0.2870, grad_fn=<MseLossBackward0>)",
4115,4.393098831176758,8.434086799621582,0.008625964634120464,0.15630963444709778,"tensor(0.2310, grad_fn=<MseLossBackward0>)",
4116,4.437979221343994,7.471210956573486,0.13153918087482452,0.035848282277584076,"tensor(0.2278, grad_fn=<MseLossBackward0>)",
4117,6.354215621948242,8.240896224975586,0.04847383499145508,0.1949191391468048,"tensor(0.2153, grad_fn=<MseLossBackward0>)",
4118,2.3444976806640625,8.200573921203613,0.0020170409698039293,0.08293084800243378,"tensor(0.1910, grad_fn=<MseLossBackward0>)",
4119,9.768098831176758,7.327212810516357,0.24530485272407532,0.131963849067688,"tensor(0.3045, grad_fn=<MseLossBackward0>)",
4120,2.0078954696655273,7.814463138580322,0.0046692886389791965,0.06262092292308807,"tensor(0.2995, grad_fn=<MseLossBackward0>)",
4121,3.4465818405151367,7.253791332244873,0.06523124128580093,0.059370338916778564,"tensor(0.2976, grad_fn=<MseLossBackward0>)",
4122,5.227675914764404,7.821605205535889,0.028682906180620193,0.1695193648338318,"tensor(0.2362, grad_fn=<MseLossBackward0>)",
4123,2.764725685119629,8.313037872314453,0.015256385318934917,0.08276935666799545,"tensor(0.2782, grad_fn=<MseLossBackward0>)",
4124,2.3986759185791016,8.275970458984375,0.01896778680384159,0.06366799771785736,"tensor(0.2898, grad_fn=<MseLossBackward0>)",
4125,3.806483745574951,8.001121520996094,0.0368620939552784,0.1020331159234047,"tensor(0.3127, grad_fn=<MseLossBackward0>)",
4126,4.851036071777344,8.978398323059082,0.07248872518539429,0.10712017118930817,"tensor(0.3229, grad_fn=<MseLossBackward0>)",
4127,3.8970556259155273,9.136541366577148,0.08933581411838531,0.05284794792532921,"tensor(0.3273, grad_fn=<MseLossBackward0>)",
4128,3.7178916931152344,8.058873176574707,0.05209275335073471,0.08508490025997162,"tensor(0.2537, grad_fn=<MseLossBackward0>)",
4129,3.788334369659424,7.954518795013428,0.10735633224248886,0.02740567922592163,"tensor(0.3887, grad_fn=<MseLossBackward0>)",
4130,5.412972450256348,9.554272651672363,0.0734078660607338,0.1331029087305069,"tensor(0.2251, grad_fn=<MseLossBackward0>)",
4131,3.6669816970825195,10.298351287841797,0.0,0.12801682949066162,"tensor(0.4148, grad_fn=<MseLossBackward0>)",
4132,2.5978026390075684,7.8857903480529785,0.05520947650074959,0.035020582377910614,"tensor(0.3082, grad_fn=<MseLossBackward0>)",
4133,8.671582221984863,9.253470420837402,0.04776839539408684,0.2770084738731384,"tensor(0.5017, grad_fn=<MseLossBackward0>)",
4134,5.118498802185059,10.948235511779785,0.05666133016347885,0.13490009307861328,"tensor(0.3031, grad_fn=<MseLossBackward0>)",
4135,1.9561491012573242,9.167780876159668,0.020911097526550293,0.04290066659450531,"tensor(0.3343, grad_fn=<MseLossBackward0>)",
4136,2.827491283416748,7.749527931213379,0.0,0.100886270403862,"tensor(0.2515, grad_fn=<MseLossBackward0>)",
4137,4.077892303466797,8.962165832519531,0.0,0.14661076664924622,"tensor(0.3424, grad_fn=<MseLossBackward0>)",
4138,2.265653610229492,9.32502269744873,0.0,0.07432843744754791,"tensor(0.3543, grad_fn=<MseLossBackward0>)",
4139,3.7210826873779297,8.322367668151855,0.0,0.1320699006319046,"tensor(0.3716, grad_fn=<MseLossBackward0>)",
4140,4.861895561218262,8.400131225585938,0.042471665889024734,0.13384084403514862,"tensor(0.4053, grad_fn=<MseLossBackward0>)",
4141,2.6582460403442383,9.815499305725098,0.00046034654951654375,0.09040476381778717,"tensor(0.3472, grad_fn=<MseLossBackward0>)",
4142,11.14157772064209,10.084694862365723,0.06532255560159683,0.3631056547164917,"tensor(0.3540, grad_fn=<MseLossBackward0>)",
4143,2.6077542304992676,7.588219165802002,0.021032830700278282,0.07237814366817474,"tensor(0.2069, grad_fn=<MseLossBackward0>)",
4144,5.517755508422852,8.377786636352539,0.0136438412591815,0.19485706090927124,"tensor(0.2655, grad_fn=<MseLossBackward0>)",
4145,2.895406723022461,9.111907005310059,0.01046895980834961,0.08954130858182907,"tensor(0.3552, grad_fn=<MseLossBackward0>)",
4146,6.248575210571289,8.91225528717041,0.029018163681030273,0.203554168343544,"tensor(0.3309, grad_fn=<MseLossBackward0>)",
4147,5.239628791809082,8.266303062438965,0.05862075090408325,0.13926629722118378,"tensor(0.2397, grad_fn=<MseLossBackward0>)",
4148,3.1371307373046875,8.234643936157227,0.021589696407318115,0.09472741186618805,"tensor(0.1693, grad_fn=<MseLossBackward0>)",
4149,5.78797721862793,7.683823108673096,0.07943761348724365,0.1362779289484024,"tensor(0.3060, grad_fn=<MseLossBackward0>)",
4150,11.88494873046875,8.073416709899902,0.06422442197799683,0.393457293510437,"tensor(0.3913, grad_fn=<MseLossBackward0>)",
4151,5.196813583374023,8.540059089660645,0.1277235597372055,0.0668129101395607,"tensor(0.3053, grad_fn=<MseLossBackward0>)",
4152,3.037003517150879,9.4114351272583,0.04557953402400017,0.06520543992519379,"tensor(0.2258, grad_fn=<MseLossBackward0>)",
4153,1.9421625137329102,9.002093315124512,0.0338311605155468,0.029133116826415062,"tensor(0.3412, grad_fn=<MseLossBackward0>)",
4154,3.6253414154052734,8.902434349060059,0.05442521721124649,0.07803541421890259,"tensor(0.2894, grad_fn=<MseLossBackward0>)",
4155,5.117162704467773,8.415669441223145,0.02751106023788452,0.1614743024110794,"tensor(0.3408, grad_fn=<MseLossBackward0>)",
4156,3.09637451171875,8.872119903564453,0.07927364110946655,0.03201239928603172,"tensor(0.2653, grad_fn=<MseLossBackward0>)",
4157,5.4778242111206055,8.709375381469727,0.03802654892206192,0.1707971692085266,"tensor(0.2190, grad_fn=<MseLossBackward0>)",
4158,5.254539489746094,8.389525413513184,0.03725391626358032,0.15867146849632263,"tensor(0.3212, grad_fn=<MseLossBackward0>)",
4159,14.384203910827637,8.9876708984375,0.017507493495941162,0.5464636087417603,"tensor(0.2432, grad_fn=<MseLossBackward0>)",
4160,7.4036736488342285,7.758874416351318,0.1369125247001648,0.14601199328899384,"tensor(0.2725, grad_fn=<MseLossBackward0>)",
4161,2.916553020477295,7.461407661437988,0.04177697375416756,0.062103115022182465,"tensor(0.2743, grad_fn=<MseLossBackward0>)",
4162,8.624421119689941,8.50230884552002,0.1399753987789154,0.18965508043766022,"tensor(0.3218, grad_fn=<MseLossBackward0>)",
4163,8.385356903076172,7.517177104949951,0.13221140205860138,0.19139958918094635,"tensor(0.2437, grad_fn=<MseLossBackward0>)",
4164,3.6655044555664062,8.420751571655273,0.0,0.13265573978424072,"tensor(0.3043, grad_fn=<MseLossBackward0>)",
4165,3.698455333709717,7.928388595581055,0.03309546038508415,0.10500535368919373,"tensor(0.2108, grad_fn=<MseLossBackward0>)",
4166,6.020398139953613,8.475651741027832,0.06650099903345108,0.15884754061698914,"tensor(0.3178, grad_fn=<MseLossBackward0>)",
4167,5.0908002853393555,8.233607292175293,0.11688754707574844,0.07653642445802689,"tensor(0.2080, grad_fn=<MseLossBackward0>)",
4168,7.933513164520264,7.357848644256592,0.22023184597492218,0.08487888425588608,"tensor(0.2810, grad_fn=<MseLossBackward0>)",
4169,3.8094959259033203,8.410346031188965,0.06143674999475479,0.07547230273485184,"tensor(0.3428, grad_fn=<MseLossBackward0>)",
4170,1.6653680801391602,8.649312973022461,0.029792189598083496,0.026258721947669983,"tensor(0.2285, grad_fn=<MseLossBackward0>)",
4171,2.821277618408203,8.293771743774414,0.031060179695487022,0.06715746968984604,"tensor(0.3183, grad_fn=<MseLossBackward0>)",
4172,4.351578712463379,8.84335994720459,0.10331257432699203,0.05392806977033615,"tensor(0.4036, grad_fn=<MseLossBackward0>)",
4173,5.479492664337158,7.649835586547852,0.08577197790145874,0.1204194724559784,"tensor(0.2950, grad_fn=<MseLossBackward0>)",
4174,1.618321418762207,8.757655143737793,0.01541978120803833,0.03363608568906784,"tensor(0.3271, grad_fn=<MseLossBackward0>)",
4175,7.621578216552734,9.436053276062012,0.07594021409749985,0.21787896752357483,"tensor(0.2538, grad_fn=<MseLossBackward0>)",
4176,2.9130163192749023,8.316154479980469,0.0,0.10560587048530579,"tensor(0.2373, grad_fn=<MseLossBackward0>)",
4177,6.787588119506836,7.904537677764893,0.0,0.25721901655197144,"tensor(0.3059, grad_fn=<MseLossBackward0>)",
4178,8.681588172912598,9.921871185302734,0.04956120252609253,0.28324949741363525,"tensor(0.2960, grad_fn=<MseLossBackward0>)",
4179,2.1423707008361816,6.937579154968262,0.008248190395534039,0.06644038110971451,"tensor(0.2254, grad_fn=<MseLossBackward0>)",
4180,3.5646934509277344,7.311351299285889,0.047126591205596924,0.08265341818332672,"tensor(0.2556, grad_fn=<MseLossBackward0>)",
4181,1.848794937133789,8.057818412780762,0.01973062753677368,0.04327991604804993,"tensor(0.2397, grad_fn=<MseLossBackward0>)",
4182,6.682352066040039,8.215033531188965,0.0,0.25468963384628296,"tensor(0.2618, grad_fn=<MseLossBackward0>)",
4183,5.161569595336914,7.796427249908447,0.01188786793500185,0.1793433576822281,"tensor(0.3586, grad_fn=<MseLossBackward0>)",
4184,5.348272323608398,8.792448997497559,0.02403136156499386,0.17439259588718414,"tensor(0.3197, grad_fn=<MseLossBackward0>)",
4185,2.6118550300598145,7.013113498687744,0.06863903999328613,0.019536996260285378,"tensor(0.3758, grad_fn=<MseLossBackward0>)",
4186,3.7020821571350098,7.795336723327637,0.01358457375317812,0.12361496686935425,"tensor(0.2352, grad_fn=<MseLossBackward0>)",
4187,2.310192108154297,8.879560470581055,0.045398157089948654,0.037640705704689026,"tensor(0.2015, grad_fn=<MseLossBackward0>)",
4188,7.538134574890137,8.244237899780273,0.17721033096313477,0.11094436794519424,"tensor(0.3063, grad_fn=<MseLossBackward0>)",
4189,2.1029739379882812,9.03288745880127,0.024258553981781006,0.05057859420776367,"tensor(0.2036, grad_fn=<MseLossBackward0>)",
4190,4.827378273010254,8.880914688110352,0.03500843048095703,0.14717109501361847,"tensor(0.2123, grad_fn=<MseLossBackward0>)",
4191,13.67679500579834,9.063407897949219,0.19847829639911652,0.332435667514801,"tensor(0.3673, grad_fn=<MseLossBackward0>)",
4192,2.5961761474609375,9.123726844787598,0.0,0.09411431849002838,"tensor(0.2156, grad_fn=<MseLossBackward0>)",
4193,3.9265480041503906,8.63656997680664,0.06692542135715485,0.07299066334962845,"tensor(0.3743, grad_fn=<MseLossBackward0>)",
4194,7.373936653137207,6.959481239318848,0.08254995197057724,0.19937583804130554,"tensor(0.2952, grad_fn=<MseLossBackward0>)",
4195,4.590231895446777,8.135814666748047,0.0,0.17077526450157166,"tensor(0.2765, grad_fn=<MseLossBackward0>)",
4196,3.375363349914551,7.295902729034424,0.04286559671163559,0.0787498876452446,"tensor(0.2883, grad_fn=<MseLossBackward0>)",
4197,3.1706290245056152,7.677059650421143,0.0,0.11306210607290268,"tensor(0.3033, grad_fn=<MseLossBackward0>)",
4198,3.1949644088745117,7.517760753631592,0.03289864584803581,0.08173461258411407,"tensor(0.2985, grad_fn=<MseLossBackward0>)",
4199,3.842221736907959,7.213518142700195,0.00877650547772646,0.13352429866790771,"tensor(0.2353, grad_fn=<MseLossBackward0>)",
4200,4.151718616485596,7.407809734344482,0.0,0.15573719143867493,"tensor(0.1767, grad_fn=<MseLossBackward0>)",
4201,5.85083532333374,7.606882095336914,0.0,0.22334112226963043,"tensor(0.2115, grad_fn=<MseLossBackward0>)",
4202,4.370062351226807,7.694210529327393,0.020181715488433838,0.1447729766368866,"tensor(0.2059, grad_fn=<MseLossBackward0>)",
4203,6.185632705688477,8.266308784484863,0.01510697603225708,0.22258104383945465,"tensor(0.2103, grad_fn=<MseLossBackward0>)",
4204,2.489565372467041,7.85319709777832,0.044045232236385345,0.042546093463897705,"tensor(0.2909, grad_fn=<MseLossBackward0>)",
4205,3.024021625518799,7.804296016693115,0.06059471517801285,0.047303978353738785,"tensor(0.3040, grad_fn=<MseLossBackward0>)",
4206,1.1465020179748535,7.559041976928711,0.0,0.03443273529410362,"tensor(0.2416, grad_fn=<MseLossBackward0>)",
4207,3.1470770835876465,7.611336708068848,0.069536492228508,0.04495328664779663,"tensor(0.2582, grad_fn=<MseLossBackward0>)",
4208,3.3513870239257812,6.807103157043457,0.06973908841609955,0.05305846780538559,"tensor(0.2464, grad_fn=<MseLossBackward0>)",
4209,3.8463430404663086,8.088829040527344,0.004830499645322561,0.13922864198684692,"tensor(0.2024, grad_fn=<MseLossBackward0>)",
4210,3.2229013442993164,7.174075126647949,0.04518945887684822,0.06962621212005615,"tensor(0.3273, grad_fn=<MseLossBackward0>)",
4211,6.130624294281006,7.992671966552734,0.011088073253631592,0.22354848682880402,"tensor(0.2276, grad_fn=<MseLossBackward0>)",
4212,1.017857551574707,7.928543567657471,0.0,0.028467630967497826,"tensor(0.2608, grad_fn=<MseLossBackward0>)",
4213,4.871821403503418,7.350202560424805,0.09193223714828491,0.08839528262615204,"tensor(0.3349, grad_fn=<MseLossBackward0>)",
4214,2.8496756553649902,7.141028881072998,0.07316875457763672,0.03197009861469269,"tensor(0.1887, grad_fn=<MseLossBackward0>)",
4215,2.598252296447754,6.788221836090088,0.021520575508475304,0.07098378986120224,"tensor(0.2419, grad_fn=<MseLossBackward0>)",
4216,3.3225131034851074,8.024971008300781,0.004471580032259226,0.11712051928043365,"tensor(0.2496, grad_fn=<MseLossBackward0>)",
4217,4.951011657714844,6.498860836029053,0.08795342594385147,0.10044407099485397,"tensor(0.1921, grad_fn=<MseLossBackward0>)",
4218,7.733137130737305,8.665142059326172,0.0495779924094677,0.24824580550193787,"tensor(0.2518, grad_fn=<MseLossBackward0>)",
4219,5.975458145141602,6.615610599517822,0.11620926856994629,0.11197131872177124,"tensor(0.2479, grad_fn=<MseLossBackward0>)",
4220,5.737942695617676,7.525163173675537,0.08730671554803848,0.12703098356723785,"tensor(0.3457, grad_fn=<MseLossBackward0>)",
4221,5.65229606628418,7.744877815246582,0.0884939581155777,0.12089969217777252,"tensor(0.3830, grad_fn=<MseLossBackward0>)",
4222,3.361793041229248,7.633906364440918,0.018278121948242188,0.1040354073047638,"tensor(0.2593, grad_fn=<MseLossBackward0>)",
4223,5.30289888381958,6.894319534301758,0.0237909946590662,0.17673058807849884,"tensor(0.2257, grad_fn=<MseLossBackward0>)",
4224,3.839231491088867,6.504142761230469,0.09262784570455551,0.04913616552948952,"tensor(0.2474, grad_fn=<MseLossBackward0>)",
4225,4.645575046539307,6.776330947875977,0.0,0.17381194233894348,"tensor(0.2588, grad_fn=<MseLossBackward0>)",
4226,4.8038201332092285,7.232624053955078,0.001245220541022718,0.17555366456508636,"tensor(0.3294, grad_fn=<MseLossBackward0>)",
4227,3.0690560340881348,6.320230960845947,0.029885808005928993,0.08262985944747925,"tensor(0.2042, grad_fn=<MseLossBackward0>)",
4228,7.426084041595459,7.411996841430664,0.008238136768341064,0.2793937027454376,"tensor(0.1929, grad_fn=<MseLossBackward0>)",
4229,5.06245231628418,8.174236297607422,0.026419738307595253,0.16539527475833893,"tensor(0.2310, grad_fn=<MseLossBackward0>)",
4230,3.280900001525879,8.694330215454102,0.0438559465110302,0.0751027837395668,"tensor(0.2504, grad_fn=<MseLossBackward0>)",
4231,5.565102577209473,8.547120094299316,0.03364984318614006,0.17720095813274384,"tensor(0.2701, grad_fn=<MseLossBackward0>)",
4232,7.257143497467041,7.612982749938965,0.14637309312820435,0.13254857063293457,"tensor(0.2511, grad_fn=<MseLossBackward0>)",
4233,3.0807604789733887,7.808438777923584,0.010559638030827045,0.1009313315153122,"tensor(0.2656, grad_fn=<MseLossBackward0>)",
4234,2.9115686416625977,9.205130577087402,0.0,0.10477776825428009,"tensor(0.2727, grad_fn=<MseLossBackward0>)",
4235,7.635739326477051,8.862306594848633,0.10471334308385849,0.18652652204036713,"tensor(0.3096, grad_fn=<MseLossBackward0>)",
4236,2.0662436485290527,7.279313564300537,0.02579156495630741,0.044598288834095,"tensor(0.2760, grad_fn=<MseLossBackward0>)",
4237,4.060539245605469,8.663244247436523,0.09753737598657608,0.05397815257310867,"tensor(0.2433, grad_fn=<MseLossBackward0>)",
4238,4.602425575256348,8.975130081176758,0.0498189739882946,0.12146824598312378,"tensor(0.3008, grad_fn=<MseLossBackward0>)",
4239,5.823896408081055,8.940834999084473,0.1525137573480606,0.06320033222436905,"tensor(0.4081, grad_fn=<MseLossBackward0>)",
4240,4.00600528717041,9.19359302520752,0.042629338800907135,0.10583508014678955,"tensor(0.2690, grad_fn=<MseLossBackward0>)",
4241,1.8092422485351562,10.107110023498535,0.01185027789324522,0.047314878553152084,"tensor(0.2903, grad_fn=<MseLossBackward0>)",
4242,4.564458847045898,8.903227806091309,0.038280367851257324,0.12911498546600342,"tensor(0.3557, grad_fn=<MseLossBackward0>)",
4243,1.668339729309082,11.609467506408691,0.01371675729751587,0.0384044274687767,"tensor(0.3380, grad_fn=<MseLossBackward0>)",
4244,3.738506317138672,10.331345558166504,0.0,0.1314738690853119,"tensor(0.4166, grad_fn=<MseLossBackward0>)",
4245,3.557583808898926,11.730616569519043,0.02753635309636593,0.09507718682289124,"tensor(0.4655, grad_fn=<MseLossBackward0>)",
4246,6.431056022644043,11.813309669494629,0.013657947070896626,0.23025114834308624,"tensor(0.2914, grad_fn=<MseLossBackward0>)",
4247,3.2749080657958984,10.355754852294922,0.008979062549769878,0.10209867358207703,"tensor(0.4649, grad_fn=<MseLossBackward0>)",
4248,5.483279228210449,11.685033798217773,0.0,0.20707909762859344,"tensor(0.2734, grad_fn=<MseLossBackward0>)",
4249,11.993577003479004,12.544716835021973,0.0,0.4632353186607361,"tensor(0.3517, grad_fn=<MseLossBackward0>)",
4250,4.590384483337402,11.557469367980957,0.0,0.1690463423728943,"tensor(0.3130, grad_fn=<MseLossBackward0>)",
4251,8.351787567138672,10.352557182312012,0.0,0.3228919208049774,"tensor(0.2301, grad_fn=<MseLossBackward0>)",
4252,2.631103515625,10.802475929260254,0.019777217879891396,0.0710141584277153,"tensor(0.3160, grad_fn=<MseLossBackward0>)",
4253,6.235359191894531,12.15919017791748,0.026039063930511475,0.20937472581863403,"tensor(0.2688, grad_fn=<MseLossBackward0>)",
4254,1.9468822479248047,11.36909008026123,0.0,0.06347724050283432,"tensor(0.3205, grad_fn=<MseLossBackward0>)",
4255,6.251160621643066,12.797094345092773,0.018374919891357422,0.2184237837791443,"tensor(0.2867, grad_fn=<MseLossBackward0>)",
4256,2.6636714935302734,13.26533317565918,0.0,0.0882100909948349,"tensor(0.4044, grad_fn=<MseLossBackward0>)",
4257,5.206551551818848,12.720532417297363,0.06084497645497322,0.12979242205619812,"tensor(0.4095, grad_fn=<MseLossBackward0>)",
4258,2.013601303100586,9.489442825317383,0.0,0.06763886660337448,"tensor(0.2934, grad_fn=<MseLossBackward0>)",
4259,7.122694969177246,11.278474807739258,0.028859157115221024,0.24101383984088898,"tensor(0.3549, grad_fn=<MseLossBackward0>)",
4260,5.270125389099121,10.014033317565918,0.09968950599431992,0.09793256223201752,"tensor(0.2784, grad_fn=<MseLossBackward0>)",
4261,5.059598922729492,8.644085884094238,0.05099371820688248,0.13845500349998474,"tensor(0.2787, grad_fn=<MseLossBackward0>)",
4262,2.4265079498291016,9.195267677307129,0.04219434782862663,0.04249536991119385,"tensor(0.2744, grad_fn=<MseLossBackward0>)",
4263,2.08840274810791,8.973511695861816,0.03326008841395378,0.0339537151157856,"tensor(0.3651, grad_fn=<MseLossBackward0>)",
4264,6.8719868659973145,7.952883720397949,0.22549588978290558,0.037532247602939606,"tensor(0.2682, grad_fn=<MseLossBackward0>)",
4265,3.6167821884155273,7.735394477844238,0.022976040840148926,0.1090201660990715,"tensor(0.2680, grad_fn=<MseLossBackward0>)",
4266,2.9483280181884766,8.059828758239746,0.04055158421397209,0.059236761182546616,"tensor(0.4128, grad_fn=<MseLossBackward0>)",
4267,5.460464954376221,7.077966213226318,0.1021440252661705,0.10488301515579224,"tensor(0.2516, grad_fn=<MseLossBackward0>)",
4268,6.592226982116699,9.461858749389648,0.0933830589056015,0.15693919360637665,"tensor(0.2877, grad_fn=<MseLossBackward0>)",
4269,10.006444931030273,9.362422943115234,0.16151104867458344,0.22365844249725342,"tensor(0.3214, grad_fn=<MseLossBackward0>)",
4270,1.873976230621338,7.91975212097168,0.01444786787033081,0.047933340072631836,"tensor(0.2717, grad_fn=<MseLossBackward0>)",
4271,4.10416316986084,9.548001289367676,0.02193792723119259,0.13019289076328278,"tensor(0.2683, grad_fn=<MseLossBackward0>)",
4272,2.496821403503418,9.434557914733887,0.017800331115722656,0.06974071264266968,"tensor(0.2552, grad_fn=<MseLossBackward0>)",
4273,4.149184226989746,8.078202247619629,0.12330708652734756,0.031664930284023285,"tensor(0.2201, grad_fn=<MseLossBackward0>)",
4274,4.71958065032959,8.253422737121582,0.022648394107818604,0.14826694130897522,"tensor(0.4157, grad_fn=<MseLossBackward0>)",
4275,0.9055976867675781,10.501749038696289,0.013952274806797504,0.010476418770849705,"tensor(0.2535, grad_fn=<MseLossBackward0>)",
4276,3.505518913269043,10.242740631103516,0.005076110363006592,0.12090611457824707,"tensor(0.3195, grad_fn=<MseLossBackward0>)",
4277,5.704790115356445,9.822545051574707,0.07613370567560196,0.14008651673793793,"tensor(0.2498, grad_fn=<MseLossBackward0>)",
4278,3.742936134338379,9.334393501281738,0.03197954222559929,0.1077842190861702,"tensor(0.2041, grad_fn=<MseLossBackward0>)",
4279,6.529000282287598,11.0830659866333,0.11264429241418839,0.13209190964698792,"tensor(0.3598, grad_fn=<MseLossBackward0>)",
4280,7.425774574279785,9.637622833251953,0.017948705703020096,0.26809215545654297,"tensor(0.2411, grad_fn=<MseLossBackward0>)",
4281,8.550679206848145,9.367321014404297,0.052997708320617676,0.2767769694328308,"tensor(0.2778, grad_fn=<MseLossBackward0>)",
4282,6.255247116088867,9.410957336425781,0.029765447601675987,0.20800289511680603,"tensor(0.2680, grad_fn=<MseLossBackward0>)",
4283,4.55417537689209,10.153550148010254,0.032124340534210205,0.13255544006824493,"tensor(0.4113, grad_fn=<MseLossBackward0>)",
4284,2.4214611053466797,10.651785850524902,0.040875393897295,0.048289019614458084,"tensor(0.1690, grad_fn=<MseLossBackward0>)",
4285,2.774785041809082,9.99062442779541,0.0647798553109169,0.03374319523572922,"tensor(0.2925, grad_fn=<MseLossBackward0>)",
4286,2.2836294174194336,9.479970932006836,0.03628134727478027,0.04547921568155289,"tensor(0.2072, grad_fn=<MseLossBackward0>)",
4287,2.178354263305664,10.959205627441406,0.006429195404052734,0.06593088805675507,"tensor(0.3395, grad_fn=<MseLossBackward0>)",
4288,5.70135498046875,10.998126029968262,0.017873505130410194,0.1941944807767868,"tensor(0.3592, grad_fn=<MseLossBackward0>)",
4289,2.2440176010131836,9.434494018554688,0.021584749221801758,0.05253448709845543,"tensor(0.3635, grad_fn=<MseLossBackward0>)",
4290,3.233875274658203,9.345264434814453,0.07034989446401596,0.04753384366631508,"tensor(0.2377, grad_fn=<MseLossBackward0>)",
4291,4.2982072830200195,10.336932182312012,0.03093785047531128,0.1256265789270401,"tensor(0.3215, grad_fn=<MseLossBackward0>)",
4292,5.834540367126465,9.757242202758789,0.0,0.21804754436016083,"tensor(0.3216, grad_fn=<MseLossBackward0>)",
4293,7.990509986877441,9.867130279541016,0.004142403602600098,0.2998792827129364,"tensor(0.3251, grad_fn=<MseLossBackward0>)",
4294,5.525383949279785,9.597391128540039,0.0873979702591896,0.11895942687988281,"tensor(0.3186, grad_fn=<MseLossBackward0>)",
4295,4.333632469177246,9.347942352294922,0.021829763427376747,0.1361466348171234,"tensor(0.3155, grad_fn=<MseLossBackward0>)",
4296,9.858864784240723,8.549877166748047,0.07053706794977188,0.30369964241981506,"tensor(0.4564, grad_fn=<MseLossBackward0>)",
4297,6.11109733581543,8.902731895446777,0.026300767436623573,0.2029254138469696,"tensor(0.3098, grad_fn=<MseLossBackward0>)",
4298,2.7084598541259766,8.820615768432617,0.0,0.09444157779216766,"tensor(0.2989, grad_fn=<MseLossBackward0>)",
4299,4.283327102661133,9.013717651367188,0.0,0.1607184112071991,"tensor(0.2262, grad_fn=<MseLossBackward0>)",
4300,4.43965482711792,7.716744422912598,0.0471804141998291,0.11318837106227875,"tensor(0.4077, grad_fn=<MseLossBackward0>)",
4301,1.4748010635375977,9.23581600189209,0.007865270599722862,0.03811737149953842,"tensor(0.2987, grad_fn=<MseLossBackward0>)",
4302,6.8068647384643555,9.628934860229492,0.10713827610015869,0.15075860917568207,"tensor(0.3331, grad_fn=<MseLossBackward0>)",
4303,1.7384295463562012,8.026142120361328,0.03229987621307373,0.02915116213262081,"tensor(0.1727, grad_fn=<MseLossBackward0>)",
4304,7.07377815246582,9.918721199035645,0.07754236459732056,0.19662606716156006,"tensor(0.1976, grad_fn=<MseLossBackward0>)",
4305,4.328542709350586,9.083352088928223,0.05992847681045532,0.09733516722917557,"tensor(0.3781, grad_fn=<MseLossBackward0>)",
4306,4.236553192138672,8.40407943725586,0.10539364814758301,0.051161669194698334,"tensor(0.2891, grad_fn=<MseLossBackward0>)",
4307,4.212029457092285,9.19402027130127,0.061534982174634933,0.09594805538654327,"tensor(0.2539, grad_fn=<MseLossBackward0>)",
4308,5.117273330688477,9.504164695739746,0.13012157380580902,0.06404457986354828,"tensor(0.2126, grad_fn=<MseLossBackward0>)",
4309,8.977837562561035,8.65185260772705,0.21718287467956543,0.12760677933692932,"tensor(0.3258, grad_fn=<MseLossBackward0>)",
4310,5.5007219314575195,9.663923263549805,0.04879486560821533,0.15812215209007263,"tensor(0.3062, grad_fn=<MseLossBackward0>)",
4311,3.7811946868896484,7.364522933959961,0.055688660591840744,0.0862811729311943,"tensor(0.1937, grad_fn=<MseLossBackward0>)",
4312,3.4819583892822266,8.527956008911133,0.0603196807205677,0.06075260043144226,"tensor(0.4052, grad_fn=<MseLossBackward0>)",
4313,6.412749290466309,9.052693367004395,0.0751592144370079,0.16945242881774902,"tensor(0.2598, grad_fn=<MseLossBackward0>)",
4314,5.802274703979492,8.9529447555542,0.006940861698240042,0.2095719426870346,"tensor(0.3452, grad_fn=<MseLossBackward0>)",
4315,5.6759138107299805,9.930789947509766,0.07459523528814316,0.13601991534233093,"tensor(0.3722, grad_fn=<MseLossBackward0>)",
4316,3.233475685119629,9.58434009552002,0.021906057372689247,0.09436345100402832,"tensor(0.2738, grad_fn=<MseLossBackward0>)",
4317,4.299083709716797,8.940431594848633,0.0,0.15881481766700745,"tensor(0.2887, grad_fn=<MseLossBackward0>)",
4318,4.423365592956543,8.889558792114258,0.07998398691415787,0.08008779585361481,"tensor(0.3756, grad_fn=<MseLossBackward0>)",
4319,10.17862606048584,9.93581771850586,0.17681263387203217,0.21154873073101044,"tensor(0.4126, grad_fn=<MseLossBackward0>)",
4320,3.9481968879699707,8.005400657653809,0.08650495857000351,0.05913843214511871,"tensor(0.2452, grad_fn=<MseLossBackward0>)",
4321,3.9074840545654297,8.520461082458496,0.0,0.1468498855829239,"tensor(0.1772, grad_fn=<MseLossBackward0>)",
4322,5.323266983032227,7.5601487159729,0.014485578052699566,0.18092387914657593,"tensor(0.3863, grad_fn=<MseLossBackward0>)",
4323,13.160902976989746,9.248167991638184,0.0017311772098764777,0.5134844779968262,"tensor(0.2499, grad_fn=<MseLossBackward0>)",
4324,5.291790008544922,10.307111740112305,0.009182889945805073,0.18858003616333008,"tensor(0.3104, grad_fn=<MseLossBackward0>)",
4325,2.9608726501464844,8.76445198059082,0.06378927081823349,0.04094170406460762,"tensor(0.3033, grad_fn=<MseLossBackward0>)",
4326,4.328433036804199,9.752558708190918,0.0,0.15875592827796936,"tensor(0.3144, grad_fn=<MseLossBackward0>)",
4327,8.614336967468262,11.925477981567383,0.09318842738866806,0.2384958118200302,"tensor(0.2921, grad_fn=<MseLossBackward0>)",
4328,3.7721176147460938,9.300141334533691,0.029450953006744385,0.10920462012290955,"tensor(0.2857, grad_fn=<MseLossBackward0>)",
4329,6.637804985046387,9.093314170837402,0.10191913694143295,0.1539071947336197,"tensor(0.2151, grad_fn=<MseLossBackward0>)",
4330,4.324891090393066,9.009592056274414,0.09541571140289307,0.06423316895961761,"tensor(0.2875, grad_fn=<MseLossBackward0>)",
4331,2.235182285308838,8.000052452087402,0.03491900488734245,0.04556998237967491,"tensor(0.1942, grad_fn=<MseLossBackward0>)",
4332,2.8180551528930664,9.634048461914062,0.08280918747186661,0.01469908282160759,"tensor(0.3379, grad_fn=<MseLossBackward0>)",
4333,3.18410587310791,9.113595962524414,0.015229145996272564,0.09590382128953934,"tensor(0.3800, grad_fn=<MseLossBackward0>)",
4334,4.944253921508789,8.128495216369629,0.10029150545597076,0.08818752318620682,"tensor(0.2095, grad_fn=<MseLossBackward0>)",
4335,2.7913646697998047,8.441779136657715,0.06544563919305801,0.03622463718056679,"tensor(0.2251, grad_fn=<MseLossBackward0>)",
4336,5.555132865905762,8.229386329650879,0.040702980011701584,0.16996103525161743,"tensor(0.2435, grad_fn=<MseLossBackward0>)",
4337,3.4028568267822266,9.310999870300293,0.0007720192079432309,0.12494435906410217,"tensor(0.2131, grad_fn=<MseLossBackward0>)",
4338,3.424234390258789,10.012409210205078,0.05652926489710808,0.06721428036689758,"tensor(0.2940, grad_fn=<MseLossBackward0>)",
4339,3.608099937438965,10.315608024597168,0.0,0.13028325140476227,"tensor(0.3145, grad_fn=<MseLossBackward0>)",
4340,1.4061365127563477,10.14011287689209,0.0,0.04282630607485771,"tensor(0.2936, grad_fn=<MseLossBackward0>)",
4341,4.129171371459961,8.611183166503906,0.10880088806152344,0.04367785155773163,"tensor(0.2819, grad_fn=<MseLossBackward0>)",
4342,5.485581874847412,7.840411186218262,0.129083514213562,0.07791765034198761,"tensor(0.2806, grad_fn=<MseLossBackward0>)",
4343,4.54572868347168,10.532670974731445,0.0811777338385582,0.08689995110034943,"tensor(0.3287, grad_fn=<MseLossBackward0>)",
4344,2.444131851196289,10.748871803283691,0.01587621308863163,0.07037374377250671,"tensor(0.2357, grad_fn=<MseLossBackward0>)",
4345,7.081523895263672,9.001246452331543,0.14013801515102386,0.129525288939476,"tensor(0.3170, grad_fn=<MseLossBackward0>)",
4346,5.716012001037598,8.924240112304688,0.06206746771931648,0.15130162239074707,"tensor(0.3548, grad_fn=<MseLossBackward0>)",
4347,7.951325416564941,8.889286994934082,0.04013794660568237,0.26606646180152893,"tensor(0.2695, grad_fn=<MseLossBackward0>)",
4348,3.16666316986084,9.7669095993042,0.05452217534184456,0.06108546257019043,"tensor(0.2520, grad_fn=<MseLossBackward0>)",
4349,7.347194671630859,9.531289100646973,0.04994501918554306,0.22935011982917786,"tensor(0.3181, grad_fn=<MseLossBackward0>)",
4350,5.507695198059082,8.576772689819336,0.05863557383418083,0.14714932441711426,"tensor(0.3302, grad_fn=<MseLossBackward0>)",
4351,11.8477201461792,10.343825340270996,0.10495183616876602,0.35755085945129395,"tensor(0.2507, grad_fn=<MseLossBackward0>)",
4352,3.9475631713867188,9.686281204223633,0.0,0.14378881454467773,"tensor(0.3175, grad_fn=<MseLossBackward0>)",
4353,3.125143051147461,9.183187484741211,0.02916860580444336,0.08588983118534088,"tensor(0.2142, grad_fn=<MseLossBackward0>)",
4354,4.5047149658203125,8.351871490478516,0.0,0.1697804033756256,"tensor(0.2064, grad_fn=<MseLossBackward0>)",
4355,3.114330291748047,9.241472244262695,0.018947700038552284,0.09272634983062744,"tensor(0.2865, grad_fn=<MseLossBackward0>)",
4356,4.750457763671875,9.290129661560059,0.06039339303970337,0.11535070836544037,"tensor(0.3108, grad_fn=<MseLossBackward0>)",
4357,5.4956955909729,7.913082599639893,0.10809101164340973,0.09929744899272919,"tensor(0.2708, grad_fn=<MseLossBackward0>)",
4358,5.7996416091918945,8.61229133605957,0.10775607824325562,0.11419522017240524,"tensor(0.2101, grad_fn=<MseLossBackward0>)",
4359,3.2071986198425293,8.013333320617676,0.05545753240585327,0.05674920231103897,"tensor(0.3447, grad_fn=<MseLossBackward0>)",
4360,2.6266531944274902,7.929721832275391,0.027725597843527794,0.06596976518630981,"tensor(0.2318, grad_fn=<MseLossBackward0>)",
4361,4.803891181945801,8.487839698791504,0.011499026790261269,0.16769523918628693,"tensor(0.2657, grad_fn=<MseLossBackward0>)",
4362,3.0496826171875,7.9675116539001465,0.01544487476348877,0.0914459303021431,"tensor(0.3514, grad_fn=<MseLossBackward0>)",
4363,1.196284294128418,8.868864059448242,0.010175228118896484,0.021781744435429573,"tensor(0.3358, grad_fn=<MseLossBackward0>)",
4364,2.610262870788574,9.745462417602539,0.04050545021891594,0.04908820241689682,"tensor(0.3183, grad_fn=<MseLossBackward0>)",
4365,4.872907638549805,10.002506256103516,0.036988575011491776,0.14102141559123993,"tensor(0.3627, grad_fn=<MseLossBackward0>)",
4366,5.667926788330078,8.733267784118652,0.07005512714385986,0.14130175113677979,"tensor(0.3111, grad_fn=<MseLossBackward0>)",
4367,1.6869678497314453,10.01408576965332,0.0,0.05007018893957138,"tensor(0.3677, grad_fn=<MseLossBackward0>)",
4368,3.8357229232788086,8.556336402893066,0.046677928417921066,0.09391315281391144,"tensor(0.2741, grad_fn=<MseLossBackward0>)",
4369,3.991024971008301,8.946152687072754,0.009480496868491173,0.1383999139070511,"tensor(0.2360, grad_fn=<MseLossBackward0>)",
4370,1.634566307067871,8.461788177490234,0.019397160038352013,0.027090666815638542,"tensor(0.4349, grad_fn=<MseLossBackward0>)",
4371,2.9059858322143555,8.25666618347168,0.0,0.10638289898633957,"tensor(0.1782, grad_fn=<MseLossBackward0>)",
4372,3.968569278717041,8.042533874511719,0.022386670112609863,0.11938095837831497,"tensor(0.3664, grad_fn=<MseLossBackward0>)",
4373,2.1509218215942383,8.662827491760254,0.04513835906982422,0.02725982666015625,"tensor(0.2674, grad_fn=<MseLossBackward0>)",
4374,2.585494041442871,9.722847938537598,0.0,0.09008673578500748,"tensor(0.2783, grad_fn=<MseLossBackward0>)",
4375,3.834287643432617,9.214838027954102,0.0,0.13899670541286469,"tensor(0.3263, grad_fn=<MseLossBackward0>)",
4376,3.689511299133301,9.321433067321777,0.0905502438545227,0.03914681077003479,"tensor(0.4011, grad_fn=<MseLossBackward0>)",
4377,3.4609804153442383,9.11779499053955,0.011827370151877403,0.11585326492786407,"tensor(0.2443, grad_fn=<MseLossBackward0>)",
4378,5.521885871887207,9.30412769317627,0.08461584895849228,0.12081938236951828,"tensor(0.3065, grad_fn=<MseLossBackward0>)",
4379,4.2159624099731445,8.51393985748291,0.07430589199066162,0.08378157764673233,"tensor(0.2316, grad_fn=<MseLossBackward0>)",
4380,5.549576282501221,7.930092811584473,0.021895745769143105,0.1876729279756546,"tensor(0.2665, grad_fn=<MseLossBackward0>)",
4381,4.533444404602051,8.59697151184082,0.11368614435195923,0.05490879714488983,"tensor(0.2978, grad_fn=<MseLossBackward0>)",
4382,2.4033327102661133,9.775282859802246,0.023233234882354736,0.05784716084599495,"tensor(0.3562, grad_fn=<MseLossBackward0>)",
4383,3.749265670776367,9.553699493408203,0.010678808204829693,0.12385528534650803,"tensor(0.3469, grad_fn=<MseLossBackward0>)",
4384,2.304476737976074,8.717970848083496,0.031519968062639236,0.0484011285007,"tensor(0.2824, grad_fn=<MseLossBackward0>)",
4385,6.651946067810059,10.055377960205078,0.08547556400299072,0.16654670238494873,"tensor(0.3141, grad_fn=<MseLossBackward0>)",
4386,6.2566680908203125,9.730854034423828,0.05273625999689102,0.18577852845191956,"tensor(0.2488, grad_fn=<MseLossBackward0>)",
4387,6.4689130783081055,9.515643119812012,0.01643270254135132,0.2280619740486145,"tensor(0.3307, grad_fn=<MseLossBackward0>)",
4388,3.476557731628418,9.624937057495117,0.05403614044189453,0.06706969439983368,"tensor(0.4013, grad_fn=<MseLossBackward0>)",
4389,4.843316078186035,8.25428581237793,0.05808776617050171,0.12243016064167023,"tensor(0.2763, grad_fn=<MseLossBackward0>)",
4390,4.87383508682251,7.955687999725342,0.07964535057544708,0.10459413379430771,"tensor(0.2464, grad_fn=<MseLossBackward0>)",
4391,4.965588569641113,9.418557167053223,0.037273604422807693,0.14370644092559814,"tensor(0.3960, grad_fn=<MseLossBackward0>)",
4392,3.487895965576172,9.431024551391602,0.0,0.12558361887931824,"tensor(0.3098, grad_fn=<MseLossBackward0>)",
4393,1.1993651390075684,7.384897708892822,0.0,0.036736078560352325,"tensor(0.2478, grad_fn=<MseLossBackward0>)",
4394,2.276630401611328,7.920913219451904,0.0,0.0767623707652092,"tensor(0.3322, grad_fn=<MseLossBackward0>)",
4395,2.5498428344726562,8.277522087097168,0.0,0.08963659405708313,"tensor(0.2818, grad_fn=<MseLossBackward0>)",
4396,4.291531562805176,8.327107429504395,0.0,0.1580909788608551,"tensor(0.3068, grad_fn=<MseLossBackward0>)",
4397,3.7666664123535156,8.802760124206543,0.0,0.1414097398519516,"tensor(0.2022, grad_fn=<MseLossBackward0>)",
4398,6.803525924682617,8.24789810180664,0.06443224102258682,0.19610096514225006,"tensor(0.2659, grad_fn=<MseLossBackward0>)",
4399,6.111239433288574,8.032825469970703,0.05307181924581528,0.17791476845741272,"tensor(0.3085, grad_fn=<MseLossBackward0>)",
4400,4.957394123077393,7.143712043762207,0.11503670364618301,0.06966037303209305,"tensor(0.3044, grad_fn=<MseLossBackward0>)",
4401,4.808913707733154,7.442190647125244,0.09158696234226227,0.08960842341184616,"tensor(0.2578, grad_fn=<MseLossBackward0>)",
4402,5.213250637054443,7.252573013305664,0.1606598198413849,0.03438164293766022,"tensor(0.3113, grad_fn=<MseLossBackward0>)",
4403,1.8635964393615723,7.502150058746338,0.020776906982064247,0.040829457342624664,"tensor(0.2871, grad_fn=<MseLossBackward0>)",
4404,7.655365943908691,8.359390258789062,0.10335969924926758,0.1929524838924408,"tensor(0.2238, grad_fn=<MseLossBackward0>)",
4405,8.594891548156738,8.269462585449219,0.15203030407428741,0.17972858250141144,"tensor(0.2545, grad_fn=<MseLossBackward0>)",
4406,1.6726112365722656,7.087132453918457,0.034159403294324875,0.018804458901286125,"tensor(0.3020, grad_fn=<MseLossBackward0>)",
4407,2.053558826446533,7.950181007385254,0.016707321628928185,0.0524931326508522,"tensor(0.2653, grad_fn=<MseLossBackward0>)",
4408,2.8404364585876465,7.832607269287109,0.07507405430078506,0.02336922287940979,"tensor(0.3440, grad_fn=<MseLossBackward0>)",
4409,3.3738279342651367,7.302500247955322,0.06246193125844002,0.05680675059556961,"tensor(0.3187, grad_fn=<MseLossBackward0>)",
4410,6.375572681427002,7.796205043792725,0.0307792816311121,0.20932631194591522,"tensor(0.3083, grad_fn=<MseLossBackward0>)",
4411,3.7623777389526367,8.795188903808594,0.007341643329709768,0.12811462581157684,"tensor(0.3341, grad_fn=<MseLossBackward0>)",
4412,2.684748649597168,8.951160430908203,0.0016697049140930176,0.09169211983680725,"tensor(0.2444, grad_fn=<MseLossBackward0>)",
4413,3.4774837493896484,9.055523872375488,0.0704985037446022,0.054596953094005585,"tensor(0.2736, grad_fn=<MseLossBackward0>)",
4414,1.4345054626464844,9.620039939880371,0.0,0.04348466172814369,"tensor(0.2742, grad_fn=<MseLossBackward0>)",
4415,2.6032466888427734,9.608728408813477,0.042004507035017014,0.047074634581804276,"tensor(0.3343, grad_fn=<MseLossBackward0>)",
4416,13.64941692352295,9.864829063415527,0.0,0.526679277420044,"tensor(0.3829, grad_fn=<MseLossBackward0>)",
4417,4.266066551208496,10.757594108581543,0.057168684899806976,0.09871657937765121,"tensor(0.3220, grad_fn=<MseLossBackward0>)",
4418,10.306492805480957,10.573266983032227,0.033751171082258224,0.36439248919487,"tensor(0.2796, grad_fn=<MseLossBackward0>)",
4419,2.99491024017334,9.760139465332031,0.003987888339906931,0.09905952215194702,"tensor(0.3774, grad_fn=<MseLossBackward0>)",
4420,4.468082427978516,9.690019607543945,0.020648857578635216,0.14440472424030304,"tensor(0.3038, grad_fn=<MseLossBackward0>)",
4421,10.546236991882324,11.518895149230957,0.038916390389204025,0.36690324544906616,"tensor(0.3363, grad_fn=<MseLossBackward0>)",
4422,3.316009044647217,8.037323951721191,0.051174044609069824,0.06467150151729584,"tensor(0.3766, grad_fn=<MseLossBackward0>)",
4423,1.4118099212646484,9.965747833251953,0.0,0.03733479231595993,"tensor(0.4250, grad_fn=<MseLossBackward0>)",
4424,2.8310441970825195,9.980475425720215,0.007052958011627197,0.09249277412891388,"tensor(0.2995, grad_fn=<MseLossBackward0>)",
4425,5.254281044006348,9.136747360229492,0.1134507805109024,0.08250892907381058,"tensor(0.2990, grad_fn=<MseLossBackward0>)",
4426,4.540220260620117,8.556929588317871,0.0,0.16487641632556915,"tensor(0.3414, grad_fn=<MseLossBackward0>)",
4427,4.937640190124512,10.428421020507812,0.014860291965305805,0.16410216689109802,"tensor(0.3833, grad_fn=<MseLossBackward0>)",
4428,1.9678678512573242,10.729157447814941,0.0,0.06573958694934845,"tensor(0.2711, grad_fn=<MseLossBackward0>)",
4429,9.734370231628418,11.67273235321045,0.0,0.3763165771961212,"tensor(0.2618, grad_fn=<MseLossBackward0>)",
4430,2.593730926513672,9.421713829040527,0.0,0.07802735269069672,"tensor(0.5786, grad_fn=<MseLossBackward0>)",
4431,8.413416862487793,8.544061660766602,0.0,0.32054582238197327,"tensor(0.3281, grad_fn=<MseLossBackward0>)",
4432,6.132723331451416,7.724814414978027,0.0,0.23061363399028778,"tensor(0.2964, grad_fn=<MseLossBackward0>)",
4433,0.9812717437744141,8.46826171875,0.004555046558380127,0.016476541757583618,"tensor(0.3779, grad_fn=<MseLossBackward0>)",
4434,3.0413355827331543,8.043967247009277,0.042756419628858566,0.06363026797771454,"tensor(0.3215, grad_fn=<MseLossBackward0>)",
4435,1.0989346504211426,8.038362503051758,0.012607216835021973,0.020627658814191818,"tensor(0.2278, grad_fn=<MseLossBackward0>)",
4436,3.39329195022583,7.660022735595703,0.01391899585723877,0.10976248979568481,"tensor(0.2506, grad_fn=<MseLossBackward0>)",
4437,5.602893352508545,7.602545738220215,0.08751275390386581,0.12474902719259262,"tensor(0.2458, grad_fn=<MseLossBackward0>)",
4438,2.815798759460449,7.398442268371582,0.029863080009818077,0.07072705775499344,"tensor(0.2520, grad_fn=<MseLossBackward0>)",
4439,5.896066665649414,8.534095764160156,0.0,0.22389592230319977,"tensor(0.2454, grad_fn=<MseLossBackward0>)",
4440,4.6719794273376465,7.684598922729492,0.03745532035827637,0.13792482018470764,"tensor(0.2417, grad_fn=<MseLossBackward0>)",
4441,5.044557571411133,7.250016689300537,0.1477755606174469,0.04404255002737045,"tensor(0.1946, grad_fn=<MseLossBackward0>)",
4442,3.8363118171691895,7.123658180236816,0.0691344141960144,0.07400859892368317,"tensor(0.2204, grad_fn=<MseLossBackward0>)",
4443,4.314422607421875,8.339412689208984,0.07208702713251114,0.08804245293140411,"tensor(0.2670, grad_fn=<MseLossBackward0>)",
4444,4.6686224937438965,7.544549942016602,0.07259305566549301,0.0978558212518692,"tensor(0.3909, grad_fn=<MseLossBackward0>)",
4445,2.669306755065918,8.80224323272705,0.006700098514556885,0.08779440820217133,"tensor(0.2832, grad_fn=<MseLossBackward0>)",
4446,2.8069400787353516,8.65023136138916,0.08650340139865875,0.016711702570319176,"tensor(0.1971, grad_fn=<MseLossBackward0>)",
4447,4.136472702026367,8.10045337677002,0.003162006614729762,0.15006151795387268,"tensor(0.2583, grad_fn=<MseLossBackward0>)",
4448,3.264590263366699,8.973941802978516,0.0898924469947815,0.027638724073767662,"tensor(0.2895, grad_fn=<MseLossBackward0>)",
4449,1.9513006210327148,8.468153953552246,0.04587940499186516,0.01792989857494831,"tensor(0.3124, grad_fn=<MseLossBackward0>)",
4450,2.806185722351074,9.65388298034668,0.033123891800642014,0.06420335173606873,"tensor(0.3316, grad_fn=<MseLossBackward0>)",
4451,2.186739921569824,10.15096664428711,0.0049872794188559055,0.06371162086725235,"tensor(0.4065, grad_fn=<MseLossBackward0>)",
4452,2.544179916381836,8.933255195617676,0.0318581648170948,0.05510558933019638,"tensor(0.3288, grad_fn=<MseLossBackward0>)",
4453,1.0252065658569336,9.751578330993652,0.017093321308493614,0.004918350372463465,"tensor(0.4482, grad_fn=<MseLossBackward0>)",
4454,7.728856086730957,11.214774131774902,0.03262261673808098,0.256274551153183,"tensor(0.4706, grad_fn=<MseLossBackward0>)",
4455,1.1355981826782227,10.151336669921875,0.003945887088775635,0.023125143721699715,"tensor(0.4073, grad_fn=<MseLossBackward0>)",
4456,3.372756004333496,14.042862892150879,0.0,0.1179872453212738,"tensor(0.3351, grad_fn=<MseLossBackward0>)",
4457,5.002703666687012,10.303457260131836,0.05909883975982666,0.12894244492053986,"tensor(0.2679, grad_fn=<MseLossBackward0>)",
4458,4.633580207824707,12.51589298248291,0.0,0.17166326940059662,"tensor(0.2947, grad_fn=<MseLossBackward0>)",
4459,4.633255958557129,12.324237823486328,0.0,0.17041738331317902,"tensor(0.3120, grad_fn=<MseLossBackward0>)",
4460,7.394928932189941,13.068188667297363,0.005633274558931589,0.2696789801120758,"tensor(0.4186, grad_fn=<MseLossBackward0>)",
4461,5.244815826416016,11.250399589538574,0.0,0.1967032104730606,"tensor(0.2731, grad_fn=<MseLossBackward0>)",
4462,11.726767539978027,10.797470092773438,0.0737268328666687,0.38179004192352295,"tensor(0.2915, grad_fn=<MseLossBackward0>)",
4463,6.870209693908691,10.543624877929688,0.08835295587778091,0.1693466156721115,"tensor(0.3991, grad_fn=<MseLossBackward0>)",
4464,6.367410659790039,9.407464981079102,0.0,0.2375071793794632,"tensor(0.3983, grad_fn=<MseLossBackward0>)",
4465,7.2198381423950195,10.7792329788208,0.006070057395845652,0.26622095704078674,"tensor(0.3753, grad_fn=<MseLossBackward0>)",
4466,4.353708267211914,9.922282218933105,0.03462405875325203,0.12807267904281616,"tensor(0.2558, grad_fn=<MseLossBackward0>)",
4467,3.639004707336426,9.591208457946777,0.038981616497039795,0.09197930991649628,"tensor(0.3295, grad_fn=<MseLossBackward0>)",
4468,6.212639808654785,8.104681015014648,0.09196875244379044,0.1453145146369934,"tensor(0.2496, grad_fn=<MseLossBackward0>)",
4469,6.400620460510254,8.201528549194336,0.08833438158035278,0.15157276391983032,"tensor(0.3800, grad_fn=<MseLossBackward0>)",
4470,7.622774600982666,7.700532913208008,0.0,0.28540778160095215,"tensor(0.4625, grad_fn=<MseLossBackward0>)",
4471,3.7668848037719727,8.675007820129395,0.01938585564494133,0.11624282598495483,"tensor(0.3441, grad_fn=<MseLossBackward0>)",
4472,5.835409641265869,7.518622398376465,0.16992485523223877,0.04900168254971504,"tensor(0.3276, grad_fn=<MseLossBackward0>)",
4473,1.084444522857666,6.815121650695801,0.0,0.030222823843359947,"tensor(0.3003, grad_fn=<MseLossBackward0>)",
4474,1.976491928100586,7.420677185058594,0.005681911949068308,0.05654704570770264,"tensor(0.3694, grad_fn=<MseLossBackward0>)",
4475,1.9393115043640137,7.09259033203125,0.0,0.0631456971168518,"tensor(0.3100, grad_fn=<MseLossBackward0>)",
4476,2.397469997406006,7.219008445739746,0.05688198655843735,0.02479725331068039,"tensor(0.2925, grad_fn=<MseLossBackward0>)",
4477,4.279608726501465,6.803280353546143,0.0,0.1545688509941101,"tensor(0.3373, grad_fn=<MseLossBackward0>)",
4478,5.849728584289551,7.187692165374756,0.0011506875744089484,0.222018763422966,"tensor(0.2326, grad_fn=<MseLossBackward0>)",
4479,8.985021591186523,6.436688423156738,0.061353545635938644,0.2867978513240814,"tensor(0.2400, grad_fn=<MseLossBackward0>)",
4480,4.642190933227539,6.237809658050537,0.15660251677036285,0.017486266791820526,"tensor(0.2420, grad_fn=<MseLossBackward0>)",
4481,4.006997108459473,6.374484062194824,0.06689083576202393,0.08181041479110718,"tensor(0.2494, grad_fn=<MseLossBackward0>)",
4482,3.7835679054260254,7.376102447509766,0.043625254184007645,0.09688834846019745,"tensor(0.2407, grad_fn=<MseLossBackward0>)",
4483,2.8633556365966797,7.205974578857422,0.09013078361749649,0.016285965219140053,"tensor(0.1622, grad_fn=<MseLossBackward0>)",
4484,6.343019008636475,6.686599254608154,0.13391436636447906,0.10886456072330475,"tensor(0.2056, grad_fn=<MseLossBackward0>)",
4485,7.577148914337158,7.107029914855957,0.12413708865642548,0.1658196747303009,"tensor(0.2855, grad_fn=<MseLossBackward0>)",
4486,4.328784942626953,7.244956016540527,0.023345669731497765,0.13715796172618866,"tensor(0.2641, grad_fn=<MseLossBackward0>)",
4487,4.541496753692627,7.358837127685547,0.016154825687408447,0.15188825130462646,"tensor(0.2709, grad_fn=<MseLossBackward0>)",
4488,4.303671836853027,8.425838470458984,0.014495511539280415,0.13594238460063934,"tensor(0.4965, grad_fn=<MseLossBackward0>)",
4489,2.7520694732666016,7.465784549713135,0.08145467191934586,0.019721437245607376,"tensor(0.1828, grad_fn=<MseLossBackward0>)",
4490,2.635723114013672,8.198249816894531,0.007894158363342285,0.08547770231962204,"tensor(0.2645, grad_fn=<MseLossBackward0>)",
4491,6.976323127746582,8.648097038269043,0.14086396992206573,0.12263652682304382,"tensor(0.3304, grad_fn=<MseLossBackward0>)",
4492,4.3589043617248535,7.418684959411621,0.05066599324345589,0.11016951501369476,"tensor(0.2978, grad_fn=<MseLossBackward0>)",
4493,6.337862968444824,9.003974914550781,0.03178580477833748,0.2062338888645172,"tensor(0.3563, grad_fn=<MseLossBackward0>)",
4494,2.3566064834594727,7.8164143562316895,0.02747929096221924,0.056268081068992615,"tensor(0.2320, grad_fn=<MseLossBackward0>)",
4495,4.2350616455078125,8.302972793579102,0.015660325065255165,0.13843069970607758,"tensor(0.3622, grad_fn=<MseLossBackward0>)",
4496,2.2976322174072266,8.752429008483887,0.04841458797454834,0.0295876394957304,"tensor(0.3030, grad_fn=<MseLossBackward0>)",
4497,8.756105422973633,7.952276229858398,0.030804017558693886,0.3013076186180115,"tensor(0.4199, grad_fn=<MseLossBackward0>)",
4498,6.737614631652832,10.75901985168457,0.026698270812630653,0.2270444929599762,"tensor(0.3517, grad_fn=<MseLossBackward0>)",
4499,3.487668037414551,8.91497802734375,0.003696064231917262,0.12097807973623276,"tensor(0.3474, grad_fn=<MseLossBackward0>)",
4500,2.150343894958496,8.851840019226074,0.011823694221675396,0.05697973817586899,"tensor(0.3954, grad_fn=<MseLossBackward0>)","[1.0282692909240723, 0.9799097180366516, 1.0906602144241333]"
4501,4.528027534484863,8.582375526428223,0.006740848068147898,0.16134513914585114,"tensor(0.2920, grad_fn=<MseLossBackward0>)",
4502,4.120916366577148,8.20340633392334,0.0,0.15273526310920715,"tensor(0.2725, grad_fn=<MseLossBackward0>)",
4503,4.6119184494018555,8.540621757507324,0.0030497710686177015,0.1671014279127121,"tensor(0.3271, grad_fn=<MseLossBackward0>)",
4504,2.1491317749023438,8.268430709838867,0.0,0.06989364326000214,"tensor(0.3770, grad_fn=<MseLossBackward0>)",
4505,4.863608360290527,8.314933776855469,0.010915358550846577,0.17186611890792847,"tensor(0.2537, grad_fn=<MseLossBackward0>)",
4506,4.2365217208862305,8.100704193115234,0.0898679867386818,0.06720811128616333,"tensor(0.2829, grad_fn=<MseLossBackward0>)",
4507,4.031766891479492,8.675999641418457,0.03774331137537956,0.11197599023580551,"tensor(0.2470, grad_fn=<MseLossBackward0>)",
4508,4.667171955108643,7.810245513916016,0.11793224513530731,0.05451980233192444,"tensor(0.3414, grad_fn=<MseLossBackward0>)",
4509,4.917464256286621,8.217472076416016,0.11822666972875595,0.06813788414001465,"tensor(0.2400, grad_fn=<MseLossBackward0>)",
4510,5.852768421173096,7.727420806884766,0.12610147893428802,0.09267142415046692,"tensor(0.3620, grad_fn=<MseLossBackward0>)",
4511,2.8275575637817383,8.943597793579102,0.05682901665568352,0.0424075648188591,"tensor(0.3265, grad_fn=<MseLossBackward0>)",
4512,2.2217535972595215,7.694833755493164,0.04202226921916008,0.036118730902671814,"tensor(0.2406, grad_fn=<MseLossBackward0>)",
4513,8.734630584716797,6.346871376037598,0.14793440699577332,0.19099916517734528,"tensor(0.2334, grad_fn=<MseLossBackward0>)",
4514,7.542423725128174,6.789546966552734,0.10528212785720825,0.18294237554073334,"tensor(0.3067, grad_fn=<MseLossBackward0>)",
4515,2.81321382522583,7.2877397537231445,0.039794426411390305,0.061063461005687714,"tensor(0.2637, grad_fn=<MseLossBackward0>)",
4516,5.30923318862915,7.087856292724609,0.12187640368938446,0.07952239364385605,"tensor(0.2382, grad_fn=<MseLossBackward0>)",
4517,1.055311679840088,6.94791316986084,0.017738500609993935,0.01181126944720745,"tensor(0.2736, grad_fn=<MseLossBackward0>)",
4518,3.9155654907226562,8.142789840698242,0.004242161754518747,0.13961049914360046,"tensor(0.2722, grad_fn=<MseLossBackward0>)",
4519,4.1413068771362305,7.239709854125977,0.03417293354868889,0.12065050005912781,"tensor(0.2247, grad_fn=<MseLossBackward0>)",
4520,3.5134024620056152,7.579792499542236,0.0,0.1285037100315094,"tensor(0.2486, grad_fn=<MseLossBackward0>)",
4521,3.466172695159912,6.685423374176025,0.01189527940005064,0.11091231554746628,"tensor(0.3697, grad_fn=<MseLossBackward0>)",
4522,6.34061861038208,7.3455915451049805,0.0,0.24170929193496704,"tensor(0.2382, grad_fn=<MseLossBackward0>)",
4523,3.4390053749084473,7.010602951049805,0.06678444147109985,0.06061425060033798,"tensor(0.2213, grad_fn=<MseLossBackward0>)",
4524,3.079789638519287,7.9029860496521,0.04131893441081047,0.06507652252912521,"tensor(0.3763, grad_fn=<MseLossBackward0>)",
4525,2.1851749420166016,8.257022857666016,0.0,0.07125381380319595,"tensor(0.3500, grad_fn=<MseLossBackward0>)",
4526,7.5539093017578125,9.338106155395508,0.0,0.2886158227920532,"tensor(0.2602, grad_fn=<MseLossBackward0>)",
4527,10.618242263793945,7.0758771896362305,0.006483117584139109,0.407275527715683,"tensor(0.2164, grad_fn=<MseLossBackward0>)",
4528,3.538140296936035,8.200935363769531,0.023062288761138916,0.10684804618358612,"tensor(0.2317, grad_fn=<MseLossBackward0>)",
4529,3.501100540161133,8.385567665100098,0.010824103839695454,0.11339066922664642,"tensor(0.3568, grad_fn=<MseLossBackward0>)",
4530,4.016801357269287,7.773642063140869,0.07369130849838257,0.07195767760276794,"tensor(0.3463, grad_fn=<MseLossBackward0>)",
4531,5.251287460327148,7.595792293548584,0.07425800710916519,0.12234681844711304,"tensor(0.3038, grad_fn=<MseLossBackward0>)",
4532,3.5596699714660645,7.8679633140563965,0.04606417566537857,0.08343712985515594,"tensor(0.2749, grad_fn=<MseLossBackward0>)",
4533,1.2485523223876953,8.290079116821289,0.0016602277755737305,0.03204534575343132,"tensor(0.3381, grad_fn=<MseLossBackward0>)",
4534,5.247705459594727,8.073116302490234,0.06268791109323502,0.13084430992603302,"tensor(0.3372, grad_fn=<MseLossBackward0>)",
4535,2.3010668754577637,7.90644645690918,0.01410818099975586,0.06095461547374725,"tensor(0.3793, grad_fn=<MseLossBackward0>)",
4536,6.879393577575684,9.466410636901855,0.04503268003463745,0.20945531129837036,"tensor(0.4823, grad_fn=<MseLossBackward0>)",
4537,7.104296684265137,8.913015365600586,0.009750127792358398,0.25874418020248413,"tensor(0.3173, grad_fn=<MseLossBackward0>)",
4538,13.852022171020508,8.10708236694336,0.11166828870773315,0.4259643256664276,"tensor(0.3662, grad_fn=<MseLossBackward0>)",
4539,5.491325378417969,9.353053092956543,0.1080564484000206,0.09745697677135468,"tensor(0.3103, grad_fn=<MseLossBackward0>)",
4540,7.056731224060059,9.011131286621094,0.08035162836313248,0.18895944952964783,"tensor(0.2983, grad_fn=<MseLossBackward0>)",
4541,7.337820053100586,8.132708549499512,0.1308741569519043,0.1524459272623062,"tensor(0.2343, grad_fn=<MseLossBackward0>)",
4542,3.2661514282226562,7.871037006378174,0.0635409951210022,0.058129630982875824,"tensor(0.2001, grad_fn=<MseLossBackward0>)",
4543,5.310791015625,7.892695903778076,0.0892377495765686,0.1126096323132515,"tensor(0.2381, grad_fn=<MseLossBackward0>)",
4544,7.998018264770508,9.96381664276123,0.09590373933315277,0.21065682172775269,"tensor(0.3028, grad_fn=<MseLossBackward0>)",
4545,3.9750499725341797,8.706750869750977,0.025549450889229774,0.12299147993326187,"tensor(0.2319, grad_fn=<MseLossBackward0>)",
4546,5.406805992126465,9.191372871398926,0.07541308552026749,0.12740272283554077,"tensor(0.3020, grad_fn=<MseLossBackward0>)",
4547,2.6428585052490234,8.859752655029297,0.0653352290391922,0.028057541698217392,"tensor(0.2597, grad_fn=<MseLossBackward0>)",
4548,4.072472095489502,7.402491569519043,0.10990305989980698,0.04145146161317825,"tensor(0.2589, grad_fn=<MseLossBackward0>)",
4549,9.749813079833984,6.958679676055908,0.25681272149086,0.11935664713382721,"tensor(0.3108, grad_fn=<MseLossBackward0>)",
4550,2.145737648010254,7.752403736114502,0.0,0.07345832139253616,"tensor(0.2778, grad_fn=<MseLossBackward0>)",
4551,7.241584777832031,7.8526482582092285,0.0,0.27809497714042664,"tensor(0.2205, grad_fn=<MseLossBackward0>)",
4552,5.329558372497559,8.72331714630127,0.05520298331975937,0.14817215502262115,"tensor(0.2050, grad_fn=<MseLossBackward0>)",
4553,7.008644104003906,6.520256519317627,0.13603729009628296,0.13000637292861938,"tensor(0.3268, grad_fn=<MseLossBackward0>)",
4554,2.541067123413086,7.864865779876709,0.04603556916117668,0.042416609823703766,"tensor(0.2609, grad_fn=<MseLossBackward0>)",
4555,3.2656397819519043,6.6987624168396,0.024370094761252403,0.09436427801847458,"tensor(0.2618, grad_fn=<MseLossBackward0>)",
4556,2.8477115631103516,7.513199806213379,0.0,0.1046985536813736,"tensor(0.1763, grad_fn=<MseLossBackward0>)",
4557,0.566002368927002,7.261315822601318,0.0,0.010261344723403454,"tensor(0.2352, grad_fn=<MseLossBackward0>)",
4558,11.307929992675781,7.366258144378662,0.02210344932973385,0.4186350107192993,"tensor(0.2320, grad_fn=<MseLossBackward0>)",
4559,2.7433176040649414,7.161916732788086,0.0003014206886291504,0.0969129428267479,"tensor(0.2353, grad_fn=<MseLossBackward0>)",
4560,3.1479239463806152,7.726687431335449,0.051242291927337646,0.0619194358587265,"tensor(0.2429, grad_fn=<MseLossBackward0>)",
4561,2.2696356773376465,7.903018951416016,0.015043139457702637,0.05955733358860016,"tensor(0.3535, grad_fn=<MseLossBackward0>)",
4562,3.247828483581543,8.020578384399414,0.0,0.11742018163204193,"tensor(0.2742, grad_fn=<MseLossBackward0>)",
4563,4.56162166595459,7.017517566680908,0.054828107357025146,0.11503581702709198,"tensor(0.2652, grad_fn=<MseLossBackward0>)",
4564,6.018972396850586,7.342033386230469,0.04235482215881348,0.1864776462316513,"tensor(0.2171, grad_fn=<MseLossBackward0>)",
4565,3.8465633392333984,6.674925327301025,0.10100438445806503,0.040375687181949615,"tensor(0.2668, grad_fn=<MseLossBackward0>)",
4566,6.748640060424805,8.063337326049805,0.09276498854160309,0.16362088918685913,"tensor(0.3144, grad_fn=<MseLossBackward0>)",
4567,4.689326286315918,8.26115608215332,0.07089219242334366,0.10557191073894501,"tensor(0.2408, grad_fn=<MseLossBackward0>)",
4568,2.2907276153564453,8.702555656433105,0.05105861276388168,0.029973076656460762,"tensor(0.2285, grad_fn=<MseLossBackward0>)",
4569,11.568560600280762,8.892993927001953,0.09982085227966309,0.35018616914749146,"tensor(0.2797, grad_fn=<MseLossBackward0>)",
4570,2.700178623199463,7.640103816986084,0.02716728113591671,0.07093451917171478,"tensor(0.2145, grad_fn=<MseLossBackward0>)",
4571,4.581543922424316,8.313369750976562,0.06892430782318115,0.10000158101320267,"tensor(0.3330, grad_fn=<MseLossBackward0>)",
4572,7.2485671043396,7.4593892097473145,0.0798964723944664,0.19809672236442566,"tensor(0.2453, grad_fn=<MseLossBackward0>)",
4573,3.3952736854553223,7.5676140785217285,0.03649811074137688,0.08636856079101562,"tensor(0.2831, grad_fn=<MseLossBackward0>)",
4574,3.1286396980285645,7.553621292114258,0.025542914867401123,0.08559748530387878,"tensor(0.3138, grad_fn=<MseLossBackward0>)",
4575,6.350255966186523,7.549001693725586,0.02195417881011963,0.221125066280365,"tensor(0.2332, grad_fn=<MseLossBackward0>)",
4576,3.2384300231933594,8.774734497070312,0.03003470040857792,0.0853559821844101,"tensor(0.2960, grad_fn=<MseLossBackward0>)",
4577,5.244445323944092,7.440637588500977,0.12931115925312042,0.06861812621355057,"tensor(0.2728, grad_fn=<MseLossBackward0>)",
4578,2.2723302841186523,8.468076705932617,0.010845641605556011,0.06228765845298767,"tensor(0.4231, grad_fn=<MseLossBackward0>)",
4579,2.8983469009399414,8.378462791442871,0.03847825527191162,0.06224224343895912,"tensor(0.3508, grad_fn=<MseLossBackward0>)",
4580,3.621074676513672,8.920050621032715,0.017395654693245888,0.11301600933074951,"tensor(0.3222, grad_fn=<MseLossBackward0>)",
4581,1.1784534454345703,9.733219146728516,0.006812612060457468,0.023501576855778694,"tensor(0.3628, grad_fn=<MseLossBackward0>)",
4582,6.378462791442871,8.230606079101562,0.023610571399331093,0.21759402751922607,"tensor(0.3012, grad_fn=<MseLossBackward0>)",
4583,3.9720849990844727,9.54712963104248,0.04250222444534302,0.10426273941993713,"tensor(0.2605, grad_fn=<MseLossBackward0>)",
4584,3.597817897796631,7.120311260223389,0.06328336149454117,0.06617745012044907,"tensor(0.2968, grad_fn=<MseLossBackward0>)",
4585,2.89438533782959,8.087651252746582,0.030375024303793907,0.07335710525512695,"tensor(0.2549, grad_fn=<MseLossBackward0>)",
4586,2.329202651977539,8.438313484191895,0.03421078249812126,0.04409797862172127,"tensor(0.3345, grad_fn=<MseLossBackward0>)",
4587,4.726884841918945,8.098727226257324,0.06806262582540512,0.10096840560436249,"tensor(0.4695, grad_fn=<MseLossBackward0>)",
4588,5.475153923034668,9.615013122558594,0.06925544887781143,0.1343567669391632,"tensor(0.3115, grad_fn=<MseLossBackward0>)",
4589,3.0524463653564453,8.65632438659668,0.05043435096740723,0.0582454577088356,"tensor(0.2894, grad_fn=<MseLossBackward0>)",
4590,4.02562141418457,10.950003623962402,0.05975937843322754,0.08579489588737488,"tensor(0.3462, grad_fn=<MseLossBackward0>)",
4591,4.896572113037109,9.812289237976074,0.11266223341226578,0.07126966118812561,"tensor(0.2708, grad_fn=<MseLossBackward0>)",
4592,2.5396289825439453,8.193122863769531,0.057575326412916183,0.0309290811419487,"tensor(0.3000, grad_fn=<MseLossBackward0>)",
4593,2.754940986633301,8.319555282592773,0.0,0.09817176312208176,"tensor(0.2792, grad_fn=<MseLossBackward0>)",
4594,3.396127700805664,9.178677558898926,0.08908329904079437,0.030716372653841972,"tensor(0.3591, grad_fn=<MseLossBackward0>)",
4595,4.571051597595215,9.828302383422852,0.05432192236185074,0.11751684546470642,"tensor(0.2412, grad_fn=<MseLossBackward0>)",
4596,7.096997261047363,8.262815475463867,0.05767015367746353,0.21345722675323486,"tensor(0.2722, grad_fn=<MseLossBackward0>)",
4597,6.113380432128906,9.661161422729492,0.05653604120016098,0.17612117528915405,"tensor(0.2774, grad_fn=<MseLossBackward0>)",
4598,2.475522041320801,9.850969314575195,0.0,0.08571626991033554,"tensor(0.2731, grad_fn=<MseLossBackward0>)",
4599,4.838099479675293,8.983158111572266,0.03369933366775513,0.14597585797309875,"tensor(0.3105, grad_fn=<MseLossBackward0>)",
4600,3.6965713500976562,8.99272632598877,0.0,0.13858798146247864,"tensor(0.1814, grad_fn=<MseLossBackward0>)",
4601,10.486119270324707,8.655675888061523,0.062290746718645096,0.34809696674346924,"tensor(0.2075, grad_fn=<MseLossBackward0>)",
4602,1.4662895202636719,8.617069244384766,0.020551642403006554,0.028700485825538635,"tensor(0.2108, grad_fn=<MseLossBackward0>)",
4603,3.3710479736328125,8.761795043945312,0.0,0.12135171890258789,"tensor(0.2984, grad_fn=<MseLossBackward0>)",
4604,5.163911819458008,7.565981864929199,0.0,0.19890499114990234,"tensor(0.1592, grad_fn=<MseLossBackward0>)",
4605,3.882889747619629,7.5062994956970215,0.023639759048819542,0.12194156646728516,"tensor(0.2189, grad_fn=<MseLossBackward0>)",
4606,3.848458766937256,7.0622382164001465,0.027413448318839073,0.11475550383329391,"tensor(0.2722, grad_fn=<MseLossBackward0>)",
4607,2.227024555206299,7.594461441040039,0.011416316032409668,0.06275134533643723,"tensor(0.3326, grad_fn=<MseLossBackward0>)",
4608,1.448758602142334,7.451455116271973,0.01273671817034483,0.03588514402508736,"tensor(0.2050, grad_fn=<MseLossBackward0>)",
4609,4.751355171203613,8.068415641784668,0.07972029596567154,0.097694993019104,"tensor(0.2848, grad_fn=<MseLossBackward0>)",
4610,3.863509178161621,8.078011512756348,0.1146388053894043,0.02633526548743248,"tensor(0.3027, grad_fn=<MseLossBackward0>)",
4611,1.4162726402282715,7.373404026031494,0.0,0.04728461429476738,"tensor(0.2143, grad_fn=<MseLossBackward0>)",
4612,4.305422782897949,8.181828498840332,0.04413837194442749,0.11385703831911087,"tensor(0.3215, grad_fn=<MseLossBackward0>)",
4613,5.808893203735352,7.175986289978027,0.09649623930454254,0.12542353570461273,"tensor(0.2239, grad_fn=<MseLossBackward0>)",
4614,4.072511672973633,8.207016944885254,0.05665653944015503,0.0924125611782074,"tensor(0.3133, grad_fn=<MseLossBackward0>)",
4615,5.7312116622924805,8.392127990722656,0.06962063163518906,0.146896094083786,"tensor(0.3023, grad_fn=<MseLossBackward0>)",
4616,6.464189052581787,6.835064888000488,0.18785235285758972,0.061218034476041794,"tensor(0.2167, grad_fn=<MseLossBackward0>)",
4617,1.4017882347106934,7.729981899261475,0.02200504206120968,0.02005256712436676,"tensor(0.3147, grad_fn=<MseLossBackward0>)",
4618,6.1505126953125,8.292654037475586,0.06565296649932861,0.16450762748718262,"tensor(0.3567, grad_fn=<MseLossBackward0>)",
4619,2.4684414863586426,7.729954242706299,0.021831592544913292,0.06516218930482864,"tensor(0.2643, grad_fn=<MseLossBackward0>)",
4620,6.26662540435791,9.381916999816895,0.03807634115219116,0.2012939751148224,"tensor(0.2410, grad_fn=<MseLossBackward0>)",
4621,9.206589698791504,9.278538703918457,0.0873752236366272,0.26937854290008545,"tensor(0.2602, grad_fn=<MseLossBackward0>)",
4622,3.108022689819336,7.560152053833008,0.04634801670908928,0.06773446500301361,"tensor(0.2114, grad_fn=<MseLossBackward0>)",
4623,3.5271148681640625,8.130499839782715,0.017041226848959923,0.10962608456611633,"tensor(0.3265, grad_fn=<MseLossBackward0>)",
4624,8.089988708496094,7.223701000213623,0.07007002830505371,0.23729752004146576,"tensor(0.3721, grad_fn=<MseLossBackward0>)",
4625,4.221263885498047,7.155707359313965,0.06725696474313736,0.08698983490467072,"tensor(0.3376, grad_fn=<MseLossBackward0>)",
4626,3.291121006011963,7.461401462554932,0.03284883499145508,0.08850498497486115,"tensor(0.2130, grad_fn=<MseLossBackward0>)",
4627,4.124569892883301,9.999737739562988,0.008595366962254047,0.13942910730838776,"tensor(0.3956, grad_fn=<MseLossBackward0>)",
4628,3.932340621948242,8.61795711517334,0.0,0.1453632116317749,"tensor(0.2662, grad_fn=<MseLossBackward0>)",
4629,1.7958908081054688,8.153315544128418,0.0,0.061809659004211426,"tensor(0.2122, grad_fn=<MseLossBackward0>)",
4630,9.1578369140625,9.665064811706543,0.02755570411682129,0.3254917860031128,"tensor(0.3096, grad_fn=<MseLossBackward0>)",
4631,5.100752353668213,7.429316520690918,0.16038519144058228,0.03110770508646965,"tensor(0.2879, grad_fn=<MseLossBackward0>)",
4632,4.714349269866943,7.726831436157227,0.1036246046423912,0.07156550884246826,"tensor(0.2935, grad_fn=<MseLossBackward0>)",
4633,4.731302261352539,8.492374420166016,0.09713371843099594,0.07871437817811966,"tensor(0.3081, grad_fn=<MseLossBackward0>)",
4634,1.424093246459961,8.79448127746582,0.027328331023454666,0.017879247665405273,"tensor(0.2411, grad_fn=<MseLossBackward0>)",
4635,5.817349433898926,7.893380165100098,0.14801771938800812,0.07039309293031693,"tensor(0.3369, grad_fn=<MseLossBackward0>)",
4636,5.18916130065918,8.682548522949219,0.058283548802137375,0.13591700792312622,"tensor(0.2890, grad_fn=<MseLossBackward0>)",
4637,3.540788173675537,7.392157077789307,0.05213691666722298,0.07964267581701279,"tensor(0.2137, grad_fn=<MseLossBackward0>)",
4638,3.7722625732421875,9.422619819641113,0.0,0.1387474536895752,"tensor(0.2704, grad_fn=<MseLossBackward0>)",
4639,3.8438844680786133,9.73806381225586,0.0,0.13988767564296722,"tensor(0.2772, grad_fn=<MseLossBackward0>)",
4640,2.4371156692504883,8.768198013305664,0.03253166005015373,0.053304992616176605,"tensor(0.2341, grad_fn=<MseLossBackward0>)",
4641,6.632282257080078,9.873618125915527,0.0,0.24552197754383087,"tensor(0.4473, grad_fn=<MseLossBackward0>)",
4642,4.552023887634277,8.982824325561523,0.0,0.16518579423427582,"tensor(0.3628, grad_fn=<MseLossBackward0>)",
4643,11.965099334716797,8.714710235595703,0.08055946975946426,0.37999576330184937,"tensor(0.4191, grad_fn=<MseLossBackward0>)",
4644,2.9707937240600586,8.274351119995117,0.0,0.1057436615228653,"tensor(0.2492, grad_fn=<MseLossBackward0>)",
4645,10.423529624938965,9.7166109085083,0.030851444229483604,0.3721679747104645,"tensor(0.2856, grad_fn=<MseLossBackward0>)",
4646,9.912642478942871,10.109156608581543,0.03994804620742798,0.33974894881248474,"tensor(0.3310, grad_fn=<MseLossBackward0>)",
4647,1.770829677581787,7.894223690032959,0.02258565090596676,0.036192119121551514,"tensor(0.2781, grad_fn=<MseLossBackward0>)",
4648,5.998298645019531,8.827555656433105,0.020220061764121056,0.20623505115509033,"tensor(0.3066, grad_fn=<MseLossBackward0>)",
4649,3.5676803588867188,8.544289588928223,0.028107425197958946,0.09939658641815186,"tensor(0.3563, grad_fn=<MseLossBackward0>)",
4650,5.405675888061523,8.77115249633789,0.10055440664291382,0.10543018579483032,"tensor(0.2323, grad_fn=<MseLossBackward0>)",
4651,11.163520812988281,8.972223281860352,0.16203689575195312,0.27513933181762695,"tensor(0.2068, grad_fn=<MseLossBackward0>)",
4652,9.9957914352417,8.914217948913574,0.24853447079658508,0.14020921289920807,"tensor(0.2496, grad_fn=<MseLossBackward0>)",
4653,4.931565284729004,8.872356414794922,0.12040295451879501,0.06272123754024506,"tensor(0.3166, grad_fn=<MseLossBackward0>)",
4654,5.83278751373291,10.228230476379395,0.007381717208772898,0.21288758516311646,"tensor(0.3007, grad_fn=<MseLossBackward0>)",
4655,4.854582786560059,9.264008522033691,0.13736526668071747,0.0421096496284008,"tensor(0.3467, grad_fn=<MseLossBackward0>)",
4656,4.054648399353027,8.394012451171875,0.05494910478591919,0.09764740616083145,"tensor(0.2110, grad_fn=<MseLossBackward0>)",
4657,4.419520378112793,8.508562088012695,0.08622170984745026,0.08247017860412598,"tensor(0.1615, grad_fn=<MseLossBackward0>)",
4658,8.516839981079102,7.681275844573975,0.06379320472478867,0.2612459659576416,"tensor(0.3377, grad_fn=<MseLossBackward0>)",
4659,4.964604377746582,9.37818717956543,0.045477867126464844,0.14399953186511993,"tensor(0.1822, grad_fn=<MseLossBackward0>)",
4660,1.8204727172851562,8.647329330444336,0.01623702049255371,0.04071570187807083,"tensor(0.3582, grad_fn=<MseLossBackward0>)",
4661,1.6612534523010254,7.826430320739746,0.0,0.05868123844265938,"tensor(0.1513, grad_fn=<MseLossBackward0>)",
4662,1.4379773139953613,7.510619640350342,0.0,0.04525908827781677,"tensor(0.2589, grad_fn=<MseLossBackward0>)",
4663,2.2894182205200195,8.779256820678711,0.03636733815073967,0.04254380241036415,"tensor(0.2806, grad_fn=<MseLossBackward0>)",
4664,8.499359130859375,7.7682623863220215,0.032509226351976395,0.29249322414398193,"tensor(0.3428, grad_fn=<MseLossBackward0>)",
4665,5.560351371765137,9.279862403869629,0.01980423927307129,0.18530729413032532,"tensor(0.3055, grad_fn=<MseLossBackward0>)",
4666,3.8128767013549805,8.914471626281738,0.01088299322873354,0.1316123604774475,"tensor(0.2220, grad_fn=<MseLossBackward0>)",
4667,5.163595199584961,9.67866325378418,0.01674177311360836,0.1761389523744583,"tensor(0.2941, grad_fn=<MseLossBackward0>)",
4668,1.7640619277954102,8.246091842651367,0.0,0.05792342126369476,"tensor(0.2566, grad_fn=<MseLossBackward0>)",
4669,4.645571708679199,8.910719871520996,0.07453904300928116,0.09813876450061798,"tensor(0.2936, grad_fn=<MseLossBackward0>)",
4670,5.794965744018555,9.608368873596191,0.06421589851379395,0.15490251779556274,"tensor(0.2919, grad_fn=<MseLossBackward0>)",
4671,2.7832717895507812,9.105432510375977,0.06358741223812103,0.034346576780080795,"tensor(0.3139, grad_fn=<MseLossBackward0>)",
4672,4.5397562980651855,7.481654167175293,0.12602245807647705,0.039263591170310974,"tensor(0.3744, grad_fn=<MseLossBackward0>)",
4673,6.165282249450684,9.591602325439453,0.03303227573633194,0.1984318494796753,"tensor(0.3431, grad_fn=<MseLossBackward0>)",
4674,8.464643478393555,8.962621688842773,0.06108514219522476,0.26120245456695557,"tensor(0.3643, grad_fn=<MseLossBackward0>)",
4675,4.385189056396484,8.280338287353516,0.05961815267801285,0.10085238516330719,"tensor(0.3528, grad_fn=<MseLossBackward0>)",
4676,3.673800468444824,8.486054420471191,0.08001134544610977,0.050054747611284256,"tensor(0.3943, grad_fn=<MseLossBackward0>)",
4677,1.9026622772216797,9.088957786560059,0.0,0.061390940099954605,"tensor(0.3349, grad_fn=<MseLossBackward0>)",
4678,3.6095151901245117,8.385344505310059,0.09103411436080933,0.041508741676807404,"tensor(0.2606, grad_fn=<MseLossBackward0>)",
4679,5.182722091674805,8.706279754638672,0.007158517837524414,0.18806439638137817,"tensor(0.2644, grad_fn=<MseLossBackward0>)",
4680,1.8763456344604492,9.00955867767334,0.0,0.059215523302555084,"tensor(0.3712, grad_fn=<MseLossBackward0>)",
4681,3.7869977951049805,9.055062294006348,0.0,0.1403999924659729,"tensor(0.2366, grad_fn=<MseLossBackward0>)",
4682,7.486845970153809,9.39545726776123,0.04367321729660034,0.24412116408348083,"tensor(0.2603, grad_fn=<MseLossBackward0>)",
4683,2.4152140617370605,8.029617309570312,0.036819975823163986,0.04612894728779793,"tensor(0.3071, grad_fn=<MseLossBackward0>)",
4684,7.115283012390137,8.113367080688477,0.16772395372390747,0.10753148049116135,"tensor(0.2160, grad_fn=<MseLossBackward0>)",
4685,7.7285661697387695,8.236480712890625,0.22287048399448395,0.0707353800535202,"tensor(0.3339, grad_fn=<MseLossBackward0>)",
4686,6.168341636657715,8.819465637207031,0.11579491943120956,0.1199212372303009,"tensor(0.2521, grad_fn=<MseLossBackward0>)",
4687,5.526010990142822,7.401914119720459,0.09174720197916031,0.11687234044075012,"tensor(0.2828, grad_fn=<MseLossBackward0>)",
4688,0.7899703979492188,10.393492698669434,0.012047569267451763,0.00522435549646616,"tensor(0.3155, grad_fn=<MseLossBackward0>)",
4689,4.267073631286621,9.783244132995605,0.10995912551879883,0.04791460931301117,"tensor(0.2984, grad_fn=<MseLossBackward0>)",
4690,3.382126808166504,10.49360179901123,0.10355716943740845,0.013805026188492775,"tensor(0.4102, grad_fn=<MseLossBackward0>)",
4691,4.374995231628418,9.229228019714355,0.05924751237034798,0.10607781261205673,"tensor(0.2155, grad_fn=<MseLossBackward0>)",
4692,6.217118263244629,10.838306427001953,0.0,0.23301023244857788,"tensor(0.3697, grad_fn=<MseLossBackward0>)",
4693,2.9616432189941406,8.950586318969727,0.06313195079565048,0.043473150581121445,"tensor(0.2669, grad_fn=<MseLossBackward0>)",
4694,4.047072410583496,10.059281349182129,0.10224679857492447,0.04593515023589134,"tensor(0.2888, grad_fn=<MseLossBackward0>)",
4695,3.223996162414551,10.207354545593262,0.00987386703491211,0.10996513813734055,"tensor(0.1920, grad_fn=<MseLossBackward0>)",
4696,5.945224761962891,11.216322898864746,0.0,0.22007307410240173,"tensor(0.3906, grad_fn=<MseLossBackward0>)",
4697,4.094125747680664,9.982802391052246,0.0,0.1502026468515396,"tensor(0.2884, grad_fn=<MseLossBackward0>)",
4698,6.9401445388793945,10.023749351501465,0.0009572704439051449,0.2612181007862091,"tensor(0.3226, grad_fn=<MseLossBackward0>)",
4699,3.9447336196899414,10.138277053833008,0.003980378154665232,0.14030493795871735,"tensor(0.2907, grad_fn=<MseLossBackward0>)",
4700,7.177289009094238,9.922942161560059,0.019191065803170204,0.25731396675109863,"tensor(0.2116, grad_fn=<MseLossBackward0>)",
4701,4.248522758483887,9.688538551330566,0.0,0.15562444925308228,"tensor(0.3166, grad_fn=<MseLossBackward0>)",
4702,6.407810211181641,9.427278518676758,0.04796764999628067,0.194416806101799,"tensor(0.2837, grad_fn=<MseLossBackward0>)",
4703,5.101917266845703,10.60943603515625,0.031705379486083984,0.15203620493412018,"tensor(0.4587, grad_fn=<MseLossBackward0>)",
4704,8.362115859985352,10.507365226745605,0.08065003156661987,0.23382139205932617,"tensor(0.4721, grad_fn=<MseLossBackward0>)",
4705,2.7227678298950195,11.265300750732422,0.009865145199000835,0.08549917489290237,"tensor(0.3098, grad_fn=<MseLossBackward0>)",
4706,2.719363212585449,10.53813648223877,0.0029575228691101074,0.09304605424404144,"tensor(0.2922, grad_fn=<MseLossBackward0>)",
4707,2.290909767150879,9.385838508605957,0.026262065395712852,0.052089449018239975,"tensor(0.3054, grad_fn=<MseLossBackward0>)",
4708,6.459895133972168,9.616217613220215,0.008347094058990479,0.23631422221660614,"tensor(0.3048, grad_fn=<MseLossBackward0>)",
4709,5.5171098709106445,9.953320503234863,0.06559772789478302,0.14514075219631195,"tensor(0.2099, grad_fn=<MseLossBackward0>)",
4710,3.582672119140625,8.728828430175781,0.05102302506566048,0.0787711814045906,"tensor(0.3076, grad_fn=<MseLossBackward0>)",
4711,1.33367919921875,10.135190963745117,0.031514011323451996,0.010542208328843117,"tensor(0.2605, grad_fn=<MseLossBackward0>)",
4712,7.445010185241699,9.942988395690918,0.10670969635248184,0.1807786226272583,"tensor(0.2433, grad_fn=<MseLossBackward0>)",
4713,2.5711593627929688,10.844793319702148,0.05967434123158455,0.02150503359735012,"tensor(0.4995, grad_fn=<MseLossBackward0>)",
4714,3.2680463790893555,8.375941276550293,0.08068394660949707,0.03291153535246849,"tensor(0.4020, grad_fn=<MseLossBackward0>)",
4715,4.804903984069824,9.779321670532227,0.11217491328716278,0.06070559471845627,"tensor(0.3764, grad_fn=<MseLossBackward0>)",
4716,7.315323829650879,10.417447090148926,0.0,0.2760854959487915,"tensor(0.3550, grad_fn=<MseLossBackward0>)",
4717,2.9795093536376953,11.084342002868652,0.00274735689163208,0.09482526779174805,"tensor(0.4885, grad_fn=<MseLossBackward0>)",
4718,3.748136520385742,11.17812442779541,0.0,0.13206909596920013,"tensor(0.3985, grad_fn=<MseLossBackward0>)",
4719,3.2223997116088867,10.094635009765625,7.923444354673848e-05,0.11469724774360657,"tensor(0.2990, grad_fn=<MseLossBackward0>)",
4720,3.53481388092041,10.110933303833008,0.0,0.12820136547088623,"tensor(0.2894, grad_fn=<MseLossBackward0>)",
4721,3.864299774169922,9.309745788574219,0.1186755895614624,0.018321705982089043,"tensor(0.3870, grad_fn=<MseLossBackward0>)",
4722,3.0983896255493164,9.700502395629883,0.04308779910206795,0.06634081900119781,"tensor(0.3187, grad_fn=<MseLossBackward0>)",
4723,6.021352767944336,10.778755187988281,0.033259034156799316,0.19065247476100922,"tensor(0.3836, grad_fn=<MseLossBackward0>)",
4724,2.0495595932006836,9.665059089660645,0.032908760011196136,0.03228219226002693,"tensor(0.3747, grad_fn=<MseLossBackward0>)",
4725,9.0347261428833,10.87826919555664,0.08585900068283081,0.2628175914287567,"tensor(0.2471, grad_fn=<MseLossBackward0>)",
4726,5.585515975952148,11.786330223083496,0.06256935745477676,0.1423695832490921,"tensor(0.4314, grad_fn=<MseLossBackward0>)",
4727,2.260396957397461,9.289507865905762,0.009139180183410645,0.0701141282916069,"tensor(0.2509, grad_fn=<MseLossBackward0>)",
4728,5.0562238693237305,9.676953315734863,0.032748978585004807,0.156806081533432,"tensor(0.2893, grad_fn=<MseLossBackward0>)",
4729,7.790667533874512,10.347423553466797,0.004340390209108591,0.29106998443603516,"tensor(0.3782, grad_fn=<MseLossBackward0>)",
4730,1.5701351165771484,10.346476554870605,0.011753936298191547,0.03464218229055405,"tensor(0.3761, grad_fn=<MseLossBackward0>)",
4731,5.500607490539551,11.743915557861328,0.0013301173457875848,0.20440486073493958,"tensor(0.3294, grad_fn=<MseLossBackward0>)",
4732,5.348358154296875,8.568060874938965,0.1151626706123352,0.08400577306747437,"tensor(0.3320, grad_fn=<MseLossBackward0>)",
4733,2.7611160278320312,10.139620780944824,0.011749844066798687,0.08463332802057266,"tensor(0.3338, grad_fn=<MseLossBackward0>)",
4734,3.4125747680664062,9.809979438781738,0.0,0.1224803701043129,"tensor(0.3072, grad_fn=<MseLossBackward0>)",
4735,2.780427932739258,10.426958084106445,0.0253585372120142,0.06518926471471786,"tensor(0.4915, grad_fn=<MseLossBackward0>)",
4736,2.805304527282715,9.734504699707031,0.03845836967229843,0.060929905623197556,"tensor(0.3007, grad_fn=<MseLossBackward0>)",
4737,7.4222412109375,11.160698890686035,0.17972712218761444,0.10385318100452423,"tensor(0.2813, grad_fn=<MseLossBackward0>)",
4738,5.806897163391113,11.06698989868164,0.0,0.2163119614124298,"tensor(0.3610, grad_fn=<MseLossBackward0>)",
4739,3.6443748474121094,11.026200294494629,0.021079877391457558,0.1067729964852333,"tensor(0.4144, grad_fn=<MseLossBackward0>)",
4740,5.175528526306152,9.568598747253418,0.012354095466434956,0.18344242870807648,"tensor(0.2394, grad_fn=<MseLossBackward0>)",
4741,5.188276290893555,10.091081619262695,0.05834345147013664,0.1359691321849823,"tensor(0.2893, grad_fn=<MseLossBackward0>)",
4742,3.765780448913574,11.161147117614746,0.0,0.13865835964679718,"tensor(0.2726, grad_fn=<MseLossBackward0>)",
4743,11.445873260498047,8.98314380645752,0.0558335967361927,0.3910011053085327,"tensor(0.2329, grad_fn=<MseLossBackward0>)",
4744,2.8815736770629883,8.910907745361328,0.0,0.1029496118426323,"tensor(0.2681, grad_fn=<MseLossBackward0>)",
4745,3.225823402404785,9.560531616210938,0.018514731898903847,0.09871478378772736,"tensor(0.2616, grad_fn=<MseLossBackward0>)",
4746,3.1763830184936523,8.580240249633789,0.04824167490005493,0.06501923501491547,"tensor(0.3079, grad_fn=<MseLossBackward0>)",
4747,4.827034950256348,8.234896659851074,0.0,0.17712083458900452,"tensor(0.3661, grad_fn=<MseLossBackward0>)",
4748,3.0623645782470703,8.913753509521484,0.0601038932800293,0.051260605454444885,"tensor(0.2315, grad_fn=<MseLossBackward0>)",
4749,5.143951416015625,7.916025638580322,0.1472463756799698,0.04229029268026352,"tensor(0.3735, grad_fn=<MseLossBackward0>)",
4750,4.975837230682373,7.62998628616333,0.13910357654094696,0.04440154507756233,"tensor(0.3477, grad_fn=<MseLossBackward0>)",
4751,2.136857509613037,8.002911567687988,0.027504244819283485,0.04851863533258438,"tensor(0.2021, grad_fn=<MseLossBackward0>)",
4752,4.657670974731445,8.556395530700684,0.10680137574672699,0.06471074372529984,"tensor(0.3180, grad_fn=<MseLossBackward0>)",
4753,4.147473335266113,9.461838722229004,0.0388360433280468,0.11437001824378967,"tensor(0.2642, grad_fn=<MseLossBackward0>)",
4754,2.5879344940185547,9.567120552062988,0.010444720275700092,0.07290980964899063,"tensor(0.4771, grad_fn=<MseLossBackward0>)",
4755,4.4398651123046875,10.499916076660156,0.022226015105843544,0.1392155885696411,"tensor(0.3788, grad_fn=<MseLossBackward0>)",
4756,4.435845375061035,8.919534683227539,0.08382026851177216,0.07929778844118118,"tensor(0.3209, grad_fn=<MseLossBackward0>)",
4757,4.217538833618164,11.40628719329834,0.05397599935531616,0.09981183707714081,"tensor(0.3327, grad_fn=<MseLossBackward0>)",
4758,2.0685997009277344,9.218940734863281,0.033508121967315674,0.03713097423315048,"tensor(0.2697, grad_fn=<MseLossBackward0>)",
4759,3.149423599243164,11.288491249084473,0.0,0.1156996637582779,"tensor(0.1888, grad_fn=<MseLossBackward0>)",
4760,3.7089929580688477,11.6403226852417,0.06963030248880386,0.0608750581741333,"tensor(0.4023, grad_fn=<MseLossBackward0>)",
4761,5.819822311401367,11.646432876586914,0.054953716695308685,0.1635308861732483,"tensor(0.2905, grad_fn=<MseLossBackward0>)",
4762,3.233724594116211,10.548705101013184,0.0,0.11559233069419861,"tensor(0.2974, grad_fn=<MseLossBackward0>)",
4763,3.9539270401000977,12.414340019226074,0.01208806037902832,0.13126331567764282,"tensor(0.3480, grad_fn=<MseLossBackward0>)",
4764,2.899261474609375,11.941590309143066,0.0,0.10273049771785736,"tensor(0.3005, grad_fn=<MseLossBackward0>)",
4765,3.7759580612182617,10.72325611114502,0.11058374494314194,0.027959167957305908,"tensor(0.2894, grad_fn=<MseLossBackward0>)",
4766,6.945691108703613,10.25281047821045,0.12066400051116943,0.14070019125938416,"tensor(0.3753, grad_fn=<MseLossBackward0>)",
4767,5.621399879455566,11.170973777770996,0.007237374782562256,0.20700038969516754,"tensor(0.2428, grad_fn=<MseLossBackward0>)",
4768,2.6840553283691406,11.140714645385742,0.009882867336273193,0.07549905776977539,"tensor(0.5300, grad_fn=<MseLossBackward0>)",
4769,1.7765064239501953,12.366899490356445,0.0009537140722386539,0.05799589306116104,"tensor(0.2693, grad_fn=<MseLossBackward0>)",
4770,5.126145362854004,11.806174278259277,0.0660473108291626,0.11848080903291702,"tensor(0.4802, grad_fn=<MseLossBackward0>)",
4771,6.558429718017578,10.568041801452637,0.1425161361694336,0.1072799488902092,"tensor(0.2899, grad_fn=<MseLossBackward0>)",
4772,2.166468620300293,11.737164497375488,0.009088675491511822,0.06130580976605415,"tensor(0.3604, grad_fn=<MseLossBackward0>)",
4773,5.773868560791016,9.518430709838867,0.0855514258146286,0.12945236265659332,"tensor(0.3723, grad_fn=<MseLossBackward0>)",
4774,4.997035026550293,11.525924682617188,0.07240120321512222,0.11364453285932541,"tensor(0.3013, grad_fn=<MseLossBackward0>)",
4775,2.726496696472168,11.154784202575684,0.02037014625966549,0.0713515430688858,"tensor(0.3712, grad_fn=<MseLossBackward0>)",
4776,2.9000205993652344,9.91711711883545,0.0,0.09895411878824234,"tensor(0.3685, grad_fn=<MseLossBackward0>)",
4777,14.29935073852539,11.604029655456543,0.1870403289794922,0.3692982792854309,"tensor(0.3380, grad_fn=<MseLossBackward0>)",
4778,2.0249252319335938,11.127458572387695,0.0,0.061936624348163605,"tensor(0.4256, grad_fn=<MseLossBackward0>)",
4779,7.321427345275879,9.506024360656738,0.003259797813370824,0.2738571763038635,"tensor(0.3067, grad_fn=<MseLossBackward0>)",
4780,3.501431465148926,10.475546836853027,0.038396913558244705,0.08410808444023132,"tensor(0.3456, grad_fn=<MseLossBackward0>)",
4781,16.902620315551758,9.44776725769043,0.010205845348536968,0.652858316898346,"tensor(0.2693, grad_fn=<MseLossBackward0>)",
4782,2.9345340728759766,9.684945106506348,0.026812532916665077,0.07396194338798523,"tensor(0.3191, grad_fn=<MseLossBackward0>)",
4783,3.9135026931762695,10.686943054199219,0.014141221530735493,0.12944796681404114,"tensor(0.2796, grad_fn=<MseLossBackward0>)",
4784,9.219111442565918,11.665716171264648,0.0,0.3560224771499634,"tensor(0.2258, grad_fn=<MseLossBackward0>)",
4785,3.842867851257324,9.401034355163574,0.023367702960968018,0.11785082519054413,"tensor(0.2665, grad_fn=<MseLossBackward0>)",
4786,8.342273712158203,11.708813667297363,0.005339344497770071,0.31616154313087463,"tensor(0.2785, grad_fn=<MseLossBackward0>)",
4787,2.6776552200317383,11.316434860229492,0.014721314422786236,0.07745901495218277,"tensor(0.3357, grad_fn=<MseLossBackward0>)",
4788,3.670604705810547,11.389019012451172,0.020465731620788574,0.1130712553858757,"tensor(0.3009, grad_fn=<MseLossBackward0>)",
4789,5.270020484924316,10.364874839782715,0.12436071783304214,0.07283532619476318,"tensor(0.2744, grad_fn=<MseLossBackward0>)",
4790,7.231011390686035,10.93785285949707,0.1419018656015396,0.13519906997680664,"tensor(0.2799, grad_fn=<MseLossBackward0>)",
4791,4.281390190124512,10.472076416015625,0.07547410577535629,0.08227566629648209,"tensor(0.2854, grad_fn=<MseLossBackward0>)",
4792,3.8610849380493164,10.734482765197754,0.07937043905258179,0.063362255692482,"tensor(0.2622, grad_fn=<MseLossBackward0>)",
4793,4.623749732971191,11.668286323547363,0.07502885162830353,0.09502872824668884,"tensor(0.3504, grad_fn=<MseLossBackward0>)",
4794,4.607982635498047,10.426084518432617,0.04264181852340698,0.12988349795341492,"tensor(0.2740, grad_fn=<MseLossBackward0>)",
4795,4.583950042724609,9.503899574279785,0.07400315999984741,0.09970782697200775,"tensor(0.2032, grad_fn=<MseLossBackward0>)",
4796,4.142474174499512,9.582161903381348,0.04343388229608536,0.10696367919445038,"tensor(0.3548, grad_fn=<MseLossBackward0>)",
4797,9.685809135437012,8.707111358642578,0.04128362610936165,0.3335990607738495,"tensor(0.2886, grad_fn=<MseLossBackward0>)",
4798,6.020538330078125,9.359359741210938,0.13570958375930786,0.08948537707328796,"tensor(0.3576, grad_fn=<MseLossBackward0>)",
4799,5.178605079650879,9.77511215209961,0.0,0.19315391778945923,"tensor(0.3145, grad_fn=<MseLossBackward0>)",
4800,3.1956968307495117,9.754388809204102,0.0846332311630249,0.03084646165370941,"tensor(0.2862, grad_fn=<MseLossBackward0>)",
4801,4.875236511230469,9.670220375061035,0.03865550085902214,0.14243024587631226,"tensor(0.3201, grad_fn=<MseLossBackward0>)",
4802,4.964526176452637,9.247400283813477,0.005650500301271677,0.1807466596364975,"tensor(0.2625, grad_fn=<MseLossBackward0>)",
4803,7.472234725952148,10.400516510009766,0.20719873905181885,0.07344509661197662,"tensor(0.4098, grad_fn=<MseLossBackward0>)",
4804,4.156608581542969,9.193621635437012,0.0,0.14832782745361328,"tensor(0.4226, grad_fn=<MseLossBackward0>)",
4805,2.8714637756347656,8.718143463134766,0.04181351140141487,0.061258845031261444,"tensor(0.2569, grad_fn=<MseLossBackward0>)",
4806,4.791014194488525,7.266411781311035,0.09878356754779816,0.08062035590410233,"tensor(0.2822, grad_fn=<MseLossBackward0>)",
4807,3.1631813049316406,11.428354263305664,0.0,0.10906332731246948,"tensor(0.3912, grad_fn=<MseLossBackward0>)",
4808,4.357282638549805,10.019279479980469,0.06320198625326157,0.09841896593570709,"tensor(0.2654, grad_fn=<MseLossBackward0>)",
4809,3.2856435775756836,10.379253387451172,0.02101411484181881,0.09304828941822052,"tensor(0.3956, grad_fn=<MseLossBackward0>)",
4810,5.985342979431152,9.454079627990723,0.0561198964715004,0.16939431428909302,"tensor(0.2893, grad_fn=<MseLossBackward0>)",
4811,2.070323944091797,10.092529296875,0.05385124683380127,0.015897680073976517,"tensor(0.2997, grad_fn=<MseLossBackward0>)",
4812,4.721041679382324,8.921564102172852,0.10663101822137833,0.06945908069610596,"tensor(0.2888, grad_fn=<MseLossBackward0>)",
4813,7.703442573547363,10.822805404663086,0.0,0.29220089316368103,"tensor(0.3772, grad_fn=<MseLossBackward0>)",
4814,4.99204158782959,8.219667434692383,0.04599626734852791,0.1421574354171753,"tensor(0.2496, grad_fn=<MseLossBackward0>)",
4815,3.7422447204589844,8.4098539352417,0.03296343609690666,0.10513530671596527,"tensor(0.2626, grad_fn=<MseLossBackward0>)",
4816,3.427104949951172,10.033283233642578,0.05558433383703232,0.06654562056064606,"tensor(0.3502, grad_fn=<MseLossBackward0>)",
4817,4.102832794189453,9.03160285949707,0.06453029066324234,0.08739987015724182,"tensor(0.2784, grad_fn=<MseLossBackward0>)",
4818,2.47800350189209,9.793900489807129,0.020336130633950233,0.06563550978899002,"tensor(0.2823, grad_fn=<MseLossBackward0>)",
4819,3.1327638626098633,10.267892837524414,0.031325459480285645,0.08362226188182831,"tensor(0.2267, grad_fn=<MseLossBackward0>)",
4820,3.9415149688720703,8.268653869628906,0.05245101451873779,0.09576623886823654,"tensor(0.2039, grad_fn=<MseLossBackward0>)",
4821,5.197317123413086,8.161677360534668,0.06948763132095337,0.1274135857820511,"tensor(0.2526, grad_fn=<MseLossBackward0>)",
4822,2.1139936447143555,9.774101257324219,0.04245777800679207,0.02734953723847866,"tensor(0.3295, grad_fn=<MseLossBackward0>)",
4823,2.2420949935913086,8.15981674194336,0.05098958685994148,0.03179099038243294,"tensor(0.1337, grad_fn=<MseLossBackward0>)",
4824,6.831679821014404,7.819672107696533,0.19019733369350433,0.06963570415973663,"tensor(0.3091, grad_fn=<MseLossBackward0>)",
4825,3.377950668334961,9.204985618591309,0.0595436692237854,0.06265831738710403,"tensor(0.3008, grad_fn=<MseLossBackward0>)",
4826,2.3731870651245117,9.750468254089355,0.019695540890097618,0.0606551319360733,"tensor(0.3231, grad_fn=<MseLossBackward0>)",
4827,2.5364580154418945,9.789186477661133,0.06153539940714836,0.02563069574534893,"tensor(0.3090, grad_fn=<MseLossBackward0>)",
4828,3.586965560913086,10.248324394226074,0.0,0.13113127648830414,"tensor(0.2537, grad_fn=<MseLossBackward0>)",
4829,5.234102249145508,9.489690780639648,0.024227241054177284,0.1745615303516388,"tensor(0.2149, grad_fn=<MseLossBackward0>)",
4830,3.44954776763916,11.650923728942871,0.004233797546476126,0.11520474404096603,"tensor(0.4033, grad_fn=<MseLossBackward0>)",
4831,15.009652137756348,9.41196346282959,0.0,0.5819920897483826,"tensor(0.3818, grad_fn=<MseLossBackward0>)",
4832,2.063180923461914,8.74034309387207,0.010234792716801167,0.06012671813368797,"tensor(0.2562, grad_fn=<MseLossBackward0>)",
4833,4.156381607055664,9.08796215057373,0.11673603951931,0.036424510180950165,"tensor(0.2480, grad_fn=<MseLossBackward0>)",
4834,10.531378746032715,9.659541130065918,0.0,0.4027821123600006,"tensor(0.4213, grad_fn=<MseLossBackward0>)",
4835,6.383343696594238,10.28311538696289,0.0026360154151916504,0.23872746527194977,"tensor(0.2960, grad_fn=<MseLossBackward0>)",
4836,2.8639326095581055,9.356231689453125,0.0,0.09909673035144806,"tensor(0.3474, grad_fn=<MseLossBackward0>)",
4837,6.572125434875488,9.548657417297363,0.0,0.2450922131538391,"tensor(0.3928, grad_fn=<MseLossBackward0>)",
4838,3.064037322998047,8.26282024383545,0.07959898561239243,0.029509471729397774,"tensor(0.2858, grad_fn=<MseLossBackward0>)",
4839,2.892292022705078,9.275242805480957,0.016726413741707802,0.08634699881076813,"tensor(0.2464, grad_fn=<MseLossBackward0>)",
4840,14.007920265197754,9.771154403686523,0.02743285894393921,0.5196936726570129,"tensor(0.2564, grad_fn=<MseLossBackward0>)",
4841,8.645472526550293,9.681303977966309,0.018515368923544884,0.3094041049480438,"tensor(0.3946, grad_fn=<MseLossBackward0>)",
4842,6.593661308288574,8.161376953125,0.011468212120234966,0.2379206120967865,"tensor(0.2723, grad_fn=<MseLossBackward0>)",
4843,1.824437141418457,10.218925476074219,0.0,0.06063707172870636,"tensor(0.2377, grad_fn=<MseLossBackward0>)",
4844,1.5135831832885742,9.132163047790527,0.0,0.04513642191886902,"tensor(0.3410, grad_fn=<MseLossBackward0>)",
4845,4.074585914611816,9.28183364868164,0.08795565366744995,0.05969289690256119,"tensor(0.3442, grad_fn=<MseLossBackward0>)",
4846,5.1415181159973145,7.997735023498535,0.08887267112731934,0.1039644330739975,"tensor(0.2603, grad_fn=<MseLossBackward0>)",
4847,2.2676916122436523,9.619804382324219,0.04747327044606209,0.02961381897330284,"tensor(0.2859, grad_fn=<MseLossBackward0>)",
4848,4.589487075805664,9.789200782775879,0.08356676250696182,0.0896882712841034,"tensor(0.2063, grad_fn=<MseLossBackward0>)",
4849,5.243252754211426,9.235023498535156,0.08190663158893585,0.11212332546710968,"tensor(0.3586, grad_fn=<MseLossBackward0>)",
4850,5.361416816711426,9.74993896484375,0.12366291135549545,0.07665286958217621,"tensor(0.3015, grad_fn=<MseLossBackward0>)",
4851,1.805464744567871,10.167540550231934,0.04556971788406372,0.0114597762003541,"tensor(0.3264, grad_fn=<MseLossBackward0>)",
4852,3.275881767272949,8.864582061767578,0.07167943567037582,0.04894506558775902,"tensor(0.2301, grad_fn=<MseLossBackward0>)",
4853,6.870418548583984,10.848786354064941,0.07564198970794678,0.18627038598060608,"tensor(0.2920, grad_fn=<MseLossBackward0>)",
4854,4.568875312805176,8.868672370910645,0.01675117015838623,0.14874067902565002,"tensor(0.3882, grad_fn=<MseLossBackward0>)",
4855,3.767777442932129,9.714155197143555,0.01198462676256895,0.12406693398952484,"tensor(0.3251, grad_fn=<MseLossBackward0>)",
4856,4.503873825073242,10.37555980682373,0.04960940033197403,0.11774169653654099,"tensor(0.2445, grad_fn=<MseLossBackward0>)",
4857,5.478192329406738,8.683956146240234,0.045177262276411057,0.15915976464748383,"tensor(0.3123, grad_fn=<MseLossBackward0>)",
4858,6.87831974029541,9.234151840209961,0.05498570203781128,0.20680028200149536,"tensor(0.3009, grad_fn=<MseLossBackward0>)",
4859,5.020196914672852,9.535627365112305,0.055041391402482986,0.13226450979709625,"tensor(0.2269, grad_fn=<MseLossBackward0>)",
4860,5.451753616333008,8.813867568969727,0.0162656307220459,0.18927446007728577,"tensor(0.2489, grad_fn=<MseLossBackward0>)",
4861,3.323521614074707,9.004430770874023,0.08840294927358627,0.025893939658999443,"tensor(0.4223, grad_fn=<MseLossBackward0>)",
4862,2.5754613876342773,8.868119239807129,0.0702105388045311,0.02285158820450306,"tensor(0.1667, grad_fn=<MseLossBackward0>)",
4863,5.623891830444336,7.998501300811768,0.08435342460870743,0.12724044919013977,"tensor(0.2811, grad_fn=<MseLossBackward0>)",
4864,4.623007774353027,7.552822589874268,0.06843851506710052,0.10593986511230469,"tensor(0.2195, grad_fn=<MseLossBackward0>)",
4865,2.7513680458068848,7.750626087188721,0.010176102630794048,0.08864222466945648,"tensor(0.2125, grad_fn=<MseLossBackward0>)",
4866,3.4282736778259277,7.439848899841309,0.04359133914113045,0.07622726261615753,"tensor(0.3350, grad_fn=<MseLossBackward0>)",
4867,6.696031093597412,7.5813212394714355,0.12115386873483658,0.13418668508529663,"tensor(0.2676, grad_fn=<MseLossBackward0>)",
4868,6.475221157073975,7.3226470947265625,0.08095552772283554,0.16760848462581635,"tensor(0.2329, grad_fn=<MseLossBackward0>)",
4869,2.7642040252685547,8.7389497756958,0.024292171001434326,0.07074669748544693,"tensor(0.3536, grad_fn=<MseLossBackward0>)",
4870,5.2553935050964355,7.404490947723389,0.07764420658349991,0.1209535002708435,"tensor(0.2483, grad_fn=<MseLossBackward0>)",
4871,5.492156028747559,10.086417198181152,0.0313115119934082,0.17012205719947815,"tensor(0.3706, grad_fn=<MseLossBackward0>)",
4872,4.773039817810059,8.230062484741211,0.06545108556747437,0.10751998424530029,"tensor(0.3916, grad_fn=<MseLossBackward0>)",
4873,3.2149219512939453,10.420413970947266,0.057023484259843826,0.0580655112862587,"tensor(0.3109, grad_fn=<MseLossBackward0>)",
4874,7.165329933166504,8.961174011230469,0.1017402783036232,0.170884370803833,"tensor(0.3159, grad_fn=<MseLossBackward0>)",
4875,6.481501579284668,9.635261535644531,0.14096690714359283,0.1020326316356659,"tensor(0.3819, grad_fn=<MseLossBackward0>)",
4876,3.2314023971557617,9.484840393066406,0.08439484983682632,0.027992557734251022,"tensor(0.3680, grad_fn=<MseLossBackward0>)",
4877,4.984330177307129,9.063448905944824,0.09499609470367432,0.08914613723754883,"tensor(0.3416, grad_fn=<MseLossBackward0>)",
4878,3.853473663330078,10.338896751403809,0.02753404714167118,0.11007865518331528,"tensor(0.3573, grad_fn=<MseLossBackward0>)",
4879,2.579129219055176,10.032218933105469,0.034128885716199875,0.053493574261665344,"tensor(0.3571, grad_fn=<MseLossBackward0>)",
4880,3.8762664794921875,9.043155670166016,0.09090051800012589,0.045301664620637894,"tensor(0.4235, grad_fn=<MseLossBackward0>)",
4881,11.943099021911621,9.574655532836914,0.0,0.46646788716316223,"tensor(0.2129, grad_fn=<MseLossBackward0>)",
4882,7.2842206954956055,10.877333641052246,0.05353635549545288,0.2204797863960266,"tensor(0.3906, grad_fn=<MseLossBackward0>)",
4883,1.3145275115966797,10.467647552490234,0.0,0.04095122963190079,"tensor(0.2337, grad_fn=<MseLossBackward0>)",
4884,3.8230113983154297,9.774717330932617,0.0,0.13480857014656067,"tensor(0.4140, grad_fn=<MseLossBackward0>)",
4885,5.519858360290527,10.958468437194824,0.0,0.2062704861164093,"tensor(0.3023, grad_fn=<MseLossBackward0>)",
4886,7.990660667419434,10.504486083984375,0.034554582089185715,0.2705335021018982,"tensor(0.3204, grad_fn=<MseLossBackward0>)",
4887,2.2994470596313477,11.502983093261719,0.0,0.07514531165361404,"tensor(0.3037, grad_fn=<MseLossBackward0>)",
4888,2.5681228637695312,10.105051040649414,0.0073785982094705105,0.08077234029769897,"tensor(0.3263, grad_fn=<MseLossBackward0>)",
4889,2.156733512878418,10.460006713867188,0.0,0.07334060966968536,"tensor(0.2730, grad_fn=<MseLossBackward0>)",
4890,2.530241012573242,9.752199172973633,0.024445096030831337,0.06555672734975815,"tensor(0.2088, grad_fn=<MseLossBackward0>)",
4891,3.4797754287719727,10.248730659484863,0.04572874307632446,0.07814434170722961,"tensor(0.3561, grad_fn=<MseLossBackward0>)",
4892,5.9286956787109375,10.27023983001709,0.0,0.22035548090934753,"tensor(0.3572, grad_fn=<MseLossBackward0>)",
4893,1.6003732681274414,9.849059104919434,0.011582553386688232,0.03411269187927246,"tensor(0.4265, grad_fn=<MseLossBackward0>)",
4894,3.1630306243896484,8.870668411254883,0.03648300841450691,0.07666458189487457,"tensor(0.3082, grad_fn=<MseLossBackward0>)",
4895,3.895009994506836,8.471139907836914,0.053871553391218185,0.08520238101482391,"tensor(0.3489, grad_fn=<MseLossBackward0>)",
4896,9.887568473815918,8.134037017822266,0.06204503774642944,0.32288265228271484,"tensor(0.2401, grad_fn=<MseLossBackward0>)",
4897,5.570782661437988,9.54294490814209,0.05395587161183357,0.15203380584716797,"tensor(0.3734, grad_fn=<MseLossBackward0>)",
4898,6.952805519104004,8.352648735046387,0.11831766366958618,0.14433909952640533,"tensor(0.3441, grad_fn=<MseLossBackward0>)",
4899,2.36918306350708,7.141696929931641,0.0,0.08046679198741913,"tensor(0.3339, grad_fn=<MseLossBackward0>)",
4900,6.536053657531738,8.545320510864258,0.0470011830329895,0.2037244737148285,"tensor(0.2318, grad_fn=<MseLossBackward0>)",
4901,3.1922059059143066,7.135992050170898,0.04439622163772583,0.06986159086227417,"tensor(0.3075, grad_fn=<MseLossBackward0>)",
4902,3.0810484886169434,7.552797794342041,0.050036609172821045,0.059045784175395966,"tensor(0.3092, grad_fn=<MseLossBackward0>)",
4903,3.4087862968444824,7.547196388244629,0.08806850761175156,0.03903147950768471,"tensor(0.2067, grad_fn=<MseLossBackward0>)",
4904,4.0672526359558105,7.5052690505981445,0.0771346464753151,0.07331676781177521,"tensor(0.2636, grad_fn=<MseLossBackward0>)",
4905,4.580039024353027,8.232264518737793,0.04530167579650879,0.12039116770029068,"tensor(0.4092, grad_fn=<MseLossBackward0>)",
4906,2.7644052505493164,8.273069381713867,0.06948858499526978,0.032508254051208496,"tensor(0.1953, grad_fn=<MseLossBackward0>)",
4907,4.241162300109863,8.801271438598633,0.08841017633676529,0.06557342410087585,"tensor(0.3334, grad_fn=<MseLossBackward0>)",
4908,4.111152648925781,8.15869140625,0.0011792182922363281,0.15471549332141876,"tensor(0.1563, grad_fn=<MseLossBackward0>)",
4909,3.3846821784973145,7.671670913696289,0.015224139206111431,0.109720878303051,"tensor(0.2114, grad_fn=<MseLossBackward0>)",
4910,2.0076351165771484,8.780733108520508,0.0,0.06628555804491043,"tensor(0.2787, grad_fn=<MseLossBackward0>)",
4911,2.187366485595703,8.024805068969727,0.05033133551478386,0.021877195686101913,"tensor(0.3085, grad_fn=<MseLossBackward0>)",
4912,2.773083209991455,7.881019115447998,0.05933819338679314,0.03871416673064232,"tensor(0.2914, grad_fn=<MseLossBackward0>)",
4913,2.7809081077575684,7.424781322479248,0.04416626691818237,0.04955017939209938,"tensor(0.3804, grad_fn=<MseLossBackward0>)",
4914,4.398388862609863,8.961609840393066,0.0038701295852661133,0.15596771240234375,"tensor(0.3507, grad_fn=<MseLossBackward0>)",
4915,4.500632286071777,10.695594787597656,0.0,0.159959077835083,"tensor(0.4619, grad_fn=<MseLossBackward0>)",
4916,10.314619064331055,8.739867210388184,0.1513628512620926,0.24644848704338074,"tensor(0.3148, grad_fn=<MseLossBackward0>)",
4917,1.9525861740112305,8.940982818603516,0.0278017520904541,0.032290875911712646,"tensor(0.4236, grad_fn=<MseLossBackward0>)",
4918,8.61974048614502,8.961207389831543,0.09310659021139145,0.23486320674419403,"tensor(0.3748, grad_fn=<MseLossBackward0>)",
4919,3.7252426147460938,10.413786888122559,0.10110341012477875,0.03158411756157875,"tensor(0.3730, grad_fn=<MseLossBackward0>)",
4920,6.024238586425781,10.379717826843262,0.07866712659597397,0.1493031084537506,"tensor(0.2977, grad_fn=<MseLossBackward0>)",
4921,1.936422348022461,8.750943183898926,0.036935608834028244,0.02550494484603405,"tensor(0.3267, grad_fn=<MseLossBackward0>)",
4922,4.988493919372559,11.477811813354492,0.006743669509887695,0.17949877679347992,"tensor(0.3126, grad_fn=<MseLossBackward0>)",
4923,5.228672027587891,9.568413734436035,0.060579992830753326,0.13282914459705353,"tensor(0.3209, grad_fn=<MseLossBackward0>)",
4924,3.8536386489868164,10.684242248535156,0.06359392404556274,0.06926797330379486,"tensor(0.4853, grad_fn=<MseLossBackward0>)",
4925,1.6293935775756836,11.807937622070312,0.0,0.05238334834575653,"tensor(0.2904, grad_fn=<MseLossBackward0>)",
4926,5.096449851989746,11.137441635131836,0.08047163486480713,0.11209116876125336,"tensor(0.2586, grad_fn=<MseLossBackward0>)",
4927,3.9214096069335938,11.743232727050781,0.014433145523071289,0.12710872292518616,"tensor(0.3320, grad_fn=<MseLossBackward0>)",
4928,1.8010711669921875,10.948502540588379,0.013840277679264545,0.039686717092990875,"tensor(0.4232, grad_fn=<MseLossBackward0>)",
4929,9.593201637268066,12.583879470825195,0.04581214860081673,0.3215333819389343,"tensor(0.3601, grad_fn=<MseLossBackward0>)",
4930,5.720263481140137,11.158918380737305,0.05130082368850708,0.16367188096046448,"tensor(0.2977, grad_fn=<MseLossBackward0>)",
4931,4.84449577331543,10.342169761657715,0.0023102164268493652,0.17398113012313843,"tensor(0.4111, grad_fn=<MseLossBackward0>)",
4932,4.392637252807617,10.91309928894043,0.019777396693825722,0.13666300475597382,"tensor(0.4634, grad_fn=<MseLossBackward0>)",
4933,11.450541496276855,11.453295707702637,0.07145249843597412,0.37307822704315186,"tensor(0.3084, grad_fn=<MseLossBackward0>)",
4934,7.836359977722168,9.804226875305176,0.012727916240692139,0.2839204967021942,"tensor(0.3989, grad_fn=<MseLossBackward0>)",
4935,4.747369766235352,9.943211555480957,0.02105877734720707,0.15879429876804352,"tensor(0.2138, grad_fn=<MseLossBackward0>)",
4936,3.503145217895508,9.923384666442871,0.06472985446453094,0.06301508098840714,"tensor(0.2847, grad_fn=<MseLossBackward0>)",
4937,9.34610652923584,10.503697395324707,0.22286173701286316,0.13619087636470795,"tensor(0.3425, grad_fn=<MseLossBackward0>)",
4938,9.309330940246582,10.426223754882812,0.12993989884853363,0.2267056256532669,"tensor(0.3757, grad_fn=<MseLossBackward0>)",
4939,7.2065019607543945,11.724401473999023,0.16249656677246094,0.10515211522579193,"tensor(0.4913, grad_fn=<MseLossBackward0>)",
4940,5.731334686279297,10.060368537902832,0.1353028416633606,0.08106319606304169,"tensor(0.2863, grad_fn=<MseLossBackward0>)",
4941,4.572792053222656,11.017162322998047,0.05993068218231201,0.1007310003042221,"tensor(0.5232, grad_fn=<MseLossBackward0>)",
4942,5.180542945861816,10.732285499572754,0.0593554750084877,0.13294441998004913,"tensor(0.3261, grad_fn=<MseLossBackward0>)",
4943,5.605096817016602,11.929280281066895,0.026227612048387527,0.185732901096344,"tensor(0.2872, grad_fn=<MseLossBackward0>)",
4944,5.765887260437012,9.664602279663086,0.022291401401162148,0.18827176094055176,"tensor(0.4511, grad_fn=<MseLossBackward0>)",
4945,8.08254337310791,9.484031677246094,0.017053505405783653,0.2920973598957062,"tensor(0.3276, grad_fn=<MseLossBackward0>)",
4946,7.907297134399414,9.808838844299316,0.0,0.30295825004577637,"tensor(0.2690, grad_fn=<MseLossBackward0>)",
4947,3.4390745162963867,9.434968948364258,0.0428914837539196,0.08100806176662445,"tensor(0.3089, grad_fn=<MseLossBackward0>)",
4948,5.027549743652344,8.726333618164062,0.0,0.18356919288635254,"tensor(0.4027, grad_fn=<MseLossBackward0>)",
4949,3.1400394439697266,10.535310745239258,0.021618982776999474,0.09282036870718002,"tensor(0.2279, grad_fn=<MseLossBackward0>)",
4950,3.1977405548095703,8.704644203186035,0.04683762788772583,0.06905219703912735,"tensor(0.2545, grad_fn=<MseLossBackward0>)",
4951,4.48056697845459,8.90866470336914,0.07823828607797623,0.08333172649145126,"tensor(0.4019, grad_fn=<MseLossBackward0>)",
4952,6.801409721374512,8.617208480834961,0.053195495158433914,0.20632925629615784,"tensor(0.2917, grad_fn=<MseLossBackward0>)",
4953,2.1715049743652344,9.7357177734375,0.018557706847786903,0.05077025294303894,"tensor(0.4087, grad_fn=<MseLossBackward0>)",
4954,3.5913944244384766,9.481534004211426,0.08162955939769745,0.04549191892147064,"tensor(0.3753, grad_fn=<MseLossBackward0>)",
4955,2.0592565536499023,9.2681245803833,0.006189465522766113,0.06210119277238846,"tensor(0.3318, grad_fn=<MseLossBackward0>)",
4956,5.459449768066406,8.800612449645996,0.0007940729265101254,0.20617008209228516,"tensor(0.2592, grad_fn=<MseLossBackward0>)",
4957,6.192030906677246,8.97833251953125,0.12051916122436523,0.11073683947324753,"tensor(0.3924, grad_fn=<MseLossBackward0>)",
4958,4.803425312042236,8.021171569824219,0.143378347158432,0.03448853641748428,"tensor(0.3345, grad_fn=<MseLossBackward0>)",
4959,1.7600488662719727,10.32700252532959,0.03493986278772354,0.019155777990818024,"tensor(0.3737, grad_fn=<MseLossBackward0>)",
4960,4.349635124206543,10.806647300720215,0.08435039222240448,0.07809484004974365,"tensor(0.2234, grad_fn=<MseLossBackward0>)",
4961,5.500618934631348,8.699322700500488,0.12436783313751221,0.07989388704299927,"tensor(0.3871, grad_fn=<MseLossBackward0>)",
4962,3.2989797592163086,10.221656799316406,0.06062978506088257,0.05695687606930733,"tensor(0.3318, grad_fn=<MseLossBackward0>)",
4963,3.254269599914551,9.361791610717773,0.057118892669677734,0.05736339092254639,"tensor(0.3526, grad_fn=<MseLossBackward0>)",
4964,4.637986183166504,10.166253089904785,0.0506833977997303,0.11786520481109619,"tensor(0.4034, grad_fn=<MseLossBackward0>)",
4965,5.016299247741699,9.288904190063477,0.08699822425842285,0.09830305725336075,"tensor(0.3500, grad_fn=<MseLossBackward0>)",
4966,3.960855484008789,9.778939247131348,0.009440481662750244,0.1349480003118515,"tensor(0.3258, grad_fn=<MseLossBackward0>)",
4967,4.9307451248168945,9.498601913452148,0.07538473606109619,0.10511668771505356,"tensor(0.3839, grad_fn=<MseLossBackward0>)",
4968,2.7354001998901367,10.111979484558105,0.00493013858795166,0.09323184937238693,"tensor(0.2152, grad_fn=<MseLossBackward0>)",
4969,7.304535865783691,11.345513343811035,0.01797928474843502,0.2575875222682953,"tensor(0.3780, grad_fn=<MseLossBackward0>)",
4970,7.203422546386719,9.758365631103516,0.055739182978868484,0.21443039178848267,"tensor(0.3988, grad_fn=<MseLossBackward0>)",
4971,4.212038040161133,10.185200691223145,0.008803586475551128,0.1462932825088501,"tensor(0.3028, grad_fn=<MseLossBackward0>)",
4972,4.298300743103027,10.572765350341797,0.006883402820676565,0.15029899775981903,"tensor(0.2596, grad_fn=<MseLossBackward0>)",
4973,15.55001449584961,9.400211334228516,0.16680684685707092,0.4376966953277588,"tensor(0.3924, grad_fn=<MseLossBackward0>)",
4974,2.7083444595336914,10.969402313232422,0.0,0.09444667398929596,"tensor(0.2994, grad_fn=<MseLossBackward0>)",
4975,2.6159791946411133,10.497953414916992,0.0,0.08843842148780823,"tensor(0.3673, grad_fn=<MseLossBackward0>)",
4976,5.900408744812012,9.735156059265137,0.0,0.22259081900119781,"tensor(0.2931, grad_fn=<MseLossBackward0>)",
4977,2.6226863861083984,11.115177154541016,0.06720290333032608,0.022283591330051422,"tensor(0.3557, grad_fn=<MseLossBackward0>)",
4978,11.807525634765625,11.7075777053833,0.0,0.45448586344718933,"tensor(0.3724, grad_fn=<MseLossBackward0>)",
4979,9.332432746887207,10.760436058044434,0.016704360023140907,0.33841168880462646,"tensor(0.4229, grad_fn=<MseLossBackward0>)",
4980,5.103426933288574,11.150161743164062,0.15636160969734192,0.03403773531317711,"tensor(0.2960, grad_fn=<MseLossBackward0>)",
4981,6.757148742675781,8.660640716552734,0.04484794661402702,0.21350696682929993,"tensor(0.2736, grad_fn=<MseLossBackward0>)",
4982,7.063168525695801,11.001548767089844,0.09643876552581787,0.17246992886066437,"tensor(0.3099, grad_fn=<MseLossBackward0>)",
4983,4.324835777282715,10.206084251403809,0.06997799873352051,0.08508375287055969,"tensor(0.4363, grad_fn=<MseLossBackward0>)",
4984,4.522839546203613,8.761781692504883,0.08257894217967987,0.08744101226329803,"tensor(0.2370, grad_fn=<MseLossBackward0>)",
4985,4.551657676696777,9.833064079284668,0.10899363458156586,0.062696173787117,"tensor(0.2264, grad_fn=<MseLossBackward0>)",
4986,8.178717613220215,9.028693199157715,0.14429537951946259,0.16930225491523743,"tensor(0.3222, grad_fn=<MseLossBackward0>)",
4987,4.028520584106445,10.31332778930664,0.1108783707022667,0.037990596145391464,"tensor(0.2629, grad_fn=<MseLossBackward0>)",
4988,4.798121452331543,8.76463794708252,0.08420094102621078,0.09572774171829224,"tensor(0.2682, grad_fn=<MseLossBackward0>)",
4989,2.383357048034668,9.127288818359375,0.03919112682342529,0.04638231545686722,"tensor(0.2242, grad_fn=<MseLossBackward0>)",
4990,2.3147220611572266,8.51555061340332,0.03821232169866562,0.04149729385972023,"tensor(0.2971, grad_fn=<MseLossBackward0>)",
4991,4.852316856384277,8.623907089233398,0.05572608858346939,0.1282253861427307,"tensor(0.2059, grad_fn=<MseLossBackward0>)",
4992,4.839154243469238,9.233841896057129,0.10504994541406631,0.07731087505817413,"tensor(0.2530, grad_fn=<MseLossBackward0>)",
4993,8.632763862609863,9.845381736755371,0.011447508819401264,0.3225792348384857,"tensor(0.2608, grad_fn=<MseLossBackward0>)",
4994,13.729300498962402,9.003002166748047,0.033880870789289474,0.503319501876831,"tensor(0.2296, grad_fn=<MseLossBackward0>)",
4995,2.701779365539551,8.536219596862793,0.04896358773112297,0.04611281305551529,"tensor(0.2575, grad_fn=<MseLossBackward0>)",
4996,3.4024906158447266,9.426636695861816,0.0,0.12231609970331192,"tensor(0.2968, grad_fn=<MseLossBackward0>)",
4997,3.3693532943725586,8.116782188415527,0.02116040326654911,0.10215625911951065,"tensor(0.2380, grad_fn=<MseLossBackward0>)",
4998,2.871976852416992,9.00190544128418,0.013851563446223736,0.08738860487937927,"tensor(0.3138, grad_fn=<MseLossBackward0>)",
4999,4.677617073059082,7.763278961181641,0.040227968245744705,0.13393659889698029,"tensor(0.2725, grad_fn=<MseLossBackward0>)",
5000,5.216322898864746,8.745723724365234,0.021539071574807167,0.1714874804019928,"tensor(0.3384, grad_fn=<MseLossBackward0>)","[0.999086856842041, 0.9671589136123657, 1.2114300727844238]"
5001,3.2991409301757812,8.820028305053711,0.06434210389852524,0.05469450354576111,"tensor(0.2645, grad_fn=<MseLossBackward0>)",
5002,6.200190544128418,9.568416595458984,0.0056215920485556126,0.22795771062374115,"tensor(0.3297, grad_fn=<MseLossBackward0>)",
5003,3.269010543823242,9.562877655029297,0.03506849333643913,0.0797465443611145,"tensor(0.3676, grad_fn=<MseLossBackward0>)",
5004,3.655451774597168,9.785012245178223,0.04160984233021736,0.09077061712741852,"tensor(0.2938, grad_fn=<MseLossBackward0>)",
5005,1.5228376388549805,9.272464752197266,0.0033453304786235094,0.03974625840783119,"tensor(0.4017, grad_fn=<MseLossBackward0>)",
5006,8.346575736999512,9.408184051513672,0.10883133113384247,0.2134305089712143,"tensor(0.2491, grad_fn=<MseLossBackward0>)",
5007,8.536147117614746,9.579328536987305,0.1943005472421646,0.1312170773744583,"tensor(0.3657, grad_fn=<MseLossBackward0>)",
5008,3.7562999725341797,8.664358139038086,0.06354254484176636,0.07516072690486908,"tensor(0.2638, grad_fn=<MseLossBackward0>)",
5009,8.060544967651367,8.854020118713379,0.056637607514858246,0.2505956292152405,"tensor(0.3501, grad_fn=<MseLossBackward0>)",
5010,5.4488525390625,9.651275634765625,0.0,0.20872652530670166,"tensor(0.2020, grad_fn=<MseLossBackward0>)",
5011,8.851577758789062,10.409565925598145,0.30074048042297363,0.03743526339530945,"tensor(0.3825, grad_fn=<MseLossBackward0>)",
5012,3.5520315170288086,10.7222900390625,0.09628312289714813,0.036456894129514694,"tensor(0.2088, grad_fn=<MseLossBackward0>)",
5013,1.834151268005371,9.179758071899414,0.04095162823796272,0.020955346524715424,"tensor(0.2657, grad_fn=<MseLossBackward0>)",
5014,2.0076112747192383,9.12236499786377,0.03995732590556145,0.031212879344820976,"tensor(0.2124, grad_fn=<MseLossBackward0>)",
5015,4.555458068847656,10.048116683959961,0.07893858850002289,0.08861622214317322,"tensor(0.3366, grad_fn=<MseLossBackward0>)",
5016,3.4387245178222656,10.504034996032715,0.0635487288236618,0.060484424233436584,"tensor(0.3179, grad_fn=<MseLossBackward0>)",
5017,2.088221549987793,9.753253936767578,0.014289955608546734,0.04954453930258751,"tensor(0.4576, grad_fn=<MseLossBackward0>)",
5018,4.334228515625,9.721400260925293,0.07041434198617935,0.09207635372877121,"tensor(0.2396, grad_fn=<MseLossBackward0>)",
5019,6.056219100952148,9.372264862060547,0.12772363424301147,0.09989704191684723,"tensor(0.3369, grad_fn=<MseLossBackward0>)",
5020,3.700139045715332,9.059340476989746,0.026393195614218712,0.10883502662181854,"tensor(0.2616, grad_fn=<MseLossBackward0>)",
5021,2.753284454345703,9.956607818603516,0.010431031696498394,0.08250397443771362,"tensor(0.3707, grad_fn=<MseLossBackward0>)",
5022,5.560015678405762,10.237858772277832,0.0,0.20675314962863922,"tensor(0.3176, grad_fn=<MseLossBackward0>)",
5023,4.142423629760742,8.700823783874512,0.025980493053793907,0.1225861981511116,"tensor(0.3380, grad_fn=<MseLossBackward0>)",
5024,2.823855400085449,10.01623249053955,0.0,0.09939257055521011,"tensor(0.2373, grad_fn=<MseLossBackward0>)",
5025,2.282520294189453,10.931785583496094,0.004218578338623047,0.07626614719629288,"tensor(0.1859, grad_fn=<MseLossBackward0>)",
5026,4.500727653503418,9.690973281860352,0.061406273394823074,0.09727536141872406,"tensor(0.4496, grad_fn=<MseLossBackward0>)",
5027,6.110118865966797,9.823094367980957,0.01152553129941225,0.21810972690582275,"tensor(0.2748, grad_fn=<MseLossBackward0>)",
5028,10.089667320251465,11.735066413879395,0.004210194107145071,0.378832072019577,"tensor(0.3081, grad_fn=<MseLossBackward0>)",
5029,13.053805351257324,10.7913818359375,0.027768632397055626,0.47070565819740295,"tensor(0.4348, grad_fn=<MseLossBackward0>)",
5030,17.202686309814453,10.712368965148926,0.0037609536666423082,0.6682319045066833,"tensor(0.2945, grad_fn=<MseLossBackward0>)",
5031,9.280552864074707,10.60951042175293,0.0,0.3560701310634613,"tensor(0.2802, grad_fn=<MseLossBackward0>)",
5032,3.283848762512207,10.280187606811523,0.024593114852905273,0.09064353257417679,"tensor(0.3049, grad_fn=<MseLossBackward0>)",
5033,7.555293083190918,10.037224769592285,0.04401830956339836,0.24270887672901154,"tensor(0.3136, grad_fn=<MseLossBackward0>)",
5034,1.8797788619995117,10.27966594696045,0.017053445801138878,0.0402720682322979,"tensor(0.4094, grad_fn=<MseLossBackward0>)",
5035,7.7147979736328125,9.784538269042969,0.17067308723926544,0.12753713130950928,"tensor(0.2230, grad_fn=<MseLossBackward0>)",
5036,2.0095739364624023,10.957674026489258,0.018712202087044716,0.04477958753705025,"tensor(0.3851, grad_fn=<MseLossBackward0>)",
5037,4.496081352233887,11.20262622833252,0.01121819019317627,0.1561809927225113,"tensor(0.2543, grad_fn=<MseLossBackward0>)",
5038,6.467464447021484,11.068967819213867,0.040892958641052246,0.20317409932613373,"tensor(0.3191, grad_fn=<MseLossBackward0>)",
5039,8.39948844909668,10.098071098327637,0.1349456012248993,0.18421295285224915,"tensor(0.3871, grad_fn=<MseLossBackward0>)",
5040,7.520966529846191,10.853922843933105,0.008644461631774902,0.27217593789100647,"tensor(0.4633, grad_fn=<MseLossBackward0>)",
5041,8.211091995239258,10.088103294372559,0.1710616946220398,0.14528429508209229,"tensor(0.2775, grad_fn=<MseLossBackward0>)",
5042,4.84950065612793,9.573177337646484,0.1696544587612152,0.012770693749189377,"tensor(0.2514, grad_fn=<MseLossBackward0>)",
5043,2.6779537200927734,10.514466285705566,0.02940545603632927,0.06588678061962128,"tensor(0.2751, grad_fn=<MseLossBackward0>)",
5044,6.104916572570801,9.142927169799805,0.07066724449396133,0.16117453575134277,"tensor(0.2788, grad_fn=<MseLossBackward0>)",
5045,5.298562049865723,9.97293758392334,0.017923593521118164,0.17679336667060852,"tensor(0.3862, grad_fn=<MseLossBackward0>)",
5046,1.5321388244628906,10.69452953338623,0.006448527332395315,0.034425586462020874,"tensor(0.4879, grad_fn=<MseLossBackward0>)",
5047,8.280701637268066,10.08191967010498,0.07608851045370102,0.23846417665481567,"tensor(0.3843, grad_fn=<MseLossBackward0>)",
5048,9.618438720703125,10.485589027404785,0.040161825716495514,0.33217012882232666,"tensor(0.2639, grad_fn=<MseLossBackward0>)",
5049,3.670612335205078,9.741911888122559,0.07193130254745483,0.05934827774763107,"tensor(0.3453, grad_fn=<MseLossBackward0>)",
5050,6.749725341796875,9.166877746582031,0.07490720599889755,0.17530463635921478,"tensor(0.4663, grad_fn=<MseLossBackward0>)",
5051,3.635767936706543,9.773354530334473,0.058236878365278244,0.07362134754657745,"tensor(0.2814, grad_fn=<MseLossBackward0>)",
5052,2.544539451599121,9.365147590637207,0.0,0.09220051765441895,"tensor(0.2114, grad_fn=<MseLossBackward0>)",
5053,4.873896598815918,8.458986282348633,0.08586642891168594,0.09603617340326309,"tensor(0.2456, grad_fn=<MseLossBackward0>)",
5054,7.960144996643066,10.089041709899902,0.06272806972265244,0.24385511875152588,"tensor(0.2400, grad_fn=<MseLossBackward0>)",
5055,6.801875114440918,8.829859733581543,0.04110515117645264,0.2194032073020935,"tensor(0.2352, grad_fn=<MseLossBackward0>)",
5056,4.633214950561523,8.413285255432129,0.02997579053044319,0.14244158565998077,"tensor(0.2624, grad_fn=<MseLossBackward0>)",
5057,5.550653457641602,9.046651840209961,0.056435663253068924,0.15463796257972717,"tensor(0.2318, grad_fn=<MseLossBackward0>)",
5058,2.688150405883789,8.29300594329834,0.003270566463470459,0.09247954189777374,"tensor(0.2646, grad_fn=<MseLossBackward0>)",
5059,4.758810520172119,7.43260383605957,0.07225576788187027,0.10684069991111755,"tensor(0.2381, grad_fn=<MseLossBackward0>)",
5060,3.247452735900879,8.041491508483887,0.0480203814804554,0.06902099400758743,"tensor(0.2609, grad_fn=<MseLossBackward0>)",
5061,7.152456283569336,7.152988433837891,0.1025274395942688,0.172153502702713,"tensor(0.2415, grad_fn=<MseLossBackward0>)",
5062,6.43093204498291,9.101133346557617,0.12490475177764893,0.11947636306285858,"tensor(0.2405, grad_fn=<MseLossBackward0>)",
5063,4.1453752517700195,8.411737442016602,0.08302038908004761,0.06898859888315201,"tensor(0.3147, grad_fn=<MseLossBackward0>)",
5064,3.51846981048584,9.593826293945312,0.0836610421538353,0.04283646494150162,"tensor(0.3213, grad_fn=<MseLossBackward0>)",
5065,6.155057907104492,8.861696243286133,0.05485089495778084,0.18001854419708252,"tensor(0.2417, grad_fn=<MseLossBackward0>)",
5066,4.366491317749023,9.362646102905273,0.08485299348831177,0.07381929457187653,"tensor(0.3652, grad_fn=<MseLossBackward0>)",
5067,4.985358238220215,9.008321762084961,0.12711426615715027,0.060682013630867004,"tensor(0.2586, grad_fn=<MseLossBackward0>)",
5068,9.141389846801758,7.375843048095703,0.19444938004016876,0.16046011447906494,"tensor(0.2459, grad_fn=<MseLossBackward0>)",
5069,5.319005012512207,9.656808853149414,0.0763816237449646,0.12295747548341751,"tensor(0.2949, grad_fn=<MseLossBackward0>)",
5070,3.2914934158325195,8.089581489562988,0.07707077264785767,0.04283168539404869,"tensor(0.2694, grad_fn=<MseLossBackward0>)",
5071,5.3441057205200195,8.39879322052002,0.08755123615264893,0.11187251657247543,"tensor(0.3318, grad_fn=<MseLossBackward0>)",
5072,6.925024509429932,7.262880802154541,0.07639578729867935,0.1841263622045517,"tensor(0.3456, grad_fn=<MseLossBackward0>)",
5073,1.2805566787719727,10.185468673706055,0.011966168880462646,0.02024330198764801,"tensor(0.4317, grad_fn=<MseLossBackward0>)",
5074,5.5233259201049805,11.576364517211914,0.03489957004785538,0.16937324404716492,"tensor(0.3808, grad_fn=<MseLossBackward0>)",
5075,10.356322288513184,9.831851959228516,0.000891784846317023,0.3974696695804596,"tensor(0.3513, grad_fn=<MseLossBackward0>)",
5076,2.462038040161133,10.182952880859375,0.013439278118312359,0.0671301782131195,"tensor(0.3704, grad_fn=<MseLossBackward0>)",
5077,11.576334953308105,9.37255573272705,0.10766633599996567,0.3371850848197937,"tensor(0.3882, grad_fn=<MseLossBackward0>)",
5078,5.913006782531738,9.882832527160645,0.005466818809509277,0.21615521609783173,"tensor(0.2983, grad_fn=<MseLossBackward0>)",
5079,6.492988586425781,11.016701698303223,0.06274384260177612,0.1844998449087143,"tensor(0.2843, grad_fn=<MseLossBackward0>)",
5080,4.560101509094238,9.868438720703125,0.0,0.16853448748588562,"tensor(0.3207, grad_fn=<MseLossBackward0>)",
5081,2.2987899780273438,10.182252883911133,0.0,0.07866304367780685,"tensor(0.3049, grad_fn=<MseLossBackward0>)",
5082,2.573284149169922,8.921653747558594,0.03776341676712036,0.052686043083667755,"tensor(0.2891, grad_fn=<MseLossBackward0>)",
5083,4.877307891845703,10.22773551940918,0.11546279489994049,0.058498091995716095,"tensor(0.4962, grad_fn=<MseLossBackward0>)",
5084,3.360158920288086,10.409587860107422,0.04448087885975838,0.07325269281864166,"tensor(0.3836, grad_fn=<MseLossBackward0>)",
5085,2.7056665420532227,9.686767578125,0.05482041835784912,0.04100194573402405,"tensor(0.2790, grad_fn=<MseLossBackward0>)",
5086,6.039250373840332,11.957741737365723,0.09438882768154144,0.13313868641853333,"tensor(0.3264, grad_fn=<MseLossBackward0>)",
5087,1.641866683959961,12.012453079223633,0.0146687226369977,0.037797149270772934,"tensor(0.2769, grad_fn=<MseLossBackward0>)",
5088,4.342458724975586,9.957371711730957,0.027839401736855507,0.13094736635684967,"tensor(0.3545, grad_fn=<MseLossBackward0>)",
5089,4.0127973556518555,10.676859855651855,0.03867806866765022,0.10811485350131989,"tensor(0.3191, grad_fn=<MseLossBackward0>)",
5090,5.186821937561035,10.621114730834961,0.04321833327412605,0.14905421435832977,"tensor(0.3465, grad_fn=<MseLossBackward0>)",
5091,8.257576942443848,10.87874984741211,0.05372214317321777,0.26339033246040344,"tensor(0.2990, grad_fn=<MseLossBackward0>)",
5092,3.741781234741211,9.450085639953613,0.07791793346405029,0.05908258631825447,"tensor(0.2567, grad_fn=<MseLossBackward0>)",
5093,4.456890106201172,9.924728393554688,0.0891224592924118,0.07692673802375793,"tensor(0.2535, grad_fn=<MseLossBackward0>)",
5094,4.202012062072754,11.944695472717285,0.05447854846715927,0.09552145004272461,"tensor(0.4352, grad_fn=<MseLossBackward0>)",
5095,2.8113508224487305,11.371761322021484,0.009126067161560059,0.08887110650539398,"tensor(0.3135, grad_fn=<MseLossBackward0>)",
5096,1.9283180236816406,10.247314453125,0.004340231418609619,0.05898698419332504,"tensor(0.2570, grad_fn=<MseLossBackward0>)",
5097,2.2288007736206055,10.941258430480957,0.008520285598933697,0.06428258121013641,"tensor(0.3768, grad_fn=<MseLossBackward0>)",
5098,2.826937675476074,9.63466739654541,0.019510507583618164,0.07213504612445831,"tensor(0.4681, grad_fn=<MseLossBackward0>)",
5099,4.285466194152832,8.974724769592285,0.05423293635249138,0.10151410847902298,"tensor(0.3458, grad_fn=<MseLossBackward0>)",
5100,2.458054542541504,9.795219421386719,0.05452308803796768,0.025297807529568672,"tensor(0.4307, grad_fn=<MseLossBackward0>)",
5101,4.551397323608398,10.28171443939209,0.014700313098728657,0.1514861136674881,"tensor(0.3113, grad_fn=<MseLossBackward0>)",
5102,5.07578182220459,10.729969024658203,0.0,0.19124090671539307,"tensor(0.2595, grad_fn=<MseLossBackward0>)",
5103,3.718364715576172,9.875284194946289,0.06309374421834946,0.06942430883646011,"tensor(0.3504, grad_fn=<MseLossBackward0>)",
5104,2.267765998840332,10.779431343078613,0.0,0.07993912696838379,"tensor(0.2250, grad_fn=<MseLossBackward0>)",
5105,3.8578977584838867,10.238011360168457,0.05771378427743912,0.08329043537378311,"tensor(0.2845, grad_fn=<MseLossBackward0>)",
5106,2.094127655029297,12.089129447937012,0.0,0.07200413197278976,"tensor(0.2556, grad_fn=<MseLossBackward0>)",
5107,4.369871139526367,9.837648391723633,0.006914734840393066,0.1565343290567398,"tensor(0.2560, grad_fn=<MseLossBackward0>)",
5108,1.7007856369018555,11.106683731079102,0.0,0.05226011946797371,"tensor(0.3487, grad_fn=<MseLossBackward0>)",
5109,3.970020294189453,9.789329528808594,0.036400437355041504,0.11385756731033325,"tensor(0.1706, grad_fn=<MseLossBackward0>)",
5110,5.555333137512207,13.440162658691406,0.04891446977853775,0.15812091529369354,"tensor(0.3365, grad_fn=<MseLossBackward0>)",
5111,7.416227340698242,11.233942031860352,0.0875125527381897,0.19192394614219666,"tensor(0.3765, grad_fn=<MseLossBackward0>)",
5112,3.6377458572387695,11.039775848388672,0.02687492035329342,0.09713894128799438,"tensor(0.4721, grad_fn=<MseLossBackward0>)",
5113,4.133556365966797,10.128402709960938,0.07910887897014618,0.07444290071725845,"tensor(0.2600, grad_fn=<MseLossBackward0>)",
5114,2.5644073486328125,9.925113677978516,0.06991883367300034,0.016898445785045624,"tensor(0.3753, grad_fn=<MseLossBackward0>)",
5115,2.327859878540039,11.069713592529297,0.05161815881729126,0.022886935621500015,"tensor(0.4503, grad_fn=<MseLossBackward0>)",
5116,4.151488304138184,10.731745719909668,0.03397975116968155,0.11781962960958481,"tensor(0.3212, grad_fn=<MseLossBackward0>)",
5117,1.3626136779785156,11.15485954284668,0.0,0.04381955415010452,"tensor(0.2146, grad_fn=<MseLossBackward0>)",
5118,4.551207542419434,10.856748580932617,0.05553976446390152,0.10728998482227325,"tensor(0.4053, grad_fn=<MseLossBackward0>)",
5119,1.9500818252563477,9.74305248260498,0.012777765281498432,0.0516030490398407,"tensor(0.2828, grad_fn=<MseLossBackward0>)",
5120,5.849172592163086,10.801965713500977,0.06514301151037216,0.15571439266204834,"tensor(0.2867, grad_fn=<MseLossBackward0>)",
5121,5.441499710083008,9.967094421386719,0.09236041456460953,0.10809418559074402,"tensor(0.3894, grad_fn=<MseLossBackward0>)",
5122,2.178152084350586,9.303927421569824,0.031109711155295372,0.04277573153376579,"tensor(0.2605, grad_fn=<MseLossBackward0>)",
5123,2.8267431259155273,9.484563827514648,2.2649765014648438e-05,0.09607606381177902,"tensor(0.3764, grad_fn=<MseLossBackward0>)",
5124,2.5624818801879883,10.756248474121094,0.0,0.08924940973520279,"tensor(0.3051, grad_fn=<MseLossBackward0>)",
5125,4.338190078735352,9.351768493652344,0.05427893251180649,0.10353942215442657,"tensor(0.3712, grad_fn=<MseLossBackward0>)",
5126,2.387383460998535,11.912202835083008,0.001465141773223877,0.07799418270587921,"tensor(0.3660, grad_fn=<MseLossBackward0>)",
5127,2.759354591369629,11.123236656188965,0.013705034740269184,0.08392611145973206,"tensor(0.2892, grad_fn=<MseLossBackward0>)",
5128,5.751813888549805,10.06740665435791,0.10580064356327057,0.11141325533390045,"tensor(0.2886, grad_fn=<MseLossBackward0>)",
5129,11.6356840133667,11.430726051330566,0.17973628640174866,0.26081690192222595,"tensor(0.5824, grad_fn=<MseLossBackward0>)",
5130,4.850738525390625,10.710229873657227,0.12005682289600372,0.06372694671154022,"tensor(0.2192, grad_fn=<MseLossBackward0>)",
5131,4.1261749267578125,9.400932312011719,0.017060935497283936,0.13995583355426788,"tensor(0.1681, grad_fn=<MseLossBackward0>)",
5132,4.122631072998047,11.24670124053955,0.017218252643942833,0.13525903224945068,"tensor(0.2821, grad_fn=<MseLossBackward0>)",
5133,0.9918651580810547,11.034340858459473,0.0018497308483347297,0.02060881070792675,"tensor(0.4039, grad_fn=<MseLossBackward0>)",
5134,8.889445304870605,9.642721176147461,0.0,0.3445643186569214,"tensor(0.2162, grad_fn=<MseLossBackward0>)",
5135,2.482807159423828,10.118770599365234,0.0,0.08675684779882431,"tensor(0.2775, grad_fn=<MseLossBackward0>)",
5136,4.0012102127075195,11.764593124389648,0.022732257843017578,0.12090402841567993,"tensor(0.3430, grad_fn=<MseLossBackward0>)",
5137,3.6453990936279297,11.416443824768066,0.04483489319682121,0.08718985319137573,"tensor(0.3045, grad_fn=<MseLossBackward0>)",
5138,2.658061981201172,10.021560668945312,0.044126469641923904,0.04830436781048775,"tensor(0.2993, grad_fn=<MseLossBackward0>)",
5139,10.36716365814209,11.124509811401367,0.038747090846300125,0.3628551959991455,"tensor(0.2768, grad_fn=<MseLossBackward0>)",
5140,6.417110443115234,11.254650115966797,0.0702764242887497,0.17615914344787598,"tensor(0.2269, grad_fn=<MseLossBackward0>)",
5141,1.5498056411743164,10.722128868103027,0.011972804553806782,0.0409916453063488,"tensor(0.1969, grad_fn=<MseLossBackward0>)",
5142,2.1425161361694336,10.509736061096191,0.0,0.06762882322072983,"tensor(0.3883, grad_fn=<MseLossBackward0>)",
5143,6.7594099044799805,11.243790626525879,0.08926723152399063,0.16728568077087402,"tensor(0.3194, grad_fn=<MseLossBackward0>)",
5144,7.090076446533203,9.472016334533691,0.06571731716394424,0.20181189477443695,"tensor(0.3424, grad_fn=<MseLossBackward0>)",
5145,3.241530418395996,9.457071304321289,0.04005809500813484,0.07808429002761841,"tensor(0.2658, grad_fn=<MseLossBackward0>)",
5146,3.050199508666992,8.329283714294434,0.035311657935380936,0.07786637544631958,"tensor(0.1879, grad_fn=<MseLossBackward0>)",
5147,3.9083261489868164,8.243387222290039,0.05187932774424553,0.09343928098678589,"tensor(0.2559, grad_fn=<MseLossBackward0>)",
5148,2.175291061401367,9.296984672546387,0.04845362901687622,0.027678050100803375,"tensor(0.2316, grad_fn=<MseLossBackward0>)",
5149,2.7658538818359375,9.519917488098145,0.051137566566467285,0.04609282687306404,"tensor(0.2899, grad_fn=<MseLossBackward0>)",
5150,5.5191450119018555,8.118380546569824,0.08929065614938736,0.1210351437330246,"tensor(0.2397, grad_fn=<MseLossBackward0>)",
5151,3.1053361892700195,8.77729606628418,0.07227015495300293,0.04002082347869873,"tensor(0.2575, grad_fn=<MseLossBackward0>)",
5152,2.3734827041625977,8.9387788772583,0.011668105609714985,0.06981758773326874,"tensor(0.2960, grad_fn=<MseLossBackward0>)",
5153,2.0352020263671875,9.251134872436523,0.0,0.07311029732227325,"tensor(0.1647, grad_fn=<MseLossBackward0>)",
5154,3.4339723587036133,9.197851181030273,0.04295659065246582,0.08373446762561798,"tensor(0.2035, grad_fn=<MseLossBackward0>)",
5155,3.423450469970703,8.921234130859375,0.028043607249855995,0.09692684561014175,"tensor(0.2688, grad_fn=<MseLossBackward0>)",
5156,1.9726858139038086,8.136555671691895,0.0,0.06930594891309738,"tensor(0.2078, grad_fn=<MseLossBackward0>)",
5157,3.583981513977051,8.632521629333496,0.017903069034218788,0.11252713948488235,"tensor(0.2807, grad_fn=<MseLossBackward0>)",
5158,2.60044002532959,9.790914535522461,0.038111764937639236,0.046330228447914124,"tensor(0.4090, grad_fn=<MseLossBackward0>)",
5159,3.6527328491210938,8.886086463928223,0.1009785532951355,0.03569699823856354,"tensor(0.1790, grad_fn=<MseLossBackward0>)",
5160,4.970046043395996,9.304134368896484,0.02487870119512081,0.1569395512342453,"tensor(0.3661, grad_fn=<MseLossBackward0>)",
5161,3.565004348754883,12.64096450805664,0.002749323844909668,0.1218518540263176,"tensor(0.4065, grad_fn=<MseLossBackward0>)",
5162,6.610691070556641,10.514334678649902,0.16727575659751892,0.08288955688476562,"tensor(0.2716, grad_fn=<MseLossBackward0>)",
5163,3.5945730209350586,11.770674705505371,0.08154473453760147,0.043540868908166885,"tensor(0.4426, grad_fn=<MseLossBackward0>)",
5164,4.796412467956543,11.956954002380371,0.0,0.1808255910873413,"tensor(0.2219, grad_fn=<MseLossBackward0>)",
5165,5.392746925354004,11.449030876159668,0.07872029393911362,0.12300175428390503,"tensor(0.3087, grad_fn=<MseLossBackward0>)",
5166,5.123910903930664,11.24342155456543,0.08164463192224503,0.110471710562706,"tensor(0.2678, grad_fn=<MseLossBackward0>)",
5167,4.791601181030273,11.64786434173584,0.0,0.18024544417858124,"tensor(0.2320, grad_fn=<MseLossBackward0>)",
5168,1.4456138610839844,11.813390731811523,0.007940630428493023,0.03486315533518791,"tensor(0.3449, grad_fn=<MseLossBackward0>)",
5169,5.1965131759643555,12.047252655029297,0.046864014118909836,0.15039147436618805,"tensor(0.2395, grad_fn=<MseLossBackward0>)",
5170,5.232515335083008,10.568005561828613,0.05565764382481575,0.14094851911067963,"tensor(0.2775, grad_fn=<MseLossBackward0>)",
5171,5.241860389709473,11.045162200927734,0.07822464406490326,0.11773891001939774,"tensor(0.3223, grad_fn=<MseLossBackward0>)",
5172,1.6615571975708008,9.836723327636719,0.013970951549708843,0.0362846665084362,"tensor(0.3657, grad_fn=<MseLossBackward0>)",
5173,3.344599723815918,11.765975952148438,0.02172929048538208,0.0959126353263855,"tensor(0.3696, grad_fn=<MseLossBackward0>)",
5174,7.48953914642334,11.157533645629883,0.0,0.281619131565094,"tensor(0.3772, grad_fn=<MseLossBackward0>)",
5175,3.1877832412719727,10.948225975036621,0.0,0.1138482466340065,"tensor(0.2723, grad_fn=<MseLossBackward0>)",
5176,3.1550159454345703,11.53764820098877,0.04528532549738884,0.06466962397098541,"tensor(0.3505, grad_fn=<MseLossBackward0>)",
5177,2.609495162963867,11.423763275146484,0.0,0.08828277140855789,"tensor(0.3364, grad_fn=<MseLossBackward0>)",
5178,5.793286323547363,10.232526779174805,0.006845156196504831,0.20747455954551697,"tensor(0.4023, grad_fn=<MseLossBackward0>)",
5179,2.6574716567993164,10.106081008911133,0.0,0.09357666224241257,"tensor(0.2821, grad_fn=<MseLossBackward0>)",
5180,4.774792671203613,11.353490829467773,0.015436668880283833,0.1622472107410431,"tensor(0.2760, grad_fn=<MseLossBackward0>)",
5181,4.696741104125977,10.081497192382812,0.06222254037857056,0.11396253108978271,"tensor(0.2504, grad_fn=<MseLossBackward0>)",
5182,7.4014892578125,11.345841407775879,0.02775462530553341,0.25279513001441956,"tensor(0.3275, grad_fn=<MseLossBackward0>)",
5183,0.723484992980957,10.070298194885254,0.0,0.019436020404100418,"tensor(0.2097, grad_fn=<MseLossBackward0>)",
5184,5.374464988708496,10.755718231201172,0.001219371915794909,0.19505858421325684,"tensor(0.4230, grad_fn=<MseLossBackward0>)",
5185,7.561270713806152,11.102103233337402,0.00017438332724850625,0.28623974323272705,"tensor(0.3495, grad_fn=<MseLossBackward0>)",
5186,2.8504629135131836,10.563762664794922,0.08015376329421997,0.02393238991498947,"tensor(0.1976, grad_fn=<MseLossBackward0>)",
5187,4.992514610290527,9.790403366088867,0.11366090923547745,0.07337814569473267,"tensor(0.2615, grad_fn=<MseLossBackward0>)",
5188,2.8181886672973633,10.040019035339355,0.0822383388876915,0.023465771228075027,"tensor(0.1406, grad_fn=<MseLossBackward0>)",
5189,2.847689628601074,9.726689338684082,0.04365293309092522,0.057385414838790894,"tensor(0.2917, grad_fn=<MseLossBackward0>)",
5190,3.085850715637207,8.47472095489502,0.06412066519260406,0.04740346223115921,"tensor(0.2772, grad_fn=<MseLossBackward0>)",
5191,4.074681282043457,9.168919563293457,0.12758243083953857,0.021577799692749977,"tensor(0.2923, grad_fn=<MseLossBackward0>)",
5192,4.301407814025879,9.756244659423828,0.12597887217998505,0.025350669398903847,"tensor(0.4573, grad_fn=<MseLossBackward0>)",
5193,6.309605598449707,9.520456314086914,0.0535343661904335,0.18512769043445587,"tensor(0.3012, grad_fn=<MseLossBackward0>)",
5194,1.7257328033447266,9.130550384521484,0.018786747008562088,0.04078096151351929,"tensor(0.1972, grad_fn=<MseLossBackward0>)",
5195,1.989912986755371,8.991239547729492,0.012056727893650532,0.05691787600517273,"tensor(0.2359, grad_fn=<MseLossBackward0>)",
5196,8.59093952178955,9.426176071166992,0.11116951704025269,0.21742099523544312,"tensor(0.3410, grad_fn=<MseLossBackward0>)",
5197,4.9019365310668945,9.127420425415039,0.06327124685049057,0.12073108553886414,"tensor(0.2472, grad_fn=<MseLossBackward0>)",
5198,10.103409767150879,10.994563102722168,0.02055283449590206,0.3709697723388672,"tensor(0.2744, grad_fn=<MseLossBackward0>)",
5199,3.8570899963378906,9.129528999328613,0.07472298294305801,0.06685376912355423,"tensor(0.2729, grad_fn=<MseLossBackward0>)",
5200,4.0909881591796875,10.190386772155762,0.0014344652881845832,0.15136390924453735,"tensor(0.2104, grad_fn=<MseLossBackward0>)",
5201,3.972531318664551,10.20980453491211,0.09344873577356339,0.047685928642749786,"tensor(0.4057, grad_fn=<MseLossBackward0>)",
5202,3.0263328552246094,8.520162582397461,0.016863027587532997,0.09146638214588165,"tensor(0.2760, grad_fn=<MseLossBackward0>)",
5203,5.177769660949707,9.85592269897461,0.058295805007219315,0.13885186612606049,"tensor(0.2246, grad_fn=<MseLossBackward0>)",
5204,6.450919151306152,10.605663299560547,0.0,0.2434866577386856,"tensor(0.2827, grad_fn=<MseLossBackward0>)",
5205,9.11799430847168,9.348211288452148,0.20415836572647095,0.1516934484243393,"tensor(0.1861, grad_fn=<MseLossBackward0>)",
5206,4.268804550170898,8.540401458740234,0.058032453060150146,0.10131071507930756,"tensor(0.2647, grad_fn=<MseLossBackward0>)",
5207,2.570505142211914,9.548727035522461,0.001544654369354248,0.0827278271317482,"tensor(0.4269, grad_fn=<MseLossBackward0>)",
5208,4.136636734008789,9.144732475280762,0.10460400581359863,0.04726899415254593,"tensor(0.3052, grad_fn=<MseLossBackward0>)",
5209,5.933730125427246,9.317845344543457,0.1444896161556244,0.08262649923563004,"tensor(0.2157, grad_fn=<MseLossBackward0>)",
5210,2.961350440979004,9.860380172729492,0.041468165814876556,0.062427110970020294,"tensor(0.3328, grad_fn=<MseLossBackward0>)",
5211,2.034701347351074,9.651110649108887,0.03527454659342766,0.03375951945781708,"tensor(0.2769, grad_fn=<MseLossBackward0>)",
5212,2.2224254608154297,10.106481552124023,0.0,0.07658901810646057,"tensor(0.2753, grad_fn=<MseLossBackward0>)",
5213,2.2292089462280273,9.220932006835938,0.0,0.07561707496643066,"tensor(0.2957, grad_fn=<MseLossBackward0>)",
5214,1.3463973999023438,9.904600143432617,0.0,0.041182056069374084,"tensor(0.2912, grad_fn=<MseLossBackward0>)",
5215,2.90570068359375,9.767578125,0.019816556945443153,0.08477405458688736,"tensor(0.2646, grad_fn=<MseLossBackward0>)",
5216,3.673314094543457,9.781712532043457,0.06839022785425186,0.06674858927726746,"tensor(0.2495, grad_fn=<MseLossBackward0>)",
5217,2.1180686950683594,9.788143157958984,0.002836207626387477,0.06370368599891663,"tensor(0.4403, grad_fn=<MseLossBackward0>)",
5218,2.724222183227539,9.699176788330078,0.0,0.09452852606773376,"tensor(0.2859, grad_fn=<MseLossBackward0>)",
5219,3.785144805908203,10.723318099975586,0.07282718271017075,0.06304080784320831,"tensor(0.3449, grad_fn=<MseLossBackward0>)",
5220,6.307581901550293,11.530512809753418,0.0,0.23799031972885132,"tensor(0.3309, grad_fn=<MseLossBackward0>)",
5221,2.7927656173706055,8.952729225158691,0.024515649303793907,0.07501301169395447,"tensor(0.2495, grad_fn=<MseLossBackward0>)",
5222,3.758871078491211,10.11916732788086,0.020994922146201134,0.12158253788948059,"tensor(0.1719, grad_fn=<MseLossBackward0>)",
5223,3.977041244506836,10.239262580871582,0.0,0.14657418429851532,"tensor(0.2765, grad_fn=<MseLossBackward0>)",
5224,4.668025016784668,11.185283660888672,0.01686437986791134,0.15637722611427307,"tensor(0.3013, grad_fn=<MseLossBackward0>)",
5225,6.670583724975586,10.336502075195312,0.11426117271184921,0.13926275074481964,"tensor(0.3063, grad_fn=<MseLossBackward0>)",
5226,3.206491470336914,9.94162368774414,0.04582764580845833,0.07242593169212341,"tensor(0.2250, grad_fn=<MseLossBackward0>)",
5227,5.051333427429199,11.34721565246582,0.0,0.19025926291942596,"tensor(0.2498, grad_fn=<MseLossBackward0>)",
5228,5.235596656799316,10.963873863220215,0.006785333156585693,0.18834535777568817,"tensor(0.3292, grad_fn=<MseLossBackward0>)",
5229,3.337985038757324,10.364422798156738,0.0,0.12160765379667282,"tensor(0.2477, grad_fn=<MseLossBackward0>)",
5230,5.361412048339844,10.045125007629395,0.0,0.19944855570793152,"tensor(0.3359, grad_fn=<MseLossBackward0>)",
5231,3.6059179306030273,8.641508102416992,0.09248428046703339,0.03660412132740021,"tensor(0.3471, grad_fn=<MseLossBackward0>)",
5232,2.966546058654785,9.17704963684082,0.03594315052032471,0.07178208976984024,"tensor(0.2528, grad_fn=<MseLossBackward0>)",
5233,4.0951948165893555,9.842201232910156,0.0846814513206482,0.06643766164779663,"tensor(0.2921, grad_fn=<MseLossBackward0>)",
5234,3.7478580474853516,8.154623985290527,0.1159190982580185,0.019110502675175667,"tensor(0.3463, grad_fn=<MseLossBackward0>)",
5235,5.08168888092041,8.393980979919434,0.09806264936923981,0.09021813422441483,"tensor(0.3574, grad_fn=<MseLossBackward0>)",
5236,5.321685791015625,8.926607131958008,0.15655803680419922,0.04428219050168991,"tensor(0.2796, grad_fn=<MseLossBackward0>)",
5237,8.971081733703613,9.366194725036621,0.06570390611886978,0.2822115421295166,"tensor(0.2439, grad_fn=<MseLossBackward0>)",
5238,2.0876541137695312,9.532166481018066,0.04798581078648567,0.024021046236157417,"tensor(0.2577, grad_fn=<MseLossBackward0>)",
5239,1.930424690246582,9.764283180236816,0.019540825858712196,0.045692186802625656,"tensor(0.2799, grad_fn=<MseLossBackward0>)",
5240,3.965484619140625,10.370158195495605,0.04485110566020012,0.09919432550668716,"tensor(0.3456, grad_fn=<MseLossBackward0>)",
5241,3.575657844543457,8.643572807312012,0.06729573011398315,0.0664743110537529,"tensor(0.2101, grad_fn=<MseLossBackward0>)",
5242,5.484969139099121,8.910028457641602,0.05840454623103142,0.15342213213443756,"tensor(0.1740, grad_fn=<MseLossBackward0>)",
5243,1.3984365463256836,10.259356498718262,0.009770731441676617,0.03669213503599167,"tensor(0.2031, grad_fn=<MseLossBackward0>)",
5244,7.118023872375488,10.585725784301758,0.05975663661956787,0.20997238159179688,"tensor(0.3444, grad_fn=<MseLossBackward0>)",
5245,7.305905342102051,10.637097358703613,0.0,0.28381404280662537,"tensor(0.1792, grad_fn=<MseLossBackward0>)",
5246,5.309222221374512,11.153037071228027,0.0,0.19577732682228088,"tensor(0.3301, grad_fn=<MseLossBackward0>)",
5247,7.184494972229004,9.186660766601562,0.0,0.2699618935585022,"tensor(0.3501, grad_fn=<MseLossBackward0>)",
5248,1.6401729583740234,9.602832794189453,0.012448211200535297,0.04149457812309265,"tensor(0.2286, grad_fn=<MseLossBackward0>)",
5249,6.234528541564941,10.038122177124023,0.06037430092692375,0.17479801177978516,"tensor(0.3018, grad_fn=<MseLossBackward0>)",
5250,2.75546932220459,9.754151344299316,0.03628857806324959,0.06146574765443802,"tensor(0.2721, grad_fn=<MseLossBackward0>)",
5251,2.6125192642211914,10.241792678833008,0.000737607479095459,0.08956210315227509,"tensor(0.3197, grad_fn=<MseLossBackward0>)",
5252,1.8160247802734375,8.947813987731934,0.04365905001759529,0.017048615962266922,"tensor(0.2416, grad_fn=<MseLossBackward0>)",
5253,4.102209091186523,10.300244331359863,0.014513790607452393,0.13406327366828918,"tensor(0.3427, grad_fn=<MseLossBackward0>)",
5254,4.760678291320801,9.559226036071777,0.0,0.17977826297283173,"tensor(0.2083, grad_fn=<MseLossBackward0>)",
5255,7.752612113952637,11.401961326599121,0.005814631935209036,0.2864038348197937,"tensor(0.3659, grad_fn=<MseLossBackward0>)",
5256,6.142804145812988,10.004353523254395,0.042001187801361084,0.18961842358112335,"tensor(0.2952, grad_fn=<MseLossBackward0>)",
5257,6.093402862548828,9.776853561401367,0.012456913478672504,0.21892957389354706,"tensor(0.2811, grad_fn=<MseLossBackward0>)",
5258,3.2375268936157227,9.980951309204102,0.0,0.11828786879777908,"tensor(0.2524, grad_fn=<MseLossBackward0>)",
5259,6.046299934387207,9.608799934387207,0.09283751249313354,0.13666784763336182,"tensor(0.2765, grad_fn=<MseLossBackward0>)",
5260,3.641493797302246,9.856874465942383,0.0650295615196228,0.06881874799728394,"tensor(0.2733, grad_fn=<MseLossBackward0>)",
5261,2.8739891052246094,9.972990989685059,0.0,0.10234647989273071,"tensor(0.2895, grad_fn=<MseLossBackward0>)",
5262,5.590683937072754,11.877235412597656,0.04931088164448738,0.1563173532485962,"tensor(0.4282, grad_fn=<MseLossBackward0>)",
5263,6.757285118103027,11.096065521240234,0.08105270564556122,0.17668259143829346,"tensor(0.2879, grad_fn=<MseLossBackward0>)",
5264,5.05560302734375,10.230670928955078,0.06610381603240967,0.12326353788375854,"tensor(0.2997, grad_fn=<MseLossBackward0>)",
5265,4.354265213012695,9.7609224319458,0.08111065626144409,0.08132766932249069,"tensor(0.2599, grad_fn=<MseLossBackward0>)",
5266,3.4575319290161133,8.766462326049805,0.07279668003320694,0.057208530604839325,"tensor(0.1874, grad_fn=<MseLossBackward0>)",
5267,3.4909210205078125,10.674151420593262,0.07179798930883408,0.05226195231080055,"tensor(0.3708, grad_fn=<MseLossBackward0>)",
5268,8.20679759979248,10.19027328491211,0.14986050128936768,0.16325412690639496,"tensor(0.3611, grad_fn=<MseLossBackward0>)",
5269,5.057525634765625,9.255520820617676,0.018076816573739052,0.17085348069667816,"tensor(0.3088, grad_fn=<MseLossBackward0>)",
5270,5.404570579528809,10.800192832946777,0.08794450759887695,0.11793917417526245,"tensor(0.2357, grad_fn=<MseLossBackward0>)",
5271,3.542616844177246,9.979228019714355,0.01635287143290043,0.10821768641471863,"tensor(0.4127, grad_fn=<MseLossBackward0>)",
5272,5.312226295471191,9.347323417663574,0.05735808610916138,0.14039450883865356,"tensor(0.3500, grad_fn=<MseLossBackward0>)",
5273,4.168747901916504,9.735323905944824,0.0,0.15201303362846375,"tensor(0.3234, grad_fn=<MseLossBackward0>)",
5274,6.061244964599609,9.944321632385254,0.0068505010567605495,0.22271861135959625,"tensor(0.2850, grad_fn=<MseLossBackward0>)",
5275,2.691494941711426,10.794574737548828,0.0156871285289526,0.07438454031944275,"tensor(0.4040, grad_fn=<MseLossBackward0>)",
5276,5.88309383392334,10.403888702392578,0.056237202137708664,0.1678597778081894,"tensor(0.2641, grad_fn=<MseLossBackward0>)",
5277,6.912585258483887,9.157444953918457,0.1792302280664444,0.08470000326633453,"tensor(0.2825, grad_fn=<MseLossBackward0>)",
5278,4.952980041503906,10.295247077941895,0.07749980688095093,0.10814286768436432,"tensor(0.2414, grad_fn=<MseLossBackward0>)",
5279,4.2577385902404785,7.860887050628662,0.11669737100601196,0.04151062294840813,"tensor(0.2720, grad_fn=<MseLossBackward0>)",
5280,3.28328800201416,8.18231201171875,0.044402677565813065,0.07723002880811691,"tensor(0.2122, grad_fn=<MseLossBackward0>)",
5281,5.119543075561523,9.728796005249023,0.03839806839823723,0.1543266773223877,"tensor(0.2544, grad_fn=<MseLossBackward0>)",
5282,4.380719184875488,10.373737335205078,0.11847043037414551,0.04336132854223251,"tensor(0.3043, grad_fn=<MseLossBackward0>)",
5283,3.0749807357788086,9.847206115722656,0.03804278373718262,0.0735335722565651,"tensor(0.2467, grad_fn=<MseLossBackward0>)",
5284,6.493069648742676,10.055766105651855,0.06901498883962631,0.17214302718639374,"tensor(0.4293, grad_fn=<MseLossBackward0>)",
5285,8.81740665435791,11.903132438659668,0.08105778694152832,0.2572953999042511,"tensor(0.3103, grad_fn=<MseLossBackward0>)",
5286,0.7059907913208008,11.299341201782227,0.0,0.013549895957112312,"tensor(0.3021, grad_fn=<MseLossBackward0>)",
5287,2.5804805755615234,12.065312385559082,0.004788955207914114,0.08435036242008209,"tensor(0.3057, grad_fn=<MseLossBackward0>)",
5288,2.604731559753418,10.936227798461914,0.0,0.08900954574346542,"tensor(0.3349, grad_fn=<MseLossBackward0>)",
5289,4.128633499145508,11.026544570922852,0.01692698337137699,0.1283179223537445,"tensor(0.4392, grad_fn=<MseLossBackward0>)",
5290,6.262225151062012,12.61488151550293,0.14661140739917755,0.08968644589185715,"tensor(0.3319, grad_fn=<MseLossBackward0>)",
5291,3.688920021057129,10.094104766845703,0.0,0.133752703666687,"tensor(0.3228, grad_fn=<MseLossBackward0>)",
5292,4.280071258544922,11.886458396911621,0.05765710398554802,0.10014469176530838,"tensor(0.3002, grad_fn=<MseLossBackward0>)",
5293,3.8904104232788086,12.484724998474121,0.0902741551399231,0.050955045968294144,"tensor(0.3318, grad_fn=<MseLossBackward0>)",
5294,5.226344108581543,11.0220365524292,0.13482432067394257,0.05946583300828934,"tensor(0.2997, grad_fn=<MseLossBackward0>)",
5295,2.82204532623291,10.588959693908691,0.034334540367126465,0.06440705806016922,"tensor(0.3248, grad_fn=<MseLossBackward0>)",
5296,4.211574554443359,12.876418113708496,0.07359695434570312,0.08298999071121216,"tensor(0.2737, grad_fn=<MseLossBackward0>)",
5297,3.592151641845703,10.684478759765625,0.006967484951019287,0.12303315848112106,"tensor(0.3181, grad_fn=<MseLossBackward0>)",
5298,2.3764123916625977,10.45051097869873,0.023009300231933594,0.06042246147990227,"tensor(0.2569, grad_fn=<MseLossBackward0>)",
5299,2.951040267944336,12.241340637207031,0.02800089120864868,0.07281219959259033,"tensor(0.3999, grad_fn=<MseLossBackward0>)",
5300,5.436151504516602,10.296284675598145,0.07906150817871094,0.12089737504720688,"tensor(0.3477, grad_fn=<MseLossBackward0>)",
5301,2.0031728744506836,10.162131309509277,0.0,0.06767959892749786,"tensor(0.2853, grad_fn=<MseLossBackward0>)",
5302,3.701235771179199,11.079367637634277,0.0013216534862294793,0.13079433143138885,"tensor(0.3578, grad_fn=<MseLossBackward0>)",
5303,6.185137748718262,11.334763526916504,0.015415430068969727,0.21286118030548096,"tensor(0.4395, grad_fn=<MseLossBackward0>)",
5304,3.365694999694824,10.023839950561523,0.06070723012089729,0.05999811366200447,"tensor(0.3185, grad_fn=<MseLossBackward0>)",
5305,3.6289234161376953,9.378218650817871,0.07148852199316025,0.06141716241836548,"tensor(0.2674, grad_fn=<MseLossBackward0>)",
5306,3.2640838623046875,9.617671966552734,0.04417407512664795,0.07131475955247879,"tensor(0.3576, grad_fn=<MseLossBackward0>)",
5307,2.125857353210449,9.411736488342285,0.017337163910269737,0.050917848944664,"tensor(0.3647, grad_fn=<MseLossBackward0>)",
5308,4.994528770446777,11.597176551818848,0.011371592991054058,0.17683660984039307,"tensor(0.2638, grad_fn=<MseLossBackward0>)",
5309,1.4363555908203125,11.589147567749023,0.02833215333521366,0.012357509694993496,"tensor(0.3884, grad_fn=<MseLossBackward0>)",
5310,6.476448059082031,11.865161895751953,0.04712243750691414,0.20327049493789673,"tensor(0.1811, grad_fn=<MseLossBackward0>)",
5311,3.566387176513672,11.340599060058594,0.0510784387588501,0.08015214651823044,"tensor(0.2546, grad_fn=<MseLossBackward0>)",
5312,4.520611763000488,11.185477256774902,0.10031008720397949,0.06270040571689606,"tensor(0.4212, grad_fn=<MseLossBackward0>)",
5313,5.430066108703613,10.072937965393066,0.07249122858047485,0.13084590435028076,"tensor(0.3203, grad_fn=<MseLossBackward0>)",
5314,2.6529693603515625,10.077512741088867,0.0012956062564626336,0.08900007605552673,"tensor(0.3555, grad_fn=<MseLossBackward0>)",
5315,2.648556709289551,10.434273719787598,0.06569436937570572,0.024628398939967155,"tensor(0.3502, grad_fn=<MseLossBackward0>)",
5316,3.068484306335449,10.652828216552734,0.027255574241280556,0.08362163603305817,"tensor(0.2726, grad_fn=<MseLossBackward0>)",
5317,1.5362262725830078,10.626495361328125,0.0,0.041940636932849884,"tensor(0.4632, grad_fn=<MseLossBackward0>)",
5318,4.114328384399414,11.752668380737305,0.05991488695144653,0.09162236750125885,"tensor(0.2963, grad_fn=<MseLossBackward0>)",
5319,4.210030555725098,9.199825286865234,0.011388738639652729,0.14194250106811523,"tensor(0.2992, grad_fn=<MseLossBackward0>)",
5320,4.650384902954102,11.111937522888184,0.026193996891379356,0.14749449491500854,"tensor(0.2679, grad_fn=<MseLossBackward0>)",
5321,3.209967613220215,8.769518852233887,0.06518226861953735,0.05324777215719223,"tensor(0.2218, grad_fn=<MseLossBackward0>)",
5322,7.105770111083984,9.946247100830078,0.005854666233062744,0.26492777466773987,"tensor(0.3058, grad_fn=<MseLossBackward0>)",
5323,4.167403221130371,10.054872512817383,0.0,0.1563940942287445,"tensor(0.2186, grad_fn=<MseLossBackward0>)",
5324,3.756474494934082,8.144286155700684,0.014637668617069721,0.12634438276290894,"tensor(0.2025, grad_fn=<MseLossBackward0>)",
5325,7.011188507080078,8.907977104187012,0.06938358396291733,0.19639021158218384,"tensor(0.3334, grad_fn=<MseLossBackward0>)",
5326,3.4652538299560547,9.536758422851562,0.03123694658279419,0.09622153639793396,"tensor(0.2510, grad_fn=<MseLossBackward0>)",
5327,3.544182777404785,10.510836601257324,0.0,0.12864671647548676,"tensor(0.2893, grad_fn=<MseLossBackward0>)",
5328,3.18038272857666,9.797119140625,0.012024183757603168,0.10505413264036179,"tensor(0.2351, grad_fn=<MseLossBackward0>)",
5329,8.742905616760254,10.45390510559082,0.19529949128627777,0.1464998424053192,"tensor(0.1740, grad_fn=<MseLossBackward0>)",
5330,2.161269187927246,9.224102020263672,0.013264496810734272,0.05788784101605415,"tensor(0.3682, grad_fn=<MseLossBackward0>)",
5331,3.410531997680664,9.575379371643066,0.05041990801692009,0.07412980496883392,"tensor(0.2727, grad_fn=<MseLossBackward0>)",
5332,3.804544448852539,9.1392240524292,0.06930066645145416,0.06987686455249786,"tensor(0.3055, grad_fn=<MseLossBackward0>)",
5333,5.613637924194336,9.770901679992676,0.15407025814056396,0.058244843035936356,"tensor(0.2833, grad_fn=<MseLossBackward0>)",
5334,1.8200712203979492,9.430399894714355,0.039743442088365555,0.01796550117433071,"tensor(0.3566, grad_fn=<MseLossBackward0>)",
5335,5.602933883666992,9.568168640136719,0.10886355489492416,0.10387415438890457,"tensor(0.2560, grad_fn=<MseLossBackward0>)",
5336,6.708775520324707,9.879776000976562,0.13038791716098785,0.11915112286806107,"tensor(0.4476, grad_fn=<MseLossBackward0>)",
5337,3.3047561645507812,10.426229476928711,0.053543251007795334,0.05920415744185448,"tensor(0.4568, grad_fn=<MseLossBackward0>)",
5338,4.371465682983398,8.857638359069824,0.0,0.16215650737285614,"tensor(0.2782, grad_fn=<MseLossBackward0>)",
5339,5.008719444274902,10.408607482910156,0.027701616287231445,0.15778468549251556,"tensor(0.3486, grad_fn=<MseLossBackward0>)",
5340,2.2299346923828125,10.727648735046387,0.03183223679661751,0.04023866727948189,"tensor(0.3916, grad_fn=<MseLossBackward0>)",
5341,3.83933162689209,9.459639549255371,0.0908590704202652,0.05142078548669815,"tensor(0.2488, grad_fn=<MseLossBackward0>)",
5342,2.6241207122802734,9.539902687072754,0.024709979072213173,0.06817850470542908,"tensor(0.2631, grad_fn=<MseLossBackward0>)",
5343,9.58240795135498,9.080290794372559,0.10381225496530533,0.26999861001968384,"tensor(0.1963, grad_fn=<MseLossBackward0>)",
5344,2.46994686126709,9.571640968322754,0.000871678174007684,0.08592070639133453,"tensor(0.2464, grad_fn=<MseLossBackward0>)",
5345,1.543717384338379,10.347674369812012,0.0,0.0467696487903595,"tensor(0.3452, grad_fn=<MseLossBackward0>)",
5346,7.949469566345215,10.31779956817627,0.012219508178532124,0.29425716400146484,"tensor(0.2590, grad_fn=<MseLossBackward0>)",
5347,3.403196334838867,10.444737434387207,0.0013847947120666504,0.115624338388443,"tensor(0.4368, grad_fn=<MseLossBackward0>)",
5348,3.61013126373291,11.293928146362305,0.0,0.13017195463180542,"tensor(0.3116, grad_fn=<MseLossBackward0>)",
5349,3.2160072326660156,11.307372093200684,0.005397677421569824,0.10790988802909851,"tensor(0.3491, grad_fn=<MseLossBackward0>)",
5350,4.611458778381348,10.569517135620117,0.08239046484231949,0.08947914838790894,"tensor(0.2768, grad_fn=<MseLossBackward0>)",
5351,2.053278923034668,9.907196998596191,0.0,0.07055419683456421,"tensor(0.2592, grad_fn=<MseLossBackward0>)",
5352,6.447944641113281,11.514472961425781,0.0593988299369812,0.17672158777713776,"tensor(0.5115, grad_fn=<MseLossBackward0>)",
5353,3.1727495193481445,8.323995590209961,0.048793673515319824,0.06788822263479233,"tensor(0.1983, grad_fn=<MseLossBackward0>)",
5354,2.7282142639160156,9.480595588684082,0.044753771275281906,0.05265146493911743,"tensor(0.2634, grad_fn=<MseLossBackward0>)",
5355,4.203843116760254,8.79889965057373,0.0719948559999466,0.08052362501621246,"tensor(0.3528, grad_fn=<MseLossBackward0>)",
5356,4.229315757751465,8.902064323425293,0.02214723825454712,0.13680154085159302,"tensor(0.2391, grad_fn=<MseLossBackward0>)",
5357,4.527748107910156,8.35830020904541,0.03782045841217041,0.13133804500102997,"tensor(0.2858, grad_fn=<MseLossBackward0>)",
5358,6.757692337036133,9.116300582885742,0.07727950811386108,0.18132787942886353,"tensor(0.2785, grad_fn=<MseLossBackward0>)",
5359,1.27490234375,9.804648399353027,0.0018852552166208625,0.037705086171627045,"tensor(0.2431, grad_fn=<MseLossBackward0>)",
5360,3.5226173400878906,10.12032413482666,0.05354418605566025,0.07035425305366516,"tensor(0.4005, grad_fn=<MseLossBackward0>)",
5361,11.116305351257324,10.177565574645996,0.014448503963649273,0.41835179924964905,"tensor(0.2476, grad_fn=<MseLossBackward0>)",
5362,1.944706916809082,8.48362922668457,0.02358279563486576,0.04121553152799606,"tensor(0.2861, grad_fn=<MseLossBackward0>)",
5363,5.353301048278809,8.258487701416016,0.09656484425067902,0.10150375962257385,"tensor(0.3720, grad_fn=<MseLossBackward0>)",
5364,7.949256896972656,8.96462631225586,0.173125758767128,0.13007217645645142,"tensor(0.3311, grad_fn=<MseLossBackward0>)",
5365,1.778106689453125,8.349288940429688,0.011654813773930073,0.0452580451965332,"tensor(0.3371, grad_fn=<MseLossBackward0>)",
5366,3.600491523742676,8.814818382263184,0.0002481540141161531,0.13184556365013123,"tensor(0.2450, grad_fn=<MseLossBackward0>)",
5367,7.29990291595459,9.167189598083496,0.12391984462738037,0.15774202346801758,"tensor(0.2025, grad_fn=<MseLossBackward0>)",
5368,2.5341196060180664,8.428534507751465,0.02768019773066044,0.06426642090082169,"tensor(0.2105, grad_fn=<MseLossBackward0>)",
5369,4.238642692565918,8.534305572509766,0.035423874855041504,0.1257127970457077,"tensor(0.1735, grad_fn=<MseLossBackward0>)",
5370,6.3843183517456055,9.32408618927002,0.02161860466003418,0.21751177310943604,"tensor(0.3749, grad_fn=<MseLossBackward0>)",
5371,14.587491989135742,7.976837635040283,0.0262895617634058,0.5440413951873779,"tensor(0.3017, grad_fn=<MseLossBackward0>)",
5372,2.4566736221313477,9.088240623474121,0.0,0.09005116671323776,"tensor(0.1866, grad_fn=<MseLossBackward0>)",
5373,3.0216541290283203,8.9763822555542,0.0,0.10654283314943314,"tensor(0.3278, grad_fn=<MseLossBackward0>)",
5374,4.569870948791504,9.641264915466309,0.012070676311850548,0.16129562258720398,"tensor(0.1999, grad_fn=<MseLossBackward0>)",
5375,3.0808019638061523,10.216630935668945,0.03352884575724602,0.07003213465213776,"tensor(0.4552, grad_fn=<MseLossBackward0>)",
5376,3.1824464797973633,9.275716781616211,0.05133873224258423,0.06538976728916168,"tensor(0.2493, grad_fn=<MseLossBackward0>)",
5377,3.4989967346191406,8.300386428833008,0.0023862123489379883,0.12293776124715805,"tensor(0.3448, grad_fn=<MseLossBackward0>)",
5378,7.356625556945801,10.104513168334961,0.16576950252056122,0.11555920541286469,"tensor(0.3036, grad_fn=<MseLossBackward0>)",
5379,7.629698753356934,10.6704740524292,0.08667948096990585,0.20735463500022888,"tensor(0.2535, grad_fn=<MseLossBackward0>)",
5380,2.7752037048339844,8.799041748046875,0.04261362552642822,0.05791362375020981,"tensor(0.2302, grad_fn=<MseLossBackward0>)",
5381,4.956268310546875,9.867664337158203,0.05016747862100601,0.13676665723323822,"tensor(0.2662, grad_fn=<MseLossBackward0>)",
5382,4.599003791809082,9.29981517791748,0.023779073730111122,0.1496354639530182,"tensor(0.2430, grad_fn=<MseLossBackward0>)",
5383,3.1398792266845703,9.530104637145996,0.019965508952736855,0.09106840938329697,"tensor(0.3300, grad_fn=<MseLossBackward0>)",
5384,1.649336814880371,10.409220695495605,0.014339904300868511,0.03636891767382622,"tensor(0.3619, grad_fn=<MseLossBackward0>)",
5385,4.343339920043945,9.330577850341797,0.10110297054052353,0.06191070377826691,"tensor(0.2371, grad_fn=<MseLossBackward0>)",
5386,8.657513618469238,10.166328430175781,0.12413547933101654,0.20794978737831116,"tensor(0.3183, grad_fn=<MseLossBackward0>)",
5387,3.4996490478515625,10.71549129486084,0.029560962691903114,0.09523831307888031,"tensor(0.3563, grad_fn=<MseLossBackward0>)",
5388,7.620266914367676,12.0222806930542,0.07628456503152847,0.21312972903251648,"tensor(0.3272, grad_fn=<MseLossBackward0>)",
5389,4.192281723022461,9.500006675720215,0.021348416805267334,0.1257372945547104,"tensor(0.4845, grad_fn=<MseLossBackward0>)",
5390,3.02274227142334,11.411415100097656,0.017394602298736572,0.08787478506565094,"tensor(0.3528, grad_fn=<MseLossBackward0>)",
5391,9.812769889831543,10.102529525756836,0.0597931370139122,0.3193809986114502,"tensor(0.3071, grad_fn=<MseLossBackward0>)",
5392,4.886529922485352,9.853950500488281,0.1063108816742897,0.07497603446245193,"tensor(0.3111, grad_fn=<MseLossBackward0>)",
5393,5.011475563049316,8.653221130371094,0.08812608569860458,0.09988763183355331,"tensor(0.2885, grad_fn=<MseLossBackward0>)",
5394,3.576303482055664,9.943233489990234,0.06446339935064316,0.06932409107685089,"tensor(0.2013, grad_fn=<MseLossBackward0>)",
5395,9.87900161743164,9.551746368408203,0.3025192320346832,0.08337703347206116,"tensor(0.2002, grad_fn=<MseLossBackward0>)",
5396,3.061044692993164,9.910874366760254,0.043230216950178146,0.06165115907788277,"tensor(0.4183, grad_fn=<MseLossBackward0>)",
5397,4.504897117614746,9.980793952941895,0.01939791440963745,0.1428878754377365,"tensor(0.4272, grad_fn=<MseLossBackward0>)",
5398,3.624479293823242,9.015877723693848,0.05521096661686897,0.08056864142417908,"tensor(0.2025, grad_fn=<MseLossBackward0>)",
5399,3.591564178466797,8.979971885681152,0.024431586265563965,0.10812610387802124,"tensor(0.2555, grad_fn=<MseLossBackward0>)",
5400,6.569170951843262,8.237237930297852,0.10322470963001251,0.14844976365566254,"tensor(0.2372, grad_fn=<MseLossBackward0>)",
5401,2.933037757873535,10.119144439697266,0.032466888427734375,0.06900087743997574,"tensor(0.3358, grad_fn=<MseLossBackward0>)",
5402,3.295987129211426,9.635671615600586,0.02100602723658085,0.09918617457151413,"tensor(0.2316, grad_fn=<MseLossBackward0>)",
5403,1.614455223083496,8.357375144958496,0.0,0.05051809549331665,"tensor(0.3158, grad_fn=<MseLossBackward0>)",
5404,3.4553728103637695,9.085216522216797,0.03596420958638191,0.09105051308870316,"tensor(0.2445, grad_fn=<MseLossBackward0>)",
5405,4.42545223236084,8.785927772521973,0.07226234674453735,0.09051772952079773,"tensor(0.3138, grad_fn=<MseLossBackward0>)",
5406,7.168551445007324,9.073464393615723,0.12099077552556992,0.15286707878112793,"tensor(0.2828, grad_fn=<MseLossBackward0>)",
5407,5.3391265869140625,9.883123397827148,0.07574483007192612,0.12344823777675629,"tensor(0.3326, grad_fn=<MseLossBackward0>)",
5408,6.434745788574219,9.528209686279297,0.08246314525604248,0.16406047344207764,"tensor(0.2475, grad_fn=<MseLossBackward0>)",
5409,3.099797248840332,8.382363319396973,0.02304752729833126,0.08865972608327866,"tensor(0.2908, grad_fn=<MseLossBackward0>)",
5410,2.9407644271850586,10.521248817443848,0.018165389075875282,0.08857357501983643,"tensor(0.2453, grad_fn=<MseLossBackward0>)",
5411,6.477787971496582,8.65173053741455,0.09914438426494598,0.14485345780849457,"tensor(0.3554, grad_fn=<MseLossBackward0>)",
5412,5.875965118408203,9.533263206481934,0.1242874264717102,0.09625590592622757,"tensor(0.3304, grad_fn=<MseLossBackward0>)",
5413,3.7775039672851562,10.26258659362793,0.020553847774863243,0.11231832951307297,"tensor(0.4420, grad_fn=<MseLossBackward0>)",
5414,4.476128578186035,9.671926498413086,0.06656917184591293,0.09607317298650742,"tensor(0.3710, grad_fn=<MseLossBackward0>)",
5415,4.790077209472656,8.782739639282227,0.033439140766859055,0.1440226137638092,"tensor(0.3155, grad_fn=<MseLossBackward0>)",
5416,2.3725814819335938,8.944877624511719,0.012314935214817524,0.07111312448978424,"tensor(0.2534, grad_fn=<MseLossBackward0>)",
5417,6.955187797546387,8.807038307189941,0.14213339984416962,0.11979632079601288,"tensor(0.3861, grad_fn=<MseLossBackward0>)",
5418,2.3134536743164062,9.270705223083496,0.027830222621560097,0.05369523912668228,"tensor(0.2407, grad_fn=<MseLossBackward0>)",
5419,5.156905174255371,11.192766189575195,0.038695771247148514,0.1540004462003708,"tensor(0.2866, grad_fn=<MseLossBackward0>)",
5420,7.245017051696777,11.33802604675293,0.018723687157034874,0.25822609663009644,"tensor(0.2444, grad_fn=<MseLossBackward0>)",
5421,2.155986785888672,9.61444091796875,0.0,0.07156478613615036,"tensor(0.3507, grad_fn=<MseLossBackward0>)",
5422,1.8397979736328125,10.428253173828125,0.03856613114476204,0.019940176978707314,"tensor(0.3423, grad_fn=<MseLossBackward0>)",
5423,2.960942268371582,10.426191329956055,0.04483473300933838,0.06013178452849388,"tensor(0.3165, grad_fn=<MseLossBackward0>)",
5424,4.884961128234863,9.858860969543457,0.047286707907915115,0.1372492015361786,"tensor(0.2511, grad_fn=<MseLossBackward0>)",
5425,2.2503509521484375,11.263264656066895,0.009406407363712788,0.06802719086408615,"tensor(0.2791, grad_fn=<MseLossBackward0>)",
5426,6.4418182373046875,9.960511207580566,0.0,0.24206778407096863,"tensor(0.3575, grad_fn=<MseLossBackward0>)",
5427,2.443838119506836,10.847052574157715,0.04939156770706177,0.03203323483467102,"tensor(0.3645, grad_fn=<MseLossBackward0>)",
5428,3.9281673431396484,9.524380683898926,0.02997543476521969,0.11282511055469513,"tensor(0.3401, grad_fn=<MseLossBackward0>)",
5429,5.9723920822143555,9.101889610290527,0.051980454474687576,0.17800591886043549,"tensor(0.2006, grad_fn=<MseLossBackward0>)",
5430,3.671940803527832,9.512462615966797,0.05767979100346565,0.07441367208957672,"tensor(0.3343, grad_fn=<MseLossBackward0>)",
5431,1.8632421493530273,10.02387523651123,0.030814925208687782,0.029886091127991676,"tensor(0.3183, grad_fn=<MseLossBackward0>)",
5432,4.664593696594238,9.356966972351074,0.05902409553527832,0.11715514212846756,"tensor(0.2271, grad_fn=<MseLossBackward0>)",
5433,4.2433881759643555,9.09027099609375,0.11587852239608765,0.04155512526631355,"tensor(0.2874, grad_fn=<MseLossBackward0>)",
5434,5.238055229187012,9.755419731140137,0.1310047209262848,0.0668264850974083,"tensor(0.2756, grad_fn=<MseLossBackward0>)",
5435,5.3345794677734375,10.203322410583496,0.09083554893732071,0.107191301882267,"tensor(0.3690, grad_fn=<MseLossBackward0>)",
5436,1.708165168762207,9.713428497314453,0.0,0.05672896280884743,"tensor(0.2583, grad_fn=<MseLossBackward0>)",
5437,3.4134206771850586,10.62869930267334,0.0,0.12549686431884766,"tensor(0.2474, grad_fn=<MseLossBackward0>)",
5438,5.113570213317871,11.01590347290039,0.04782857373356819,0.1453387439250946,"tensor(0.2628, grad_fn=<MseLossBackward0>)",
5439,4.477877616882324,10.136874198913574,0.06292543560266495,0.10372692346572876,"tensor(0.2887, grad_fn=<MseLossBackward0>)",
5440,2.596120834350586,9.928940773010254,0.0,0.09162230044603348,"tensor(0.2816, grad_fn=<MseLossBackward0>)",
5441,2.4339399337768555,10.465472221374512,0.03334993124008179,0.053532373160123825,"tensor(0.2095, grad_fn=<MseLossBackward0>)",
5442,2.814713478088379,8.950767517089844,0.0,0.1011272743344307,"tensor(0.2432, grad_fn=<MseLossBackward0>)",
5443,3.0471668243408203,9.061944007873535,0.0,0.10971294343471527,"tensor(0.2700, grad_fn=<MseLossBackward0>)",
5444,5.031159400939941,8.474343299865723,0.0421602725982666,0.14943456649780273,"tensor(0.2226, grad_fn=<MseLossBackward0>)",
5445,3.458052635192871,8.38438892364502,0.1140487790107727,0.010689925402402878,"tensor(0.3061, grad_fn=<MseLossBackward0>)",
5446,1.6514511108398438,9.61688232421875,0.004761537071317434,0.04724816232919693,"tensor(0.3079, grad_fn=<MseLossBackward0>)",
5447,11.37173843383789,8.704216003417969,0.110002301633358,0.3330618143081665,"tensor(0.2747, grad_fn=<MseLossBackward0>)",
5448,4.238030433654785,10.933177947998047,0.039057355374097824,0.11599001288414001,"tensor(0.3310, grad_fn=<MseLossBackward0>)",
5449,3.312741279602051,12.028274536132812,0.020605146884918213,0.09975631535053253,"tensor(0.2579, grad_fn=<MseLossBackward0>)",
5450,2.690828323364258,11.459739685058594,0.07597043365240097,0.021867983043193817,"tensor(0.2093, grad_fn=<MseLossBackward0>)",
5451,5.017447471618652,9.812877655029297,0.061915021389722824,0.12138122320175171,"tensor(0.4050, grad_fn=<MseLossBackward0>)",
5452,4.629148483276367,9.15633773803711,0.0,0.1704755574464798,"tensor(0.3419, grad_fn=<MseLossBackward0>)",
5453,4.467827796936035,9.506773948669434,0.0400225929915905,0.12483593076467514,"tensor(0.3048, grad_fn=<MseLossBackward0>)",
5454,3.2321043014526367,10.568979263305664,0.06854543834924698,0.04535296931862831,"tensor(0.3497, grad_fn=<MseLossBackward0>)",
5455,1.933232307434082,10.44273567199707,0.0,0.06492109596729279,"tensor(0.2738, grad_fn=<MseLossBackward0>)",
5456,4.957485198974609,10.273211479187012,0.0,0.18342432379722595,"tensor(0.3466, grad_fn=<MseLossBackward0>)",
5457,9.955636978149414,9.556851387023926,0.005610366817563772,0.37921908497810364,"tensor(0.2753, grad_fn=<MseLossBackward0>)",
5458,4.0227155685424805,8.738673210144043,0.008026361465454102,0.14002475142478943,"tensor(0.3036, grad_fn=<MseLossBackward0>)",
5459,4.073267936706543,10.339470863342285,0.0,0.1513518989086151,"tensor(0.2735, grad_fn=<MseLossBackward0>)",
5460,1.9284706115722656,10.179827690124512,0.026907581835985184,0.03511906787753105,"tensor(0.3425, grad_fn=<MseLossBackward0>)",
5461,2.1175527572631836,10.450860977172852,0.011530737392604351,0.06221769377589226,"tensor(0.2533, grad_fn=<MseLossBackward0>)",
5462,1.9678144454956055,10.638763427734375,0.0,0.06648542732000351,"tensor(0.2750, grad_fn=<MseLossBackward0>)",
5463,4.36767578125,10.074337005615234,0.013363838195800781,0.14920690655708313,"tensor(0.2823, grad_fn=<MseLossBackward0>)",
5464,2.718155860900879,10.502574920654297,0.0457942895591259,0.05052284896373749,"tensor(0.2949, grad_fn=<MseLossBackward0>)",
5465,3.0920639038085938,9.811028480529785,0.025800922885537148,0.08784103393554688,"tensor(0.2370, grad_fn=<MseLossBackward0>)",
5466,6.202476501464844,9.502384185791016,0.11299757659435272,0.11586333811283112,"tensor(0.4544, grad_fn=<MseLossBackward0>)",
5467,4.9197492599487305,10.849756240844727,0.004105349536985159,0.17453336715698242,"tensor(0.4308, grad_fn=<MseLossBackward0>)",
5468,2.9444150924682617,10.635698318481445,0.020247161388397217,0.08332373946905136,"tensor(0.3258, grad_fn=<MseLossBackward0>)",
5469,3.8955392837524414,10.012886047363281,0.08528546243906021,0.05709955841302872,"tensor(0.3100, grad_fn=<MseLossBackward0>)",
5470,6.007877349853516,10.282086372375488,0.08235523849725723,0.14366719126701355,"tensor(0.3416, grad_fn=<MseLossBackward0>)",
5471,2.160116195678711,10.38880443572998,0.051797252148389816,0.022451333701610565,"tensor(0.2670, grad_fn=<MseLossBackward0>)",
5472,5.668961524963379,9.67690372467041,0.08634945005178452,0.12972702085971832,"tensor(0.2334, grad_fn=<MseLossBackward0>)",
5473,5.868122100830078,10.814085006713867,0.08602555841207504,0.13289426267147064,"tensor(0.3725, grad_fn=<MseLossBackward0>)",
5474,2.319821357727051,10.334376335144043,0.0,0.07723162323236465,"tensor(0.3574, grad_fn=<MseLossBackward0>)",
5475,8.295903205871582,11.32853889465332,0.13170276582241058,0.17845958471298218,"tensor(0.5233, grad_fn=<MseLossBackward0>)",
5476,2.4903650283813477,9.263099670410156,0.009709577076137066,0.07536102086305618,"tensor(0.3190, grad_fn=<MseLossBackward0>)",
5477,3.909510612487793,10.009273529052734,0.02754124067723751,0.11552581936120987,"tensor(0.2932, grad_fn=<MseLossBackward0>)",
5478,2.7849502563476562,9.906571388244629,0.0,0.09774075448513031,"tensor(0.3127, grad_fn=<MseLossBackward0>)",
5479,5.953636169433594,11.325538635253906,0.056366026401519775,0.16510823369026184,"tensor(0.3979, grad_fn=<MseLossBackward0>)",
5480,2.9621591567993164,9.545896530151367,0.005526145454496145,0.09367439150810242,"tensor(0.4486, grad_fn=<MseLossBackward0>)",
5481,6.458291053771973,11.17032527923584,0.029178103432059288,0.2153841257095337,"tensor(0.3147, grad_fn=<MseLossBackward0>)",
5482,3.9864959716796875,9.880988121032715,0.010636906139552593,0.1310233473777771,"tensor(0.4058, grad_fn=<MseLossBackward0>)",
5483,4.109554290771484,9.336637496948242,0.0287206768989563,0.1251147836446762,"tensor(0.2217, grad_fn=<MseLossBackward0>)",
5484,3.8596248626708984,8.665046691894531,0.09489893913269043,0.04052067920565605,"tensor(0.4003, grad_fn=<MseLossBackward0>)",
5485,3.4717798233032227,10.475680351257324,0.06736484915018082,0.06101066991686821,"tensor(0.2241, grad_fn=<MseLossBackward0>)",
5486,2.0015811920166016,9.185976028442383,0.0,0.06757491081953049,"tensor(0.2823, grad_fn=<MseLossBackward0>)",
5487,1.0108156204223633,8.712777137756348,0.0203538928180933,0.006131676025688648,"tensor(0.3177, grad_fn=<MseLossBackward0>)",
5488,9.630509376525879,10.188395500183105,0.0028333861846476793,0.37231481075286865,"tensor(0.2115, grad_fn=<MseLossBackward0>)",
5489,6.684924125671387,9.615483283996582,0.005754152778536081,0.24710318446159363,"tensor(0.3467, grad_fn=<MseLossBackward0>)",
5490,7.271035194396973,8.590953826904297,0.19173191487789154,0.08626869320869446,"tensor(0.2895, grad_fn=<MseLossBackward0>)",
5491,6.759917259216309,9.482830047607422,0.05289512872695923,0.20365944504737854,"tensor(0.3266, grad_fn=<MseLossBackward0>)",
5492,5.07159423828125,9.750860214233398,0.08768497407436371,0.10627656430006027,"tensor(0.1836, grad_fn=<MseLossBackward0>)",
5493,4.956663131713867,10.262157440185547,0.049224913120269775,0.1388847827911377,"tensor(0.2308, grad_fn=<MseLossBackward0>)",
5494,4.743020057678223,10.135615348815918,0.12416752427816391,0.05433369427919388,"tensor(0.2515, grad_fn=<MseLossBackward0>)",
5495,5.6415300369262695,10.451605796813965,0.05308421328663826,0.16504240036010742,"tensor(0.1690, grad_fn=<MseLossBackward0>)",
5496,1.8191604614257812,9.094853401184082,0.019859174266457558,0.04233837127685547,"tensor(0.2266, grad_fn=<MseLossBackward0>)",
5497,9.921195983886719,11.30972957611084,0.12184569984674454,0.2587543725967407,"tensor(0.3607, grad_fn=<MseLossBackward0>)",
5498,2.4578323364257812,9.778559684753418,0.012603660114109516,0.07055115699768066,"tensor(0.3240, grad_fn=<MseLossBackward0>)",
5499,5.635383605957031,11.679122924804688,0.00792086124420166,0.2051919847726822,"tensor(0.2723, grad_fn=<MseLossBackward0>)",
5500,2.3636484146118164,10.319205284118652,0.023187676444649696,0.0554267093539238,"tensor(0.3656, grad_fn=<MseLossBackward0>)","[1.1212000846862793, 1.0647302865982056, 0.9452702403068542]"
5501,1.1796388626098633,11.24012279510498,0.0,0.03526308760046959,"tensor(0.2785, grad_fn=<MseLossBackward0>)",
5502,4.245267868041992,10.27915096282959,0.12058527767658234,0.03424099087715149,"tensor(0.3487, grad_fn=<MseLossBackward0>)",
5503,3.3744468688964844,10.902329444885254,0.0788734182715416,0.0378274992108345,"tensor(0.4326, grad_fn=<MseLossBackward0>)",
5504,4.098855018615723,10.32789134979248,0.07777136564254761,0.07541226595640182,"tensor(0.2514, grad_fn=<MseLossBackward0>)",
5505,3.6804609298706055,11.145655632019043,0.0,0.1349431276321411,"tensor(0.2842, grad_fn=<MseLossBackward0>)",
5506,3.2894105911254883,11.997692108154297,0.032960373908281326,0.08477948606014252,"tensor(0.2932, grad_fn=<MseLossBackward0>)",
5507,4.303949356079102,10.714624404907227,0.05029807612299919,0.10966910421848297,"tensor(0.2866, grad_fn=<MseLossBackward0>)",
5508,4.933265686035156,10.082306861877441,0.030440449714660645,0.15155094861984253,"tensor(0.3604, grad_fn=<MseLossBackward0>)",
5509,3.194620132446289,9.507308959960938,0.0,0.11516954749822617,"tensor(0.2882, grad_fn=<MseLossBackward0>)",
5510,6.322922706604004,9.316680908203125,0.05378482863306999,0.18738487362861633,"tensor(0.2551, grad_fn=<MseLossBackward0>)",
5511,1.2565088272094727,11.145796775817871,0.0,0.03549198433756828,"tensor(0.3331, grad_fn=<MseLossBackward0>)",
5512,2.124835968017578,10.406189918518066,0.0,0.0750839114189148,"tensor(0.2329, grad_fn=<MseLossBackward0>)",
5513,1.202376365661621,9.679183959960938,0.0,0.03268539905548096,"tensor(0.3595, grad_fn=<MseLossBackward0>)",
5514,3.7531347274780273,8.936375617980957,0.07198232412338257,0.06995616853237152,"tensor(0.1775, grad_fn=<MseLossBackward0>)",
5515,4.281651496887207,9.239801406860352,0.03715069964528084,0.12297885119915009,"tensor(0.2559, grad_fn=<MseLossBackward0>)",
5516,5.069075584411621,10.598544120788574,0.061851345002651215,0.12650218605995178,"tensor(0.3198, grad_fn=<MseLossBackward0>)",
5517,3.144963264465332,9.607087135314941,0.04920687526464462,0.06417456269264221,"tensor(0.2958, grad_fn=<MseLossBackward0>)",
5518,6.907318115234375,9.384403228759766,0.15073347091674805,0.1097811609506607,"tensor(0.3744, grad_fn=<MseLossBackward0>)",
5519,5.111239433288574,9.297553062438965,0.12336095422506332,0.06971330940723419,"tensor(0.2699, grad_fn=<MseLossBackward0>)",
5520,2.002589225769043,9.807321548461914,0.040710967034101486,0.029426557943224907,"tensor(0.2266, grad_fn=<MseLossBackward0>)",
5521,3.887277603149414,8.93408489227295,0.0840490311384201,0.055537015199661255,"tensor(0.3775, grad_fn=<MseLossBackward0>)",
5522,2.405546188354492,8.739509582519531,0.04115430265665054,0.04704634100198746,"tensor(0.1801, grad_fn=<MseLossBackward0>)",
5523,4.677741050720215,8.801852226257324,0.12376205623149872,0.05011172965168953,"tensor(0.3058, grad_fn=<MseLossBackward0>)",
5524,5.242190361022949,8.960678100585938,0.10579593479633331,0.09408329427242279,"tensor(0.2229, grad_fn=<MseLossBackward0>)",
5525,1.1072521209716797,9.987968444824219,0.0,0.028970658779144287,"tensor(0.3444, grad_fn=<MseLossBackward0>)",
5526,5.9479780197143555,10.861854553222656,0.011186699382960796,0.21440063416957855,"tensor(0.2550, grad_fn=<MseLossBackward0>)",
5527,3.57631778717041,9.995814323425293,0.04855958744883537,0.08326855301856995,"tensor(0.2501, grad_fn=<MseLossBackward0>)",
5528,2.592280387878418,12.46342658996582,0.0,0.08605904877185822,"tensor(0.3903, grad_fn=<MseLossBackward0>)",
5529,6.033881187438965,11.260478973388672,0.0,0.2255459725856781,"tensor(0.3373, grad_fn=<MseLossBackward0>)",
5530,6.162322044372559,11.484663009643555,0.10427580028772354,0.12010941654443741,"tensor(0.5090, grad_fn=<MseLossBackward0>)",
5531,5.361752510070801,12.71329116821289,0.0,0.19990569353103638,"tensor(0.2969, grad_fn=<MseLossBackward0>)",
5532,2.896243095397949,12.278860092163086,0.04731060937047005,0.0537918284535408,"tensor(0.3251, grad_fn=<MseLossBackward0>)",
5533,6.874482154846191,10.907938003540039,0.06359712034463882,0.19100680947303772,"tensor(0.4287, grad_fn=<MseLossBackward0>)",
5534,1.4991950988769531,11.071157455444336,0.039388060569763184,0.011869600042700768,"tensor(0.1892, grad_fn=<MseLossBackward0>)",
5535,3.450188636779785,10.699417114257812,0.0034350354690104723,0.1235688179731369,"tensor(0.2493, grad_fn=<MseLossBackward0>)",
5536,4.393698692321777,10.637001991271973,0.018380602821707726,0.142287477850914,"tensor(0.3238, grad_fn=<MseLossBackward0>)",
5537,1.2228574752807617,11.0442476272583,0.02035476826131344,0.015415159985423088,"tensor(0.2935, grad_fn=<MseLossBackward0>)",
5538,2.359490394592285,10.653797149658203,0.03526771068572998,0.0468289852142334,"tensor(0.2729, grad_fn=<MseLossBackward0>)",
5539,4.326631546020508,12.327042579650879,0.04684891179203987,0.11465287208557129,"tensor(0.2449, grad_fn=<MseLossBackward0>)",
5540,3.6981325149536133,12.291237831115723,0.015471339225769043,0.118624746799469,"tensor(0.2994, grad_fn=<MseLossBackward0>)",
5541,6.370905876159668,11.74325942993164,0.1371777057647705,0.10747215896844864,"tensor(0.2419, grad_fn=<MseLossBackward0>)",
5542,6.130973815917969,12.595499038696289,0.11498341709375381,0.11594249308109283,"tensor(0.3214, grad_fn=<MseLossBackward0>)",
5543,6.784607887268066,12.944632530212402,0.11501260101795197,0.13995641469955444,"tensor(0.3606, grad_fn=<MseLossBackward0>)",
5544,3.0370960235595703,12.340444564819336,0.0,0.10733462870121002,"tensor(0.3285, grad_fn=<MseLossBackward0>)",
5545,2.2510976791381836,13.39528751373291,0.061035431921482086,0.014950226992368698,"tensor(0.3358, grad_fn=<MseLossBackward0>)",
5546,2.312291145324707,11.764754295349121,0.02087601087987423,0.058506011962890625,"tensor(0.3183, grad_fn=<MseLossBackward0>)",
5547,3.7401933670043945,13.25497055053711,0.055409014225006104,0.08506711572408676,"tensor(0.1846, grad_fn=<MseLossBackward0>)",
5548,2.239315986633301,11.606348037719727,0.03328005596995354,0.044050246477127075,"tensor(0.2778, grad_fn=<MseLossBackward0>)",
5549,3.757295608520508,11.413198471069336,0.07784853130578995,0.05506942793726921,"tensor(0.4083, grad_fn=<MseLossBackward0>)",
5550,3.1894702911376953,12.066007614135742,0.03451303765177727,0.07994487881660461,"tensor(0.2949, grad_fn=<MseLossBackward0>)",
5551,7.911040306091309,12.210765838623047,0.0640702024102211,0.23166094720363617,"tensor(0.4760, grad_fn=<MseLossBackward0>)",
5552,9.695006370544434,12.482568740844727,0.002959509612992406,0.3715580701828003,"tensor(0.2906, grad_fn=<MseLossBackward0>)",
5553,2.0235185623168945,10.964661598205566,0.0009621779317967594,0.06589801609516144,"tensor(0.3110, grad_fn=<MseLossBackward0>)",
5554,1.9499149322509766,11.148213386535645,0.015276710502803326,0.05132835730910301,"tensor(0.2560, grad_fn=<MseLossBackward0>)",
5555,7.34808349609375,11.44340705871582,0.049279194325208664,0.23229026794433594,"tensor(0.2820, grad_fn=<MseLossBackward0>)",
5556,4.627669334411621,10.272308349609375,0.028166115283966064,0.14442117512226105,"tensor(0.2729, grad_fn=<MseLossBackward0>)",
5557,5.769122123718262,11.535139083862305,0.05448760464787483,0.16210314631462097,"tensor(0.3194, grad_fn=<MseLossBackward0>)",
5558,14.313560485839844,11.851028442382812,0.08366028219461441,0.4758991003036499,"tensor(0.2993, grad_fn=<MseLossBackward0>)",
5559,4.501458168029785,11.075919151306152,0.0,0.16919781267642975,"tensor(0.2485, grad_fn=<MseLossBackward0>)",
5560,7.712904930114746,11.308570861816406,0.027536073699593544,0.267681360244751,"tensor(0.2973, grad_fn=<MseLossBackward0>)",
5561,4.498669624328613,10.470841407775879,0.013886451721191406,0.1496596485376358,"tensor(0.3671, grad_fn=<MseLossBackward0>)",
5562,4.312256813049316,10.65356731414795,0.09628152847290039,0.06569777429103851,"tensor(0.2278, grad_fn=<MseLossBackward0>)",
5563,6.5929155349731445,10.347415924072266,0.12003295123577118,0.13303327560424805,"tensor(0.2417, grad_fn=<MseLossBackward0>)",
5564,2.3161373138427734,10.299286842346191,0.049378395080566406,0.03246312960982323,"tensor(0.2349, grad_fn=<MseLossBackward0>)",
5565,4.288088798522949,10.667922973632812,0.04148578643798828,0.11651402711868286,"tensor(0.3171, grad_fn=<MseLossBackward0>)",
5566,4.458039283752441,10.521910667419434,0.0709373727440834,0.09759315848350525,"tensor(0.2290, grad_fn=<MseLossBackward0>)",
5567,7.833293914794922,9.757104873657227,0.08527003228664398,0.21386756002902985,"tensor(0.3249, grad_fn=<MseLossBackward0>)",
5568,3.0501956939697266,10.346055030822754,0.07407911121845245,0.0394122488796711,"tensor(0.1845, grad_fn=<MseLossBackward0>)",
5569,4.974216461181641,9.110969543457031,0.07191318273544312,0.11156732589006424,"tensor(0.3674, grad_fn=<MseLossBackward0>)",
5570,9.977429389953613,8.909891128540039,0.21803218126296997,0.1658479869365692,"tensor(0.3568, grad_fn=<MseLossBackward0>)",
5571,4.1406755447387695,9.428797721862793,0.03551536798477173,0.11527124047279358,"tensor(0.3175, grad_fn=<MseLossBackward0>)",
5572,3.159618377685547,9.423240661621094,0.018721064552664757,0.09848960489034653,"tensor(0.2124, grad_fn=<MseLossBackward0>)",
5573,10.666844367980957,9.969794273376465,0.2670169770717621,0.14801882207393646,"tensor(0.2353, grad_fn=<MseLossBackward0>)",
5574,2.508272171020508,9.568626403808594,0.04164411500096321,0.04600025340914726,"tensor(0.2856, grad_fn=<MseLossBackward0>)",
5575,1.9923362731933594,10.548376083374023,0.03717424347996712,0.02830895408987999,"tensor(0.3329, grad_fn=<MseLossBackward0>)",
5576,2.6206254959106445,8.264042854309082,0.06754887104034424,0.028504131361842155,"tensor(0.1958, grad_fn=<MseLossBackward0>)",
5577,3.5285463333129883,10.904215812683105,0.022822916507720947,0.1036301702260971,"tensor(0.3500, grad_fn=<MseLossBackward0>)",
5578,2.9025955200195312,11.448307991027832,0.05062824487686157,0.055679306387901306,"tensor(0.2201, grad_fn=<MseLossBackward0>)",
5579,3.798168182373047,11.351758003234863,0.03397073596715927,0.10553853213787079,"tensor(0.2896, grad_fn=<MseLossBackward0>)",
5580,2.639833450317383,11.72278118133545,0.02352241799235344,0.0721137523651123,"tensor(0.2340, grad_fn=<MseLossBackward0>)",
5581,2.377192497253418,11.722236633300781,0.0,0.0813344344496727,"tensor(0.3229, grad_fn=<MseLossBackward0>)",
5582,3.0189990997314453,10.885839462280273,0.0,0.10399319231510162,"tensor(0.3853, grad_fn=<MseLossBackward0>)",
5583,1.194727897644043,10.920989036560059,0.006520648952573538,0.028829334303736687,"tensor(0.2936, grad_fn=<MseLossBackward0>)",
5584,2.7144556045532227,10.577919960021973,0.0,0.09129716455936432,"tensor(0.4051, grad_fn=<MseLossBackward0>)",
5585,4.663809776306152,11.138486862182617,0.04247407242655754,0.12963169813156128,"tensor(0.3441, grad_fn=<MseLossBackward0>)",
5586,7.225165367126465,10.074448585510254,0.1233283057808876,0.15093132853507996,"tensor(0.3297, grad_fn=<MseLossBackward0>)",
5587,3.328205108642578,9.19114875793457,0.0,0.12135149538516998,"tensor(0.2752, grad_fn=<MseLossBackward0>)",
5588,2.1290483474731445,9.718533515930176,0.03996839001774788,0.03371056914329529,"tensor(0.2526, grad_fn=<MseLossBackward0>)",
5589,8.321114540100098,10.403265953063965,0.1588737964630127,0.16215203702449799,"tensor(0.2720, grad_fn=<MseLossBackward0>)",
5590,2.5998010635375977,11.431772232055664,0.0,0.09338434040546417,"tensor(0.2235, grad_fn=<MseLossBackward0>)",
5591,1.6495561599731445,9.720044136047363,0.028859874233603477,0.028331290930509567,"tensor(0.1859, grad_fn=<MseLossBackward0>)",
5592,5.629469871520996,10.740011215209961,0.14247393608093262,0.07071461528539658,"tensor(0.2662, grad_fn=<MseLossBackward0>)",
5593,4.661003112792969,10.571152687072754,0.08505403995513916,0.08537688106298447,"tensor(0.3671, grad_fn=<MseLossBackward0>)",
5594,3.05564022064209,10.116464614868164,0.06521560251712799,0.04593925550580025,"tensor(0.2551, grad_fn=<MseLossBackward0>)",
5595,2.5477170944213867,10.993796348571777,0.0,0.08502240478992462,"tensor(0.3998, grad_fn=<MseLossBackward0>)",
5596,4.907825469970703,10.971365928649902,0.1238260492682457,0.05080781131982803,"tensor(0.5265, grad_fn=<MseLossBackward0>)",
5597,2.5422277450561523,10.522600173950195,0.0,0.09056998789310455,"tensor(0.2384, grad_fn=<MseLossBackward0>)",
5598,2.8245744705200195,9.937422752380371,0.03727072477340698,0.06361861526966095,"tensor(0.2511, grad_fn=<MseLossBackward0>)",
5599,5.022417068481445,10.127161026000977,0.07902120053768158,0.1066436842083931,"tensor(0.3504, grad_fn=<MseLossBackward0>)",
5600,3.4437170028686523,10.302345275878906,0.003941535949707031,0.12310008704662323,"tensor(0.2465, grad_fn=<MseLossBackward0>)",
5601,2.7343759536743164,10.286806106567383,0.007277111057192087,0.08791248500347137,"tensor(0.3227, grad_fn=<MseLossBackward0>)",
5602,3.561347007751465,12.247810363769531,0.0,0.12922106683254242,"tensor(0.2305, grad_fn=<MseLossBackward0>)",
5603,5.850446701049805,10.39445686340332,0.030614357441663742,0.18827718496322632,"tensor(0.3465, grad_fn=<MseLossBackward0>)",
5604,5.093963623046875,11.479866027832031,0.0,0.19095808267593384,"tensor(0.2785, grad_fn=<MseLossBackward0>)",
5605,2.5821657180786133,11.252077102661133,0.04243848845362663,0.046575017273426056,"tensor(0.3311, grad_fn=<MseLossBackward0>)",
5606,6.493501663208008,9.101914405822754,0.05070161819458008,0.1958768367767334,"tensor(0.3096, grad_fn=<MseLossBackward0>)",
5607,1.6576175689697266,10.102296829223633,0.030578196048736572,0.018733438104391098,"tensor(0.3900, grad_fn=<MseLossBackward0>)",
5608,1.8408536911010742,9.73810863494873,0.037750206887722015,0.026487551629543304,"tensor(0.2143, grad_fn=<MseLossBackward0>)",
5609,4.391883850097656,10.240513801574707,0.07825779914855957,0.08554873615503311,"tensor(0.2774, grad_fn=<MseLossBackward0>)",
5610,3.8320493698120117,10.732812881469727,0.056602317839860916,0.08453130722045898,"tensor(0.2779, grad_fn=<MseLossBackward0>)",
5611,6.809989929199219,11.134312629699707,0.0,0.2595331072807312,"tensor(0.2792, grad_fn=<MseLossBackward0>)",
5612,3.4297094345092773,11.978067398071289,0.07965576648712158,0.045403026044368744,"tensor(0.2842, grad_fn=<MseLossBackward0>)",
5613,1.7042236328125,10.302023887634277,0.008904039859771729,0.04454421624541283,"tensor(0.3493, grad_fn=<MseLossBackward0>)",
5614,1.1029644012451172,12.550226211547852,0.004294335842132568,0.028303522616624832,"tensor(0.2630, grad_fn=<MseLossBackward0>)",
5615,6.396872520446777,12.287546157836914,0.03680139780044556,0.20842495560646057,"tensor(0.2218, grad_fn=<MseLossBackward0>)",
5616,2.041372299194336,10.328329086303711,0.02982099913060665,0.04097452759742737,"tensor(0.2364, grad_fn=<MseLossBackward0>)",
5617,6.028675079345703,11.0343656539917,0.0,0.22471866011619568,"tensor(0.3898, grad_fn=<MseLossBackward0>)",
5618,3.340561866760254,11.680487632751465,0.07158241420984268,0.046357445418834686,"tensor(0.3665, grad_fn=<MseLossBackward0>)",
5619,4.525728225708008,10.748162269592285,0.04077637195587158,0.12510567903518677,"tensor(0.3457, grad_fn=<MseLossBackward0>)",
5620,2.9878149032592773,10.638212203979492,0.0568184070289135,0.04869793355464935,"tensor(0.3171, grad_fn=<MseLossBackward0>)",
5621,3.971986770629883,12.076683044433594,0.016184289008378983,0.12706425786018372,"tensor(0.3595, grad_fn=<MseLossBackward0>)",
5622,3.0338258743286133,10.741133689880371,0.0626327395439148,0.044620126485824585,"tensor(0.3257, grad_fn=<MseLossBackward0>)",
5623,3.142026901245117,11.70932388305664,0.01963772438466549,0.09291557967662811,"tensor(0.2633, grad_fn=<MseLossBackward0>)",
5624,5.307068824768066,11.302253723144531,0.0,0.19550028443336487,"tensor(0.4021, grad_fn=<MseLossBackward0>)",
5625,5.048006057739258,12.238046646118164,0.0,0.1858438402414322,"tensor(0.3794, grad_fn=<MseLossBackward0>)",
5626,10.683082580566406,10.315230369567871,0.07067769765853882,0.3416482210159302,"tensor(0.3162, grad_fn=<MseLossBackward0>)",
5627,2.8618173599243164,11.071134567260742,0.036485910415649414,0.05534576624631882,"tensor(0.5188, grad_fn=<MseLossBackward0>)",
5628,2.511981964111328,10.922008514404297,0.0,0.08531650900840759,"tensor(0.3512, grad_fn=<MseLossBackward0>)",
5629,2.3910131454467773,11.815526008605957,0.0,0.07891298830509186,"tensor(0.4031, grad_fn=<MseLossBackward0>)",
5630,1.6918725967407227,11.124670028686523,0.0,0.05101689696311951,"tensor(0.3825, grad_fn=<MseLossBackward0>)",
5631,3.077482223510742,10.99290657043457,0.06582742929458618,0.04463929682970047,"tensor(0.2344, grad_fn=<MseLossBackward0>)",
5632,4.099309921264648,10.501599311828613,0.09533341974020004,0.04788513481616974,"tensor(0.4891, grad_fn=<MseLossBackward0>)",
5633,7.1959686279296875,9.830916404724121,0.08932767808437347,0.18089701235294342,"tensor(0.4057, grad_fn=<MseLossBackward0>)",
5634,2.435980796813965,10.1300630569458,0.0,0.07794857025146484,"tensor(0.4601, grad_fn=<MseLossBackward0>)",
5635,5.074414253234863,10.413694381713867,0.12753918766975403,0.059643834829330444,"tensor(0.3750, grad_fn=<MseLossBackward0>)",
5636,7.18936824798584,9.475074768066406,0.21521717309951782,0.05985790491104126,"tensor(0.2840, grad_fn=<MseLossBackward0>)",
5637,2.1010589599609375,12.553800582885742,0.000958859920501709,0.06785805523395538,"tensor(0.3443, grad_fn=<MseLossBackward0>)",
5638,6.802324295043945,11.66535758972168,0.04629150778055191,0.2140621840953827,"tensor(0.2489, grad_fn=<MseLossBackward0>)",
5639,1.3152666091918945,10.737945556640625,0.025221725925803185,0.015179288573563099,"tensor(0.2657, grad_fn=<MseLossBackward0>)",
5640,3.8149051666259766,11.887054443359375,0.030472299084067345,0.1031031459569931,"tensor(0.4340, grad_fn=<MseLossBackward0>)",
5641,3.6292037963867188,10.493459701538086,0.05684040114283562,0.07532782107591629,"tensor(0.2992, grad_fn=<MseLossBackward0>)",
5642,3.6077880859375,12.52751636505127,0.010886311531066895,0.11662566661834717,"tensor(0.3899, grad_fn=<MseLossBackward0>)",
5643,7.790444374084473,11.701478004455566,0.05314095690846443,0.24267147481441498,"tensor(0.3731, grad_fn=<MseLossBackward0>)",
5644,4.19650936126709,11.093225479125977,0.0,0.15460994839668274,"tensor(0.3012, grad_fn=<MseLossBackward0>)",
5645,3.361074447631836,10.783129692077637,0.03329966589808464,0.08531317114830017,"tensor(0.3674, grad_fn=<MseLossBackward0>)",
5646,2.1338329315185547,10.264519691467285,0.0,0.0730493888258934,"tensor(0.2925, grad_fn=<MseLossBackward0>)",
5647,5.3706769943237305,10.212640762329102,0.12825046479701996,0.07429461181163788,"tensor(0.2732, grad_fn=<MseLossBackward0>)",
5648,7.613282203674316,11.226343154907227,0.04892760515213013,0.24078793823719025,"tensor(0.3432, grad_fn=<MseLossBackward0>)",
5649,2.3279714584350586,10.444291114807129,0.06157493591308594,0.02397417277097702,"tensor(0.1573, grad_fn=<MseLossBackward0>)",
5650,4.963950157165527,10.370945930480957,0.04612181708216667,0.1340174376964569,"tensor(0.4398, grad_fn=<MseLossBackward0>)",
5651,4.382602691650391,9.767060279846191,0.0,0.16209733486175537,"tensor(0.3073, grad_fn=<MseLossBackward0>)",
5652,2.2403764724731445,9.88320541381836,0.015568177215754986,0.06250512599945068,"tensor(0.2573, grad_fn=<MseLossBackward0>)",
5653,2.5671567916870117,9.951140403747559,0.022691765800118446,0.06540247797966003,"tensor(0.3270, grad_fn=<MseLossBackward0>)",
5654,6.662163734436035,10.991416931152344,0.1084195151925087,0.1407003551721573,"tensor(0.3946, grad_fn=<MseLossBackward0>)",
5655,3.632486343383789,10.883566856384277,0.07717422395944595,0.05009405314922333,"tensor(0.4196, grad_fn=<MseLossBackward0>)",
5656,5.096875190734863,9.51790714263916,0.11402136087417603,0.08001264184713364,"tensor(0.2168, grad_fn=<MseLossBackward0>)",
5657,7.291033744812012,9.540048599243164,0.15975646674633026,0.11706672608852386,"tensor(0.3550, grad_fn=<MseLossBackward0>)",
5658,3.59281063079834,9.93449592590332,0.07915452867746353,0.04848256707191467,"tensor(0.3675, grad_fn=<MseLossBackward0>)",
5659,3.377509117126465,11.42356014251709,0.07044484466314316,0.05222518742084503,"tensor(0.2888, grad_fn=<MseLossBackward0>)",
5660,4.003218650817871,9.82873821258545,0.09660695493221283,0.047602079808712006,"tensor(0.3680, grad_fn=<MseLossBackward0>)",
5661,1.6619882583618164,10.018852233886719,0.009248475544154644,0.04033205658197403,"tensor(0.3806, grad_fn=<MseLossBackward0>)",
5662,2.197054862976074,9.849352836608887,0.024329006671905518,0.05127684772014618,"tensor(0.2887, grad_fn=<MseLossBackward0>)",
5663,5.075624465942383,10.366178512573242,0.07943612337112427,0.11355458199977875,"tensor(0.2025, grad_fn=<MseLossBackward0>)",
5664,1.6364402770996094,11.816835403442383,0.0012957254657521844,0.05002296343445778,"tensor(0.3152, grad_fn=<MseLossBackward0>)",
5665,4.896651268005371,11.097804069519043,0.0324523039162159,0.14902791380882263,"tensor(0.3324, grad_fn=<MseLossBackward0>)",
5666,1.4874200820922852,11.720443725585938,0.0,0.04646408185362816,"tensor(0.2994, grad_fn=<MseLossBackward0>)",
5667,4.6591997146606445,12.359270095825195,0.020639518275856972,0.15566031634807587,"tensor(0.2043, grad_fn=<MseLossBackward0>)",
5668,8.230311393737793,12.450762748718262,0.04570126533508301,0.26757049560546875,"tensor(0.3568, grad_fn=<MseLossBackward0>)",
5669,2.1431102752685547,12.329951286315918,0.0,0.0700812116265297,"tensor(0.3167, grad_fn=<MseLossBackward0>)",
5670,5.076249122619629,12.12903118133545,0.09729363769292831,0.09134040772914886,"tensor(0.3214, grad_fn=<MseLossBackward0>)",
5671,1.7583932876586914,12.0837984085083,0.0,0.05705105513334274,"tensor(0.2898, grad_fn=<MseLossBackward0>)",
5672,1.5399770736694336,12.230443954467773,0.0,0.048924289643764496,"tensor(0.2855, grad_fn=<MseLossBackward0>)",
5673,8.103175163269043,14.137800216674805,0.0,0.3065124750137329,"tensor(0.3841, grad_fn=<MseLossBackward0>)",
5674,4.546168327331543,12.681839942932129,0.08381026983261108,0.08298312872648239,"tensor(0.3289, grad_fn=<MseLossBackward0>)",
5675,8.940558433532715,10.420852661132812,0.0,0.34150925278663635,"tensor(0.3721, grad_fn=<MseLossBackward0>)",
5676,3.247372627258301,11.78773021697998,0.0,0.11356881260871887,"tensor(0.3377, grad_fn=<MseLossBackward0>)",
5677,4.823105812072754,10.935439109802246,0.07357921451330185,0.10736839473247528,"tensor(0.2835, grad_fn=<MseLossBackward0>)",
5678,6.153231620788574,10.056586265563965,0.1327534317970276,0.09981931000947952,"tensor(0.3268, grad_fn=<MseLossBackward0>)",
5679,3.7728233337402344,11.016918182373047,0.05157419294118881,0.08719301968812943,"tensor(0.2832, grad_fn=<MseLossBackward0>)",
5680,5.604597091674805,12.542620658874512,0.0,0.2094850391149521,"tensor(0.3244, grad_fn=<MseLossBackward0>)",
5681,3.649332046508789,12.315532684326172,0.030727824196219444,0.10091505944728851,"tensor(0.3051, grad_fn=<MseLossBackward0>)",
5682,0.9484968185424805,10.492728233337402,0.0,0.02282450720667839,"tensor(0.3426, grad_fn=<MseLossBackward0>)",
5683,2.8984575271606445,10.45853328704834,0.08101360499858856,0.024081068113446236,"tensor(0.2538, grad_fn=<MseLossBackward0>)",
5684,4.539549827575684,10.716609001159668,0.12501797080039978,0.045240387320518494,"tensor(0.2418, grad_fn=<MseLossBackward0>)",
5685,4.003626823425293,13.132999420166016,0.029860079288482666,0.11350870132446289,"tensor(0.3673, grad_fn=<MseLossBackward0>)",
5686,4.6228532791137695,11.140838623046875,0.15754066407680511,0.00964219868183136,"tensor(0.3915, grad_fn=<MseLossBackward0>)",
5687,6.509665489196777,12.707330703735352,0.08170004934072495,0.1659337729215622,"tensor(0.2886, grad_fn=<MseLossBackward0>)",
5688,1.8404359817504883,12.76366138458252,0.0,0.06467011570930481,"tensor(0.1855, grad_fn=<MseLossBackward0>)",
5689,3.670145034790039,12.058614730834961,0.026712795719504356,0.1034579798579216,"tensor(0.3879, grad_fn=<MseLossBackward0>)",
5690,6.728416442871094,12.386078834533691,0.04566711187362671,0.2095440924167633,"tensor(0.2999, grad_fn=<MseLossBackward0>)",
5691,5.277642250061035,11.090088844299316,0.07950454950332642,0.1196063905954361,"tensor(0.2666, grad_fn=<MseLossBackward0>)",
5692,5.670202255249023,12.420571327209473,0.1226203590631485,0.0885225310921669,"tensor(0.3567, grad_fn=<MseLossBackward0>)",
5693,3.6612253189086914,12.033872604370117,0.009249727241694927,0.12505072355270386,"tensor(0.2740, grad_fn=<MseLossBackward0>)",
5694,3.2670984268188477,11.668896675109863,0.042584378272295,0.07419586181640625,"tensor(0.3236, grad_fn=<MseLossBackward0>)",
5695,4.688589096069336,10.037520408630371,0.07551898062229156,0.10126109421253204,"tensor(0.2367, grad_fn=<MseLossBackward0>)",
5696,1.9446096420288086,10.46838092803955,0.018798351287841797,0.04691275209188461,"tensor(0.2764, grad_fn=<MseLossBackward0>)",
5697,1.9324922561645508,11.17212200164795,0.019358178600668907,0.04508468508720398,"tensor(0.2890, grad_fn=<MseLossBackward0>)",
5698,3.8790197372436523,11.025957107543945,0.056495945900678635,0.08359801024198532,"tensor(0.3465, grad_fn=<MseLossBackward0>)",
5699,3.407743453979492,12.292329788208008,0.04119431972503662,0.082821324467659,"tensor(0.2648, grad_fn=<MseLossBackward0>)",
5700,3.6107444763183594,10.29796314239502,0.009283920750021935,0.1257043480873108,"tensor(0.1949, grad_fn=<MseLossBackward0>)",
5701,7.035905838012695,9.88320255279541,0.11083199828863144,0.15753348171710968,"tensor(0.2743, grad_fn=<MseLossBackward0>)",
5702,3.74526309967041,10.777365684509277,0.039605576545000076,0.09658251702785492,"tensor(0.3025, grad_fn=<MseLossBackward0>)",
5703,9.322087287902832,10.801331520080566,0.07833480834960938,0.28128576278686523,"tensor(0.3125, grad_fn=<MseLossBackward0>)",
5704,7.652155876159668,12.137984275817871,0.11213477700948715,0.17607897520065308,"tensor(0.4099, grad_fn=<MseLossBackward0>)",
5705,3.9755029678344727,12.619145393371582,0.006943027023226023,0.13843956589698792,"tensor(0.3133, grad_fn=<MseLossBackward0>)",
5706,2.8916196823120117,10.81899356842041,0.0,0.10499023646116257,"tensor(0.2448, grad_fn=<MseLossBackward0>)",
5707,2.238682746887207,11.026752471923828,0.04483840987086296,0.026414308696985245,"tensor(0.4150, grad_fn=<MseLossBackward0>)",
5708,6.764184951782227,10.763260841369629,0.13988631963729858,0.12180604040622711,"tensor(0.2033, grad_fn=<MseLossBackward0>)",
5709,7.249251365661621,10.675054550170898,0.07918032258749008,0.1946905106306076,"tensor(0.3732, grad_fn=<MseLossBackward0>)",
5710,4.915477752685547,11.571547508239746,0.028794189915060997,0.15411219000816345,"tensor(0.2892, grad_fn=<MseLossBackward0>)",
5711,2.793868064880371,9.352375030517578,0.061546701937913895,0.03824027627706528,"tensor(0.2681, grad_fn=<MseLossBackward0>)",
5712,3.6300621032714844,11.333742141723633,0.03077475167810917,0.10251928865909576,"tensor(0.2569, grad_fn=<MseLossBackward0>)",
5713,3.3920507431030273,12.209357261657715,0.02559230849146843,0.09713734686374664,"tensor(0.2619, grad_fn=<MseLossBackward0>)",
5714,3.433778762817383,11.757210731506348,0.043256063014268875,0.08180779963731766,"tensor(0.2602, grad_fn=<MseLossBackward0>)",
5715,4.207959175109863,10.650300979614258,0.026377758011221886,0.12805376946926117,"tensor(0.3073, grad_fn=<MseLossBackward0>)",
5716,1.5124139785766602,11.726042747497559,0.021535754203796387,0.021668072789907455,"tensor(0.3563, grad_fn=<MseLossBackward0>)",
5717,2.093705177307129,11.277008056640625,0.0031778812408447266,0.06722515821456909,"tensor(0.3159, grad_fn=<MseLossBackward0>)",
5718,5.137761116027832,11.819665908813477,0.04718051478266716,0.14064916968345642,"tensor(0.4150, grad_fn=<MseLossBackward0>)",
5719,6.890704154968262,13.370975494384766,0.0,0.2565396726131439,"tensor(0.4307, grad_fn=<MseLossBackward0>)",
5720,4.5660905838012695,12.942133903503418,0.0,0.1653207540512085,"tensor(0.3769, grad_fn=<MseLossBackward0>)",
5721,5.188437461853027,11.30722713470459,0.01542713213711977,0.17953529953956604,"tensor(0.2560, grad_fn=<MseLossBackward0>)",
5722,7.19584846496582,11.111964225769043,0.11559121310710907,0.15991643071174622,"tensor(0.2651, grad_fn=<MseLossBackward0>)",
5723,6.722865104675293,12.473361015319824,0.035595912486314774,0.21986305713653564,"tensor(0.3155, grad_fn=<MseLossBackward0>)",
5724,1.9543819427490234,11.433943748474121,0.0,0.06704089790582657,"tensor(0.2507, grad_fn=<MseLossBackward0>)",
5725,2.226412773132324,11.449748039245605,0.0,0.07714065909385681,"tensor(0.2753, grad_fn=<MseLossBackward0>)",
5726,9.766297340393066,11.773637771606445,0.1528741866350174,0.22751349210739136,"tensor(0.2420, grad_fn=<MseLossBackward0>)",
5727,2.03240966796875,10.98023509979248,0.0,0.07169299572706223,"tensor(0.2177, grad_fn=<MseLossBackward0>)",
5728,7.094779968261719,11.86464786529541,0.0023608009796589613,0.268545925617218,"tensor(0.2704, grad_fn=<MseLossBackward0>)",
5729,1.8217782974243164,9.907747268676758,0.025150975212454796,0.029720008373260498,"tensor(0.4372, grad_fn=<MseLossBackward0>)",
5730,7.002114295959473,12.50399112701416,0.1461951732635498,0.12222892045974731,"tensor(0.2663, grad_fn=<MseLossBackward0>)",
5731,3.3476200103759766,11.806031227111816,0.07245147228240967,0.044014859944581985,"tensor(0.4074, grad_fn=<MseLossBackward0>)",
5732,2.5313053131103516,10.350534439086914,0.033697325736284256,0.05423111096024513,"tensor(0.2968, grad_fn=<MseLossBackward0>)",
5733,4.439579010009766,10.945008277893066,0.0789637565612793,0.09093575924634933,"tensor(0.1745, grad_fn=<MseLossBackward0>)",
5734,4.390148162841797,9.892322540283203,0.0926116332411766,0.07087679207324982,"tensor(0.2825, grad_fn=<MseLossBackward0>)",
5735,4.268847465515137,11.290938377380371,0.046509820967912674,0.11220397800207138,"tensor(0.2811, grad_fn=<MseLossBackward0>)",
5736,4.728960037231445,10.843316078186035,0.11596967279911041,0.06226353719830513,"tensor(0.2563, grad_fn=<MseLossBackward0>)",
5737,2.3563241958618164,10.88633918762207,0.06683671474456787,0.01771293208003044,"tensor(0.2108, grad_fn=<MseLossBackward0>)",
5738,2.7538137435913086,9.91512680053711,0.0,0.09976214170455933,"tensor(0.2369, grad_fn=<MseLossBackward0>)",
5739,1.3768796920776367,10.095638275146484,0.02109183743596077,0.024035075679421425,"tensor(0.2261, grad_fn=<MseLossBackward0>)",
5740,2.818963050842285,12.023122787475586,0.04439934343099594,0.0570237971842289,"tensor(0.2581, grad_fn=<MseLossBackward0>)",
5741,3.24428653717041,12.231822967529297,0.007126172538846731,0.11034863442182541,"tensor(0.2877, grad_fn=<MseLossBackward0>)",
5742,5.394235610961914,10.821830749511719,0.04666968062520027,0.1604587286710739,"tensor(0.1723, grad_fn=<MseLossBackward0>)",
5743,2.4538583755493164,10.925907135009766,0.03649880364537239,0.04943687468767166,"tensor(0.2613, grad_fn=<MseLossBackward0>)",
5744,1.5630559921264648,11.581372261047363,0.02196148969233036,0.027019556611776352,"tensor(0.3028, grad_fn=<MseLossBackward0>)",
5745,2.9619503021240234,11.192416191101074,0.018119892105460167,0.08919543772935867,"tensor(0.2508, grad_fn=<MseLossBackward0>)",
5746,2.837108612060547,10.832208633422852,0.0752916932106018,0.015110582113265991,"tensor(0.5618, grad_fn=<MseLossBackward0>)",
5747,3.963794708251953,13.367476463317871,0.06737420707941055,0.07693862169981003,"tensor(0.2976, grad_fn=<MseLossBackward0>)",
5748,5.03862190246582,13.467019081115723,0.03470619395375252,0.14674882590770721,"tensor(0.4591, grad_fn=<MseLossBackward0>)",
5749,4.618244171142578,11.745165824890137,0.02391284704208374,0.14218178391456604,"tensor(0.4229, grad_fn=<MseLossBackward0>)",
5750,3.6272192001342773,13.069619178771973,0.027270138263702393,0.09899547696113586,"tensor(0.4307, grad_fn=<MseLossBackward0>)",
5751,6.5244598388671875,13.423158645629883,0.0,0.24991823732852936,"tensor(0.2530, grad_fn=<MseLossBackward0>)",
5752,1.6911945343017578,14.107832908630371,0.0025394558906555176,0.04888712614774704,"tensor(0.3765, grad_fn=<MseLossBackward0>)",
5753,8.659367561340332,13.659220695495605,0.07350949198007584,0.2572040259838104,"tensor(0.3606, grad_fn=<MseLossBackward0>)",
5754,7.783613204956055,14.828187942504883,0.009894371032714844,0.28783226013183594,"tensor(0.2885, grad_fn=<MseLossBackward0>)",
5755,2.161900520324707,12.566205978393555,0.047432560473680496,0.023089837282896042,"tensor(0.3642, grad_fn=<MseLossBackward0>)",
5756,5.93129825592041,13.542488098144531,0.025201717391610146,0.19467437267303467,"tensor(0.3912, grad_fn=<MseLossBackward0>)",
5757,6.804080009460449,13.977294921875,0.033923108130693436,0.218744695186615,"tensor(0.4289, grad_fn=<MseLossBackward0>)",
5758,2.171616554260254,14.56035041809082,0.0,0.07169319689273834,"tensor(0.3049, grad_fn=<MseLossBackward0>)",
5759,1.8732595443725586,14.504605293273926,0.012518584728240967,0.04317110776901245,"tensor(0.4624, grad_fn=<MseLossBackward0>)",
5760,1.9196081161499023,12.308022499084473,0.0,0.06153111904859543,"tensor(0.3630, grad_fn=<MseLossBackward0>)",
5761,5.517077445983887,11.328734397888184,0.15016503632068634,0.05744507163763046,"tensor(0.2849, grad_fn=<MseLossBackward0>)",
5762,2.9881649017333984,10.499371528625488,0.04377738758921623,0.06592109799385071,"tensor(0.1996, grad_fn=<MseLossBackward0>)",
5763,4.0074052810668945,10.360220909118652,0.08538230508565903,0.061136648058891296,"tensor(0.3334, grad_fn=<MseLossBackward0>)",
5764,3.163102149963379,11.205885887145996,0.058821141719818115,0.05560792237520218,"tensor(0.2760, grad_fn=<MseLossBackward0>)",
5765,3.7529916763305664,10.970930099487305,0.04969853162765503,0.08619561791419983,"tensor(0.3286, grad_fn=<MseLossBackward0>)",
5766,1.7883234024047852,12.224374771118164,0.0,0.057798657566308975,"tensor(0.3066, grad_fn=<MseLossBackward0>)",
5767,2.016667366027832,13.86693000793457,0.0,0.06629065424203873,"tensor(0.3335, grad_fn=<MseLossBackward0>)",
5768,6.2200212478637695,11.901043891906738,0.03556668758392334,0.19394636154174805,"tensor(0.4230, grad_fn=<MseLossBackward0>)",
5769,2.4386940002441406,10.409859657287598,0.017530718818306923,0.0698578879237175,"tensor(0.2177, grad_fn=<MseLossBackward0>)",
5770,5.914944648742676,11.44070053100586,0.11154405027627945,0.11530876904726028,"tensor(0.2109, grad_fn=<MseLossBackward0>)",
5771,6.824753761291504,10.596282005310059,0.0007305542821995914,0.25540846586227417,"tensor(0.3629, grad_fn=<MseLossBackward0>)",
5772,7.628673553466797,9.143836975097656,0.053468745201826096,0.2351805567741394,"tensor(0.3703, grad_fn=<MseLossBackward0>)",
5773,5.458313941955566,9.613645553588867,0.08812856674194336,0.11536629498004913,"tensor(0.3508, grad_fn=<MseLossBackward0>)",
5774,7.372200012207031,9.680217742919922,0.05753902718424797,0.22664953768253326,"tensor(0.2369, grad_fn=<MseLossBackward0>)",
5775,4.101513862609863,12.26012897491455,0.04336337372660637,0.10579366981983185,"tensor(0.3246, grad_fn=<MseLossBackward0>)",
5776,6.855983734130859,11.382840156555176,0.0682467594742775,0.19106176495552063,"tensor(0.3257, grad_fn=<MseLossBackward0>)",
5777,2.4462108612060547,11.111250877380371,0.011025865562260151,0.07426246255636215,"tensor(0.2762, grad_fn=<MseLossBackward0>)",
5778,10.606786727905273,10.290260314941406,0.04946503788232803,0.36185646057128906,"tensor(0.2941, grad_fn=<MseLossBackward0>)",
5779,4.076107978820801,10.564265251159668,0.056942738592624664,0.09527584910392761,"tensor(0.2533, grad_fn=<MseLossBackward0>)",
5780,6.401795387268066,9.971435546875,0.059804223477840424,0.18251149356365204,"tensor(0.3127, grad_fn=<MseLossBackward0>)",
5781,2.152743339538574,9.287009239196777,0.023033976554870605,0.04781043902039528,"tensor(0.3630, grad_fn=<MseLossBackward0>)",
5782,4.972568511962891,9.655537605285645,0.07096409797668457,0.1171572357416153,"tensor(0.2530, grad_fn=<MseLossBackward0>)",
5783,5.7914323806762695,9.379202842712402,0.14119219779968262,0.07421868294477463,"tensor(0.3847, grad_fn=<MseLossBackward0>)",
5784,3.61093807220459,9.133540153503418,0.03255045413970947,0.10315738618373871,"tensor(0.1941, grad_fn=<MseLossBackward0>)",
5785,3.753504753112793,9.341036796569824,0.071236252784729,0.06740888953208923,"tensor(0.2508, grad_fn=<MseLossBackward0>)",
5786,3.219740867614746,9.330110549926758,0.05909786745905876,0.06096125394105911,"tensor(0.1954, grad_fn=<MseLossBackward0>)",
5787,2.1153860092163086,8.62365436553955,0.05917346477508545,0.012364172376692295,"tensor(0.3006, grad_fn=<MseLossBackward0>)",
5788,2.7480344772338867,9.974664688110352,0.02289881370961666,0.0764596089720726,"tensor(0.2336, grad_fn=<MseLossBackward0>)",
5789,2.015843391418457,9.660839080810547,0.04091691970825195,0.026094116270542145,"tensor(0.2978, grad_fn=<MseLossBackward0>)",
5790,1.9822053909301758,9.923891067504883,0.04022898152470589,0.028947673738002777,"tensor(0.2302, grad_fn=<MseLossBackward0>)",
5791,5.626677513122559,9.913018226623535,0.01598677970468998,0.1959027796983719,"tensor(0.3109, grad_fn=<MseLossBackward0>)",
5792,4.230043411254883,9.638618469238281,0.08358907699584961,0.0747416764497757,"tensor(0.2367, grad_fn=<MseLossBackward0>)",
5793,5.807085990905762,11.346903800964355,0.016892990097403526,0.20395368337631226,"tensor(0.2413, grad_fn=<MseLossBackward0>)",
5794,4.886283874511719,11.586562156677246,0.07060547918081284,0.11063093692064285,"tensor(0.3216, grad_fn=<MseLossBackward0>)",
5795,3.4269495010375977,11.834772109985352,0.06140744686126709,0.06093437224626541,"tensor(0.3269, grad_fn=<MseLossBackward0>)",
5796,4.923667907714844,12.960543632507324,0.0,0.17931313812732697,"tensor(0.4101, grad_fn=<MseLossBackward0>)",
5797,5.885027885437012,11.302741050720215,0.0,0.21812917292118073,"tensor(0.4053, grad_fn=<MseLossBackward0>)",
5798,7.13419246673584,11.241841316223145,0.021415511146187782,0.25158584117889404,"tensor(0.2527, grad_fn=<MseLossBackward0>)",
5799,3.6742401123046875,10.234265327453613,0.0,0.1298164278268814,"tensor(0.3999, grad_fn=<MseLossBackward0>)",
5800,1.1813068389892578,11.220128059387207,0.0,0.031521011143922806,"tensor(0.3711, grad_fn=<MseLossBackward0>)",
5801,1.9802017211914062,11.884079933166504,0.006485601421445608,0.05941198766231537,"tensor(0.3053, grad_fn=<MseLossBackward0>)",
5802,4.5383501052856445,12.089037895202637,0.05333834886550903,0.11506673693656921,"tensor(0.3097, grad_fn=<MseLossBackward0>)",
5803,4.759919166564941,12.988391876220703,0.034518420696258545,0.14033794403076172,"tensor(0.3617, grad_fn=<MseLossBackward0>)",
5804,5.2046661376953125,11.973191261291504,0.07354044914245605,0.11898335069417953,"tensor(0.3699, grad_fn=<MseLossBackward0>)",
5805,3.0905418395996094,12.551894187927246,0.06678851693868637,0.040936268866062164,"tensor(0.3599, grad_fn=<MseLossBackward0>)",
5806,5.701920509338379,11.818596839904785,0.011518855579197407,0.19552096724510193,"tensor(0.5053, grad_fn=<MseLossBackward0>)",
5807,1.5960006713867188,11.467382431030273,0.0,0.04937595874071121,"tensor(0.3448, grad_fn=<MseLossBackward0>)",
5808,1.0132274627685547,10.559396743774414,0.012973427772521973,0.015695197507739067,"tensor(0.2483, grad_fn=<MseLossBackward0>)",
5809,7.0824689865112305,12.381171226501465,0.0,0.27066779136657715,"tensor(0.2825, grad_fn=<MseLossBackward0>)",
5810,6.558600425720215,11.962492942810059,0.07430758327245712,0.1643180549144745,"tensor(0.5594, grad_fn=<MseLossBackward0>)",
5811,2.126983642578125,12.771414756774902,0.022028228268027306,0.04593154788017273,"tensor(0.4017, grad_fn=<MseLossBackward0>)",
5812,1.9472541809082031,10.875760078430176,0.0,0.06288190186023712,"tensor(0.3479, grad_fn=<MseLossBackward0>)",
5813,7.430295944213867,11.908346176147461,0.040207188576459885,0.24431711435317993,"tensor(0.2897, grad_fn=<MseLossBackward0>)",
5814,4.084085464477539,11.490541458129883,0.07848165184259415,0.07327963411808014,"tensor(0.2644, grad_fn=<MseLossBackward0>)",
5815,5.713321685791016,11.029277801513672,0.10326638072729111,0.11205709725618362,"tensor(0.3153, grad_fn=<MseLossBackward0>)",
5816,3.3722476959228516,11.794358253479004,0.05441935732960701,0.07112643867731094,"tensor(0.2095, grad_fn=<MseLossBackward0>)",
5817,2.5148324966430664,9.928606986999512,0.0,0.09362740069627762,"tensor(0.1500, grad_fn=<MseLossBackward0>)",
5818,4.397320747375488,11.26680850982666,0.006932755466550589,0.15577776730060577,"tensor(0.3152, grad_fn=<MseLossBackward0>)",
5819,10.119120597839355,9.53638744354248,0.11752966791391373,0.2779898941516876,"tensor(0.2097, grad_fn=<MseLossBackward0>)",
5820,7.565529823303223,9.466888427734375,0.10747542232275009,0.1853388100862503,"tensor(0.2266, grad_fn=<MseLossBackward0>)",
5821,4.905160903930664,8.698623657226562,0.06402187049388885,0.12148433923721313,"tensor(0.2303, grad_fn=<MseLossBackward0>)",
5822,5.025352478027344,9.231098175048828,0.11983475834131241,0.07081648707389832,"tensor(0.2406, grad_fn=<MseLossBackward0>)",
5823,3.4845590591430664,9.388117790222168,0.10203777253627777,0.02115442603826523,"tensor(0.3675, grad_fn=<MseLossBackward0>)",
5824,6.181282997131348,8.196282386779785,0.08472239971160889,0.15173347294330597,"tensor(0.2321, grad_fn=<MseLossBackward0>)",
5825,11.180888175964355,9.293340682983398,0.07947113364934921,0.3571331799030304,"tensor(0.2134, grad_fn=<MseLossBackward0>)",
5826,2.4434127807617188,8.750747680664062,0.0,0.0839952826499939,"tensor(0.2918, grad_fn=<MseLossBackward0>)",
5827,9.848008155822754,8.08240795135498,0.042161423712968826,0.3423702120780945,"tensor(0.1769, grad_fn=<MseLossBackward0>)",
5828,4.89207649230957,8.197882652282715,0.1420230269432068,0.04499787837266922,"tensor(0.1565, grad_fn=<MseLossBackward0>)",
5829,4.226170063018799,7.5796661376953125,0.0883043184876442,0.06762482225894928,"tensor(0.3060, grad_fn=<MseLossBackward0>)",
5830,3.440721035003662,7.605171203613281,0.09579739719629288,0.03230506181716919,"tensor(0.2107, grad_fn=<MseLossBackward0>)",
5831,5.3600568771362305,8.139286041259766,0.07750294357538223,0.12944945693016052,"tensor(0.1422, grad_fn=<MseLossBackward0>)",
5832,2.672055244445801,8.866189956665039,0.050355054438114166,0.048931222409009933,"tensor(0.1669, grad_fn=<MseLossBackward0>)",
5833,5.610431671142578,8.492755889892578,0.173852801322937,0.039802659302949905,"tensor(0.2494, grad_fn=<MseLossBackward0>)",
5834,3.064310073852539,9.140061378479004,0.06812238693237305,0.042584460228681564,"tensor(0.2840, grad_fn=<MseLossBackward0>)",
5835,6.625638008117676,8.754068374633789,0.14303191006183624,0.10856595635414124,"tensor(0.3038, grad_fn=<MseLossBackward0>)",
5836,4.639627456665039,9.733362197875977,0.047254063189029694,0.12628787755966187,"tensor(0.2881, grad_fn=<MseLossBackward0>)",
5837,3.838653564453125,10.864335060119629,0.07728499174118042,0.06650941073894501,"tensor(0.2188, grad_fn=<MseLossBackward0>)",
5838,1.0741157531738281,10.867913246154785,0.005068580154329538,0.026737038046121597,"tensor(0.2566, grad_fn=<MseLossBackward0>)",
5839,6.5013227462768555,10.277311325073242,0.10758116096258163,0.13864143192768097,"tensor(0.3304, grad_fn=<MseLossBackward0>)",
5840,1.9797086715698242,9.928006172180176,0.053263843059539795,0.016146069392561913,"tensor(0.2024, grad_fn=<MseLossBackward0>)",
5841,4.026792526245117,11.35216999053955,0.0,0.15238645672798157,"tensor(0.1938, grad_fn=<MseLossBackward0>)",
5842,5.6241607666015625,10.438225746154785,0.03107362985610962,0.18287169933319092,"tensor(0.2358, grad_fn=<MseLossBackward0>)",
5843,5.815306663513184,9.626591682434082,0.10452216863632202,0.11636888980865479,"tensor(0.2600, grad_fn=<MseLossBackward0>)",
5844,2.91263484954834,10.2100830078125,0.0029649336356669664,0.10085415095090866,"tensor(0.2808, grad_fn=<MseLossBackward0>)",
5845,5.9586896896362305,9.939862251281738,0.12899838387966156,0.09831710159778595,"tensor(0.2312, grad_fn=<MseLossBackward0>)",
5846,1.2941045761108398,11.304492950439453,0.0133742094039917,0.023159634321928024,"tensor(0.3436, grad_fn=<MseLossBackward0>)",
5847,2.761127471923828,9.906999588012695,0.03276969864964485,0.059659477323293686,"tensor(0.3920, grad_fn=<MseLossBackward0>)",
5848,9.963354110717773,9.81425666809082,0.1014183759689331,0.2833421528339386,"tensor(0.3011, grad_fn=<MseLossBackward0>)",
5849,2.154526710510254,9.840014457702637,0.014188488945364952,0.05816178396344185,"tensor(0.3077, grad_fn=<MseLossBackward0>)",
5850,2.1899490356445312,10.317024230957031,0.019291698932647705,0.05476999282836914,"tensor(0.2904, grad_fn=<MseLossBackward0>)",
5851,1.7387447357177734,11.611831665039062,0.0,0.05490744113922119,"tensor(0.3441, grad_fn=<MseLossBackward0>)",
5852,5.451210021972656,9.950020790100098,0.02736576460301876,0.17930714786052704,"tensor(0.2488, grad_fn=<MseLossBackward0>)",
5853,3.8926496505737305,9.237091064453125,0.06041216850280762,0.08316733688116074,"tensor(0.2666, grad_fn=<MseLossBackward0>)",
5854,10.055456161499023,11.50196647644043,0.184900164604187,0.202327698469162,"tensor(0.3318, grad_fn=<MseLossBackward0>)",
5855,3.727450370788574,10.902345657348633,0.0,0.13787394762039185,"tensor(0.2452, grad_fn=<MseLossBackward0>)",
5856,0.8364858627319336,12.034284591674805,0.0,0.019720375537872314,"tensor(0.3091, grad_fn=<MseLossBackward0>)",
5857,2.3860254287719727,11.520503997802734,0.008275349624454975,0.07679012417793274,"tensor(0.2267, grad_fn=<MseLossBackward0>)",
5858,4.509571075439453,9.57792854309082,0.11548171192407608,0.05425071716308594,"tensor(0.2199, grad_fn=<MseLossBackward0>)",
5859,10.75378704071045,12.91536808013916,0.03391595557332039,0.3774455785751343,"tensor(0.4029, grad_fn=<MseLossBackward0>)",
5860,3.230844497680664,11.289216041564941,0.03626128286123276,0.07924044877290726,"tensor(0.3116, grad_fn=<MseLossBackward0>)",
5861,4.199777603149414,10.44619369506836,0.08773408085107803,0.06737080216407776,"tensor(0.2960, grad_fn=<MseLossBackward0>)",
5862,4.28270149230957,10.839738845825195,0.032547373324632645,0.12500646710395813,"tensor(0.2953, grad_fn=<MseLossBackward0>)",
5863,1.5523910522460938,11.302908897399902,0.0,0.04461568221449852,"tensor(0.3489, grad_fn=<MseLossBackward0>)",
5864,2.488692283630371,9.836291313171387,0.027700701728463173,0.05259336531162262,"tensor(0.4080, grad_fn=<MseLossBackward0>)",
5865,6.848563194274902,11.123201370239258,0.016998151317238808,0.23917922377586365,"tensor(0.4143, grad_fn=<MseLossBackward0>)",
5866,0.9974689483642578,12.181862831115723,0.013071537017822266,0.01781751960515976,"tensor(0.2038, grad_fn=<MseLossBackward0>)",
5867,6.069090843200684,9.41297721862793,0.06459738314151764,0.1620701104402542,"tensor(0.3663, grad_fn=<MseLossBackward0>)",
5868,2.3866147994995117,10.384308815002441,0.0005704760551452637,0.08267375826835632,"tensor(0.2747, grad_fn=<MseLossBackward0>)",
5869,6.980134010314941,10.144736289978027,0.07063933461904526,0.19734162092208862,"tensor(0.2606, grad_fn=<MseLossBackward0>)",
5870,2.2625980377197266,10.243264198303223,0.0026527047157287598,0.07824438810348511,"tensor(0.2076, grad_fn=<MseLossBackward0>)",
5871,4.225086212158203,9.357953071594238,0.008809725753962994,0.15197275578975677,"tensor(0.1665, grad_fn=<MseLossBackward0>)",
5872,6.609561920166016,10.5099458694458,0.02997775934636593,0.22433660924434662,"tensor(0.2259, grad_fn=<MseLossBackward0>)",
5873,1.8435964584350586,10.645156860351562,0.0,0.06304492056369781,"tensor(0.2423, grad_fn=<MseLossBackward0>)",
5874,5.867949485778809,10.453718185424805,0.12032395601272583,0.10434715449810028,"tensor(0.2130, grad_fn=<MseLossBackward0>)",
5875,1.9612703323364258,11.223601341247559,0.008915980346500874,0.060378968715667725,"tensor(0.2091, grad_fn=<MseLossBackward0>)",
5876,2.7657155990600586,10.30598258972168,0.035914402455091476,0.06397569179534912,"tensor(0.2155, grad_fn=<MseLossBackward0>)",
5877,2.04245662689209,10.607895851135254,0.03533129021525383,0.0357382670044899,"tensor(0.2324, grad_fn=<MseLossBackward0>)",
5878,3.9275646209716797,9.018953323364258,0.0835779532790184,0.06303601711988449,"tensor(0.2355, grad_fn=<MseLossBackward0>)",
5879,3.742262840270996,10.550711631774902,0.019510984420776367,0.11295486986637115,"tensor(0.3957, grad_fn=<MseLossBackward0>)",
5880,3.5472259521484375,11.060213088989258,0.015991708263754845,0.11200882494449615,"tensor(0.3180, grad_fn=<MseLossBackward0>)",
5881,1.2992286682128906,10.07751750946045,0.0,0.044369157403707504,"tensor(0.1631, grad_fn=<MseLossBackward0>)",
5882,3.9056386947631836,11.01998519897461,0.04814158007502556,0.09759943187236786,"tensor(0.2274, grad_fn=<MseLossBackward0>)",
5883,4.4321794509887695,10.164298057556152,0.05525088310241699,0.10698562860488892,"tensor(0.3449, grad_fn=<MseLossBackward0>)",
5884,3.1989831924438477,10.962040901184082,0.02892482280731201,0.0820571780204773,"tensor(0.3887, grad_fn=<MseLossBackward0>)",
5885,3.7096214294433594,11.090132713317871,0.02368173934519291,0.10285335034132004,"tensor(0.5303, grad_fn=<MseLossBackward0>)",
5886,4.938045501708984,8.571235656738281,0.003969450946897268,0.18391631543636322,"tensor(0.2147, grad_fn=<MseLossBackward0>)",
5887,2.4322776794433594,9.47878646850586,0.0014580885181203485,0.08617088198661804,"tensor(0.2241, grad_fn=<MseLossBackward0>)",
5888,7.1565704345703125,9.88935375213623,0.1408202201128006,0.12708444893360138,"tensor(0.4280, grad_fn=<MseLossBackward0>)",
5889,1.3313655853271484,9.966569900512695,0.0,0.04453921318054199,"tensor(0.1774, grad_fn=<MseLossBackward0>)",
5890,2.6893062591552734,10.333942413330078,0.035754602402448654,0.06020089238882065,"tensor(0.2637, grad_fn=<MseLossBackward0>)",
5891,4.971071243286133,9.023427963256836,0.05198472738265991,0.1326741725206375,"tensor(0.3238, grad_fn=<MseLossBackward0>)",
5892,4.811580657958984,10.328791618347168,0.04999872297048569,0.12867331504821777,"tensor(0.3215, grad_fn=<MseLossBackward0>)",
5893,4.812594413757324,8.730818748474121,0.023362278938293457,0.1570713073015213,"tensor(0.2730, grad_fn=<MseLossBackward0>)",
5894,3.2980871200561523,9.434423446655273,0.03946073725819588,0.08209235966205597,"tensor(0.2413, grad_fn=<MseLossBackward0>)",
5895,4.157710075378418,8.985818862915039,0.09952143579721451,0.05240767076611519,"tensor(0.3285, grad_fn=<MseLossBackward0>)",
5896,1.8225212097167969,10.286201477050781,0.017131369560956955,0.047840990126132965,"tensor(0.1824, grad_fn=<MseLossBackward0>)",
5897,6.509455680847168,9.027420997619629,0.1970195472240448,0.054980140179395676,"tensor(0.1847, grad_fn=<MseLossBackward0>)",
5898,8.884252548217773,10.348182678222656,0.09396109730005264,0.2488299459218979,"tensor(0.2624, grad_fn=<MseLossBackward0>)",
5899,2.2183141708374023,9.451364517211914,0.002748171566054225,0.07375974953174591,"tensor(0.2740, grad_fn=<MseLossBackward0>)",
5900,9.425283432006836,9.822446823120117,0.23299679160118103,0.1338786482810974,"tensor(0.2099, grad_fn=<MseLossBackward0>)",
5901,4.406833648681641,9.534493446350098,0.08233660459518433,0.08224977552890778,"tensor(0.2767, grad_fn=<MseLossBackward0>)",
5902,2.5217905044555664,9.63961124420166,0.0764746442437172,0.013487325981259346,"tensor(0.2529, grad_fn=<MseLossBackward0>)",
5903,3.9855690002441406,10.579551696777344,0.07259093225002289,0.06769892573356628,"tensor(0.4545, grad_fn=<MseLossBackward0>)",
5904,4.894071578979492,10.739635467529297,0.012958347797393799,0.17156216502189636,"tensor(0.2359, grad_fn=<MseLossBackward0>)",
5905,2.1174612045288086,12.112129211425781,0.0,0.0728570818901062,"tensor(0.2772, grad_fn=<MseLossBackward0>)",
5906,9.996833801269531,11.416389465332031,0.09124861657619476,0.2946891486644745,"tensor(0.3210, grad_fn=<MseLossBackward0>)",
5907,2.393649101257324,11.144621849060059,0.02831411361694336,0.052757617086172104,"tensor(0.3335, grad_fn=<MseLossBackward0>)",
5908,4.002697944641113,11.642399787902832,0.061413586139678955,0.08310219645500183,"tensor(0.3706, grad_fn=<MseLossBackward0>)",
5909,3.8321104049682617,10.94788646697998,0.0,0.1405821442604065,"tensor(0.2952, grad_fn=<MseLossBackward0>)",
5910,4.6558122634887695,10.749223709106445,0.019491612911224365,0.14923757314682007,"tensor(0.4252, grad_fn=<MseLossBackward0>)",
5911,3.334853172302246,10.903986930847168,0.03615444898605347,0.08340296894311905,"tensor(0.3052, grad_fn=<MseLossBackward0>)",
5912,1.4338197708129883,12.09630298614502,0.021816035732626915,0.022149227559566498,"tensor(0.3027, grad_fn=<MseLossBackward0>)",
5913,1.4391098022460938,11.194437026977539,0.0,0.04597947746515274,"tensor(0.2588, grad_fn=<MseLossBackward0>)",
5914,1.5837993621826172,12.42033576965332,0.0,0.03896858170628548,"tensor(0.5877, grad_fn=<MseLossBackward0>)",
5915,3.2350969314575195,10.356840133666992,0.011788427829742432,0.10427359491586685,"tensor(0.3041, grad_fn=<MseLossBackward0>)",
5916,0.8056268692016602,12.041692733764648,0.0,0.016351019963622093,"tensor(0.3798, grad_fn=<MseLossBackward0>)",
5917,6.576607704162598,10.695859909057617,0.0,0.24497637152671814,"tensor(0.4229, grad_fn=<MseLossBackward0>)",
5918,5.228625297546387,11.207009315490723,0.12192589044570923,0.07463516294956207,"tensor(0.2642, grad_fn=<MseLossBackward0>)",
5919,2.891324996948242,10.220829010009766,0.0,0.10341552644968033,"tensor(0.2694, grad_fn=<MseLossBackward0>)",
5920,2.268193244934082,10.392932891845703,0.02758667804300785,0.046557534486055374,"tensor(0.3824, grad_fn=<MseLossBackward0>)",
5921,2.8854408264160156,8.445545196533203,0.0767112597823143,0.02579704113304615,"tensor(0.3008, grad_fn=<MseLossBackward0>)",
5922,5.301833152770996,8.920717239379883,0.03621286153793335,0.16324277222156525,"tensor(0.2700, grad_fn=<MseLossBackward0>)",
5923,5.222237586975098,10.064042091369629,0.05736323073506355,0.13821753859519958,"tensor(0.2940, grad_fn=<MseLossBackward0>)",
5924,2.9562244415283203,9.605612754821777,0.0428532175719738,0.06660886853933334,"tensor(0.2053, grad_fn=<MseLossBackward0>)",
5925,4.6344499588012695,8.853914260864258,0.10001137107610703,0.07037324458360672,"tensor(0.3405, grad_fn=<MseLossBackward0>)",
5926,3.0754241943359375,8.378832817077637,0.0,0.10648582875728607,"tensor(0.3766, grad_fn=<MseLossBackward0>)",
5927,1.9097509384155273,10.300555229187012,0.04713507369160652,0.019572384655475616,"tensor(0.2155, grad_fn=<MseLossBackward0>)",
5928,5.448478698730469,9.72254753112793,0.09375234693288803,0.11140472441911697,"tensor(0.3014, grad_fn=<MseLossBackward0>)",
5929,4.573514938354492,10.356478691101074,0.10281801223754883,0.07101915776729584,"tensor(0.1896, grad_fn=<MseLossBackward0>)",
5930,3.511807441711426,9.574865341186523,0.11367978155612946,0.016932997852563858,"tensor(0.2164, grad_fn=<MseLossBackward0>)",
5931,4.895066261291504,8.846278190612793,0.04525941610336304,0.13657967746257782,"tensor(0.3173, grad_fn=<MseLossBackward0>)",
5932,3.389993667602539,10.825380325317383,0.06781375408172607,0.05627143755555153,"tensor(0.2603, grad_fn=<MseLossBackward0>)",
5933,4.027764320373535,9.123733520507812,0.005750914569944143,0.13980570435523987,"tensor(0.3666, grad_fn=<MseLossBackward0>)",
5934,0.9784860610961914,9.155423164367676,0.019533535465598106,0.011603863909840584,"tensor(0.1739, grad_fn=<MseLossBackward0>)",
5935,2.849821090698242,9.962613105773926,0.07265740633010864,0.025370176881551743,"tensor(0.3710, grad_fn=<MseLossBackward0>)",
5936,2.862032890319824,10.949088096618652,0.0342288613319397,0.06998030096292496,"tensor(0.2262, grad_fn=<MseLossBackward0>)",
5937,3.096756935119629,10.220047950744629,0.0023044149857014418,0.11289229989051819,"tensor(0.1701, grad_fn=<MseLossBackward0>)",
5938,9.62345027923584,9.994071960449219,0.05004902556538582,0.32097262144088745,"tensor(0.3262, grad_fn=<MseLossBackward0>)",
5939,3.4996557235717773,10.62956714630127,0.04275665432214737,0.08145429193973541,"tensor(0.3485, grad_fn=<MseLossBackward0>)",
5940,4.969142913818359,10.705601692199707,0.07429739087820053,0.11095362901687622,"tensor(0.3113, grad_fn=<MseLossBackward0>)",
5941,5.445076942443848,10.635049819946289,0.0,0.20822705328464508,"tensor(0.2121, grad_fn=<MseLossBackward0>)",
5942,4.309551239013672,9.664706230163574,0.057287830859422684,0.10102981328964233,"tensor(0.2968, grad_fn=<MseLossBackward0>)",
5943,3.1356515884399414,9.749656677246094,0.0,0.10775726288557053,"tensor(0.3886, grad_fn=<MseLossBackward0>)",
5944,1.836181640625,8.84311294555664,0.009082694537937641,0.050380855798721313,"tensor(0.3187, grad_fn=<MseLossBackward0>)",
5945,3.8407163619995117,10.21352481842041,0.02516007423400879,0.10677877068519592,"tensor(0.5053, grad_fn=<MseLossBackward0>)",
5946,2.981003761291504,9.247411727905273,0.06639095395803452,0.038524702191352844,"tensor(0.3347, grad_fn=<MseLossBackward0>)",
5947,2.682352066040039,10.67407512664795,0.04304097220301628,0.045045770704746246,"tensor(0.3775, grad_fn=<MseLossBackward0>)",
5948,3.6979904174804688,10.51234245300293,0.03038555383682251,0.10125428438186646,"tensor(0.3462, grad_fn=<MseLossBackward0>)",
5949,2.874129295349121,10.107336044311523,0.0,0.10538403689861298,"tensor(0.2090, grad_fn=<MseLossBackward0>)",
5950,1.8087873458862305,11.271066665649414,0.0,0.05439021438360214,"tensor(0.4337, grad_fn=<MseLossBackward0>)",
5951,2.9061765670776367,9.41215991973877,0.0521671362221241,0.045867156237363815,"tensor(0.4368, grad_fn=<MseLossBackward0>)",
5952,2.563762664794922,10.65613079071045,0.0,0.08536818623542786,"tensor(0.4020, grad_fn=<MseLossBackward0>)",
5953,4.163152694702148,11.187517166137695,0.0,0.14421480894088745,"tensor(0.5307, grad_fn=<MseLossBackward0>)",
5954,3.0866003036499023,11.667134284973145,0.053290605545043945,0.05734502151608467,"tensor(0.3104, grad_fn=<MseLossBackward0>)",
5955,3.317655563354492,11.941473007202148,0.0,0.11449408531188965,"tensor(0.4276, grad_fn=<MseLossBackward0>)",
5956,6.266983985900879,11.262746810913086,0.1333174705505371,0.10168953239917755,"tensor(0.3381, grad_fn=<MseLossBackward0>)",
5957,11.4166841506958,11.808740615844727,0.05791451781988144,0.3837140202522278,"tensor(0.3572, grad_fn=<MseLossBackward0>)",
5958,6.832005500793457,11.066754341125488,0.008579949848353863,0.2513137757778168,"tensor(0.3177, grad_fn=<MseLossBackward0>)",
5959,2.0459461212158203,10.992948532104492,0.012935499660670757,0.05565458536148071,"tensor(0.3095, grad_fn=<MseLossBackward0>)",
5960,3.4927568435668945,10.567666053771973,0.03544541075825691,0.09111171215772629,"tensor(0.3123, grad_fn=<MseLossBackward0>)",
5961,4.59928035736084,11.296131134033203,0.0035785436630249023,0.17126420140266418,"tensor(0.1955, grad_fn=<MseLossBackward0>)",
5962,4.2166643142700195,10.214348793029785,0.0,0.1502707302570343,"tensor(0.4348, grad_fn=<MseLossBackward0>)",
5963,3.225996971130371,9.759464263916016,0.011607210151851177,0.10511025786399841,"tensor(0.2863, grad_fn=<MseLossBackward0>)",
5964,3.460979461669922,9.653250694274902,0.0,0.1291029304265976,"tensor(0.2169, grad_fn=<MseLossBackward0>)",
5965,2.8675193786621094,9.307231903076172,0.01310420036315918,0.08797949552536011,"tensor(0.3125, grad_fn=<MseLossBackward0>)",
5966,4.476681709289551,8.297836303710938,0.12925316393375397,0.03660762682557106,"tensor(0.2965, grad_fn=<MseLossBackward0>)",
5967,7.138233661651611,8.009949684143066,0.0707467794418335,0.2055666297674179,"tensor(0.1895, grad_fn=<MseLossBackward0>)",
5968,5.3024983406066895,7.857837677001953,0.02376667596399784,0.17280596494674683,"tensor(0.3541, grad_fn=<MseLossBackward0>)",
5969,4.1052069664001465,7.817219257354736,0.09385581314563751,0.05652068927884102,"tensor(0.2978, grad_fn=<MseLossBackward0>)",
5970,8.530052185058594,9.109551429748535,0.08269882202148438,0.2456878274679184,"tensor(0.2811, grad_fn=<MseLossBackward0>)",
5971,6.294410705566406,8.622396469116211,0.19880709052085876,0.04174742102622986,"tensor(0.2551, grad_fn=<MseLossBackward0>)",
5972,3.1972713470458984,8.332862854003906,0.04382912442088127,0.07319465279579163,"tensor(0.2473, grad_fn=<MseLossBackward0>)",
5973,2.8025007247924805,8.395299911499023,0.05186229944229126,0.05271914601325989,"tensor(0.1599, grad_fn=<MseLossBackward0>)",
5974,5.593902587890625,9.958447456359863,0.029896220192313194,0.18291419744491577,"tensor(0.2527, grad_fn=<MseLossBackward0>)",
5975,4.904911994934082,9.204366683959961,0.01745384931564331,0.16721512377262115,"tensor(0.2631, grad_fn=<MseLossBackward0>)",
5976,3.764848232269287,7.822179317474365,0.0364406518638134,0.10349515080451965,"tensor(0.2492, grad_fn=<MseLossBackward0>)",
5977,4.585871696472168,9.752808570861816,0.0977177619934082,0.06995341926813126,"tensor(0.3650, grad_fn=<MseLossBackward0>)",
5978,7.009245872497559,10.852115631103516,0.008628587238490582,0.2582898736000061,"tensor(0.2971, grad_fn=<MseLossBackward0>)",
5979,2.901137351989746,9.91733169555664,0.0006214181776158512,0.10110296308994293,"tensor(0.3363, grad_fn=<MseLossBackward0>)",
5980,4.354310989379883,11.167008399963379,0.07416772842407227,0.08505016565322876,"tensor(0.3328, grad_fn=<MseLossBackward0>)",
5981,2.4822616577148438,9.199729919433594,0.040502745658159256,0.04954444617033005,"tensor(0.2173, grad_fn=<MseLossBackward0>)",
5982,2.246622085571289,10.292638778686523,0.0,0.07949064671993256,"tensor(0.2302, grad_fn=<MseLossBackward0>)",
5983,2.25338077545166,10.394718170166016,0.0664450153708458,0.011535368859767914,"tensor(0.2867, grad_fn=<MseLossBackward0>)",
5984,3.297353744506836,9.142468452453613,0.06103946641087532,0.05606638640165329,"tensor(0.3470, grad_fn=<MseLossBackward0>)",
5985,1.8665647506713867,10.2584867477417,0.03712475299835205,0.021570194512605667,"tensor(0.3691, grad_fn=<MseLossBackward0>)",
5986,3.601346969604492,10.358989715576172,0.06256058067083359,0.06673077493906021,"tensor(0.3442, grad_fn=<MseLossBackward0>)",
5987,2.661022186279297,9.965132713317871,0.03758370876312256,0.05502190440893173,"tensor(0.3176, grad_fn=<MseLossBackward0>)",
5988,3.9531545639038086,10.452431678771973,0.10138269513845444,0.04221668094396591,"tensor(0.3087, grad_fn=<MseLossBackward0>)",
5989,4.7585554122924805,12.05588150024414,0.0,0.17989696562290192,"tensor(0.2289, grad_fn=<MseLossBackward0>)",
5990,4.370942115783691,10.606218338012695,0.07359562069177628,0.08773037046194077,"tensor(0.3135, grad_fn=<MseLossBackward0>)",
5991,2.6223554611206055,10.784136772155762,0.007712999824434519,0.08532291650772095,"tensor(0.2697, grad_fn=<MseLossBackward0>)",
5992,5.458403587341309,9.803638458251953,0.08959794044494629,0.11073504388332367,"tensor(0.4409, grad_fn=<MseLossBackward0>)",
5993,2.765408515930176,9.999427795410156,0.01540285348892212,0.08266468346118927,"tensor(0.2877, grad_fn=<MseLossBackward0>)",
5994,2.2286901473999023,11.585205078125,0.007162332534790039,0.06321386992931366,"tensor(0.4480, grad_fn=<MseLossBackward0>)",
5995,4.9876203536987305,11.700909614562988,0.0340440459549427,0.1505393087863922,"tensor(0.3396, grad_fn=<MseLossBackward0>)",
5996,3.2925949096679688,11.171889305114746,0.0,0.11389106512069702,"tensor(0.4311, grad_fn=<MseLossBackward0>)",
5997,4.413873672485352,11.289895057678223,0.10357731580734253,0.056010909378528595,"tensor(0.4025, grad_fn=<MseLossBackward0>)",
5998,4.302778244018555,10.076811790466309,0.08493870496749878,0.0753256306052208,"tensor(0.2511, grad_fn=<MseLossBackward0>)",
5999,10.24891185760498,12.193220138549805,0.0,0.39271584153175354,"tensor(0.4102, grad_fn=<MseLossBackward0>)",
6000,3.9089202880859375,11.572083473205566,0.06994173675775528,0.06879544258117676,"tensor(0.4006, grad_fn=<MseLossBackward0>)","[1.0408490896224976, 1.1210426092147827, 1.2681410312652588]"
6001,2.4915285110473633,10.806659698486328,0.03774036839604378,0.04945668578147888,"tensor(0.2718, grad_fn=<MseLossBackward0>)",
6002,4.3358659744262695,10.118989944458008,0.05127702280879021,0.10632261633872986,"tensor(0.3697, grad_fn=<MseLossBackward0>)",
6003,3.556126594543457,10.80259895324707,0.039007384330034256,0.087397500872612,"tensor(0.3710, grad_fn=<MseLossBackward0>)",
6004,3.8542165756225586,12.218526840209961,0.04420020431280136,0.09234704077243805,"tensor(0.4048, grad_fn=<MseLossBackward0>)",
6005,1.6631221771240234,12.484807968139648,0.0,0.05468297377228737,"tensor(0.2783, grad_fn=<MseLossBackward0>)",
6006,3.141951560974121,11.080875396728516,0.03753210976719856,0.07115213572978973,"tensor(0.3844, grad_fn=<MseLossBackward0>)",
6007,9.30652904510498,11.82101821899414,0.11000972986221313,0.2502288818359375,"tensor(0.2850, grad_fn=<MseLossBackward0>)",
6008,2.606318473815918,11.21340274810791,0.035077136009931564,0.05796324089169502,"tensor(0.2642, grad_fn=<MseLossBackward0>)",
6009,9.86023235321045,11.084282875061035,0.025330623611807823,0.3536267578601837,"tensor(0.3657, grad_fn=<MseLossBackward0>)",
6010,6.010242462158203,9.9599609375,0.17352107167243958,0.056882865726947784,"tensor(0.2323, grad_fn=<MseLossBackward0>)",
6011,1.8993539810180664,11.241846084594727,0.01048290729522705,0.051513493061065674,"tensor(0.3251, grad_fn=<MseLossBackward0>)",
6012,2.4390716552734375,10.140530586242676,0.03218881040811539,0.05287318676710129,"tensor(0.2800, grad_fn=<MseLossBackward0>)",
6013,3.6214075088500977,9.18912410736084,0.08032858371734619,0.054904140532016754,"tensor(0.2221, grad_fn=<MseLossBackward0>)",
6014,3.956313133239746,10.703492164611816,0.020689764991402626,0.12725459039211273,"tensor(0.2381, grad_fn=<MseLossBackward0>)",
6015,5.235019683837891,9.305547714233398,0.0697416290640831,0.12501835823059082,"tensor(0.3335, grad_fn=<MseLossBackward0>)",
6016,1.7845535278320312,10.726810455322266,0.0,0.05579662322998047,"tensor(0.3091, grad_fn=<MseLossBackward0>)",
6017,1.6768217086791992,9.810476303100586,0.0,0.05567610263824463,"tensor(0.2286, grad_fn=<MseLossBackward0>)",
6018,3.123711585998535,10.430699348449707,0.0,0.11374175548553467,"tensor(0.2124, grad_fn=<MseLossBackward0>)",
6019,10.378715515136719,10.933393478393555,0.022074023261666298,0.3792259693145752,"tensor(0.2782, grad_fn=<MseLossBackward0>)",
6020,3.8527774810791016,9.274332046508789,0.07251673936843872,0.0685194805264473,"tensor(0.1951, grad_fn=<MseLossBackward0>)",
6021,5.227402687072754,9.712173461914062,0.06357965618371964,0.1302274614572525,"tensor(0.3200, grad_fn=<MseLossBackward0>)",
6022,4.865880012512207,9.3945951461792,0.04492294788360596,0.1334303617477417,"tensor(0.3307, grad_fn=<MseLossBackward0>)",
6023,2.372690200805664,10.523367881774902,0.026134788990020752,0.055783264338970184,"tensor(0.2839, grad_fn=<MseLossBackward0>)",
6024,1.7127408981323242,10.336996078491211,0.0015567938098683953,0.05152437835931778,"tensor(0.3361, grad_fn=<MseLossBackward0>)",
6025,6.885806083679199,10.818473815917969,0.026811998337507248,0.2344779372215271,"tensor(0.3080, grad_fn=<MseLossBackward0>)",
6026,3.4843835830688477,9.753501892089844,0.02159162424504757,0.10315486043691635,"tensor(0.3093, grad_fn=<MseLossBackward0>)",
6027,1.964543342590332,9.123917579650879,0.014316459186375141,0.05031199753284454,"tensor(0.3000, grad_fn=<MseLossBackward0>)",
6028,3.4225997924804688,10.384950637817383,0.0595669150352478,0.06472376734018326,"tensor(0.2890, grad_fn=<MseLossBackward0>)",
6029,7.737967491149902,10.22777271270752,0.028477570042014122,0.2659251093864441,"tensor(0.3423, grad_fn=<MseLossBackward0>)",
6030,7.706006050109863,10.420228004455566,0.06606954336166382,0.22750118374824524,"tensor(0.3554, grad_fn=<MseLossBackward0>)",
6031,6.665809631347656,9.898305892944336,0.14209315180778503,0.11515139043331146,"tensor(0.2123, grad_fn=<MseLossBackward0>)",
6032,1.8045272827148438,9.92558479309082,0.03181833028793335,0.029489312320947647,"tensor(0.2333, grad_fn=<MseLossBackward0>)",
6033,3.199784278869629,10.694425582885742,0.039913855493068695,0.07630596309900284,"tensor(0.2289, grad_fn=<MseLossBackward0>)",
6034,4.991402626037598,11.269783020019531,0.09948600828647614,0.0890297070145607,"tensor(0.2688, grad_fn=<MseLossBackward0>)",
6035,3.368475914001465,10.32741641998291,0.07448414713144302,0.04497060924768448,"tensor(0.3630, grad_fn=<MseLossBackward0>)",
6036,3.1723499298095703,8.912677764892578,0.09097883850336075,0.023366745561361313,"tensor(0.2793, grad_fn=<MseLossBackward0>)",
6037,3.021770477294922,10.805768013000488,0.042587678879499435,0.06872133910655975,"tensor(0.2191, grad_fn=<MseLossBackward0>)",
6038,2.664240837097168,10.844846725463867,0.0,0.09215494990348816,"tensor(0.3480, grad_fn=<MseLossBackward0>)",
6039,1.0324077606201172,12.444149017333984,0.0,0.02597156912088394,"tensor(0.3554, grad_fn=<MseLossBackward0>)",
6040,8.062141418457031,12.167037963867188,0.2053484469652176,0.10288482159376144,"tensor(0.2876, grad_fn=<MseLossBackward0>)",
6041,4.697915077209473,10.179891586303711,0.0635414719581604,0.11006368696689606,"tensor(0.3215, grad_fn=<MseLossBackward0>)",
6042,4.833538055419922,11.342223167419434,0.029808521270751953,0.14468303322792053,"tensor(0.4130, grad_fn=<MseLossBackward0>)",
6043,4.182854652404785,10.268457412719727,0.0778098925948143,0.07572092115879059,"tensor(0.2943, grad_fn=<MseLossBackward0>)",
6044,4.48514461517334,10.428125381469727,0.027306199073791504,0.13919223845005035,"tensor(0.2449, grad_fn=<MseLossBackward0>)",
6045,2.634964942932129,10.402884483337402,0.0,0.09323854744434357,"tensor(0.2863, grad_fn=<MseLossBackward0>)",
6046,1.2643699645996094,10.645263671875,0.015703419223427773,0.02179158478975296,"tensor(0.2426, grad_fn=<MseLossBackward0>)",
6047,2.500347137451172,10.543330192565918,0.0,0.08366020023822784,"tensor(0.3822, grad_fn=<MseLossBackward0>)",
6048,6.627293586730957,9.87147331237793,0.1303507536649704,0.120421402156353,"tensor(0.3021, grad_fn=<MseLossBackward0>)",
6049,3.1280879974365234,11.969588279724121,0.017851868644356728,0.09314467012882233,"tensor(0.3180, grad_fn=<MseLossBackward0>)",
6050,1.5640373229980469,10.31284236907959,0.03233214467763901,0.019038688391447067,"tensor(0.2175, grad_fn=<MseLossBackward0>)",
6051,2.67352294921875,10.816581726074219,0.021996935829520226,0.06822255253791809,"tensor(0.3830, grad_fn=<MseLossBackward0>)",
6052,2.6063098907470703,9.93494987487793,0.03826397657394409,0.048772405833005905,"tensor(0.4009, grad_fn=<MseLossBackward0>)",
6053,1.4572477340698242,10.684612274169922,0.01644865609705448,0.02738303318619728,"tensor(0.3369, grad_fn=<MseLossBackward0>)",
6054,2.479275703430176,11.11095905303955,0.012808163650333881,0.07201432436704636,"tensor(0.3236, grad_fn=<MseLossBackward0>)",
6055,5.739556312561035,11.568840026855469,0.10708250850439072,0.10749362409114838,"tensor(0.3510, grad_fn=<MseLossBackward0>)",
6056,3.2160634994506836,12.193675994873047,0.0,0.11490371078252792,"tensor(0.3180, grad_fn=<MseLossBackward0>)",
6057,3.716464042663574,12.322758674621582,0.0,0.1323065161705017,"tensor(0.3469, grad_fn=<MseLossBackward0>)",
6058,3.8874053955078125,12.29746150970459,0.03668701648712158,0.09808360040187836,"tensor(0.4683, grad_fn=<MseLossBackward0>)",
6059,5.128927230834961,12.954566955566406,0.04337042570114136,0.14802172780036926,"tensor(0.3284, grad_fn=<MseLossBackward0>)",
6060,4.310028076171875,11.98441219329834,0.012524585239589214,0.14795057475566864,"tensor(0.2704, grad_fn=<MseLossBackward0>)",
6061,8.830146789550781,11.9374361038208,0.050378043204545975,0.2842172682285309,"tensor(0.4514, grad_fn=<MseLossBackward0>)",
6062,5.174681663513184,12.482177734375,0.09434759616851807,0.10036259889602661,"tensor(0.2699, grad_fn=<MseLossBackward0>)",
6063,1.8688879013061523,10.120574951171875,0.03026580810546875,0.028312204405665398,"tensor(0.3645, grad_fn=<MseLossBackward0>)",
6064,2.815760612487793,11.592367172241211,0.010215839371085167,0.09013983607292175,"tensor(0.2763, grad_fn=<MseLossBackward0>)",
6065,1.3250322341918945,11.17557430267334,0.0,0.04257059842348099,"tensor(0.2305, grad_fn=<MseLossBackward0>)",
6066,3.5164995193481445,10.47189712524414,0.08969732373952866,0.037145502865314484,"tensor(0.2799, grad_fn=<MseLossBackward0>)",
6067,6.577027320861816,11.107267379760742,0.10393314063549042,0.14090940356254578,"tensor(0.4292, grad_fn=<MseLossBackward0>)",
6068,2.8147382736206055,11.524521827697754,0.0,0.09978920221328735,"tensor(0.2652, grad_fn=<MseLossBackward0>)",
6069,4.23642635345459,9.475204467773438,0.00406887149438262,0.1541609913110733,"tensor(0.2339, grad_fn=<MseLossBackward0>)",
6070,5.508395195007324,10.77792739868164,0.0,0.21078835427761078,"tensor(0.1968, grad_fn=<MseLossBackward0>)",
6071,12.027228355407715,10.07150936126709,0.27972638607025146,0.18505415320396423,"tensor(0.3562, grad_fn=<MseLossBackward0>)",
6072,2.176192283630371,10.583792686462402,0.028093555942177773,0.04510824754834175,"tensor(0.3090, grad_fn=<MseLossBackward0>)",
6073,5.015765190124512,10.686775207519531,0.0498310923576355,0.1360069066286087,"tensor(0.3382, grad_fn=<MseLossBackward0>)",
6074,2.7558631896972656,10.923831939697266,0.0,0.08987653255462646,"tensor(0.4492, grad_fn=<MseLossBackward0>)",
6075,2.2657527923583984,9.799219131469727,0.0,0.07989263534545898,"tensor(0.2410, grad_fn=<MseLossBackward0>)",
6076,3.0575037002563477,10.140605926513672,0.005852480884641409,0.1013636440038681,"tensor(0.3586, grad_fn=<MseLossBackward0>)",
6077,1.7184886932373047,9.620773315429688,0.031732816249132156,0.027065707370638847,"tensor(0.2206, grad_fn=<MseLossBackward0>)",
6078,3.450474739074707,9.128899574279785,0.05325748398900032,0.07094714045524597,"tensor(0.3305, grad_fn=<MseLossBackward0>)",
6079,3.131368637084961,10.080586433410645,0.0129649443551898,0.09594422578811646,"tensor(0.3858, grad_fn=<MseLossBackward0>)",
6080,3.945524215698242,10.552416801452637,0.06978344917297363,0.07402967661619186,"tensor(0.3238, grad_fn=<MseLossBackward0>)",
6081,7.750855445861816,11.52627182006836,0.06252924352884293,0.23679998517036438,"tensor(0.2351, grad_fn=<MseLossBackward0>)",
6082,4.621049880981445,8.987951278686523,0.045317213982343674,0.12954480946063995,"tensor(0.2194, grad_fn=<MseLossBackward0>)",
6083,3.2365951538085938,9.375835418701172,0.0699959397315979,0.04800146073102951,"tensor(0.2616, grad_fn=<MseLossBackward0>)",
6084,2.5997629165649414,9.713264465332031,0.03640267997980118,0.055298514664173126,"tensor(0.2736, grad_fn=<MseLossBackward0>)",
6085,4.2384490966796875,9.347437858581543,0.017686089500784874,0.1383778154850006,"tensor(0.2939, grad_fn=<MseLossBackward0>)",
6086,4.756861686706543,8.444032669067383,0.15804843604564667,0.022268429398536682,"tensor(0.2066, grad_fn=<MseLossBackward0>)",
6087,4.7937517166137695,9.94617748260498,0.11914946138858795,0.061972927302122116,"tensor(0.2310, grad_fn=<MseLossBackward0>)",
6088,5.013213157653809,8.403152465820312,0.12545748054981232,0.06299181282520294,"tensor(0.2837, grad_fn=<MseLossBackward0>)",
6089,3.5543699264526367,9.834871292114258,0.001982947112992406,0.12447305023670197,"tensor(0.3627, grad_fn=<MseLossBackward0>)",
6090,3.4718570709228516,10.645590782165527,0.07839441299438477,0.04667195677757263,"tensor(0.2989, grad_fn=<MseLossBackward0>)",
6091,2.3437814712524414,9.253852844238281,0.039838314056396484,0.0411079116165638,"tensor(0.2833, grad_fn=<MseLossBackward0>)",
6092,3.85501766204834,10.290726661682129,0.050387877970933914,0.08716822415590286,"tensor(0.3696, grad_fn=<MseLossBackward0>)",
6093,9.263786315917969,11.499457359313965,0.05244389921426773,0.303184449672699,"tensor(0.2602, grad_fn=<MseLossBackward0>)",
6094,4.130314826965332,12.982030868530273,0.0,0.15188267827033997,"tensor(0.2985, grad_fn=<MseLossBackward0>)",
6095,7.465580940246582,11.060368537902832,0.0,0.28213807940483093,"tensor(0.3448, grad_fn=<MseLossBackward0>)",
6096,4.936365127563477,12.159448623657227,0.0,0.184210404753685,"tensor(0.3029, grad_fn=<MseLossBackward0>)",
6097,6.680393218994141,10.852790832519531,0.053229767829179764,0.19552379846572876,"tensor(0.4101, grad_fn=<MseLossBackward0>)",
6098,6.946632385253906,12.732866287231445,0.0,0.2628307342529297,"tensor(0.3134, grad_fn=<MseLossBackward0>)",
6099,9.51641845703125,13.38437557220459,0.010907749645411968,0.3534387946128845,"tensor(0.3820, grad_fn=<MseLossBackward0>)",
6100,8.756257057189941,13.030552864074707,0.0,0.33667802810668945,"tensor(0.3050, grad_fn=<MseLossBackward0>)",
6101,2.8779211044311523,13.106721878051758,0.005036910530179739,0.09164560586214066,"tensor(0.4428, grad_fn=<MseLossBackward0>)",
6102,3.6250391006469727,10.274494171142578,0.028776705265045166,0.09884917736053467,"tensor(0.4203, grad_fn=<MseLossBackward0>)",
6103,2.408614158630371,11.305099487304688,0.005546709056943655,0.07238508760929108,"tensor(0.4263, grad_fn=<MseLossBackward0>)",
6104,5.592574119567871,10.649640083312988,0.12369135767221451,0.08559782803058624,"tensor(0.3462, grad_fn=<MseLossBackward0>)",
6105,2.969801902770996,11.759088516235352,0.08012968301773071,0.025736747309565544,"tensor(0.3035, grad_fn=<MseLossBackward0>)",
6106,6.602810859680176,11.018731117248535,0.14409694075584412,0.10751385986804962,"tensor(0.2934, grad_fn=<MseLossBackward0>)",
6107,3.523697853088379,10.160111427307129,0.05059291794896126,0.07477638870477676,"tensor(0.3717, grad_fn=<MseLossBackward0>)",
6108,1.371748924255371,10.528356552124023,0.016641080379486084,0.028072409331798553,"tensor(0.2293, grad_fn=<MseLossBackward0>)",
6109,5.780101776123047,9.252941131591797,0.13627564907073975,0.08564236015081406,"tensor(0.1904, grad_fn=<MseLossBackward0>)",
6110,4.322608947753906,9.96131420135498,0.04260993003845215,0.11960822343826294,"tensor(0.2478, grad_fn=<MseLossBackward0>)",
6111,1.1632680892944336,8.243908882141113,0.0,0.03190355375409126,"tensor(0.3412, grad_fn=<MseLossBackward0>)",
6112,4.364542007446289,9.301019668579102,0.09335949271917343,0.06967393308877945,"tensor(0.2715, grad_fn=<MseLossBackward0>)",
6113,2.922144889831543,10.624515533447266,0.053481537848711014,0.04906298592686653,"tensor(0.3089, grad_fn=<MseLossBackward0>)",
6114,1.7198352813720703,10.612378120422363,0.004179775714874268,0.053257279098033905,"tensor(0.2757, grad_fn=<MseLossBackward0>)",
6115,4.459946632385254,9.031502723693848,0.010815799236297607,0.15064868330955505,"tensor(0.3636, grad_fn=<MseLossBackward0>)",
6116,5.195948600769043,9.962101936340332,0.0,0.19830317795276642,"tensor(0.1981, grad_fn=<MseLossBackward0>)",
6117,2.3257503509521484,8.510750770568848,0.0,0.07736312597990036,"tensor(0.3340, grad_fn=<MseLossBackward0>)",
6118,2.287382125854492,8.507162094116211,0.0011343559017404914,0.0771292969584465,"tensor(0.2873, grad_fn=<MseLossBackward0>)",
6119,2.5217599868774414,9.536277770996094,0.015906909480690956,0.06996775418519974,"tensor(0.3291, grad_fn=<MseLossBackward0>)",
6120,4.460393905639648,8.64404582977295,0.0,0.16863052546977997,"tensor(0.1985, grad_fn=<MseLossBackward0>)",
6121,6.704192161560059,8.684922218322754,0.0409652404487133,0.2128659337759018,"tensor(0.2774, grad_fn=<MseLossBackward0>)",
6122,7.123379707336426,8.695788383483887,0.024849137291312218,0.24015337228775024,"tensor(0.4044, grad_fn=<MseLossBackward0>)",
6123,1.880417823791504,9.982911109924316,0.05272384360432625,0.011890421621501446,"tensor(0.2213, grad_fn=<MseLossBackward0>)",
6124,8.646143913269043,9.925939559936523,0.1377848982810974,0.19855251908302307,"tensor(0.1860, grad_fn=<MseLossBackward0>)",
6125,2.8528947830200195,9.695086479187012,0.011871079914271832,0.08782391250133514,"tensor(0.3375, grad_fn=<MseLossBackward0>)",
6126,8.476211547851562,10.254311561584473,0.10090390592813492,0.22844699025154114,"tensor(0.2121, grad_fn=<MseLossBackward0>)",
6127,6.419844627380371,9.107866287231445,0.11970186233520508,0.12474361807107925,"tensor(0.2801, grad_fn=<MseLossBackward0>)",
6128,2.4771203994750977,9.828003883361816,0.02404862642288208,0.058405324816703796,"tensor(0.3982, grad_fn=<MseLossBackward0>)",
6129,3.633908271789551,8.740760803222656,0.04924720525741577,0.0860438197851181,"tensor(0.2297, grad_fn=<MseLossBackward0>)",
6130,2.414318084716797,8.089219093322754,0.030627110973000526,0.05411117523908615,"tensor(0.2429, grad_fn=<MseLossBackward0>)",
6131,6.1378068923950195,10.281081199645996,0.07069909572601318,0.15901829302310944,"tensor(0.3745, grad_fn=<MseLossBackward0>)",
6132,10.856362342834473,9.143677711486816,0.2389000654220581,0.18353043496608734,"tensor(0.2645, grad_fn=<MseLossBackward0>)",
6133,3.030496597290039,10.085417747497559,0.0644097551703453,0.04365534707903862,"tensor(0.2846, grad_fn=<MseLossBackward0>)",
6134,6.241355895996094,11.584125518798828,0.19554784893989563,0.04510851949453354,"tensor(0.1919, grad_fn=<MseLossBackward0>)",
6135,5.108292579650879,9.004934310913086,0.08576160669326782,0.10911105573177338,"tensor(0.2197, grad_fn=<MseLossBackward0>)",
6136,3.587527275085449,12.217226028442383,0.07606428861618042,0.05067769065499306,"tensor(0.3982, grad_fn=<MseLossBackward0>)",
6137,2.8044347763061523,12.135946273803711,0.05332140251994133,0.04591719061136246,"tensor(0.3058, grad_fn=<MseLossBackward0>)",
6138,3.404982566833496,10.788183212280273,0.03901195526123047,0.08550859987735748,"tensor(0.2605, grad_fn=<MseLossBackward0>)",
6139,6.0590314865112305,11.63388729095459,0.06898810714483261,0.15748797357082367,"tensor(0.3682, grad_fn=<MseLossBackward0>)",
6140,4.208771705627441,13.186393737792969,0.002152303932234645,0.15188850462436676,"tensor(0.3332, grad_fn=<MseLossBackward0>)",
6141,5.901848793029785,12.707159996032715,0.03957277536392212,0.18089443445205688,"tensor(0.3720, grad_fn=<MseLossBackward0>)",
6142,4.589777946472168,11.167306900024414,0.012998144142329693,0.15504330396652222,"tensor(0.3670, grad_fn=<MseLossBackward0>)",
6143,5.012216567993164,11.215570449829102,0.0,0.1842522919178009,"tensor(0.3770, grad_fn=<MseLossBackward0>)",
6144,3.3204946517944336,10.473013877868652,0.0,0.12144387513399124,"tensor(0.2501, grad_fn=<MseLossBackward0>)",
6145,9.678703308105469,11.328749656677246,0.2097245454788208,0.16317695379257202,"tensor(0.3063, grad_fn=<MseLossBackward0>)",
6146,4.275705337524414,10.248560905456543,0.011318107135593891,0.1474802941083908,"tensor(0.2705, grad_fn=<MseLossBackward0>)",
6147,5.0284576416015625,10.464906692504883,0.046993255615234375,0.13245445489883423,"tensor(0.4855, grad_fn=<MseLossBackward0>)",
6148,1.7950286865234375,9.805488586425781,0.003741959808394313,0.05805276334285736,"tensor(0.2018, grad_fn=<MseLossBackward0>)",
6149,6.64791202545166,9.067726135253906,0.040761549025774,0.21195000410079956,"tensor(0.2819, grad_fn=<MseLossBackward0>)",
6150,1.9807910919189453,9.622042655944824,0.0,0.06364016234874725,"tensor(0.3560, grad_fn=<MseLossBackward0>)",
6151,3.1461315155029297,8.987314224243164,0.010953922756016254,0.09866924583911896,"tensor(0.3492, grad_fn=<MseLossBackward0>)",
6152,6.120616912841797,9.295991897583008,0.06802024692296982,0.16245964169502258,"tensor(0.3379, grad_fn=<MseLossBackward0>)",
6153,3.039130210876465,8.899551391601562,0.016508063301444054,0.09060295671224594,"tensor(0.3289, grad_fn=<MseLossBackward0>)",
6154,2.6044607162475586,7.451626300811768,0.07309380918741226,0.020043570548295975,"tensor(0.2356, grad_fn=<MseLossBackward0>)",
6155,2.796708106994629,8.746895790100098,0.01258552074432373,0.08669394999742508,"tensor(0.2882, grad_fn=<MseLossBackward0>)",
6156,3.502300262451172,9.235359191894531,0.07855602353811264,0.05045877397060394,"tensor(0.2553, grad_fn=<MseLossBackward0>)",
6157,1.0947914123535156,9.449725151062012,0.0,0.030076637864112854,"tensor(0.3019, grad_fn=<MseLossBackward0>)",
6158,3.332627296447754,9.707625389099121,0.024822354316711426,0.09845598042011261,"tensor(0.2165, grad_fn=<MseLossBackward0>)",
6159,1.650777816772461,8.331252098083496,0.005971988197416067,0.05094727873802185,"tensor(0.2007, grad_fn=<MseLossBackward0>)",
6160,5.548518180847168,9.175210952758789,0.08318672329187393,0.12404526770114899,"tensor(0.3480, grad_fn=<MseLossBackward0>)",
6161,1.267557144165039,8.496664047241211,0.01934162713587284,0.017479853704571724,"tensor(0.2980, grad_fn=<MseLossBackward0>)",
6162,6.1662139892578125,9.636446952819824,0.11263424158096313,0.11916197836399078,"tensor(0.3457, grad_fn=<MseLossBackward0>)",
6163,2.5058469772338867,8.980731010437012,0.05311492830514908,0.03482880815863609,"tensor(0.2795, grad_fn=<MseLossBackward0>)",
6164,2.646817207336426,9.483414649963379,0.0,0.09595421701669693,"tensor(0.2222, grad_fn=<MseLossBackward0>)",
6165,6.731201171875,10.498025894165039,0.0,0.2605626881122589,"tensor(0.1736, grad_fn=<MseLossBackward0>)",
6166,5.392178535461426,10.596782684326172,0.02385610342025757,0.1805012822151184,"tensor(0.2429, grad_fn=<MseLossBackward0>)",
6167,6.4682464599609375,8.957828521728516,0.07933292537927628,0.16950388252735138,"tensor(0.1965, grad_fn=<MseLossBackward0>)",
6168,3.2972517013549805,9.044921875,0.07114025205373764,0.04930304363369942,"tensor(0.2379, grad_fn=<MseLossBackward0>)",
6169,1.3588590621948242,9.974102973937988,0.0,0.04362477734684944,"tensor(0.2402, grad_fn=<MseLossBackward0>)",
6170,5.175250053405762,9.3320894241333,0.11664857715368271,0.0779900848865509,"tensor(0.2644, grad_fn=<MseLossBackward0>)",
6171,4.531555652618408,8.024396896362305,0.026599962264299393,0.13984328508377075,"tensor(0.3202, grad_fn=<MseLossBackward0>)",
6172,2.742784023284912,7.632915496826172,0.07595757395029068,0.022837568074464798,"tensor(0.2359, grad_fn=<MseLossBackward0>)",
6173,2.223944664001465,10.916282653808594,0.040320295840501785,0.03621348366141319,"tensor(0.2533, grad_fn=<MseLossBackward0>)",
6174,6.243308067321777,9.018392562866211,0.051022451370954514,0.1858515441417694,"tensor(0.3006, grad_fn=<MseLossBackward0>)",
6175,1.4934263229370117,9.020560264587402,0.0,0.048419322818517685,"tensor(0.2450, grad_fn=<MseLossBackward0>)",
6176,5.788272857666016,10.017951965332031,0.06154121831059456,0.15954294800758362,"tensor(0.2140, grad_fn=<MseLossBackward0>)",
6177,1.595205307006836,9.815552711486816,0.010305821895599365,0.04215845465660095,"tensor(0.2580, grad_fn=<MseLossBackward0>)",
6178,4.3928070068359375,9.358675956726074,0.10555215924978256,0.05736078321933746,"tensor(0.3068, grad_fn=<MseLossBackward0>)",
6179,6.455867767333984,8.862802505493164,0.09405835717916489,0.14905790984630585,"tensor(0.3526, grad_fn=<MseLossBackward0>)",
6180,2.6471405029296875,9.250887870788574,0.06922689825296402,0.025057241320610046,"tensor(0.2639, grad_fn=<MseLossBackward0>)",
6181,2.845916748046875,9.261456489562988,0.0,0.09799391031265259,"tensor(0.3727, grad_fn=<MseLossBackward0>)",
6182,6.768718719482422,9.622815132141113,0.0,0.25475743412971497,"tensor(0.3845, grad_fn=<MseLossBackward0>)",
6183,5.173792839050293,11.295570373535156,0.08067649602890015,0.11172235012054443,"tensor(0.2652, grad_fn=<MseLossBackward0>)",
6184,3.0882272720336914,10.008923530578613,0.0069077215157449245,0.1013261005282402,"tensor(0.3589, grad_fn=<MseLossBackward0>)",
6185,4.280850410461426,9.779045104980469,0.14738889038562775,0.014011853374540806,"tensor(0.2066, grad_fn=<MseLossBackward0>)",
6186,6.32541561126709,8.822915077209473,0.03750687837600708,0.19916844367980957,"tensor(0.3696, grad_fn=<MseLossBackward0>)",
6187,2.6510086059570312,9.946447372436523,0.020281394943594933,0.06795167922973633,"tensor(0.4044, grad_fn=<MseLossBackward0>)",
6188,1.0008964538574219,9.59732437133789,0.0,0.02646971121430397,"tensor(0.2755, grad_fn=<MseLossBackward0>)",
6189,4.391514778137207,9.936419486999512,0.11593161523342133,0.04544901102781296,"tensor(0.3266, grad_fn=<MseLossBackward0>)",
6190,4.709902763366699,9.280932426452637,0.05950196832418442,0.11070552468299866,"tensor(0.3705, grad_fn=<MseLossBackward0>)",
6191,4.676215171813965,8.323399543762207,0.056173063814640045,0.1193137839436531,"tensor(0.2305, grad_fn=<MseLossBackward0>)",
6192,1.3697996139526367,9.86305046081543,0.008657376281917095,0.034414585679769516,"tensor(0.2708, grad_fn=<MseLossBackward0>)",
6193,1.9021406173706055,9.575260162353516,0.012674113735556602,0.05302058532834053,"tensor(0.2302, grad_fn=<MseLossBackward0>)",
6194,4.119359016418457,10.379776000976562,0.09971217066049576,0.054525505751371384,"tensor(0.2389, grad_fn=<MseLossBackward0>)",
6195,4.3561601638793945,10.639781951904297,0.0503624863922596,0.11340111494064331,"tensor(0.2199, grad_fn=<MseLossBackward0>)",
6196,3.026491165161133,9.649757385253906,0.0,0.10769060254096985,"tensor(0.3065, grad_fn=<MseLossBackward0>)",
6197,4.072556495666504,9.527609825134277,0.07145041227340698,0.0778391882777214,"tensor(0.3130, grad_fn=<MseLossBackward0>)",
6198,8.239998817443848,9.773447036743164,0.021871864795684814,0.29377156496047974,"tensor(0.2905, grad_fn=<MseLossBackward0>)",
6199,3.053558349609375,10.86529541015625,0.0,0.10411453247070312,"tensor(0.3974, grad_fn=<MseLossBackward0>)",
6200,10.461966514587402,9.541947364807129,0.0,0.4003835618495941,"tensor(0.4237, grad_fn=<MseLossBackward0>)",
6201,4.321108818054199,9.911831855773926,0.0,0.1608775109052658,"tensor(0.2669, grad_fn=<MseLossBackward0>)",
6202,6.8930253982543945,9.477385520935059,0.030207613483071327,0.23184025287628174,"tensor(0.2966, grad_fn=<MseLossBackward0>)",
6203,3.5868639945983887,8.003167152404785,0.023376047611236572,0.1081547737121582,"tensor(0.2732, grad_fn=<MseLossBackward0>)",
6204,7.359339714050293,8.736587524414062,0.04406219720840454,0.23331239819526672,"tensor(0.3667, grad_fn=<MseLossBackward0>)",
6205,6.007651329040527,9.04489517211914,0.06785473972558975,0.1556335985660553,"tensor(0.3653, grad_fn=<MseLossBackward0>)",
6206,4.870635032653809,9.015676498413086,0.06055188179016113,0.12091141939163208,"tensor(0.3150, grad_fn=<MseLossBackward0>)",
6207,3.30509090423584,8.04627799987793,0.05493947118520737,0.0629899650812149,"tensor(0.3148, grad_fn=<MseLossBackward0>)",
6208,2.632020950317383,9.06147575378418,0.05922853946685791,0.03260630741715431,"tensor(0.3102, grad_fn=<MseLossBackward0>)",
6209,3.396383285522461,8.856374740600586,0.052624523639678955,0.07088546454906464,"tensor(0.2799, grad_fn=<MseLossBackward0>)",
6210,6.362409591674805,8.754042625427246,0.10824475437402725,0.1366635262966156,"tensor(0.2166, grad_fn=<MseLossBackward0>)",
6211,4.594531536102295,7.683076858520508,0.12385594844818115,0.04924597591161728,"tensor(0.2390, grad_fn=<MseLossBackward0>)",
6212,2.5711565017700195,9.391101837158203,0.0,0.08764445781707764,"tensor(0.3474, grad_fn=<MseLossBackward0>)",
6213,2.9681921005249023,8.88106918334961,0.003274679183959961,0.10205899178981781,"tensor(0.2914, grad_fn=<MseLossBackward0>)",
6214,4.945286750793457,9.39641284942627,0.05691877752542496,0.12587803602218628,"tensor(0.3542, grad_fn=<MseLossBackward0>)",
6215,2.6809234619140625,9.591851234436035,0.04272961616516113,0.05033088102936745,"tensor(0.3220, grad_fn=<MseLossBackward0>)",
6216,3.163951873779297,9.355999946594238,0.056131284683942795,0.05893582105636597,"tensor(0.2606, grad_fn=<MseLossBackward0>)",
6217,5.794305801391602,9.928390502929688,0.028199175372719765,0.18899041414260864,"tensor(0.3492, grad_fn=<MseLossBackward0>)",
6218,2.055731773376465,8.560503005981445,0.02652873657643795,0.034277770668268204,"tensor(0.5051, grad_fn=<MseLossBackward0>)",
6219,3.999577522277832,10.455410957336426,0.0,0.14767177402973175,"tensor(0.2828, grad_fn=<MseLossBackward0>)",
6220,1.4071426391601562,9.776713371276855,0.0131569504737854,0.027230091392993927,"tensor(0.3671, grad_fn=<MseLossBackward0>)",
6221,5.02079963684082,10.139667510986328,0.0020880301017314196,0.18889309465885162,"tensor(0.1851, grad_fn=<MseLossBackward0>)",
6222,1.4627962112426758,9.813887596130371,0.0,0.04763440415263176,"tensor(0.2530, grad_fn=<MseLossBackward0>)",
6223,4.300749778747559,10.218103408813477,0.0,0.15801693499088287,"tensor(0.2996, grad_fn=<MseLossBackward0>)",
6224,4.423931121826172,10.290054321289062,0.05984935909509659,0.0967324823141098,"tensor(0.4900, grad_fn=<MseLossBackward0>)",
6225,8.3733549118042,8.673053741455078,0.14854459464550018,0.17020833492279053,"tensor(0.3518, grad_fn=<MseLossBackward0>)",
6226,5.871807098388672,10.380290985107422,0.0,0.2179732769727707,"tensor(0.3807, grad_fn=<MseLossBackward0>)",
6227,8.742850303649902,10.625511169433594,0.1509353667497635,0.18217797577381134,"tensor(0.3875, grad_fn=<MseLossBackward0>)",
6228,5.3943376541137695,8.896795272827148,0.0359874963760376,0.16000574827194214,"tensor(0.4635, grad_fn=<MseLossBackward0>)",
6229,5.843573570251465,8.692520141601562,0.20090331137180328,0.01829301379621029,"tensor(0.3376, grad_fn=<MseLossBackward0>)",
6230,4.522971153259277,9.477546691894531,0.10614030063152313,0.06037921831011772,"tensor(0.3371, grad_fn=<MseLossBackward0>)",
6231,1.8739423751831055,9.667571067810059,0.0,0.06609892100095749,"tensor(0.1895, grad_fn=<MseLossBackward0>)",
6232,2.8950796127319336,9.405104637145996,0.0,0.10226017981767654,"tensor(0.3020, grad_fn=<MseLossBackward0>)",
6233,3.1368894577026367,8.032328605651855,0.0102641386911273,0.1046486645936966,"tensor(0.2414, grad_fn=<MseLossBackward0>)",
6234,3.124537467956543,8.080467224121094,0.03852544352412224,0.07539431750774384,"tensor(0.2172, grad_fn=<MseLossBackward0>)",
6235,3.305464744567871,8.128870964050293,0.058874983340501785,0.06317810714244843,"tensor(0.2163, grad_fn=<MseLossBackward0>)",
6236,2.871333599090576,7.877031326293945,0.013817469589412212,0.089415043592453,"tensor(0.2635, grad_fn=<MseLossBackward0>)",
6237,2.059004783630371,8.459193229675293,0.014677445404231548,0.059383898973464966,"tensor(0.1820, grad_fn=<MseLossBackward0>)",
6238,3.3537607192993164,8.305147171020508,0.03934409096837044,0.07848740369081497,"tensor(0.3634, grad_fn=<MseLossBackward0>)",
6239,3.045571804046631,6.844504356384277,0.05690775439143181,0.05282628536224365,"tensor(0.2660, grad_fn=<MseLossBackward0>)",
6240,4.849389553070068,7.130641460418701,0.09606879949569702,0.08472583442926407,"tensor(0.3022, grad_fn=<MseLossBackward0>)",
6241,3.4372806549072266,7.818603515625,0.05684441328048706,0.06996629387140274,"tensor(0.2423, grad_fn=<MseLossBackward0>)",
6242,1.8957529067993164,8.367934226989746,0.0,0.058817632496356964,"tensor(0.3902, grad_fn=<MseLossBackward0>)",
6243,3.641338348388672,8.471460342407227,0.0646757259964943,0.07111719995737076,"tensor(0.2096, grad_fn=<MseLossBackward0>)",
6244,2.951401710510254,9.583958625793457,0.016697010025382042,0.08900228142738342,"tensor(0.2578, grad_fn=<MseLossBackward0>)",
6245,11.427000999450684,8.52956485748291,0.1864701509475708,0.2558925449848175,"tensor(0.3233, grad_fn=<MseLossBackward0>)",
6246,6.107492923736572,7.354382038116455,0.05302955582737923,0.17452630400657654,"tensor(0.3742, grad_fn=<MseLossBackward0>)",
6247,6.179782867431641,8.82744312286377,0.08351258188486099,0.14722830057144165,"tensor(0.3837, grad_fn=<MseLossBackward0>)",
6248,9.492383003234863,11.436751365661621,0.02783964015543461,0.3375583589076996,"tensor(0.3323, grad_fn=<MseLossBackward0>)",
6249,7.540017127990723,8.817712783813477,0.0637926235795021,0.22227591276168823,"tensor(0.3539, grad_fn=<MseLossBackward0>)",
6250,6.041084289550781,8.792203903198242,0.0,0.22333738207817078,"tensor(0.4235, grad_fn=<MseLossBackward0>)",
6251,3.9542436599731445,9.484549522399902,0.07699861377477646,0.06594713032245636,"tensor(0.3305, grad_fn=<MseLossBackward0>)",
6252,3.3848371505737305,10.145380020141602,0.07323296368122101,0.04994387924671173,"tensor(0.2830, grad_fn=<MseLossBackward0>)",
6253,3.7033376693725586,8.39089584350586,0.07427427917718887,0.06122429668903351,"tensor(0.2818, grad_fn=<MseLossBackward0>)",
6254,2.9707393646240234,8.810372352600098,0.04825456812977791,0.057380251586437225,"tensor(0.3156, grad_fn=<MseLossBackward0>)",
6255,2.7445125579833984,10.136014938354492,0.06628934293985367,0.027255956083536148,"tensor(0.3619, grad_fn=<MseLossBackward0>)",
6256,1.7569169998168945,10.452816009521484,0.0024902422446757555,0.05171199142932892,"tensor(0.3749, grad_fn=<MseLossBackward0>)",
6257,3.7330617904663086,9.447507858276367,0.06036452576518059,0.07115688920021057,"tensor(0.4153, grad_fn=<MseLossBackward0>)",
6258,5.5041656494140625,9.359646797180176,0.08213677257299423,0.12579263746738434,"tensor(0.2882, grad_fn=<MseLossBackward0>)",
6259,2.490170478820801,9.08182144165039,0.051248352974653244,0.03196997568011284,"tensor(0.3943, grad_fn=<MseLossBackward0>)",
6260,2.8158321380615234,8.962504386901855,0.0256308913230896,0.07082845270633698,"tensor(0.3613, grad_fn=<MseLossBackward0>)",
6261,4.677183151245117,10.242159843444824,0.0,0.17197561264038086,"tensor(0.3422, grad_fn=<MseLossBackward0>)",
6262,1.9936532974243164,10.109756469726562,0.003668407676741481,0.06471526622772217,"tensor(0.2141, grad_fn=<MseLossBackward0>)",
6263,3.5953874588012695,10.245588302612305,0.0,0.12940603494644165,"tensor(0.2928, grad_fn=<MseLossBackward0>)",
6264,8.080401420593262,10.043364524841309,0.0,0.3070407509803772,"tensor(0.3562, grad_fn=<MseLossBackward0>)",
6265,2.4091873168945312,9.743430137634277,0.0,0.08395503461360931,"tensor(0.2393, grad_fn=<MseLossBackward0>)",
6266,2.4493322372436523,10.81551742553711,0.0,0.08209206163883209,"tensor(0.3302, grad_fn=<MseLossBackward0>)",
6267,4.8496599197387695,10.372294425964355,0.0,0.17734694480895996,"tensor(0.3583, grad_fn=<MseLossBackward0>)",
6268,1.2751045227050781,9.184368133544922,0.0,0.04005494713783264,"tensor(0.2334, grad_fn=<MseLossBackward0>)",
6269,1.8995676040649414,9.546689987182617,0.020600199699401855,0.0384184867143631,"tensor(0.3976, grad_fn=<MseLossBackward0>)",
6270,3.9517011642456055,10.996241569519043,0.08771870285272598,0.05483345687389374,"tensor(0.3312, grad_fn=<MseLossBackward0>)",
6271,5.977062225341797,8.571854591369629,0.10262546688318253,0.12017464637756348,"tensor(0.3824, grad_fn=<MseLossBackward0>)",
6272,2.2067956924438477,10.321256637573242,0.0072594680823385715,0.06254851073026657,"tensor(0.4050, grad_fn=<MseLossBackward0>)",
6273,2.833883285522461,8.661580085754395,0.054100651293992996,0.04112301021814346,"tensor(0.4295, grad_fn=<MseLossBackward0>)",
6274,6.457643508911133,10.46033000946045,0.016522785648703575,0.21823090314865112,"tensor(0.5214, grad_fn=<MseLossBackward0>)",
6275,1.790909767150879,9.411349296569824,0.0,0.05784889683127403,"tensor(0.3045, grad_fn=<MseLossBackward0>)",
6276,3.910922050476074,11.400957107543945,0.03791201114654541,0.10192059725522995,"tensor(0.3658, grad_fn=<MseLossBackward0>)",
6277,5.489620208740234,10.510261535644531,0.02391417883336544,0.18648304045200348,"tensor(0.2073, grad_fn=<MseLossBackward0>)",
6278,5.203997611999512,9.364304542541504,0.025474051013588905,0.16700327396392822,"tensor(0.3618, grad_fn=<MseLossBackward0>)",
6279,2.980250358581543,9.280464172363281,0.036336977034807205,0.062020085752010345,"tensor(0.4743, grad_fn=<MseLossBackward0>)",
6280,4.385710716247559,9.778897285461426,0.06608768552541733,0.09641031920909882,"tensor(0.2934, grad_fn=<MseLossBackward0>)",
6281,2.799612045288086,10.340734481811523,0.06210315227508545,0.026061048731207848,"tensor(0.5791, grad_fn=<MseLossBackward0>)",
6282,5.761549949645996,11.889514923095703,0.13037081062793732,0.08423903584480286,"tensor(0.3437, grad_fn=<MseLossBackward0>)",
6283,12.984379768371582,10.313127517700195,0.04642011597752571,0.45064598321914673,"tensor(0.5209, grad_fn=<MseLossBackward0>)",
6284,8.082511901855469,8.849042892456055,0.1921468824148178,0.11738115549087524,"tensor(0.3061, grad_fn=<MseLossBackward0>)",
6285,5.334832191467285,8.595999717712402,0.06387265771627426,0.13536033034324646,"tensor(0.3113, grad_fn=<MseLossBackward0>)",
6286,2.9767818450927734,9.773993492126465,0.010503947734832764,0.09431958943605423,"tensor(0.3245, grad_fn=<MseLossBackward0>)",
6287,5.47776985168457,8.701661109924316,0.09080970287322998,0.11721235513687134,"tensor(0.2439, grad_fn=<MseLossBackward0>)",
6288,4.73780632019043,8.767851829528809,0.09743352234363556,0.07873357832431793,"tensor(0.2644, grad_fn=<MseLossBackward0>)",
6289,7.9664506912231445,9.52285099029541,0.012693206779658794,0.29188302159309387,"tensor(0.2905, grad_fn=<MseLossBackward0>)",
6290,4.254183769226074,10.07076358795166,0.0,0.15437333285808563,"tensor(0.3240, grad_fn=<MseLossBackward0>)",
6291,4.81378173828125,9.734832763671875,0.0,0.1752263307571411,"tensor(0.3641, grad_fn=<MseLossBackward0>)",
6292,2.376157760620117,10.443347930908203,0.015678465366363525,0.06754368543624878,"tensor(0.2750, grad_fn=<MseLossBackward0>)",
6293,4.857915878295898,8.94870662689209,0.051243484020233154,0.12512877583503723,"tensor(0.4179, grad_fn=<MseLossBackward0>)",
6294,5.5110321044921875,8.469406127929688,0.1496323198080063,0.058780454099178314,"tensor(0.2528, grad_fn=<MseLossBackward0>)",
6295,1.7685050964355469,9.500308990478516,0.0,0.055818215012550354,"tensor(0.3366, grad_fn=<MseLossBackward0>)",
6296,3.0890865325927734,8.08617877960205,0.07968612760305405,0.029530756175518036,"tensor(0.3286, grad_fn=<MseLossBackward0>)",
6297,3.919344902038574,9.36728286743164,0.04859194904565811,0.09239837527275085,"tensor(0.3417, grad_fn=<MseLossBackward0>)",
6298,4.312578201293945,8.2308931350708,0.02233974076807499,0.13590772449970245,"tensor(0.3106, grad_fn=<MseLossBackward0>)",
6299,3.1202354431152344,9.516695022583008,0.0,0.10938235372304916,"tensor(0.3177, grad_fn=<MseLossBackward0>)",
6300,5.193965911865234,8.222247123718262,0.036029357463121414,0.15899458527565002,"tensor(0.2762, grad_fn=<MseLossBackward0>)",
6301,5.967714309692383,8.244803428649902,0.008470137603580952,0.21720466017723083,"tensor(0.3004, grad_fn=<MseLossBackward0>)",
6302,3.8935909271240234,8.979440689086914,0.04452669620513916,0.1001838818192482,"tensor(0.2550, grad_fn=<MseLossBackward0>)",
6303,3.0219650268554688,9.563136100769043,0.03197701647877693,0.07702688127756119,"tensor(0.2685, grad_fn=<MseLossBackward0>)",
6304,1.6789541244506836,8.555800437927246,0.008424500934779644,0.04468731954693794,"tensor(0.3251, grad_fn=<MseLossBackward0>)",
6305,2.529977321624756,7.92405891418457,0.013377408497035503,0.07731534540653229,"tensor(0.2373, grad_fn=<MseLossBackward0>)",
6306,5.068326950073242,8.771449089050293,0.17006975412368774,0.020298311486840248,"tensor(0.2939, grad_fn=<MseLossBackward0>)",
6307,1.5656805038452148,8.199925422668457,0.023586133494973183,0.025773048400878906,"tensor(0.3002, grad_fn=<MseLossBackward0>)",
6308,1.9932126998901367,8.977665901184082,0.0,0.06525880098342896,"tensor(0.3392, grad_fn=<MseLossBackward0>)",
6309,3.45900821685791,8.560256004333496,0.04747229814529419,0.07557911425828934,"tensor(0.3380, grad_fn=<MseLossBackward0>)",
6310,2.954056739807129,8.618111610412598,0.08049112558364868,0.025970064103603363,"tensor(0.2702, grad_fn=<MseLossBackward0>)",
6311,2.3302860260009766,8.583285331726074,0.02757495641708374,0.05311758816242218,"tensor(0.2985, grad_fn=<MseLossBackward0>)",
6312,2.982381820678711,9.46508502960205,0.02990899421274662,0.07437697052955627,"tensor(0.3582, grad_fn=<MseLossBackward0>)",
6313,5.508119583129883,8.395766258239746,0.05991339683532715,0.14951470494270325,"tensor(0.2434, grad_fn=<MseLossBackward0>)",
6314,6.340953826904297,7.286337852478027,0.07907766103744507,0.16154618561267853,"tensor(0.2882, grad_fn=<MseLossBackward0>)",
6315,2.2847862243652344,8.400595664978027,0.062201302498579025,0.017618725076317787,"tensor(0.2646, grad_fn=<MseLossBackward0>)",
6316,6.900335311889648,7.215986728668213,0.1239522323012352,0.14153741300106049,"tensor(0.2278, grad_fn=<MseLossBackward0>)",
6317,1.0221524238586426,7.88253116607666,0.018531421199440956,0.01097829733043909,"tensor(0.2567, grad_fn=<MseLossBackward0>)",
6318,10.683120727539062,7.690395832061768,0.2389509528875351,0.1714181900024414,"tensor(0.3832, grad_fn=<MseLossBackward0>)",
6319,3.342888832092285,10.20269775390625,0.015858491882681847,0.10039522498846054,"tensor(0.4072, grad_fn=<MseLossBackward0>)",
6320,5.491044044494629,9.085980415344238,0.032388508319854736,0.1709393560886383,"tensor(0.3342, grad_fn=<MseLossBackward0>)",
6321,3.1309804916381836,8.740011215209961,0.05524758622050285,0.055891573429107666,"tensor(0.3184, grad_fn=<MseLossBackward0>)",
6322,2.3335514068603516,9.443025588989258,0.000630497932434082,0.07867924124002457,"tensor(0.3248, grad_fn=<MseLossBackward0>)",
6323,7.520813941955566,10.339949607849121,0.08127524703741074,0.2060582935810089,"tensor(0.3074, grad_fn=<MseLossBackward0>)",
6324,1.3564624786376953,9.432583808898926,0.0,0.038945771753787994,"tensor(0.3309, grad_fn=<MseLossBackward0>)",
6325,3.045273780822754,9.204195022583008,0.07431773096323013,0.03100917860865593,"tensor(0.3196, grad_fn=<MseLossBackward0>)",
6326,5.193615913391113,9.642253875732422,0.0,0.192897766828537,"tensor(0.3321, grad_fn=<MseLossBackward0>)",
6327,5.353520393371582,10.030862808227539,0.06507549434900284,0.13761773705482483,"tensor(0.2475, grad_fn=<MseLossBackward0>)",
6328,5.150400161743164,9.581923484802246,0.056639451533555984,0.13030891120433807,"tensor(0.4462, grad_fn=<MseLossBackward0>)",
6329,2.4046735763549805,9.33696174621582,0.008031666278839111,0.07540009915828705,"tensor(0.2972, grad_fn=<MseLossBackward0>)",
6330,6.300431251525879,8.55828857421875,0.15476804971694946,0.07575727999210358,"tensor(0.5084, grad_fn=<MseLossBackward0>)",
6331,4.287206649780273,10.11916732788086,0.1309823840856552,0.02960333600640297,"tensor(0.2056, grad_fn=<MseLossBackward0>)",
6332,3.3773727416992188,10.248262405395508,0.0,0.12253327667713165,"tensor(0.2640, grad_fn=<MseLossBackward0>)",
6333,4.374809265136719,8.843093872070312,0.11193859577178955,0.04378737509250641,"tensor(0.4239, grad_fn=<MseLossBackward0>)",
6334,4.326638221740723,10.48669719696045,0.0,0.15678472816944122,"tensor(0.3605, grad_fn=<MseLossBackward0>)",
6335,1.5328550338745117,8.991082191467285,0.0,0.04196200892329216,"tensor(0.4398, grad_fn=<MseLossBackward0>)",
6336,2.7071962356567383,8.896206855773926,0.003964225295931101,0.08932133764028549,"tensor(0.3426, grad_fn=<MseLossBackward0>)",
6337,3.697361946105957,9.363840103149414,0.06162601709365845,0.07273691147565842,"tensor(0.3062, grad_fn=<MseLossBackward0>)",
6338,5.577201843261719,10.452092170715332,0.08402866125106812,0.1273771971464157,"tensor(0.2309, grad_fn=<MseLossBackward0>)",
6339,3.747192859649658,7.931399822235107,0.014446060173213482,0.1211032122373581,"tensor(0.2833, grad_fn=<MseLossBackward0>)",
6340,5.112546443939209,8.051370620727539,0.0437658429145813,0.14387108385562897,"tensor(0.3588, grad_fn=<MseLossBackward0>)",
6341,5.562490463256836,8.322896003723145,0.12808716297149658,0.07667148858308792,"tensor(0.3948, grad_fn=<MseLossBackward0>)",
6342,4.081212043762207,8.514554023742676,0.06840155273675919,0.07840147614479065,"tensor(0.3779, grad_fn=<MseLossBackward0>)",
6343,3.739278793334961,8.696331024169922,0.0,0.13853365182876587,"tensor(0.2404, grad_fn=<MseLossBackward0>)",
6344,4.400439739227295,7.567733287811279,0.041375160217285156,0.12411333620548248,"tensor(0.2339, grad_fn=<MseLossBackward0>)",
6345,4.26040506362915,7.893123626708984,0.05165352299809456,0.10714002698659897,"tensor(0.2530, grad_fn=<MseLossBackward0>)",
6346,7.140188694000244,7.848574638366699,0.047672074288129807,0.2247762382030487,"tensor(0.2766, grad_fn=<MseLossBackward0>)",
6347,6.283670425415039,8.435510635375977,0.0,0.2400285303592682,"tensor(0.2581, grad_fn=<MseLossBackward0>)",
6348,4.902064323425293,8.785195350646973,0.014147698879241943,0.16642501950263977,"tensor(0.3280, grad_fn=<MseLossBackward0>)",
6349,3.9076380729675293,6.11807918548584,0.10546419769525528,0.03734341636300087,"tensor(0.3122, grad_fn=<MseLossBackward0>)",
6350,4.971840858459473,8.137024879455566,0.0724797248840332,0.11625255644321442,"tensor(0.2272, grad_fn=<MseLossBackward0>)",
6351,3.152172088623047,7.632243633270264,0.08618064969778061,0.028135553002357483,"tensor(0.2553, grad_fn=<MseLossBackward0>)",
6352,2.0920019149780273,8.120515823364258,0.04065825417637825,0.030781924724578857,"tensor(0.2693, grad_fn=<MseLossBackward0>)",
6353,3.1979260444641113,7.960935592651367,0.033100903034210205,0.08642363548278809,"tensor(0.1756, grad_fn=<MseLossBackward0>)",
6354,7.337751388549805,8.495821952819824,0.21971002221107483,0.056715674698352814,"tensor(0.3886, grad_fn=<MseLossBackward0>)",
6355,3.424736499786377,7.697348594665527,0.04720115661621094,0.07422184944152832,"tensor(0.3620, grad_fn=<MseLossBackward0>)",
6356,1.8422584533691406,8.255050659179688,0.026210090145468712,0.03513886034488678,"tensor(0.2479, grad_fn=<MseLossBackward0>)",
6357,3.5641584396362305,10.489457130432129,0.0,0.12121739238500595,"tensor(0.5043, grad_fn=<MseLossBackward0>)",
6358,3.1578803062438965,7.840306282043457,0.04298132658004761,0.0625021904706955,"tensor(0.4758, grad_fn=<MseLossBackward0>)",
6359,1.9827823638916016,8.576908111572266,0.047912996262311935,0.019786205142736435,"tensor(0.2560, grad_fn=<MseLossBackward0>)",
6360,2.8685436248779297,8.590749740600586,0.007485568523406982,0.09164055436849594,"tensor(0.3645, grad_fn=<MseLossBackward0>)",
6361,4.28957462310791,9.248492240905762,0.04796642065048218,0.10737880319356918,"tensor(0.3328, grad_fn=<MseLossBackward0>)",
6362,5.356345176696777,8.129681587219238,0.07872631400823593,0.11628954112529755,"tensor(0.4224, grad_fn=<MseLossBackward0>)",
6363,3.475522994995117,10.274075508117676,0.00922858715057373,0.11325445771217346,"tensor(0.3488, grad_fn=<MseLossBackward0>)",
6364,6.647834777832031,9.758954048156738,0.002142449142411351,0.24996203184127808,"tensor(0.3137, grad_fn=<MseLossBackward0>)",
6365,2.5468921661376953,10.62077522277832,0.006442070007324219,0.07658504694700241,"tensor(0.4413, grad_fn=<MseLossBackward0>)",
6366,4.613576889038086,9.831042289733887,0.09978034347295761,0.066512331366539,"tensor(0.4186, grad_fn=<MseLossBackward0>)",
6367,3.0063953399658203,9.699926376342773,0.0,0.10293164104223251,"tensor(0.3924, grad_fn=<MseLossBackward0>)",
6368,2.068037986755371,10.813085556030273,0.0,0.064786896109581,"tensor(0.4081, grad_fn=<MseLossBackward0>)",
6369,3.214024543762207,8.251534461975098,0.023269137367606163,0.08720001578330994,"tensor(0.4124, grad_fn=<MseLossBackward0>)",
6370,3.619959831237793,9.19436264038086,0.06248827651143074,0.06222677603363991,"tensor(0.4643, grad_fn=<MseLossBackward0>)",
6371,3.202676773071289,9.722352027893066,0.02673959732055664,0.08926810324192047,"tensor(0.2734, grad_fn=<MseLossBackward0>)",
6372,1.3385515213012695,8.556406021118164,0.0,0.03787398338317871,"tensor(0.3708, grad_fn=<MseLossBackward0>)",
6373,5.958372116088867,8.870450019836426,0.0,0.22870007157325745,"tensor(0.2237, grad_fn=<MseLossBackward0>)",
6374,1.6052885055541992,10.033669471740723,0.0,0.05517854169011116,"tensor(0.1753, grad_fn=<MseLossBackward0>)",
6375,3.099956512451172,8.790779113769531,0.003608226776123047,0.10768696665763855,"tensor(0.2966, grad_fn=<MseLossBackward0>)",
6376,10.158416748046875,8.153575897216797,0.2005213052034378,0.1918002814054489,"tensor(0.3166, grad_fn=<MseLossBackward0>)",
6377,5.591386795043945,8.383963584899902,0.09005501121282578,0.11537553369998932,"tensor(0.4339, grad_fn=<MseLossBackward0>)",
6378,1.8516836166381836,7.527717113494873,0.011936227791011333,0.04602523893117905,"tensor(0.3910, grad_fn=<MseLossBackward0>)",
6379,6.7239789962768555,8.56208610534668,0.16050583124160767,0.09394427388906479,"tensor(0.3374, grad_fn=<MseLossBackward0>)",
6380,12.69377326965332,6.130463600158691,0.39389750361442566,0.09957024455070496,"tensor(0.3334, grad_fn=<MseLossBackward0>)",
6381,2.7637743949890137,7.84207820892334,0.026360610499978065,0.06940310448408127,"tensor(0.3443, grad_fn=<MseLossBackward0>)",
6382,2.171299934387207,8.096846580505371,0.017412343993782997,0.060107454657554626,"tensor(0.1913, grad_fn=<MseLossBackward0>)",
6383,3.2647361755371094,8.70743179321289,0.03803948685526848,0.07380865514278412,"tensor(0.4419, grad_fn=<MseLossBackward0>)",
6384,2.8209381103515625,8.012900352478027,0.0,0.09955940395593643,"tensor(0.3049, grad_fn=<MseLossBackward0>)",
6385,2.7495155334472656,9.149511337280273,0.02583511732518673,0.0659770742058754,"tensor(0.4205, grad_fn=<MseLossBackward0>)",
6386,2.761117935180664,8.194884300231934,0.007212658878415823,0.08750928193330765,"tensor(0.3479, grad_fn=<MseLossBackward0>)",
6387,2.5396623611450195,8.642241477966309,0.011093338020145893,0.07623905688524246,"tensor(0.3230, grad_fn=<MseLossBackward0>)",
6388,3.4322104454040527,7.174699306488037,0.08674506843090057,0.035663433372974396,"tensor(0.3381, grad_fn=<MseLossBackward0>)",
6389,4.036769866943359,8.622941970825195,0.0,0.148634672164917,"tensor(0.3008, grad_fn=<MseLossBackward0>)",
6390,6.217649936676025,7.906235694885254,0.1555858999490738,0.07700508832931519,"tensor(0.3834, grad_fn=<MseLossBackward0>)",
6391,4.947391986846924,8.026155471801758,0.10761287063360214,0.07711507380008698,"tensor(0.2904, grad_fn=<MseLossBackward0>)",
6392,8.203782081604004,8.94809341430664,0.1771467924118042,0.13346010446548462,"tensor(0.4092, grad_fn=<MseLossBackward0>)",
6393,2.1789135932922363,7.449708461761475,0.019072353839874268,0.055286258459091187,"tensor(0.2799, grad_fn=<MseLossBackward0>)",
6394,1.1958656311035156,9.225273132324219,0.0,0.03308335319161415,"tensor(0.3151, grad_fn=<MseLossBackward0>)",
6395,3.2058229446411133,6.976578712463379,0.03456471487879753,0.07848799973726273,"tensor(0.3186, grad_fn=<MseLossBackward0>)",
6396,4.915096282958984,8.545526504516602,0.11894349753856659,0.061671286821365356,"tensor(0.3729, grad_fn=<MseLossBackward0>)",
6397,7.455636501312256,7.453958034515381,0.06069781258702278,0.22624662518501282,"tensor(0.2583, grad_fn=<MseLossBackward0>)",
6398,6.842838287353516,8.756038665771484,0.0,0.2569426894187927,"tensor(0.3769, grad_fn=<MseLossBackward0>)",
6399,8.183744430541992,7.712286949157715,0.02355959080159664,0.28832265734672546,"tensor(0.3529, grad_fn=<MseLossBackward0>)",
6400,4.261232852935791,7.479243278503418,0.0027746756095439196,0.15577441453933716,"tensor(0.2763, grad_fn=<MseLossBackward0>)",
6401,2.6460824012756348,7.885005950927734,0.020923594012856483,0.07123809307813644,"tensor(0.2847, grad_fn=<MseLossBackward0>)",
6402,3.5016608238220215,7.605171203613281,0.006402353290468454,0.11935918778181076,"tensor(0.3195, grad_fn=<MseLossBackward0>)",
6403,2.273318290710449,8.582857131958008,0.0004239678382873535,0.08065417408943176,"tensor(0.2191, grad_fn=<MseLossBackward0>)",
6404,3.5886998176574707,6.453978538513184,0.05697852373123169,0.07172619551420212,"tensor(0.3424, grad_fn=<MseLossBackward0>)",
6405,5.593836307525635,6.887209892272949,0.040777046233415604,0.16859275102615356,"tensor(0.3268, grad_fn=<MseLossBackward0>)",
6406,1.9469528198242188,8.095949172973633,0.002569735050201416,0.06270864605903625,"tensor(0.2872, grad_fn=<MseLossBackward0>)",
6407,5.604762077331543,8.5481595993042,0.09665703773498535,0.11415533721446991,"tensor(0.2920, grad_fn=<MseLossBackward0>)",
6408,7.072531700134277,8.640639305114746,0.11856293678283691,0.14820745587348938,"tensor(0.3527, grad_fn=<MseLossBackward0>)",
6409,3.726226329803467,7.728637218475342,0.013470073230564594,0.12490131705999374,"tensor(0.2237, grad_fn=<MseLossBackward0>)",
6410,1.6337904930114746,7.472357749938965,0.009761015884578228,0.04273677617311478,"tensor(0.2751, grad_fn=<MseLossBackward0>)",
6411,2.0812182426452637,7.898571968078613,0.0,0.06599008291959763,"tensor(0.4075, grad_fn=<MseLossBackward0>)",
6412,1.4327807426452637,7.393266201019287,0.022520223632454872,0.022599976509809494,"tensor(0.2683, grad_fn=<MseLossBackward0>)",
6413,4.321885585784912,7.076577663421631,0.12488143146038055,0.03218386322259903,"tensor(0.3607, grad_fn=<MseLossBackward0>)",
6414,3.1504740715026855,7.533070087432861,0.056053560227155685,0.05802009999752045,"tensor(0.2775, grad_fn=<MseLossBackward0>)",
6415,2.3183159828186035,6.711782455444336,0.02876337431371212,0.04979623109102249,"tensor(0.3215, grad_fn=<MseLossBackward0>)",
6416,6.3209757804870605,7.155051231384277,0.0,0.23990140855312347,"tensor(0.2727, grad_fn=<MseLossBackward0>)",
6417,6.414450645446777,8.15279483795166,0.07815217971801758,0.16806435585021973,"tensor(0.1835, grad_fn=<MseLossBackward0>)",
6418,4.773448944091797,7.341375350952148,0.0023969411849975586,0.17463508248329163,"tensor(0.2908, grad_fn=<MseLossBackward0>)",
6419,3.2863664627075195,8.779247283935547,0.008062024600803852,0.10967710614204407,"tensor(0.2993, grad_fn=<MseLossBackward0>)",
6420,3.144759178161621,7.923562049865723,0.0,0.11206905543804169,"tensor(0.3196, grad_fn=<MseLossBackward0>)",
6421,6.193910121917725,8.038413047790527,0.030924180522561073,0.19840173423290253,"tensor(0.4049, grad_fn=<MseLossBackward0>)",
6422,1.9833621978759766,8.20188045501709,0.022241076454520226,0.04505888372659683,"tensor(0.2528, grad_fn=<MseLossBackward0>)",
6423,2.10006046295166,8.595158576965332,0.018459102138876915,0.05090736597776413,"tensor(0.3313, grad_fn=<MseLossBackward0>)",
6424,1.2696657180786133,7.6770148277282715,0.003671030281111598,0.035299573093652725,"tensor(0.2718, grad_fn=<MseLossBackward0>)",
6425,2.527599811553955,7.937579154968262,0.003304123878479004,0.0844147652387619,"tensor(0.2910, grad_fn=<MseLossBackward0>)",
6426,3.470888137817383,7.9649786949157715,0.01932471990585327,0.10758516192436218,"tensor(0.2586, grad_fn=<MseLossBackward0>)",
6427,8.288572311401367,7.311615943908691,0.2793336808681488,0.03800124302506447,"tensor(0.3174, grad_fn=<MseLossBackward0>)",
6428,1.6566100120544434,7.610650062561035,0.0,0.054575733840465546,"tensor(0.2514, grad_fn=<MseLossBackward0>)",
6429,3.5517759323120117,9.18661880493164,0.02410060167312622,0.10831952095031738,"tensor(0.1978, grad_fn=<MseLossBackward0>)",
6430,3.462026596069336,7.219555854797363,0.0,0.12470191717147827,"tensor(0.3253, grad_fn=<MseLossBackward0>)",
6431,3.4351487159729004,7.047517776489258,0.08861996978521347,0.037563566118478775,"tensor(0.2600, grad_fn=<MseLossBackward0>)",
6432,10.074893951416016,8.346397399902344,0.08920081704854965,0.29681894183158875,"tensor(0.4009, grad_fn=<MseLossBackward0>)",
6433,5.496368408203125,8.458392143249512,0.10698932409286499,0.0974467545747757,"tensor(0.3620, grad_fn=<MseLossBackward0>)",
6434,2.103194236755371,8.354963302612305,0.020143985748291016,0.04556304216384888,"tensor(0.4436, grad_fn=<MseLossBackward0>)",
6435,2.574772357940674,7.870119094848633,0.0,0.09058179706335068,"tensor(0.2715, grad_fn=<MseLossBackward0>)",
6436,5.4469780921936035,6.4364118576049805,0.10477403551340103,0.10298223793506622,"tensor(0.2306, grad_fn=<MseLossBackward0>)",
6437,1.896730899810791,7.987112998962402,0.014652748592197895,0.044948186725378036,"tensor(0.3907, grad_fn=<MseLossBackward0>)",
6438,3.0892233848571777,7.7233710289001465,0.0429241843521595,0.06621891260147095,"tensor(0.3267, grad_fn=<MseLossBackward0>)",
6439,8.723112106323242,8.347164154052734,0.13800176978111267,0.19517038762569427,"tensor(0.3814, grad_fn=<MseLossBackward0>)",
6440,4.067429542541504,8.069705963134766,0.051898080855607986,0.09152856469154358,"tensor(0.4455, grad_fn=<MseLossBackward0>)",
6441,2.530343532562256,7.841348171234131,0.005381107330322266,0.08233612775802612,"tensor(0.2944, grad_fn=<MseLossBackward0>)",
6442,4.660172939300537,6.749638080596924,0.04697088524699211,0.12678180634975433,"tensor(0.2900, grad_fn=<MseLossBackward0>)",
6443,5.323144435882568,7.878608226776123,0.04347264766693115,0.15404748916625977,"tensor(0.3541, grad_fn=<MseLossBackward0>)",
6444,2.5513744354248047,7.508049964904785,0.035808783024549484,0.055475883185863495,"tensor(0.2153, grad_fn=<MseLossBackward0>)",
6445,3.373063087463379,8.263019561767578,0.07667907327413559,0.04467475414276123,"tensor(0.2885, grad_fn=<MseLossBackward0>)",
6446,5.004558563232422,8.087753295898438,0.0,0.18370673060417175,"tensor(0.3632, grad_fn=<MseLossBackward0>)",
6447,5.494136333465576,7.434658050537109,0.07977048307657242,0.12288036942481995,"tensor(0.3883, grad_fn=<MseLossBackward0>)",
6448,9.97728443145752,8.077746391296387,0.13887041807174683,0.2426365315914154,"tensor(0.4001, grad_fn=<MseLossBackward0>)",
6449,2.9471306800842285,7.856351375579834,0.0034644007682800293,0.0993274450302124,"tensor(0.3352, grad_fn=<MseLossBackward0>)",
6450,4.353111267089844,8.872662544250488,0.09908254444599152,0.06308678537607193,"tensor(0.2737, grad_fn=<MseLossBackward0>)",
6451,7.64348030090332,7.178439140319824,0.05155283212661743,0.23667705059051514,"tensor(0.3821, grad_fn=<MseLossBackward0>)",
6452,4.540482521057129,8.238158226013184,0.004949370864778757,0.16220790147781372,"tensor(0.3258, grad_fn=<MseLossBackward0>)",
6453,3.7092857360839844,8.539372444152832,0.009907265193760395,0.12607339024543762,"tensor(0.2603, grad_fn=<MseLossBackward0>)",
6454,3.765683650970459,7.913241386413574,0.0,0.13515415787696838,"tensor(0.3634, grad_fn=<MseLossBackward0>)",
6455,8.31297492980957,9.413663864135742,0.10955202579498291,0.2105073481798172,"tensor(0.2684, grad_fn=<MseLossBackward0>)",
6456,1.6236214637756348,7.821558952331543,0.012470126152038574,0.0402807891368866,"tensor(0.2726, grad_fn=<MseLossBackward0>)",
6457,2.5812125205993652,7.639214992523193,0.04879963397979736,0.038372430950403214,"tensor(0.3605, grad_fn=<MseLossBackward0>)",
6458,6.951569557189941,8.524212837219238,0.21152950823307037,0.05115069821476936,"tensor(0.3507, grad_fn=<MseLossBackward0>)",
6459,6.608672142028809,7.6772780418396,0.16631720960140228,0.07871384173631668,"tensor(0.4349, grad_fn=<MseLossBackward0>)",
6460,3.7603302001953125,8.032379150390625,0.0,0.13537271320819855,"tensor(0.3245, grad_fn=<MseLossBackward0>)",
6461,2.6955618858337402,7.77977180480957,0.03927522897720337,0.053941741585731506,"tensor(0.3435, grad_fn=<MseLossBackward0>)",
6462,6.695216178894043,9.784213066101074,0.12069465965032578,0.13062913715839386,"tensor(0.3980, grad_fn=<MseLossBackward0>)",
6463,6.176552772521973,8.301859855651855,0.1581624150276184,0.07678833603858948,"tensor(0.2672, grad_fn=<MseLossBackward0>)",
6464,8.179732322692871,8.690103530883789,0.19494149088859558,0.1159265860915184,"tensor(0.3802, grad_fn=<MseLossBackward0>)",
6465,2.2797765731811523,8.835350036621094,0.03324427083134651,0.040598366409540176,"tensor(0.4117, grad_fn=<MseLossBackward0>)",
6466,5.575936317443848,8.222301483154297,0.0607847161591053,0.15173320472240448,"tensor(0.2261, grad_fn=<MseLossBackward0>)",
6467,4.348134517669678,6.949545383453369,0.07130154222249985,0.09377828240394592,"tensor(0.1873, grad_fn=<MseLossBackward0>)",
6468,5.60343599319458,7.373282432556152,0.14949624240398407,0.06295476853847504,"tensor(0.2568, grad_fn=<MseLossBackward0>)",
6469,2.5427422523498535,7.612417221069336,0.0,0.09048019349575043,"tensor(0.2556, grad_fn=<MseLossBackward0>)",
6470,2.102444648742676,8.246869087219238,0.0514046736061573,0.019638430327177048,"tensor(0.2843, grad_fn=<MseLossBackward0>)",
6471,4.180722713470459,7.325926780700684,0.09470486640930176,0.057134225964546204,"tensor(0.3615, grad_fn=<MseLossBackward0>)",
6472,4.83430814743042,7.41274356842041,0.0005416671629063785,0.1755397915840149,"tensor(0.4067, grad_fn=<MseLossBackward0>)",
6473,1.456571102142334,7.122536659240723,0.0,0.04364040866494179,"tensor(0.3205, grad_fn=<MseLossBackward0>)",
6474,2.6661038398742676,7.60561466217041,0.037532705813646317,0.05411680042743683,"tensor(0.3429, grad_fn=<MseLossBackward0>)",
6475,2.0214381217956543,6.650696277618408,0.00024239222693722695,0.06709326803684235,"tensor(0.3012, grad_fn=<MseLossBackward0>)",
6476,5.9412841796875,6.30905294418335,0.0722435936331749,0.1501769721508026,"tensor(0.3329, grad_fn=<MseLossBackward0>)",
6477,2.6524124145507812,7.616860866546631,0.017622947692871094,0.07300347834825516,"tensor(0.3463, grad_fn=<MseLossBackward0>)",
6478,8.656761169433594,7.422506809234619,0.1717817634344101,0.16035237908363342,"tensor(0.3023, grad_fn=<MseLossBackward0>)",
6479,4.099459171295166,7.569271564483643,0.04812910035252571,0.10152468085289001,"tensor(0.3189, grad_fn=<MseLossBackward0>)",
6480,2.0049495697021484,8.328640937805176,0.01607922650873661,0.04898200184106827,"tensor(0.3263, grad_fn=<MseLossBackward0>)",
6481,5.248163223266602,9.153943061828613,0.04878324270248413,0.14600837230682373,"tensor(0.3531, grad_fn=<MseLossBackward0>)",
6482,6.632400035858154,7.924781799316406,0.08018434047698975,0.16795921325683594,"tensor(0.3988, grad_fn=<MseLossBackward0>)",
6483,3.688971519470215,8.972744941711426,0.0,0.1326598823070526,"tensor(0.3130, grad_fn=<MseLossBackward0>)",
6484,4.725014686584473,8.060178756713867,0.05212893337011337,0.11914796382188797,"tensor(0.4125, grad_fn=<MseLossBackward0>)",
6485,5.838011264801025,7.909958362579346,0.12427996098995209,0.09416308254003525,"tensor(0.3564, grad_fn=<MseLossBackward0>)",
6486,2.8105249404907227,8.764616012573242,0.031214794144034386,0.06275901943445206,"tensor(0.4342, grad_fn=<MseLossBackward0>)",
6487,3.0099992752075195,9.522622108459473,0.021932760253548622,0.0781688243150711,"tensor(0.4723, grad_fn=<MseLossBackward0>)",
6488,4.43445348739624,7.966911792755127,0.11660530418157578,0.04897410422563553,"tensor(0.2654, grad_fn=<MseLossBackward0>)",
6489,3.8891477584838867,9.320728302001953,0.04828492924571037,0.09652073681354523,"tensor(0.2502, grad_fn=<MseLossBackward0>)",
6490,2.10983943939209,9.199691772460938,0.036603767424821854,0.02435755357146263,"tensor(0.5692, grad_fn=<MseLossBackward0>)",
6491,4.140536308288574,8.58571720123291,0.05515104532241821,0.09385724365711212,"tensor(0.3997, grad_fn=<MseLossBackward0>)",
6492,3.0427637100219727,9.08156681060791,0.020990630611777306,0.08665639162063599,"tensor(0.3310, grad_fn=<MseLossBackward0>)",
6493,2.2823352813720703,9.591007232666016,0.0,0.07465563714504242,"tensor(0.3888, grad_fn=<MseLossBackward0>)",
6494,1.4592103958129883,8.026280403137207,0.01709681749343872,0.024546027183532715,"tensor(0.3943, grad_fn=<MseLossBackward0>)",
6495,6.359156608581543,11.482956886291504,0.037174005061388016,0.19699707627296448,"tensor(0.4806, grad_fn=<MseLossBackward0>)",
6496,6.932329177856445,10.772623062133789,0.00032252073287963867,0.26641279458999634,"tensor(0.2315, grad_fn=<MseLossBackward0>)",
6497,7.423781394958496,9.631325721740723,0.023416737094521523,0.2561078369617462,"tensor(0.3997, grad_fn=<MseLossBackward0>)",
6498,0.7011880874633789,10.26900863647461,0.0,0.01006568968296051,"tensor(0.3975, grad_fn=<MseLossBackward0>)",
6499,2.6648988723754883,8.366174697875977,0.008276224136352539,0.08503549546003342,"tensor(0.2774, grad_fn=<MseLossBackward0>)",
6500,4.748407363891602,9.160455703735352,0.009993493556976318,0.16550196707248688,"tensor(0.2775, grad_fn=<MseLossBackward0>)","[0.9854884743690491, 1.1942918300628662, 1.471934199333191]"
6501,1.2188053131103516,7.872663974761963,0.019102612510323524,0.006301911547780037,"tensor(0.4842, grad_fn=<MseLossBackward0>)",
6502,3.503750801086426,8.362752914428711,0.0,0.12317442148923874,"tensor(0.3690, grad_fn=<MseLossBackward0>)",
6503,3.5337085723876953,7.824648857116699,0.09333863109350204,0.027305077761411667,"tensor(0.4578, grad_fn=<MseLossBackward0>)",
6504,9.313688278198242,8.31348705291748,0.16691145300865173,0.19010600447654724,"tensor(0.3261, grad_fn=<MseLossBackward0>)",
6505,7.859724044799805,9.168045043945312,0.015231708995997906,0.2800290584564209,"tensor(0.4029, grad_fn=<MseLossBackward0>)",
6506,3.782719612121582,8.850194931030273,0.0,0.13398484885692596,"tensor(0.2582, grad_fn=<MseLossBackward0>)",
6507,2.5310325622558594,7.99688196182251,0.008529901504516602,0.0713023692369461,"tensor(0.4577, grad_fn=<MseLossBackward0>)",
6508,6.12578010559082,7.075146675109863,0.0578078031539917,0.17618119716644287,"tensor(0.2304, grad_fn=<MseLossBackward0>)",
6509,4.354308128356934,8.282106399536133,0.05741031840443611,0.10047296434640884,"tensor(0.3673, grad_fn=<MseLossBackward0>)",
6510,1.7673354148864746,7.595299243927002,0.019887486472725868,0.03286506608128548,"tensor(0.3839, grad_fn=<MseLossBackward0>)",
6511,8.847564697265625,6.646744251251221,0.03139631077647209,0.3071158230304718,"tensor(0.3149, grad_fn=<MseLossBackward0>)",
6512,3.9282541275024414,6.005668640136719,0.08913756906986237,0.05732802301645279,"tensor(0.1927, grad_fn=<MseLossBackward0>)",
6513,5.791042327880859,6.853959560394287,0.1247638463973999,0.09606724977493286,"tensor(0.2252, grad_fn=<MseLossBackward0>)",
6514,3.24525785446167,7.780392169952393,0.04386768862605095,0.07398869842290878,"tensor(0.2670, grad_fn=<MseLossBackward0>)",
6515,3.531771183013916,7.718732833862305,0.0580974817276001,0.06343746930360794,"tensor(0.4503, grad_fn=<MseLossBackward0>)",
6516,1.1148505210876465,7.347982883453369,0.01744035817682743,0.01528829988092184,"tensor(0.2597, grad_fn=<MseLossBackward0>)",
6517,3.173555850982666,7.403079032897949,0.00013703107833862305,0.11383621394634247,"tensor(0.2868, grad_fn=<MseLossBackward0>)",
6518,5.808673858642578,8.351574897766113,0.0,0.21914762258529663,"tensor(0.2723, grad_fn=<MseLossBackward0>)",
6519,4.939267158508301,8.477436065673828,0.0,0.18372735381126404,"tensor(0.2955, grad_fn=<MseLossBackward0>)",
6520,2.0164828300476074,7.921652793884277,0.0,0.06478315591812134,"tensor(0.3619, grad_fn=<MseLossBackward0>)",
6521,6.160974502563477,8.394807815551758,0.06090690568089485,0.17159892618656158,"tensor(0.3187, grad_fn=<MseLossBackward0>)",
6522,4.281614780426025,7.601768493652344,0.07532063871622086,0.08193080127239227,"tensor(0.3248, grad_fn=<MseLossBackward0>)",
6523,1.6858477592468262,7.969876766204834,0.0,0.04057330638170242,"tensor(0.6189, grad_fn=<MseLossBackward0>)",
6524,3.6730117797851562,8.496846199035645,0.035318732261657715,0.09604454040527344,"tensor(0.3720, grad_fn=<MseLossBackward0>)",
6525,0.6041555404663086,7.89311408996582,0.0,0.010001987218856812,"tensor(0.3234, grad_fn=<MseLossBackward0>)",
6526,9.119667053222656,7.736870765686035,0.15071626007556915,0.19869421422481537,"tensor(0.3592, grad_fn=<MseLossBackward0>)",
6527,3.9232258796691895,7.53928279876709,0.05105024576187134,0.08979084342718124,"tensor(0.3651, grad_fn=<MseLossBackward0>)",
6528,3.585911750793457,9.020552635192871,0.06241554021835327,0.06485411524772644,"tensor(0.3672, grad_fn=<MseLossBackward0>)",
6529,7.210380554199219,8.497288703918457,0.0672818198800087,0.20357295870780945,"tensor(0.3947, grad_fn=<MseLossBackward0>)",
6530,4.538714408874512,8.75904369354248,0.09581863880157471,0.07130809873342514,"tensor(0.3055, grad_fn=<MseLossBackward0>)",
6531,3.5439586639404297,7.932260036468506,0.013104259967803955,0.10636310279369354,"tensor(0.5095, grad_fn=<MseLossBackward0>)",
6532,5.022768020629883,7.752347469329834,0.0953386202454567,0.08830209076404572,"tensor(0.4138, grad_fn=<MseLossBackward0>)",
6533,2.0766725540161133,8.063392639160156,0.02834937907755375,0.03864416480064392,"tensor(0.3752, grad_fn=<MseLossBackward0>)",
6534,1.9976091384887695,8.380712509155273,0.0,0.06571152061223984,"tensor(0.3095, grad_fn=<MseLossBackward0>)",
6535,3.323202133178711,8.774928092956543,0.021397432312369347,0.09841752052307129,"tensor(0.2914, grad_fn=<MseLossBackward0>)",
6536,3.3250913619995117,8.108176231384277,0.0,0.11038771271705627,"tensor(0.5131, grad_fn=<MseLossBackward0>)",
6537,6.16879415512085,7.67851448059082,0.008218546397984028,0.22568373382091522,"tensor(0.2832, grad_fn=<MseLossBackward0>)",
6538,3.329909324645996,8.5933256149292,0.0,0.12391312420368195,"tensor(0.1931, grad_fn=<MseLossBackward0>)",
6539,4.611971378326416,7.270247936248779,0.0,0.17426633834838867,"tensor(0.2214, grad_fn=<MseLossBackward0>)",
6540,3.009194850921631,7.559254169464111,0.015187561511993408,0.09492462873458862,"tensor(0.1881, grad_fn=<MseLossBackward0>)",
6541,6.0274481773376465,6.914195537567139,0.0,0.22519782185554504,"tensor(0.3655, grad_fn=<MseLossBackward0>)",
6542,1.260782241821289,7.611964225769043,0.010808865539729595,0.025188544765114784,"tensor(0.3138, grad_fn=<MseLossBackward0>)",
6543,3.446641445159912,8.028818130493164,0.007905423641204834,0.11832931637763977,"tensor(0.2413, grad_fn=<MseLossBackward0>)",
6544,4.9232563972473145,7.585065841674805,0.07458581775426865,0.11238036304712296,"tensor(0.2082, grad_fn=<MseLossBackward0>)",
6545,3.8712077140808105,7.165631294250488,0.06595581769943237,0.07778936624526978,"tensor(0.2413, grad_fn=<MseLossBackward0>)",
6546,6.950747013092041,7.136385917663574,0.16573253273963928,0.0976751446723938,"tensor(0.3327, grad_fn=<MseLossBackward0>)",
6547,5.24560546875,5.674110412597656,0.10733797401189804,0.08553756773471832,"tensor(0.3866, grad_fn=<MseLossBackward0>)",
6548,6.236368656158447,7.279999256134033,0.192636638879776,0.04212355613708496,"tensor(0.3338, grad_fn=<MseLossBackward0>)",
6549,7.477659225463867,7.419066429138184,0.020134687423706055,0.2696954607963562,"tensor(0.1990, grad_fn=<MseLossBackward0>)",
6550,5.607112407684326,7.161718368530273,0.06053991988301277,0.15001365542411804,"tensor(0.3139, grad_fn=<MseLossBackward0>)",
6551,1.4491548538208008,7.441988945007324,0.02572721242904663,0.019925635308027267,"tensor(0.2288, grad_fn=<MseLossBackward0>)",
6552,5.79925537109375,8.127032279968262,0.1397656351327896,0.0797123908996582,"tensor(0.2712, grad_fn=<MseLossBackward0>)",
6553,2.8504867553710938,8.372162818908691,0.0,0.10447067022323608,"tensor(0.2151, grad_fn=<MseLossBackward0>)",
6554,5.253085136413574,8.863600730895996,0.11111186444759369,0.08101867139339447,"tensor(0.4283, grad_fn=<MseLossBackward0>)",
6555,4.013149738311768,7.857172012329102,0.10578421503305435,0.036541059613227844,"tensor(0.4329, grad_fn=<MseLossBackward0>)",
6556,1.243626594543457,6.950911998748779,0.027236780151724815,0.00727121252566576,"tensor(0.3033, grad_fn=<MseLossBackward0>)",
6557,6.5350341796875,8.305299758911133,0.05977056547999382,0.18800774216651917,"tensor(0.2899, grad_fn=<MseLossBackward0>)",
6558,7.057385444641113,8.53788948059082,0.20459984242916107,0.060852039605379105,"tensor(0.3923, grad_fn=<MseLossBackward0>)",
6559,7.42790412902832,8.408904075622559,0.0815330520272255,0.20098340511322021,"tensor(0.3294, grad_fn=<MseLossBackward0>)",
6560,4.15279483795166,8.767779350280762,0.07716158777475357,0.07704246044158936,"tensor(0.2702, grad_fn=<MseLossBackward0>)",
6561,4.140211582183838,7.878166675567627,0.13445574045181274,0.016130242496728897,"tensor(0.3562, grad_fn=<MseLossBackward0>)",
6562,4.287070274353027,11.67004108428955,0.04092540591955185,0.10830922424793243,"tensor(0.5390, grad_fn=<MseLossBackward0>)",
6563,4.011768341064453,10.95095157623291,0.0,0.1477186381816864,"tensor(0.2986, grad_fn=<MseLossBackward0>)",
6564,6.276864051818848,9.356880187988281,0.0,0.230950728058815,"tensor(0.4675, grad_fn=<MseLossBackward0>)",
6565,2.618983745574951,8.006091117858887,0.016253769397735596,0.07303290069103241,"tensor(0.3660, grad_fn=<MseLossBackward0>)",
6566,3.7782821655273438,8.539973258972168,0.03425516560673714,0.10308133810758591,"tensor(0.3238, grad_fn=<MseLossBackward0>)",
6567,0.9743051528930664,9.764179229736328,0.012868206016719341,0.014777878299355507,"tensor(0.2677, grad_fn=<MseLossBackward0>)",
6568,1.7359142303466797,10.112317085266113,0.0009416341781616211,0.05252095311880112,"tensor(0.3808, grad_fn=<MseLossBackward0>)",
6569,1.8344602584838867,11.229264259338379,0.0380345955491066,0.022185176610946655,"tensor(0.3141, grad_fn=<MseLossBackward0>)",
6570,3.296030044555664,10.419641494750977,0.0,0.11146992444992065,"tensor(0.4746, grad_fn=<MseLossBackward0>)",
6571,5.81910514831543,9.353291511535645,0.08888909965753555,0.12613774836063385,"tensor(0.4247, grad_fn=<MseLossBackward0>)",
6572,6.512825012207031,11.785785675048828,0.11773639917373657,0.1255134791135788,"tensor(0.4109, grad_fn=<MseLossBackward0>)",
6573,1.8708019256591797,11.812128067016602,0.012627462856471539,0.04966191574931145,"tensor(0.2759, grad_fn=<MseLossBackward0>)",
6574,3.5054664611816406,10.533756256103516,0.07084017992019653,0.04936109483242035,"tensor(0.4831, grad_fn=<MseLossBackward0>)",
6575,7.486762046813965,9.691924095153809,0.1499609649181366,0.13012182712554932,"tensor(0.4332, grad_fn=<MseLossBackward0>)",
6576,3.395419120788574,10.197427749633789,0.06513635069131851,0.04967430979013443,"tensor(0.5036, grad_fn=<MseLossBackward0>)",
6577,1.7705965042114258,10.10261344909668,0.012035747058689594,0.04716978967189789,"tensor(0.2657, grad_fn=<MseLossBackward0>)",
6578,1.9921808242797852,10.170915603637695,0.01731407642364502,0.0434923991560936,"tensor(0.4218, grad_fn=<MseLossBackward0>)",
6579,2.919661521911621,10.021648406982422,0.018026093021035194,0.08493275940418243,"tensor(0.3142, grad_fn=<MseLossBackward0>)",
6580,4.391940116882324,9.923971176147461,0.015351195819675922,0.14318279922008514,"tensor(0.4001, grad_fn=<MseLossBackward0>)",
6581,8.060883522033691,9.670750617980957,0.0,0.3079729378223419,"tensor(0.3067, grad_fn=<MseLossBackward0>)",
6582,6.4360151290893555,10.566507339477539,0.06816241890192032,0.17006053030490875,"tensor(0.4443, grad_fn=<MseLossBackward0>)",
6583,7.817084312438965,11.128148078918457,0.0,0.29334110021591187,"tensor(0.4371, grad_fn=<MseLossBackward0>)",
6584,5.896060943603516,11.583438873291016,0.10069023072719574,0.1161457896232605,"tensor(0.4222, grad_fn=<MseLossBackward0>)",
6585,1.843958854675293,9.240736961364746,0.024210134521126747,0.035685136914253235,"tensor(0.3177, grad_fn=<MseLossBackward0>)",
6586,2.558161735534668,9.877288818359375,0.0024560093879699707,0.07994824647903442,"tensor(0.4605, grad_fn=<MseLossBackward0>)",
6587,3.412032127380371,9.27110481262207,0.06594890356063843,0.056736059486866,"tensor(0.3141, grad_fn=<MseLossBackward0>)",
6588,6.857457160949707,9.966269493103027,0.0,0.257974773645401,"tensor(0.3807, grad_fn=<MseLossBackward0>)",
6589,3.995342254638672,10.316893577575684,0.043571870774030685,0.10160595178604126,"tensor(0.3224, grad_fn=<MseLossBackward0>)",
6590,2.767514228820801,10.141185760498047,0.04782789945602417,0.04127155989408493,"tensor(0.4791, grad_fn=<MseLossBackward0>)",
6591,2.286205291748047,10.45734977722168,0.0237235426902771,0.05547507852315903,"tensor(0.2751, grad_fn=<MseLossBackward0>)",
6592,1.107783317565918,10.543218612670898,0.0,0.025798778980970383,"tensor(0.4258, grad_fn=<MseLossBackward0>)",
6593,5.4765520095825195,11.185784339904785,0.028266211971640587,0.17997941374778748,"tensor(0.2260, grad_fn=<MseLossBackward0>)",
6594,2.6491832733154297,11.304545402526855,0.0,0.09339997917413712,"tensor(0.2757, grad_fn=<MseLossBackward0>)",
6595,4.345314025878906,10.1888427734375,0.05688893795013428,0.10193485766649246,"tensor(0.3389, grad_fn=<MseLossBackward0>)",
6596,10.04016399383545,9.507290840148926,0.0,0.38771042227745056,"tensor(0.3034, grad_fn=<MseLossBackward0>)",
6597,1.703812599182129,10.04622745513916,0.0,0.054994501173496246,"tensor(0.3056, grad_fn=<MseLossBackward0>)",
6598,2.2495908737182617,10.357298851013184,0.03283228352665901,0.039395492523908615,"tensor(0.4122, grad_fn=<MseLossBackward0>)",
6599,8.409627914428711,8.010937690734863,0.0021698076743632555,0.31953316926956177,"tensor(0.3184, grad_fn=<MseLossBackward0>)",
6600,8.152229309082031,8.81755542755127,0.1993168294429779,0.11005418747663498,"tensor(0.3885, grad_fn=<MseLossBackward0>)",
6601,1.970993995666504,9.027393341064453,0.0,0.05905032902956009,"tensor(0.4353, grad_fn=<MseLossBackward0>)",
6602,8.633201599121094,7.336794376373291,0.21810027956962585,0.11908647418022156,"tensor(0.1766, grad_fn=<MseLossBackward0>)",
6603,2.1500024795532227,8.938977241516113,0.005332211498171091,0.05891988426446915,"tensor(0.5004, grad_fn=<MseLossBackward0>)",
6604,6.359561920166016,8.12350082397461,0.18150264024734497,0.06557299196720123,"tensor(0.1664, grad_fn=<MseLossBackward0>)",
6605,6.7807817459106445,6.983370780944824,0.08952432870864868,0.1607576310634613,"tensor(0.4945, grad_fn=<MseLossBackward0>)",
6606,2.8996124267578125,8.439757347106934,0.04840979725122452,0.055473342537879944,"tensor(0.2701, grad_fn=<MseLossBackward0>)",
6607,2.2136611938476562,8.294795989990234,0.0,0.07431674748659134,"tensor(0.3218, grad_fn=<MseLossBackward0>)",
6608,8.321428298950195,7.124075889587402,0.17761865258216858,0.14419955015182495,"tensor(0.2467, grad_fn=<MseLossBackward0>)",
6609,8.408625602722168,9.047921180725098,0.19665850698947906,0.1262715756893158,"tensor(0.3063, grad_fn=<MseLossBackward0>)",
6610,2.831172466278076,7.4607439041137695,0.0,0.10397287458181381,"tensor(0.2132, grad_fn=<MseLossBackward0>)",
6611,3.7678050994873047,7.525440216064453,0.018305718898773193,0.11972619593143463,"tensor(0.3020, grad_fn=<MseLossBackward0>)",
6612,2.151949405670166,7.91736364364624,0.05469546467065811,0.019861111417412758,"tensor(0.2592, grad_fn=<MseLossBackward0>)",
6613,5.423059463500977,7.0274763107299805,0.1568661332130432,0.04443492367863655,"tensor(0.3680, grad_fn=<MseLossBackward0>)",
6614,6.515475749969482,7.024485111236572,0.19064894318580627,0.05659356713294983,"tensor(0.3236, grad_fn=<MseLossBackward0>)",
6615,1.1651577949523926,7.058717250823975,0.029131749644875526,0.006736163515597582,"tensor(0.2326, grad_fn=<MseLossBackward0>)",
6616,3.2157750129699707,7.144169807434082,0.019625762477517128,0.09420186281204224,"tensor(0.3451, grad_fn=<MseLossBackward0>)",
6617,1.9122657775878906,8.505609512329102,0.018208185210824013,0.045696552842855453,"tensor(0.2827, grad_fn=<MseLossBackward0>)",
6618,2.210068702697754,8.894816398620605,0.0,0.07666492462158203,"tensor(0.2683, grad_fn=<MseLossBackward0>)",
6619,3.5954718589782715,7.195558071136475,0.0506184883415699,0.08099345862865448,"tensor(0.2571, grad_fn=<MseLossBackward0>)",
6620,5.146180152893066,8.472189903259277,0.02108277939260006,0.17442774772644043,"tensor(0.2418, grad_fn=<MseLossBackward0>)",
6621,12.450569152832031,7.871559143066406,0.04686363413929939,0.43949729204177856,"tensor(0.2291, grad_fn=<MseLossBackward0>)",
6622,3.8571414947509766,7.487842559814453,0.04744144156575203,0.09124840050935745,"tensor(0.3531, grad_fn=<MseLossBackward0>)",
6623,4.859556198120117,7.275406360626221,0.02023778297007084,0.16116246581077576,"tensor(0.2921, grad_fn=<MseLossBackward0>)",
6624,7.233717441558838,7.587141990661621,0.06966177374124527,0.20473867654800415,"tensor(0.3366, grad_fn=<MseLossBackward0>)",
6625,0.8070492744445801,7.405332088470459,0.013606250286102295,0.007470139302313328,"tensor(0.2416, grad_fn=<MseLossBackward0>)",
6626,2.464047908782959,6.046840190887451,0.038872361183166504,0.049078669399023056,"tensor(0.2415, grad_fn=<MseLossBackward0>)",
6627,3.3604555130004883,7.259178161621094,0.0,0.12212362140417099,"tensor(0.2846, grad_fn=<MseLossBackward0>)",
6628,1.9198870658874512,7.051239967346191,0.013485649600625038,0.0483955517411232,"tensor(0.3418, grad_fn=<MseLossBackward0>)",
6629,2.9381103515625,7.512248516082764,0.02243461273610592,0.08579947054386139,"tensor(0.2159, grad_fn=<MseLossBackward0>)",
6630,2.153136730194092,7.4522929191589355,0.04708484932780266,0.028632376343011856,"tensor(0.2178, grad_fn=<MseLossBackward0>)",
6631,2.948120594024658,7.062614917755127,0.03159588575363159,0.07258822023868561,"tensor(0.2953, grad_fn=<MseLossBackward0>)",
6632,5.854386806488037,7.675149917602539,0.006249586585909128,0.21688580513000488,"tensor(0.2019, grad_fn=<MseLossBackward0>)",
6633,2.9487104415893555,8.206986427307129,0.00196993350982666,0.10261482745409012,"tensor(0.2826, grad_fn=<MseLossBackward0>)",
6634,2.7727599143981934,7.136110305786133,0.0,0.09550680220127106,"tensor(0.3250, grad_fn=<MseLossBackward0>)",
6635,2.720780372619629,8.486705780029297,0.010226408950984478,0.08081915229558945,"tensor(0.3898, grad_fn=<MseLossBackward0>)",
6636,2.361687660217285,8.0924711227417,0.013693948276340961,0.06723054498434067,"tensor(0.3085, grad_fn=<MseLossBackward0>)",
6637,1.4302992820739746,7.974989891052246,0.006363371852785349,0.03579244762659073,"tensor(0.3611, grad_fn=<MseLossBackward0>)",
6638,1.5935945510864258,8.132233619689941,0.013713598251342773,0.036321476101875305,"tensor(0.2965, grad_fn=<MseLossBackward0>)",
6639,1.842480182647705,7.504611015319824,0.038696885108947754,0.02240832895040512,"tensor(0.2827, grad_fn=<MseLossBackward0>)",
6640,2.9250621795654297,7.800095081329346,0.008125822059810162,0.09523128718137741,"tensor(0.3245, grad_fn=<MseLossBackward0>)",
6641,2.868349552154541,7.94616174697876,0.06134732440114021,0.040798649191856384,"tensor(0.2769, grad_fn=<MseLossBackward0>)",
6642,1.845017433166504,8.426702499389648,0.031853459775447845,0.03020574524998665,"tensor(0.2718, grad_fn=<MseLossBackward0>)",
6643,3.6696271896362305,9.593769073486328,0.01614336110651493,0.11036187410354614,"tensor(0.4761, grad_fn=<MseLossBackward0>)",
6644,3.7081680297851562,9.462215423583984,0.02030003070831299,0.10828310996294022,"tensor(0.4743, grad_fn=<MseLossBackward0>)",
6645,4.209327697753906,9.62479019165039,0.002043525455519557,0.15332214534282684,"tensor(0.3054, grad_fn=<MseLossBackward0>)",
6646,3.6756467819213867,11.673988342285156,0.0448809452354908,0.08450957387685776,"tensor(0.4167, grad_fn=<MseLossBackward0>)",
6647,1.9774599075317383,10.495854377746582,0.014348983764648438,0.052449651062488556,"tensor(0.2859, grad_fn=<MseLossBackward0>)",
6648,1.4390411376953125,9.594954490661621,0.0,0.04071131348609924,"tensor(0.4018, grad_fn=<MseLossBackward0>)",
6649,5.9054670333862305,10.972320556640625,0.0,0.21757593750953674,"tensor(0.3931, grad_fn=<MseLossBackward0>)",
6650,3.2925634384155273,8.917243003845215,0.008359174244105816,0.10614746063947678,"tensor(0.4158, grad_fn=<MseLossBackward0>)",
6651,1.1617546081542969,9.335350036621094,0.0,0.029306428506970406,"tensor(0.3902, grad_fn=<MseLossBackward0>)",
6652,7.045937538146973,8.832154273986816,0.11369641125202179,0.15207859873771667,"tensor(0.3723, grad_fn=<MseLossBackward0>)",
6653,2.4563140869140625,8.859429359436035,0.030735472217202187,0.050345517694950104,"tensor(0.4079, grad_fn=<MseLossBackward0>)",
6654,2.873570442199707,8.690165519714355,0.03820405527949333,0.05952686071395874,"tensor(0.3946, grad_fn=<MseLossBackward0>)",
6655,1.9394636154174805,8.115992546081543,0.0372839979827404,0.02631310746073723,"tensor(0.3251, grad_fn=<MseLossBackward0>)",
6656,2.4957027435302734,9.245692253112793,0.019051730632781982,0.06425407528877258,"tensor(0.3543, grad_fn=<MseLossBackward0>)",
6657,1.2303295135498047,9.636734962463379,0.0037451584357768297,0.02754805237054825,"tensor(0.3777, grad_fn=<MseLossBackward0>)",
6658,5.180232048034668,8.564730644226074,0.09281861782073975,0.10051599144935608,"tensor(0.2880, grad_fn=<MseLossBackward0>)",
6659,1.255101203918457,9.56573486328125,0.0,0.03306717798113823,"tensor(0.3791, grad_fn=<MseLossBackward0>)",
6660,1.9656343460083008,9.154051780700684,0.0,0.06337274610996246,"tensor(0.3447, grad_fn=<MseLossBackward0>)",
6661,5.0678911209106445,10.903767585754395,0.02251611091196537,0.15815603733062744,"tensor(0.5338, grad_fn=<MseLossBackward0>)",
6662,3.013176918029785,10.669923782348633,0.005644599441438913,0.0998060330748558,"tensor(0.3534, grad_fn=<MseLossBackward0>)",
6663,1.1308841705322266,9.83559513092041,0.0,0.021504413336515427,"tensor(0.5360, grad_fn=<MseLossBackward0>)",
6664,1.6535930633544922,9.633221626281738,0.0,0.04979590326547623,"tensor(0.3776, grad_fn=<MseLossBackward0>)",
6665,3.8630661964416504,7.732410907745361,0.06966513395309448,0.07242508232593536,"tensor(0.2513, grad_fn=<MseLossBackward0>)",
6666,2.701936721801758,8.9407320022583,0.0,0.09158171713352203,"tensor(0.3459, grad_fn=<MseLossBackward0>)",
6667,0.6490402221679688,8.711931228637695,0.0,0.010380564257502556,"tensor(0.3260, grad_fn=<MseLossBackward0>)",
6668,2.2234020233154297,10.088798522949219,0.020772060379385948,0.05303402990102768,"tensor(0.3278, grad_fn=<MseLossBackward0>)",
6669,7.715849876403809,9.44916820526123,0.14503060281276703,0.1376969963312149,"tensor(0.5050, grad_fn=<MseLossBackward0>)",
6670,2.6246213912963867,9.92647647857666,0.0,0.0783974751830101,"tensor(0.4430, grad_fn=<MseLossBackward0>)",
6671,5.949131965637207,9.924399375915527,0.12402268499135971,0.0927184522151947,"tensor(0.3785, grad_fn=<MseLossBackward0>)",
6672,4.2703857421875,10.38460922241211,0.11469658464193344,0.04213017597794533,"tensor(0.2801, grad_fn=<MseLossBackward0>)",
6673,4.600202560424805,8.183600425720215,0.11106176674365997,0.052949074655771255,"tensor(0.4282, grad_fn=<MseLossBackward0>)",
6674,7.500730514526367,10.30691146850586,0.05862293764948845,0.22495068609714508,"tensor(0.3293, grad_fn=<MseLossBackward0>)",
6675,3.421358108520508,8.95256519317627,0.055265504866838455,0.0654318779706955,"tensor(0.2690, grad_fn=<MseLossBackward0>)",
6676,2.445871353149414,9.354248046875,0.0,0.0795682966709137,"tensor(0.3176, grad_fn=<MseLossBackward0>)",
6677,5.7572550773620605,7.754138946533203,0.02893420122563839,0.18697534501552582,"tensor(0.2998, grad_fn=<MseLossBackward0>)",
6678,4.9511895179748535,8.016389846801758,0.09826874732971191,0.08113522082567215,"tensor(0.4027, grad_fn=<MseLossBackward0>)",
6679,4.33095645904541,8.202505111694336,0.0,0.1594189554452896,"tensor(0.2593, grad_fn=<MseLossBackward0>)",
6680,4.148624897003174,7.525026321411133,0.023378372192382812,0.1252364218235016,"tensor(0.3485, grad_fn=<MseLossBackward0>)",
6681,4.2538018226623535,7.2494635581970215,0.07906216382980347,0.07104603946208954,"tensor(0.4160, grad_fn=<MseLossBackward0>)",
6682,2.9562172889709473,7.546628952026367,0.046112339943647385,0.0572860985994339,"tensor(0.2796, grad_fn=<MseLossBackward0>)",
6683,4.100551128387451,7.200212478637695,0.07358900457620621,0.07737421244382858,"tensor(0.2777, grad_fn=<MseLossBackward0>)",
6684,2.068547248840332,7.493808269500732,0.030356287956237793,0.041948363184928894,"tensor(0.2106, grad_fn=<MseLossBackward0>)",
6685,4.962347030639648,8.294748306274414,0.0318080373108387,0.1558091938495636,"tensor(0.2017, grad_fn=<MseLossBackward0>)",
6686,2.0411953926086426,7.966156005859375,0.013170341961085796,0.05525533854961395,"tensor(0.2583, grad_fn=<MseLossBackward0>)",
6687,5.679344177246094,8.03536605834961,0.12932537496089935,0.08518727123737335,"tensor(0.2569, grad_fn=<MseLossBackward0>)",
6688,2.6639623641967773,8.214147567749023,0.030704161152243614,0.05653710663318634,"tensor(0.4500, grad_fn=<MseLossBackward0>)",
6689,3.3007946014404297,8.694884300231934,0.04496282339096069,0.06773637235164642,"tensor(0.4467, grad_fn=<MseLossBackward0>)",
6690,5.139399528503418,10.040804862976074,0.017068684101104736,0.17515422403812408,"tensor(0.2693, grad_fn=<MseLossBackward0>)",
6691,7.053210258483887,8.39615535736084,0.18035368621349335,0.09074696153402328,"tensor(0.2215, grad_fn=<MseLossBackward0>)",
6692,1.223531723022461,8.109487533569336,0.01479621697217226,0.02090812474489212,"tensor(0.2783, grad_fn=<MseLossBackward0>)",
6693,2.9310569763183594,9.488194465637207,0.07177451997995377,0.030373558402061462,"tensor(0.3199, grad_fn=<MseLossBackward0>)",
6694,2.423373222351074,10.00479793548584,0.009813387878239155,0.07315148413181305,"tensor(0.3271, grad_fn=<MseLossBackward0>)",
6695,8.250845909118652,10.100993156433105,0.10372301191091537,0.2126370668411255,"tensor(0.3061, grad_fn=<MseLossBackward0>)",
6696,1.9493227005004883,9.602082252502441,0.0,0.059535641223192215,"tensor(0.3690, grad_fn=<MseLossBackward0>)",
6697,2.6909732818603516,9.39773941040039,0.0,0.09340332448482513,"tensor(0.2923, grad_fn=<MseLossBackward0>)",
6698,5.341861724853516,11.324252128601074,0.10849317163228989,0.08385545015335083,"tensor(0.4720, grad_fn=<MseLossBackward0>)",
6699,3.9848508834838867,11.684324264526367,0.016303738579154015,0.12824591994285583,"tensor(0.3340, grad_fn=<MseLossBackward0>)",
6700,1.7649240493774414,9.150639533996582,0.0,0.055737461894750595,"tensor(0.3245, grad_fn=<MseLossBackward0>)",
6701,2.955198287963867,11.333659172058105,0.0821625366806984,0.01584291271865368,"tensor(0.4606, grad_fn=<MseLossBackward0>)",
6702,1.8685779571533203,9.7410249710083,0.005641181953251362,0.050172947347164154,"tensor(0.4438, grad_fn=<MseLossBackward0>)",
6703,2.0818748474121094,9.613130569458008,0.0,0.06583349406719208,"tensor(0.4024, grad_fn=<MseLossBackward0>)",
6704,3.9198198318481445,10.522554397583008,0.0,0.13930495083332062,"tensor(0.3878, grad_fn=<MseLossBackward0>)",
6705,3.0573558807373047,10.50139331817627,0.03063974715769291,0.07352780550718307,"tensor(0.4319, grad_fn=<MseLossBackward0>)",
6706,4.657708168029785,11.3214111328125,0.0616675429046154,0.11451925337314606,"tensor(0.2146, grad_fn=<MseLossBackward0>)",
6707,3.7825584411621094,8.695699691772461,0.08132461458444595,0.059459276497364044,"tensor(0.2371, grad_fn=<MseLossBackward0>)",
6708,4.543243408203125,10.443291664123535,0.031050482764840126,0.13731980323791504,"tensor(0.3225, grad_fn=<MseLossBackward0>)",
6709,1.8401517868041992,9.691471099853516,0.005467593669891357,0.055933475494384766,"tensor(0.2665, grad_fn=<MseLossBackward0>)",
6710,2.390791893005371,10.845041275024414,0.0,0.0828423872590065,"tensor(0.2774, grad_fn=<MseLossBackward0>)",
6711,10.081233024597168,10.695180892944336,0.06327396631240845,0.31762489676475525,"tensor(0.5123, grad_fn=<MseLossBackward0>)",
6712,4.174332618713379,9.46170711517334,0.09874246269464493,0.05673806741833687,"tensor(0.2639, grad_fn=<MseLossBackward0>)",
6713,3.9080810546875,8.883994102478027,0.09813641011714935,0.045173630118370056,"tensor(0.3045, grad_fn=<MseLossBackward0>)",
6714,3.908733367919922,11.503334045410156,0.0,0.13959388434886932,"tensor(0.3596, grad_fn=<MseLossBackward0>)",
6715,3.0443687438964844,9.495869636535645,0.0,0.10637679696083069,"tensor(0.3685, grad_fn=<MseLossBackward0>)",
6716,2.7317638397216797,10.433160781860352,0.012249013409018517,0.07737851142883301,"tensor(0.4713, grad_fn=<MseLossBackward0>)",
6717,4.833826065063477,10.104270935058594,0.07565268129110336,0.10572071373462677,"tensor(0.2774, grad_fn=<MseLossBackward0>)",
6718,0.847355842590332,9.264568328857422,0.0,0.019240878522396088,"tensor(0.3396, grad_fn=<MseLossBackward0>)",
6719,3.6697158813476562,8.390778541564941,0.034416574984788895,0.09876884520053864,"tensor(0.2956, grad_fn=<MseLossBackward0>)",
6720,6.775079727172852,9.777181625366211,0.0827290415763855,0.17229993641376495,"tensor(0.3729, grad_fn=<MseLossBackward0>)",
6721,3.235611915588379,10.83172607421875,0.0,0.11083747446537018,"tensor(0.4433, grad_fn=<MseLossBackward0>)",
6722,3.1042299270629883,8.41414737701416,0.04223789647221565,0.06379466503858566,"tensor(0.4234, grad_fn=<MseLossBackward0>)",
6723,6.062750816345215,9.998364448547363,0.16706164181232452,0.058292508125305176,"tensor(0.3734, grad_fn=<MseLossBackward0>)",
6724,2.37661075592041,9.571671485900879,0.05095573142170906,0.033406294882297516,"tensor(0.2362, grad_fn=<MseLossBackward0>)",
6725,2.1394739151000977,8.070405006408691,0.03794674202799797,0.03693172335624695,"tensor(0.2381, grad_fn=<MseLossBackward0>)",
6726,8.423995971679688,7.894948959350586,0.016651391983032227,0.3073791563510895,"tensor(0.2833, grad_fn=<MseLossBackward0>)",
6727,3.866863250732422,8.610084533691406,0.016791919246315956,0.11921904981136322,"tensor(0.4341, grad_fn=<MseLossBackward0>)",
6728,3.607394218444824,8.0653657913208,0.034808434545993805,0.09313559532165527,"tensor(0.3813, grad_fn=<MseLossBackward0>)",
6729,1.8903007507324219,9.006093978881836,0.0,0.06369959563016891,"tensor(0.2617, grad_fn=<MseLossBackward0>)",
6730,2.2667722702026367,8.484179496765137,0.04098943993449211,0.03205066919326782,"tensor(0.4269, grad_fn=<MseLossBackward0>)",
6731,3.542144775390625,8.859162330627441,0.0,0.12845070660114288,"tensor(0.3011, grad_fn=<MseLossBackward0>)",
6732,3.857089042663574,9.458453178405762,0.061612289398908615,0.07691171765327454,"tensor(0.3469, grad_fn=<MseLossBackward0>)",
6733,6.495894432067871,8.060611724853516,0.0773434266448021,0.17318542301654816,"tensor(0.1827, grad_fn=<MseLossBackward0>)",
6734,3.30106258392334,9.138853073120117,0.037004727870225906,0.08251619338989258,"tensor(0.2589, grad_fn=<MseLossBackward0>)",
6735,4.18227481842041,8.748080253601074,0.0625198483467102,0.09197083115577698,"tensor(0.2783, grad_fn=<MseLossBackward0>)",
6736,9.90574836730957,7.670790672302246,0.10947152227163315,0.2723640203475952,"tensor(0.3219, grad_fn=<MseLossBackward0>)",
6737,5.836318492889404,7.797662258148193,0.12479585409164429,0.09310334175825119,"tensor(0.3639, grad_fn=<MseLossBackward0>)",
6738,4.903946876525879,8.476324081420898,0.05759761855006218,0.123898945748806,"tensor(0.2847, grad_fn=<MseLossBackward0>)",
6739,4.432501792907715,8.168160438537598,0.1113797053694725,0.05127989500761032,"tensor(0.3149, grad_fn=<MseLossBackward0>)",
6740,3.2810707092285156,8.157083511352539,0.07040324062108994,0.05014840513467789,"tensor(0.2409, grad_fn=<MseLossBackward0>)",
6741,1.6449708938598633,9.435851097106934,0.027366936206817627,0.02517692744731903,"tensor(0.2982, grad_fn=<MseLossBackward0>)",
6742,1.5570344924926758,8.342421531677246,0.028145909309387207,0.024700799956917763,"tensor(0.1976, grad_fn=<MseLossBackward0>)",
6743,5.593605041503906,9.537919044494629,0.00908025074750185,0.20130032300949097,"tensor(0.3094, grad_fn=<MseLossBackward0>)",
6744,4.194995880126953,8.720784187316895,0.0,0.14987799525260925,"tensor(0.3706, grad_fn=<MseLossBackward0>)",
6745,2.626786231994629,8.591670989990234,0.03785316273570061,0.05334039032459259,"tensor(0.2268, grad_fn=<MseLossBackward0>)",
6746,2.613992691040039,7.734095096588135,0.0,0.09340459108352661,"tensor(0.2517, grad_fn=<MseLossBackward0>)",
6747,5.065395355224609,8.621404647827148,0.0276400838047266,0.16078364849090576,"tensor(0.2892, grad_fn=<MseLossBackward0>)",
6748,3.2661590576171875,8.600979804992676,0.0,0.11514400690793991,"tensor(0.2832, grad_fn=<MseLossBackward0>)",
6749,2.1042709350585938,8.664202690124512,0.03969365358352661,0.02650073915719986,"tensor(0.3772, grad_fn=<MseLossBackward0>)",
6750,3.828629970550537,7.774734973907471,0.037579793483018875,0.09731100499629974,"tensor(0.3505, grad_fn=<MseLossBackward0>)",
6751,2.8537111282348633,9.611449241638184,0.0,0.1009463518857956,"tensor(0.2673, grad_fn=<MseLossBackward0>)",
6752,2.4027042388916016,10.028905868530273,0.022001147270202637,0.05736318230628967,"tensor(0.3587, grad_fn=<MseLossBackward0>)",
6753,3.915590286254883,9.025300025939941,0.021654268726706505,0.11853200942277908,"tensor(0.3326, grad_fn=<MseLossBackward0>)",
6754,4.660888671875,9.372241973876953,0.005305489059537649,0.1622072160243988,"tensor(0.4208, grad_fn=<MseLossBackward0>)",
6755,4.204374313354492,8.727002143859863,0.07446813583374023,0.07807160913944244,"tensor(0.3520, grad_fn=<MseLossBackward0>)",
6756,1.0552067756652832,7.993775844573975,0.0,0.028126796707510948,"tensor(0.3093, grad_fn=<MseLossBackward0>)",
6757,1.2457342147827148,8.744643211364746,0.0,0.03174063563346863,"tensor(0.4193, grad_fn=<MseLossBackward0>)",
6758,4.88755989074707,10.986130714416504,0.0,0.17939306795597076,"tensor(0.3778, grad_fn=<MseLossBackward0>)",
6759,4.847066879272461,9.224716186523438,0.09089161455631256,0.08912034332752228,"tensor(0.3174, grad_fn=<MseLossBackward0>)",
6760,6.538052558898926,10.450641632080078,0.11892741918563843,0.12797042727470398,"tensor(0.3125, grad_fn=<MseLossBackward0>)",
6761,1.1501312255859375,9.838994979858398,0.004304369445890188,0.031721681356430054,"tensor(0.2163, grad_fn=<MseLossBackward0>)",
6762,4.006331443786621,10.366903305053711,0.11551962047815323,0.03149869665503502,"tensor(0.2892, grad_fn=<MseLossBackward0>)",
6763,8.854260444641113,11.331978797912598,0.1463211327791214,0.19277386367321014,"tensor(0.3406, grad_fn=<MseLossBackward0>)",
6764,1.5442047119140625,9.9462890625,0.027490932494401932,0.020862814038991928,"tensor(0.3025, grad_fn=<MseLossBackward0>)",
6765,6.235491752624512,11.342025756835938,0.15504281222820282,0.08192098885774612,"tensor(0.2870, grad_fn=<MseLossBackward0>)",
6766,2.39925479888916,10.716617584228516,0.03222006559371948,0.05206586420536041,"tensor(0.2659, grad_fn=<MseLossBackward0>)",
6767,3.4406375885009766,10.64152717590332,0.0728057399392128,0.049135055392980576,"tensor(0.3762, grad_fn=<MseLossBackward0>)",
6768,3.428053855895996,12.6397123336792,0.03141351416707039,0.09245765209197998,"tensor(0.3001, grad_fn=<MseLossBackward0>)",
6769,4.156786918640137,10.979071617126465,0.07667271047830582,0.06934113800525665,"tensor(0.4858, grad_fn=<MseLossBackward0>)",
6770,2.4680280685424805,11.750579833984375,0.019154151901602745,0.06062880903482437,"tensor(0.4599, grad_fn=<MseLossBackward0>)",
6771,4.589980125427246,10.790099143981934,0.05342932417988777,0.11547192931175232,"tensor(0.3286, grad_fn=<MseLossBackward0>)",
6772,1.175063133239746,10.439000129699707,0.0,0.03268222510814667,"tensor(0.3195, grad_fn=<MseLossBackward0>)",
6773,3.478682518005371,11.603044509887695,0.0,0.12426932901144028,"tensor(0.3501, grad_fn=<MseLossBackward0>)",
6774,3.801192283630371,10.759661674499512,0.0016268292674794793,0.1379796266555786,"tensor(0.2709, grad_fn=<MseLossBackward0>)",
6775,3.7911033630371094,9.912027359008789,0.054066676646471024,0.0816832184791565,"tensor(0.3580, grad_fn=<MseLossBackward0>)",
6776,7.843916893005371,9.446200370788574,0.145667165517807,0.1512729376554489,"tensor(0.3600, grad_fn=<MseLossBackward0>)",
6777,3.1893224716186523,8.239139556884766,0.06209452822804451,0.04933920130133629,"tensor(0.3654, grad_fn=<MseLossBackward0>)",
6778,4.256446838378906,10.35555648803711,0.0,0.15958942472934723,"tensor(0.2360, grad_fn=<MseLossBackward0>)",
6779,7.44338321685791,10.138175964355469,0.013595621101558208,0.27078208327293396,"tensor(0.2896, grad_fn=<MseLossBackward0>)",
6780,4.726470947265625,11.522249221801758,0.0,0.17350342869758606,"tensor(0.3544, grad_fn=<MseLossBackward0>)",
6781,5.510577201843262,10.0292387008667,0.06203904002904892,0.14450275897979736,"tensor(0.3267, grad_fn=<MseLossBackward0>)",
6782,4.749170303344727,10.08458137512207,0.0441969633102417,0.13276416063308716,"tensor(0.2863, grad_fn=<MseLossBackward0>)",
6783,2.5278263092041016,11.261432647705078,0.005391617771238089,0.08330568671226501,"tensor(0.2532, grad_fn=<MseLossBackward0>)",
6784,9.589552879333496,8.626900672912598,0.2248382568359375,0.14412525296211243,"tensor(0.3216, grad_fn=<MseLossBackward0>)",
6785,2.6511220932006836,9.938876152038574,0.014082193374633789,0.07969777286052704,"tensor(0.2554, grad_fn=<MseLossBackward0>)",
6786,4.896631240844727,11.086729049682617,0.07747970521450043,0.10780412703752518,"tensor(0.2393, grad_fn=<MseLossBackward0>)",
6787,2.8983078002929688,10.534869194030762,0.0,0.09891603887081146,"tensor(0.3908, grad_fn=<MseLossBackward0>)",
6788,8.358186721801758,9.60851764678955,0.16041520237922668,0.15850169956684113,"tensor(0.3557, grad_fn=<MseLossBackward0>)",
6789,3.202874183654785,9.587289810180664,0.04145978018641472,0.06820166856050491,"tensor(0.4475, grad_fn=<MseLossBackward0>)",
6790,6.771786689758301,11.348199844360352,0.05635958909988403,0.196258082985878,"tensor(0.4101, grad_fn=<MseLossBackward0>)",
6791,2.093477249145508,11.058023452758789,0.032484035938978195,0.04042596369981766,"tensor(0.2562, grad_fn=<MseLossBackward0>)",
6792,4.533161163330078,9.740349769592285,0.05385349318385124,0.11683087050914764,"tensor(0.2280, grad_fn=<MseLossBackward0>)",
6793,1.7558183670043945,10.473089218139648,0.02998395636677742,0.021754065528512,"tensor(0.4450, grad_fn=<MseLossBackward0>)",
6794,5.390070915222168,10.357674598693848,0.04674543812870979,0.1536579132080078,"tensor(0.3515, grad_fn=<MseLossBackward0>)",
6795,7.350536346435547,8.328967094421387,0.1500636637210846,0.1337691843509674,"tensor(0.2403, grad_fn=<MseLossBackward0>)",
6796,5.057025909423828,9.978102684020996,0.07479941844940186,0.11581744253635406,"tensor(0.2427, grad_fn=<MseLossBackward0>)",
6797,2.2600927352905273,9.530462265014648,0.03518442437052727,0.04028111696243286,"tensor(0.3569, grad_fn=<MseLossBackward0>)",
6798,6.434013366699219,9.873936653137207,0.1698857992887497,0.06863222271203995,"tensor(0.4218, grad_fn=<MseLossBackward0>)",
6799,3.2390270233154297,10.333690643310547,0.03218020871281624,0.08477625995874405,"tensor(0.2919, grad_fn=<MseLossBackward0>)",
6800,12.56998348236084,10.491740226745605,0.10735423862934113,0.3820091485977173,"tensor(0.3098, grad_fn=<MseLossBackward0>)",
6801,3.388422966003418,9.62423038482666,0.06405441462993622,0.051500044763088226,"tensor(0.4700, grad_fn=<MseLossBackward0>)",
6802,2.4430150985717773,8.685580253601074,0.005469521041959524,0.08176778256893158,"tensor(0.2295, grad_fn=<MseLossBackward0>)",
6803,4.0049285888671875,10.318360328674316,0.07389488071203232,0.07091382890939713,"tensor(0.3602, grad_fn=<MseLossBackward0>)",
6804,4.584493637084961,9.928921699523926,0.08686673641204834,0.07961560040712357,"tensor(0.3779, grad_fn=<MseLossBackward0>)",
6805,3.4679441452026367,10.709604263305664,0.0,0.12406115233898163,"tensor(0.3404, grad_fn=<MseLossBackward0>)",
6806,2.7743024826049805,10.455683708190918,0.030116280540823936,0.0649004727602005,"tensor(0.3650, grad_fn=<MseLossBackward0>)",
6807,5.4577531814575195,9.36220645904541,0.026863176375627518,0.17690058052539825,"tensor(0.3020, grad_fn=<MseLossBackward0>)",
6808,5.133715629577637,10.010523796081543,0.09111011028289795,0.10109900683164597,"tensor(0.2793, grad_fn=<MseLossBackward0>)",
6809,1.3305063247680664,9.505265235900879,0.0,0.03855883330106735,"tensor(0.3331, grad_fn=<MseLossBackward0>)",
6810,5.961701393127441,9.996399879455566,0.016003966331481934,0.20132680237293243,"tensor(0.4687, grad_fn=<MseLossBackward0>)",
6811,7.421808242797852,9.544243812561035,0.1176571249961853,0.16786247491836548,"tensor(0.2301, grad_fn=<MseLossBackward0>)",
6812,3.128190040588379,10.708505630493164,0.035171687602996826,0.07171814143657684,"tensor(0.4057, grad_fn=<MseLossBackward0>)",
6813,6.809950828552246,9.69801139831543,0.02344290353357792,0.2292843461036682,"tensor(0.4517, grad_fn=<MseLossBackward0>)",
6814,6.274848937988281,12.4990873336792,0.07794485241174698,0.15989738702774048,"tensor(0.2824, grad_fn=<MseLossBackward0>)",
6815,2.970065116882324,9.807973861694336,0.01589568518102169,0.08717047423124313,"tensor(0.3641, grad_fn=<MseLossBackward0>)",
6816,3.142230987548828,9.23764705657959,0.06350076198577881,0.04731907323002815,"tensor(0.3330, grad_fn=<MseLossBackward0>)",
6817,7.722349166870117,11.559828758239746,0.13034887611865997,0.16430707275867462,"tensor(0.3313, grad_fn=<MseLossBackward0>)",
6818,4.8664960861206055,11.017136573791504,0.018049996346235275,0.16257968544960022,"tensor(0.3235, grad_fn=<MseLossBackward0>)",
6819,6.227810859680176,11.074246406555176,0.04190512374043465,0.1891864538192749,"tensor(0.4190, grad_fn=<MseLossBackward0>)",
6820,3.005289077758789,10.095558166503906,0.05327731370925903,0.0504041388630867,"tensor(0.3627, grad_fn=<MseLossBackward0>)",
6821,5.3061113357543945,10.848691940307617,0.16574174165725708,0.030462034046649933,"tensor(0.3736, grad_fn=<MseLossBackward0>)",
6822,9.973280906677246,14.249625205993652,0.08853781223297119,0.2944227159023285,"tensor(0.3622, grad_fn=<MseLossBackward0>)",
6823,2.189105987548828,11.226844787597656,0.016127923503518105,0.055955711752176285,"tensor(0.3572, grad_fn=<MseLossBackward0>)",
6824,4.701827049255371,12.435730934143066,0.08192616701126099,0.0933045968413353,"tensor(0.2999, grad_fn=<MseLossBackward0>)",
6825,1.8982820510864258,10.919641494750977,0.0333033986389637,0.030434615910053253,"tensor(0.2508, grad_fn=<MseLossBackward0>)",
6826,8.3628568649292,10.92355728149414,0.028922557830810547,0.2883945405483246,"tensor(0.3875, grad_fn=<MseLossBackward0>)",
6827,6.8415327072143555,11.033019065856934,0.14426402747631073,0.11696510016918182,"tensor(0.2796, grad_fn=<MseLossBackward0>)",
6828,5.035050392150879,10.615551948547363,0.04348880052566528,0.1473054140806198,"tensor(0.2483, grad_fn=<MseLossBackward0>)",
6829,4.525089263916016,10.299928665161133,0.01820339821279049,0.148866668343544,"tensor(0.3037, grad_fn=<MseLossBackward0>)",
6830,3.1637449264526367,9.741201400756836,0.0,0.11543411761522293,"tensor(0.2614, grad_fn=<MseLossBackward0>)",
6831,3.7294864654541016,10.981673240661621,0.01626773737370968,0.11818704754114151,"tensor(0.3201, grad_fn=<MseLossBackward0>)",
6832,9.021703720092773,8.766544342041016,0.05674745514988899,0.2931986451148987,"tensor(0.2289, grad_fn=<MseLossBackward0>)",
6833,2.414259910583496,9.711580276489258,0.027283847332000732,0.05621049180626869,"tensor(0.2666, grad_fn=<MseLossBackward0>)",
6834,2.6727066040039062,8.706659317016602,0.04060306027531624,0.05381763353943825,"tensor(0.2810, grad_fn=<MseLossBackward0>)",
6835,4.18748664855957,8.250227928161621,0.10863486677408218,0.048782724887132645,"tensor(0.2012, grad_fn=<MseLossBackward0>)",
6836,1.8246612548828125,8.466614723205566,0.016802430152893066,0.043586187064647675,"tensor(0.2807, grad_fn=<MseLossBackward0>)",
6837,4.685049057006836,8.411693572998047,0.01991836167871952,0.15511131286621094,"tensor(0.2774, grad_fn=<MseLossBackward0>)",
6838,3.0291695594787598,7.9288554191589355,0.06252419948577881,0.04479515925049782,"tensor(0.3195, grad_fn=<MseLossBackward0>)",
6839,2.047036647796631,7.969120025634766,0.051890093833208084,0.01800103485584259,"tensor(0.2669, grad_fn=<MseLossBackward0>)",
6840,3.4344663619995117,8.079389572143555,0.06136069446802139,0.061117999255657196,"tensor(0.3477, grad_fn=<MseLossBackward0>)",
6841,4.834395408630371,10.147170066833496,0.06509246677160263,0.10894995927810669,"tensor(0.4446, grad_fn=<MseLossBackward0>)",
6842,2.0203857421875,9.744864463806152,0.012209653854370117,0.051510583609342575,"tensor(0.4078, grad_fn=<MseLossBackward0>)",
6843,3.475370407104492,9.200234413146973,0.014642436988651752,0.1080208420753479,"tensor(0.3879, grad_fn=<MseLossBackward0>)",
6844,2.4753570556640625,10.359484672546387,0.014274935238063335,0.07700052857398987,"tensor(0.1811, grad_fn=<MseLossBackward0>)",
6845,2.880263328552246,10.556295394897461,0.033525705337524414,0.07206173986196518,"tensor(0.2131, grad_fn=<MseLossBackward0>)",
6846,4.4493913650512695,8.858922958374023,0.03400322049856186,0.13119733333587646,"tensor(0.2978, grad_fn=<MseLossBackward0>)",
6847,3.6605796813964844,10.127533912658691,0.07152513414621353,0.06301605701446533,"tensor(0.2643, grad_fn=<MseLossBackward0>)",
6848,2.494394302368164,9.957008361816406,0.03913549706339836,0.04577972739934921,"tensor(0.3546, grad_fn=<MseLossBackward0>)",
6849,2.8985586166381836,9.12006664276123,0.033187687397003174,0.06747833639383316,"tensor(0.3562, grad_fn=<MseLossBackward0>)",
6850,5.603093147277832,11.761056900024414,0.1310928910970688,0.07111432403326035,"tensor(0.5248, grad_fn=<MseLossBackward0>)",
6851,4.517158508300781,11.286239624023438,0.05653182789683342,0.10767097026109695,"tensor(0.3873, grad_fn=<MseLossBackward0>)",
6852,5.674195289611816,11.509115219116211,0.10338437557220459,0.10881683975458145,"tensor(0.3182, grad_fn=<MseLossBackward0>)",
6853,0.6170721054077148,11.117505073547363,0.0,0.009111820720136166,"tensor(0.3520, grad_fn=<MseLossBackward0>)",
6854,3.916935920715332,11.90697193145752,0.003921290393918753,0.13536150753498077,"tensor(0.3744, grad_fn=<MseLossBackward0>)",
6855,4.231692314147949,11.624080657958984,0.0,0.15184660255908966,"tensor(0.3829, grad_fn=<MseLossBackward0>)",
6856,2.17360782623291,11.500408172607422,0.0,0.06799738109111786,"tensor(0.4235, grad_fn=<MseLossBackward0>)",
6857,3.2206811904907227,10.521240234375,0.0,0.11376804858446121,"tensor(0.3360, grad_fn=<MseLossBackward0>)",
6858,3.9120445251464844,11.8884916305542,0.010147392749786377,0.1303592175245285,"tensor(0.3515, grad_fn=<MseLossBackward0>)",
6859,3.2204837799072266,12.273322105407715,0.009205400943756104,0.10250117629766464,"tensor(0.4036, grad_fn=<MseLossBackward0>)",
6860,3.678025245666504,12.317866325378418,0.003812809707596898,0.12122782319784164,"tensor(0.5151, grad_fn=<MseLossBackward0>)",
6861,15.713895797729492,12.474699974060059,0.0,0.6161102652549744,"tensor(0.2790, grad_fn=<MseLossBackward0>)",
6862,3.1587514877319336,12.394425392150879,0.0,0.10891455411911011,"tensor(0.3696, grad_fn=<MseLossBackward0>)",
6863,4.674984931945801,9.915140151977539,0.03773520514369011,0.1278267204761505,"tensor(0.5170, grad_fn=<MseLossBackward0>)",
6864,1.6262130737304688,12.044248580932617,0.0,0.04763282462954521,"tensor(0.4066, grad_fn=<MseLossBackward0>)",
6865,4.352581977844238,10.593281745910645,0.0,0.1607086956501007,"tensor(0.3111, grad_fn=<MseLossBackward0>)",
6866,3.633096694946289,10.640130996704102,0.08091054111719131,0.04509776830673218,"tensor(0.4507, grad_fn=<MseLossBackward0>)",
6867,3.6554574966430664,10.335380554199219,0.01786184310913086,0.10940411686897278,"tensor(0.3959, grad_fn=<MseLossBackward0>)",
6868,2.932745933532715,9.816971778869629,0.0,0.10265413671731949,"tensor(0.3307, grad_fn=<MseLossBackward0>)",
6869,3.520954132080078,11.047307014465332,0.0,0.12782272696495056,"tensor(0.2992, grad_fn=<MseLossBackward0>)",
6870,6.566828727722168,9.934803009033203,0.1716308742761612,0.07660563290119171,"tensor(0.3548, grad_fn=<MseLossBackward0>)",
6871,5.2740325927734375,10.011972427368164,0.13512349128723145,0.05701723322272301,"tensor(0.4346, grad_fn=<MseLossBackward0>)",
6872,4.673675537109375,9.866344451904297,0.08513134717941284,0.0868522971868515,"tensor(0.3565, grad_fn=<MseLossBackward0>)",
6873,5.841771125793457,8.949878692626953,0.18235889077186584,0.03997991234064102,"tensor(0.2619, grad_fn=<MseLossBackward0>)",
6874,3.640291213989258,10.286961555480957,0.1133485659956932,0.02144714631140232,"tensor(0.2596, grad_fn=<MseLossBackward0>)",
6875,6.140445709228516,8.689143180847168,0.07877475023269653,0.15452860295772552,"tensor(0.2925, grad_fn=<MseLossBackward0>)",
6876,4.049348831176758,8.621968269348145,0.0,0.14806073904037476,"tensor(0.3145, grad_fn=<MseLossBackward0>)",
6877,3.335712432861328,8.242504119873047,0.0976279228925705,0.019820157438516617,"tensor(0.3899, grad_fn=<MseLossBackward0>)",
6878,1.0930414199829102,9.176608085632324,0.010285754688084126,0.024799641221761703,"tensor(0.1780, grad_fn=<MseLossBackward0>)",
6879,5.270726203918457,9.114715576171875,0.012538671493530273,0.1868550181388855,"tensor(0.2637, grad_fn=<MseLossBackward0>)",
6880,1.6633920669555664,8.968868255615234,0.038991451263427734,0.0164581798017025,"tensor(0.2500, grad_fn=<MseLossBackward0>)",
6881,2.430105209350586,8.86925983428955,0.0,0.08657458424568176,"tensor(0.2477, grad_fn=<MseLossBackward0>)",
6882,5.7350311279296875,9.567173957824707,0.0596533827483654,0.15654899179935455,"tensor(0.3086, grad_fn=<MseLossBackward0>)",
6883,2.2074851989746094,9.838915824890137,0.02652772143483162,0.049604155123233795,"tensor(0.2836, grad_fn=<MseLossBackward0>)",
6884,8.126517295837402,8.735037803649902,0.2124558389186859,0.10149721056222916,"tensor(0.2538, grad_fn=<MseLossBackward0>)",
6885,3.6264848709106445,10.00861930847168,0.042238038033246994,0.08913405239582062,"tensor(0.3081, grad_fn=<MseLossBackward0>)",
6886,1.73486328125,9.450776100158691,0.0,0.05280149728059769,"tensor(0.3960, grad_fn=<MseLossBackward0>)",
6887,3.012232780456543,9.992558479309082,0.04853328317403793,0.05718427896499634,"tensor(0.3176, grad_fn=<MseLossBackward0>)",
6888,3.9958362579345703,9.714877128601074,0.030810892581939697,0.11241772025823593,"tensor(0.3955, grad_fn=<MseLossBackward0>)",
6889,2.4271059036254883,10.149419784545898,0.0,0.08391830325126648,"tensor(0.3046, grad_fn=<MseLossBackward0>)",
6890,4.783403396606445,9.600994110107422,0.0,0.17465943098068237,"tensor(0.3771, grad_fn=<MseLossBackward0>)",
6891,4.8368425369262695,8.725513458251953,0.05707661435008049,0.12211771309375763,"tensor(0.3386, grad_fn=<MseLossBackward0>)",
6892,3.520059585571289,10.675190925598145,0.0,0.12762652337551117,"tensor(0.2587, grad_fn=<MseLossBackward0>)",
6893,4.823329925537109,8.609529495239258,0.057673435658216476,0.12204009294509888,"tensor(0.2635, grad_fn=<MseLossBackward0>)",
6894,2.624880790710449,8.776737213134766,0.01553642749786377,0.07859491556882858,"tensor(0.2135, grad_fn=<MseLossBackward0>)",
6895,3.8204383850097656,8.861394882202148,0.05649862810969353,0.08146271854639053,"tensor(0.3296, grad_fn=<MseLossBackward0>)",
6896,4.933277130126953,9.589890480041504,0.09538018703460693,0.08920779824256897,"tensor(0.2936, grad_fn=<MseLossBackward0>)",
6897,2.8402700424194336,8.491982460021973,0.011406898498535156,0.08681958168745041,"tensor(0.3565, grad_fn=<MseLossBackward0>)",
6898,12.710203170776367,9.060371398925781,0.1891532987356186,0.3027016520500183,"tensor(0.3850, grad_fn=<MseLossBackward0>)",
6899,4.079887390136719,9.762815475463867,0.035177212208509445,0.11865463107824326,"tensor(0.1961, grad_fn=<MseLossBackward0>)",
6900,3.288304328918457,10.109663009643555,0.02570597268640995,0.09140785038471222,"tensor(0.3060, grad_fn=<MseLossBackward0>)",
6901,5.481424331665039,9.031981468200684,0.060353077948093414,0.14792822301387787,"tensor(0.2326, grad_fn=<MseLossBackward0>)",
6902,3.4775257110595703,8.397712707519531,0.03680400177836418,0.08947719633579254,"tensor(0.2881, grad_fn=<MseLossBackward0>)",
6903,4.047630310058594,9.354599952697754,0.09313120692968369,0.053820040076971054,"tensor(0.3420, grad_fn=<MseLossBackward0>)",
6904,0.7544403076171875,10.36643123626709,0.0,0.024375850334763527,"tensor(0.1184, grad_fn=<MseLossBackward0>)",
6905,4.241641998291016,9.658053398132324,0.08735142648220062,0.06991547346115112,"tensor(0.2980, grad_fn=<MseLossBackward0>)",
6906,4.1750993728637695,9.903924942016602,0.10385016351938248,0.0516856424510479,"tensor(0.2569, grad_fn=<MseLossBackward0>)",
6907,4.557914733886719,9.895709991455078,0.0941716805100441,0.07800602912902832,"tensor(0.2380, grad_fn=<MseLossBackward0>)",
6908,3.115762710571289,7.427384376525879,0.04840775579214096,0.05463532358407974,"tensor(0.5061, grad_fn=<MseLossBackward0>)",
6909,5.592008590698242,8.389424324035645,0.020005464553833008,0.19376546144485474,"tensor(0.2222, grad_fn=<MseLossBackward0>)",
6910,5.792664527893066,8.265923500061035,0.13381336629390717,0.08179794996976852,"tensor(0.3516, grad_fn=<MseLossBackward0>)",
6911,1.7610931396484375,9.392333030700684,0.0,0.058745820075273514,"tensor(0.2773, grad_fn=<MseLossBackward0>)",
6912,4.328473091125488,8.71639347076416,0.024196147918701172,0.13098689913749695,"tensor(0.4269, grad_fn=<MseLossBackward0>)",
6913,2.2753639221191406,10.063909530639648,0.04594312235713005,0.02832666039466858,"tensor(0.3954, grad_fn=<MseLossBackward0>)",
6914,1.9735374450683594,9.574468612670898,0.03220907971262932,0.03384904935956001,"tensor(0.2911, grad_fn=<MseLossBackward0>)",
6915,5.723238945007324,10.840242385864258,0.0,0.2213241457939148,"tensor(0.1474, grad_fn=<MseLossBackward0>)",
6916,5.062273979187012,9.398237228393555,0.1308419555425644,0.056449465453624725,"tensor(0.3587, grad_fn=<MseLossBackward0>)",
6917,5.8542890548706055,9.20821475982666,0.015579938888549805,0.20077839493751526,"tensor(0.3872, grad_fn=<MseLossBackward0>)",
6918,3.2221498489379883,9.425257682800293,0.026305118575692177,0.08820419013500214,"tensor(0.3214, grad_fn=<MseLossBackward0>)",
6919,2.9169321060180664,9.653013229370117,0.0493946447968483,0.054457709193229675,"tensor(0.3007, grad_fn=<MseLossBackward0>)",
6920,4.447198867797852,8.80427360534668,0.10347112268209457,0.0605207234621048,"tensor(0.3184, grad_fn=<MseLossBackward0>)",
6921,2.779412269592285,8.554437637329102,0.020020822063088417,0.07943118363618851,"tensor(0.2494, grad_fn=<MseLossBackward0>)",
6922,2.610520839691162,8.013214111328125,0.0,0.08580365031957626,"tensor(0.4381, grad_fn=<MseLossBackward0>)",
6923,5.438828468322754,9.995194435119629,0.08478231728076935,0.11987904459238052,"tensor(0.2739, grad_fn=<MseLossBackward0>)",
6924,2.892960548400879,9.854143142700195,0.01293210219591856,0.0889560729265213,"tensor(0.3076, grad_fn=<MseLossBackward0>)",
6925,3.0174293518066406,9.58936595916748,0.04600870609283447,0.06053050607442856,"tensor(0.2686, grad_fn=<MseLossBackward0>)",
6926,2.0405054092407227,9.533934593200684,0.01830114983022213,0.04868777468800545,"tensor(0.3123, grad_fn=<MseLossBackward0>)",
6927,3.729440689086914,9.262642860412598,0.11470826715230942,0.023022308945655823,"tensor(0.2601, grad_fn=<MseLossBackward0>)",
6928,2.3817052841186523,9.41362476348877,0.02408435009419918,0.058392997831106186,"tensor(0.2881, grad_fn=<MseLossBackward0>)",
6929,2.1107187271118164,9.56766414642334,0.012506742961704731,0.05322211608290672,"tensor(0.4418, grad_fn=<MseLossBackward0>)",
6930,1.9575958251953125,10.029794692993164,0.04870051145553589,0.009467273950576782,"tensor(0.4716, grad_fn=<MseLossBackward0>)",
6931,3.7753772735595703,10.423263549804688,0.0,0.13701316714286804,"tensor(0.3094, grad_fn=<MseLossBackward0>)",
6932,6.967525482177734,9.071224212646484,0.061385948210954666,0.20538035035133362,"tensor(0.2243, grad_fn=<MseLossBackward0>)",
6933,4.506789207458496,10.550405502319336,0.010187268257141113,0.15340492129325867,"tensor(0.3168, grad_fn=<MseLossBackward0>)",
6934,3.021430015563965,10.322412490844727,0.0,0.10706792771816254,"tensor(0.2755, grad_fn=<MseLossBackward0>)",
6935,0.7125225067138672,10.38916301727295,0.0,0.014267561957240105,"tensor(0.3106, grad_fn=<MseLossBackward0>)",
6936,5.1243791580200195,8.958685874938965,0.0,0.19124607741832733,"tensor(0.2945, grad_fn=<MseLossBackward0>)",
6937,4.920799255371094,9.09744930267334,0.06037890911102295,0.12033356726169586,"tensor(0.3440, grad_fn=<MseLossBackward0>)",
6938,3.3825125694274902,7.783193588256836,0.0597190260887146,0.05855417624115944,"tensor(0.3631, grad_fn=<MseLossBackward0>)",
6939,5.582337379455566,8.687312126159668,0.0356423445045948,0.17423294484615326,"tensor(0.2918, grad_fn=<MseLossBackward0>)",
6940,4.9507341384887695,9.556416511535645,0.05052000284194946,0.13548292219638824,"tensor(0.2421, grad_fn=<MseLossBackward0>)",
6941,2.5851030349731445,9.454279899597168,0.002431253669783473,0.08459079265594482,"tensor(0.3878, grad_fn=<MseLossBackward0>)",
6942,3.7565927505493164,8.72179126739502,0.03673042729496956,0.10248951613903046,"tensor(0.2490, grad_fn=<MseLossBackward0>)",
6943,3.816033363342285,9.282550811767578,0.1118680089712143,0.026774220168590546,"tensor(0.3217, grad_fn=<MseLossBackward0>)",
6944,3.0086421966552734,9.730902671813965,0.028949419036507607,0.07266122102737427,"tensor(0.4390, grad_fn=<MseLossBackward0>)",
6945,1.953627586364746,9.907333374023438,0.0,0.06477253139019012,"tensor(0.2974, grad_fn=<MseLossBackward0>)",
6946,4.3095245361328125,9.17220401763916,0.08366839587688446,0.07371483743190765,"tensor(0.3432, grad_fn=<MseLossBackward0>)",
6947,2.053009033203125,8.239361763000488,0.012181481346487999,0.05475834757089615,"tensor(0.3132, grad_fn=<MseLossBackward0>)",
6948,2.848073959350586,7.795432090759277,0.04544224217534065,0.05574772134423256,"tensor(0.2648, grad_fn=<MseLossBackward0>)",
6949,1.765599250793457,7.604964256286621,0.02828826569020748,0.030012749135494232,"tensor(0.2676, grad_fn=<MseLossBackward0>)",
6950,2.827892780303955,7.8205485343933105,0.013199309818446636,0.08831939101219177,"tensor(0.2714, grad_fn=<MseLossBackward0>)",
6951,2.9422073364257812,9.03621768951416,0.04926884174346924,0.057941943407058716,"tensor(0.2332, grad_fn=<MseLossBackward0>)",
6952,6.840264797210693,7.787317276000977,0.18288064002990723,0.07043292373418808,"tensor(0.4818, grad_fn=<MseLossBackward0>)",
6953,2.5257396697998047,8.881162643432617,0.04011037200689316,0.05070990324020386,"tensor(0.2202, grad_fn=<MseLossBackward0>)",
6954,6.465009689331055,9.641399383544922,0.08192054182291031,0.15788275003433228,"tensor(0.4478, grad_fn=<MseLossBackward0>)",
6955,1.7675790786743164,8.77895450592041,0.019177615642547607,0.03291957825422287,"tensor(0.4258, grad_fn=<MseLossBackward0>)",
6956,3.3492488861083984,9.884953498840332,0.008121649734675884,0.11189539730548859,"tensor(0.3268, grad_fn=<MseLossBackward0>)",
6957,7.834206581115723,10.222820281982422,0.08348925411701202,0.21521475911140442,"tensor(0.3469, grad_fn=<MseLossBackward0>)",
6958,3.114408493041992,9.877294540405273,0.04433995485305786,0.06495041400194168,"tensor(0.3472, grad_fn=<MseLossBackward0>)",
6959,4.537106513977051,8.925357818603516,0.052958011627197266,0.11210772395133972,"tensor(0.3685, grad_fn=<MseLossBackward0>)",
6960,5.285330772399902,10.820649147033691,0.07127892971038818,0.11992833763360977,"tensor(0.4349, grad_fn=<MseLossBackward0>)",
6961,6.220742225646973,9.80428695678711,0.021407028660178185,0.21022097766399384,"tensor(0.4013, grad_fn=<MseLossBackward0>)",
6962,3.816317558288574,10.327913284301758,0.011867384426295757,0.12231561541557312,"tensor(0.4265, grad_fn=<MseLossBackward0>)",
6963,1.8673267364501953,10.449460983276367,0.0,0.05730920657515526,"tensor(0.3983, grad_fn=<MseLossBackward0>)",
6964,5.820162773132324,10.746636390686035,0.0910152792930603,0.12897765636444092,"tensor(0.2663, grad_fn=<MseLossBackward0>)",
6965,4.533343315124512,10.26329517364502,0.10589820146560669,0.05786766856908798,"tensor(0.4098, grad_fn=<MseLossBackward0>)",
6966,4.35538387298584,10.665068626403809,0.04262667894363403,0.11639337241649628,"tensor(0.3251, grad_fn=<MseLossBackward0>)",
6967,5.840270042419434,10.23131275177002,0.0,0.21962657570838928,"tensor(0.3029, grad_fn=<MseLossBackward0>)",
6968,2.5252294540405273,10.840446472167969,0.00901120901107788,0.07795517891645432,"tensor(0.3095, grad_fn=<MseLossBackward0>)",
6969,4.615752220153809,9.853188514709473,0.0,0.16432112455368042,"tensor(0.4654, grad_fn=<MseLossBackward0>)",
6970,3.8233089447021484,10.539664268493652,0.018950263038277626,0.11877205967903137,"tensor(0.3547, grad_fn=<MseLossBackward0>)",
6971,1.812936782836914,9.890586853027344,0.00912459660321474,0.05214977264404297,"tensor(0.2429, grad_fn=<MseLossBackward0>)",
6972,3.10546875,9.613880157470703,0.05033314228057861,0.059932149946689606,"tensor(0.3245, grad_fn=<MseLossBackward0>)",
6973,2.5949010848999023,9.525726318359375,0.010106384754180908,0.07536564022302628,"tensor(0.4315, grad_fn=<MseLossBackward0>)",
6974,10.078385353088379,9.658474922180176,0.0419856533408165,0.3446304202079773,"tensor(0.3832, grad_fn=<MseLossBackward0>)",
6975,8.478078842163086,9.905298233032227,0.06825361400842667,0.2540673315525055,"tensor(0.3619, grad_fn=<MseLossBackward0>)",
6976,3.7959108352661133,9.846266746520996,0.04759160801768303,0.09279172122478485,"tensor(0.2560, grad_fn=<MseLossBackward0>)",
6977,3.7729053497314453,9.352287292480469,0.006226102355867624,0.1307237148284912,"tensor(0.3048, grad_fn=<MseLossBackward0>)",
6978,6.055620193481445,8.820845603942871,0.04289728403091431,0.1882500797510147,"tensor(0.2602, grad_fn=<MseLossBackward0>)",
6979,2.956104278564453,9.150904655456543,0.03715302795171738,0.06394776701927185,"tensor(0.4098, grad_fn=<MseLossBackward0>)",
6980,3.964780807495117,8.067706108093262,0.08355429023504257,0.05991574376821518,"tensor(0.3557, grad_fn=<MseLossBackward0>)",
6981,2.9104223251342773,8.53506088256836,0.05766153335571289,0.043102189898490906,"tensor(0.3643, grad_fn=<MseLossBackward0>)",
6982,4.794170379638672,8.33816146850586,0.0,0.18123766779899597,"tensor(0.2312, grad_fn=<MseLossBackward0>)",
6983,2.737058162689209,7.401088237762451,0.042786817997694016,0.05478290095925331,"tensor(0.2797, grad_fn=<MseLossBackward0>)",
6984,4.795658111572266,7.431944370269775,0.10619944334030151,0.07291526347398758,"tensor(0.2925, grad_fn=<MseLossBackward0>)",
6985,4.807168006896973,9.118546485900879,0.06634634733200073,0.10955766588449478,"tensor(0.3908, grad_fn=<MseLossBackward0>)",
6986,0.9053230285644531,7.3379950523376465,0.0,0.0200846828520298,"tensor(0.3877, grad_fn=<MseLossBackward0>)",
6987,4.572024822235107,5.429300308227539,0.13523855805397034,0.039488136768341064,"tensor(0.1940, grad_fn=<MseLossBackward0>)",
6988,3.0184426307678223,7.511447429656982,0.06045333668589592,0.044369351118803024,"tensor(0.3814, grad_fn=<MseLossBackward0>)",
6989,2.738165855407715,7.5371317863464355,0.06370282173156738,0.026337509974837303,"tensor(0.4723, grad_fn=<MseLossBackward0>)",
6990,2.028200149536133,6.659029483795166,0.008675177581608295,0.05794098228216171,"tensor(0.3272, grad_fn=<MseLossBackward0>)",
6991,4.844930171966553,6.537534713745117,0.1514960378408432,0.029449667781591415,"tensor(0.2726, grad_fn=<MseLossBackward0>)",
6992,7.094818115234375,6.496269226074219,0.19771011173725128,0.06742637604475021,"tensor(0.4380, grad_fn=<MseLossBackward0>)",
6993,2.6854801177978516,9.037363052368164,0.054236095398664474,0.04319428652524948,"tensor(0.2019, grad_fn=<MseLossBackward0>)",
6994,4.890055179595947,7.879777908325195,0.07661513239145279,0.10379820317029953,"tensor(0.3204, grad_fn=<MseLossBackward0>)",
6995,8.283914566040039,8.021562576293945,0.1371896117925644,0.1782981902360916,"tensor(0.3463, grad_fn=<MseLossBackward0>)",
6996,2.287064552307129,8.59521770477295,0.0,0.07767128944396973,"tensor(0.3077, grad_fn=<MseLossBackward0>)",
6997,2.799504280090332,7.685570240020752,0.02245100401341915,0.07061327248811722,"tensor(0.4447, grad_fn=<MseLossBackward0>)",
6998,3.2987051010131836,9.324097633361816,0.03789699077606201,0.07827991247177124,"tensor(0.3579, grad_fn=<MseLossBackward0>)",
6999,3.067429542541504,8.732590675354004,0.015148798935115337,0.08933036774396896,"tensor(0.4194, grad_fn=<MseLossBackward0>)",
7000,0.6023368835449219,10.828584671020508,0.0055304765701293945,0.006521560251712799,"tensor(0.2668, grad_fn=<MseLossBackward0>)","[1.2180131673812866, 0.9990923404693604, 1.287582278251648]"
7001,4.685602188110352,10.259781837463379,0.06493548303842545,0.10761447250843048,"tensor(0.3367, grad_fn=<MseLossBackward0>)",
7002,9.214615821838379,11.622865676879883,0.051512282341718674,0.2953939437866211,"tensor(0.4785, grad_fn=<MseLossBackward0>)",
7003,2.858999252319336,11.672980308532715,0.0,0.09784499555826187,"tensor(0.3594, grad_fn=<MseLossBackward0>)",
7004,3.8539113998413086,10.533817291259766,0.0669504776597023,0.06929533183574677,"tensor(0.3933, grad_fn=<MseLossBackward0>)",
7005,6.167752265930176,11.465044021606445,0.043714504688978195,0.18469420075416565,"tensor(0.4294, grad_fn=<MseLossBackward0>)",
7006,1.6489486694335938,13.095450401306152,0.0,0.0461321584880352,"tensor(0.4439, grad_fn=<MseLossBackward0>)",
7007,3.0340871810913086,11.058438301086426,0.07111725956201553,0.035554904490709305,"tensor(0.3313, grad_fn=<MseLossBackward0>)",
7008,3.479755401611328,12.04671573638916,0.024453124031424522,0.09487120807170868,"tensor(0.4563, grad_fn=<MseLossBackward0>)",
7009,3.1181278228759766,12.67829704284668,0.0,0.10652220249176025,"tensor(0.3927, grad_fn=<MseLossBackward0>)",
7010,3.526519775390625,13.302054405212402,0.02116958238184452,0.09881909936666489,"tensor(0.4643, grad_fn=<MseLossBackward0>)",
7011,4.261173248291016,12.39057731628418,0.024144848808646202,0.12932345271110535,"tensor(0.3787, grad_fn=<MseLossBackward0>)",
7012,5.946028709411621,12.362359046936035,0.057538051158189774,0.15728938579559326,"tensor(0.5433, grad_fn=<MseLossBackward0>)",
7013,2.941084861755371,12.091413497924805,0.027189552783966064,0.07981548458337784,"tensor(0.2597, grad_fn=<MseLossBackward0>)",
7014,1.4857597351074219,12.490135192871094,0.0,0.04172271117568016,"tensor(0.4084, grad_fn=<MseLossBackward0>)",
7015,10.34170913696289,13.085652351379395,0.011496941559016705,0.380921334028244,"tensor(0.4828, grad_fn=<MseLossBackward0>)",
7016,2.8186025619506836,9.996217727661133,0.03797312453389168,0.05954214930534363,"tensor(0.3235, grad_fn=<MseLossBackward0>)",
7017,3.677424430847168,11.575587272644043,0.0,0.12663410604000092,"tensor(0.4687, grad_fn=<MseLossBackward0>)",
7018,3.360711097717285,10.967763900756836,0.08623522520065308,0.021890750154852867,"tensor(0.6321, grad_fn=<MseLossBackward0>)",
7019,1.1651115417480469,11.101061820983887,0.0,0.03333357349038124,"tensor(0.3168, grad_fn=<MseLossBackward0>)",
7020,2.3725223541259766,10.812023162841797,0.05907126143574715,0.02076779305934906,"tensor(0.3573, grad_fn=<MseLossBackward0>)",
7021,4.001401901245117,10.993529319763184,0.024728694930672646,0.11904719471931458,"tensor(0.3821, grad_fn=<MseLossBackward0>)",
7022,3.24527645111084,11.21129035949707,0.006949265953153372,0.10137038677930832,"tensor(0.4943, grad_fn=<MseLossBackward0>)",
7023,8.761197090148926,10.068493843078613,0.0,0.33465322852134705,"tensor(0.3625, grad_fn=<MseLossBackward0>)",
7024,3.6990957260131836,8.907737731933594,0.06977202743291855,0.0649285688996315,"tensor(0.3155, grad_fn=<MseLossBackward0>)",
7025,1.048330307006836,8.977998733520508,0.0020684401970356703,0.027939211577177048,"tensor(0.2703, grad_fn=<MseLossBackward0>)",
7026,4.5621490478515625,8.920724868774414,0.09599746763706207,0.07222581654787064,"tensor(0.3277, grad_fn=<MseLossBackward0>)",
7027,3.4219655990600586,9.647233963012695,0.049631018191576004,0.0733926072716713,"tensor(0.2931, grad_fn=<MseLossBackward0>)",
7028,5.866942405700684,8.742877006530762,0.18608523905277252,0.037179239094257355,"tensor(0.2571, grad_fn=<MseLossBackward0>)",
7029,6.461551666259766,8.474516868591309,0.12825815379619598,0.11120887100696564,"tensor(0.4432, grad_fn=<MseLossBackward0>)",
7030,5.37270450592041,8.339872360229492,0.1108643040060997,0.08807726949453354,"tensor(0.3802, grad_fn=<MseLossBackward0>)",
7031,5.827592849731445,7.694812774658203,0.039791882038116455,0.18199293315410614,"tensor(0.2320, grad_fn=<MseLossBackward0>)",
7032,6.3130645751953125,8.241549491882324,0.08572766929864883,0.15515929460525513,"tensor(0.2300, grad_fn=<MseLossBackward0>)",
7033,4.503783226013184,8.099206924438477,0.11293298006057739,0.0542268306016922,"tensor(0.3050, grad_fn=<MseLossBackward0>)",
7034,7.655276298522949,8.089095115661621,0.12901270389556885,0.16359269618988037,"tensor(0.2855, grad_fn=<MseLossBackward0>)",
7035,6.162716865539551,8.145771980285645,0.03752825781702995,0.19526955485343933,"tensor(0.3055, grad_fn=<MseLossBackward0>)",
7036,3.1980838775634766,8.04992961883545,0.011087019927799702,0.0999060869216919,"tensor(0.3888, grad_fn=<MseLossBackward0>)",
7037,3.4657649993896484,8.373327255249023,0.03404104709625244,0.09172764420509338,"tensor(0.2765, grad_fn=<MseLossBackward0>)",
7038,3.528212547302246,8.259535789489746,0.0,0.12682005763053894,"tensor(0.3084, grad_fn=<MseLossBackward0>)",
7039,3.4429244995117188,8.522364616394043,0.02892160415649414,0.0959724560379982,"tensor(0.2883, grad_fn=<MseLossBackward0>)",
7040,4.427934646606445,8.388168334960938,0.06680029630661011,0.09461785852909088,"tensor(0.3364, grad_fn=<MseLossBackward0>)",
7041,2.433767318725586,9.002458572387695,0.06463378667831421,0.022380106151103973,"tensor(0.2269, grad_fn=<MseLossBackward0>)",
7042,3.9030895233154297,9.283978462219238,0.007080574985593557,0.13179020583629608,"tensor(0.4063, grad_fn=<MseLossBackward0>)",
7043,2.650254249572754,8.906017303466797,0.013478577136993408,0.08182941377162933,"tensor(0.2404, grad_fn=<MseLossBackward0>)",
7044,2.789052963256836,8.539620399475098,0.03986217454075813,0.05911879613995552,"tensor(0.2832, grad_fn=<MseLossBackward0>)",
7045,2.810845375061035,8.854066848754883,0.013758718967437744,0.08402866125106812,"tensor(0.3458, grad_fn=<MseLossBackward0>)",
7046,6.053210258483887,9.520543098449707,0.13788603246212006,0.09031058847904205,"tensor(0.3294, grad_fn=<MseLossBackward0>)",
7047,7.589089393615723,10.4401216506958,0.0,0.2871013879776001,"tensor(0.3886, grad_fn=<MseLossBackward0>)",
7048,5.171740531921387,9.762434959411621,0.11004092544317245,0.08453640341758728,"tensor(0.2763, grad_fn=<MseLossBackward0>)",
7049,4.031373023986816,9.903135299682617,0.06354086101055145,0.08734524995088577,"tensor(0.2452, grad_fn=<MseLossBackward0>)",
7050,2.939517021179199,11.35992431640625,0.005947887897491455,0.09991414844989777,"tensor(0.2766, grad_fn=<MseLossBackward0>)",
7051,3.8914756774902344,10.555294036865234,0.0,0.13937169313430786,"tensor(0.3858, grad_fn=<MseLossBackward0>)",
7052,3.9613733291625977,12.6074800491333,0.024545511230826378,0.113124318420887,"tensor(0.4912, grad_fn=<MseLossBackward0>)",
7053,3.1576004028320312,9.62978744506836,0.034605544060468674,0.0766448974609375,"tensor(0.3597, grad_fn=<MseLossBackward0>)",
7054,5.1014909744262695,9.135472297668457,0.1510334461927414,0.0385117344558239,"tensor(0.3406, grad_fn=<MseLossBackward0>)",
7055,1.3584585189819336,10.508136749267578,0.0038412411231547594,0.038392335176467896,"tensor(0.2888, grad_fn=<MseLossBackward0>)",
7056,9.400689125061035,11.19852352142334,0.1824750453233719,0.17686863243579865,"tensor(0.3958, grad_fn=<MseLossBackward0>)",
7057,3.7352991104125977,9.330866813659668,0.038979869335889816,0.09297081083059311,"tensor(0.3936, grad_fn=<MseLossBackward0>)",
7058,5.013006210327148,9.15106201171875,0.08016816526651382,0.10579010844230652,"tensor(0.3420, grad_fn=<MseLossBackward0>)",
7059,5.713009834289551,10.0494966506958,0.0,0.21406343579292297,"tensor(0.3274, grad_fn=<MseLossBackward0>)",
7060,4.252169609069824,9.02991008758545,0.08834971487522125,0.06325684487819672,"tensor(0.4036, grad_fn=<MseLossBackward0>)",
7061,3.0311079025268555,9.721711158752441,0.002699335338547826,0.10499982535839081,"tensor(0.3119, grad_fn=<MseLossBackward0>)",
7062,4.997317314147949,9.359232902526855,0.026339491829276085,0.15333637595176697,"tensor(0.4913, grad_fn=<MseLossBackward0>)",
7063,2.0738677978515625,9.100995063781738,0.0,0.06606914103031158,"tensor(0.3831, grad_fn=<MseLossBackward0>)",
7064,3.6305761337280273,9.517754554748535,0.007405976299196482,0.12430725991725922,"tensor(0.2972, grad_fn=<MseLossBackward0>)",
7065,2.2631349563598633,9.704511642456055,0.020882030948996544,0.05379817634820938,"tensor(0.3534, grad_fn=<MseLossBackward0>)",
7066,2.0419464111328125,8.87458324432373,0.025347569957375526,0.04363226890563965,"tensor(0.2776, grad_fn=<MseLossBackward0>)",
7067,3.583836555480957,8.926546096801758,0.08283090591430664,0.04639977216720581,"tensor(0.3340, grad_fn=<MseLossBackward0>)",
7068,5.203739166259766,8.397302627563477,0.13383184373378754,0.06177623197436333,"tensor(0.2685, grad_fn=<MseLossBackward0>)",
7069,1.938070297241211,9.13395881652832,0.0,0.061665140092372894,"tensor(0.3558, grad_fn=<MseLossBackward0>)",
7070,7.178337097167969,10.340063095092773,0.05289206653833389,0.2122238278388977,"tensor(0.5337, grad_fn=<MseLossBackward0>)",
7071,2.582400321960449,8.35799503326416,0.0,0.0907554179430008,"tensor(0.2729, grad_fn=<MseLossBackward0>)",
7072,3.929640769958496,9.89862060546875,0.0,0.1416555643081665,"tensor(0.3598, grad_fn=<MseLossBackward0>)",
7073,5.159416675567627,7.566223621368408,0.10644165426492691,0.0883886069059372,"tensor(0.2428, grad_fn=<MseLossBackward0>)",
7074,1.4120893478393555,8.23272705078125,0.0,0.0408007986843586,"tensor(0.3328, grad_fn=<MseLossBackward0>)",
7075,1.8156204223632812,9.058791160583496,0.028094271197915077,0.029316162690520287,"tensor(0.3597, grad_fn=<MseLossBackward0>)",
7076,4.939959526062012,9.823016166687012,0.06842527538537979,0.11770185083150864,"tensor(0.2586, grad_fn=<MseLossBackward0>)",
7077,3.6436681747436523,8.552350044250488,0.02258533239364624,0.1043228879570961,"tensor(0.4338, grad_fn=<MseLossBackward0>)",
7078,6.164920806884766,8.3567533493042,0.015280823223292828,0.22045563161373138,"tensor(0.2264, grad_fn=<MseLossBackward0>)",
7079,2.3712501525878906,9.101349830627441,0.01931983232498169,0.061921726912260056,"tensor(0.3244, grad_fn=<MseLossBackward0>)",
7080,3.282261848449707,9.892524719238281,0.0,0.11525662988424301,"tensor(0.3820, grad_fn=<MseLossBackward0>)",
7081,6.198442459106445,8.451498985290527,0.1548880785703659,0.08198361098766327,"tensor(0.2583, grad_fn=<MseLossBackward0>)",
7082,1.8074445724487305,9.486754417419434,0.02653570845723152,0.03137990087270737,"tensor(0.3254, grad_fn=<MseLossBackward0>)",
7083,2.1512022018432617,9.188932418823242,0.02316494844853878,0.05091661587357521,"tensor(0.2798, grad_fn=<MseLossBackward0>)",
7084,1.1769189834594727,10.253376960754395,0.0002999106945935637,0.02818019688129425,"tensor(0.4571, grad_fn=<MseLossBackward0>)",
7085,5.146557807922363,9.39428424835205,0.08043942600488663,0.1065671443939209,"tensor(0.4434, grad_fn=<MseLossBackward0>)",
7086,2.1763181686401367,8.943885803222656,0.04531870409846306,0.027688249945640564,"tensor(0.3356, grad_fn=<MseLossBackward0>)",
7087,3.85050106048584,9.586809158325195,0.08869822323322296,0.05177275091409683,"tensor(0.3256, grad_fn=<MseLossBackward0>)",
7088,4.348986625671387,8.311263084411621,0.1394764482975006,0.02361370623111725,"tensor(0.2606, grad_fn=<MseLossBackward0>)",
7089,3.2457275390625,10.708635330200195,0.06219478324055672,0.04911477863788605,"tensor(0.4313, grad_fn=<MseLossBackward0>)",
7090,3.3284826278686523,10.075328826904297,0.03725423291325569,0.07767064869403839,"tensor(0.4283, grad_fn=<MseLossBackward0>)",
7091,2.5901880264282227,8.958324432373047,0.022313931956887245,0.06728249788284302,"tensor(0.3323, grad_fn=<MseLossBackward0>)",
7092,8.36709213256836,9.481711387634277,0.046576064079999924,0.27449119091033936,"tensor(0.3213, grad_fn=<MseLossBackward0>)",
7093,3.685122489929199,9.779881477355957,0.0384724922478199,0.09771975874900818,"tensor(0.2555, grad_fn=<MseLossBackward0>)",
7094,3.1771364212036133,7.988267421722412,0.047921061515808105,0.07083717733621597,"tensor(0.1900, grad_fn=<MseLossBackward0>)",
7095,8.123955726623535,10.03648853302002,0.0,0.30562281608581543,"tensor(0.4578, grad_fn=<MseLossBackward0>)",
7096,4.936628341674805,9.00076961517334,0.0,0.1812460571527481,"tensor(0.3786, grad_fn=<MseLossBackward0>)",
7097,1.4691877365112305,10.080833435058594,0.0,0.04617970064282417,"tensor(0.2826, grad_fn=<MseLossBackward0>)",
7098,0.5569171905517578,10.044288635253906,0.0,0.008199787698686123,"tensor(0.3163, grad_fn=<MseLossBackward0>)",
7099,4.752528190612793,9.407025337219238,0.0,0.1760891228914261,"tensor(0.3102, grad_fn=<MseLossBackward0>)",
7100,2.2875938415527344,8.891762733459473,0.024925153702497482,0.04464578628540039,"tensor(0.4909, grad_fn=<MseLossBackward0>)",
7101,2.1316423416137695,9.436985969543457,0.02170042134821415,0.046284019947052,"tensor(0.4054, grad_fn=<MseLossBackward0>)",
7102,2.2079248428344727,9.368006706237793,0.007741093635559082,0.06397586315870285,"tensor(0.3875, grad_fn=<MseLossBackward0>)",
7103,1.6617822647094727,8.824823379516602,0.025889774784445763,0.027630262076854706,"tensor(0.2970, grad_fn=<MseLossBackward0>)",
7104,4.46522331237793,9.574883460998535,0.08984510600566864,0.0752449557185173,"tensor(0.2984, grad_fn=<MseLossBackward0>)",
7105,7.677912712097168,8.376996040344238,0.07920327037572861,0.2094424068927765,"tensor(0.4255, grad_fn=<MseLossBackward0>)",
7106,5.834572792053223,8.765135765075684,0.05577461048960686,0.16251347959041595,"tensor(0.3441, grad_fn=<MseLossBackward0>)",
7107,2.7795143127441406,9.740175247192383,0.028358817100524902,0.06453564763069153,"tensor(0.3592, grad_fn=<MseLossBackward0>)",
7108,4.446141242980957,8.010970115661621,0.09794221073389053,0.06551611423492432,"tensor(0.3217, grad_fn=<MseLossBackward0>)",
7109,1.7720279693603516,8.95909309387207,0.0,0.06102648004889488,"tensor(0.2255, grad_fn=<MseLossBackward0>)",
7110,2.376723289489746,8.668891906738281,0.040067654103040695,0.037593744695186615,"tensor(0.3955, grad_fn=<MseLossBackward0>)",
7111,2.6741538047790527,7.9042181968688965,0.03714269399642944,0.05665729194879532,"tensor(0.2930, grad_fn=<MseLossBackward0>)",
7112,4.211714267730713,7.987042427062988,0.026427507400512695,0.12323904037475586,"tensor(0.4085, grad_fn=<MseLossBackward0>)",
7113,5.20123815536499,7.947757244110107,0.004914522171020508,0.18535521626472473,"tensor(0.4123, grad_fn=<MseLossBackward0>)",
7114,6.747674942016602,7.625797271728516,0.08852535486221313,0.17097799479961395,"tensor(0.2185, grad_fn=<MseLossBackward0>)",
7115,1.6277008056640625,8.23635196685791,0.01701190136373043,0.03338565677404404,"tensor(0.3466, grad_fn=<MseLossBackward0>)",
7116,10.000260353088379,8.811180114746094,0.16606254875659943,0.2221711277961731,"tensor(0.2687, grad_fn=<MseLossBackward0>)",
7117,1.890061378479004,9.323935508728027,0.0010181069374084473,0.057831890881061554,"tensor(0.3794, grad_fn=<MseLossBackward0>)",
7118,2.7752819061279297,9.329803466796875,0.0,0.09148956090211868,"tensor(0.4608, grad_fn=<MseLossBackward0>)",
7119,2.4170780181884766,9.233186721801758,0.0,0.07465294748544693,"tensor(0.4912, grad_fn=<MseLossBackward0>)",
7120,2.8458480834960938,10.182403564453125,0.009940008632838726,0.08927246183156967,"tensor(0.3297, grad_fn=<MseLossBackward0>)",
7121,2.098386764526367,10.119150161743164,0.010483741760253906,0.05549677088856697,"tensor(0.4123, grad_fn=<MseLossBackward0>)",
7122,3.9711294174194336,9.207393646240234,0.0605766586959362,0.08374611288309097,"tensor(0.3342, grad_fn=<MseLossBackward0>)",
7123,2.9667844772338867,9.021066665649414,0.05866817757487297,0.04749260097742081,"tensor(0.2817, grad_fn=<MseLossBackward0>)",
7124,3.0419349670410156,9.067093849182129,0.031491298228502274,0.07527893781661987,"tensor(0.3246, grad_fn=<MseLossBackward0>)",
7125,4.386654853820801,9.470071792602539,0.11624357849359512,0.05100398138165474,"tensor(0.1830, grad_fn=<MseLossBackward0>)",
7126,0.8471927642822266,10.091341018676758,0.0,0.024444151669740677,"tensor(0.1962, grad_fn=<MseLossBackward0>)",
7127,5.4903564453125,9.712632179260254,0.014762083999812603,0.1907334178686142,"tensor(0.3002, grad_fn=<MseLossBackward0>)",
7128,2.434189796447754,9.396904945373535,0.027403870597481728,0.05399972200393677,"tensor(0.3786, grad_fn=<MseLossBackward0>)",
7129,5.357093811035156,9.12307357788086,0.059957049787044525,0.13965843617916107,"tensor(0.3480, grad_fn=<MseLossBackward0>)",
7130,2.5736942291259766,8.659751892089844,0.0,0.09161961078643799,"tensor(0.2522, grad_fn=<MseLossBackward0>)",
7131,3.0341930389404297,10.003556251525879,0.0,0.10945244133472443,"tensor(0.2811, grad_fn=<MseLossBackward0>)",
7132,4.359806060791016,9.443001747131348,0.0,0.1634545773267746,"tensor(0.2351, grad_fn=<MseLossBackward0>)",
7133,6.792593955993652,8.806487083435059,0.06708474457263947,0.19256964325904846,"tensor(0.2365, grad_fn=<MseLossBackward0>)",
7134,4.916342735290527,9.6353120803833,0.08151930570602417,0.09992031008005142,"tensor(0.2989, grad_fn=<MseLossBackward0>)",
7135,2.66275691986084,9.213205337524414,0.0,0.09185468405485153,"tensor(0.3477, grad_fn=<MseLossBackward0>)",
7136,3.206939697265625,9.027846336364746,0.05835461616516113,0.05523376166820526,"tensor(0.3302, grad_fn=<MseLossBackward0>)",
7137,2.035715103149414,9.272932052612305,0.0,0.06548987329006195,"tensor(0.3674, grad_fn=<MseLossBackward0>)",
7138,1.6263790130615234,9.64334774017334,0.01736251451075077,0.034210726618766785,"tensor(0.3063, grad_fn=<MseLossBackward0>)",
7139,2.4496097564697266,8.8582124710083,0.031079769134521484,0.055542800575494766,"tensor(0.2562, grad_fn=<MseLossBackward0>)",
7140,5.495630264282227,9.347126007080078,0.04780852794647217,0.15628382563591003,"tensor(0.3670, grad_fn=<MseLossBackward0>)",
7141,4.452264785766602,8.605751991271973,0.04227536916732788,0.12194416671991348,"tensor(0.3109, grad_fn=<MseLossBackward0>)",
7142,3.808502197265625,9.42110538482666,0.0,0.1383776217699051,"tensor(0.2738, grad_fn=<MseLossBackward0>)",
7143,4.8251142501831055,8.767080307006836,0.11910511553287506,0.060281746089458466,"tensor(0.3134, grad_fn=<MseLossBackward0>)",
7144,4.126472473144531,7.509251594543457,0.02964828349649906,0.12866456806659698,"tensor(0.1368, grad_fn=<MseLossBackward0>)",
7145,3.5002660751342773,8.759725570678711,0.0,0.1267738938331604,"tensor(0.3037, grad_fn=<MseLossBackward0>)",
7146,8.740518569946289,6.745225429534912,0.10803147405385971,0.2317715287208557,"tensor(0.2106, grad_fn=<MseLossBackward0>)",
7147,1.982363224029541,7.256392955780029,0.0510827898979187,0.016988007351756096,"tensor(0.2497, grad_fn=<MseLossBackward0>)",
7148,4.4478440284729,7.218798637390137,0.12067391723394394,0.04213743284344673,"tensor(0.3414, grad_fn=<MseLossBackward0>)",
7149,6.018664836883545,6.889987468719482,0.1090744137763977,0.12026507407426834,"tensor(0.2582, grad_fn=<MseLossBackward0>)",
7150,2.5506386756896973,7.182803153991699,0.08262316137552261,0.009711697697639465,"tensor(0.1935, grad_fn=<MseLossBackward0>)",
7151,3.8786535263061523,8.296591758728027,0.09776774793863297,0.04188808053731918,"tensor(0.3592, grad_fn=<MseLossBackward0>)",
7152,3.4258480072021484,8.708024978637695,0.05509994551539421,0.07115346193313599,"tensor(0.2050, grad_fn=<MseLossBackward0>)",
7153,3.1582956314086914,8.154562950134277,0.023029685020446777,0.09128119796514511,"tensor(0.2568, grad_fn=<MseLossBackward0>)",
7154,5.140342712402344,8.388555526733398,0.12906789779663086,0.06398814171552658,"tensor(0.2638, grad_fn=<MseLossBackward0>)",
7155,1.8734130859375,8.806315422058105,0.0186599288135767,0.038885969668626785,"tensor(0.3906, grad_fn=<MseLossBackward0>)",
7156,3.006575584411621,8.819306373596191,0.00014271338295657188,0.10818157345056534,"tensor(0.2731, grad_fn=<MseLossBackward0>)",
7157,3.1041603088378906,10.530508995056152,0.0125490827485919,0.09717843681573868,"tensor(0.2976, grad_fn=<MseLossBackward0>)",
7158,4.807344436645508,9.966465950012207,0.10122369229793549,0.07683907449245453,"tensor(0.3104, grad_fn=<MseLossBackward0>)",
7159,1.1948184967041016,9.636030197143555,0.007630109786987305,0.027545422315597534,"tensor(0.2725, grad_fn=<MseLossBackward0>)",
7160,6.015254974365234,10.762080192565918,0.0010433992138132453,0.22665926814079285,"tensor(0.2872, grad_fn=<MseLossBackward0>)",
7161,5.400753974914551,9.751472473144531,0.06486348062753677,0.13141898810863495,"tensor(0.4445, grad_fn=<MseLossBackward0>)",
7162,2.643305778503418,9.62347412109375,0.0,0.0886530876159668,"tensor(0.3854, grad_fn=<MseLossBackward0>)",
7163,3.4603328704833984,12.5487699508667,0.04310208559036255,0.08131982386112213,"tensor(0.3269, grad_fn=<MseLossBackward0>)",
7164,5.004824638366699,12.5050048828125,0.1160992980003357,0.0661737471818924,"tensor(0.4275, grad_fn=<MseLossBackward0>)",
7165,4.499317169189453,9.965873718261719,0.07102064043283463,0.09180978685617447,"tensor(0.3995, grad_fn=<MseLossBackward0>)",
7166,6.098267555236816,10.406439781188965,0.08731245994567871,0.14300537109375,"tensor(0.3048, grad_fn=<MseLossBackward0>)",
7167,2.1464414596557617,12.876144409179688,0.017154613509774208,0.051789458841085434,"tensor(0.3850, grad_fn=<MseLossBackward0>)",
7168,2.905299186706543,12.397250175476074,0.003180484054610133,0.09738084673881531,"tensor(0.3677, grad_fn=<MseLossBackward0>)",
7169,1.5702648162841797,12.346877098083496,0.0,0.04178103432059288,"tensor(0.4976, grad_fn=<MseLossBackward0>)",
7170,5.256031036376953,13.026871681213379,0.11167752742767334,0.07646558433771133,"tensor(0.5372, grad_fn=<MseLossBackward0>)",
7171,1.4128704071044922,13.713618278503418,0.0,0.04180498421192169,"tensor(0.3298, grad_fn=<MseLossBackward0>)",
7172,3.5039262771606445,12.186126708984375,0.0,0.12450571358203888,"tensor(0.3462, grad_fn=<MseLossBackward0>)",
7173,3.9324264526367188,11.299132347106934,0.020480472594499588,0.12198363244533539,"tensor(0.3330, grad_fn=<MseLossBackward0>)",
7174,3.7222089767456055,11.004250526428223,0.03240267559885979,0.10251451283693314,"tensor(0.3039, grad_fn=<MseLossBackward0>)",
7175,7.1507720947265625,11.199925422668457,0.0,0.2681800127029419,"tensor(0.3818, grad_fn=<MseLossBackward0>)",
7176,2.731734275817871,11.733412742614746,0.007383386138826609,0.0852842703461647,"tensor(0.3575, grad_fn=<MseLossBackward0>)",
7177,5.0663557052612305,9.937605857849121,0.06738211959600449,0.12220759689807892,"tensor(0.2949, grad_fn=<MseLossBackward0>)",
7178,1.0361127853393555,10.770071983337402,0.0,0.027526525780558586,"tensor(0.3105, grad_fn=<MseLossBackward0>)",
7179,1.9703683853149414,10.41073226928711,0.013595898635685444,0.047235582023859024,"tensor(0.4085, grad_fn=<MseLossBackward0>)",
7180,5.502326965332031,10.706855773925781,0.0,0.2034759372472763,"tensor(0.3960, grad_fn=<MseLossBackward0>)",
7181,3.3009090423583984,10.67050552368164,0.027885237708687782,0.08754920214414597,"tensor(0.3820, grad_fn=<MseLossBackward0>)",
7182,1.6763525009155273,9.7626314163208,0.0,0.053256262093782425,"tensor(0.3125, grad_fn=<MseLossBackward0>)",
7183,5.892904281616211,11.611796379089355,0.06550135463476181,0.15664708614349365,"tensor(0.2869, grad_fn=<MseLossBackward0>)",
7184,9.60648250579834,11.693122863769531,0.0649380311369896,0.3039616346359253,"tensor(0.3464, grad_fn=<MseLossBackward0>)",
7185,4.597149848937988,11.91732120513916,0.013947486877441406,0.15304745733737946,"tensor(0.4072, grad_fn=<MseLossBackward0>)",
7186,4.4748640060424805,9.813961029052734,0.012356976978480816,0.14701832830905914,"tensor(0.4488, grad_fn=<MseLossBackward0>)",
7187,3.460312843322754,10.226181030273438,0.026944417506456375,0.09433017671108246,"tensor(0.4075, grad_fn=<MseLossBackward0>)",
7188,1.3438720703125,9.686901092529297,0.001527984975837171,0.03809923678636551,"tensor(0.3355, grad_fn=<MseLossBackward0>)",
7189,4.11444091796875,11.688023567199707,0.036697883158922195,0.11302660405635834,"tensor(0.3293, grad_fn=<MseLossBackward0>)",
7190,11.70224666595459,10.992890357971191,0.06192302703857422,0.3943226635456085,"tensor(0.2544, grad_fn=<MseLossBackward0>)",
7191,4.4235639572143555,10.019621849060059,0.056415218859910965,0.10172981023788452,"tensor(0.4438, grad_fn=<MseLossBackward0>)",
7192,6.004090309143066,8.743813514709473,0.17003050446510315,0.049418993294239044,"tensor(0.4952, grad_fn=<MseLossBackward0>)",
7193,2.775301933288574,9.592324256896973,0.06155363842844963,0.03502307087182999,"tensor(0.3379, grad_fn=<MseLossBackward0>)",
7194,2.9659175872802734,9.010376930236816,0.06632033735513687,0.04162568226456642,"tensor(0.2273, grad_fn=<MseLossBackward0>)",
7195,1.7964897155761719,10.189507484436035,0.013565301895141602,0.0431046262383461,"tensor(0.3680, grad_fn=<MseLossBackward0>)",
7196,4.133602142333984,10.448249816894531,0.01349729299545288,0.14028480648994446,"tensor(0.2707, grad_fn=<MseLossBackward0>)",
7197,1.6497020721435547,8.2045316696167,0.009903947822749615,0.042937710881233215,"tensor(0.2755, grad_fn=<MseLossBackward0>)",
7198,4.521161079406738,10.869244575500488,0.028121888637542725,0.13988317549228668,"tensor(0.2829, grad_fn=<MseLossBackward0>)",
7199,3.062009811401367,10.250553131103516,0.031759243458509445,0.07744702696800232,"tensor(0.3124, grad_fn=<MseLossBackward0>)",
7200,4.724349021911621,9.372071266174316,0.1048310175538063,0.07076049596071243,"tensor(0.3033, grad_fn=<MseLossBackward0>)",
7201,3.694120407104492,11.465228080749512,0.0772724524140358,0.05684845149517059,"tensor(0.3239, grad_fn=<MseLossBackward0>)",
7202,3.193020820617676,10.690796852111816,0.042650122195482254,0.06495683640241623,"tensor(0.4840, grad_fn=<MseLossBackward0>)",
7203,1.308974266052246,10.950591087341309,0.010807931423187256,0.023537084460258484,"tensor(0.4259, grad_fn=<MseLossBackward0>)",
7204,3.0558156967163086,12.798673629760742,0.0,0.10721676051616669,"tensor(0.3289, grad_fn=<MseLossBackward0>)",
7205,2.3871583938598633,11.556832313537598,0.05837373062968254,0.0200540479272604,"tensor(0.3993, grad_fn=<MseLossBackward0>)",
7206,6.766293525695801,11.695357322692871,0.105762779712677,0.14655856788158417,"tensor(0.4173, grad_fn=<MseLossBackward0>)",
7207,2.2930097579956055,10.44174861907959,0.0,0.07547345012426376,"tensor(0.3798, grad_fn=<MseLossBackward0>)",
7208,6.191658973693848,12.429485321044922,0.004914978984743357,0.22861534357070923,"tensor(0.3404, grad_fn=<MseLossBackward0>)",
7209,1.0396547317504883,11.478524208068848,0.004777729511260986,0.025974389165639877,"tensor(0.2534, grad_fn=<MseLossBackward0>)",
7210,4.263522148132324,11.973170280456543,0.008944690227508545,0.14573071897029877,"tensor(0.3684, grad_fn=<MseLossBackward0>)",
7211,3.7594985961914062,10.261955261230469,0.07774476706981659,0.058663275092840195,"tensor(0.3165, grad_fn=<MseLossBackward0>)",
7212,3.1232404708862305,11.643573760986328,0.05702406167984009,0.05255243927240372,"tensor(0.3381, grad_fn=<MseLossBackward0>)",
7213,3.861605644226074,10.9258394241333,0.06849131733179092,0.07130379974842072,"tensor(0.3306, grad_fn=<MseLossBackward0>)",
7214,5.839269638061523,14.556585311889648,0.05338772013783455,0.1652260422706604,"tensor(0.3429, grad_fn=<MseLossBackward0>)",
7215,5.501033782958984,11.18105411529541,0.0896092876791954,0.11581394821405411,"tensor(0.3321, grad_fn=<MseLossBackward0>)",
7216,2.2736291885375977,11.026129722595215,0.0,0.07012332230806351,"tensor(0.4946, grad_fn=<MseLossBackward0>)",
7217,2.6137771606445312,10.0239896774292,0.0318668894469738,0.055932141840457916,"tensor(0.3951, grad_fn=<MseLossBackward0>)",
7218,8.287071228027344,9.882936477661133,0.017071008682250977,0.2987411320209503,"tensor(0.3537, grad_fn=<MseLossBackward0>)",
7219,2.3003339767456055,11.05965518951416,0.0,0.0819450095295906,"tensor(0.2228, grad_fn=<MseLossBackward0>)",
7220,2.2924795150756836,10.795658111572266,0.0015385150909423828,0.0763881653547287,"tensor(0.3218, grad_fn=<MseLossBackward0>)",
7221,3.8221445083618164,11.2857084274292,0.0,0.14116226136684418,"tensor(0.2527, grad_fn=<MseLossBackward0>)",
7222,4.476010322570801,11.38303279876709,0.07203096151351929,0.08996188640594482,"tensor(0.3947, grad_fn=<MseLossBackward0>)",
7223,2.993152618408203,10.59213638305664,0.06256595999002457,0.03577892482280731,"tensor(0.5080, grad_fn=<MseLossBackward0>)",
7224,5.383583068847656,11.66325569152832,0.0030270814895629883,0.1933683454990387,"tensor(0.4272, grad_fn=<MseLossBackward0>)",
7225,0.9376316070556641,11.331364631652832,0.0,0.0259658545255661,"tensor(0.2554, grad_fn=<MseLossBackward0>)",
7226,3.5327701568603516,10.346394538879395,0.09453660249710083,0.03558751195669174,"tensor(0.2520, grad_fn=<MseLossBackward0>)",
7227,3.5914058685302734,9.880098342895508,0.05578180029988289,0.07353509962558746,"tensor(0.3375, grad_fn=<MseLossBackward0>)",
7228,6.404102325439453,9.45551586151123,0.1386227309703827,0.1037226989865303,"tensor(0.3142, grad_fn=<MseLossBackward0>)",
7229,2.6887054443359375,10.15980052947998,0.01568337343633175,0.08186815679073334,"tensor(0.2199, grad_fn=<MseLossBackward0>)",
7230,2.496401786804199,9.999539375305176,0.019990405067801476,0.0677175223827362,"tensor(0.2766, grad_fn=<MseLossBackward0>)",
7231,3.6919870376586914,9.015849113464355,0.05783774331212044,0.07420653104782104,"tensor(0.3405, grad_fn=<MseLossBackward0>)",
7232,2.249052047729492,10.252031326293945,0.020275652408599854,0.05128391832113266,"tensor(0.4453, grad_fn=<MseLossBackward0>)",
7233,9.762314796447754,9.799878120422363,0.07395446300506592,0.2963639795780182,"tensor(0.4435, grad_fn=<MseLossBackward0>)",
7234,4.830264091491699,10.189117431640625,0.10196830332279205,0.07851262390613556,"tensor(0.2797, grad_fn=<MseLossBackward0>)",
7235,2.3213462829589844,9.815089225769043,0.005619545932859182,0.07217730581760406,"tensor(0.3358, grad_fn=<MseLossBackward0>)",
7236,5.3614606857299805,10.6370210647583,0.0738254189491272,0.12183593213558197,"tensor(0.4412, grad_fn=<MseLossBackward0>)",
7237,5.361664772033691,9.651148796081543,0.0659479945898056,0.13238893449306488,"tensor(0.3798, grad_fn=<MseLossBackward0>)",
7238,5.06058406829834,9.736016273498535,0.10832961648702621,0.08236772567033768,"tensor(0.2565, grad_fn=<MseLossBackward0>)",
7239,2.7864999771118164,9.962892532348633,0.006866475101560354,0.09376618266105652,"tensor(0.2379, grad_fn=<MseLossBackward0>)",
7240,7.66903018951416,12.770959854125977,0.06358808279037476,0.22893545031547546,"tensor(0.3194, grad_fn=<MseLossBackward0>)",
7241,4.902726173400879,10.36474323272705,0.0,0.17742100358009338,"tensor(0.3947, grad_fn=<MseLossBackward0>)",
7242,2.0290117263793945,9.99871826171875,0.0,0.06522674858570099,"tensor(0.3271, grad_fn=<MseLossBackward0>)",
7243,1.9221715927124023,8.684517860412598,0.048585791140794754,0.016075603663921356,"tensor(0.2831, grad_fn=<MseLossBackward0>)",
7244,4.194597244262695,10.896940231323242,0.028749486431479454,0.1264835149049759,"tensor(0.2596, grad_fn=<MseLossBackward0>)",
7245,2.829226493835449,10.799224853515625,0.0,0.0991983637213707,"tensor(0.3120, grad_fn=<MseLossBackward0>)",
7246,6.080927848815918,8.81828784942627,0.0,0.224694162607193,"tensor(0.4037, grad_fn=<MseLossBackward0>)",
7247,3.3669662475585938,10.775674819946289,0.0,0.11833332479000092,"tensor(0.3620, grad_fn=<MseLossBackward0>)",
7248,2.633254051208496,10.174812316894531,7.28766099200584e-05,0.0886496752500534,"tensor(0.3834, grad_fn=<MseLossBackward0>)",
7249,12.78763484954834,9.115882873535156,0.09223071485757828,0.4073941707611084,"tensor(0.2702, grad_fn=<MseLossBackward0>)",
7250,1.2643728256225586,9.203758239746094,0.00023510058235842735,0.039666932076215744,"tensor(0.2410, grad_fn=<MseLossBackward0>)",
7251,3.7016077041625977,8.080681800842285,0.06531637907028198,0.06740452349185944,"tensor(0.3631, grad_fn=<MseLossBackward0>)",
7252,2.5150375366210938,10.636649131774902,0.06972786039113998,0.013251476921141148,"tensor(0.4009, grad_fn=<MseLossBackward0>)",
7253,4.570727348327637,11.890771865844727,0.07662278413772583,0.09298881888389587,"tensor(0.2983, grad_fn=<MseLossBackward0>)",
7254,5.894113540649414,10.045767784118652,0.017218291759490967,0.2051176279783249,"tensor(0.3164, grad_fn=<MseLossBackward0>)",
7255,3.4431028366088867,11.372711181640625,0.08397921174764633,0.04128323122859001,"tensor(0.2913, grad_fn=<MseLossBackward0>)",
7256,5.063485145568848,11.458842277526855,0.0426550917327404,0.14448955655097961,"tensor(0.3531, grad_fn=<MseLossBackward0>)",
7257,2.798558235168457,8.748541831970215,0.014401376247406006,0.08632969856262207,"tensor(0.2419, grad_fn=<MseLossBackward0>)",
7258,3.772350311279297,9.799426078796387,0.0,0.13878467679023743,"tensor(0.2863, grad_fn=<MseLossBackward0>)",
7259,5.4632768630981445,10.451745986938477,0.12594126164913177,0.08206336200237274,"tensor(0.2512, grad_fn=<MseLossBackward0>)",
7260,1.9920969009399414,9.04018497467041,0.0,0.06847941130399704,"tensor(0.2372, grad_fn=<MseLossBackward0>)",
7261,2.017369270324707,10.027138710021973,0.0,0.06739848107099533,"tensor(0.3090, grad_fn=<MseLossBackward0>)",
7262,2.1195812225341797,8.863019943237305,0.00705478573217988,0.05780015140771866,"tensor(0.4518, grad_fn=<MseLossBackward0>)",
7263,2.944011688232422,8.633776664733887,0.0052878460846841335,0.10282470285892487,"tensor(0.2152, grad_fn=<MseLossBackward0>)",
7264,3.6943798065185547,9.77040958404541,0.011202852241694927,0.12229230254888535,"tensor(0.3234, grad_fn=<MseLossBackward0>)",
7265,3.821962356567383,9.820365905761719,0.08502636104822159,0.05705844610929489,"tensor(0.2355, grad_fn=<MseLossBackward0>)",
7266,1.7937917709350586,7.669082164764404,0.021297156810760498,0.037856943905353546,"tensor(0.2713, grad_fn=<MseLossBackward0>)",
7267,5.061081886291504,10.27285385131836,0.06311774253845215,0.12594175338745117,"tensor(0.3026, grad_fn=<MseLossBackward0>)",
7268,2.5600762367248535,7.237027168273926,0.05817810818552971,0.0326773077249527,"tensor(0.2720, grad_fn=<MseLossBackward0>)",
7269,8.707942008972168,9.090803146362305,0.19857868552207947,0.13901865482330322,"tensor(0.2473, grad_fn=<MseLossBackward0>)",
7270,3.385891914367676,8.745325088500977,0.04464763402938843,0.07955516874790192,"tensor(0.2523, grad_fn=<MseLossBackward0>)",
7271,3.6109790802001953,8.65001106262207,0.055131834000349045,0.07719169557094574,"tensor(0.2479, grad_fn=<MseLossBackward0>)",
7272,2.121389389038086,9.800260543823242,0.0,0.0701422467827797,"tensor(0.3501, grad_fn=<MseLossBackward0>)",
7273,4.727109909057617,9.113154411315918,0.07174503803253174,0.10071729123592377,"tensor(0.3975, grad_fn=<MseLossBackward0>)",
7274,4.257043838500977,9.80828857421875,0.08974858373403549,0.07030612975358963,"tensor(0.2303, grad_fn=<MseLossBackward0>)",
7275,5.413477897644043,10.325843811035156,0.1284661442041397,0.07037533074617386,"tensor(0.4116, grad_fn=<MseLossBackward0>)",
7276,2.4662561416625977,8.382791519165039,0.04762623831629753,0.03287821635603905,"tensor(0.4328, grad_fn=<MseLossBackward0>)",
7277,10.083497047424316,9.50584888458252,0.07547257095575333,0.3133452534675598,"tensor(0.3412, grad_fn=<MseLossBackward0>)",
7278,7.701777458190918,11.244274139404297,0.0548962764441967,0.23449991643428802,"tensor(0.4483, grad_fn=<MseLossBackward0>)",
7279,1.7681770324707031,9.775107383728027,0.015507658012211323,0.03654564172029495,"tensor(0.4498, grad_fn=<MseLossBackward0>)",
7280,3.7462244033813477,10.192991256713867,0.07473906129598618,0.055508118122816086,"tensor(0.4770, grad_fn=<MseLossBackward0>)",
7281,7.42209529876709,10.43193531036377,0.11601036787033081,0.16785864531993866,"tensor(0.3110, grad_fn=<MseLossBackward0>)",
7282,1.1364574432373047,10.334985733032227,0.014501352794468403,0.021521996706724167,"tensor(0.2106, grad_fn=<MseLossBackward0>)",
7283,3.3134021759033203,10.62595272064209,0.08398401737213135,0.03399500623345375,"tensor(0.3414, grad_fn=<MseLossBackward0>)",
7284,6.9431352615356445,8.719776153564453,0.058474380522966385,0.20269154012203217,"tensor(0.3894, grad_fn=<MseLossBackward0>)",
7285,2.833860397338867,10.17904281616211,0.046416979283094406,0.05087147653102875,"tensor(0.3436, grad_fn=<MseLossBackward0>)",
7286,1.457383155822754,11.050089836120605,0.0,0.03918513283133507,"tensor(0.4505, grad_fn=<MseLossBackward0>)",
7287,8.727481842041016,7.928421974182129,0.08356672525405884,0.25223875045776367,"tensor(0.2973, grad_fn=<MseLossBackward0>)",
7288,1.6307792663574219,9.58349323272705,0.010994811542332172,0.039115291088819504,"tensor(0.3553, grad_fn=<MseLossBackward0>)",
7289,4.740299224853516,9.844304084777832,0.0,0.17312739789485931,"tensor(0.3589, grad_fn=<MseLossBackward0>)",
7290,0.8186883926391602,10.351163864135742,0.0,0.01371012907475233,"tensor(0.4301, grad_fn=<MseLossBackward0>)",
7291,1.5479869842529297,9.213311195373535,0.0,0.046523671597242355,"tensor(0.3590, grad_fn=<MseLossBackward0>)",
7292,2.5967044830322266,9.888448715209961,0.008251647464931011,0.08330721408128738,"tensor(0.2701, grad_fn=<MseLossBackward0>)",
7293,4.194431304931641,10.207602500915527,0.06043750047683716,0.09178636968135834,"tensor(0.3382, grad_fn=<MseLossBackward0>)",
7294,9.615739822387695,7.49560022354126,0.024568378925323486,0.3499966263771057,"tensor(0.2164, grad_fn=<MseLossBackward0>)",
7295,2.439607620239258,8.686554908752441,0.0,0.08529272675514221,"tensor(0.2538, grad_fn=<MseLossBackward0>)",
7296,2.461589813232422,10.324867248535156,0.0,0.08476588129997253,"tensor(0.3147, grad_fn=<MseLossBackward0>)",
7297,4.122443199157715,8.511741638183594,0.06818999350070953,0.08050580322742462,"tensor(0.3741, grad_fn=<MseLossBackward0>)",
7298,2.269829273223877,7.355891227722168,0.012930910103023052,0.058242592960596085,"tensor(0.4632, grad_fn=<MseLossBackward0>)",
7299,6.352046012878418,8.121249198913574,0.11846252530813217,0.11618058383464813,"tensor(0.4645, grad_fn=<MseLossBackward0>)",
7300,4.507972717285156,8.487959861755371,0.11045609414577484,0.05614627152681351,"tensor(0.3135, grad_fn=<MseLossBackward0>)",
7301,0.9764871597290039,9.665539741516113,0.0,0.02198411151766777,"tensor(0.4008, grad_fn=<MseLossBackward0>)",
7302,2.7677955627441406,8.710893630981445,0.026075681671500206,0.07103990763425827,"tensor(0.3144, grad_fn=<MseLossBackward0>)",
7303,1.731846809387207,8.747026443481445,0.003558258293196559,0.05010123923420906,"tensor(0.3633, grad_fn=<MseLossBackward0>)",
7304,2.9512929916381836,8.619675636291504,0.02932637929916382,0.0691729485988617,"tensor(0.4665, grad_fn=<MseLossBackward0>)",
7305,2.1539392471313477,9.062478065490723,0.0,0.07597018033266068,"tensor(0.2225, grad_fn=<MseLossBackward0>)",
7306,5.58965539932251,7.913029670715332,0.032367825508117676,0.17316880822181702,"tensor(0.4290, grad_fn=<MseLossBackward0>)",
7307,5.912753105163574,8.219449043273926,0.20053476095199585,0.023010995239019394,"tensor(0.2925, grad_fn=<MseLossBackward0>)",
7308,5.808874130249023,9.194764137268066,0.04473588615655899,0.1726219803094864,"tensor(0.3528, grad_fn=<MseLossBackward0>)",
7309,3.141800880432129,9.038825035095215,0.0739641785621643,0.03946225345134735,"tensor(0.2745, grad_fn=<MseLossBackward0>)",
7310,0.9551076889038086,8.119359016418457,0.007789453025907278,0.013882741332054138,"tensor(0.3879, grad_fn=<MseLossBackward0>)",
7311,0.601771354675293,9.569896697998047,0.0,0.011423817835748196,"tensor(0.2677, grad_fn=<MseLossBackward0>)",
7312,1.5216741561889648,9.663029670715332,0.032674986869096756,0.01856735348701477,"tensor(0.1956, grad_fn=<MseLossBackward0>)",
7313,2.0298690795898438,9.25639533996582,0.021336257457733154,0.04696545749902725,"tensor(0.2952, grad_fn=<MseLossBackward0>)",
7314,5.178814888000488,8.42313289642334,0.10865678638219833,0.08437924832105637,"tensor(0.3174, grad_fn=<MseLossBackward0>)",
7315,1.1727170944213867,9.35167121887207,0.019205233082175255,0.012184126302599907,"tensor(0.3261, grad_fn=<MseLossBackward0>)",
7316,1.9434871673583984,10.018616676330566,0.027016958221793175,0.034518763422966,"tensor(0.3639, grad_fn=<MseLossBackward0>)",
7317,3.979952812194824,10.399307250976562,0.0,0.1446918398141861,"tensor(0.3333, grad_fn=<MseLossBackward0>)",
7318,2.920477867126465,10.89503288269043,0.031049231067299843,0.0620737187564373,"tensor(0.5195, grad_fn=<MseLossBackward0>)",
7319,24.33690071105957,9.119598388671875,0.05065743252635002,0.9079417586326599,"tensor(0.3160, grad_fn=<MseLossBackward0>)",
7320,4.469001770019531,9.599763870239258,0.02699369192123413,0.1321919709444046,"tensor(0.4372, grad_fn=<MseLossBackward0>)",
7321,5.050128936767578,10.990277290344238,0.02818753384053707,0.1584724336862564,"tensor(0.3353, grad_fn=<MseLossBackward0>)",
7322,4.892782211303711,11.745057106018066,0.019240399822592735,0.15679246187210083,"tensor(0.4428, grad_fn=<MseLossBackward0>)",
7323,1.9239168167114258,10.60453987121582,0.0,0.05559436231851578,"tensor(0.5012, grad_fn=<MseLossBackward0>)",
7324,3.427401542663574,11.844948768615723,0.0,0.1218513622879982,"tensor(0.3562, grad_fn=<MseLossBackward0>)",
7325,3.3146066665649414,11.02992057800293,0.037493348121643066,0.07834572345018387,"tensor(0.3731, grad_fn=<MseLossBackward0>)",
7326,8.348654747009277,11.653570175170898,0.05383552983403206,0.26601243019104004,"tensor(0.2861, grad_fn=<MseLossBackward0>)",
7327,3.1851797103881836,9.373990058898926,0.027026990428566933,0.08477361500263214,"tensor(0.3495, grad_fn=<MseLossBackward0>)",
7328,3.713137626647949,9.759782791137695,0.0,0.1413702368736267,"tensor(0.1384, grad_fn=<MseLossBackward0>)",
7329,1.6448240280151367,9.649551391601562,0.0,0.05160330981016159,"tensor(0.3175, grad_fn=<MseLossBackward0>)",
7330,3.5892858505249023,8.929319381713867,0.04938962310552597,0.07732915878295898,"tensor(0.3571, grad_fn=<MseLossBackward0>)",
7331,2.737985610961914,9.508989334106445,0.05502120777964592,0.03972349688410759,"tensor(0.3256, grad_fn=<MseLossBackward0>)",
7332,5.102897644042969,9.07561206817627,0.09373757988214493,0.09348379075527191,"tensor(0.3643, grad_fn=<MseLossBackward0>)",
7333,7.491823196411133,9.085689544677734,0.13834615051746368,0.14842092990875244,"tensor(0.2936, grad_fn=<MseLossBackward0>)",
7334,5.984338760375977,9.38991641998291,0.09476872533559799,0.13267987966537476,"tensor(0.2636, grad_fn=<MseLossBackward0>)",
7335,1.5509319305419922,9.474589347839355,0.021394968032836914,0.02521241456270218,"tensor(0.3382, grad_fn=<MseLossBackward0>)",
7336,3.7140893936157227,9.997742652893066,0.0424833707511425,0.09390367567539215,"tensor(0.2649, grad_fn=<MseLossBackward0>)",
7337,2.3636484146118164,8.239127159118652,0.07179343700408936,0.011762358248233795,"tensor(0.2505, grad_fn=<MseLossBackward0>)",
7338,1.9127836227416992,9.564570426940918,0.007831712253391743,0.05054153501987457,"tensor(0.4209, grad_fn=<MseLossBackward0>)",
7339,4.468656539916992,9.833568572998047,0.08953982591629028,0.07870025187730789,"tensor(0.2367, grad_fn=<MseLossBackward0>)",
7340,5.700610160827637,8.568375587463379,0.0,0.20954963564872742,"tensor(0.4309, grad_fn=<MseLossBackward0>)",
7341,1.9163761138916016,8.930105209350586,0.024751901626586914,0.040264200419187546,"tensor(0.2730, grad_fn=<MseLossBackward0>)",
7342,7.6046905517578125,9.593311309814453,0.13022840023040771,0.1602933704853058,"tensor(0.2996, grad_fn=<MseLossBackward0>)",
7343,4.374734878540039,9.958772659301758,0.04234061762690544,0.11690691113471985,"tensor(0.3527, grad_fn=<MseLossBackward0>)",
7344,9.958245277404785,8.43421745300293,0.1160740852355957,0.2710171341896057,"tensor(0.2367, grad_fn=<MseLossBackward0>)",
7345,5.427553176879883,10.78354263305664,0.0,0.20062513649463654,"tensor(0.3257, grad_fn=<MseLossBackward0>)",
7346,4.725106239318848,10.507492065429688,0.033560413867235184,0.14509141445159912,"tensor(0.1736, grad_fn=<MseLossBackward0>)",
7347,10.625075340270996,8.126396179199219,0.09986680746078491,0.3114510774612427,"tensor(0.2975, grad_fn=<MseLossBackward0>)",
7348,3.834514617919922,9.414396286010742,0.06865286827087402,0.06820075213909149,"tensor(0.3807, grad_fn=<MseLossBackward0>)",
7349,7.332476615905762,9.172985076904297,0.0,0.2812080979347229,"tensor(0.2539, grad_fn=<MseLossBackward0>)",
7350,5.19072151184082,8.889564514160156,0.017239928245544434,0.1760387271642685,"tensor(0.3331, grad_fn=<MseLossBackward0>)",
7351,1.7920551300048828,9.851568222045898,0.0032075047492980957,0.05442124232649803,"tensor(0.3254, grad_fn=<MseLossBackward0>)",
7352,1.2166318893432617,9.057402610778809,0.018200457096099854,0.020405270159244537,"tensor(0.2311, grad_fn=<MseLossBackward0>)",
7353,3.0371017456054688,9.454262733459473,0.06766676902770996,0.04037433862686157,"tensor(0.3058, grad_fn=<MseLossBackward0>)",
7354,3.178652763366699,10.392906188964844,0.06704741716384888,0.04557988420128822,"tensor(0.3537, grad_fn=<MseLossBackward0>)",
7355,3.3857107162475586,10.225049018859863,0.03435472771525383,0.08085032552480698,"tensor(0.4764, grad_fn=<MseLossBackward0>)",
7356,1.6891260147094727,8.461727142333984,0.0,0.053759753704071045,"tensor(0.3126, grad_fn=<MseLossBackward0>)",
7357,3.9484100341796875,10.270827293395996,0.09529934078454971,0.04311460256576538,"tensor(0.4786, grad_fn=<MseLossBackward0>)",
7358,3.5864667892456055,10.249820709228516,0.078424371778965,0.054433323442935944,"tensor(0.2507, grad_fn=<MseLossBackward0>)",
7359,3.642144203186035,10.207313537597656,0.09218116104602814,0.04139437526464462,"tensor(0.2891, grad_fn=<MseLossBackward0>)",
7360,6.225680351257324,12.00107479095459,0.13495592772960663,0.1011972427368164,"tensor(0.3016, grad_fn=<MseLossBackward0>)",
7361,2.7606945037841797,11.006508827209473,0.047739289700984955,0.04914917051792145,"tensor(0.3121, grad_fn=<MseLossBackward0>)",
7362,4.313187599182129,10.938661575317383,0.03802776336669922,0.11321362853050232,"tensor(0.5081, grad_fn=<MseLossBackward0>)",
7363,2.158651351928711,12.879742622375488,0.008538524620234966,0.06723681092262268,"tensor(0.2277, grad_fn=<MseLossBackward0>)",
7364,1.716792106628418,9.577259063720703,0.006952365394681692,0.048406168818473816,"tensor(0.3146, grad_fn=<MseLossBackward0>)",
7365,4.5754899978637695,10.213912963867188,0.0,0.16872115433216095,"tensor(0.3418, grad_fn=<MseLossBackward0>)",
7366,7.25324821472168,11.223301887512207,0.0973254069685936,0.17791804671287537,"tensor(0.3157, grad_fn=<MseLossBackward0>)",
7367,2.657649040222168,11.413588523864746,0.0,0.08935866504907608,"tensor(0.3914, grad_fn=<MseLossBackward0>)",
7368,6.8834991455078125,11.395963668823242,0.11905286461114883,0.1421201080083847,"tensor(0.3074, grad_fn=<MseLossBackward0>)",
7369,7.307944297790527,11.386853218078613,0.01978876255452633,0.2524524927139282,"tensor(0.4664, grad_fn=<MseLossBackward0>)",
7370,5.732132911682129,10.333003044128418,0.011211792938411236,0.2051343470811844,"tensor(0.2974, grad_fn=<MseLossBackward0>)",
7371,2.5128793716430664,9.96065902709961,0.05341039225459099,0.034919433295726776,"tensor(0.2823, grad_fn=<MseLossBackward0>)",
7372,3.5171985626220703,9.522424697875977,0.03308814764022827,0.08727244287729263,"tensor(0.4830, grad_fn=<MseLossBackward0>)",
7373,5.964961051940918,10.910304069519043,0.05309377238154411,0.1699424535036087,"tensor(0.3586, grad_fn=<MseLossBackward0>)",
7374,3.7376346588134766,9.10727596282959,0.0,0.12963131070137024,"tensor(0.4539, grad_fn=<MseLossBackward0>)",
7375,2.8732528686523438,8.532272338867188,0.0433257631957531,0.0591147318482399,"tensor(0.2838, grad_fn=<MseLossBackward0>)",
7376,2.080392837524414,8.651354789733887,0.0,0.06710091233253479,"tensor(0.3654, grad_fn=<MseLossBackward0>)",
7377,8.205998420715332,8.177740097045898,0.03859557583928108,0.27122804522514343,"tensor(0.3833, grad_fn=<MseLossBackward0>)",
7378,6.259137153625488,8.291877746582031,0.01737886667251587,0.22104008495807648,"tensor(0.2653, grad_fn=<MseLossBackward0>)",
7379,9.821088790893555,7.3475847244262695,0.030254444107413292,0.347601979970932,"tensor(0.3409, grad_fn=<MseLossBackward0>)",
7380,2.9557671546936035,7.999547481536865,0.020152270793914795,0.08202092349529266,"tensor(0.3678, grad_fn=<MseLossBackward0>)",
7381,4.128954887390137,8.467720031738281,0.0,0.15176185965538025,"tensor(0.2710, grad_fn=<MseLossBackward0>)",
7382,1.1352043151855469,7.8312201499938965,0.0,0.03450082987546921,"tensor(0.2526, grad_fn=<MseLossBackward0>)",
7383,3.316351890563965,7.878570556640625,0.024424394592642784,0.09399782121181488,"tensor(0.2793, grad_fn=<MseLossBackward0>)",
7384,2.2424302101135254,7.989421844482422,0.030952414497733116,0.045861538499593735,"tensor(0.3090, grad_fn=<MseLossBackward0>)",
7385,4.636399269104004,8.491254806518555,0.11664287745952606,0.055335916578769684,"tensor(0.3162, grad_fn=<MseLossBackward0>)",
7386,4.950104713439941,8.617220878601074,0.11260054260492325,0.07533229142427444,"tensor(0.2067, grad_fn=<MseLossBackward0>)",
7387,5.447264194488525,7.822537422180176,0.11116085201501846,0.0965544730424881,"tensor(0.2266, grad_fn=<MseLossBackward0>)",
7388,4.140708923339844,7.410956382751465,0.12670913338661194,0.02753574401140213,"tensor(0.2579, grad_fn=<MseLossBackward0>)",
7389,6.005853176116943,7.504310607910156,0.14900334179401398,0.08124285191297531,"tensor(0.2378, grad_fn=<MseLossBackward0>)",
7390,3.0262441635131836,8.217226028442383,0.08320526033639908,0.02627137117087841,"tensor(0.2667, grad_fn=<MseLossBackward0>)",
7391,5.740751266479492,7.773804187774658,0.13252629339694977,0.08433899283409119,"tensor(0.3007, grad_fn=<MseLossBackward0>)",
7392,8.728476524353027,8.040828704833984,0.16556356847286224,0.1658908575773239,"tensor(0.4250, grad_fn=<MseLossBackward0>)",
7393,1.6638259887695312,8.04015064239502,0.018412014469504356,0.03602001816034317,"tensor(0.2797, grad_fn=<MseLossBackward0>)",
7394,1.882345199584961,8.819713592529297,0.004912575241178274,0.05788489431142807,"tensor(0.2850, grad_fn=<MseLossBackward0>)",
7395,1.3364477157592773,8.226366996765137,0.0,0.035509735345840454,"tensor(0.4197, grad_fn=<MseLossBackward0>)",
7396,5.287457466125488,9.678586959838867,0.02205570600926876,0.17300112545490265,"tensor(0.3725, grad_fn=<MseLossBackward0>)",
7397,2.2728166580200195,9.347265243530273,0.0,0.08127591758966446,"tensor(0.1853, grad_fn=<MseLossBackward0>)",
7398,4.689871788024902,8.587660789489746,0.06448139995336533,0.1096331775188446,"tensor(0.3041, grad_fn=<MseLossBackward0>)",
7399,0.48787498474121094,8.8760986328125,0.0,0.00770596694201231,"tensor(0.2403, grad_fn=<MseLossBackward0>)",
7400,2.6410226821899414,9.81081771850586,0.0,0.08781439065933228,"tensor(0.3797, grad_fn=<MseLossBackward0>)",
7401,3.518723487854004,8.524778366088867,0.06251998990774155,0.06829514354467392,"tensor(0.1783, grad_fn=<MseLossBackward0>)",
7402,3.4759445190429688,8.7062406539917,0.02626436948776245,0.09834685176610947,"tensor(0.2903, grad_fn=<MseLossBackward0>)",
7403,2.893832206726074,8.80300235748291,0.06886035203933716,0.034382712095975876,"tensor(0.2655, grad_fn=<MseLossBackward0>)",
7404,2.564851760864258,9.815814971923828,0.0,0.09013642370700836,"tensor(0.2753, grad_fn=<MseLossBackward0>)",
7405,2.0226640701293945,10.100821495056152,0.0,0.06357452273368835,"tensor(0.3968, grad_fn=<MseLossBackward0>)",
7406,6.0138702392578125,11.0155029296875,0.0,0.22257205843925476,"tensor(0.3701, grad_fn=<MseLossBackward0>)",
7407,3.2782955169677734,9.344026565551758,0.06572296470403671,0.050949253141880035,"tensor(0.3144, grad_fn=<MseLossBackward0>)",
7408,0.63446044921875,10.105685234069824,0.0017445882549509406,0.010762600228190422,"tensor(0.2752, grad_fn=<MseLossBackward0>)",
7409,1.954054832458496,10.678837776184082,0.0,0.06537003070116043,"tensor(0.2696, grad_fn=<MseLossBackward0>)",
7410,9.440289497375488,9.049759864807129,0.08989807218313217,0.2728825807571411,"tensor(0.3280, grad_fn=<MseLossBackward0>)",
7411,3.222996711730957,10.671392440795898,0.04441589117050171,0.06477519869804382,"tensor(0.4364, grad_fn=<MseLossBackward0>)",
7412,6.694729804992676,9.871538162231445,0.10144952684640884,0.15385298430919647,"tensor(0.2801, grad_fn=<MseLossBackward0>)",
7413,2.5306010246276855,7.810220718383789,0.052734892815351486,0.03509468212723732,"tensor(0.2799, grad_fn=<MseLossBackward0>)",
7414,5.712888717651367,8.729141235351562,0.0,0.21476846933364868,"tensor(0.2751, grad_fn=<MseLossBackward0>)",
7415,4.443573951721191,9.83062744140625,0.0020043253898620605,0.15717537701129913,"tensor(0.4287, grad_fn=<MseLossBackward0>)",
7416,4.802247047424316,8.22177791595459,0.10129678249359131,0.07681094110012054,"tensor(0.3123, grad_fn=<MseLossBackward0>)",
7417,5.078094005584717,7.397423267364502,0.006801684852689505,0.18301746249198914,"tensor(0.3133, grad_fn=<MseLossBackward0>)",
7418,2.097574234008789,8.035568237304688,0.01181067992001772,0.05406072363257408,"tensor(0.4192, grad_fn=<MseLossBackward0>)",
7419,2.044708728790283,7.809771537780762,0.0,0.07185061275959015,"tensor(0.2104, grad_fn=<MseLossBackward0>)",
7420,0.8214550018310547,8.878931999206543,0.002437293529510498,0.013795493170619011,"tensor(0.3728, grad_fn=<MseLossBackward0>)",
7421,3.122631072998047,8.527872085571289,0.029317954555153847,0.08316002786159515,"tensor(0.2811, grad_fn=<MseLossBackward0>)",
7422,3.879122257232666,7.41903829574585,0.0,0.14312200248241425,"tensor(0.2638, grad_fn=<MseLossBackward0>)",
7423,4.044857978820801,8.632429122924805,0.05698684975504875,0.08988425135612488,"tensor(0.3411, grad_fn=<MseLossBackward0>)",
7424,3.6430792808532715,7.860548973083496,0.09340786933898926,0.04006742686033249,"tensor(0.2454, grad_fn=<MseLossBackward0>)",
7425,3.3139185905456543,7.3701910972595215,0.07092752307653427,0.04760260507464409,"tensor(0.3241, grad_fn=<MseLossBackward0>)",
7426,2.223696708679199,8.023225784301758,0.044270336627960205,0.0313279964029789,"tensor(0.2975, grad_fn=<MseLossBackward0>)",
7427,2.6758909225463867,8.180431365966797,0.0,0.08876770734786987,"tensor(0.4290, grad_fn=<MseLossBackward0>)",
7428,2.5272130966186523,8.478081703186035,0.049065567553043365,0.03798912093043327,"tensor(0.3121, grad_fn=<MseLossBackward0>)",
7429,1.7866935729980469,9.372118949890137,0.006085535045713186,0.05134885758161545,"tensor(0.2868, grad_fn=<MseLossBackward0>)",
7430,9.168251991271973,8.41198444366455,0.13059450685977936,0.22350040078163147,"tensor(0.2864, grad_fn=<MseLossBackward0>)",
7431,2.2325916290283203,10.346406936645508,0.0019085804233327508,0.07122121751308441,"tensor(0.3538, grad_fn=<MseLossBackward0>)",
7432,2.3758888244628906,9.911874771118164,0.04295496270060539,0.04181941971182823,"tensor(0.2330, grad_fn=<MseLossBackward0>)",
7433,6.342443466186523,10.56724739074707,0.15312208235263824,0.08520621806383133,"tensor(0.3569, grad_fn=<MseLossBackward0>)",
7434,3.6319360733032227,12.938533782958984,0.031776826828718185,0.09839281439781189,"tensor(0.3488, grad_fn=<MseLossBackward0>)",
7435,6.430237770080566,11.109147071838379,0.1344253420829773,0.10548469424247742,"tensor(0.4129, grad_fn=<MseLossBackward0>)",
7436,1.5956487655639648,10.801459312438965,0.019703129306435585,0.026041703298687935,"tensor(0.4087, grad_fn=<MseLossBackward0>)",
7437,3.1231956481933594,11.18425178527832,0.02574610710144043,0.08296564966440201,"tensor(0.3732, grad_fn=<MseLossBackward0>)",
7438,6.207322120666504,11.901374816894531,0.09300615638494492,0.1329374611377716,"tensor(0.5333, grad_fn=<MseLossBackward0>)",
7439,3.087949752807617,11.916572570800781,0.0,0.10332003235816956,"tensor(0.4501, grad_fn=<MseLossBackward0>)",
7440,4.456430435180664,10.296813011169434,0.01520603895187378,0.14606787264347076,"tensor(0.3925, grad_fn=<MseLossBackward0>)",
7441,6.585314750671387,10.246066093444824,0.11468776315450668,0.1304754614830017,"tensor(0.3986, grad_fn=<MseLossBackward0>)",
7442,3.17134952545166,11.16443157196045,0.011683563701808453,0.10500224679708481,"tensor(0.2235, grad_fn=<MseLossBackward0>)",
7443,7.694727897644043,10.10367202758789,0.0,0.2908124029636383,"tensor(0.3770, grad_fn=<MseLossBackward0>)",
7444,7.060149192810059,9.185606002807617,0.0,0.2626742720603943,"tensor(0.4381, grad_fn=<MseLossBackward0>)",
7445,3.681640625,10.40143871307373,0.0,0.12737849354743958,"tensor(0.4569, grad_fn=<MseLossBackward0>)",
7446,3.776564598083496,8.904793739318848,0.0055710673332214355,0.12755100429058075,"tensor(0.4256, grad_fn=<MseLossBackward0>)",
7447,3.8578433990478516,8.951692581176758,0.0,0.14489977061748505,"tensor(0.1984, grad_fn=<MseLossBackward0>)",
7448,2.8228092193603516,9.49206829071045,0.04861629009246826,0.046664051711559296,"tensor(0.4038, grad_fn=<MseLossBackward0>)",
7449,5.120183944702148,10.14741325378418,0.04593445733189583,0.14658573269844055,"tensor(0.2944, grad_fn=<MseLossBackward0>)",
7450,4.53160285949707,8.961640357971191,0.10865068435668945,0.05145890265703201,"tensor(0.5096, grad_fn=<MseLossBackward0>)",
7451,0.8369865417480469,8.888541221618652,0.0,0.01761556975543499,"tensor(0.3759, grad_fn=<MseLossBackward0>)",
7452,2.2251968383789062,8.36125373840332,0.015875637531280518,0.05974290519952774,"tensor(0.3171, grad_fn=<MseLossBackward0>)",
7453,4.193394660949707,8.278238296508789,0.06442344188690186,0.09208468347787857,"tensor(0.2602, grad_fn=<MseLossBackward0>)",
7454,3.3043527603149414,8.335752487182617,0.028548836708068848,0.08947879076004028,"tensor(0.3381, grad_fn=<MseLossBackward0>)",
7455,3.8508148193359375,8.144413948059082,0.06180165335536003,0.08019663393497467,"tensor(0.2770, grad_fn=<MseLossBackward0>)",
7456,5.802323341369629,8.451218605041504,0.10897455364465714,0.10796144604682922,"tensor(0.3597, grad_fn=<MseLossBackward0>)",
7457,4.074228286743164,8.585926055908203,0.06450959295034409,0.08826174587011337,"tensor(0.2343, grad_fn=<MseLossBackward0>)",
7458,4.721500396728516,8.363417625427246,0.05222523212432861,0.11824784427881241,"tensor(0.4105, grad_fn=<MseLossBackward0>)",
7459,6.194908142089844,8.106440544128418,0.18100814521312714,0.05349605530500412,"tensor(0.3049, grad_fn=<MseLossBackward0>)",
7460,3.607600212097168,9.399222373962402,0.0,0.12353313714265823,"tensor(0.4394, grad_fn=<MseLossBackward0>)",
7461,3.61184024810791,8.50537395477295,0.016104916110634804,0.11868652701377869,"tensor(0.1786, grad_fn=<MseLossBackward0>)",
7462,4.831766605377197,6.900642395019531,0.07348938286304474,0.10474749654531479,"tensor(0.3165, grad_fn=<MseLossBackward0>)",
7463,4.890340805053711,7.079916954040527,0.033453285694122314,0.14649929106235504,"tensor(0.3542, grad_fn=<MseLossBackward0>)",
7464,3.249530792236328,7.78580904006958,0.025716206058859825,0.0866805911064148,"tensor(0.3952, grad_fn=<MseLossBackward0>)",
7465,5.538601398468018,7.9741339683532715,0.07943730056285858,0.12557341158390045,"tensor(0.3875, grad_fn=<MseLossBackward0>)",
7466,1.4893074035644531,7.621710777282715,0.0,0.04449651017785072,"tensor(0.3540, grad_fn=<MseLossBackward0>)",
7467,2.754302978515625,8.472451210021973,0.0054703750647604465,0.0824504941701889,"tensor(0.5258, grad_fn=<MseLossBackward0>)",
7468,2.317141532897949,8.31594467163086,0.017953118309378624,0.06406831741333008,"tensor(0.2371, grad_fn=<MseLossBackward0>)",
7469,8.123215675354004,9.964131355285645,0.05120372772216797,0.2579444646835327,"tensor(0.3386, grad_fn=<MseLossBackward0>)",
7470,3.925105094909668,8.756972312927246,0.01251934003084898,0.13132193684577942,"tensor(0.2949, grad_fn=<MseLossBackward0>)",
7471,4.951568603515625,8.571012496948242,0.08481857925653458,0.09935621917247772,"tensor(0.3126, grad_fn=<MseLossBackward0>)",
7472,2.715353012084961,8.640869140625,0.022452950477600098,0.0703212320804596,"tensor(0.3655, grad_fn=<MseLossBackward0>)",
7473,1.6911649703979492,9.087985038757324,0.002420365810394287,0.05156206339597702,"tensor(0.2991, grad_fn=<MseLossBackward0>)",
7474,8.213756561279297,9.311161994934082,0.0,0.31234487891197205,"tensor(0.3736, grad_fn=<MseLossBackward0>)",
7475,1.2298059463500977,8.351593017578125,0.004272738937288523,0.0306551456451416,"tensor(0.3382, grad_fn=<MseLossBackward0>)",
7476,6.602601051330566,10.186713218688965,0.0054087042808532715,0.23409424722194672,"tensor(0.5845, grad_fn=<MseLossBackward0>)",
7477,5.273179054260254,8.921088218688965,0.07642394304275513,0.11957241594791412,"tensor(0.3571, grad_fn=<MseLossBackward0>)",
7478,3.3847265243530273,8.684858322143555,0.08157099783420563,0.03735792636871338,"tensor(0.3985, grad_fn=<MseLossBackward0>)",
7479,5.526920318603516,8.947774887084961,0.02220553159713745,0.1898595243692398,"tensor(0.1816, grad_fn=<MseLossBackward0>)",
7480,2.5247182846069336,8.156879425048828,0.0,0.08644995093345642,"tensor(0.3349, grad_fn=<MseLossBackward0>)",
7481,4.201581954956055,9.79351806640625,0.1240050345659256,0.02928617224097252,"tensor(0.3436, grad_fn=<MseLossBackward0>)",
7482,1.529942512512207,9.111424446105957,0.0003857215342577547,0.04189806431531906,"tensor(0.4355, grad_fn=<MseLossBackward0>)",
7483,2.0021839141845703,9.146121978759766,0.0,0.06537512689828873,"tensor(0.3242, grad_fn=<MseLossBackward0>)",
7484,4.068331718444824,8.391719818115234,0.06479235738515854,0.0834842324256897,"tensor(0.3306, grad_fn=<MseLossBackward0>)",
7485,4.806273460388184,10.015714645385742,0.0075296759605407715,0.16804923117160797,"tensor(0.3718, grad_fn=<MseLossBackward0>)",
7486,2.069398880004883,9.111485481262207,0.02889571525156498,0.04279953986406326,"tensor(0.2550, grad_fn=<MseLossBackward0>)",
7487,1.7637262344360352,8.299997329711914,0.0,0.05995432287454605,"tensor(0.2451, grad_fn=<MseLossBackward0>)",
7488,3.5155019760131836,9.389883041381836,0.034993987530469894,0.08824953436851501,"tensor(0.3842, grad_fn=<MseLossBackward0>)",
7489,3.0138368606567383,8.503731727600098,0.028979558497667313,0.07865704596042633,"tensor(0.2369, grad_fn=<MseLossBackward0>)",
7490,10.416535377502441,8.818352699279785,0.031496208161115646,0.36948350071907043,"tensor(0.3549, grad_fn=<MseLossBackward0>)",
7491,3.8745737075805664,9.309432029724121,0.05864351987838745,0.08394118398427963,"tensor(0.2699, grad_fn=<MseLossBackward0>)",
7492,3.614468574523926,8.28776741027832,0.0013634363422170281,0.12890228629112244,"tensor(0.2879, grad_fn=<MseLossBackward0>)",
7493,1.6065573692321777,7.896040439605713,0.01038841437548399,0.041735149919986725,"tensor(0.2758, grad_fn=<MseLossBackward0>)",
7494,8.97658920288086,7.385462284088135,0.013777990825474262,0.3315216898918152,"tensor(0.2507, grad_fn=<MseLossBackward0>)",
7495,3.0190296173095703,7.1554789543151855,0.0992424488067627,0.013495804741978645,"tensor(0.1743, grad_fn=<MseLossBackward0>)",
7496,4.60097599029541,8.625541687011719,0.012728790752589703,0.15702302753925323,"tensor(0.3296, grad_fn=<MseLossBackward0>)",
7497,3.295015811920166,7.849270343780518,0.0,0.11692385375499725,"tensor(0.3200, grad_fn=<MseLossBackward0>)",
7498,4.754725456237793,8.747703552246094,0.028949836269021034,0.146797776222229,"tensor(0.3193, grad_fn=<MseLossBackward0>)",
7499,3.969675064086914,8.328834533691406,0.0,0.1359270066022873,"tensor(0.5258, grad_fn=<MseLossBackward0>)",
7500,3.4780354499816895,6.7649455070495605,0.08632739633321762,0.0398377925157547,"tensor(0.3018, grad_fn=<MseLossBackward0>)","[0.8126218914985657, 1.3264336585998535, 0.9561364054679871]"
7501,3.879138469696045,7.450440406799316,0.06171226501464844,0.07821886241436005,"tensor(0.3491, grad_fn=<MseLossBackward0>)",
7502,2.250617027282715,7.934889316558838,0.03977791592478752,0.03791135177016258,"tensor(0.2887, grad_fn=<MseLossBackward0>)",
7503,5.01647424697876,7.795213222503662,0.02459804154932499,0.16339847445487976,"tensor(0.2819, grad_fn=<MseLossBackward0>)",
7504,3.299057960510254,8.410286903381348,0.053778648376464844,0.06436027586460114,"tensor(0.2944, grad_fn=<MseLossBackward0>)",
7505,5.734196186065674,6.889791488647461,0.17550364136695862,0.04279208555817604,"tensor(0.2551, grad_fn=<MseLossBackward0>)",
7506,2.895639419555664,8.51971435546875,0.06189431622624397,0.04240976274013519,"tensor(0.2557, grad_fn=<MseLossBackward0>)",
7507,1.200324535369873,7.747310638427734,0.013686577789485455,0.022908762097358704,"tensor(0.2430, grad_fn=<MseLossBackward0>)",
7508,5.2888288497924805,8.807340621948242,0.06689421087503433,0.12695030868053436,"tensor(0.4205, grad_fn=<MseLossBackward0>)",
7509,8.627778053283691,8.14460563659668,0.06380115449428558,0.26358580589294434,"tensor(0.4211, grad_fn=<MseLossBackward0>)",
7510,4.368135452270508,8.4398775100708,0.08170771598815918,0.07929182797670364,"tensor(0.2945, grad_fn=<MseLossBackward0>)",
7511,5.984164237976074,8.261870384216309,0.17467238008975983,0.04424276202917099,"tensor(0.4728, grad_fn=<MseLossBackward0>)",
7512,11.975785255432129,9.266521453857422,0.003371338127180934,0.45840877294540405,"tensor(0.4058, grad_fn=<MseLossBackward0>)",
7513,4.278486251831055,9.656891822814941,0.014602701179683208,0.13523811101913452,"tensor(0.5067, grad_fn=<MseLossBackward0>)",
7514,4.423618316650391,9.682526588439941,0.054690081626176834,0.10714606195688248,"tensor(0.3282, grad_fn=<MseLossBackward0>)",
7515,3.9644699096679688,10.15966510772705,0.04165762662887573,0.10406126081943512,"tensor(0.2851, grad_fn=<MseLossBackward0>)",
7516,4.264986991882324,10.394732475280762,0.10395588725805283,0.055120036005973816,"tensor(0.2667, grad_fn=<MseLossBackward0>)",
7517,3.98494815826416,8.244534492492676,0.04666169360280037,0.09413135051727295,"tensor(0.4486, grad_fn=<MseLossBackward0>)",
7518,2.844912528991699,10.184781074523926,0.0,0.10123683512210846,"tensor(0.2899, grad_fn=<MseLossBackward0>)",
7519,4.252995491027832,9.847555160522461,0.07178153842687607,0.08140606433153152,"tensor(0.3561, grad_fn=<MseLossBackward0>)",
7520,3.4224729537963867,10.285674095153809,0.0,0.12196529656648636,"tensor(0.3457, grad_fn=<MseLossBackward0>)",
7521,3.3562192916870117,11.437139511108398,0.0,0.11806179583072662,"tensor(0.3859, grad_fn=<MseLossBackward0>)",
7522,1.7829828262329102,9.904278755187988,0.005274593830108643,0.050647299736738205,"tensor(0.3712, grad_fn=<MseLossBackward0>)",
7523,5.839200019836426,10.465673446655273,0.03302623704075813,0.18291747570037842,"tensor(0.4053, grad_fn=<MseLossBackward0>)",
7524,5.132768630981445,9.647259712219238,0.0812026858329773,0.10542354732751846,"tensor(0.4136, grad_fn=<MseLossBackward0>)",
7525,2.4739608764648438,10.650997161865234,0.006759166717529297,0.07696942985057831,"tensor(0.3459, grad_fn=<MseLossBackward0>)",
7526,2.903980255126953,10.401993751525879,0.0,0.10700879245996475,"tensor(0.2103, grad_fn=<MseLossBackward0>)",
7527,6.408412933349609,9.038165092468262,0.055462878197431564,0.1787964403629303,"tensor(0.5263, grad_fn=<MseLossBackward0>)",
7528,4.903109550476074,8.892447471618652,0.026722172275185585,0.15851110219955444,"tensor(0.2323, grad_fn=<MseLossBackward0>)",
7529,2.5304765701293945,9.870902061462402,0.049422044306993484,0.03758937865495682,"tensor(0.3233, grad_fn=<MseLossBackward0>)",
7530,2.8251562118530273,8.034292221069336,0.02875695563852787,0.07019314169883728,"tensor(0.3252, grad_fn=<MseLossBackward0>)",
7531,3.5739479064941406,9.399454116821289,0.07267051935195923,0.06224901229143143,"tensor(0.1807, grad_fn=<MseLossBackward0>)",
7532,4.017610549926758,8.894095420837402,0.08455321937799454,0.06508705765008926,"tensor(0.2456, grad_fn=<MseLossBackward0>)",
7533,0.8662595748901367,9.563616752624512,0.0,0.0210960041731596,"tensor(0.2926, grad_fn=<MseLossBackward0>)",
7534,1.9447078704833984,8.156503677368164,0.011028449051082134,0.05521006137132645,"tensor(0.2666, grad_fn=<MseLossBackward0>)",
7535,1.2339658737182617,8.841761589050293,0.0,0.03834019601345062,"tensor(0.2417, grad_fn=<MseLossBackward0>)",
7536,3.2599058151245117,9.472498893737793,0.053973518311977386,0.06322848051786423,"tensor(0.3119, grad_fn=<MseLossBackward0>)",
7537,2.653243064880371,9.449006080627441,0.044452786445617676,0.04569851979613304,"tensor(0.3730, grad_fn=<MseLossBackward0>)",
7538,3.4151134490966797,8.793776512145996,0.012031515128910542,0.11093446612358093,"tensor(0.2997, grad_fn=<MseLossBackward0>)",
7539,4.6852803230285645,7.767541885375977,0.015460331924259663,0.1568058580160141,"tensor(0.3600, grad_fn=<MseLossBackward0>)",
7540,2.831326961517334,8.028364181518555,0.026793956756591797,0.07436708360910416,"tensor(0.2201, grad_fn=<MseLossBackward0>)",
7541,7.812991142272949,8.094894409179688,0.0,0.30130425095558167,"tensor(0.2521, grad_fn=<MseLossBackward0>)",
7542,6.252179145812988,8.250044822692871,0.08142360299825668,0.15570639073848724,"tensor(0.2840, grad_fn=<MseLossBackward0>)",
7543,1.496708869934082,8.323958396911621,0.0,0.04767337441444397,"tensor(0.2791, grad_fn=<MseLossBackward0>)",
7544,1.8068437576293945,8.178118705749512,0.0023388464469462633,0.05766293406486511,"tensor(0.2705, grad_fn=<MseLossBackward0>)",
7545,2.8994345664978027,7.715631484985352,0.04170304536819458,0.06295444071292877,"tensor(0.2674, grad_fn=<MseLossBackward0>)",
7546,10.295696258544922,6.8543548583984375,0.16724857687950134,0.23471465706825256,"tensor(0.1912, grad_fn=<MseLossBackward0>)",
7547,5.643506050109863,8.96802043914795,0.06506605446338654,0.14689932763576508,"tensor(0.2958, grad_fn=<MseLossBackward0>)",
7548,2.602637767791748,7.732049942016602,0.02610931731760502,0.0663803294301033,"tensor(0.2616, grad_fn=<MseLossBackward0>)",
7549,2.77738618850708,7.292799949645996,0.05809440091252327,0.03504573553800583,"tensor(0.4345, grad_fn=<MseLossBackward0>)",
7550,4.246006965637207,9.055427551269531,0.02659962698817253,0.13013887405395508,"tensor(0.2792, grad_fn=<MseLossBackward0>)",
7551,4.3713059425354,7.954572677612305,0.04300526902079582,0.11658178269863129,"tensor(0.3294, grad_fn=<MseLossBackward0>)",
7552,2.235670566558838,7.5080461502075195,0.01571488380432129,0.061704784631729126,"tensor(0.2774, grad_fn=<MseLossBackward0>)",
7553,4.201018333435059,9.157632827758789,0.05794529244303703,0.09263353794813156,"tensor(0.4025, grad_fn=<MseLossBackward0>)",
7554,3.393305778503418,8.152352333068848,0.015105366706848145,0.10564188659191132,"tensor(0.3090, grad_fn=<MseLossBackward0>)",
7555,6.16965389251709,8.858000755310059,0.14967431128025055,0.08207996189594269,"tensor(0.3378, grad_fn=<MseLossBackward0>)",
7556,3.7390356063842773,8.46337604522705,0.03475866839289665,0.09823204576969147,"tensor(0.3840, grad_fn=<MseLossBackward0>)",
7557,3.2925124168395996,7.793842792510986,0.04440408945083618,0.07461877167224884,"tensor(0.2708, grad_fn=<MseLossBackward0>)",
7558,2.9283065795898438,7.556440353393555,0.007235626224428415,0.09798657149076462,"tensor(0.2575, grad_fn=<MseLossBackward0>)",
7559,1.1171741485595703,9.30284595489502,0.0,0.03521047905087471,"tensor(0.2048, grad_fn=<MseLossBackward0>)",
7560,3.416567325592041,7.459820747375488,0.011235833168029785,0.11371155083179474,"tensor(0.2671, grad_fn=<MseLossBackward0>)",
7561,3.0475759506225586,7.864242076873779,0.030794581398367882,0.08106335997581482,"tensor(0.2204, grad_fn=<MseLossBackward0>)",
7562,1.5940771102905273,8.035780906677246,0.0,0.05035065487027168,"tensor(0.3001, grad_fn=<MseLossBackward0>)",
7563,3.3382883071899414,8.057751655578613,0.08006022870540619,0.032102592289447784,"tensor(0.5124, grad_fn=<MseLossBackward0>)",
7564,1.482320785522461,10.41439437866211,0.0,0.04159744456410408,"tensor(0.3883, grad_fn=<MseLossBackward0>)",
7565,1.7380342483520508,9.572218894958496,0.010158558376133442,0.038292959332466125,"tensor(0.4629, grad_fn=<MseLossBackward0>)",
7566,6.460292816162109,8.281025886535645,0.14062154293060303,0.10354936867952347,"tensor(0.3019, grad_fn=<MseLossBackward0>)",
7567,3.143096923828125,8.157015800476074,0.08012042194604874,0.02622697688639164,"tensor(0.4196, grad_fn=<MseLossBackward0>)",
7568,1.5013914108276367,9.00779914855957,0.0,0.05064549297094345,"tensor(0.2115, grad_fn=<MseLossBackward0>)",
7569,5.04793643951416,9.615283012390137,0.04115857556462288,0.14204567670822144,"tensor(0.4369, grad_fn=<MseLossBackward0>)",
7570,1.7374238967895508,9.897380828857422,0.0,0.050213560461997986,"tensor(0.4092, grad_fn=<MseLossBackward0>)",
7571,2.6154446601867676,7.62921142578125,0.06414125114679337,0.02326389029622078,"tensor(0.3694, grad_fn=<MseLossBackward0>)",
7572,1.18511962890625,8.476457595825195,0.0035563905257731676,0.030962055549025536,"tensor(0.2927, grad_fn=<MseLossBackward0>)",
7573,1.6575183868408203,10.536713600158691,0.0,0.04946601390838623,"tensor(0.3760, grad_fn=<MseLossBackward0>)",
7574,6.201268196105957,8.882792472839355,0.026240507140755653,0.20544572174549103,"tensor(0.3730, grad_fn=<MseLossBackward0>)",
7575,5.4182353019714355,7.923732280731201,0.09413967281579971,0.11202161014080048,"tensor(0.2335, grad_fn=<MseLossBackward0>)",
7576,4.00946569442749,7.957394599914551,0.07131627947092056,0.07059946656227112,"tensor(0.4092, grad_fn=<MseLossBackward0>)",
7577,1.5578250885009766,9.578509330749512,0.030954459682106972,0.019113905727863312,"tensor(0.2763, grad_fn=<MseLossBackward0>)",
7578,1.1547651290893555,8.546625137329102,0.01141927670687437,0.024249320849776268,"tensor(0.2353, grad_fn=<MseLossBackward0>)",
7579,1.7499685287475586,9.302576065063477,0.0,0.052884526550769806,"tensor(0.3943, grad_fn=<MseLossBackward0>)",
7580,3.0819482803344727,8.66702651977539,0.03537112474441528,0.07175685465335846,"tensor(0.3643, grad_fn=<MseLossBackward0>)",
7581,2.0362586975097656,9.172593116760254,0.0,0.06420573592185974,"tensor(0.3907, grad_fn=<MseLossBackward0>)",
7582,3.8164167404174805,8.538979530334473,0.11715459823608398,0.015845363959670067,"tensor(0.4764, grad_fn=<MseLossBackward0>)",
7583,2.7739181518554688,8.724455833435059,0.010366837494075298,0.08881650865077972,"tensor(0.2627, grad_fn=<MseLossBackward0>)",
7584,4.402228355407715,9.285786628723145,0.030770162120461464,0.126930832862854,"tensor(0.4364, grad_fn=<MseLossBackward0>)",
7585,6.067325592041016,9.022788047790527,0.12941095232963562,0.10194824635982513,"tensor(0.2504, grad_fn=<MseLossBackward0>)",
7586,3.202390670776367,9.566150665283203,0.0,0.11486336588859558,"tensor(0.3087, grad_fn=<MseLossBackward0>)",
7587,3.147824287414551,10.334660530090332,0.02826392650604248,0.0812288224697113,"tensor(0.3875, grad_fn=<MseLossBackward0>)",
7588,3.8915891647338867,8.740067481994629,0.03921983763575554,0.10016897320747375,"tensor(0.3770, grad_fn=<MseLossBackward0>)",
7589,4.6659955978393555,9.703429222106934,0.0051580467261374,0.16658848524093628,"tensor(0.3179, grad_fn=<MseLossBackward0>)",
7590,3.3400354385375977,10.116730690002441,0.02530624344944954,0.09416167438030243,"tensor(0.2974, grad_fn=<MseLossBackward0>)",
7591,3.722076416015625,8.444838523864746,0.05641350895166397,0.07882582396268845,"tensor(0.2938, grad_fn=<MseLossBackward0>)",
7592,2.9764528274536133,9.32655143737793,0.013498961925506592,0.09118355065584183,"tensor(0.3194, grad_fn=<MseLossBackward0>)",
7593,6.215641021728516,10.653583526611328,0.04685519263148308,0.18602226674556732,"tensor(0.3540, grad_fn=<MseLossBackward0>)",
7594,1.4726572036743164,9.03010368347168,0.0062284269370138645,0.03499088063836098,"tensor(0.3899, grad_fn=<MseLossBackward0>)",
7595,3.898808479309082,9.55787181854248,0.0,0.140986829996109,"tensor(0.3304, grad_fn=<MseLossBackward0>)",
7596,5.763450622558594,9.057371139526367,0.0,0.2207041084766388,"tensor(0.2065, grad_fn=<MseLossBackward0>)",
7597,5.117063522338867,7.76149320602417,0.12204504013061523,0.07008744031190872,"tensor(0.2902, grad_fn=<MseLossBackward0>)",
7598,2.366361618041992,9.155385971069336,0.0,0.08222607523202896,"tensor(0.2726, grad_fn=<MseLossBackward0>)",
7599,3.7328882217407227,8.660589218139648,0.03538455441594124,0.09248647093772888,"tensor(0.4785, grad_fn=<MseLossBackward0>)",
7600,3.7548084259033203,7.6404547691345215,0.0,0.13927584886550903,"tensor(0.2389, grad_fn=<MseLossBackward0>)",
7601,1.8849735260009766,8.551916122436523,0.0,0.057245370000600815,"tensor(0.3977, grad_fn=<MseLossBackward0>)",
7602,2.1003236770629883,8.399693489074707,0.03350861743092537,0.030987020581960678,"tensor(0.4579, grad_fn=<MseLossBackward0>)",
7603,4.322961807250977,7.2521138191223145,0.1351407915353775,0.027640322223305702,"tensor(0.2320, grad_fn=<MseLossBackward0>)",
7604,4.095853805541992,7.770900249481201,0.02867891453206539,0.12445566058158875,"tensor(0.2295, grad_fn=<MseLossBackward0>)",
7605,4.75723934173584,8.208353042602539,0.1298513263463974,0.048998840153217316,"tensor(0.2622, grad_fn=<MseLossBackward0>)",
7606,5.120882987976074,8.891488075256348,0.011134703643620014,0.17565852403640747,"tensor(0.4026, grad_fn=<MseLossBackward0>)",
7607,2.956623077392578,8.174952507019043,0.0016493002185598016,0.10353180766105652,"tensor(0.2866, grad_fn=<MseLossBackward0>)",
7608,6.085976600646973,8.047922134399414,0.08531852066516876,0.1463070809841156,"tensor(0.2767, grad_fn=<MseLossBackward0>)",
7609,3.653857707977295,6.63148307800293,0.09560203552246094,0.038028158247470856,"tensor(0.2866, grad_fn=<MseLossBackward0>)",
7610,3.747544765472412,7.840709209442139,0.07419339567422867,0.05962909758090973,"tensor(0.3493, grad_fn=<MseLossBackward0>)",
7611,2.4964046478271484,7.159755706787109,0.03190072253346443,0.05647698789834976,"tensor(0.2494, grad_fn=<MseLossBackward0>)",
7612,3.714961051940918,8.630695343017578,0.0,0.13237252831459045,"tensor(0.3661, grad_fn=<MseLossBackward0>)",
7613,3.3632678985595703,7.960277557373047,0.07713261991739273,0.04271587356925011,"tensor(0.3400, grad_fn=<MseLossBackward0>)",
7614,6.379411697387695,7.705145359039307,0.0695480927824974,0.17348822951316833,"tensor(0.2775, grad_fn=<MseLossBackward0>)",
7615,2.2982864379882812,8.605154037475586,0.0,0.07647824287414551,"tensor(0.3464, grad_fn=<MseLossBackward0>)",
7616,1.4142789840698242,9.376442909240723,0.02168285846710205,0.02373114600777626,"tensor(0.2391, grad_fn=<MseLossBackward0>)",
7617,5.057102203369141,7.956550121307373,0.054695188999176025,0.1366589218378067,"tensor(0.2445, grad_fn=<MseLossBackward0>)",
7618,4.168362617492676,8.361405372619629,0.0949963927268982,0.06289773434400558,"tensor(0.1956, grad_fn=<MseLossBackward0>)",
7619,6.20311164855957,8.347500801086426,0.14143061637878418,0.09665685147047043,"tensor(0.2236, grad_fn=<MseLossBackward0>)",
7620,6.210692405700684,9.471156120300293,0.06548897176980972,0.1664341390132904,"tensor(0.3740, grad_fn=<MseLossBackward0>)",
7621,4.6471052169799805,9.612035751342773,0.021927496418356895,0.15042494237422943,"tensor(0.3054, grad_fn=<MseLossBackward0>)",
7622,5.318291664123535,9.334891319274902,0.11013615131378174,0.08565126359462738,"tensor(0.3859, grad_fn=<MseLossBackward0>)",
7623,4.024053573608398,10.70898151397705,0.03977171704173088,0.10934580862522125,"tensor(0.2566, grad_fn=<MseLossBackward0>)",
7624,1.723597526550293,9.69211483001709,0.00354766845703125,0.04815785214304924,"tensor(0.3991, grad_fn=<MseLossBackward0>)",
7625,9.600045204162598,10.092643737792969,0.012094736099243164,0.36004337668418884,"tensor(0.2593, grad_fn=<MseLossBackward0>)",
7626,2.1140804290771484,9.494013786315918,0.025789737701416016,0.0398290678858757,"tensor(0.4402, grad_fn=<MseLossBackward0>)",
7627,4.964511871337891,9.169944763183594,0.00559254502877593,0.17636722326278687,"tensor(0.3899, grad_fn=<MseLossBackward0>)",
7628,3.6446762084960938,9.807450294494629,0.041046518832445145,0.09270729124546051,"tensor(0.2714, grad_fn=<MseLossBackward0>)",
7629,4.402462005615234,11.075257301330566,0.0,0.15176904201507568,"tensor(0.5692, grad_fn=<MseLossBackward0>)",
7630,3.6539525985717773,10.804259300231934,0.030017158016562462,0.10552568733692169,"tensor(0.2322, grad_fn=<MseLossBackward0>)",
7631,1.5994081497192383,10.120001792907715,0.00540866469964385,0.04347400739789009,"tensor(0.3326, grad_fn=<MseLossBackward0>)",
7632,5.090354919433594,9.864988327026367,0.009737174026668072,0.17777615785598755,"tensor(0.3898, grad_fn=<MseLossBackward0>)",
7633,4.97067928314209,9.716526985168457,0.1341177076101303,0.052563875913619995,"tensor(0.2904, grad_fn=<MseLossBackward0>)",
7634,0.9179391860961914,10.298611640930176,0.0,0.021873556077480316,"tensor(0.3585, grad_fn=<MseLossBackward0>)",
7635,3.9104318618774414,10.487725257873535,0.10525832325220108,0.03444623574614525,"tensor(0.3910, grad_fn=<MseLossBackward0>)",
7636,5.113250732421875,9.806401252746582,0.13048826158046722,0.059065692126750946,"tensor(0.3484, grad_fn=<MseLossBackward0>)",
7637,3.1741466522216797,9.102269172668457,0.020908772945404053,0.09024399518966675,"tensor(0.3614, grad_fn=<MseLossBackward0>)",
7638,1.084686279296875,8.372288703918457,0.0,0.028971344232559204,"tensor(0.3399, grad_fn=<MseLossBackward0>)",
7639,3.5305566787719727,8.474996566772461,0.08699224144220352,0.040280964225530624,"tensor(0.3215, grad_fn=<MseLossBackward0>)",
7640,5.652505874633789,8.292251586914062,0.03847424313426018,0.16485407948493958,"tensor(0.5481, grad_fn=<MseLossBackward0>)",
7641,3.2741494178771973,7.543187141418457,0.08323001861572266,0.03353891149163246,"tensor(0.3383, grad_fn=<MseLossBackward0>)",
7642,3.550051212310791,7.0079731941223145,0.08134744316339493,0.043527472764253616,"tensor(0.3973, grad_fn=<MseLossBackward0>)",
7643,3.978036880493164,8.949637413024902,0.02536706067621708,0.11944600939750671,"tensor(0.3142, grad_fn=<MseLossBackward0>)",
7644,3.266077995300293,8.389037132263184,0.013504843227565289,0.102059505879879,"tensor(0.3573, grad_fn=<MseLossBackward0>)",
7645,4.253502368927002,7.980871677398682,0.07428792864084244,0.08305369317531586,"tensor(0.2511, grad_fn=<MseLossBackward0>)",
7646,2.455378532409668,8.257768630981445,0.023652970790863037,0.06219139322638512,"tensor(0.2845, grad_fn=<MseLossBackward0>)",
7647,5.786230564117432,7.447514057159424,0.10087752342224121,0.11335460841655731,"tensor(0.4102, grad_fn=<MseLossBackward0>)",
7648,3.473771095275879,10.183650016784668,0.03567437455058098,0.08860529959201813,"tensor(0.3287, grad_fn=<MseLossBackward0>)",
7649,2.294097900390625,8.44964599609375,0.04409080743789673,0.034722380340099335,"tensor(0.2740, grad_fn=<MseLossBackward0>)",
7650,3.466435432434082,8.492605209350586,0.0,0.1270131766796112,"tensor(0.2512, grad_fn=<MseLossBackward0>)",
7651,4.573735237121582,8.585763931274414,0.07941596210002899,0.09323113411664963,"tensor(0.2250, grad_fn=<MseLossBackward0>)",
7652,2.5436325073242188,8.4453125,0.031910497695207596,0.048341624438762665,"tensor(0.5202, grad_fn=<MseLossBackward0>)",
7653,2.5117321014404297,8.323509216308594,0.006190458778291941,0.08344544470310211,"tensor(0.2587, grad_fn=<MseLossBackward0>)",
7654,3.2011280059814453,8.935651779174805,0.032475948333740234,0.08220881223678589,"tensor(0.2977, grad_fn=<MseLossBackward0>)",
7655,5.449185371398926,7.47309684753418,0.06188090518116951,0.14545023441314697,"tensor(0.2386, grad_fn=<MseLossBackward0>)",
7656,7.203743934631348,9.811849594116211,0.17469839751720428,0.09690602123737335,"tensor(0.3767, grad_fn=<MseLossBackward0>)",
7657,6.3188982009887695,8.16398811340332,0.13755899667739868,0.10093977302312851,"tensor(0.3157, grad_fn=<MseLossBackward0>)",
7658,5.781890869140625,9.465727806091309,0.1424907147884369,0.07543182373046875,"tensor(0.3197, grad_fn=<MseLossBackward0>)",
7659,3.1388940811157227,8.972087860107422,0.06169559806585312,0.050459958612918854,"tensor(0.2854, grad_fn=<MseLossBackward0>)",
7660,4.03818416595459,9.24741268157959,0.025000054389238358,0.12060476839542389,"tensor(0.3616, grad_fn=<MseLossBackward0>)",
7661,2.170196533203125,10.556281089782715,0.0,0.07278696447610855,"tensor(0.3221, grad_fn=<MseLossBackward0>)",
7662,1.389409065246582,10.025850296020508,0.002974311588332057,0.03868783265352249,"tensor(0.3257, grad_fn=<MseLossBackward0>)",
7663,4.214122772216797,9.323343276977539,0.0,0.1471414417028427,"tensor(0.5174, grad_fn=<MseLossBackward0>)",
7664,2.4031553268432617,8.996511459350586,0.0,0.08180997520685196,"tensor(0.3324, grad_fn=<MseLossBackward0>)",
7665,6.267183303833008,8.498576164245605,0.130415141582489,0.1100475862622261,"tensor(0.1996, grad_fn=<MseLossBackward0>)",
7666,2.25284481048584,8.950211524963379,0.040254514664411545,0.03644164651632309,"tensor(0.2628, grad_fn=<MseLossBackward0>)",
7667,1.7114009857177734,8.40341567993164,0.015737831592559814,0.03666434809565544,"tensor(0.3672, grad_fn=<MseLossBackward0>)",
7668,2.6340837478637695,8.454679489135742,0.0,0.0927748829126358,"tensor(0.2932, grad_fn=<MseLossBackward0>)",
7669,1.0937070846557617,9.610218048095703,0.0,0.030061958357691765,"tensor(0.2873, grad_fn=<MseLossBackward0>)",
7670,3.5922698974609375,8.1900053024292,0.03234414383769035,0.0936673954129219,"tensor(0.4008, grad_fn=<MseLossBackward0>)",
7671,1.631596565246582,8.41273021697998,0.004776358604431152,0.041366059333086014,"tensor(0.4257, grad_fn=<MseLossBackward0>)",
7672,2.6348772048950195,8.690821647644043,0.0,0.09262178838253021,"tensor(0.2393, grad_fn=<MseLossBackward0>)",
7673,1.506258487701416,7.8724284172058105,0.03792043402791023,0.011191096156835556,"tensor(0.2481, grad_fn=<MseLossBackward0>)",
7674,3.893341064453125,9.656327247619629,0.05949673801660538,0.07866173982620239,"tensor(0.4151, grad_fn=<MseLossBackward0>)",
7675,3.5669870376586914,9.901713371276855,0.029798824340105057,0.09696696698665619,"tensor(0.3636, grad_fn=<MseLossBackward0>)",
7676,4.525900840759277,8.493730545043945,0.09357156604528427,0.07222776859998703,"tensor(0.3323, grad_fn=<MseLossBackward0>)",
7677,5.83698844909668,8.267719268798828,0.12577325105667114,0.09297765791416168,"tensor(0.3182, grad_fn=<MseLossBackward0>)",
7678,4.821916580200195,10.226024627685547,0.0944199189543724,0.07681052386760712,"tensor(0.4837, grad_fn=<MseLossBackward0>)",
7679,2.720653533935547,9.75045108795166,0.0,0.09046662598848343,"tensor(0.4294, grad_fn=<MseLossBackward0>)",
7680,2.458706855773926,10.544378280639648,0.006746212486177683,0.07494693249464035,"tensor(0.3781, grad_fn=<MseLossBackward0>)",
7681,2.2081127166748047,8.997315406799316,0.04789068177342415,0.02838033065199852,"tensor(0.2581, grad_fn=<MseLossBackward0>)",
7682,3.2936487197875977,9.056323051452637,0.019193610176444054,0.09687717258930206,"tensor(0.3565, grad_fn=<MseLossBackward0>)",
7683,3.1471643447875977,9.401103973388672,0.04520772024989128,0.0570625364780426,"tensor(0.5545, grad_fn=<MseLossBackward0>)",
7684,4.98164176940918,9.590738296508789,0.0,0.1777760088443756,"tensor(0.5141, grad_fn=<MseLossBackward0>)",
7685,7.873357772827148,9.164650917053223,0.08264511823654175,0.21751610934734344,"tensor(0.3407, grad_fn=<MseLossBackward0>)",
7686,2.5305089950561523,9.281671524047852,0.0,0.08055859059095383,"tensor(0.4600, grad_fn=<MseLossBackward0>)",
7687,1.3017854690551758,9.102594375610352,0.0,0.030768707394599915,"tensor(0.4898, grad_fn=<MseLossBackward0>)",
7688,1.7448110580444336,9.727609634399414,0.0,0.05432398244738579,"tensor(0.3505, grad_fn=<MseLossBackward0>)",
7689,2.439955711364746,9.167993545532227,0.06397447735071182,0.02253296598792076,"tensor(0.2466, grad_fn=<MseLossBackward0>)",
7690,4.384280204772949,8.255417823791504,0.11911468207836151,0.04184708744287491,"tensor(0.3071, grad_fn=<MseLossBackward0>)",
7691,3.5906686782836914,8.449138641357422,0.03186321258544922,0.09712839126586914,"tensor(0.3069, grad_fn=<MseLossBackward0>)",
7692,2.980396270751953,8.859731674194336,0.054894208908081055,0.04902412369847298,"tensor(0.3628, grad_fn=<MseLossBackward0>)",
7693,4.124725341796875,8.148086547851562,0.036399323493242264,0.10797886550426483,"tensor(0.4700, grad_fn=<MseLossBackward0>)",
7694,1.8566408157348633,8.925053596496582,0.018223842605948448,0.03984559327363968,"tensor(0.3640, grad_fn=<MseLossBackward0>)",
7695,2.234604835510254,8.319258689880371,0.0,0.07367263734340668,"tensor(0.3427, grad_fn=<MseLossBackward0>)",
7696,7.057099342346191,9.028095245361328,0.072313092648983,0.19374139606952667,"tensor(0.3663, grad_fn=<MseLossBackward0>)",
7697,2.848661422729492,8.360093116760254,0.05886002257466316,0.03998741880059242,"tensor(0.3387, grad_fn=<MseLossBackward0>)",
7698,0.9182214736938477,8.315156936645508,0.00447922945022583,0.009035624563694,"tensor(0.5400, grad_fn=<MseLossBackward0>)",
7699,4.698923587799072,7.2193217277526855,0.10042615234851837,0.07714851200580597,"tensor(0.2195, grad_fn=<MseLossBackward0>)",
7700,3.807788372039795,8.003925323486328,0.03422681614756584,0.10700444877147675,"tensor(0.2333, grad_fn=<MseLossBackward0>)",
7701,2.5880489349365234,7.486208438873291,0.057079095393419266,0.033564530313014984,"tensor(0.2971, grad_fn=<MseLossBackward0>)",
7702,4.684549331665039,7.625330924987793,0.07719644159078598,0.09484396129846573,"tensor(0.3575, grad_fn=<MseLossBackward0>)",
7703,2.660609722137451,7.787147045135498,0.03709155321121216,0.058070942759513855,"tensor(0.2368, grad_fn=<MseLossBackward0>)",
7704,2.642622947692871,8.500889778137207,0.0,0.09124098718166351,"tensor(0.3340, grad_fn=<MseLossBackward0>)",
7705,4.603079795837402,8.133232116699219,0.04137927293777466,0.1326974332332611,"tensor(0.2340, grad_fn=<MseLossBackward0>)",
7706,4.597145080566406,8.103166580200195,0.06621889024972916,0.09942325949668884,"tensor(0.4221, grad_fn=<MseLossBackward0>)",
7707,4.243661880493164,8.269706726074219,0.09986114501953125,0.051246337592601776,"tensor(0.4173, grad_fn=<MseLossBackward0>)",
7708,1.4824047088623047,8.721199035644531,0.011103232391178608,0.033966951072216034,"tensor(0.3187, grad_fn=<MseLossBackward0>)",
7709,5.134055137634277,8.171895980834961,0.05542810633778572,0.13488170504570007,"tensor(0.3505, grad_fn=<MseLossBackward0>)",
7710,5.298872947692871,9.55771255493164,0.08970030397176743,0.09825702011585236,"tensor(0.5663, grad_fn=<MseLossBackward0>)",
7711,2.654812812805176,8.928731918334961,0.0,0.08994007110595703,"tensor(0.3724, grad_fn=<MseLossBackward0>)",
7712,8.196678161621094,11.205602645874023,0.17503662407398224,0.1336970180273056,"tensor(0.4501, grad_fn=<MseLossBackward0>)",
7713,5.322503089904785,9.529799461364746,0.08527354151010513,0.1137927919626236,"tensor(0.3032, grad_fn=<MseLossBackward0>)",
7714,2.140348434448242,9.529876708984375,0.0,0.07750356942415237,"tensor(0.1834, grad_fn=<MseLossBackward0>)",
7715,0.8159713745117188,8.854523658752441,0.0,0.01936173066496849,"tensor(0.3117, grad_fn=<MseLossBackward0>)",
7716,2.4537506103515625,7.566105365753174,0.03826972097158432,0.040417011827230453,"tensor(0.4478, grad_fn=<MseLossBackward0>)",
7717,0.9405412673950195,9.733975410461426,0.0,0.024648796766996384,"tensor(0.2832, grad_fn=<MseLossBackward0>)",
7718,4.706611633300781,9.556983947753906,0.09437843412160873,0.08333331346511841,"tensor(0.2496, grad_fn=<MseLossBackward0>)",
7719,5.532212257385254,9.939774513244629,0.03025786019861698,0.17326444387435913,"tensor(0.4233, grad_fn=<MseLossBackward0>)",
7720,5.57138729095459,9.481459617614746,0.09581317007541656,0.10813401639461517,"tensor(0.4197, grad_fn=<MseLossBackward0>)",
7721,1.209834098815918,9.21445369720459,0.0,0.03338264673948288,"tensor(0.3368, grad_fn=<MseLossBackward0>)",
7722,4.832566261291504,8.222811698913574,0.0,0.17313411831855774,"tensor(0.4783, grad_fn=<MseLossBackward0>)",
7723,1.950531005859375,9.417069435119629,0.01708243228495121,0.04691309854388237,"tensor(0.3093, grad_fn=<MseLossBackward0>)",
7724,5.437223434448242,7.789670467376709,0.07457512617111206,0.13302412629127502,"tensor(0.2202, grad_fn=<MseLossBackward0>)",
7725,1.4361591339111328,8.698013305664062,0.0,0.04440762475132942,"tensor(0.3049, grad_fn=<MseLossBackward0>)",
7726,6.266354560852051,8.186781883239746,0.1884097009897232,0.0515596941113472,"tensor(0.2419, grad_fn=<MseLossBackward0>)",
7727,5.3551025390625,7.227555751800537,0.16293740272521973,0.04042106866836548,"tensor(0.2269, grad_fn=<MseLossBackward0>)",
7728,1.3806848526000977,10.396636009216309,0.025031745433807373,0.010858161374926567,"tensor(0.4662, grad_fn=<MseLossBackward0>)",
7729,2.9446239471435547,10.797409057617188,0.05121457576751709,0.049932658672332764,"tensor(0.3860, grad_fn=<MseLossBackward0>)",
7730,2.0200719833374023,10.489738464355469,0.042645614594221115,0.024538295343518257,"tensor(0.3074, grad_fn=<MseLossBackward0>)",
7731,0.5850791931152344,9.514052391052246,0.0008517702226527035,0.007198964711278677,"tensor(0.3547, grad_fn=<MseLossBackward0>)",
7732,4.461294174194336,10.320965766906738,0.08464883267879486,0.07438133656978607,"tensor(0.4637, grad_fn=<MseLossBackward0>)",
7733,2.8864221572875977,10.826202392578125,0.024407127872109413,0.0751381441950798,"tensor(0.3798, grad_fn=<MseLossBackward0>)",
7734,2.7482986450195312,9.927055358886719,0.019954025745391846,0.0730409100651741,"tensor(0.3974, grad_fn=<MseLossBackward0>)",
7735,3.893047332763672,10.39285659790039,0.0,0.13622601330280304,"tensor(0.4748, grad_fn=<MseLossBackward0>)",
7736,5.5253496170043945,10.31710147857666,0.008245249278843403,0.2021498829126358,"tensor(0.2087, grad_fn=<MseLossBackward0>)",
7737,5.198348045349121,11.165334701538086,0.06383693218231201,0.13534492254257202,"tensor(0.1872, grad_fn=<MseLossBackward0>)",
7738,3.3448734283447266,10.964868545532227,0.0,0.11473837494850159,"tensor(0.4484, grad_fn=<MseLossBackward0>)",
7739,1.7953500747680664,10.710721969604492,0.0,0.05393660441040993,"tensor(0.4078, grad_fn=<MseLossBackward0>)",
7740,2.243013381958008,12.81191349029541,0.0,0.07062509655952454,"tensor(0.4249, grad_fn=<MseLossBackward0>)",
7741,1.620194435119629,11.5404634475708,0.0,0.04702616110444069,"tensor(0.4130, grad_fn=<MseLossBackward0>)",
7742,3.0296363830566406,11.63146686553955,0.0014166831970214844,0.10612492263317108,"tensor(0.3237, grad_fn=<MseLossBackward0>)",
7743,7.175311088562012,11.464920997619629,0.0,0.2659255564212799,"tensor(0.4603, grad_fn=<MseLossBackward0>)",
7744,4.0067596435546875,10.789985656738281,0.0,0.14241081476211548,"tensor(0.4057, grad_fn=<MseLossBackward0>)",
7745,1.9469594955444336,9.94959831237793,0.0,0.058265216648578644,"tensor(0.4569, grad_fn=<MseLossBackward0>)",
7746,2.0810928344726562,10.710770606994629,0.0,0.06559798866510391,"tensor(0.4016, grad_fn=<MseLossBackward0>)",
7747,5.039807319641113,9.579137802124023,0.023163020610809326,0.1581396460533142,"tensor(0.4863, grad_fn=<MseLossBackward0>)",
7748,6.528307914733887,10.010544776916504,0.15593130886554718,0.09155280143022537,"tensor(0.2825, grad_fn=<MseLossBackward0>)",
7749,1.9055805206298828,9.818414688110352,0.0,0.06026185676455498,"tensor(0.3650, grad_fn=<MseLossBackward0>)",
7750,4.3316650390625,8.760326385498047,0.006070733070373535,0.15502916276454926,"tensor(0.2643, grad_fn=<MseLossBackward0>)",
7751,8.862653732299805,8.339866638183594,0.009182533249258995,0.3327822685241699,"tensor(0.2726, grad_fn=<MseLossBackward0>)",
7752,1.8262414932250977,9.607995986938477,0.016533970832824707,0.04540277272462845,"tensor(0.2158, grad_fn=<MseLossBackward0>)",
7753,1.6540179252624512,7.999730587005615,0.035310667008161545,0.019583217799663544,"tensor(0.2618, grad_fn=<MseLossBackward0>)",
7754,1.3669185638427734,8.813481330871582,0.0,0.033098261803388596,"tensor(0.5204, grad_fn=<MseLossBackward0>)",
7755,2.843233585357666,7.66939115524292,0.02097860909998417,0.07752881199121475,"tensor(0.3623, grad_fn=<MseLossBackward0>)",
7756,4.647502899169922,6.453067302703857,0.14894820749759674,0.02558845840394497,"tensor(0.2339, grad_fn=<MseLossBackward0>)",
7757,2.452385425567627,7.562264919281006,0.03365622088313103,0.05644240602850914,"tensor(0.1745, grad_fn=<MseLossBackward0>)",
7758,5.128374099731445,8.602095603942871,0.0916140228509903,0.10049805790185928,"tensor(0.2946, grad_fn=<MseLossBackward0>)",
7759,8.851362228393555,7.208275318145752,0.1999845802783966,0.1406472623348236,"tensor(0.3217, grad_fn=<MseLossBackward0>)",
7760,4.257516860961914,8.054095268249512,0.07192200422286987,0.07766465097665787,"tensor(0.5016, grad_fn=<MseLossBackward0>)",
7761,2.315305709838867,8.452923774719238,0.03382108733057976,0.04711528122425079,"tensor(0.2758, grad_fn=<MseLossBackward0>)",
7762,0.35454463958740234,9.724288940429688,0.0,0.003345490898936987,"tensor(0.2057, grad_fn=<MseLossBackward0>)",
7763,2.499314308166504,8.954545974731445,0.033318180590867996,0.05436555668711662,"tensor(0.2479, grad_fn=<MseLossBackward0>)",
7764,2.0266008377075195,10.18620491027832,0.008453826420009136,0.05499858036637306,"tensor(0.3350, grad_fn=<MseLossBackward0>)",
7765,6.251616477966309,9.411201477050781,0.11952290683984756,0.10896018147468567,"tensor(0.4498, grad_fn=<MseLossBackward0>)",
7766,5.054452896118164,7.512165069580078,0.1383809894323349,0.05437523126602173,"tensor(0.1941, grad_fn=<MseLossBackward0>)",
7767,3.2883248329162598,7.254179000854492,0.08024779707193375,0.037369780242443085,"tensor(0.3233, grad_fn=<MseLossBackward0>)",
7768,2.4930648803710938,9.008223533630371,0.0,0.0842934101819992,"tensor(0.3484, grad_fn=<MseLossBackward0>)",
7769,2.9039621353149414,9.00236701965332,0.0,0.09911808371543884,"tensor(0.3073, grad_fn=<MseLossBackward0>)",
7770,6.336695671081543,7.8470330238342285,0.0444193072617054,0.18809646368026733,"tensor(0.4462, grad_fn=<MseLossBackward0>)",
7771,2.1066741943359375,9.003902435302734,0.02822490595281124,0.03371477872133255,"tensor(0.4818, grad_fn=<MseLossBackward0>)",
7772,3.437835693359375,8.503130912780762,0.05163045600056648,0.06990116834640503,"tensor(0.3661, grad_fn=<MseLossBackward0>)",
7773,0.7957735061645508,8.560742378234863,0.0,0.021521737799048424,"tensor(0.2172, grad_fn=<MseLossBackward0>)",
7774,3.4428586959838867,9.546393394470215,0.0,0.12248264998197556,"tensor(0.3483, grad_fn=<MseLossBackward0>)",
7775,2.9038124084472656,9.477476119995117,0.012274901382625103,0.07976677268743515,"tensor(0.5414, grad_fn=<MseLossBackward0>)",
7776,4.574410438537598,9.385683059692383,0.03605111315846443,0.12689346075057983,"tensor(0.4191, grad_fn=<MseLossBackward0>)",
7777,1.6919527053833008,8.756505966186523,0.002206007717177272,0.051068201661109924,"tensor(0.3119, grad_fn=<MseLossBackward0>)",
7778,2.5220136642456055,9.566911697387695,0.042734283953905106,0.04167819768190384,"tensor(0.3660, grad_fn=<MseLossBackward0>)",
7779,1.2575092315673828,9.080254554748535,0.0020553667563945055,0.029176311567425728,"tensor(0.4321, grad_fn=<MseLossBackward0>)",
7780,5.630801200866699,9.21330738067627,0.0,0.21216252446174622,"tensor(0.2468, grad_fn=<MseLossBackward0>)",
7781,4.107695579528809,10.421298027038574,0.07177307456731796,0.06799465417861938,"tensor(0.5526, grad_fn=<MseLossBackward0>)",
7782,6.239230155944824,11.783629417419434,0.10716903209686279,0.12549510598182678,"tensor(0.3680, grad_fn=<MseLossBackward0>)",
7783,1.7033758163452148,10.551093101501465,0.0,0.051090776920318604,"tensor(0.3962, grad_fn=<MseLossBackward0>)",
7784,3.5651121139526367,10.018108367919922,0.02680724859237671,0.10089609026908875,"tensor(0.3373, grad_fn=<MseLossBackward0>)",
7785,4.788061141967773,11.019755363464355,0.008937199600040913,0.16747310757637024,"tensor(0.3608, grad_fn=<MseLossBackward0>)",
7786,1.8683700561523438,10.764036178588867,0.02559431456029415,0.035969190299510956,"tensor(0.3092, grad_fn=<MseLossBackward0>)",
7787,1.7210578918457031,9.19676685333252,0.028887808322906494,0.022048702463507652,"tensor(0.4097, grad_fn=<MseLossBackward0>)",
7788,5.411284446716309,9.036283493041992,0.07658491283655167,0.1298537701368332,"tensor(0.2350, grad_fn=<MseLossBackward0>)",
7789,2.4350738525390625,9.515003204345703,0.01936062052845955,0.05336538702249527,"tensor(0.6053, grad_fn=<MseLossBackward0>)",
7790,5.707218170166016,9.648616790771484,0.17041783034801483,0.04467363655567169,"tensor(0.3005, grad_fn=<MseLossBackward0>)",
7791,4.760235786437988,9.488726615905762,0.037687998265028,0.13596542179584503,"tensor(0.3986, grad_fn=<MseLossBackward0>)",
7792,4.605022430419922,11.061710357666016,0.08910459280014038,0.07764673978090286,"tensor(0.4113, grad_fn=<MseLossBackward0>)",
7793,4.723850250244141,10.310625076293945,0.033910274505615234,0.13276809453964233,"tensor(0.5370, grad_fn=<MseLossBackward0>)",
7794,3.4201698303222656,9.982325553894043,0.006354133132845163,0.10651223361492157,"tensor(0.5769, grad_fn=<MseLossBackward0>)",
7795,4.24050235748291,10.247196197509766,0.08277761936187744,0.06810623407363892,"tensor(0.4369, grad_fn=<MseLossBackward0>)",
7796,4.749225616455078,10.393452644348145,0.0,0.17854665219783783,"tensor(0.2464, grad_fn=<MseLossBackward0>)",
7797,1.4843950271606445,9.071246147155762,0.011506716720759869,0.03752875328063965,"tensor(0.2355, grad_fn=<MseLossBackward0>)",
7798,2.1129817962646484,8.92440414428711,0.0020731687545776367,0.07038700580596924,"tensor(0.2473, grad_fn=<MseLossBackward0>)",
7799,1.6739616394042969,9.877727508544922,0.0,0.050289761275053024,"tensor(0.3812, grad_fn=<MseLossBackward0>)",
7800,1.884068489074707,9.998677253723145,0.0,0.05161594599485397,"tensor(0.5195, grad_fn=<MseLossBackward0>)",
7801,3.509096145629883,9.709569931030273,0.03781038522720337,0.08905552327632904,"tensor(0.3148, grad_fn=<MseLossBackward0>)",
7802,8.604039192199707,8.737308502197266,0.07833594083786011,0.24974413216114044,"tensor(0.3862, grad_fn=<MseLossBackward0>)",
7803,1.218144416809082,9.46173095703125,0.0,0.031989697366952896,"tensor(0.3870, grad_fn=<MseLossBackward0>)",
7804,4.412300109863281,8.663254737854004,0.0,0.1613112986087799,"tensor(0.3564, grad_fn=<MseLossBackward0>)",
7805,2.2015938758850098,7.597742080688477,0.03370140120387077,0.03866603597998619,"tensor(0.3627, grad_fn=<MseLossBackward0>)",
7806,3.54665470123291,9.42717170715332,0.06041816622018814,0.07172198593616486,"tensor(0.2155, grad_fn=<MseLossBackward0>)",
7807,6.316072463989258,9.771183967590332,0.1111050620675087,0.12921084463596344,"tensor(0.2589, grad_fn=<MseLossBackward0>)",
7808,6.599377632141113,8.608259201049805,0.045863766223192215,0.20360299944877625,"tensor(0.3425, grad_fn=<MseLossBackward0>)",
7809,7.777325630187988,9.356191635131836,0.030637938529253006,0.2634132206439972,"tensor(0.4011, grad_fn=<MseLossBackward0>)",
7810,0.6633386611938477,8.392465591430664,0.0,0.01244796346873045,"tensor(0.3120, grad_fn=<MseLossBackward0>)",
7811,2.3230514526367188,8.396499633789062,0.037103038281202316,0.041110314428806305,"tensor(0.3440, grad_fn=<MseLossBackward0>)",
7812,1.8001618385314941,7.835659027099609,0.022447168827056885,0.040557168424129486,"tensor(0.1898, grad_fn=<MseLossBackward0>)",
7813,3.258504867553711,7.211891174316406,0.04775190353393555,0.06663618981838226,"tensor(0.3700, grad_fn=<MseLossBackward0>)",
7814,4.834436416625977,8.23491096496582,0.0,0.17991936206817627,"tensor(0.2946, grad_fn=<MseLossBackward0>)",
7815,3.776142120361328,7.248101234436035,0.09768954664468765,0.044097162783145905,"tensor(0.1721, grad_fn=<MseLossBackward0>)",
7816,1.9231181144714355,6.524796962738037,0.004237791057676077,0.05970991402864456,"tensor(0.2798, grad_fn=<MseLossBackward0>)",
7817,6.0091872215271,7.045983791351318,0.12405742704868317,0.10294920206069946,"tensor(0.2917, grad_fn=<MseLossBackward0>)",
7818,3.961760997772217,6.868503093719482,0.05536438897252083,0.08988090604543686,"tensor(0.2990, grad_fn=<MseLossBackward0>)",
7819,3.953136920928955,6.839881420135498,0.09468942880630493,0.05296852067112923,"tensor(0.2384, grad_fn=<MseLossBackward0>)",
7820,1.4695377349853516,6.858304023742676,0.018853962421417236,0.02300308272242546,"tensor(0.3917, grad_fn=<MseLossBackward0>)",
7821,4.232499122619629,8.241803169250488,0.04859602451324463,0.10942956060171127,"tensor(0.2446, grad_fn=<MseLossBackward0>)",
7822,6.619062423706055,7.035172939300537,0.06411319971084595,0.19070452451705933,"tensor(0.2062, grad_fn=<MseLossBackward0>)",
7823,3.816359043121338,6.690627574920654,0.13070350885391235,0.012606652453541756,"tensor(0.1936, grad_fn=<MseLossBackward0>)",
7824,3.4692296981811523,8.160978317260742,0.0,0.1238534152507782,"tensor(0.3289, grad_fn=<MseLossBackward0>)",
7825,3.2678794860839844,7.565793991088867,0.07973243296146393,0.03843306750059128,"tensor(0.2697, grad_fn=<MseLossBackward0>)",
7826,1.9022984504699707,7.699803829193115,0.03794229030609131,0.022985266521573067,"tensor(0.3355, grad_fn=<MseLossBackward0>)",
7827,5.284071922302246,8.811203002929688,0.1267690658569336,0.06532765924930573,"tensor(0.4407, grad_fn=<MseLossBackward0>)",
7828,3.290238380432129,8.75019645690918,0.004586935043334961,0.11026129126548767,"tensor(0.3801, grad_fn=<MseLossBackward0>)",
7829,4.095247745513916,7.8893561363220215,0.029483893886208534,0.12134796380996704,"tensor(0.2677, grad_fn=<MseLossBackward0>)",
7830,2.2165403366088867,10.369081497192383,0.0,0.07084285467863083,"tensor(0.4122, grad_fn=<MseLossBackward0>)",
7831,3.0319643020629883,8.129127502441406,0.05924421548843384,0.04280606657266617,"tensor(0.4338, grad_fn=<MseLossBackward0>)",
7832,2.906914710998535,8.464400291442871,0.03641553595662117,0.0649406835436821,"tensor(0.3351, grad_fn=<MseLossBackward0>)",
7833,5.1794538497924805,8.277129173278809,0.10878372192382812,0.08351752161979675,"tensor(0.2457, grad_fn=<MseLossBackward0>)",
7834,2.1668319702148438,10.517718315124512,0.0,0.07231731712818146,"tensor(0.3284, grad_fn=<MseLossBackward0>)",
7835,5.163061141967773,8.242144584655762,0.0,0.19122403860092163,"tensor(0.3629, grad_fn=<MseLossBackward0>)",
7836,5.88264274597168,8.175420761108398,0.06446945667266846,0.15173020958900452,"tensor(0.4430, grad_fn=<MseLossBackward0>)",
7837,4.638376235961914,8.619529724121094,0.07580482959747314,0.09881429374217987,"tensor(0.2459, grad_fn=<MseLossBackward0>)",
7838,6.158698081970215,8.594018936157227,0.08745578676462173,0.14088012278079987,"tensor(0.4051, grad_fn=<MseLossBackward0>)",
7839,3.8194923400878906,9.500310897827148,0.054315607994794846,0.0824805423617363,"tensor(0.3744, grad_fn=<MseLossBackward0>)",
7840,2.9849557876586914,8.10618782043457,0.07598114013671875,0.025526728481054306,"tensor(0.4273, grad_fn=<MseLossBackward0>)",
7841,3.525625705718994,7.893136501312256,0.03424251079559326,0.08949621021747589,"tensor(0.3789, grad_fn=<MseLossBackward0>)",
7842,2.6759719848632812,10.219727516174316,0.0,0.08889167755842209,"tensor(0.4297, grad_fn=<MseLossBackward0>)",
7843,3.1639747619628906,9.308263778686523,0.0282619409263134,0.09015218168497086,"tensor(0.1732, grad_fn=<MseLossBackward0>)",
7844,5.88156795501709,10.883146286010742,0.04687313362956047,0.17430748045444489,"tensor(0.3348, grad_fn=<MseLossBackward0>)",
7845,3.095107078552246,9.99507999420166,0.02463618852198124,0.08089958876371384,"tensor(0.4101, grad_fn=<MseLossBackward0>)",
7846,3.425339698791504,9.566393852233887,0.046917080879211426,0.06964728981256485,"tensor(0.4772, grad_fn=<MseLossBackward0>)",
7847,2.0935440063476562,10.356989860534668,0.0,0.06469685584306717,"tensor(0.4488, grad_fn=<MseLossBackward0>)",
7848,1.1918230056762695,9.933072090148926,0.0,0.035765308886766434,"tensor(0.2489, grad_fn=<MseLossBackward0>)",
7849,3.0983734130859375,10.623200416564941,0.0,0.11152713000774384,"tensor(0.2813, grad_fn=<MseLossBackward0>)",
7850,4.080705642700195,9.217475891113281,0.04246169328689575,0.11058872938156128,"tensor(0.2331, grad_fn=<MseLossBackward0>)",
7851,4.559903144836426,9.856599807739258,0.04957016184926033,0.11822505295276642,"tensor(0.3211, grad_fn=<MseLossBackward0>)",
7852,1.864720344543457,8.755800247192383,0.007177074905484915,0.049210891127586365,"tensor(0.4147, grad_fn=<MseLossBackward0>)",
7853,5.615710258483887,9.18077278137207,0.12935197353363037,0.07844465225934982,"tensor(0.3895, grad_fn=<MseLossBackward0>)",
7854,2.899661064147949,8.089938163757324,0.06879347562789917,0.03740127384662628,"tensor(0.1969, grad_fn=<MseLossBackward0>)",
7855,4.27200984954834,8.741025924682617,0.0017705162754282355,0.15636658668518066,"tensor(0.2930, grad_fn=<MseLossBackward0>)",
7856,1.8711223602294922,8.794108390808105,0.010467290878295898,0.04713492467999458,"tensor(0.3958, grad_fn=<MseLossBackward0>)",
7857,4.206236839294434,10.060491561889648,0.042672134935855865,0.11363101750612259,"tensor(0.2263, grad_fn=<MseLossBackward0>)",
7858,2.785205841064453,8.442386627197266,0.006329516414552927,0.09409946948289871,"tensor(0.2420, grad_fn=<MseLossBackward0>)",
7859,6.562297821044922,7.368643283843994,0.01025390625,0.23028719425201416,"tensor(0.4947, grad_fn=<MseLossBackward0>)",
7860,1.5073723793029785,7.677453517913818,0.028097650036215782,0.020891360938549042,"tensor(0.2437, grad_fn=<MseLossBackward0>)",
7861,2.331894874572754,8.099841117858887,0.013762255199253559,0.06681236624717712,"tensor(0.2773, grad_fn=<MseLossBackward0>)",
7862,10.6235990524292,9.915224075317383,0.23176804184913635,0.179727703332901,"tensor(0.3043, grad_fn=<MseLossBackward0>)",
7863,3.4792490005493164,8.266280174255371,0.015075604431331158,0.1122923493385315,"tensor(0.2695, grad_fn=<MseLossBackward0>)",
7864,2.6803665161132812,9.567338943481445,0.0,0.08569489419460297,"tensor(0.5168, grad_fn=<MseLossBackward0>)",
7865,9.289628028869629,8.081018447875977,0.036408066749572754,0.3187899589538574,"tensor(0.3830, grad_fn=<MseLossBackward0>)",
7866,1.8590402603149414,8.206134796142578,0.034632742404937744,0.026371194049715996,"tensor(0.3094, grad_fn=<MseLossBackward0>)",
7867,4.79873514175415,7.152307033538818,0.1362621933221817,0.0420999675989151,"tensor(0.3139, grad_fn=<MseLossBackward0>)",
7868,6.196060657501221,7.559209823608398,0.19962412118911743,0.03838352859020233,"tensor(0.2198, grad_fn=<MseLossBackward0>)",
7869,3.5800704956054688,7.1956610679626465,0.07065434753894806,0.061054620891809464,"tensor(0.2708, grad_fn=<MseLossBackward0>)",
7870,4.05013370513916,8.746652603149414,0.07982105016708374,0.06958878040313721,"tensor(0.2655, grad_fn=<MseLossBackward0>)",
7871,1.6356515884399414,8.359816551208496,0.018634676933288574,0.035999514162540436,"tensor(0.2507, grad_fn=<MseLossBackward0>)",
7872,7.943943023681641,8.533090591430664,0.11709310859441757,0.18678319454193115,"tensor(0.3229, grad_fn=<MseLossBackward0>)",
7873,8.5779447555542,9.924592018127441,0.023296436294913292,0.3049885332584381,"tensor(0.3411, grad_fn=<MseLossBackward0>)",
7874,4.108366012573242,8.962871551513672,0.026732265949249268,0.12157421559095383,"tensor(0.3759, grad_fn=<MseLossBackward0>)",
7875,7.125293731689453,9.946456909179688,0.16037386655807495,0.11188501119613647,"tensor(0.2858, grad_fn=<MseLossBackward0>)",
7876,2.795130729675293,7.762479782104492,0.04157509282231331,0.052907492965459824,"tensor(0.3978, grad_fn=<MseLossBackward0>)",
7877,3.5814085006713867,9.645724296569824,0.05343387648463249,0.07760365307331085,"tensor(0.2778, grad_fn=<MseLossBackward0>)",
7878,4.414438247680664,8.483915328979492,0.048445720225572586,0.11411377787590027,"tensor(0.3307, grad_fn=<MseLossBackward0>)",
7879,7.664788246154785,9.919730186462402,0.117414690554142,0.17594799399375916,"tensor(0.2866, grad_fn=<MseLossBackward0>)",
7880,3.63301944732666,8.372442245483398,0.04098508879542351,0.09567108750343323,"tensor(0.1720, grad_fn=<MseLossBackward0>)",
7881,4.733009338378906,8.15429973602295,0.0692930817604065,0.10505169630050659,"tensor(0.3304, grad_fn=<MseLossBackward0>)",
7882,2.890165328979492,8.580449104309082,0.0,0.10266559571027756,"tensor(0.2896, grad_fn=<MseLossBackward0>)",
7883,1.3209638595581055,8.867443084716797,0.02753523923456669,0.016099343076348305,"tensor(0.1844, grad_fn=<MseLossBackward0>)",
7884,6.418030738830566,8.217159271240234,0.01815342903137207,0.22900770604610443,"tensor(0.2140, grad_fn=<MseLossBackward0>)",
7885,3.244795799255371,8.207716941833496,0.04268735647201538,0.0735032856464386,"tensor(0.2605, grad_fn=<MseLossBackward0>)",
7886,1.8135027885437012,7.776594638824463,0.021879831328988075,0.0365256629884243,"tensor(0.3182, grad_fn=<MseLossBackward0>)",
7887,1.8656816482543945,8.054813385009766,0.0,0.06347543001174927,"tensor(0.2404, grad_fn=<MseLossBackward0>)",
7888,1.3727827072143555,8.285816192626953,0.0,0.04356779903173447,"tensor(0.2409, grad_fn=<MseLossBackward0>)",
7889,1.7990059852600098,8.031108856201172,0.0,0.062210407108068466,"tensor(0.1846, grad_fn=<MseLossBackward0>)",
7890,4.188856601715088,7.813794136047363,0.03204037621617317,0.12484771013259888,"tensor(0.2323, grad_fn=<MseLossBackward0>)",
7891,1.5535955429077148,8.320707321166992,0.0,0.054164156317710876,"tensor(0.1621, grad_fn=<MseLossBackward0>)",
7892,5.152883052825928,6.983092784881592,0.030498862266540527,0.16295450925827026,"tensor(0.2975, grad_fn=<MseLossBackward0>)",
7893,3.1169490814208984,8.39767074584961,0.0,0.10944193601608276,"tensor(0.3666, grad_fn=<MseLossBackward0>)",
7894,3.610363483428955,7.294487953186035,0.11584492027759552,0.015078185126185417,"tensor(0.3191, grad_fn=<MseLossBackward0>)",
7895,3.3830013275146484,7.624547481536865,0.08168268203735352,0.042611151933670044,"tensor(0.2550, grad_fn=<MseLossBackward0>)",
7896,2.2545032501220703,8.372611999511719,0.017360249534249306,0.0582389160990715,"tensor(0.3401, grad_fn=<MseLossBackward0>)",
7897,3.1429853439331055,9.100415229797363,0.09041084349155426,0.01833970844745636,"tensor(0.4087, grad_fn=<MseLossBackward0>)",
7898,1.8828134536743164,9.067632675170898,0.0185023732483387,0.049840230494737625,"tensor(0.1537, grad_fn=<MseLossBackward0>)",
7899,1.48175048828125,7.721032619476318,0.012354254722595215,0.030277259647846222,"tensor(0.3898, grad_fn=<MseLossBackward0>)",
7900,6.468109130859375,8.03056526184082,0.16091854870319366,0.08470405638217926,"tensor(0.3038, grad_fn=<MseLossBackward0>)",
7901,3.5626745223999023,8.613414764404297,0.05653158947825432,0.07347708195447922,"tensor(0.2751, grad_fn=<MseLossBackward0>)",
7902,2.3845558166503906,7.9361891746521,0.041514672338962555,0.03801022097468376,"tensor(0.3680, grad_fn=<MseLossBackward0>)",
7903,2.850717067718506,7.383815765380859,0.042518775910139084,0.05668819323182106,"tensor(0.3463, grad_fn=<MseLossBackward0>)",
7904,0.9951057434082031,10.445012092590332,0.0,0.018498815596103668,"tensor(0.4960, grad_fn=<MseLossBackward0>)",
7905,3.527181625366211,10.299964904785156,0.05953794717788696,0.06195807829499245,"tensor(0.4596, grad_fn=<MseLossBackward0>)",
7906,5.854199409484863,8.73535442352295,0.1204124316573143,0.09994850307703018,"tensor(0.3198, grad_fn=<MseLossBackward0>)",
7907,4.372767925262451,7.981441974639893,0.0,0.16264058649539948,"tensor(0.2650, grad_fn=<MseLossBackward0>)",
7908,3.011662483215332,9.52845573425293,0.03521245718002319,0.07350175082683563,"tensor(0.2586, grad_fn=<MseLossBackward0>)",
7909,1.5843210220336914,9.48372745513916,0.0,0.05072993040084839,"tensor(0.2794, grad_fn=<MseLossBackward0>)",
7910,3.221816062927246,9.715275764465332,0.012143611907958984,0.09995467960834503,"tensor(0.4000, grad_fn=<MseLossBackward0>)",
7911,8.454811096191406,8.494150161743164,0.0,0.31945163011550903,"tensor(0.4299, grad_fn=<MseLossBackward0>)",
7912,5.593709945678711,9.969347953796387,0.0,0.2092590630054474,"tensor(0.3257, grad_fn=<MseLossBackward0>)",
7913,1.6173782348632812,8.346331596374512,0.01460216473788023,0.0379653237760067,"tensor(0.2698, grad_fn=<MseLossBackward0>)",
7914,4.292750358581543,9.933701515197754,0.05589733645319939,0.09933973848819733,"tensor(0.3753, grad_fn=<MseLossBackward0>)",
7915,1.7732372283935547,8.777466773986816,0.0006056626443751156,0.053498078137636185,"tensor(0.3932, grad_fn=<MseLossBackward0>)",
7916,7.809314727783203,8.695927619934082,0.0205665435642004,0.2780463993549347,"tensor(0.3076, grad_fn=<MseLossBackward0>)",
7917,2.862673759460449,8.831485748291016,0.0,0.1003880500793457,"tensor(0.3206, grad_fn=<MseLossBackward0>)",
7918,4.979800224304199,9.652203559875488,0.08648186922073364,0.09598885476589203,"tensor(0.3964, grad_fn=<MseLossBackward0>)",
7919,3.1457414627075195,8.132156372070312,0.03460872173309326,0.08168502151966095,"tensor(0.1858, grad_fn=<MseLossBackward0>)",
7920,4.916169166564941,10.554585456848145,0.02331489324569702,0.16227872669696808,"tensor(0.2374, grad_fn=<MseLossBackward0>)",
7921,2.6507129669189453,9.045557022094727,0.06390251964330673,0.02904934249818325,"tensor(0.3063, grad_fn=<MseLossBackward0>)",
7922,6.147665023803711,8.269947052001953,0.1483694612979889,0.08180355280637741,"tensor(0.3659, grad_fn=<MseLossBackward0>)",
7923,3.366792678833008,9.115632057189941,0.10519695281982422,0.016226723790168762,"tensor(0.3177, grad_fn=<MseLossBackward0>)",
7924,3.340304374694824,8.024389266967773,0.07302942126989365,0.04190509393811226,"tensor(0.4136, grad_fn=<MseLossBackward0>)",
7925,3.107301712036133,8.792123794555664,0.03079678677022457,0.07726115733385086,"tensor(0.3582, grad_fn=<MseLossBackward0>)",
7926,3.386484146118164,7.777421951293945,0.06818600744009018,0.04870935156941414,"tensor(0.4325, grad_fn=<MseLossBackward0>)",
7927,2.627760410308838,7.592579364776611,0.04884558916091919,0.04842861369252205,"tensor(0.1716, grad_fn=<MseLossBackward0>)",
7928,1.488025188446045,7.506267070770264,0.0,0.05368206650018692,"tensor(0.1207, grad_fn=<MseLossBackward0>)",
7929,6.137794017791748,7.964098930358887,0.07872400432825089,0.15037600696086884,"tensor(0.3641, grad_fn=<MseLossBackward0>)",
7930,4.210559368133545,6.9483256340026855,0.09095857292413712,0.06538185477256775,"tensor(0.2550, grad_fn=<MseLossBackward0>)",
7931,5.35759162902832,7.9916672706604,0.017032066360116005,0.18318361043930054,"tensor(0.2986, grad_fn=<MseLossBackward0>)",
7932,0.9689254760742188,8.454804420471191,0.0,0.026413245126605034,"tensor(0.2621, grad_fn=<MseLossBackward0>)",
7933,3.12068510055542,7.391448497772217,0.05096687749028206,0.056765276938676834,"tensor(0.3776, grad_fn=<MseLossBackward0>)",
7934,3.400669574737549,7.071257591247559,0.0,0.12245628237724304,"tensor(0.2991, grad_fn=<MseLossBackward0>)",
7935,3.5795116424560547,8.140440940856934,0.0,0.13339614868164062,"tensor(0.2048, grad_fn=<MseLossBackward0>)",
7936,11.047919273376465,9.158745765686035,0.0,0.42653027176856995,"tensor(0.3372, grad_fn=<MseLossBackward0>)",
7937,4.6169586181640625,8.987337112426758,0.0,0.16852638125419617,"tensor(0.3606, grad_fn=<MseLossBackward0>)",
7938,2.436148166656494,7.394057750701904,0.029730936512351036,0.05628030002117157,"tensor(0.2591, grad_fn=<MseLossBackward0>)",
7939,5.724818229675293,8.277812004089355,0.0674087181687355,0.14744743704795837,"tensor(0.3170, grad_fn=<MseLossBackward0>)",
7940,2.6878957748413086,8.15078353881836,0.011312922462821007,0.08209501206874847,"tensor(0.3287, grad_fn=<MseLossBackward0>)",
7941,2.104435443878174,7.825606346130371,0.03789651393890381,0.02941145747900009,"tensor(0.3752, grad_fn=<MseLossBackward0>)",
7942,3.8632378578186035,7.810256004333496,0.06226484104990959,0.08343109488487244,"tensor(0.1977, grad_fn=<MseLossBackward0>)",
7943,1.8057231903076172,9.532323837280273,0.007452567107975483,0.045860495418310165,"tensor(0.4461, grad_fn=<MseLossBackward0>)",
7944,2.7385435104370117,8.60838794708252,0.0,0.09644246101379395,"tensor(0.2914, grad_fn=<MseLossBackward0>)",
7945,3.286799430847168,9.103240966796875,0.008916497230529785,0.11093977838754654,"tensor(0.2546, grad_fn=<MseLossBackward0>)",
7946,1.7668113708496094,10.23470401763916,0.0006980299949645996,0.05226324871182442,"tensor(0.4102, grad_fn=<MseLossBackward0>)",
7947,10.779175758361816,10.470149040222168,0.05867030471563339,0.3577091693878174,"tensor(0.3327, grad_fn=<MseLossBackward0>)",
7948,3.1554603576660156,8.37499713897705,0.04607566073536873,0.06543543189764023,"tensor(0.3217, grad_fn=<MseLossBackward0>)",
7949,5.7422637939453125,10.855698585510254,0.02474888227880001,0.1876528263092041,"tensor(0.3996, grad_fn=<MseLossBackward0>)",
7950,4.090700149536133,10.501344680786133,0.0,0.14922407269477844,"tensor(0.3373, grad_fn=<MseLossBackward0>)",
7951,3.357499122619629,10.753592491149902,0.0,0.11362119019031525,"tensor(0.4987, grad_fn=<MseLossBackward0>)",
7952,5.793004989624023,10.648313522338867,0.1416149139404297,0.07112281024456024,"tensor(0.4535, grad_fn=<MseLossBackward0>)",
7953,2.3568458557128906,9.550423622131348,0.024960318580269814,0.05422856658697128,"tensor(0.3505, grad_fn=<MseLossBackward0>)",
7954,2.6688194274902344,9.2987642288208,0.03226524591445923,0.06198756396770477,"tensor(0.2960, grad_fn=<MseLossBackward0>)",
7955,8.29973316192627,9.119507789611816,0.10119366645812988,0.2168624848127365,"tensor(0.3133, grad_fn=<MseLossBackward0>)",
7956,6.406069278717041,7.3653998374938965,0.08182690292596817,0.15672457218170166,"tensor(0.4259, grad_fn=<MseLossBackward0>)",
7957,3.473708152770996,9.688291549682617,0.0535004548728466,0.06455668061971664,"tensor(0.4770, grad_fn=<MseLossBackward0>)",
7958,2.147191047668457,9.372243881225586,0.03826745226979256,0.03429871425032616,"tensor(0.2932, grad_fn=<MseLossBackward0>)",
7959,5.363035202026367,8.823761940002441,0.0,0.1965506672859192,"tensor(0.4038, grad_fn=<MseLossBackward0>)",
7960,5.277438640594482,7.70568323135376,0.06709527969360352,0.1305595338344574,"tensor(0.2974, grad_fn=<MseLossBackward0>)",
7961,16.575841903686523,6.8318891525268555,0.09519288688898087,0.5554110407829285,"tensor(0.2851, grad_fn=<MseLossBackward0>)",
7962,3.579742431640625,8.883734703063965,0.08727429807186127,0.04443506896495819,"tensor(0.2567, grad_fn=<MseLossBackward0>)",
7963,2.0621633529663086,8.592967987060547,0.03564818575978279,0.03518196567893028,"tensor(0.2571, grad_fn=<MseLossBackward0>)",
7964,3.223574161529541,7.404015064239502,0.01988508366048336,0.09711617976427078,"tensor(0.2598, grad_fn=<MseLossBackward0>)",
7965,3.8680334091186523,8.03497314453125,0.02680693194270134,0.11443626135587692,"tensor(0.3182, grad_fn=<MseLossBackward0>)",
7966,4.2236328125,8.222100257873535,0.10338392108678818,0.05289525166153908,"tensor(0.2760, grad_fn=<MseLossBackward0>)",
7967,5.63059139251709,8.32191276550293,0.028381505981087685,0.18459218740463257,"tensor(0.2661, grad_fn=<MseLossBackward0>)",
7968,5.49796724319458,7.535618305206299,0.07269321382045746,0.13482330739498138,"tensor(0.2742, grad_fn=<MseLossBackward0>)",
7969,3.2384533882141113,7.701155662536621,0.024893661960959435,0.09133628010749817,"tensor(0.2926, grad_fn=<MseLossBackward0>)",
7970,2.1053266525268555,8.290406227111816,0.03264353796839714,0.04048054292798042,"tensor(0.2457, grad_fn=<MseLossBackward0>)",
7971,5.851141929626465,8.314835548400879,0.05443618819117546,0.17096000909805298,"tensor(0.1838, grad_fn=<MseLossBackward0>)",
7972,2.8025035858154297,9.66642951965332,0.00855875015258789,0.09200433641672134,"tensor(0.2571, grad_fn=<MseLossBackward0>)",
7973,3.422419548034668,6.605296611785889,0.06848720461130142,0.04923395439982414,"tensor(0.4557, grad_fn=<MseLossBackward0>)",
7974,5.101231575012207,8.802702903747559,0.04287278652191162,0.14944960176944733,"tensor(0.2661, grad_fn=<MseLossBackward0>)",
7975,4.566240310668945,8.221108436584473,0.0,0.17059963941574097,"tensor(0.2790, grad_fn=<MseLossBackward0>)",
7976,3.2883787155151367,8.181783676147461,0.0320572666823864,0.0868915319442749,"tensor(0.2841, grad_fn=<MseLossBackward0>)",
7977,3.7760276794433594,7.6475396156311035,0.05619047209620476,0.08473359048366547,"tensor(0.2101, grad_fn=<MseLossBackward0>)",
7978,7.233480453491211,9.424818992614746,0.07380366325378418,0.19905757904052734,"tensor(0.3723, grad_fn=<MseLossBackward0>)",
7979,1.096031665802002,8.024578094482422,0.004613915923982859,0.023688996210694313,"tensor(0.3625, grad_fn=<MseLossBackward0>)",
7980,3.965583324432373,7.486352920532227,0.052489619702100754,0.09541235864162445,"tensor(0.2314, grad_fn=<MseLossBackward0>)",
7981,4.76335334777832,8.244607925415039,0.0751054510474205,0.10499504208564758,"tensor(0.2430, grad_fn=<MseLossBackward0>)",
7982,4.750087261199951,7.019784927368164,0.16550499200820923,0.017480872571468353,"tensor(0.1592, grad_fn=<MseLossBackward0>)",
7983,5.747991561889648,8.914331436157227,0.09872104972600937,0.11886832863092422,"tensor(0.2792, grad_fn=<MseLossBackward0>)",
7984,4.401505470275879,8.492300987243652,0.11555981636047363,0.05167185515165329,"tensor(0.1891, grad_fn=<MseLossBackward0>)",
7985,7.796276569366455,7.450738906860352,0.026316165924072266,0.269478440284729,"tensor(0.3387, grad_fn=<MseLossBackward0>)",
7986,1.7059192657470703,7.976473808288574,0.023402532562613487,0.034435562789440155,"tensor(0.2363, grad_fn=<MseLossBackward0>)",
7987,3.827395439147949,7.781550407409668,0.05719141289591789,0.07978595793247223,"tensor(0.3796, grad_fn=<MseLossBackward0>)",
7988,4.31704044342041,7.387780666351318,0.07176941633224487,0.08580105751752853,"tensor(0.3319, grad_fn=<MseLossBackward0>)",
7989,3.5446434020996094,6.562265872955322,0.10979320853948593,0.02151903323829174,"tensor(0.1927, grad_fn=<MseLossBackward0>)",
7990,1.8871550559997559,7.770544528961182,0.0072806477546691895,0.05683126300573349,"tensor(0.2447, grad_fn=<MseLossBackward0>)",
7991,5.128589630126953,6.79498815536499,0.10061673074960709,0.08870293945074081,"tensor(0.3731, grad_fn=<MseLossBackward0>)",
7992,4.0841474533081055,8.329580307006836,0.0,0.1512322574853897,"tensor(0.2069, grad_fn=<MseLossBackward0>)",
7993,1.6796836853027344,7.974964141845703,0.019047638401389122,0.03599415346980095,"tensor(0.2617, grad_fn=<MseLossBackward0>)",
7994,6.647850513458252,7.126002311706543,0.1171860322356224,0.1371261477470398,"tensor(0.2573, grad_fn=<MseLossBackward0>)",
7995,8.360133171081543,8.330206871032715,0.07038527727127075,0.24985599517822266,"tensor(0.3041, grad_fn=<MseLossBackward0>)",
7996,1.799614429473877,8.04664421081543,0.0,0.048017293214797974,"tensor(0.5313, grad_fn=<MseLossBackward0>)",
7997,3.002729892730713,7.649005889892578,0.039326708763837814,0.0617092028260231,"tensor(0.4529, grad_fn=<MseLossBackward0>)",
7998,7.460076332092285,8.794468879699707,0.08275270462036133,0.19707052409648895,"tensor(0.3986, grad_fn=<MseLossBackward0>)",
7999,10.089314460754395,8.633170127868652,0.15940378606319427,0.2348935902118683,"tensor(0.2056, grad_fn=<MseLossBackward0>)",
8000,11.068046569824219,8.410674095153809,0.0,0.4255744218826294,"tensor(0.3970, grad_fn=<MseLossBackward0>)","[1.093787431716919, 1.1211044788360596, 1.1520715951919556]"
